agency_id,doc_kind,functions,ice_signed,agency_signed,ice_listed_as,date_evidence,confidence,file,file_hash,agency_named,notes
,not an MOA,,,,,not found,high,287gmorristownnj.pdf,c9ebb0ba3e4c47d9fd480af5cb3375e12dc0d3d7ec8ac876c3705d06b1c7fddd,Town of Morristown,5 pp: law-firm cover letter (Mar 2007) forwarding Mayor Cresitello's 287(g) request letter (Feb 28 2007) and ICE reply saying FY2007 287(g) funding exhausted; no agreement signed
,not an MOA,,,,,not found,high,moucookcountystatesattorneysoffice.pdf,8ca94bf10618637df7f2d713788ebffbf81dca0b174496ed64b79a38df1b5556,Cook County State's Attorney's Office,"Treasury Forfeiture Fund reimbursement MOU with ICE SAC Chicago (joint operations expenses), not a 287(g) agreement; no 287(g) dates recorded"
AL-colbert-county-sheriff-office,MOA,jail,2025-05-08,2025-05-02,,handwritten read from image,high,ColbertCoSheriffsOfficeAL_JEM_MOA_05.08.2025.pdf,70d80bb6106a8abc84683d608d3833604f20953e985b41ab3bf2ae845c7bcb09,Colbert County Sheriff's Office,p7; Sheriff Eric Balentine; ICE Todd Lyons Acting Director; filename 05.08.2025
AL-department-of-public-safety,MOA,task force,2003-08-28,2003-09-10,,handwritten read from image,med,stateofalabamadepartmentofpublicsafety.pdf,6ce55cac4ec9b5e5ef45559998112cdc5ced76639ed008179fed9dfbe1e860c4,Alabama Department of Public Safety,MOU (2003); BICE Acting Asst Sec 8-28-03; BTS Under Secretary (Hutchinson) 9/10/03; Governor and DPS Director 9/10/03; state troopers; p8; LE sensitive marking partly redacted
AL-department-of-public-safety,MOA,task force,2009-10-15,2009-10-09,,stamp read from image,high,r_287galabamadepartmentofpublicsafety101609.pdf,c30081e82bde9bb2b47ce98009d55a26a45e10c1ff5cfddc59170d95334def12,Alabama Department of Public Safety,"2009 re-signed standard MOA; ICE stamp OCT 15 2009 (Morton); Gov. Bob Riley 10/9/09, Col. J. Christopher Murphy 10-9-09; p11; linked 2003-09-10 is the original agreement"
AL-etowah-county-sheriff-office,unreadable,,,,,not found,low,287gJEM_EtowahCoAl2016_06_18_20240418_b3301d04c524.pdf,b3301d04c524eaa4935e0484e90058ddee223c86ba33d25a4e94b39b12f0b968,,"file truncated at exactly 1 MiB (1048576 bytes), no xref/trailer, poppler cannot open; filename suggests Etowah JEM 2016-06-18"
AL-etowah-county-sheriff-office,renewal MOA,jail,,,,not found,high,r_287getowah100509.pdf,23a03709c184ce3a7bc8f4f0efe9de515ece1b345d2527358764f61a0391b216,Etowah County Sheriff's Office,"p11 signature block blank (Morton / Sheriff Todd Entrekin unsigned, undated); 2009 standardized MOA, Detention model; unsigned copy, filename 100509; linked row 2008-07-08 is the original agreement"
AL-etowah-county-sheriff-office,MOA,jail,2013-06-28,2013-06-13,,stamp read from image (ICE); handwritten (LEA),high,r_287getowah.pdf,bb85ef0ae060ad8acc5d5abd4e4daed968a1c19304e42e05853574f307f0d5e0,Etowah County Sheriff's Office,"scanned; Morton struck, Homan typed; stamp JUN 28 (year faint, zoomed); sheriff redacted 6/13/13; p10"
AL-etowah-county-sheriff-office,MOA,jail,2016-06-08,2016-04-21,,stamp read from image,high,287gJEM_EtowahCoAl2016_06_18_20200327_e0b1155fe6e6.pdf,e0b1155fe6e6b49d6c702d61f673b3c2af3e30b6c530b18240551d50a86819c9,Etowah County Sheriff's Office,"ICE stamp JUN 8 2016 (Thomas D. Homan); Sheriff Todd Entrekin handwritten, could read 4/2/2016; p12; filename date 2016-06-18 is wrong"
AL-etowah-county-sheriff-office,addendum,jail,2019-05-01,2019-05-14,,handwritten read from image,high,287gJEM_EtowahCoAl2016_06_18_20200327_e0b1155fe6e6.pdf,e0b1155fe6e6b49d6c702d61f673b3c2af3e30b6c530b18240551d50a86819c9,Etowah County Sheriff's Office,"p1 addendum extending MOA effective June 8 2016 to June 30 2020; C.M. Cronen (ICE), Sheriff Jonathon Horton"
AL-lauderdale-county-sheriff-office,MOA,jail,2025-06-12,2025-06-09,,typed text,high,LauderdaleCoSheriffsOfficeAL_JEM_MOA_06122025.pdf,451ec6baa308bfee57c90672bed69e90d45ab3825ba8458f04452464b16a6eb9,"Lauderdale County, AL Sheriff's Office",p7; ICE Madison Sheahan (typed date); Sheriff Joe Hamilton handwritten 6-9-25; 2025 JEM template (Revised 02/15/2025)
AL-marion-county-sheriff-office,MOA,task force,2025-06-12,2025-05-29,,typed text,high,MarionCoSheriffsOfficeAL_TFM_MOA_06122025.pdf,23a39ad6f5851fdc329286d062cd53d244b87df583de1761332bbfb0be2096ce,Marion County Sheriff's Office,p9; ICE Madison Sheahan (Acting Deputy Director) typed 6/12/2025; Sheriff Kevin Williams digital signature 2025-05-29
AL-marion-county-sheriff-office,MOA,jail,2025-07-23,2025-06-05,,typed text,high,MarionCoSheriffsOfficeAL_JEM_MOA_07232025.pdf,30c892e74355b355a2292ad5052f1592808d5edfe9c9df36218e24eb2d79d201,Marion County Sheriff's Office,ICE Deputy Director Madison Sheahan; Sheriff Kevin Williams; p7; filename 07232025 matches ICE date
AR-baxter-county-sheriff-office,MOA,task force,2025-07-15,2025-07-11,,typed text,high,BaxterCoSheriffsOfficeAR_TFM_MOA_07152025.pdf,0d8184f749511a3b909513a1d9b4dd1d3ecd2d56322ad5928d89542131e46302,"Baxter County, AR Sheriff's Office",p9; ICE Deputy Director Madison Sheahan typed date; Sheriff John Montgomery handwritten 7-11-25; 2025 TFM template
AR-benton-county-sheriff-office,renewal MOA,jail; task force,,2009-10-08,,handwritten read from image,high,r_287gbenton100809.pdf,debf5b3a41cced5f1bf899651ba40cf3db7479afd7ca40fc453b56121f87b836,Benton County Sheriff's Office,p11; ICE (John Morton) block UNSIGNED and undated; Sheriff Keith Ferguson 10/08/09; TFO and Detention models; linked rows 2007-09-26 are the originals
AR-benton-county-sheriff-office,MOA,task force,2007-09-20,2007-09-26,,handwritten read from image,high,bentoncountyarkansassheriffsoffice.pdf,f763766cc077ef47d3342a8b1e24b53035df097b85e94aca2e1b819c90e681bd,Benton County Sheriff's Office,p10; ICE Julie Myers 9/20/07; Sheriff Keith Ferguson 09/26/07 (after ICE)
AR-benton-county-sheriff-office,renewal MOA,jail; task force,2009-10-15,2009-10-08,,stamp read from image,high,r_287gbentoncounty.pdf,cae61c2c5580940ebf03018bf507d34c0ddf9b104e9006a15f64aa0bd11da2a7,Benton County Sheriff's Office,"p11; 2009 revised MOA; ICE Morton stamp OCT 15 2009; Sheriff Keith Ferguson 10/08/09; TFO and Detention; linked rows 2013-06-28 and 2016-06-13 are later renewals, not this document"
AR-craighead-county-sheriff-office,MOA,jail,2019-02-28,2019-02-05,,handwritten read from image,high,craigheadCountyAR_MOA_02282019.pdf,ad54f5e1f34700115652d934c311391ef92c7327db1f3f67873f324b624f099d,Craighead County Sheriff's Office,"p10; AD Cronen 2-28-2019; Sheriff Marty Boyd 2/5/19; term still ends June 30, 2019"
AR-rogers-police-department,MOA,task force,2007-09-20,2007-09-25,,handwritten read from image,high,rogersarkansaspolicedepartment.pdf,a01cc67f0999424f1709f58b42fffe9a35987dcd61fab1ccac5181e1f629930a,City of Rogers Police Department,p9; ICE Julie Myers 9/20/07 (signed first); Mayor Steve Womack 25 Sep 07; Chief Stephen Helms 9-25-07; no linked row
AR-rogers-police-department,renewal MOA,task force,2009-10-15,2009-10-06,,stamp read from image,high,r_287grogerspd101509.pdf,bfc23af664ac49c1ecb08c356252d85a44e54bf79bd06f3bdcb11771fae79e5a,Rogers Police Department,p11; ICE Morton stamp OCT 15 2009; Mayor Steve Womack 10/6/09 and Chief Steve Hamilton 10/06/09; linked row 2007-09-25 is the original
AR-springdale-police-department,MOA,task force,2007-09-20,2007-09-26,,handwritten read from image,high,springdalearkansaspolicedepartment.pdf,a27def356348e23eb142bf245939fc0a971307dd52195ab22e7477b2b361da50,"City of Springdale, Arkansas (Springdale Police Department)",p8; ICE Myers 9/20/07; Mayor Jerre M. Van Hoose and Chief Kathy O Kelley 9/26/07; ICE signed first; task force officers
AR-springdale-police-department,renewal MOA,task force,2009-10-15,2009-10-14,,stamp read from image,high,r_287gspringdalepd101509.pdf,e740749081f1a8f4a1985ac7df929e0056b9550f16a4264a48bf0eaf6feb5720,Springdale Police Department,p11; ICE Morton stamp OCT 15 2009; Mayor Doug Sprouse and Chief Kathy O'Kelley 10-14-09; linked row 2007-09-26 is the original
AR-washington-county-sheriff-office,MOA,jail; task force,,2009-10-07,,not found,high,r_287gwashingtonso100909.pdf,df05da5850153863399fb419829d7cc4b7192229c121908f1e0e145de4025581,Washington County Sheriff's Office,Oct 2009 re-signing; ICE block (John Morton) UNSIGNED and undated; Sheriff Tim Helder 10/7/2009; linked rows 2007-09-26 are original; p10
AR-washington-county-sheriff-office,MOA,task force,2007-09-20,2007-09-26,,handwritten read from image,high,washingtoncountyarkansassheriffsoffice.pdf,0f77c02b6ac71f6c06dda2614a9300a5287ee38756ae6884982d2ffa5faed486,Washington County Sheriff's Office,p8; ICE Myers 9/20/07; County Judge Jerry Hunton and Sheriff Tim Helder 9/26/07; extra handwritten 9-30-07 below; ICE signed first; task force officers
AR-washington-county-sheriff-office,renewal MOA,jail,2013-07-03,2013-06-26,,handwritten read from image,med,r_287gwashingtonso.pdf,a78835898bc0dfd3a724e8af9315af39312465a715690476912aff38cb32a43d,Washington County Sheriff's Office,"scanned, no text layer; p10; ICE EAD Homan 7/3/13; Sheriff Tim Helder 7/2/13; extra signature below dated 6-26-13 (unlabeled); JEO"
AR-washington-county-sheriff-office,MOA,jail,2016-06-23,2016-06-17,,stamp read from image,high,287gJEM_WashingtonCoAr2016-06-23.pdf,333adb43fcaa003b17a6747116a2100e60f339c1abc33a4321134df519aa67db,Washington County Sheriff's Office,ICE stamp JUN 23 2016 (Homan); Sheriff Tim Helder 6/17/16; p12
AR-washington-county-sheriff-office,addendum,jail,2019-05-02,2019-05-20,,handwritten read from image,high,287gJEM_WashingtonCoAr2016-06-23.pdf,333adb43fcaa003b17a6747116a2100e60f339c1abc33a4321134df519aa67db,Washington County Sheriff's Office,p1 addendum to June 30 2020; Cronen 5-2-2019 / Helder 5/20/2019
AZ-department-of-correction,MOA,jail,2005-09-19,2005-09-16,,handwritten read from image,high,arizonadepartmentofcorrections.pdf,2da1f40befa9a90c68564bbaf1c34af2ee93823db773ba344d4e235225063556,Arizona Department of Corrections,"9-page MOU (not MOA), faxed; p9; ICE Acting Asst Sec John P. Clark 9-19-05; DHS BTS Acting Under Sec Randy Beardsworth 9/19/05; ADOC Director Dora Schriro September 16, 2005; corrections (prison) functions"
AZ-department-of-correction,renewal MOA,jail,2009-10-15,2009-10-14,,stamp read from image,high,r_287gazdeptofcorrections101509.pdf,e4c927b29f74c8d30e60480ddd9611a43573406fb61e1170ea6b3086668083d7,Arizona Department of Corrections,"p11; 2009 standardized MOA, Detention model; ICE John Morton stamp OCT 15 2009; Director Charles L. Ryan 10.14.09; linked row 2005-09-16 is the original agreement"
AZ-department-of-correction,MOA,jail,2013-09-26,2013-09-17,,handwritten read from image,high,r_287gazdeptofcorrections.pdf,beb586af66bfe067641b7027ff8104b57acc9482131ea3166ad3f5a026384701,Arizona Department of Corrections,scanned; EAD Homan 9/26/13; Director Charles L. Ryan 9.17.13; p10
AZ-department-of-correction,MOA,jail,2016-06-08,2016-05-25,,stamp read from image,high,287gJEM_ArizonaDepartmentofCorrectionsAZ2016-06-08.pdf,5ee2cc0cd0e82f75d0393b167861542629de72f1fb485252b90eed7ca37775dd,Arizona Department of Corrections,"ICE stamp JUN 8 2016 (Homan); Director Charles L. Ryan 5.25.16; p12; linked row says 2013-09-26, the addendum also cites MOA effective June 8 2016"
AZ-department-of-correction,addendum,jail,2019-05-01,2019-05-09,,handwritten read from image,high,287gJEM_ArizonaDepartmentofCorrectionsAZ2016-06-08.pdf,5ee2cc0cd0e82f75d0393b167861542629de72f1fb485252b90eed7ca37775dd,Arizona Department of Corrections,p1 addendum to June 30 2020; Cronen / Ryan
AZ-department-of-public-safety,MOA,jail; task force,2007-07-24,2007-08-15,2007-04-15,handwritten read from image,high,arizonadepartmentofpublicsafety.pdf,6d2af8e4ad36e3060370ce69e9701d1bc9bc9c785447c3f23d4f99c0fad70007,Arizona Department of Public Safety,"scanned, no text layer; p9; ICE Asst Sec Julie L. Myers 7/24/07; DPS Director Roger Vanderpool signed by deputy 8/15/07; AAG approved 8/13/07; ICE signed before DPS; LEA and detention officers"
AZ-department-of-public-safety,renewal MOA,jail; task force,2009-10-15,2009-10-07,,stamp read from image,high,r_287garizonadeptpublicsafety101809.pdf,755779f9f36d11e27b867dbaf4d867bd5374ba23fa196a49cd52fa241e609037,Arizona Department of Public Safety,p11; 2009 revised MOA; ICE Asst Sec John Morton stamp OCT 15 2009; for Director Roger Vanderpool 10/8/09; AAG 10/7/09; TFO and Detention models; linked rows say 2007-04-15
AZ-florence-police-department,MOA,jail; task force,2009-10-21,2009-10-19,,stamp read from image,high,r_287gflorencepd102109.pdf,cf9b63d099bd97516becd47c2e384c3e66f2e5c1b1e554a141477d2189ec4264,Florence Police Department (Town of Florence),ICE stamp OCT 21 2009 (Morton); Mayor Vicki Kilvinger 10/19/09; clerk attest and town attorney undated; p12; Appendix D has TFO and detention models
AZ-maricopa-county-sheriff-office,MOA,jail; task force,2007-02-24,2007-01-19,,handwritten read from image,med,maricopacounty.pdf,d1e26bcd3bb65c8c0cd81985cf3163f0612789dd777d4c399954b147124a9312,Maricopa County Sheriff's Office,"335-pp FOIA release, MOA on pp2-17 (rest is FOIA material); p11: ICE Julie Myers 2/24/07; Sheriff Joe Arpaio Jan 19 2007; p12 (10A): County Attorney 1-25-07, Board chairman and clerk 2-7-07; linked row 2007-02-07 is the Board date"
AZ-maricopa-county-sheriff-office,renewal MOA,jail,2009-10-15,2009-09-30,,stamp read from image,high,r_287gmaricopacountyso102609.pdf,4ea32a9cc2f711fa093ea74af9963d0b275a38da7ea1187234dd6f4b0a4aeaa4,Maricopa County Sheriff's Office,"p11; 2009 standardized MOA, Detention model only; ICE Morton stamp OCT 15 2009; Sheriff Joe Arpaio Sept 30 2009; Deputy County Attorney Oct 2 2009; Board chairman and clerk Oct 26 2009 (after ICE); linked row 2007-02-07 is the 2007 agreement"
AZ-mesa-police-department,renewal MOA,jail; task force,2009-11-19,2009-11-05,,stamp read from image,high,r_287gmesapolicedept.pdf,3b1680d06690ce51e65e42a6cab37bea4fbc1a96ca026aeeb103828ae07ccfe3,Mesa Police Department,"p11; ICE Morton stamp NOV 19 2009; Interim Chief Vicki Myers Nov. 5, 2009; TFO and Detention models"
AZ-mesa-police-department,MOA,jail,2016-06-23,2016-06-15,,stamp read from image,high,287gJEM_MesaPoliceDeparmentAz2016-06-23.pdf,cb14112e5b6653c61398428fe662d35214b1c51b6434ced69e33d59889b671b3,City of Mesa Police Department,p12; ICE EAD Homan stamp JUN 23 2016; signed for Chief John Meza by an assistant chief 06/15/16
AZ-mesa-police-department,addendum,jail,2019-05-01,2019-05-18,,handwritten read from image,high,287gJEM_MesaPoliceDeparmentAz2016-06-23.pdf,cb14112e5b6653c61398428fe662d35214b1c51b6434ced69e33d59889b671b3,Mesa Police Department,p1; 2019 extension addendum; ICE Cronen 5-1-2019; Chief Ramon Batista 5-18-19
AZ-phoenix-police-department,MOA,task force,2008-03-10,2008-02-21,,handwritten read from image,high,phoenixpolicedepartment.pdf,17b1cb965d2b6d27b5ab45a1840518cac0d0d162720d09ef3d5de22d75fa7b47,Phoenix Police Department (City of Phoenix),"p11; ICE Asst Sec Myers 3/10/08; Public Safety Manager Jack F. Harris 2-26-08; City Clerk 2/29/08; acting City Attorney 2/21/08; task force units (IIMPACT, Gun Squad)"
AZ-phoenix-police-department,renewal MOA,jail; task force,2009-10-15,,,stamp read from image,high,r_287gphoenixpd101509.pdf,93f75382392b81f4e74a941378d61c0cd7b9e8be2036a5b528f2339dbd745b55,Phoenix Police Department,p11; 2009 revised MOA; ICE Morton stamp OCT 15 2009; Chief of Police signature with blank date; approved as to form by acting City Attorney; TFO and Detention; linked rows 2008-03-10 (the 2008 MOA is 17b1cb96)
AZ-pima-county-sheriff-office,MOA,jail; task force,2008-03-10,2008-02-25,,handwritten read from image,high,pimacountysheriffsoffice.pdf,c178aa739c051ac42f065eb8b95555f8a8a9341b7c9b22e32b0afa6e104999c5,Pima County Sheriff's Department,"scanned; Asst Sec Myers 3/10/08; Sheriff Clarence Dupnik, Deputy County Atty, County Admin C.H. Huckelberry all 2/25/08; p11; original 2008 MOA (linked 2008-03-10 rows point at Oct 2009 re-signing e93f21d9 instead)"
AZ-pima-county-sheriff-office,MOA,jail; task force,2009-10-15,2009-10-01,,stamp read from image (ICE); handwritten (LEA),high,r_287gpimacounty101509.pdf,e93f21d9f220bbff898109699cd03090f92f4b61d2c183c8d3398c87cd57391b,Pima County Sheriff's Department,"Oct 2009 re-signed MOA; Morton; Bureau Chief Richard J. Kastigar October 1, 2009; linked rows 2008-03-10 are original (c178aa73); p11"
AZ-pinal-county-sheriff-office,MOA,jail; task force,2008-03-10,2008-02-29,,handwritten read from image,med,pinalcountysheriffsoffice.pdf,ad0f54f4f3c1ada525a7f0247bce5df1a695317e6d0e35aaa2304fe30a9e7293,Pinal County Sheriff's Office,p11 (scanned); ICE Julie Myers 3/10/08; Sheriff Christopher Vasquez signed undated; County Manager 02/29/08 (attested by Clerk); County Attorney line blank
AZ-pinal-county-sheriff-office,MOA,jail; task force,2009-10-15,2009-10-01,,stamp read from image,high,r_287gpinalcountyso101509.pdf,43d568817f5200898bbeceb2c1b13525019a800d9e0d063e047739427ff41668,Pinal County Sheriff's Office,"p11; Morton stamp OCT 15 (year obscured, 2009 per filename); Sheriff Paul Babeu 10/1/09; Board chair David Snider 10/7/09; TFO and Detention models; linked JEM+JTF 2008-03-10 are the original"
AZ-pinal-county-sheriff-office,renewal MOA,jail,2013-06-28,2013-06-28,,stamp read from image,med,r_287gpinalcountyso.pdf,9558b94b72af1d5329fe6dcf085db9d97e70ea0b78d07ed8b649258139437d0f,Pinal County Sheriff's Office,p10 (scanned); 2013 renewal to June 30 2016; ICE Homan stamp JUN 28 2013; Sheriff (redacted) 6/28/13 (day partly obscured)
AZ-pinal-county-sheriff-office,MOA,jail,2016-06-13,2016-05-23,,stamp read from image,high,287gJEM_PinalCoAz2016-06-13.pdf,30a477e5dfb4ba1455ec8723b8f8201c0e8c69aa15fdcebfd6122ca696e9e2d6,Pinal County Sheriff's Office,ICE stamp JUN 13 2016 (Homan); Sheriff Paul Babeu 5/23/16; p12
AZ-pinal-county-sheriff-office,addendum,jail,2019-05-01,2019-05-09,,handwritten read from image,high,287gJEM_PinalCoAz2016-06-13.pdf,30a477e5dfb4ba1455ec8723b8f8201c0e8c69aa15fdcebfd6122ca696e9e2d6,Pinal County Sheriff's Office,p1 addendum to June 30 2020; Cronen / Sheriff Mark Lamb
AZ-yavapai-county-sheriff-office,MOA,jail; task force,2008-03-10,2008-02-20,,handwritten read from image,high,yavapaicountysheriffsoffice.pdf,d6259543ac151698be9f7ef4109d981bce62bbe3cbbbf25e701e055f34525103,Yavapai County Sheriff's Office,p11 (scanned); ICE Julie Myers 3/10/08; Sheriff Steve Waugh 2-20-08; Deputy County Attorney Jack Fields Feb 20 2008; Board chairman Carol Springer 2-27-08; no linked row
AZ-yavapai-county-sheriff-office,MOA,jail; task force,2009-10-15,2009-10-01,,stamp read from image (ICE); handwritten (LEA),high,r_287gyavapaicityso101509.pdf,7967e71ae965da5256502297e826b0ebc5d6f24f2a3fa73af6550a5ba450b62e,Yavapai County Sheriff's Office,Oct 2009 re-signed MOA; Morton; Sheriff 10-5-09; Deputy County Atty 10/1/09; Board chair 10/01/09; linked rows 2008-03-10 are original; p10; filename says yavapaicity
AZ-yavapai-county-sheriff-office,renewal MOA,jail,2013-08-15,2013-07-01,,handwritten read from image,high,r_287gyavapaicityso.pdf,aa0dbf2c5d2dd08e5fb77f7e86332c3034521df29083eb8bd11253acb80ad7ad,Yavapai County Sheriff's Office,p11; ICE EAD Homan 8-15-13; Sheriff Scott Mascher 7/1?/13 (day obscured); County Attorney Sheila Polk 7/11/13; BoS chair Chip Davis 7/1/13
AZ-yavapai-county-sheriff-office,MOA,jail,2016-06-08,2016-05-25,,stamp read from image,high,287gJEM_YavapaiCoAz2016-06-08.pdf,9f80456a646c8064fd2e0551588084cfe1f88ef9e56aeb5d8a1ec34e0e721d06,Yavapai County Sheriff's Office,p12; ICE EAD Thomas D. Homan stamp JUN 8 2016 (partly under signature); Sheriff Mascher 5.25.16 (possibly 5.26)
AZ-yavapai-county-sheriff-office,addendum,jail,2019-05-01,2019-05-09,,handwritten read from image,high,287gJEM_YavapaiCoAz2016-06-08.pdf,9f80456a646c8064fd2e0551588084cfe1f88ef9e56aeb5d8a1ec34e0e721d06,Yavapai County Sheriff's Office,p1; 2019 extension addendum; ICE Cronen 5-1-2019; Sheriff Scott Mascher 5.9.19
CA-los-angeles-county-sheriff-office,MOA,jail,,,,not found,low,losangeles_county_board_of_supervisors.pdf,ab2934f38777be32c902308a07e57c6cac166e3a757476a65172d1303cf952de,Los Angeles County Board of Supervisors (LASD),"scanned MOU; p8 signature block has blank Date lines; signed by DHS Under Secretary BTS Asa Hutchinson, ICE Asst Sec Michael J. Garcia, Board chair Gloria Molina, Sheriff Leroy D. Baca; signatories imply 2005 but no date printed"
CA-los-angeles-county-sheriff-office,MOA,jail,2010-10-12,2010-10-12,,stamp read from image,high,r_287glosangelescountysd.pdf,0d6b146e0010abdddb1f37248d7a9230de7508cfa1ff6ec0445215e84dc8a236,County of Los Angeles (Los Angeles County Sheriff's Department),"ICE stamp OCT 12 2010 (John Morton, Director); Board Chair signature undated; board letter pp21-23 adopted by Board of Supervisors October 12, 2010; p11; also linked to 2014-10-07 row, which this document is not"
CA-los-angeles-county-sheriff-office,MOA,jail,2010-10-12,2010-10-12,,stamp read from image,high,r_287losangelescountysheriffsoffice101012.pdf,c794ece047513f0e51cfffe3b2894be80e31e43ac48670837ac7bdf331e69b7f,County of Los Angeles (Los Angeles County Sheriff's Department),second scan of the same 2010 MOA as 0d6b146e; ICE stamp OCT 12 2010; board adopted Oct 12 2010; p11; linked 2005-02-01 is the original 2005 agreement
CA-orange-county-sheriff-office,MOA,jail,2006-11-02,2006-10-17,,handwritten read from image,high,countyoforange.pdf,7a9a58fa6c3ec6f64f2969019f8218a8dd58c8e9fb5748fc67e990400408ccfd,County of Orange (Orange County Sheriff-Coroner Department),p9; ICE Asst Sec Myers 11/2/06 and Dir of Investigations Marcy Forman 11/2/06; Board chair Bill Campbell 10/17/06; Sheriff Michael Carona 10/18/06; county counsel 10/16/06
CA-orange-county-sheriff-office,MOA,jail,2010-04-16,2010-04-09,,handwritten read from image,high,r_287-proactive-orange_county_sheriffs_dept-moa-signed.pdf,c7983fd5c1c13fa66380b4ca22faab61deb3d1e58db3c14e1f4df91456180bee,Orange County Sheriff's Department,"p11 (image-only); Asst Sec John Morton 4/16/2010; Sheriff Sandra Hutchens 4/9/2010; Detention model; linked rows 2006-11-02, 2014-03-11, 2016-06-23 none match - this is the 2010 renewal"
CA-orange-county-sheriff-office,renewal MOA,jail,2016-06-23,2016-06-20,,stamp read from image,high,287gOrangeCountyCa2016-06-23.pdf,0cdfe92c8d973a326cde65dd2bcdf587162704ba4966f43df5d8d0aa451e53e8,Orange County Sheriff's Department,"p10 (image-only scan); ICE Homan stamp JUN 23 2016; Sheriff Sandra Hutchens 6/20/2016; matches 2016-06-23 row, not the 2006/2014 rows"
CA-riverside-county-sheriff-office,MOA,jail,2006-04-28,2006-04-11,,handwritten read from image,high,riversidecountysheriffsoffice.pdf,a8bc957e62cb363ade2892fa6e617401f1b3861fd97f4901702846c42348c3ae,Riverside County Sheriff's Department,scanned MOU; p8; ICE Asst Sec Myers 4-28-06 and Dir of Investigations Marcy Forman 4/28/06; BoS chair Bob Buster 4-11-06; Sheriff Robert G. Doyle 4-11-06; Robert Presley Detention Center
CA-riverside-county-sheriff-office,MOA,jail,2010-07-22,2010-04-28,,handwritten read from image,med,r_287griversidecountysheriffsdept.pdf,88b2ad279eda59d9f9719938205fbaad5a4b3bf5fc11fddf0499610104f99eda,Riverside County Sheriff's Department,p11; Morton 7/22/2010 (second day digit partly under signature; PDF created 2010-07-22); Sheriff Stanley Sniff 4/28/2010; Board chair Marion Ashley MAY 25 2010; p1 is county clerk return note; Detention model; linked 2006-04-28 is the original MOU
CA-san-bernardino-county-sheriff-office,MOA,jail,2005-10-11,2005-09-12,,handwritten read from image,high,sanbernardinocounty.pdf,99d2d93723a677c2bc81b8ed14a58e9b8c2ebb6b6c8100ac8e19aa3deaafa2e3,San Bernardino County (California) Board of Supervisors,p8 (image-only); an MOU; ICE Acting Asst Sec John P. Clark 10-11-05; DHS BTS Acting Under Sec Randy Beardsworth 10/19/05; Sheriff Gary Penrod stamp SEP 12 2005; Board vice-chair Paul Biane SEP 20 2005; limited to county jail facilities; no linked row
CA-san-bernardino-county-sheriff-office,renewal MOA,jail,2009-11-19,2009-11-03,,stamp read from image,high,r_287gsanbernardinocounty.pdf,003d6a43591bd3a9daf4526483d9e0658dcc4e913e0f562a3dadb3a2c24466c0,San Bernardino County Sheriff's Department,p11; 2009 revised MOA; ICE Morton stamp NOV 19 2009; Sheriff Rod Hoops 11/3/09 (may be 11/13/09); Detention model; linked row 2005-10-19
CA-san-bernardino-county-sheriff-office,renewal MOA,jail,2013-10-11,2013-09-24,,handwritten read from image,high,r_287gsanbernardinocountysd.pdf,8d1aace53350b8ba9446dd25c806b72dab8ba22d242dca5c0029261986ee5056,San Bernardino County Sheriff's Department,p10; 2013 MOA to June 30 2016; ICE Thomas Homan 10/11/13; Sheriff John McMahon 9/24/13; no linked row
CA-san-bernardino-county-sheriff-office,modification,,2014-01-15,2013-12-20,,handwritten read from image,high,r_287gsanbernardinocountysd-addendum.pdf,b8965a1a0f9cd8e2c9a66186324eeeffe650b5d781d5389a6d0456ba7821dd90,San Bernardino County Sheriff's Department,"1-page addendum to modify MOA effective 2013-10-11 (adds detainer / CA Gov Code 7282.5 paragraph); EAD Homan 1/15/14; Sheriff John McMahon 12/20/13; linked row 2013-10-11 is the underlying MOA, not in this file"
CO-department-of-public-safety,MOA,task force,2007-02-21,2007-03-28,,handwritten read from image,low,coloradodepartmentofpublicsafetycoloradostatepatrol.pdf,77c569b52b82a44e5d2243cb4feaa02a0e5a9c1e610c3de6f3ff855f12c8ed20,Colorado Department of Public Safety/Colorado State Patrol,"p10 (image-only, redaction stripe); ICE Julie Myers 2/21/0? year obscured by stripe (2007 assumed, ICE date precedes LEA); Lt. Col. for Col. Mark Trostel CSP 3-28-07; Gov. Bill Ritter March 29, 2007; functions inferred (state patrol)"
CO-department-of-public-safety,MOA,task force,2009-10-15,2009-10-15,,stamp read from image (ICE); handwritten (LEA),med,287gcoloradostatepatrol.pdf,541a200408d5c960ee15bf155ab950f1a5a63dffe82ba4be0a89fd447c99d9d8,Colorado Department of Public Safety / Colorado State Patrol,Oct 2009 re-signed MOA; Asst Sec John Morton; Exec Dir Peter Weir date reads 10-15-2009 (last digit could be 8); p10; same signing as e1c5efe7 (different scan)
CO-department-of-public-safety,MOA,task force,2009-10-15,2009-10-15,,stamp read from image (ICE); handwritten (LEA),med,r_287gcoloradodeptofpublicsafety101509.pdf,e1c5efe75addbcc147bc5dbb6b534da4a26c1272c6a7ec7494a4aa3d6ca9d68a,Colorado Department of Public Safety / Colorado State Patrol,"Oct 2009 re-signed MOA; Asst Sec John Morton; Exec Dir Peter Weir 10-15-2009 (last digit could be 8); linked row 2007-03-29 is original, not this signing; p10; same signing as 541a2004"
CO-el-paso-county-sheriff-office,MOA,jail,2007-03-23,2007-04-02,2007-05-17,handwritten read from image,high,elpasocountysheriffsoffice.pdf,0220df2508bfad578afc6d64528245238bf834e52a94e4eebffc2f147b7f0134,El Paso County Sheriff's Office,p9 (image-only); Asst Sec Myers 3/23/07; Sheriff Terry Maketa 4-2-07; Governor Bill Ritter 5-17-07; ICE signed first; no linked row
CO-el-paso-county-sheriff-office,renewal MOA,jail,2009-10-15,2009-10-07,,stamp read from image,high,r_287gelpasocounty101509.pdf,5b2d71ddac64cb682def3a63be37d2f57ea65289ac2b89ee7271a082f15fe9be,El Paso County Sheriff's Office,p11; 2009 revised MOA; ICE Morton stamp OCT 15 2009; Sheriff Terry Maketa Oct 7 2009; Detention model; linked row 2007-05-17
CO-el-paso-county-sheriff-office,renewal MOA,jail,2013-07-09,2013-07-09,,handwritten read from image,high,r_287gelpasocounty.pdf,fa32a919979d38a947e6e841c6fabb448fbabccec57cc09d50dc08077ab282df,El Paso County Sheriff's Office,p11 (image-only); ICE Homan 7/9/13; Paula Presley signed for Sheriff Terry Maketa 07/9/13; term to 2016-06-20
CO-teller-county-sheriff-office,MOA,jail,2019-01-06,2018-12-19,,handwritten read from image,high,tellerCountyCO_MOA_01062019.pdf,978319b68334fa5ba692b53b63ba4ff392d6528748032df0af45ad82de7d3e5b,Teller County Sheriff's Office,p11; AD Cronen 1-6-2019 (a Sunday); Sheriff Jason Mikesell 12/19/18
CO-teller-county-sheriff-office,addendum,jail,2019-05-01,2019-05-10,,handwritten read from image,high,287gJEM_TerrellCoTx2018-01-25.pdf,16355d8d0da1304248b3560bc69f250631a23a9640a234ea4240a01406873a87,Teller County Sheriff's Office,p1; WRONG AGENCY: Teller County CO 2019 extension addendum (MOA effective 2019-01-06) bound in front of the Terrell County TX MOA; ICE Cronen 5-1-2019; Sheriff Jason Mikesell 5/10/19
CT-danbury-police-department,renewal MOA,task force,2009-10-15,2009-10-09,,stamp read from image,high,r_287gdanbury101509.pdf,6d46ad1a2e36966fd1186bb7eb1495418b2eaf5a501d48ea17cf5c8821da4ae6,Danbury Police Department,"p11; 2009 standardized MOA, TFO model; ICE Morton stamp OCT 15 2009; Chief Alan D. Baker Oct 9 2009"
DE-department-of-correction,MOA,jail,2009-10-15,2009-10-14,,stamp read from image,high,r_287gdelawaredeptofcorrection101509.pdf,852fe9a9a3708b01e036f53e7bda0b14f860778d850a44dd7c15eb2436e18e6e,Delaware Department of Correction,"p11; Morton faint stamp OCT 15 2009; Warden Michael Deloy undated signature, Warden Office RECEIVED stamp OCT 14 2009 used as local date; Detention model"
FL-alachua-county-sheriff-office,MOA,task force,2025-02-26,2025-02-21,,typed text,high,AlachuaCoSheriffsOffice_TFM_MOA_02.26.2025_580b5d05a704.pdf,580b5d05a70437cb6d9efc556a62acb1f5c109dbb20f310bf468661fe82a06ae,Alachua County Sheriff's Office,"p9; ICE Acting Director typed February 26, 2025; Sheriff typed Feb. 21, 2025"
FL-bay-county-sheriff-office,MOA,task force,2008-06-15,2008-05-27,,handwritten read from image,high,22585958-Bay-County-Sheriff-s-Office-Florida-former-287-g-agreement-with-ICE.pdf,9f0fa551f266dafe369c4a4df0726891878900be616445a59f109db86ce8548c,Bay County Sheriff's Office,"p11; Asst Sec Julie L. Myers 2008-06-15; Sheriff Frank McKeithen on 2008-05-27; original 2008 MOA, ICE FOIA release posted to Scribd by J Cox in 2009"
FL-bay-county-sheriff-office,MOA,task force,2009-10-15,2009-10-08,,stamp read from image,high,r_287gbaycounty101609.pdf,f9ff845943d9ac665cc2904b8f2fbf04d275f89c5ab9ddfcbac7916fa18a47fb,Bay County Sheriff's Office,"p11; Morton stamp OCT 15 2009; Sheriff Frank McKeithen Oct 8th 2009; TFO model; linked row 2008-06-15 is the original agreement, this is the 2009 re-signing"
FL-brevard-county-sheriff-office,MOA,jail,2008-08-12,2008-07-30,,handwritten read from image,high,22585998-Brevard-County-Sheriff-s-Office-Florida-former-287-g-agreement-with-ICE.pdf,62660734eb4896be66d759746bddbdbb6a25516d1e5249192d28e0b005bd33a8,Brevard County Sheriff's Office,p10; ICE Asst Sec Julie L. Myers 8/12/08; Sheriff J.R. Parker 7/30/2008; linked row says 2008-08-13; officers in correctional facilities
FL-clay-county-sheriff-office,MOA,jail,2017-06-30,2017-06-26,,stamp read from image,high,clay-fl-2017.pdf,bd5c4dac3f7ab3d278fc05df36822ea7ddca99929f72c33438d5fe268fde1a96,Clay County Sheriff's Office,p10; ICE Albence stamp JUN 30 2017; Sheriff Darryl R. Daniels 6-26-17
FL-collier-county-sheriff-office,MOA,,2007-08-06,2007-05-29,,handwritten read from image,high,colliercountysheriffsoffice.pdf,c52150c1b0141f486b715f96c5efb94a94f12ddf8a386a4f4cddd993cdf5c66f,Collier County Sheriff's Office,"scanned, no text layer; ICE Julie Myers 8/6/07; Sheriff Don Hunter 29 MAY 07; p11; up to 32 officers; functions not read (appendices scanned)"
FL-collier-county-sheriff-office,renewal MOA,jail; task force,2009-10-15,2009-10-07,,stamp read from image,high,r_287gcolliercounty101609.pdf,a495be10d7f3c5e09aa53fbd40d80aa7696b009ee3c8f24bb6ebc1f2d4ac9c53,Collier County Sheriff's Office,p11; 2009 revised MOA; ICE Morton stamp OCT 15 2009; Sheriff Kevin J. Rambosk 10-7-09; TFO and Detention; linked rows 2007-08-06
FL-collier-county-sheriff-office,renewal MOA,jail,2013-06-28,2013-06-14,,stamp read from image,med,r_287gcolliercounty.pdf,74158fc7f2a9f20c0526b92178fb8d8672cb923a114973d54b377d6a6e8b8db6,Collier County Sheriff's Office,p10 (image-only); ICE Homan stamp JUN 28 year cut off (2013 by context); Sheriff (name redacted) 6-14-13; term to 2016-06-30
FL-department-of-law-enforcement,renewal MOA,task force,2003-11-26,2003-12-02,,handwritten read from image,high,stateofflorida.pdf,dcd553c523bac8ad20c16cdd44cf3c0e04dbf834a85f4139f8b806eca96ade62,State of Florida (Florida Department of Law Enforcement),p7; 2003 MOU continuing the 2002 DOJ-Florida RDSTF pilot; DHS Under Secretary BTS 11/15/03; ICE Assistant Secretary (Garcia) 11/26/03; FDLE Commissioner 12/2/03; Governor 12/8/03; the 2002 MOU (Appendix A) is not included
FL-department-of-law-enforcement,renewal MOA,task force,2009-10-15,2009-10-13,,stamp read from image,high,r_287gfloridadeptoflawenforcement101609.pdf,f1aa9dd9cdd923464c50fa80888eb7aca16d81c5b0dd655a623f3202e7b63022,Florida Department of Law Enforcement,p11; ICE Morton stamp OCT 15 2009; Commissioner Gerald Bailey 10/13/9; TFO model; linked row 2002-07-02 is the original
FL-fort-walton-beach-police-department,MOA,task force,,2025-02-25,,handwritten read from image,high,FortWaltonBeachPoliceDeptFL_TFM_MOA_02.27.2025_7f52e525a011.pdf,7f52e525a011a5a5117695b2515cb069fe2dcc197558098c8a385f57e1799a0d,Fort Walton Beach Police Department,p9; LEA Chief Robert Sage signed 2-25-25; ICE block BLANK (unsigned by ICE) despite filename date 02.27.2025
FL-hernando-county-sheriff-office,MOA,jail,2018-02-27,2018-02-22,,stamp read from image,high,287g-hernandocounty-20180227.pdf,0a0d2aa3deaf7d86f5f67d4b2ae7835df57e09e86a8487d0fad1275708788feb,Hernando County Sheriff's Office,p10; ICE Albence stamp FEB 27 2018; Sheriff Al Nienhuis 02/22/18
FL-hernando-county-sheriff-office,MOA,jail,2018-02-27,2018-02-22,,stamp read from image,high,287gJEM_HernandoCoFl2018-02-27.pdf,deba588fe6271f81028776f6488783131e796fa40f74d58ba4ee56cf045ac336,Hernando County Sheriff's Office,ICE stamp FEB 27 2018 (Albence); Sheriff Al Nienhuis 02/22/18; p11
FL-hernando-county-sheriff-office,addendum,jail,2019-05-01,2019-05-31,,handwritten read from image,high,287gJEM_HernandoCoFl2018-02-27.pdf,deba588fe6271f81028776f6488783131e796fa40f74d58ba4ee56cf045ac336,Hernando County Sheriff's Office,p1 addendum to June 30 2020; Cronen / Nienhuis
FL-jacksonville-sheriff-office,MOA,jail,2008-07-08,2008-06-23,,handwritten read from image,high,22586123-Jacksonville-Sheriff-s-Office-Florida-former-287-g-agreement-with-ICE.pdf,5f223a4d9960ad88f0c0afab02c8027849433d1de0088c3f0b4356373f4f9e7f,Jacksonville Sheriff's Office,"p11; Asst Sec Julie L. Myers 2008-07-08; Sheriff John H. Rutherford on 2008-06-23; original 2008 MOA, ICE FOIA release posted to Scribd by J Cox in 2009"
FL-jacksonville-sheriff-office,renewal MOA,jail,2009-11-12,2009-11-02,,stamp read from image,high,r_287gjacksonville111209.pdf,ad0edb96a4d3d1c89e30640cc2901107fef109b135b4bf9fc62ab37ec18df69b,Jacksonville Sheriff's Office,p11; 2009 revised MOA; ICE Morton stamp NOV 12 2009; Sheriff John H. Rutherford 11-2-09; Detention model; linked row 2008-07-08
FL-jacksonville-sheriff-office,renewal MOA,jail,2013-06-28,,,handwritten read from image,high,r_287gjacksonville.pdf,35240dbed3340de756fd771216c68fdf135975261cbc01de6f7e8c619c77d8cb,Jacksonville Sheriff's Office,p10 (image-only); ICE Homan 6/28/13; Sheriff signature and date redacted (b)(6); form approved by OGC (redacted)
FL-jacksonville-sheriff-office,MOA,jail,2016-06-30,2016-06-27,,stamp read from image (ICE); handwritten (LEA),high,287gJEM_JacksonvilleCoFl2016-06-30.pdf,009dec7c1cfbfd0c835995928e14ba94e024160b0773813b64a5b25260589d3d,Jacksonville Sheriff's Office,EAD Homan; Sheriff Mike Williams 6-27-16; OGC form approval; p12
FL-jacksonville-sheriff-office,addendum,jail,2019-05-01,2019-05-20,,handwritten read from image,high,287gJEM_JacksonvilleCoFl2016-06-30.pdf,009dec7c1cfbfd0c835995928e14ba94e024160b0773813b64a5b25260589d3d,Jacksonville Sheriff's Office,p1 addendum extending to 2020-06-30; AD Cronen 5-1-2019; Sheriff Williams 5-20-19
FL-lake-county-sheriff-office,not an MOA,,,2008-03-18,,typed text,high,lakecountyfl.pdf,158eb0dd3895510c7883974c4db73b7cbd3d3ebf1fed571d6dedc0436d9ac209,Lake County Sheriff's Office,correspondence: Sheriff Gary Borders request letter dated 2008-03-18 and ICE ACCESS reply letter; no MOA or signature block
FL-manatee-county-sheriff-office,MOA,jail,2008-07-08,2008-06-17,,handwritten read from image,high,22586196-Manatee-County-Sheriff-s-Office-Florida-former-287-g-agreement-with-ICE.pdf,e1fdb770c479a7acca91eeb72d51a00e5d7ca338afad5b289204dfaa408ee1e3,Manatee County Sheriff's Office,p11; ICE Julie Myers 7/8/08; Sheriff W. Brad Steube 06/17/08
FL-pasco-county-sheriff-office,MOA,jail,2017-08-22,2017-08-14,,stamp read from image,high,287gPascoFl2017_8_22.pdf,a395d2b7269034b992c6e3285c7ff908b1707a41d971cdedd5b7898fc648984e,Pasco Sheriff's Office,p11; ICE EAD Albence stamp AUG 22 2017; Sheriff Chris Nocco 8/14/17
FL-saint-cloud-police-department,MOA,task force,2025-04-14,2025-03-10,,typed text,high,ST_CLOUD_PD_FL_TFM_04.14.25_c63ab090de75.pdf,c63ab090de757ddfa71cac0b0e7a78d500dd358361010804536f83c758e2a36e,St. Cloud Police Department,TFM; ICE Acting Director (Lyons); Chief Douglas A. Goerke; p9
FL-sarasota-county-sheriff-office,MOA,task force,2025-02-26,2025-02-21,,typed text,high,sarasotaCoSheriffsOffice_TFM_MOA_02.26.2025_789b5a0b8c9f.pdf,789b5a0b8c9fca624abb19594a125ff81b57d0b6e902eaa9ba07211667061e75,Sarasota County Sheriff's Office,"p9; Sheriff Kurt A. Hoffman; ICE Caleb Vitello Acting Director typed February 26, 2025"
GA-bartow-county-sheriff-office,MOA,jail,2018-02-21,2018-02-14,,handwritten read from image,high,287G-Bartow.pdf,2bd5a751c6ee00102ef1d2d906f040076edc4aea54d476c9da6f6161d9a91a7e,Bartow County Sheriff's Office,AD Corey A. Price; Sheriff Clark Millsap; p10
GA-catoosa-county-sheriff-office,MOA,jail,2025-05-22,2025-05-05,,typed text,high,CatoosaCoSheriffsOfficeGA_JEM_MOA_05.22.2025.pdf,0c2b3a44d3141ee42fba2800be61c45b5ed57c02e4751c966c8b583ee988efba,Catoosa County Sheriff's Office,"ICE typed date (Todd M. Lyons, Acting ICE Director); LEA date handwritten 5/5/25 (Sheriff Gary R. Sisk); p7; template rev 02/15/2025"
GA-cobb-county-sheriff-office,MOA,jail,2007-01-31,2007-02-12,,handwritten read from image,high,cobbcountysheriffsofficeandcobbcountyboardofcommissioners.pdf,7003dad53eb419667fa3f21d03bc22b5e64285e98cc62d79741df40ea689e14e,Cobb County (Georgia) Board of Commissioners and the Cobb County Sheriff,p9 (image-only PDF); Asst Sec Myers 1/31/07; Sheriff Neil Warren 2/12/2007; Chairman Sam Olens 2-13-07; board approval stamp 10-24-06; ICE signed before locals; no linked row
GA-cobb-county-sheriff-office,MOA,jail,2009-10-15,2009-10-13,,stamp read from image,high,r_287gcobbcounty101509.pdf,aa3e763c397289ec8aa680c79494d066bd3cf231501ccee3afa105401ef2f64f,Cobb County Sheriff's Office,"2009 re-signed MOA; ICE stamp OCT 15 2009; Sheriff Neil Warren 10/13/2009, BOC Chair Samuel S. Olens 10/13/09, BOC approved stamp 10/13/09; p11; linked 2007-02-13 is the original"
GA-cobb-county-sheriff-office,MOA,jail,2013-06-27,2013-06-26,,stamp read from image,high,r_287gcobbcounty.pdf,38cd1dc48616f8666004861e59803dfcf578b569ba87fdcd9ff86a94906288c0,Cobb County Sheriff's Office and Cobb County Board of Commissioners,p10-11 (image-only); EAD Homan stamp JUN 27 2013 (partly obscured); sheriff (redacted) 6/26/2013; Board chairman (redacted) 6-26-2013; JEO model
GA-department-of-correction,MOA,jail,2018-02-05,2018-01-24,,handwritten read from image,high,287g-GADOC.pdf,1ec0804725b2b88c0f1586b7fce96c03d680b9d19aa46e72efd6a43336a7f751,Georgia Department of Corrections,ICE Albence handwritten 2/5/18; Commissioner Gregory C. Dozier 1/24/2018; p11; jail/correctional facilities
GA-department-of-correction,MOA,jail,2018-02-05,2018-01-24,,handwritten read from image,high,287gJEM_GeorgiaDeparmentofCorrectionsGa2018-02-05.pdf,9885ebd520eef9503a99a2023ef4cc92ed2f9181ecf26b2c9ed245ad9edee4e6,Georgia Department of Corrections,p12; ICE EAD Albence handwritten 2/5/18; Commissioner Gregory C. Dozier 1/24/2018
GA-department-of-correction,addendum,jail,2019-05-01,2019-05-30,,handwritten read from image,high,287gJEM_GeorgiaDeparmentofCorrectionsGa2018-02-05.pdf,9885ebd520eef9503a99a2023ef4cc92ed2f9181ecf26b2c9ed245ad9edee4e6,Georgia Department of Corrections,p1; 2019 extension addendum; ICE Cronen 5-1-2019; Commissioner Timothy Ward 5-30-19
GA-department-of-public-safety,MOA,task force,2007-03-23,2007-04-11,2007-07-27,handwritten read from image,med,stateofgeorgiadepartmentofpublicsafety.pdf,ae0def15739cfeaea6ef21948307f4a25b645cf87080b341ebb9fb2242f23b58,"State of Georgia Department of Public Safety (Georgia State Patrol, GBI, Department of Driver Services)",p10 (image-only); Asst Sec Myers 3/23/07 (day overwritten); Commissioner Bill Hitchens 4-11-07; DDS Gregory Dozier 4/18/07; GBI Vernon Keenan 4-24-07; Governor Sonny Perdue 7/27/07 (last); no linked row
GA-department-of-public-safety,MOA,task force,2009-10-21,2009-10-07,,stamp read from image,high,r_287ggeorgiadeptofpublicsafety102109.pdf,53bb60d957207f4b841ab64d9010d8b49d17a6d6c278c84d7b4329499a0734ab,Georgia Department of Public Safety (with Dept of Driver Services and GBI),"2009 re-signed MOA; ICE stamp OCT 21 2009; Commissioner Bill Hitchens 10/7/2009, DDS Gregory C. Dozier 10/8/2009, GBI Vernon M. Keenan 10-9-09, Gov. Sonny Perdue 10/15/2009; p11; 38 pages with separate TFO Appendix D for DPS, DDS and GBI; linked 2007-07-27 is the original"
GA-floyd-county-sheriff-office,MOA,jail,2018-02-02,2018-01-30,,handwritten read from image,high,287g-Floyd.pdf,4fbea7b938525d136ecdc6e92afe1b5a57838dd474ec24b78537e777010a5175,Floyd County Sheriff's Office,p11; AD Corey Price 2/2/18; Sheriff Tim Burkhalter 01-30-2018
GA-floyd-county-sheriff-office,MOA,jail,2018-02-02,2018-01-30,,handwritten read from image,high,287gJEM_FloydCoGa2018-02-18.pdf,d0a27d747199042c47bc2a73bdea05233a8d3aa3d131588f3d27626867d13411,Floyd County Sheriff's Office,ICE Corey A. Price 2/2/18; Sheriff Tim Burkhalter 01-30-2018; p12; filename date 2018-02-18 is wrong
GA-floyd-county-sheriff-office,addendum,jail,2019-05-01,2019-05-14,,handwritten read from image,high,287gJEM_FloydCoGa2018-02-18.pdf,d0a27d747199042c47bc2a73bdea05233a8d3aa3d131588f3d27626867d13411,Floyd County Sheriff's Office,p1 addendum extending MOA effective Feb 2 2018 to June 30 2020; Cronen / Burkhalter
GA-gwinnett-county-sheriff-office,MOA,jail,2009-10-15,2009-09-18,,stamp read from image (ICE); handwritten (LEA),high,r_287ggwinnetcountyso101509.pdf,690ea2dc392b8a07de1eea431f276d056eff559707933aafa8ee65b7dc6ab611,Gwinnett County Sheriff's Office,Oct 2009 re-signed MOA; Morton; Sheriff R.L. Butch Conway 9/18/09; Board chair Charles Bannister 10/7/09; p11
GA-gwinnett-county-sheriff-office,renewal MOA,jail,2013-06-28,2013-06-25,,handwritten read from image,high,r_287ggwinnetcountyso.pdf,80cc4a8fa8d82604331aa78dd23494276b7b39efbbf9544db72276c82a9aabe8,Gwinnett County Sheriff's Office,"scanned, redacted; p10-11; ICE Homan 6/28/13 (Morton block struck); Sheriff 6/26/13; Board of Commissioners chairwoman 6/25/13; JEO; matches 2013-06-28 row, not the 2016-06-30 row also linked"
GA-hall-county-sheriff-office,MOA,jail; task force,2008-02-01,2008-02-28,,handwritten read from image,med,hallcountysheriffsoffice.pdf,14807795e4cdbb6cbe865344ae5db0ef04c5196afea6391a3da3838e7c140b97,Hall County Sheriff's Office,scanned; Asst Sec Myers 2/1/08 (before locals); Board chair Tom Oliver 2/28/08; Sheriff Steve Cronic 2/29/08; p11; gang task force + detention center
GA-hall-county-sheriff-office,MOA,jail; task force,2009-10-15,2009-10-08,,stamp read from image,high,r_287ghallcountyso101509.pdf,0ef9a8f2d676f3264a3acbb315e72b0889543d2ff431dbd2e8fbf1d7dea54a8c,Hall County Board of Commissioners and Hall County Sheriff's Office,p11; Morton stamp OCT 15 2009; Sheriff Steve Cronic and Chairman Tom Oliver both 10/08/09; both Detention and TFO models; linked JEM+JTF 2008-02-29 are the original
GA-hall-county-sheriff-office,renewal MOA,jail,2013-06-28,2013-06-27,,handwritten read from image,high,r_287ghallcountyso.pdf,c70bcbabf9e69c6acf51f4247e6ce3238a9a6a19da0c5761c46aaeaa6b0494bd,Hall County Sheriff's Office,p10 (scanned); 2013 renewal to June 30 2016; ICE Homan 6/28/13; Sheriff (redacted) 06-27-13
GA-hall-county-sheriff-office,MOA,jail,2016-06-23,2016-06-09,,stamp read from image,high,287gJEM_HallCoGa2016-06-23.pdf,04676b9b701f8f9759cb43dc364c6c80b04db2ac23cf6abcace5123098555ff0,Hall County Sheriff's Office,p12 (MOA p11); ICE Thomas Homan stamp JUN 23 2016; Sheriff Gerald Couch 6/9/2016; Board chairman Richard Mecum 6/15/2016
GA-hall-county-sheriff-office,addendum,jail,2019-05-01,2019-05-29,,handwritten read from image,high,287gJEM_HallCoGa2016-06-23.pdf,04676b9b701f8f9759cb43dc364c6c80b04db2ac23cf6abcace5123098555ff0,Hall County Sheriff's Office,p1 extension addendum (June 30 2019 -> June 30 2020); ICE C.M. Cronen 5-1-2019; Sheriff Gerald Couch 05/29/2019
GA-tift-county-sheriff-office,MOA,jail,2025-05-06,2025-04-30,,handwritten read from image,high,TiftCoSheriffsOfficeGA_JEM_MOA_05.06.2025.pdf,fc1644eae15167b8a00a869e3b639c559c56e1a3d1c2b33c1c2450f4eda97400,Tift County Sheriff's Office,p7; Sheriff Gene Scarbrough; ICE Director Todd M. Lyons
GA-walker-county-sheriff-office,MOA,jail,2025-02-24,2025-02-19,,typed text,high,WalkerCo_JEM_MOA_02.24.25_ce4dc86b8a7f.pdf,ce4dc86b8a7f600d8ae60e9925faeeb5fbe9a5cd8b51e09bd43c7eb3d6dce45e,Walker County Sheriff's Office,"p7 (image-only text layer); ICE Caleb Vitello typed February 24, 2025; Sheriff Steve Wilson handwritten 2/19/2025"
GA-whitfield-county-sheriff-office,MOA,jail,2008-02-01,2008-02-04,,handwritten read from image,high,whitfieldcountysheriffsoffice.pdf,c0f0c80ee60774e2bf3a53588835b2a5cace4aee4c259a3a010c0e576036ccb6,Whitfield County Sheriff's Office,scanned; Asst Sec Myers 2/1/08 (before sheriff); Sheriff Scott Chitwood 2-4-08; p10
GA-whitfield-county-sheriff-office,renewal MOA,jail,2009-10-15,2009-10-05,,stamp read from image,high,r_287gwhitfieldso101509.pdf,9e536193a81ae8fb122472d44c3a10484f05387ebfc5d2c2bb2824e50c8fb0bb,Whitfield County Sheriff's Office,p11; ICE Morton stamp OCT 15 2009; Sheriff Scott Chitwood and BOC Chairman Mike Babb 10-5-09; linked row 2008-02-04 is the original
GA-whitfield-county-sheriff-office,MOA,jail,2013-06-27,2013-06-27,,stamp read from image,high,r_287gwhitfieldso.pdf,a2fc6a70b26008a8cc12fa97773ec46d41c56ec7679302ec90958bd0e4dd13a4,Whitfield County Sheriff's Office,"scanned, redacted; ICE stamp JUN 27 2013 (Homan); Sheriff (name redacted) June 27 2013; BOC Chairman 6/27/2013 (p11); p10; term to June 30 2016; functions from era template, not read"
GA-whitfield-county-sheriff-office,MOA,jail,2016-06-08,2016-06-02,,stamp read from image,high,287gJEM_WhitfieldCoGa2016-06-08.pdf,4afc2bd02bf30eb339c565baa49a7b0264ebc789e72a1b84fe1cc40bde5375f5,Whitfield County Sheriff's Office,p12; ICE Homan stamp JUN 8 2016; Sheriff Scott Chitwood June 2-2016
GA-whitfield-county-sheriff-office,addendum,jail,2019-05-01,2019-05-16,,handwritten read from image,high,287gJEM_WhitfieldCoGa2016-06-08.pdf,4afc2bd02bf30eb339c565baa49a7b0264ebc789e72a1b84fe1cc40bde5375f5,Whitfield County Sheriff's Office,p1 extension addendum to 2020-06-30; ICE Cronen; Sheriff Chitwood 5/16/19
LA-east-baton-rouge-parish-sheriff-office,MOA,jail,2017-05-03,2017-05-01,,stamp read from image,high,287gBatonRougeLa2017-05-03.pdf,f21126eb9dd036b5a45e396c547891ed70b0115876155e7b89bde60844669c84,East Baton Rouge Sheriff's Office,p11; ICE Albence stamp MAY 3 2017; Sheriff Sid J. Gautreaux III 5-1-17
LA-ouachita-parish-sheriff-office,MOA,jail,2019-02-28,2019-02-11,,handwritten read from image,high,ouachitaParishLA_MOA_02282019.pdf,ebfecb38778458e618b8246a9f4a491f26a9c6d1b0c273953fffbec28ea963ef,Ouachita Parish Sheriff's Office,AD C.M. Cronen; Sheriff Jay Russell; p10; text calls it OPSO
LA-plaquemines-parish-sheriff-office,MOA,task force,2025-06-11,2025-05-22,,typed text,high,PlaqueminesLA_6.13.25.pdf,c8140adca31a38d35a88efe41936c5c2c452ab90bc723d6130d2d89d171c78dc,"Plaquemines Parish Sheriff's Office, Louisiana",p9; ICE Madison Sheahan typed 6/11/2025 (filename says 6.13.25); Chief Deputy Lon J. Boudreaux Jr. handwritten 5/22/25; task force template
LA-terrebonne-parish-sheriff-office,MOA,jail,2019-02-28,2019-02-13,,handwritten read from image,high,terrebonneParishLA_MOA_02282019.pdf,7d2a364f1885b694f94d8dab1dcfb94ea6f8c6408bc0eff65e7ddd148ec1128c,Terrebonne Parish Sheriff's Office,ICE C.M. Cronen 2-28-2019; Sheriff Jerry J. Larpenter 2-13-19; p10
MA-barnstable-county-sheriff-office,MOA,jail,2007-08-25,2007-06-26,,handwritten read from image,high,barnstablecountysheriffsoffice.pdf,d453543070303b5b3fa118193f3f1c97baaa84f65a7b58b29be0e6f659f51678,Barnstable County Sheriff's Office,"scanned; Asst Sec Julie Myers 8/25/07; Sheriff James M. Cummings typed June 26, 2007 plus second date 6/26/07; p9"
MA-barnstable-county-sheriff-office,MOA,jail,2018-01-25,2018-01-10,,stamp read from image,high,287G-BarnstableCounty.pdf,f21e9e2fafdc66bd9b0c138b807d12ea9b3406ba029a29af9db047bdda1e4a09,Barnstable County Sheriff's Office,"p11; ICE EAD Albence stamp JAN 25 2018; Sheriff James M. Cummings January 10, 2018"
MA-bristol-county-sheriff-office,MOA,jail,2017-01-18,2017-01-18,,handwritten read from image,high,Bristol_MOA_01182017.pdf,4094918bc05cf72c0938e7462c549e4ea6985dfc8754a562c8cc036f5c5c8db2,Bristol County Sheriff's Office,"p11; ICE Albence (Assistant Director) 1/18/17; Sheriff Thomas M. Hodgson January 18, 2017"
MA-bristol-county-sheriff-office,MOA,jail,2017-02-08,2017-01-18,,stamp read from image,high,287gBristolMa2017-02-08.pdf,77defc802cdc6ceed5e9b86fc6df7fca695faf767d9f090eb7dd16ad99ba3a96,Bristol County Sheriff's Office,"p11; two ICE signatures: AD Matthew Albence 1/18/17 (handwritten) and Acting EAD Philip T. Miller stamp FEB 8 2017; Sheriff Thomas Hodgson January 18, 2017; linked row 2017-01-18 matches the AD/sheriff date, not the final ICE signature"
MA-department-of-correction,MOA,jail,2007-03-26,,,handwritten read from image,high,massachusettsdepartmentofcorrections.pdf,2acd075e241df51ac6387157ba49ccd7ce0996fa33bc18da074e25483c99b039,Massachusetts Department of Correction,"p9 (image-only); Asst Sec Myers 3/26/07; Governor Deval Patrick signed with no date; single signing, but linked to 4 rows (2007-03-26, 2014-04-22, 2014-05-21, 2016-06-23) - only 2007 matches"
MA-framingham-police-department,MOA,task force,2007-08-06,2007-08-14,,handwritten read from image,high,framinghammassachusettspolicedepartment.pdf,2c66e49df09ee1aebd43069dddbfb3ef01253d2d8c04a3c9a290612de329adc5,"Framingham, Massachusetts, Police Department",ICE Julie L. Myers 8/6/07; Police Chief Steven B. Carl 8/14/07 (after ICE); p9; linked row date 2007-08-14 is the chief's date
MA-plymouth-county-sheriff-office,MOA,jail,2017-01-18,2017-01-18,,handwritten read from image,high,287gJEM_PlymouthCoMa2017-01-18.pdf,dad63bdca6ecdcf20b46abad6bc033a8bf4b2117868a2f0dbd95fe903410bb8a,Plymouth County Sheriff's Department,ICE Albence 1/18/17 handwritten; second ICE signature Philip T. Miller stamped FEB 8 2017; Sheriff Joseph D. McDonald Jr. 1-18-2017; p12
MA-plymouth-county-sheriff-office,MOA,jail,2017-01-18,2017-01-18,,handwritten read from image,high,Plymouth_MOA_01182017.pdf,738827296099e9c3a57629d8b7b67833a0384771437c355e78e6d7967f34534d,Plymouth County Sheriff's Department,"p11; ICE AD Matthew Albence 1/18/17; Sheriff Joseph D. McDonald Jr. 1-18-2017; lacks the EAD Miller FEB 8 2017 countersignature present in 287gPlymouthMa2017-02-08.pdf (c3ae5d78) - same signing, earlier copy"
MA-plymouth-county-sheriff-office,MOA,jail,2017-02-08,2017-01-18,,stamp read from image,high,287gPlymouthMa2017-02-08.pdf,c3ae5d78f579401e17b01963a14193bf49889d1c66e6cc8da8012d5bfb102f27,Plymouth County Sheriff's Department,p11; two ICE signatures: AD Matthew Albence 1/18/17 then Acting EAD Philip T. Miller stamp FEB 8 2017 (final); Sheriff Joseph D. McDonald Jr. 1-18-2017; same MOA as Plymouth_MOA_01182017.pdf (73882729) plus Miller countersignature
MA-plymouth-county-sheriff-office,addendum,jail,2019-05-31,2019-05-09,,handwritten read from image,high,287gJEM_PlymouthCoMa2017-01-18.pdf,dad63bdca6ecdcf20b46abad6bc033a8bf4b2117868a2f0dbd95fe903410bb8a,Plymouth County Sheriff's Office,p1 addendum to June 30 2020; Cronen 5-31-2019; sheriff 5-9-2019; legal services approval 5/9/19
MD-anne-arundel-county,MOA,jail,2017-06-19,2017-06-01,,stamp read from image,high,AnneArundelCounty.pdf,e5342671164543f46e760e471075c38510a3720934f2ab065f7775781515c891,"Anne Arundel County, Maryland",ICE stamp JUN 19 2017 (Albence); County Executive Steven R. Schuh 6/2/17; Deputy County Attorney approval June 1 2017; p11
MD-frederick-county-sheriff-office,MOA,jail; task force,2008-02-01,2008-02-05,,handwritten read from image,med,frederickcountysheriffsoffice.pdf,184e4b470a8b302a5e3a5335e9e481300867454a10495dd9fb49357cd2bd6601,Frederick County Sheriff's Office,p11; ICE Julie L. Myers 2/1/08; Sheriff Charles Jenkins 2/5/08 (partly overwritten by signature); detention center officers plus co-located task force officers
MD-frederick-county-sheriff-office,MOA,jail; task force,2009-10-15,2009-10-06,,stamp read from image (ICE); handwritten (LEA),high,r_287gfrederickcounty101509.pdf,a57a92e86e1920b4825167d3c83a0fc54aa0b39e5b5a02016d2dd8de2e0d1645,Frederick County Sheriff's Office,Oct 2009 re-signed MOA; Asst Sec John T. Morton; Sheriff Charles Jenkins 10/6/09; linked rows 2008-02-06 are the original; p12
MD-frederick-county-sheriff-office,renewal MOA,jail,2013-06-28,2013-06-27,,handwritten read from image,med,r_287gfrederickcounty.pdf,e0951bcf2d67f81d05f5b091a9415ee258de436422e0289eb5731dd2b717cab1,Frederick County Sheriff's Office,"scanned, FOIA-redacted; p10; ICE EAD Homan 6/28/13; sheriff (name redacted) 6/27/13 (day partly unclear); JEO model; term to 2016-06-30"
MD-frederick-county-sheriff-office,MOA,jail,2016-08-03,2016-07-22,,stamp read from image,high,Frederick_County_MOA_2016.pdf,afffaaa93d1c28bae67898499472ba18bcc52763c3cc085b8487a3d21ea34e8f,Frederick County Sheriff's Office,p11; ICE EAD Homan stamp AUG 3 2016; Sheriff Charles A. Jenkins 7/22/2016
MD-harford-county-sheriff-office,MOA,jail,2016-10-26,2016-10-26,,stamp read from image,high,287gJEM_HarfordCoMd2016-10-26.pdf,3f89ad2faab85e250ff94861ebdb2d834cadd35015635379b4241ee6551e02ae,Harford County Sheriff's Office,p12; EAD Thomas Homan stamp OCT 26 2016; Sheriff Gahler stamp OCT 26 2016
MD-harford-county-sheriff-office,MOA,jail,2016-10-26,2016-10-26,,stamp read from image,high,HarfordCountyMoa10-26-2016.pdf,3571062d94f3bef7fb680ccae9de649ff7b461fbc5bca13219aca644b65793bf,Harford County Sheriff's Office,EAD Homan; Sheriff Jeffrey R. Gahler; both dates stamped OCT 26 2016; p11
MD-harford-county-sheriff-office,addendum,jail,2019-05-01,2019-05-10,,handwritten read from image,high,287gJEM_HarfordCoMd2016-10-26.pdf,3f89ad2faab85e250ff94861ebdb2d834cadd35015635379b4241ee6551e02ae,Harford County Sheriff's Office,"p1 addendum extending MOA effective Oct 26, 2016 to June 30, 2020; AD Cronen 5-1-2019; Sheriff Jeffrey Gahler 5.10.19"
MN-department-of-public-safety,renewal MOA,task force,2009-10-15,2009-10-06,,stamp read from image,high,r_287gminnesotadps101509.pdf,e031faee6d8ec5ef0e4b67a598f6d7fca69e833c174db6a212cbceae21517ea8,Minnesota Department of Public Safety,p11; 2009 revised MOA; ICE Morton stamp OCT 15 2009 (faint); Commissioner Michael Campion 10-6-2009; TFO model; linked row 2008-09-22
MO-merriam-woods-police-department,MOA,task force,2026-01-07,2026-01-06,,typed text,high,MerriamWoodsPoliceDeptMO_TFM_MOA_01072026_89e3a69d6b48.pdf,89e3a69d6b48561d8daef76aca1017a0d0a3df788d4c9e98408c327be398edb7,Merriam Woods Police Department,p9; ICE Madison Sheahan typed 1/7/2026; Chief handwrote 1/6/2006 (year slip for 2026)
MO-state-highway-patrol,MOA,task force,2008-06-25,2008-06-10,,handwritten read from image,high,287goldmissouristatehighwaypatrol.pdf,0d21319bfd962a113213ee0fc4beba29008a6999c2bf58de04575cc2827fb8a5,Missouri State Highway Patrol,"ICE Julie L. Myers 6/25/08; Col. James F. Keathley 06/10/08, DPS Director Mark S. James 6/11/08, Gov. Matt Blunt 12 June 2008; p11"
MO-state-highway-patrol,MOA,task force,2009-10-15,2009-10-07,,stamp read from image (ICE); handwritten (LEA),high,r_287gmissouristatehighwaypatrol101509.pdf,b728a3f9f0687ee55f9db56d950fc0c61003df7c65022733eb946da8f68d9a88,Missouri State Highway Patrol,Oct 2009 re-signed MOA; Morton; DPS Director John M. Britt 10/7/09; Supt James Keathley 10/8/09; Gov Jeremiah Nixon 10/14/09; linked row 2008-06-25 is original; p11
NC-alamance-county-sheriff-office,MOA,jail,2007-01-10,2006-10-02,,handwritten read from image,high,sheriffsofficeofalamancecounty.pdf,ef83a2bbae8fc18aeaee6727614ee3a95627dd5794918a49d9be397aeb872abf,Alamance County Sheriff's Office,p9 (image-only); ICE Julie L. Myers 1/10/07; Sheriff Terry S. Johnson 10-02-06; BOC Chair Larry Sharpe 10/5/06; unlinked but equals NC-alamance JEM 2007-01-10 (linked to fb7a0d3a instead)
NC-alamance-county-sheriff-office,renewal MOA,jail,2009-10-15,2009-10-13,,stamp read from image,high,r_287galamancenorthcarolina101509.pdf,fb7a0d3a5a5b57344f4ee64e8a196b9e02754a3ca02dff29561c8a700ce4ffe9,Alamance County Sheriff's Office,"p11; 2009 standardized re-signing; ICE John Morton stamp OCT 15 2009; Sheriff Terry Johnson October 13, 2009; linked row 2007-01-10 is the original (see ef83a2bb)"
NC-albemarle-district-jail,MOA,warrant service officer,2020-03-19,2020-01-23,,handwritten read from image,med,287gWSO_AlbermarleDistrictJailNC_03_19_2020_20210116_b74fe73de199.pdf,b74fe73de1997ec5c1a865608050ec67ea23718e491cdcbb4e6fb8a6ec213508,Albemarle District Jail,p7; WSO template (warrant service in jail); ICE Enrique Lucero 3/19/20; Jail Administrator Robert G. Jones date read as 1-23-2020 (faint); file dated 03_19_2020
NC-cabarrus-county-sheriff-office,MOA,jail,2007-07-10,2007-08-01,,handwritten read from image,high,cabbaruscountysheriffsoffice.pdf,bdd28f5c81ded28bb74075e76267c7b87f9c192380c7ca7e6c155050d0a39739,Cabarrus County Sheriff's Office,scanned; p9; ICE Myers 7/10/2007; Sheriff D. Brad Riley 8/1/07; Board chair Robert Carruth 8/2/07 (approx); ICE signed first
NC-cabarrus-county-sheriff-office,MOA,jail,2009-10-15,2009-10-13,,stamp read from image,high,r_287gcabarrus101509.pdf,6089b5d830baa4d34d54dd8650580d01f0e77c24fc376705211e06122a2a74f3,Cabarrus County Sheriff's Office,2009 re-signed MOA; ICE stamp OCT 15 2009; Sheriff D. Brad Riley 10/13/09; p11; Appendix D detention model; linked 2007-08-02 is the original
NC-cabarrus-county-sheriff-office,MOA,jail,2013-06-27,2013-06-27,,stamp read from image,med,r_287gcabarrus.pdf,a6f143537eddd10ed2d04b7a615d428e245b0f54fd0e3a4e3077b0050ce473cc,Cabarrus County Sheriff's Office,"p10 (image-only); EAD Homan stamp JUN 27 2013; sheriff name redacted, date handwritten 6/2?/13 (reads 6/27 or 6/22, low); JEO model; linked 2013-06-28 off by one day"
NC-cumberland-county-sheriff-office,MOA,jail,2008-06-25,2008-06-10,,handwritten read from image,high,22586039-Cumberland-County-Sheriff-s-Office-North-Carolina-former-287-g-agreement-with-ICE.pdf,bc22770c3395475d16b83c43de5ed5e03c49ac5361e3ac9e70a587eeeaa822f3,Cumberland County Sheriff's Office,Asst Sec Julie Myers; Sheriff Earl R. Butler 2008-06-10; Board chair Breeden Blackwell 2008-06-11; p10
NC-durham-police-department,MOA,task force,2008-02-01,2008-01-24,,handwritten read from image,high,durhampolicedepartment.pdf,fef70141c3adf7411fe48ce28a94a3e91e277ebb8bad4cd0078f8292ba839506,City of Durham Police Department,p10 (scanned); ICE Julie Myers 2/1/08; Chief Jose L. Lopez Sr. 1/24/08; City Manager Patrick Baker 1/25/08
NC-durham-police-department,MOA,task force,2009-10-15,2009-10-07,,stamp read from image,high,r_287gdurham101509.pdf,42002e53c5fe0dd13f616b46114cfac52f22e98d1182348d9397e314d6667d5d,City of Durham Police Department,"2009 re-signed MOA; ICE stamp OCT 15 2009; signed October 7, 2009 by Deputy Chief R.H. Hodge for Chief Jose L. Lopez Sr.; p11; linked 2008-02-01 is the original"
NC-gaston-county-sheriff-office,MOA,jail,2007-02-27,2007-02-08,,handwritten read from image,med,gastoncountysheriffsoffice.pdf,195d884e0117cbdbad4f2e1e348d4f5d5bd45592cd0ee9641c5554e3344cd0b1,Gaston County Sheriff's Office,scanned; signatures on p10; ICE Myers 2/27/07 (could read 2/21); Board chair Mickey Price 2/8/2007; Sheriff Alan Cloninger 2-9-2007
NC-gaston-county-sheriff-office,MOA,jail,2009-10-15,2009-10-13,,stamp read from image,high,r_287ggaston101509.pdf,eda5e1be55a95ebdbcc009519dcdca4b75e1d2e71aee755d1ff22f972345d266,"Sheriff's Office of Gaston County, North Carolina",p11; Morton stamp OCT 15 2009; Sheriff Alan Cloninger 10-13-09; Detention model; linked 2007-02-22 is original
NC-gaston-county-sheriff-office,renewal MOA,jail,2013-06-28,2013-06-21,,stamp read from image,high,r_287ggaston.pdf,c3b9c9647470b178d1fcced74fa184591c3207a9ac5c155f3579a7a8ecd1595f,Gaston County Sheriff's Office,p10 (scanned); 2013 renewal to June 30 2016; ICE Thomas Homan stamp JUN 28 2013 (Morton block struck through); Sheriff (name redacted b6) 6/21/2013
NC-gaston-county-sheriff-office,MOA,jail,2016-06-13,2016-05-26,,stamp read from image,high,287gJEM_GastonCoNc2016-06-13.pdf,96e046dab38e084bcd807d6da118eea6447fc59676c6ca0c43be485a109e5252,Gaston County Sheriff's Office,p12; ICE Thomas Homan stamp JUN 13 2016; Sheriff Alan Cloninger 5/26/16; linked row date 2016-06-30 differs
NC-gaston-county-sheriff-office,addendum,jail,2019-05-01,2019-05-08,,handwritten read from image,med,287gJEM_GastonCoNc2016-06-13.pdf,96e046dab38e084bcd807d6da118eea6447fc59676c6ca0c43be485a109e5252,Gaston County Sheriff's Office,p1 addendum extending to 2020-06-30; ICE C.M. Cronen 5-1-2019; Sheriff Cloninger date reads 5-8-19 or 6-8-19 (first digit ambiguous)
NC-guilford-county-sheriff-office,renewal MOA,task force,2009-10-15,2009-10-15,,stamp read from image,high,r_287gguilford.pdf,595f6ba5d5c960a6af4fd74c527512f6b0231c575a70adc7f7c10304626a0869,Guilford County Sheriff's Office,p11; ICE Morton stamp OCT 15 2009; Sheriff BJ Barnes 10-15-09; TFO model
NC-henderson-county-sheriff-office,MOA,jail,2008-06-25,2008-06-11,,handwritten read from image,high,22586107-Henderson-County-Sheriff-s-Office-North-Carolina-former-287-g-agreement-with-ICE.pdf,654946ebc7eb55545f16004a55c30c7f147559cfc9dde9a2ec81394128ce6c2c,Henderson County Sheriff's Office,"p10; Asst Sec Julie L. Myers 2008-06-25; Sheriff Rick Davis and board chairman Bill Moyer on 2008-06-11; original 2008 MOA, ICE FOIA release posted to Scribd by J Cox in 2009"
NC-henderson-county-sheriff-office,MOA,jail,2009-10-15,2009-10-13,,stamp read from image (ICE); handwritten (LEA),high,r_287ghenderson101509.pdf,00a833f5a830cdc60ec0e39e5d5e73fbe3252f7c4ba38d5d2d65d99cb831302e,Henderson County Sheriff's Office,Oct 2009 re-signed MOA; Morton; Sheriff Rick Davis 13 Oct 09; linked row 2008-06-25 is original; p11
NC-henderson-county-sheriff-office,renewal MOA,jail,2013-06-28,2013-06-24,,handwritten read from image,med,r_287ghenderson.pdf,332d7b2c4e94eb004219399d8e010a31f41a8d6846b1c0108e4b9e799104bd82,Henderson County Sheriff's Office,"scanned, redacted; p10; ICE Homan 6/28/13; Sheriff dated 24 June 2013 (could be 21); JEO"
NC-henderson-county-sheriff-office,MOA,jail,2017-02-28,2017-02-27,,stamp read from image,high,287gJEM_HendersonCoNc2017-02-28.pdf,29ce56239489571cb53174c896941867530268b28ab46e5e2327d67a2db9be6e,Henderson County Sheriff's Office,p12; ICE EAD Albence stamp FEB 28 2017; Sheriff Charles S. McDonald 2-27-2017
NC-henderson-county-sheriff-office,addendum,jail,2019-05-01,2019-05-09,,handwritten read from image,high,287gJEM_HendersonCoNc2017-02-28.pdf,29ce56239489571cb53174c896941867530268b28ab46e5e2327d67a2db9be6e,Henderson County Sheriff's Office,p1; 2019 extension addendum; ICE Cronen 5-1-2019; Sheriff Lowell S. Griffin 5/9/2019
NC-mecklenburg-county-sheriff-office,MOA,jail,2006-02-27,2006-02-07,,handwritten read from image,high,mecklenburgcountysheriffsoffice.pdf,fae1825d0eccba376974ba6ba13449aaa93343ce9b7f1520a6236992144e0c01,Mecklenburg County Sheriff's Office (MOU),"document titled MOU; scanned; ICE Julie L. Myers 2/27/06; Chairman Parks Helms 2/7/06, Sheriff Jim Pendergraph 2/7/06; p8; functions from agency type"
NC-mecklenburg-county-sheriff-office,MOA,jail,2009-10-15,2009-10-13,,stamp read from image,high,r_287gmecklenburgso101609.pdf,965c7272bea2597cb0edbedd5a8df15d963236311904513760a0582da85c9b2a,Mecklenburg County Sheriff's Office,2009 re-signed MOA; ICE stamp OCT 15 2009; Sheriff Daniel Bailey 10/13/2009; p11; linked 2006-02-27 is the 2006 MOU (fae1825d)
NC-mecklenburg-county-sheriff-office,MOA,jail,2013-12-30,2013-12-17,,handwritten read from image,med,r_287gmecklenburgso.pdf,f85ba3343fee841af3611a7988178d8e822478e5d5b483ee058a152e51f3753a,Mecklenburg County Sheriff's Office,"p11; EAD Homan 12/3?/13 partly overwritten by signature (read 12/30/13, consistent with PDF creation 2013-12-30); Sheriff Chipp Bailey 12/17/2013"
NC-nash-county-sheriff-office,MOA,jail,2018-02-02,2018-01-24,,handwritten read from image,med,287g-Nash.pdf,7ababc0da0783dea1893bb9728e1ef5cb539c11635cfdbb59df63d856941625d,Nash County Sheriff's Office,p10; ICE Corey A. Price 2/2/18; Sheriff Keith Stone 1-24-18
NC-nash-county-sheriff-office,MOA,jail,2018-02-02,2018-01-29,,handwritten read from image,high,287gJEM_NashCoNc2018-02-02.pdf,2daee3bdcbf78ed07cbd687206dcda184753cee61c25389b1e918ddb98524543,Nash County Sheriff's Office,AD Corey Price; Sheriff Keith Stone; p11
NC-nash-county-sheriff-office,addendum,jail,2019-05-01,2019-05-31,,handwritten read from image,high,287gJEM_NashCoNc2018-02-02.pdf,2daee3bdcbf78ed07cbd687206dcda184753cee61c25389b1e918ddb98524543,Nash County Sheriff's Office,p1 addendum extending to 2020-06-30; AD Cronen 5-1-2019; Sheriff Stone 5-31-19
NC-wake-county-sheriff-office,MOA,jail,2008-06-25,2008-06-17,,handwritten read from image,high,22589590-Wake-County-Sheriff-s-Office-North-Carolina-former-287-g-agreement-with-ICE.pdf,42e3132848ef04514c15d91b06bad0e4d371d584933ca73ee78dc86052f659fe,Wake County Sheriff's Office,"p9; Asst Sec Julie L. Myers 2008-06-25; Sheriff Donnie Harrison on 2008-06-17; original 2008 MOA, ICE FOIA release posted to Scribd by J Cox in 2009"
NC-wake-county-sheriff-office,MOA,jail,2009-10-15,2009-10-13,,stamp read from image,high,r_287gwakecountyso101509.pdf,b62d0ad2f43cd5f112fbef18dcdda41d0fa863dbb2984e832d393265ec8a15bf,Wake County Sheriff's Office,2009 re-signed MOA; ICE stamp OCT 15 2009; Sheriff Donnie Harrison 10-13-09; p11; linked 2008-06-25 is the original
NC-wake-county-sheriff-office,MOA,jail,2013-06-28,2013-06-18,,stamp read from image,med,r_287gwakecountyso.pdf,41b32545005256fdcf4ed2b8bd9451cfbfa1c96ce627f1f77ae250f1e0f45d22,Wake County Sheriff's Office,p11 (image-only); stamp JUN 28 (year partly obscured) by EAD Homan (typed John Morton block struck through); sheriff (redacted) 6-18-13; JEO model
NE-dakota-county-sheriff-office,MOA,jail,2018-02-09,2018-01-16,,handwritten read from image,med,287g-DAKOTACounty.pdf,ad6ec5f4fa04ac2ab4c65a69b602111bed61448f7c89e4b65f98457724001c6e,Dakota County Jail (Sheriff),"EAD Matthew Albence ICE date reads 2/9/18 (could be 2/8/18); Sheriff Chris Kleinberg 1-16-2018; linked row 2018-01-16 is the sheriff date, not ICE; p11"
NH-hudson-city-police-department,MOA,task force,2007-05-05,2007-03-23,,handwritten read from image,high,hudsonpolicedepartment.pdf,f1c29c0cfd045a33f3f553ff4ca993b7861d9c556f28d74c2626db97852638de,Hudson Police Department,p10 (image-only); Asst Sec Myers 5/5/07; Chief Richard Gendron 3/23/07; Town Administrator Steve Malizia 4/9/07
NH-hudson-city-police-department,MOA,task force,2009-10-15,2009-10-06,,stamp read from image,med,r_287ghudsoncitypd101509.pdf,044dcec9eb0ec67dfbb8c119ce061e9dd30e6e9650b35a28e0f44051475c59dc,Hudson Police Department,"p10; Morton stamp OCT 15 2009; Chief Jason Lavoie 10/6/09 (faint, day uncertain); TFO model; no linked row"
NJ-cape-may-county-sheriff-office,MOA,jail,2017-04-10,2017-04-04,,stamp read from image,high,287gCapeMayNj2017-04-10.pdf,75877b7b48d98ab2091726b5d8fde3b97fa23b32e3c741c7fd767fe4401c4e47,Cape May County Sheriff's Office,ICE stamp APR 10 2017 (Albence); Sheriff Gary G. Schaffer 4/4/17; p11
NJ-cape-may-county-sheriff-office,MOA,jail,2017-04-10,2017-04-04,,stamp read from image,high,287gCapeMayNj2017-04-10_c0471a32ccfe.pdf,c0471a32ccfe001377784f222a54e47aab000654d91cc83c903ceff31422e831,Cape May County Sheriff's Office,p12; EAD Matthew Albence stamp APR 10 2017; Sheriff Gary Schaffer 4/4/17
NJ-cape-may-county-sheriff-office,addendum,jail,2019-02-28,2019-02-05,,handwritten read from image,high,287gCapeMayNj2017-04-10_c0471a32ccfe.pdf,c0471a32ccfe001377784f222a54e47aab000654d91cc83c903ceff31422e831,"Cape May County, NJ Sheriff's Office","p1 addendum extending 2017-04-10 MOA; changes June 30, 2019 to June 30, 2029 (not 2020 as in sibling addenda); ICE AD C.M. Cronen; Sheriff Robert Nolan"
NJ-hudson-county-department-of-correction,renewal MOA,jail; task force,2009-10-15,2009-06-12,,stamp read from image,med,r_hudsoncountynj.pdf,701023edaf2c4318ccff7ae957f661c58e825a6b4cb9eb66cc884082d61ff33c,Hudson County Department of Corrections,"p13; ICE Morton stamp OCT 1[5] 2009 partly overwritten; LEA signer unnamed, June 12th, 2009; TFO/Detention model; linked row 2008-08-11 is the original"
NJ-hudson-county-department-of-correction,MOA,jail,2013-06-28,2013-06-20,,stamp read from image,high,r_287ghudsoncountynj.pdf,d752d5ebaad2dae83e1939f11686542a293dc72a2881a4b2c270c84d0d91c5e8,Hudson County Department of Corrections,"scanned, redacted; ICE stamp JUN 28 2013 (Homan, Morton struck through); Warden (name redacted) 6-20-13; p10; term to June 30 2016; also linked to 2016-07-22 row, which this document is not"
NJ-monmouth-county-sheriff-office,MOA,jail,2009-10-15,2009-10-09,,stamp read from image,high,287gMonmouthNJ_2009-10-15.pdf,7c60206c49484a516d9a9c66974178e98b6fc267c283a7f6c296caa142bd034a,Monmouth County Sheriff's Office,2009 standard MOA; ICE stamp OCT 15 2009 (John T. Morton); Sheriff Kim Guadagno 10/09/09; p11; Appendix D detention model only
NJ-monmouth-county-sheriff-office,MOA,jail,2009-10-15,2009-10-09,,stamp read from image,high,r_287gmonmouth101509.pdf,5600f59007b6bc5a13c2622f610defbdf493d440fcca449c6c09dbf5b078dddb,Monmouth County Sheriff's Office (Division of Corrections),p11; Morton stamp OCT 15 2009; Sheriff Kim Guadagno 10/09/09; Detention model
NJ-monmouth-county-sheriff-office,renewal MOA,jail,2013-06-28,2013-06-20,,handwritten read from image,med,r_287gmonmouth.pdf,a93465a29a7b6e05ee6e785fdff8b5df02072d3901409eedf63ccc38128660e0,Monmouth County Sheriff's Office,p10 (scanned); 2013 renewal to June 30 2016; ICE Homan 6/28/13 (8 overwritten by signature); Sheriff (redacted) 6/20/13; second linked row 2014-05-21 not evidenced in this PDF
NJ-monmouth-county-sheriff-office,MOA,jail,2016-06-08,2016-05-28,,stamp read from image (ICE); handwritten (LEA),high,287gJEM_MonmouthCoNj2016-06-08_5347c5aa9165.pdf,5347c5aa9165879d05a83b835a0809db816f68881970e152d2db25c0621f84c0,Monmouth County Sheriff's Department,EAD Thomas Homan; Sheriff Shaun Golden 5/28/16; p12; matches 2016-06-08 row
NJ-monmouth-county-sheriff-office,addendum,jail,2019-03-08,2019-03-08,,handwritten read from image,high,287gJEM_MonmouthCoNj2016-06-08_5347c5aa9165.pdf,5347c5aa9165879d05a83b835a0809db816f68881970e152d2db25c0621f84c0,Monmouth County Sheriff's Office,p1 addendum extending MOA to 2029-06-30 (not 2020); AD C.M. Cronen; Sheriff Golden; matches 2019-03-08 row
NJ-salem-county-sheriff-office,MOA,jail,2016-12-08,2016-11-15,,stamp read from image,high,SALEM_MOA_12-8-16.pdf,21c52e856d1014db68e5674fe6f45f56acd6d1d646bcd3e958f82e500fde3022,Salem County Sheriff's Office,p11; EAD Homan stamp DEC 8 2016; Sheriff Charles Miller 11/15/16
NM-department-of-correction,MOA,jail,2007-08-28,2007-09-18,,handwritten read from image,high,stateofnewmexicocorrectionsdepartment.pdf,78ca3a1359109abbeb426e35ab63d6c16e2cf95826efc6a443785fe3b968bd26,State of New Mexico Corrections Department,ICE Julie L. Myers 8/28/07; Secretary Joe R. Williams 9/18/07 and Deputy Secretary Erma Sedillo 9-18-07 (both after ICE); p9; correctional facilities
NM-department-of-correction,MOA,jail,2010-07-22,2010-06-18,,handwritten read from image,med,r_287gnewmexicodeptofcorrections.pdf,cbdd514c99a3ad9305c6d1f4e1318c9dc0da44a31bab0dff1ceb7f0bc3364b80,New Mexico Corrections Department,"p13; ICE Director John Morton 7-22-10 (partly overwritten); Warden Anthony A. Romero, Central NM Correctional Facility 6/18/10; pp1-2 ICE decision memo dated 2010-06-29; linked row 2007-09-17 differs"
NV-las-vegas-metropolitan-police-department,MOA,jail,2008-09-08,2008-08-13,,handwritten read from image,med,287goldlasvegasmpd.pdf,1486bac15e5fcd07a3c4066b65dc6c267e8ea2a4d95d383a6aff94fb38a3ff49,Las Vegas Metropolitan Police Department,p10; Asst Sec Julie Myers 9/8/08; Sheriff Douglas Gillespie 8/13/08 (day could be 15); jail-population model; no linked row
NV-las-vegas-metropolitan-police-department,renewal MOA,jail,2009-10-15,2009-10-13,,stamp read from image,high,r_287glasvegaspd101509.pdf,f07656a09c8074c401621aa27dfef65aec8f7ee6e65e1f5bc4047d24728aa770,Las Vegas Metropolitan Police Department,"p11; 2009 standardized MOA, Detention model; ICE Morton stamp OCT 15 2009; Sheriff Doug Gillespie 10/13/09; linked row 2008-09-08 is the original agreement"
NV-las-vegas-metropolitan-police-department,MOA,jail,2013-06-28,2013-06-18,,handwritten read from image,high,r_287glasvegaspd.pdf,3d3d22556fab929fda5f1775ae4a003b252df4ef5ab381f5f9ef78c79abdc0da,Las Vegas Metropolitan Police Department,"scanned; Morton struck, Homan typed; ICE 6/28/13; sheriff redacted, 6/18/13 (day partly unclear); p11; also linked to 2016-06-28 and 2019-06-03 rows which this doc does not contain"
NV-lyon-county-sheriff-office,MOA,jail,2018-05-04,2018-04-19,,handwritten read from image,high,287gJEM_LyonCoNv2018-05-04.pdf,3b59677736fb6f9525f005a027447156396d17d381d59516e7cd8d9b70526c81,Lyon County Commission,p12; ICE Corey A. Price 5/4/18; LEA signatory Bob Hastings Chair Lyon County Commission (not sheriff) typed 4/19/18
NV-lyon-county-sheriff-office,MOA,jail,2018-05-04,2018-04-19,,handwritten read from image,high,287g_Lyon_2018-05-04.pdf,1a184273c507d2f0f007bc1107dfbf523f0cbfb2747d9f4f55f879b0c4a6c908,Lyon County Sheriff's Office,"p11; AD Corey Price 5/4/18; LEA signatory is Bob Hastings, Chair, Lyon County Commission (typed 4/19/18); no sheriff signature"
NV-lyon-county-sheriff-office,addendum,jail,2019-05-01,2019-06-06,,handwritten read from image,high,287gJEM_LyonCoNv2018-05-04.pdf,3b59677736fb6f9525f005a027447156396d17d381d59516e7cd8d9b70526c81,Lyon County Commission,p1 extension addendum; ICE Cronen 5-1-2019; Chair Hastings 6/6/19
NV-lyon-county-sheriff-office,MOA,jail,2025-06-03,2025-05-08,,typed text (ICE); handwritten read from image (LEA),high,LyonCoSheriffsOfficeNV_JEM_MOA_06.03.2025.pdf,b44608462d84d8236e7d6e5f999c8d0fde4108d2b9696a1196f4f3e01da8cb80,Lyon County Sheriff's Office,ICE Director Todd M. Lyons; Sheriff Brad Pope; p7
NV-nye-county-sheriff-office,MOA,jail,2017-04-20,2017-04-19,,stamp read from image,high,287gJEM_NyeCoNv2017-04-20.pdf,18f1287d54a565f37317f98ead5685c4fb4f224796788bf7f3c322a3f1696e23,Nye County Sheriff's Office,p11 (MOA p10); ICE Albence stamp APR 20 2017; Sheriff Sharon Wehrly 4-19-17
NV-nye-county-sheriff-office,MOA,jail,2017-04-20,2017-04-19,,stamp read from image,high,287gNyeCounty2017.pdf,a66303b3485e20bf5623c83415271ddfff09cc48099ce4354e992c9347b896a7,Nye County Sheriff's Office,p10; ICE Albence stamp APR 20 2017; Sheriff Sharon Wehrly 4-19-17
NV-nye-county-sheriff-office,addendum,jail,2019-05-01,2019-05-15,,handwritten read from image,high,287gJEM_NyeCoNv2017-04-20.pdf,18f1287d54a565f37317f98ead5685c4fb4f224796788bf7f3c322a3f1696e23,Nye County Sheriff's Office,p1 extension addendum to June 30 2020; ICE Cronen 5-1-2019; Sheriff Wehrly typed 05/15/19
NY-niagara-county-sheriff-office,MOA,task force,2025-05-08,2025-05-01,,handwritten read from image,high,NiagaraCoSheriffsOfficeNY_TFM_MOA_05082025.pdf,720263e1f2066acb54b095bd7405c16fb8a59d960f3af35774912d07f6d4fd17,Niagara County Sheriff's Office,p9; ICE Todd M. Lyons handwritten 5.8.25; Sheriff Michael J. Filicetti typed 05/01/2025
NY-rensselaer-county-sheriff-office,MOA,jail,2018-02-09,2018-01-30,,handwritten read from image,high,287g-RensselaerCounty.pdf,97a4779dbe50adf41b42b7762a14affb8a0c3bbbbcec1544f866f540bacdaa07,Rensselaer County Sheriff's Office,p10; AD Corey Price 2/9/18; Sheriff Patrick Russo 1/30/18
NY-rensselaer-county-sheriff-office,MOA,jail,2018-02-09,2018-01-30,,handwritten read from image,high,287gJEM_RensselaerCoNy2018-02-09.pdf,0c539939b0ce18446ae3b5625998ea60c673ab3a613e86681262ee44876d3ec1,Rensselaer County Sheriff's Office,"p11 (MOA p10); ICE Corey A. Price 2/9/18; Sheriff Patrick Russo 1/30/18; linked row carries the sheriff's date, not ICE's"
NY-rensselaer-county-sheriff-office,addendum,jail,2019-05-01,2019-05-09,,handwritten read from image,high,287gJEM_RensselaerCoNy2018-02-09.pdf,0c539939b0ce18446ae3b5625998ea60c673ab3a613e86681262ee44876d3ec1,Rensselaer County Sheriff's Office,p1 extension addendum to June 30 2020; ICE Cronen 5-1-2019; Sheriff Russo 5/9/19
OH-butler-county-sheriff-office,MOA,jail; task force,2008-02-01,2008-02-05,,handwritten read from image,high,butlercountysheriffsoffice.pdf,68fe7ca6fd583ad4b6290ef423f4a7f4365de1c97e723bb1d08a53035fd225ef,Butler County Sheriff's Office,p11 (image-only); ICE Julie L. Myers 2/1/08; Sheriff Richard K. Jones 02-05-08; p2 assigns jail officers and ICE-RAC task force officers
OH-butler-county-sheriff-office,renewal MOA,jail; task force,2009-10-15,2009-09-25,,stamp read from image,med,r_287gbutlercounty101509.pdf,d479a6ba6dacb5430351b2dd220f9a7afd87fcd742e4f8bb3937903483fd95f2,Butler County Sheriff's Office,"p10; 2009 standardized MOA, TFO and Detention models; ICE Morton stamp OCT 15 2009 (partly faded); Sheriff Richard K. Jones 9-25-09; linked rows 2008-02-05 are the original agreement"
OH-butler-county-sheriff-office,MOA,jail,2013-06-27,2013-06-26,,stamp read from image (ICE); handwritten (LEA),high,r_287gbutlercounty.pdf,c97b37d8de5ecd83fc09a5590051b38c944d0b08a2bae50777de50b6b792db79,Butler County Sheriff's Department,"scanned; EAD Homan stamp JUN 27 2013 (zoomed); sheriff name redacted (b)(6), date ?? 26, 2013 month obscured by redaction; linked rows 2013-06-28 and 2016-09-30; p10"
OK-canadian-county-sheriff-office,MOA,jail,2018-01-25,2018-01-10,,stamp read from image,high,287g-CanadianCounty.pdf,1fe11532a3b1634dcb7090a069f0e8c9030f3f1f7093d3f5e706e94b5b36638d,Canadian County Sheriff's Office,p11; ICE Albence stamp JAN 25 2018; Sheriff Chris West 1-10-18; Board chair Jack Stewart 1-16-18; ADA initials 1-10-18
OK-okmulgee-county-criminal-justice-authority,MOA,jail,2018-01-25,2018-01-16,,stamp read from image (ICE); handwritten (LEA),high,287g-OkmulgeeCounty.pdf,9a2dfc33bebfe138144bce67fd9354d8bcbea39d90a72db38bf7a3aa7801b92a,Okmulgee County Board of Commissioners on behalf of the Okmulgee County Criminal Justice Authority,"EAD Matthew Albence; chair Robert Hardridge, OCCJA chair James Connors, exec dir Sam McCoy, DA O.R. Burris III, attest Becky Thomas all 2018-01-16; p11"
OK-okmulgee-county-criminal-justice-authority,MOA,jail,2018-01-25,2018-01-16,,stamp read from image,high,287gJEM_OkmulgeeCoCrimJusOk2018-01-25.pdf,035949c971e1ceb1d372c2d32dbab259cf82a6345e7511ddbc36640c29cc8dad,Okmulgee County Board of Commissioners on behalf of the Okmulgee County Criminal Justice Authority,"p12; EAD Albence stamp JAN 25 2018; all local signers 1-16-18 (Board chair Hardridge, OCCJA chair James Connors, exec dir Sam McCoy, DA O.R. Burris III, clerk attest)"
OK-okmulgee-county-criminal-justice-authority,addendum,jail,2019-05-01,2019-05-13,,handwritten read from image,high,287gJEM_OkmulgeeCoCrimJusOk2018-01-25.pdf,035949c971e1ceb1d372c2d32dbab259cf82a6345e7511ddbc36640c29cc8dad,Okmulgee County Board of Commissioners,"p1 addendum extending MOA effective Jan 25, 2018 to June 30, 2020; AD Cronen 5-1-2019; Chairman Robert Hardridge 5-13-19"
OK-tulsa-county-sheriff-office,MOA,,2007-08-06,2007-07-09,,handwritten read from image,med,tulsacountysheriffsoffice.pdf,c94c3bb11612b5ccb8dde8a93ccb78def4fdc4f59785e543cd7573dafd0e69ef,Tulsa County Sheriff's Office,"p9 (image-only); two ICE lines: Myers name struck, signed by John Chakwin? (SAC) 7/18/07 (day low), and Asst Sec Julie Myers 8/6/07; Sheriff Stanley Glanz 7/9/07; BOCC chair Randi Miller 7/9/07; county APPROVED stamp JUL 09 2007; functions not checked"
OK-tulsa-county-sheriff-office,renewal MOA,jail; task force,2009-10-15,2009-09-28,,stamp read from image,high,r_287gtulsacountyso101509.pdf,e84199b3203e64f5775b2fc9bdedefcd4e7db1bd3714bbb06ebc6a191a0d580b,Tulsa County Sheriff's Office,"p12; 2009 standardized MOA, TFO and Detention models; ICE Morton stamp OCT 15 2009; Sheriff Stanley Glanz 9/28/09; Board chairman John Smaligo 10/5/09; linked rows 2007-08-06 are the original agreement"
OK-tulsa-county-sheriff-office,MOA,jail,2013-06-28,2013-06-18,,stamp read from image (ICE); handwritten (LEA),high,r_287gtulsacountyso.pdf,2a2f0600771e88c8e52be2f8e0b088f3938130f206b03677c3d1c3397d50beb5,Tulsa County Sheriff's Office,"scanned; Morton struck, Homan handwritten; stamp JUN 28 2013; sheriff redacted June 18 2013; Board chair 6-24-13; p10"
OK-tulsa-county-sheriff-office,MOA,jail,2016-06-23,2016-06-08,,stamp read from image (ICE); handwritten (LEA),high,287gJEM_TulsaCoOk2016-06-23.pdf,bb2dbc2ae021c6b36c0d6f435e3a89bb8a4dfd1b0561fae3e9381fafbb2928c2,Tulsa County Sheriff's Office,EAD Homan; Sheriff Vic Regalado 2016-06-08; County Commissioner 2016-06-20; clerk attest and ADA form approval undated; p12
OK-tulsa-county-sheriff-office,addendum,jail,2019-05-01,2019-05-10,,handwritten read from image,high,287gJEM_TulsaCoOk2016-06-23.pdf,bb2dbc2ae021c6b36c0d6f435e3a89bb8a4dfd1b0561fae3e9381fafbb2928c2,Tulsa County Sheriff's Office,p1 addendum extending to 2020-06-30; AD Cronen 5-1-2019; Sheriff Regalado 05 10 2019
RI-state-police,renewal MOA,task force,2009-10-15,2009-10-08,,stamp read from image,high,r_287grhodeislandstatepolice101509.pdf,48425a0bafd97406b1038210a52ffdc37adb8fd7f271de58153464ad502fcf95,Rhode Island State Police,"p10; 2009 standardized MOA, TFO model; ICE Morton stamp OCT 15 2009; Superintendent Brendan P. Doherty Oct 8 2009"
SC-beaufort-county-sheriff-office,MOA,task force,2008-06-25,2008-06-10,,handwritten read from image,high,22585979-Beaufort-County-Sheriff-s-Office-South-Carolina-former-287-g-agreement-with-ICE.pdf,95a78db4e6ffed4eaa1ab511ab9eefea27d179ab68184ff89e1e9defee3db728,Beaufort County Sheriff's Office,"p11; Asst Sec Julie L. Myers 2008-06-25; Sheriff P.J. Tanner on 2008-06-10 and council chairman Weston Newton on a June 2008 date (the day reads 1?); original 2008 MOA, ICE FOIA release posted to Scribd by J Cox in 2009"
SC-beaufort-county-sheriff-office,MOA,task force,2009-10-15,2009-09-24,,stamp read from image,high,r_287gbeaufort101509.pdf,bb014b1a76b890f17819e8d095260702b0026707725985126f723d183f188311,Beaufort County Sheriff's Office,"2009 re-signed MOA; ICE stamp OCT 15 2009 (Morton, month faint); Sheriff P.J. Tanner 9-24-09; p11; linked 2008-06-25 is the original"
SC-berkeley-county-sheriff-office,MOA,task force,2025-05-08,2025-04-22,,handwritten read from image,high,BerkeleyCoSheriffsOfficeSC_TFM_MOA_05082025.pdf,c71df22fdad05c94298ac043873d45e17101a454ce4e61422e2283f982128c24,Berkeley County Sheriff's Office,p9; ICE Acting Director Todd Lyons 5-8-25; Sheriff S. Duane Lewis 4-22-2025
SC-charleston-county-sheriff-office,renewal MOA,jail,2009-11-09,2009-10-23,,stamp read from image,high,r_287gcharlestoncounty110909.pdf,cbd3bdad597949327f5b9d222f8c249e45fb8f1e959364391d1a829907ef28e7,Charleston County Sheriff's Office,"p11; 2009 standardized MOA, Detention model; ICE John T. Morton stamp NOV 09 2009; Sheriff J. Al Cannon Jr. 23 Oct 2009; County Administrator Allen O'Neal 10/23/09"
SC-charleston-county-sheriff-office,MOA,jail,2013-06-28,2013-06-18,,stamp read from image (ICE); handwritten (LEA),high,r_287gcharlestoncounty.pdf,409b6124278cc2bf9b77464aff4c68f7d8ef18b825f9b042e67534373cd1a0f0,Charleston County Sheriff's Office,"scanned; Morton block struck through, EAD Homan written in; stamp JUN 28 (year partly covered); sheriff redacted, 18 June 2013; p10"
SC-horry-county-sheriff-office,MOA,jail,2017-06-30,2017-06-28,,stamp read from image,high,287gJEM_HorryCoSc2017-06-30.pdf,cb248a159889edaa1308dc570371bc5409044f2cb4e38c87934233fa7afff236,Horry County Sheriff's Office,p12; same MOA signing as 428a56bc
SC-horry-county-sheriff-office,MOA,jail,2017-06-30,2017-06-28,,stamp read from image,high,Horry-sc-2017.pdf,428a56bcbf6186726051ea1819da859d8c51769b5e5409b3afa35ef93717833f,Horry County Sheriff's Office,p11; ICE Albence stamp JUN 30 2017; Sheriff Phillip E. Thompson 6/28/17; same signing as cb248a15 (no addendum in this copy)
SC-horry-county-sheriff-office,addendum,jail,2019-05-01,2019-05-08,,handwritten read from image,high,287gJEM_HorryCoSc2017-06-30.pdf,cb248a159889edaa1308dc570371bc5409044f2cb4e38c87934233fa7afff236,Horry County Sheriff's Office,p1 extension addendum; ICE Cronen 5-1-2019; Sheriff Thompson 5-8-19
SC-lexington-county-sheriff-office,MOA,jail,2010-08-19,2010-07-27,,stamp read from image,high,r_287glexingtoncountysheriffsdept.pdf,9ada9983773c1e5db9f409af85d738cb9c089394b98574e776dcd6c8ec2f6b99,Lexington County Sheriff's Department,"p11; Morton stamp AUG 19 2010; Sheriff James Metts and County Council chair James Kinard both July 27, 2010; Detention model"
SC-lexington-county-sheriff-office,MOA,jail,2016-11-04,2016-09-14,,stamp read from image,high,287gJEM_LexingtonCoSc2016-11-04.PDF,9b38f70d190156883687b901662f279133885bebdd73c86cd36f1be72243a213,Lexington County Sheriff's Department,p12; EAD Homan stamp NOV 4 2016; Sheriff Bryan Koon 9-14-16
SC-lexington-county-sheriff-office,addendum,jail,2019-05-01,2019-05-13,,handwritten read from image,high,287gJEM_LexingtonCoSc2016-11-04.PDF,9b38f70d190156883687b901662f279133885bebdd73c86cd36f1be72243a213,Lexington County Sheriff's Office,"p1 addendum extending MOA effective Nov 4, 2016 to June 30, 2020; AD Cronen 5-1-2019; Sheriff Bryan Koon 5-13-19"
SC-york-county-sheriff-office,MOA,jail,2007-10-03,2007-10-16,,handwritten read from image,high,yorkcountysheriffsofficesouthcarolina.pdf,abad68a2a3ecdce6b7ce14d3984b19fde51d706da9b4a274cc6be8ad97240bb0,"York County Sheriff's Office, South Carolina",p9 (image-only); Asst Sec Myers 10/3/07; Sheriff Bruce Bryant 10/16/2007; Council chair Houston Motz 10-16-07; ICE signed first; no linked row here but SC-york row dated 2007-10-16 (local date) is linked to the 2009 document instead
SC-york-county-sheriff-office,MOA,jail,2009-10-15,2009-10-08,,stamp read from image,high,r_287gyorkcountyso101509.pdf,0e5f4cc8a278f7ae1603ed77246f1cb66d85b688c33afad5978d22bf1decdc46,York County Sheriff's Office,"p11; Morton stamp OCT 15 2009; Sheriff Bruce Bryant 10/?/2k9 (day read 8, low); Detention model; linked 2007-10-16 is original"
SC-york-county-sheriff-office,renewal MOA,jail,2013-06-28,,,stamp read from image,med,r_287gyorkcountyso.pdf,4d86ad1593a3d62b6fd4e655dfef374b24f7721dc569767df787c3cbb753733d,York County Sheriff's Office,"p10 (scanned); 2013 renewal to June 30 2016; ICE Homan stamp JUN 28 2013 (day overprinted, year faint); sheriff date and name redacted/blank"
SC-york-county-sheriff-office,MOA,jail,2016-06-30,2016-06-27,,stamp read from image,high,287gJEM_YorkCoSc2016-06-30.pdf,650f6e6152bdb3150b93e5d677bb2ba581c6b7dcf6f3112458d55e82eb65b36d,York County Sheriff's Office,p12 (MOA p11); ICE Homan stamp JUN 30 2016; Sheriff Bruce Bryant 6/27/16; linked row 2016-06-28 matches neither signature
SC-york-county-sheriff-office,addendum,jail,2019-05-01,2019-05-01,,handwritten read from image,high,287gJEM_YorkCoSc2016-06-30.pdf,650f6e6152bdb3150b93e5d677bb2ba581c6b7dcf6f3112458d55e82eb65b36d,York County Sheriff's Office,p1 extension addendum to June 30 2020; ICE Cronen 5-1-2019; Sheriff Kevin R. Tolson 5-1-19
TN-davidson-county-sheriff-office,MOA,jail,2007-01-31,2007-02-06,,handwritten read from image,high,davidsoncountysheriffsoffice.pdf,b55ec833b03b867ab377852ab64dd0d2139d7379ba2eb19e187b095cc28a43e3,Davidson County Sheriff's Office (Metropolitan Government of Nashville and Davidson County),"scanned; Asst Sec Myers 1/31/07 (signed before locals); Sheriff (recommended) undated; Metro insurance 2007-02-06, Metro attorney 2007-02-08, filed with Metro Clerk 2007-02-21 (RS2007-1763); p10"
TN-davidson-county-sheriff-office,MOA,jail,2009-10-15,2009-10-08,,stamp read from image,high,r_287gnashvilledavidson101509.pdf,dd05e890079b0ca487c9408efc3e75ce046823aaef9a635ea3f38d2fb24964e1,Davidson County Sheriff's Office,"2009 re-signed MOA; ICE stamp OCT 15 2009; Sheriff Daron Hall 10-8-09; Metro finance/insurance/legal approvals 10/8/09, Metro Clerk attest 10/20/09 (p21); p11; linked 2007-02-21 is the original"
TN-department-of-safety-and-homeland-security,MOA,task force,2008-06-25,2008-06-19,,handwritten read from image,high,22589586-Tennessee-Highway-Patrol-former-287-g-agreement-with-ICE.pdf,bbf36ad86d3b2c5d05448622e49db51000c1bf717ce2c457ae495057bd5144b7,Tennessee Department of Safety,"signature page; Asst Sec Julie L. Myers 2008-06-25; Commissioner Dave Mitchell and Col. Mike Walker on 2008-06-19; original 2008 MOA, ICE FOIA release posted to Scribd by J Cox in 2009"
TN-department-of-safety-and-homeland-security,renewal MOA,task force,2009-10-15,2009-10-08,,stamp read from image,high,r_287gtennesseehighwaypatrol101509.pdf,f8eaad7099b19cd9bc33ec90cee84f02eb94f6e474b3ca8fa8e55d904aeef8f7,Tennessee Department of Safety (Tennessee Highway Patrol),p11; 2009 revised MOA; ICE Morton stamp OCT 15 2009; Col. Michael Walker 10-08-2009 and Commissioner Dave Mitchell 10-08-09; TFO model; linked row 2008-06-25
TN-greene-county-sheriff-office,MOA,jail,2019-02-28,2019-02-12,,handwritten read from image,high,greeneCountyTN_MOA_02282019.pdf,c9d1118d8fd49189b00ec69b7fa68a5d715728890452c37760776380dffe82e9,Greene County Sheriff's Office,p10; ICE C.M. Cronen 2-28-2019; Sheriff Wesley Holt 02-12-19
TN-knox-county-sheriff-office,MOA,jail,2017-06-15,2017-06-13,,stamp read from image,high,287gJEM_KnoxCoTn2017_06_15_20210116_af9ec125c17c.pdf,af9ec125c17c33fc0cbfe598950d7c6e2f80a6c8f88c0fb24c78c7330f6719c9,Knox County Sheriff's Office,p12; ICE EAD Matthew Albence stamp JUN 15 2017; Sheriff Jimmy J.J. Jones 6/13/17
TN-knox-county-sheriff-office,MOA,jail,2017-06-15,2017-06-13,,stamp read from image,high,KnoxCounty.pdf,b8988f3ba5059a5e4a5b69ac470ca537dbc6a642e8b32e853411f1ad2280ed23,Knox County Sheriff's Office,p11; same 2017 MOA as af9ec125 without the 2019 addendum; ICE Albence JUN 15 2017; Sheriff J.J. Jones 6/13/17; unlinked duplicate
TN-knox-county-sheriff-office,addendum,jail,2019-05-01,2019-05-14,,handwritten read from image,high,287gJEM_KnoxCoTn2017_06_15_20210116_af9ec125c17c.pdf,af9ec125c17c33fc0cbfe598950d7c6e2f80a6c8f88c0fb24c78c7330f6719c9,Knox County Sheriff's Office,p1; 2019 addendum extending MOA to 2020-06-30; ICE C.M. Cronen 5-1-2019; Sheriff Tom Spangler May 14 2019
TX-aransas-county-sheriff-office,MOA,jail,2017-06-30,2017-06-20,,stamp read from image,high,aransas-tx-2017.pdf,c015c574c99cf6ed3153093ca175d830f55f239285041026538834e323f3151c,Aransas County Sheriff's Office,p11; ICE Albence stamp JUN 30 2017; Sheriff William A. Mills June 20 2017 (day med)
TX-bee-county-sheriff-office,MOA,warrant service officer,2025-02-24,2025-02-18,,typed text,high,BeeCounty_WSO_MOA_022425_1d0ded0082dc.pdf,1d0ded0082dc009f39b0675bfdfc5cb32d5c37f46c03c9622b7ee375b3706f54,Bee County Sheriff's Office,"WSO MOA; ICE typed February 24, 2025 (Caleb Vitello, Acting Director); Sheriff Randy Aguirre handwritten 2-18-2025; p7; scanned, no text layer elsewhere"
TX-burnet-county-sheriff-office,MOA,jail,2018-02-02,2018-01-29,,handwritten read from image,high,287g-Burnet.pdf,13301d53003250aaca3418bdb8d39001b300366efb4e922ab680d9c0b5b3b8bc,Burnet County Sheriff's Office,p11; ICE Corey A. Price 2/2/18; Sheriff Calvin Boyd 1-29-18
TX-burnet-county-sheriff-office,MOA,jail,2018-02-02,2018-01-29,,handwritten read from image,high,287gJEM_BurnetCoTx2018-02-02.pdf,c5633429490259d4c7d1e671a7c8462ed18853c4abc71f40ee656f4d9310680f,Burnet County Sheriff's Office,p12; ICE Corey A. Price 2/2/18; Sheriff Calvin Boyd 1-29-18
TX-calhoun-county-sheriff-office,MOA,jail,2017-06-28,2017-06-20,,stamp read from image,high,calhoun-tx-2017.pdf,a869f0367ff462eff2e9471c903e6e5831145e8b3244e3324aadf6f41c7da2b5,Calhoun County Sheriff's Office,p11; ICE EAD Albence stamp JUN 28 2017; Sheriff Bobbie Vickery 06/20/2017
TX-calhoun-county-sheriff-office,MOA,jail,2020-03-13,2020-03-09,,handwritten read from image,high,287gJEM_CalhounCoTx2020-03-13.pdf,00983cf625f6b7f23bdaf18d5fc9ee4255bae78ff79869b3963d193dcc98aeda,Calhoun County Sheriff's Office,"p7; AD C.M. Cronen 3-13-2020; Sheriff Bobbie Vickery March 9, 2020; 2019 template (functions via SOP Appendix A)"
TX-carrollton-police-department,MOA,jail,2008-08-12,2008-07-31,,handwritten read from image,high,22586012-Carrollton-Police-Department-Texas-former-287-g-agreement-with-ICE.pdf,dac7b623d1990441d8fd088a5d01147beed8f9960687c1b69d4103453df82d8b,Carrollton Police Department,"signature page; Asst Sec Julie L. Myers 2008-08-12; City Manager Leonard Martin on 2008-07-31; original 2008 MOA, ICE FOIA release posted to Scribd by J Cox in 2009"
TX-carrollton-police-department,renewal MOA,jail,2009-10-15,2009-09-28,,stamp read from image,high,r_287gcarrollton101509.pdf,354090209eb1aeff6a6603ce02487039ad643a27d8d795522e5f336aa4208d1e,City of Carrollton Police Department,p10; 2009 revised MOA; ICE Morton stamp OCT 15 2009; City Manager Leonard Martin 9-28-09; Detention model; linked row 2008-08-12
TX-carrollton-police-department,renewal MOA,jail,2013-06-28,2013-06-17,,handwritten read from image,high,r_287gcarrollton.pdf,0bd2ce5d012ed99cac240d6b91fa2929826856f6c57083a8f237c9c34866a177,Carrollton Police Department,p10 (image-only); ICE Thomas D. Homan (Morton struck) 6/28/13; City Manager (name redacted) 6-17-2013; term to 2016-06-30
TX-chambers-county-sheriff-office,MOA,jail,2017-07-17,2017-07-13,,stamp read from image (ICE); handwritten (LEA),high,chambers-tx-2017.pdf,bfa03dad2824ac6e68cb976dd58e29fc35dac7dab930c42973e953b9dd0a9c41,Chambers County Sheriff's Office,EAD Albence; Sheriff Brian C. Hawthorne; p11
TX-dewitt-county-sheriff-office,MOA,jail,2017-06-30,2017-06-26,,stamp read from image,high,DeWitt-tx-2017.pdf,bec2e4c1a1dfde24f255882ff5ce43507c6b3f16c81cf13c2609b9ee640ff3c2,DeWitt County Sheriff's Office,ICE stamp JUN 30 2017 (Albence); Sheriff Carl Bowen 6-26-2017 (month partly obscured); p11; p12 (11A) County Judge Daryl L. Fowler approval June 26 2017 with commissioners court certificate
TX-farmers-branch-police-department,MOA,task force,2008-07-08,2008-06-24,,handwritten read from image,high,22586061-Farmers-Branch-Police-Department-Texas-former-287-g-agreement-with-ICE.pdf,270f3a6d001d3f707dc6be184c786d8f612c3e977936eb33a1140b4b4990a237,Farmers Branch Police Department,"signature page; Asst Sec Julie L. Myers 2008-07-08; City Manager Gary Greer on 2008-06-24; original 2008 MOA, ICE FOIA release posted to Scribd by J Cox in 2009"
TX-farmers-branch-police-department,MOA,task force,2009-10-15,2009-10-05,,stamp read from image,high,r_287gfarmersbranchpd101509.pdf,01dc13f72958e0c2202902e6ade072cbaffec2c1fe3ca7ced672a8afb9192f52,Farmers Branch Police Department,"p11; Morton stamp OCT 15 2009; City Manager Gary Greer 10/5/09; TFO model; linked 2008-07-08 is original, this is 2009 re-signing"
TX-fort-bend-county-sheriff-office,MOA,jail,2025-05-28,2025-05-23,,typed text,high,FortBendCoSheriffsOfficeTX_JEM_MOA_05.28.2025.pdf,6de4bfe77ac1c32c3c02cac1cdf31dc84b9a97e43ec4a0c8ccaf58a32d7ae015,Fort Bend County Sheriff's Office,"ICE typed (Todd M. Lyons, Acting Director); Sheriff Eric Fagan handwritten 5-23-2025; p7"
TX-galveston-county-sheriff-office,MOA,jail,2017-06-30,2017-06-23,,stamp read from image,high,galveston-tx-2017.pdf,f643d1aab2a2b69eaa618a115422877ca4a7a25e214c0aad9644d965a3bd407d,Galveston County Sheriff's Office,p11; EAD Albence stamp JUN 30 2017; Sheriff Henry Trochesset 6/23/17
TX-galveston-county-sheriff-office,addendum,jail,2019-05-01,2019-05-14,,handwritten read from image,high,287gJEM_BurnetCoTx2018-02-02.pdf,c5633429490259d4c7d1e671a7c8462ed18853c4abc71f40ee656f4d9310680f,Galveston County Sheriff's Office,p1 is a GALVESTON County extension addendum (MOA effective 2017-06-30) bound into the Burnet file - wrong agency; ICE Cronen 5-1-2019; Sheriff Henry Trochesset 5/14/19
TX-goliad-county-sheriff-office,MOA,jail,2017-06-26,2017-06-21,,stamp read from image (ICE); handwritten (LEA),high,287gJEM_GoliadCoTx2017-06-26.pdf,d63f167ba8d94c48d1271781eb9a1eb1c6e50cf78d84e7ec06ef2d7a01086f34,Goliad County Sheriff's Office,EAD Albence; Sheriff Kirby Brumby; p12
TX-goliad-county-sheriff-office,MOA,jail,2017-06-26,2017-06-21,,stamp read from image,high,goliad-tx-2017.pdf,6a74b09420b3bb09a7ede0d8dd55b5096ecdf0e9b326309b42c988be8ac2a611,Goliad County Sheriff's Office,ICE stamp JUN 26 2017 (Albence); Sheriff Kirby Brumby 06-21-2017; p11
TX-goliad-county-sheriff-office,addendum,jail,2019-05-01,2019-05-29,,handwritten read from image,high,287gJEM_GoliadCoTx2017-06-26.pdf,d63f167ba8d94c48d1271781eb9a1eb1c6e50cf78d84e7ec06ef2d7a01086f34,Goliad County Sheriff's Office,"p1 addendum extending to 2020-06-30; AD Cronen dated 5-1-2019 (batch date, before sheriff); Sheriff Brumby 05-29-2019; no row for it"
TX-harris-county-sheriff-office,MOA,jail,2008-07-20,2008-06-26,,handwritten read from image,high,22586103-Harris-County-Sheriff-s-Office-Texas-former-287-g-agreement-with-ICE.pdf,bdc54c02cd189bb180eeeb2cebd9e5835542939dc9bd6727b264f0b68a04dd9d,Harris County Sheriff's Office,"signature page; Asst Sec Julie L. Myers 2008-07-20; Sheriff Tommy Thomas on 2008-06-26 and County Judge Ed Emmett on 2008-07-07; original 2008 MOA, ICE FOIA release posted to Scribd by J Cox in 2009"
TX-harris-county-sheriff-office,renewal MOA,jail,2009-11-16,2009-10-20,,stamp read from image,med,r_287gharriscountyso111609.pdf,ea211d6906082576e92885278196b6814f5a4a81900df64f43ba26ba9a208200,Harris County Sheriff's Office,"p11; ICE Morton stamp reads NOV [1]6 2009, first digit faint - 16 per filename 111609; Sheriff Adrian Garcia 10/20/09; linked row 2008-07-20 is the original"
TX-harris-county-sheriff-office,MOA,jail,2013-11-04,2013-11-01,,handwritten read from image,med,r_287gharriscountyso.pdf,cb29e3b45a50897a4eedcda78d98b3fdad46dae77686646b7ec2b0d7b11b3138,Harris County Sheriff's Office,"ICE Thomas D. Homan 11/4/13 handwritten; Sheriff Adrian Garcia 11/1/13 (partly obscured by signature); p10; term to June 30 2016; also linked to 2016-06-28 row, which this document is not"
TX-jackson-county-sheriff-office,MOA,jail,2017-01-26,2017-01-23,,stamp read from image,high,287gJEM_JacksonCoTx2017-01-26.pdf,ab9fb3e747b8639f09f2e13c23bba03ae33a730467efdf944f1230c61e341bce,Jackson County Sheriff's Office,p11 (page 10 of MOA); ICE EAD Homan stamp JAN 26 2017; Sheriff Louderback 1/23/2017
TX-jackson-county-sheriff-office,MOA,jail,2017-01-26,2017-01-23,,stamp read from image (ICE); handwritten (LEA),high,287gJacksonTx2017-01-26.pdf,e3f4bb8daca670e4aeb4a9fd32852303f2f7f5b77fc3be6abf4f711b6dc0e45b,Jackson County Sheriff's Office,EAD Thomas Homan; Sheriff A.J. Louderback; p10
TX-jackson-county-sheriff-office,addendum,jail,2019-05-01,2019-05-17,,handwritten read from image,high,287gJEM_JacksonCoTx2017-01-26.pdf,ab9fb3e747b8639f09f2e13c23bba03ae33a730467efdf944f1230c61e341bce,Jackson County Sheriff's Office,p1; 2019 extension addendum; ICE Cronen 5-1-2019; Sheriff A.J. Louderback 5-17-19
TX-kendall-county-sheriff-office,MOA,jail,2018-03-26,2018-03-12,,handwritten read from image,high,287g_KendallCountyTX.pdf,a9545a9e2ea2d3d08be42b01687e6d793723db6c2be717b32e0b58d9efc74c70,Kendall County Sheriff's Office,p11; AD Corey Price 3/26/18; Sheriff Al Auxier and County Judge Darrel Lux both 3-12-18
TX-kendall-county-sheriff-office,MOA,jail,2020-03-13,2020-03-06,,handwritten read from image,high,287gJEM_KendallCoTx2020-03-13.pdf,f707c24e3ba10248b525c73b79b89c5f2833c32dfd7d3b3741f9b915ab032b58,Kendall County Sheriff's Office,AD C.M. Cronen; Sheriff Al Auxier; p7
TX-lavaca-county-sheriff-office,MOA,jail,2017-06-30,2017-06-26,,stamp read from image,high,287gJEM_LavacaCoTx2017-06-30.pdf,7fecd4fa9014d2a081ea03713ae9306a53b0df5ae965781cdcc41f1948c5c726,Lavaca County Sheriff's Office,p12 (MOA p11); ICE Albence stamp JUN 30 2017; Sheriff Micah C. Harmon 06/26/2017
TX-lavaca-county-sheriff-office,MOA,jail,2017-06-30,2017-06-26,,stamp read from image,high,lavaca-tx-2017.pdf,35008dd85dd4d897793a50fe8c3db3f58aefb8863a084dd6159af2086c0adbe7,Lavaca County Sheriff's Office,p11; ICE EAD Albence stamp JUN 30 2017; Sheriff Micah C. Harmon 06/26/2017
TX-lavaca-county-sheriff-office,addendum,jail,2019-05-01,2019-05-23,,handwritten read from image,high,287gJEM_LavacaCoTx2017-06-30.pdf,7fecd4fa9014d2a081ea03713ae9306a53b0df5ae965781cdcc41f1948c5c726,Lavaca County Sheriff's Office,p1 extension addendum to June 30 2020; ICE Cronen 5-1-2019; Sheriff Harmon 05/23/2019
TX-lubbock-county-sheriff-office,MOA,jail,2016-11-16,2016-11-08,,stamp read from image,med,287gJEM_LubbockCoTx2016-11-16.pdf,49c421e19e36de48cc27fc762d8883be38d0a2657eca1182196c1dff6cf48f59,Lubbock County Sheriff's Office,"ICE stamp NOV 16 2016 (Homan, month partly faint); Sheriff Kelly S. Rowe 11-8-2016 (could be 11-18); p12"
TX-lubbock-county-sheriff-office,MOA,jail,2016-11-16,2016-11-08,,stamp read from image (ICE); handwritten (LEA),high,lubbockCounty_11-16-2016.pdf,59f1505b8d6b0f7d7531e6de0012e3414868881dfa182dccab91d46145833557,Lubbock County Sheriff's Office,EAD Homan; Sheriff Kelly S. Rowe 11-8-2016; p11
TX-lubbock-county-sheriff-office,addendum,jail,2019-05-01,2019-05-06,,handwritten read from image,high,287gJEM_LubbockCoTx2016-11-16.pdf,49c421e19e36de48cc27fc762d8883be38d0a2657eca1182196c1dff6cf48f59,Lubbock County Sheriff's Office,p1 addendum to June 30 2020; Cronen / Rowe
TX-matagorda-county-sheriff-office,MOA,jail,2017-07-27,2017-07-17,,handwritten read from image,med,287gMatagordaTx2017_07_27.pdf,ceec3c4ae48b780daf3bc46b8dc2d591fb6ec6b5505914edb3970ca074e3cb80,Matagorda County Sheriff's Office,"p11; EAD Albence 7-27-17 partly overwritten by signature; Sheriff Frank Osborne July 17, 2017"
TX-matagorda-county-sheriff-office,MOA,jail,2020-03-13,2020-03-10,,handwritten read from image,high,287gJEM_MatagordaCoTx2020-03-13.pdf,18617eb3d31fcda376d5f5cacfe7356e0291ec172f94852987afc7a6405eb181,Matagorda County Sheriff's Office,p7; ICE C.M. Cronen 3-13-2020; Sheriff Frank D. Osborne 3/10/2020
TX-montgomery-county-sheriff-office,MOA,jail,2017-06-28,2017-06-26,,stamp read from image,high,montgomery_tx_2017_20180224_d31f55311b54.pdf,d31f55311b546283e59143dc44302cb01f19466e4cbb75a4dabf9c96281f5099,Montgomery County Sheriff's Office,p11; EAD Albence stamp JUN 28 2017; Sheriff Rand Henderson 6.26.2017
TX-montgomery-county-sheriff-office,MOA,jail,2017-06-28,2017-06-26,,stamp read from image,high,montgomery_tx_2017_20240418_3474f042b800.pdf,3474f042b80037b1051c64a0331aa9d3770243b8cbfcd49f08e0a50dae66962a,Montgomery County Sheriff's Office,"file truncated at exactly 1 MiB, poppler cannot open; signature page (p11) recovered by extracting embedded JPEG object 118; ICE stamp JUN 28 2017 (Matthew T. Albence), Sheriff Rand Henderson 6.26.2017; functions from model name, Appendix D not read"
TX-montgomery-county-sheriff-office,MOA,jail,2020-06-09,2020-05-13,,typed text,high,MOA_287gJEM_montgomeryCoTX_06-09-2020.pdf,f4ccfb872d7a9400a024f8d8aec5c13ba06c29c3df1550274f66d9ebac1f67b4,Montgomery County Sheriff's Office,p7; ICE C.M. Cronen digital signature 2020.06.09; Sheriff Rand Henderson handwritten 5.13.2020
TX-nueces-county-sheriff-office,MOA,jail,2018-02-08,2018-01-18,,handwritten read from image,med,287g-Nueces.pdf,513a4c87d26c94ebc4a9f6812815005d257e3f7d0f692bbacb9aa1591d0edb24,Nueces County Sheriff's Office,p11; ICE Asst Dir Corey A. Price handwritten 2/8/18 (could be 2/9); Sheriff Jim Kaelin 1/18/18
TX-nueces-county-sheriff-office,MOA,jail,2018-02-08,2018-01-18,,handwritten read from image,med,287gJEM_NuecesCoTx2018-02-08.pdf,2e9afb2a8849e1036bd2d484bd345b56b70114916852fa4a52994477593ffbaf,Nueces County Sheriff's Office,"p12; AD Corey Price 2/8/18 (8 partly over-struck by signature; addendum says effective Feb 9, 2018); Sheriff Jim Kaelin 1/18/18; linked row 2018-01-18 is the sheriff date"
TX-nueces-county-sheriff-office,addendum,jail,2019-05-01,2019-05-15,,handwritten read from image,high,287gJEM_NuecesCoTx2018-02-08.pdf,2e9afb2a8849e1036bd2d484bd345b56b70114916852fa4a52994477593ffbaf,Nueces County Sheriff's Office,"p1 addendum extending MOA effective Feb 9, 2018 to June 30, 2020; AD Cronen 5-1-2019; Sheriff J.C. Hooper 05/15/2019"
TX-potter-county-sheriff-office,MOA,jail,2018-01-25,2018-01-10,,stamp read from image,high,287g-PotterCounty.pdf,fe208d872162c72542a98af3ac98b30adf5d6258e25c779a95feed00216b2c8c,Potter County Sheriff's Office,p11; ICE Matthew Albence stamp JAN 25 2018; Sheriff Brian L. Thomas 1-10-18; County Judge Nancy Tanner signed undated
TX-potter-county-sheriff-office,MOA,jail,2018-01-25,2018-01-12,,stamp read from image,high,287gJEM_PotterCoTx2018-01-25.pdf,b7bb10c133cd5bad9e01e980ef8d3ec01df9ff0673f5ca9001c293ee573d96dd,Potter County Sheriff's Office,"p12; ICE Albence stamp JAN 25 2018; Sheriff Brian L. Thomas 1-12-18 (day med); County Judge Nancy Tanner also signed, undated"
TX-potter-county-sheriff-office,addendum,jail,2019-05-01,2019-05-24,,handwritten read from image,high,287gJEM_PotterCoTx2018-01-25.pdf,b7bb10c133cd5bad9e01e980ef8d3ec01df9ff0673f5ca9001c293ee573d96dd,Potter County Sheriff's Office,p1 extension addendum; ICE Cronen; Sheriff Thomas 5-24-19
TX-refugio-county-sheriff-office,MOA,jail,2017-06-28,2017-06-21,,stamp read from image (ICE); handwritten (LEA),high,287gJEM_RefugioCoTx2017-06-28.pdf,97bc769be791c765cf536777ddefebe4a0f49f1c8511e49e28f625d94d2edb91,Refugio County Sheriff's Office,EAD Albence; Sheriff Raul Gonzales; p12
TX-refugio-county-sheriff-office,MOA,jail,2017-06-28,2017-06-21,,stamp read from image,high,refugio-tx-2017.pdf,7254d19bdc2d905577de32d0e74a348bff5e32aac45d72a56f45ec38e9fdc234,Refugio County Sheriff's Office,p11; ICE Albence stamp JUN 28 2017; Sheriff Raul Gonzales 06/21/17
TX-refugio-county-sheriff-office,addendum,jail,2019-05-01,2019-05-24,,handwritten read from image,high,287gJEM_RefugioCoTx2017-06-28.pdf,97bc769be791c765cf536777ddefebe4a0f49f1c8511e49e28f625d94d2edb91,Refugio County Sheriff's Office,p1 addendum extending to 2020-06-30; AD Cronen 5-1-2019; Sheriff Gonzales 5-24-19
TX-rockwall-county-sheriff-office,MOA,jail,2018-01-25,2018-01-23,,stamp read from image,med,287g-RockwallCounty.pdf,d5ee75c6ebd31ba05d3e1ac1b7681841a11c4ac2b7fdfcce6aa6e6bc6097be10,Rockwall County Sheriff's Office,ICE stamp JAN 25 2018 (Albence); Sheriff Harold Eavenson 1/23/18 (could be 1/22); County Judge David Sweet signed undated; p10
TX-rockwall-county-sheriff-office,MOA,jail,2018-01-25,2018-01-23,,stamp read from image,high,287gJEM_RockwallCoTx2018-01-25.pdf,073b24f21258f5259ed36e909d3b4336a37e7a863db9d47a5939af81c3cc8a55,Rockwall County Sheriff's Office,p11; EAD Albence stamp JAN 25 2018; Sheriff Eavenson 1/23/18 (day slightly unclear); County Judge David Sweet signed undated
TX-rockwall-county-sheriff-office,addendum,jail,2019-05-01,2019-05-13,,handwritten read from image,high,287gJEM_RockwallCoTx2018-01-25.pdf,073b24f21258f5259ed36e909d3b4336a37e7a863db9d47a5939af81c3cc8a55,Rockwall County Sheriff's Office,"p1 addendum extending MOA effective Jan 25, 2018 to June 30, 2020; AD Cronen 5-1-2019; County Judge David Sweet 5/13/2019; Sheriff Harold Eavenson 5-14-2019"
TX-smith-county-sheriff-office,MOA,jail,2017-04-25,2017-04-21,,stamp read from image,high,287gJEM_SmithCoTx2017-04-25.pdf,fa59e462eda86ad81c74e415fb7fb257f6486363876f593ad3444312e6b89b93,Smith County Sheriff's Office,ICE stamp APR 25 2017 (Albence); Sheriff Larry R. Smith 4/21/2017; p11
TX-smith-county-sheriff-office,MOA,jail,2017-04-25,2017-04-21,,stamp read from image,high,287gSmithCounty2017.pdf,bf56a505e54bcf64aec43b4511d3a1f0126c169cc896272bb2966676344f7cfa,Smith County Sheriff's Office,p10; ICE EAD Albence stamp APR 25 2017; Sheriff Larry R. Smith 4/21/2017 (day partly obscured)
TX-smith-county-sheriff-office,addendum,jail,2019-05-01,2019-05-08,,handwritten read from image,high,287gJEM_SmithCoTx2017-04-25.pdf,fa59e462eda86ad81c74e415fb7fb257f6486363876f593ad3444312e6b89b93,Smith County Sheriff's Office,p1 addendum to June 30 2020; Cronen / Smith
TX-tarrant-county-sheriff-office,MOA,jail,2017-06-19,2017-06-06,,stamp read from image,high,287gJEM_TarrantCoTx2017-06-19.pdf,dba694dfde519fb074e9ec95a021775014301d6bec2bb696ec7a0ea01e88520d,Tarrant County Sheriff's Office,"p12; ICE Albence stamp JUN 19 2017; Sheriff Bill E. Waybourn June 6, 2017"
TX-tarrant-county-sheriff-office,MOA,jail,2017-06-19,2017-06-06,,stamp read from image,high,TarrantCountySheriff.pdf,32ee1bed017c8e766593b7b46eff6062a8c8f3d1f69c7d6262205429261e35c8,Tarrant County Sheriff's Office,"ICE stamp JUN 19 2017 (Albence); Sheriff Bill E. Waybourn, date line blank, June 6, 2017 written below; p10"
TX-tarrant-county-sheriff-office,addendum,jail,2019-05-01,2019-06-24,,handwritten read from image,high,287gJEM_TarrantCoTx2017-06-19.pdf,dba694dfde519fb074e9ec95a021775014301d6bec2bb696ec7a0ea01e88520d,Tarrant County Sheriff's Office,p1 extension addendum; ICE Cronen; Sheriff Waybourn 6/24/2019
TX-terrell-county-sheriff-office,MOA,jail,2018-01-25,2018-01-17,,stamp read from image,high,287g-TerrellCounty.pdf,b7a293d51b237e3fb9ce50b238751e0499fbe09fc7eaedd2353e77e762d0eebb,Terrell County Sheriff's Office,p10; ICE Matthew Albence stamp JAN 25 2018; Sheriff Keith Hughes 01/17/2018
TX-terrell-county-sheriff-office,MOA,jail,2018-01-25,2018-01-17,,stamp read from image,high,287gJEM_TerrellCoTx2018-01-25.pdf,16355d8d0da1304248b3560bc69f250631a23a9640a234ea4240a01406873a87,Terrell County Sheriff's Office,p11; ICE EAD Albence stamp JAN 25 2018; Sheriff Keith Hughes 01/17/2018; no Terrell addendum in file
TX-victoria-county-sheriff-office,MOA,jail,2017-07-12,2017-07-04,,stamp read from image,high,287gJEM_VictoriaCoTx2017-07-12.pdf,ccf6b1b690f06fc79d949a37445bd502b34f62a777a2cea5eee412a00148be10,Victoria County Sheriff's Office,p12 (MOA p11); ICE Albence stamp JUL 12 2017; Sheriff T. Michael O'Connor 07.04.17
TX-victoria-county-sheriff-office,MOA,jail,2017-07-12,2017-07-04,,stamp read from image (ICE); handwritten (LEA),high,Victoria-tx-2017.pdf,12831ddb2b8e1fb15216bea299eb2216bd55b5f03a51f095e2896ea196ab0873,Victoria County Sheriff's Office,EAD Matthew Albence; Sheriff T. Michael O'Connor 07.04.17; p11
TX-victoria-county-sheriff-office,addendum,jail,2019-05-01,2019-05-15,,handwritten read from image,high,287gJEM_VictoriaCoTx2017-07-12.pdf,ccf6b1b690f06fc79d949a37445bd502b34f62a777a2cea5eee412a00148be10,Victoria County Sheriff's Office,p1 extension addendum to June 30 2020; ICE Cronen 5-1-2019; Sheriff O'Connor 5-15-19
TX-walker-county-sheriff-office,MOA,jail,2017-07-20,2017-07-14,,stamp read from image,high,287gJEM_WalkerCoTx2017-07-20.pdf,6c00de3af64fd25829ba9c2677e82a5c8c84cc0d94d2cd6822eb86907e66beaa,Walker County Sheriff's Office,p12; EAD Albence stamp JUL 20 2017; Sheriff McRae 7-14-2017
TX-walker-county-sheriff-office,MOA,jail,2017-07-20,2017-07-14,,stamp read from image,high,walker-tx-2017.pdf,f048f91b0a558f42f7021e6bca5b559dea9665ba10ea52df7314609c8d0459e3,Walker County Sheriff's Office,p11; ICE Albence stamp JUL 20 2017; Sheriff Clint R. McRae 7-14-2017
TX-walker-county-sheriff-office,addendum,jail,2019-05-01,2019-05-17,,handwritten read from image,high,287gJEM_WalkerCoTx2017-07-20.pdf,6c00de3af64fd25829ba9c2677e82a5c8c84cc0d94d2cd6822eb86907e66beaa,Walker County Sheriff's Office,"p1 addendum extending MOA effective July 20, 2017 to June 30, 2020; AD Cronen 5-1-2019; Sheriff Clint McRae 5-17-19"
TX-waller-county-sheriff-office,MOA,jail,2017-05-22,2017-05-08,,stamp read from image (ICE); handwritten (LEA),high,287gWallerTx2017-05-22.pdf,d83816df91d9baf97972e3fedc342d63653e845c6e4d269b2745b5684d250396,Waller County Sheriff's Office,EAD Albence; Sheriff R. Glenn Smith; p11
TX-wharton-county-sheriff-office,MOA,jail,2017-07-17,2017-07-10,,stamp read from image,high,287gJEM_WhartonCoTx2017-07-17.pdf,5ec84cc42df13eec575ce26a0fc4c12d55441758436eab609df2a8ba2236cd1a,Wharton County Sheriff's Office,p12; ICE EAD Albence stamp JUL 17 2017; Sheriff Srubar 7-10-17
TX-wharton-county-sheriff-office,MOA,jail,2017-07-17,2017-07-10,,stamp read from image,high,Wharton-tx-2017.pdf,ff5dac5d6f2de59ecf097fae3f1089347c8618c7688baed9e389cdfa4103df38,Wharton County Sheriff's Office,p11; ICE Albence stamp JUL 17 2017; Sheriff Shannon Srubar 7-10-17
TX-wharton-county-sheriff-office,addendum,jail,2019-05-01,2019-05-21,,handwritten read from image,high,287gJEM_WhartonCoTx2017-07-17.pdf,5ec84cc42df13eec575ce26a0fc4c12d55441758436eab609df2a8ba2236cd1a,Wharton County Sheriff's Office,p1; 2019 extension addendum; ICE Cronen 5-1-2019; Sheriff Shannon Srubar 5-21-2019
TX-williamson-county-sheriff-office,MOA,jail,2018-02-08,2018-02-07,,handwritten read from image,high,287g-Williamson.pdf,eca6d5c4846531302752c578cd8a0eaff15cfb0f41a42373c9665430d892631a,Williamson County Sheriff's Office,AD Corey Price; Sheriff Robert Chody; p11; same signing as a223b338 (which is linked to 2018-02-08) but without the 2019 addendum
TX-williamson-county-sheriff-office,MOA,jail,2018-02-08,2018-02-07,,handwritten read from image,high,287gJEM_WilliamsonCoTx2018-02-08.pdf,a223b338b177753cb78bbc673eb97757efd45b0041d03551a219ab507a2fa9c4,Williamson County Sheriff's Office,AD Corey Price; Sheriff Robert Chody; p12; same signing as eca6d5c4
TX-williamson-county-sheriff-office,addendum,jail,2019-05-01,2019-05-09,,handwritten read from image,high,287gJEM_WilliamsonCoTx2018-02-08.pdf,a223b338b177753cb78bbc673eb97757efd45b0041d03551a219ab507a2fa9c4,Williamson County Sheriff's Office,p1 addendum extending to 2020-06-30; AD Cronen 5-1-2019; Sheriff Chody 5-9-19
UT-washington-county-sheriff-office,MOA,jail,2008-09-22,2008-08-19,,handwritten read from image,high,22589594-Washington-County-Sheriff-s-Office-Utah-former-287-g-agreement-with-ICE.pdf,709cc14c0e5f4ba3441aed1181abe9a831345307ef9fdc7f98695d4430d48908,Washington County Sheriff's Office,"signature page; Asst Sec Julie L. Myers 2008-09-22; commission chair Eardley on 2008-08-19 (this copy is the county's fax to ICE of 2009-07-15); original 2008 MOA, ICE FOIA release posted to Scribd by J Cox in 2009"
UT-washington-county-sheriff-office,renewal MOA,jail,2009-10-15,2009-10-06,,stamp read from image,high,r_287gwashingtoncountysout101509.pdf,1b2ed27cd0d17da69ef2d2b02aed94b85cfe36fe6dd21626016ff2046ed53e15,Washington County Sheriff's Office,p10; ICE Morton stamp OCT 15 2009; Sheriff Kirk E. Smith 10/6/09; Detention model; linked row 2008-09-22 is the original
UT-weber-county-sheriff-office,MOA,jail,2008-09-22,2008-08-20,,handwritten read from image,high,22589596-Weber-County-Sheriff-s-Office-Utah-former-287-g-agreement-with-ICE.pdf,5c60c17893199c83121ed607a6964044fbcbddc77cb81f53d432c6c7f630f0a0,Weber County Sheriff's Office,"signature page; Asst Sec Julie L. Myers 2008-09-22; Sheriff Brent Slater on 2008-08-20 (Bates ICE.000020.2009FOIA994); original 2008 MOA, ICE FOIA release posted to Scribd by J Cox in 2009"
UT-weber-county-sheriff-office,MOA,jail,2009-10-15,2009-09-24,,stamp read from image,high,r_287gwebercountyso101509.pdf,646679ad2728d895393f550a7ea9bff6af42b38138f14d09d30bfbdac19cb28a,Weber County Sheriff's Office,"p11; Morton stamp OCT 15 2009; Sheriff Brad Slater September 24, 2009; Detention model; linked 2008-09-22 is original"
UT-weber-county-sheriff-office,renewal MOA,jail,2013-06-27,2013-06-27,,stamp read from image,med,r_287gwebercountyso.pdf,f5723b3eea891258bb0a8e06cca3c9893e9b39679187dcae2691c6f3ad69fb4e,Weber County Sheriff's Office,p10 (scanned); 2013 renewal to June 30 2016; ICE Homan stamp JUN 27 2013; Sheriff (redacted) handwritten June 27 2013 (could read 22)
VA-culpeper-county-sheriff-office,MOA,jail,2018-04-24,2018-04-24,,handwritten read from image,high,287g_CulpeperCounty_2018-04-24.pdf,45a4706e2ff36d04ba59adf3553701c6b21840869cf19fa965700397b34966dc,Culpeper County Sheriff's Office,p11; ICE Albence 4/24/18; Sheriff Scott H. Jenkins 4/24/18
VA-herndon-police-department,MOA,task force,2007-02-27,2007-03-15,,handwritten read from image,high,herndonpolicedepartment.pdf,52e9b12815fc0439dbfd17d9526d9f83d3c8cbb4ca70dc14acb10a704bfea4eb,Town of Herndon Police Department,p10 (scanned); ICE Julie Myers 2/27/07 (signed first); Mayor Stephen DeBenedittis March 15 2007; Chief Toussaint Summers Jr. 3/21/07
VA-herndon-police-department,renewal MOA,task force,2009-10-15,2009-10-06,,stamp read from image,high,r_287gherndonpd101609.pdf,99626207d01b285e309f7558c2b1f208f155a14eefe83aeadf47dca069d1aafb,Herndon Police Department,"p11; 2009 standardized MOA, TFO model; ICE Morton stamp OCT 15 2009 (faded); Mayor Stephen J. DeBenedittis Oct 6 2009; linked row 2007-03-21 is the 2007 chief's date"
VA-loudoun-county-sheriff-office,MOA,task force,2008-06-25,2008-06-09,,handwritten read from image,high,22586186-Loudon-County-Sheriff-s-Office-Virginia-former-287-g-agreement-with-ICE.pdf,2b53005e6d2764fb9a11c8a930f38c88907cea936ae41345f22e9dae68a9f35b,Loudoun County Sheriff's Office,"signature page; Asst Sec Julie L. Myers 2008-06-25; Sheriff Stephen O. Simpson and board chair Scott York on 2008-06-09; original 2008 MOA, ICE FOIA release posted to Scribd by J Cox in 2009"
VA-loudoun-county-sheriff-office,renewal MOA,task force,2009-10-15,2009-10-08,,stamp read from image,high,r_287gloudounso101509.pdf,c491b5c946fd37f4650a3a43e845700c527e6d71adc0786882b0525fc6a857e0,Loudoun County Sheriff's Office,p11; ICE Morton stamp OCT 15 2009; Sheriff Stephen O. Simpson 10/08/09; linked row 2008-06-25 is the original
VA-manassas-park-police-department,MOA,task force,2008-03-10,2008-03-06,,handwritten read from image,high,cityofmanassaspark.pdf,1114953533962df80bbe4c6e76a66548ec3f855bdac330f62963d8796b43f298,City of Manassas Park Police Department,p11; ICE Julie Myers 3/10/08; Chief John C. Evans 3/6/08; Criminal Alien Unit
VA-manassas-park-police-department,renewal MOA,task force,2009-10-15,2009-10-12,,stamp read from image,high,r_287gmanassaspark101609.pdf,04af7cb469acbb64b46b0cfb7370e6b38cda24988be7fd757a7e568b3f08a2e9,"Manassas Park, Virginia Police Department",p11; 2009 revised MOA; ICE Morton stamp OCT 15 2009; Chief John C. Evans 10/12/09; TFO model; linked row 2008-03-10
VA-manassas-police-department,MOA,task force,2008-03-05,,,handwritten read from image,high,cityofmanassas.pdf,a7a5a8a553c3a9e35af75a2e6bf088239641b6dc76cf9a210f2616855ab173b9,"City of Manassas, VA Police Department","scanned; Asst Sec Myers 3/5/08; Chief John J. Skinner date illegible (2/2?/08, Feb 2008); p11; original 2008 TFM MOA - the linked 2008-03-05 row points at the Oct 2009 re-signing b009a961 instead"
VA-manassas-police-department,MOA,task force,2009-10-15,2009-10-12,,stamp read from image (ICE); handwritten (LEA),high,r_287gmanassaspd101609.pdf,b009a9611b22346138526190bea70be7397fb620223fe4d84fd73ef428f75d96,"Manassas, Virginia Police Department",Oct 2009 re-signed MOA; Morton; Chief John J. Skinner 10/12/09; linked row 2008-03-05 is original (a7a5a8a5); p11
VA-prince-william-county-police-department,MOA,task force,2008-02-26,2008-02-26,,handwritten read from image,high,boardofcountysupervisorsofprincewilliamcountypolicedepartment.pdf,e94f97f17d88a35421605b442d1ca00acb6d2c5e68ec3355f591fbe3f4cb8d7e,Board of County Supervisors of Prince William County (Prince William County Police Department),"p11; Asst Sec Myers 2/26/08; Chief Charlie Deane February 26, 2008; county attorney approved 2/26/08; per county resolution 08-138; no linked row"
VA-prince-william-county-police-department,renewal MOA,task force,2009-10-15,2009-10-13,,stamp read from image,high,r_287gprincewilliamcountypd101609.pdf,c5fa176cb266096ef6402f490b68b59cd1df5677c051c7737b47186755ac6402,Prince William County Police Department,p11; ICE Morton stamp OCT 15 2009; Chief Charlie T. Deane 10/13/09; county attorney approved as to form 10/7/09; linked row 2008-02-26 is the original
VA-prince-william-county-sheriff-office,MOA,task force,2008-02-26,2008-02-20,,handwritten read from image,high,boardofcountysupervisorsofprincewilliamcountysheriffsoffice.pdf,28fe9e49a5c7da46b1d89af11051a4e4511787aae5f06f2d28a87cc1289fec6e,"Board of County Supervisors of Prince William County, acting through its Sheriff's Office","ICE Julie L. Myers 2/26/08; Sheriff Glendell Hill 2/20/08 (year stroke looks like 09, others 2008); Chief Deputy John Collier 2/20/2008; County Exec Craig Gerhart 2-20-08; p11; up to 4 officers; same signing as VA-prince-william TFM 2008-02-26"
VA-prince-william-county-sheriff-office,MOA,task force,2009-10-15,2009-10-08,,stamp read from image,high,r_287gprincewilliamcounty.pdf,c498254ef47b096b83f105d40c5224211c1477db4ed15ee2b2ec0ce3d19ceb69,Prince William County Sheriff's Office,2009 re-signed MOA; ICE stamp OCT 15 2009 (month faint); Sheriff Glendell Hill 10-8-09; p12; linked 2008-02-26 is the original (28fe9e49)
VA-prince-william-manassas-regional-adult-detention-center,MOA,jail,2007-06-28,2007-07-09,,handwritten read from image,med,jailboardofprincewilliam-manassasregionaladultdetentioncenter.pdf,5a48943e8e088c3d937fa654ed00436e4b20c2dbb8aa4ea4e1a44b0b617b5b8d,Jail Board of the Prince William-Manassas Regional Adult Detention Center,scanned; ICE Julie L. Myers 6/28/07; Chairman Patrick Hurd 7/9/07 (after ICE); p9; functions from agency type
VA-prince-william-manassas-regional-adult-detention-center,MOA,jail,2009-10-15,2009-10-08,,stamp read from image (ICE); handwritten (LEA),high,r_287gprincewilliammanassasregionaljail101509.pdf,d185204d046c43eb48d5d80217ccec6602f037465f2028e73a0d861a901bbd19,Prince William-Manassas Regional Jail,Oct 2009 re-signed MOA; Morton; Jail Board chair Sheriff Glendell Hill and Supt Peter Meletis 10-8-09; linked row 2007-07-09 is original; p11
VA-prince-william-manassas-regional-adult-detention-center,renewal MOA,jail,2013-06-28,2013-06-21,,stamp read from image,med,r_287gprincewilliammanassasregionaljail.pdf,1030f14bf466876ecf867f3381ced03eb39e69b1f419b8291ab493de1f0a6edd,Prince William-Manassas Regional Adult Detention Center,"scanned, redacted; p11; ICE Homan stamp JUN 28 (year hidden under signature, 2013 from context); Jail Board chair and Superintendent both 6/21/13; JEO"
VA-prince-william-manassas-regional-adult-detention-center,MOA,jail,2016-06-23,2016-06-08,,stamp read from image,high,287gJEM_PrinceWilliam-ManassasRegionalAdultDetentionCenterVa2016-06-23.pdf,91b9a57dec5d4b8a72d4f3e88c91c67f0b0571c5a135a8bd2be681bda3cb0700,Prince William-Manassas Regional Adult Detention Center,"p12; ICE EAD Homan stamp JUN 23 2016; Jail Board chair Hill and Supt Meletis both June 8, 2016"
VA-prince-william-manassas-regional-adult-detention-center,addendum,jail,2019-05-31,2019-05-15,,handwritten read from image,high,287gJEM_PrinceWilliam-ManassasRegionalAdultDetentionCenterVa2016-06-23.pdf,91b9a57dec5d4b8a72d4f3e88c91c67f0b0571c5a135a8bd2be681bda3cb0700,Prince William-Manassas Regional Adult Detention Center,p1; 2019 extension addendum; ICE Cronen 5-31-2019 (other 2019 addenda dated 5-1); Jail Board chair Glendell Hill 5-15-2019; Supt Pete Meletis 5-15-19
VA-rockingham-county-sheriff-office,MOA,jail; task force,2007-03-23,2007-04-20,,handwritten read from image,high,rockinghamcountyvirginiasheriffsoffice.pdf,fa7a5ac15209b9a7f2be790e61dc0fae1dfcb143d044432c33481a3f2502f55e,Rockingham County Sheriff's Office,scanned; Asst Sec Myers 3/23/07 (before locals); Sheriff Donald W. Farley 4-20-07; Board chair William Kyger 4-25-07; p10; regional jail + RUSH drug task force
VA-rockingham-county-sheriff-office,MOA,jail; task force,2009-10-15,2009-10-06,,stamp read from image,high,r_287grockinghamso101509.pdf,426796692d1080486d8e4739fd10985b1c935cc94888aa39b1d026a30abaa8b2,Rockingham County Sheriff's Office,"2009 re-signed MOA; ICE stamp OCT 15 2009 (month faint); Sheriff Donald W. Farley Oct. 6 2009, BOS Chair Frederick E. Eberly 6 Oct 2009; p11; Appendix D has TFO and detention models; linked 2007-04-25 is the original"
VA-shenandoah-county-sheriff-office,MOA,,2007-05-04,2007-05-09,,handwritten read from image,high,shenandoahcountysheriffsoffice.pdf,f10733fcb87eac299851b09f06aa5b34a769963a856024843fe5bd2bcfca7116,"Shenandoah County, Virginia Sheriff's Office","scanned; ICE Julie Myers 5/4/07; Sheriff Timothy C. Carter 05/09/07, BOS Chair Richard Neese 05/10/07; p10; up to 4 officers (functions not read); linked 2007-05-10 is the board chair's date"
VA-shenandoah-county-sheriff-office,MOA,jail; task force,2009-10-15,2009-10-07,,stamp read from image,high,r_287gshenandoahcountysheriffsoffice101509.pdf,83c312389019edbced7c53d2c6811c5334265968549fc299c0ecf41b16d24d40,Shenandoah County Sheriff's Office,2009 re-signed MOA; ICE stamp OCT 15 2009; Sheriff Timothy C. Carter 10/07/2009; p11; Appendix D has TFO and detention models; linked 2007-05-10 is the original (f10733fc)
VA-shenandoah-county-sheriff-office,MOA,jail,2013-06-28,2013-06-26,,handwritten read from image,high,r_287gshenandoahcountysheriffsoffice.pdf,da7d6fbd0ad05076c80607e90f3e3554deeff5e79b144d53adc60e5e865fdf6d,Shenandoah County Sheriff's Office,p10 (image-only); EAD Homan 6/28/13; sheriff (redacted) 06/26/2013; JEO model
WI-waukesha-county-sheriff-office,MOA,jail,2018-02-22,2018-02-16,,handwritten read from image,high,287g-Waukesha.pdf,571599c1291463b9a23e2a057a4084d43aed91ef26041d097c8f6f579176f7b1,Waukesha County Sheriff's Office,p11; ICE EAD Albence 2/22/18; Sheriff Eric Severson 2-16-2018
WI-waukesha-county-sheriff-office,MOA,jail,2018-02-22,2018-02-16,,handwritten read from image,high,287gJEM_WaukeshaCoWi2018-02-22.pdf,de259948dbd6d4e1261ce7d5ade094f89e5a1c8c4b0c1cf940c9ee11c75a7143,Waukesha County Sheriff's Office,p12; ICE Albence 2/22/18; Sheriff Eric Severson 2-16-2018; linked row date 2018-02-08 differs
WI-waukesha-county-sheriff-office,addendum,jail,2019-05-01,2019-05-09,,handwritten read from image,high,287gJEM_WaukeshaCoWi2018-02-22.pdf,de259948dbd6d4e1261ce7d5ade094f89e5a1c8c4b0c1cf940c9ee11c75a7143,Waukesha County Sheriff's Office,"p1 extension addendum; ICE Cronen; Sheriff Severson May 9, 2019"
