saved_path,file_hash,url,retrieved_at,state,agency,original_filename,note,etag,last_modified,capture_time
agreements/agreements_probe_20260913/OvertonCoSheriffsOfficeTN_WSO_MOA_02232026.pdf,6dfbec79b59c8999f69939ae40e14c44308edb41e9195bb149aba39f35c6257a,https://www.ice.gov/doclib/287gMOA/OvertonCoSheriffsOfficeTN_WSO_MOA_02232026.pdf,2026-09-13T18:25:51Z,Tennessee,Overton County Sheriff's Office,OvertonCoSheriffsOfficeTN_WSO_MOA_02232026.pdf,found by probing ICE's MOA naming pattern while its sheet still said link pending; verified against the PDF text,"""859513f12165227cdf0f75a5b4c41b9b:1786459990.272689""","Tue, 11 Aug 2026 14:53:10 GMT",
agreements/agreements_probe_20260913/ScottCoSheriffsOfficeMO_TFM_MOA_03132026.pdf,abb71b8bed0977fba8c3b3da74be85326ce9d97c0d811f883170aeda3fd86ce2,https://www.ice.gov/doclib/287gMOA/ScottCoSheriffsOfficeMO_TFM_MOA_03132026.pdf,2026-09-13T18:25:51Z,Missouri,Scott County Sheriff's Office,ScottCoSheriffsOfficeMO_TFM_MOA_03132026.pdf,found by probing ICE's MOA naming pattern while its sheet still said link pending; verified against the PDF text,"""0cbf6af6b0e7f292b3c0b98f784c1468:1774272181.708505""","Mon, 23 Mar 2026 13:23:01 GMT",
agreements/agreements_probe_20260913/SanSabaCoSheriffsOfficeTX_TFM_MOA_03132026.pdf,afb74b8d381ed1880e73888db7e865bb9712d7f96fac33bfc8caffc811974d1a,https://www.ice.gov/doclib/287gMOA/SanSabaCoSheriffsOfficeTX_TFM_MOA_03132026.pdf,2026-09-13T18:25:51Z,Texas,San Saba County Sheriff's Office,SanSabaCoSheriffsOfficeTX_TFM_MOA_03132026.pdf,found by probing ICE's MOA naming pattern while its sheet still said link pending; verified against the PDF text,"""ff8cb5bac0865014a2f6b7d4983d7812:1786459536.62457""","Tue, 11 Aug 2026 14:45:36 GMT",
agreements/agreements_probe_20260913/PoinsettCoSheriffsOfficeAR_JEM_MOA_03232026.pdf,cf96ef41ec0466c275b248a79a189a5cc56847c7b1249026ffd40bc758616b77,https://www.ice.gov/doclib/287gMOA/PoinsettCoSheriffsOfficeAR_JEM_MOA_03232026.pdf,2026-09-13T18:25:51Z,Arkansas,Poinsett County Sheriff's Office,PoinsettCoSheriffsOfficeAR_JEM_MOA_03232026.pdf,found by probing ICE's MOA naming pattern while its sheet still said link pending; verified against the PDF text,"""f0feea60e9071e68058999977e241578:1776692032.649845""","Mon, 20 Apr 2026 13:33:52 GMT",
agreements/agreements_probe_20260913/PoinsettCoSheriffsOfficeAR_TFM_MOA_03232026.pdf,ee3628e876b96b7e56f1815b30960125ed9c584698a264c1b813bd8cf79fc9e4,https://www.ice.gov/doclib/287gMOA/PoinsettCoSheriffsOfficeAR_TFM_MOA_03232026.pdf,2026-09-13T18:25:51Z,Arkansas,Poinsett County Sheriff's Office,PoinsettCoSheriffsOfficeAR_TFM_MOA_03232026.pdf,found by probing ICE's MOA naming pattern while its sheet still said link pending; verified against the PDF text,"""7ed8eaa8d283ac9e0f29d599ece58b74:1776692028.100556""","Mon, 20 Apr 2026 13:33:48 GMT",
agreements/agreements_probe_20260913/WolcottPoliceDeptIN_TFM_MOA_03242026.pdf,6e3930ac0633a6abdd1e6b5650e3d20771a1baa8c092da93b066727f046c4045,https://www.ice.gov/doclib/287gMOA/WolcottPoliceDeptIN_TFM_MOA_03242026.pdf,2026-09-13T18:25:51Z,Indiana,Wolcott Police Department,WolcottPoliceDeptIN_TFM_MOA_03242026.pdf,found by probing ICE's MOA naming pattern while its sheet still said link pending; verified against the PDF text,"""17df821a82f00d9cff94ea8ee6b19f76:1776693139.21428""","Mon, 20 Apr 2026 13:52:19 GMT",
agreements/agreements_probe_20260913/EveningShadePoliceDeptAR_TFM_MOA_04052026.pdf,518647fd28146c220bffa05b059ce8bfde4ae1274f812e44f3aa5961641334d3,https://www.ice.gov/doclib/287gMOA/EveningShadePoliceDeptAR_TFM_MOA_04052026.pdf,2026-09-13T18:25:51Z,Arkansas,Evening Shade Police Department,EveningShadePoliceDeptAR_TFM_MOA_04052026.pdf,found by probing ICE's MOA naming pattern while its sheet still said link pending; verified against the PDF text,"""5a96c11134666d138d5dbf5986275019:1776690976.515487""","Mon, 20 Apr 2026 13:16:16 GMT",
agreements/agreements_probe_20260913/LonokeCoSheriffsOfficeAR_WSO_MOA_04072026.pdf,0fe909df22dc2fdc89a5eb1848fd8934b48cb5ee8114168bd5cf5cd96eb31247,https://www.ice.gov/doclib/287gMOA/LonokeCoSheriffsOfficeAR_WSO_MOA_04072026.pdf,2026-09-13T18:25:51Z,Arkansas,Lonoke County Sheriff's Office,LonokeCoSheriffsOfficeAR_WSO_MOA_04072026.pdf,found by probing ICE's MOA naming pattern while its sheet still said link pending; verified against the PDF text,"""71917111bffdb457535a0d15f457d115:1776691326.868003""","Mon, 20 Apr 2026 13:22:06 GMT",
agreements/agreements_probe_20260913/ColumbiaPoliceDeptLA_TFM_MOA_04072026.pdf,8b349d6da904b4303be0468344f78f53216a806dd492e05ef67ad08bb383b749,https://www.ice.gov/doclib/287gMOA/ColumbiaPoliceDeptLA_TFM_MOA_04072026.pdf,2026-09-13T18:25:51Z,Louisiana,Columbia Police Department,ColumbiaPoliceDeptLA_TFM_MOA_04072026.pdf,found by probing ICE's MOA naming pattern while its sheet still said link pending; verified against the PDF text,"""21be4dfc5bd2c55fb98db0b3f33db376:1776693113.376613""","Mon, 20 Apr 2026 13:51:53 GMT",
agreements/agreements_probe_20260913/MarengoPoliceDeptIN_TFM_MOA_04132026.pdf,f3cb775fc4132c6ac00a0b7be8bb900b68ae93225d9c3f28f976a8741937516c,https://www.ice.gov/doclib/287gMOA/MarengoPoliceDeptIN_TFM_MOA_04132026.pdf,2026-09-13T18:25:51Z,Indiana,Marengo Police Department,MarengoPoliceDeptIN_TFM_MOA_04132026.pdf,found by probing ICE's MOA naming pattern while its sheet still said link pending; verified against the PDF text,"""10a35b0a7d9219e77769289da8a45630:1776693138.887992""","Mon, 20 Apr 2026 13:52:18 GMT",
agreements/agreements_probe_20260913/PersonCoSheriffsOfficeNC_WSO_MOA_04132026.pdf,2f1e699df5f44c1b07fb59badc424d461369d04a7615a0e959451d1ee8150036,https://www.ice.gov/doclib/287gMOA/PersonCoSheriffsOfficeNC_WSO_MOA_04132026.pdf,2026-09-13T18:25:51Z,North Carolina,Person County Sheriff's Office,PersonCoSheriffsOfficeNC_WSO_MOA_04132026.pdf,found by probing ICE's MOA naming pattern while its sheet still said link pending; verified against the PDF text,"""bdabf68746311658c6bb47d5143958f8:1786459989.61113""","Tue, 11 Aug 2026 14:53:09 GMT",
agreements/agreements_probe_20260913/HaubstadtPoliceDeptIN_TFM_MOA_04132026.pdf,4388069582f9d948a3bfa84ec4a5ff5b14dd2db0e7ea9a98c4adfcdd0f54e0f7,https://www.ice.gov/doclib/287gMOA/HaubstadtPoliceDeptIN_TFM_MOA_04132026.pdf,2026-09-13T18:25:51Z,Indiana,Haubstadt Police Department,HaubstadtPoliceDeptIN_TFM_MOA_04132026.pdf,found by probing ICE's MOA naming pattern while its sheet still said link pending; verified against the PDF text,"""3194985aa75a7d03c6bb9b2642d46591:1777905565.409803""","Mon, 04 May 2026 14:39:25 GMT",
agreements/agreements_probe_20260913/LaurelPoliceDeptIN_TFM_MOA_04152026.pdf,9304f05903e741d50ce1287d589032c00fc9103e3d1492a8592186e1a3575b96,https://www.ice.gov/doclib/287gMOA/LaurelPoliceDeptIN_TFM_MOA_04152026.pdf,2026-09-13T18:25:51Z,Indiana,Laurel Police Department,LaurelPoliceDeptIN_TFM_MOA_04152026.pdf,found by probing ICE's MOA naming pattern while its sheet still said link pending; verified against the PDF text,"""2fd89a28c52f7c0b78ce8b1a6b3e952e:1777905985.930135""","Mon, 04 May 2026 14:46:25 GMT",
agreements/agreements_probe_20260913/MooresHillPoliceDeptIN_TFM_MOA_04152026.pdf,6dbe2fa612ea2abbdb63d85e13fbe72abf52479cc6670429cf17bb69154dc413,https://www.ice.gov/doclib/287gMOA/MooresHillPoliceDeptIN_TFM_MOA_04152026.pdf,2026-09-13T18:25:51Z,Indiana,Moores Hill Police Department,MooresHillPoliceDeptIN_TFM_MOA_04152026.pdf,found by probing ICE's MOA naming pattern while its sheet still said link pending; verified against the PDF text,"""8e18b40c6db963bbbb70986b8c598bdc:1777906005.441015""","Mon, 04 May 2026 14:46:45 GMT",
agreements/agreements_probe_20260913/WestHarrisonPoliceDeptIN_TFM_MOA_04132026.pdf,7b554f26513cb209f396308f8d9a6814f622d7f12f6bf98eb62ac7922ad0e0b8,https://www.ice.gov/doclib/287gMOA/WestHarrisonPoliceDeptIN_TFM_MOA_04132026.pdf,2026-09-13T18:25:51Z,Indiana,West Harrison Police Department,WestHarrisonPoliceDeptIN_TFM_MOA_04132026.pdf,found by probing ICE's MOA naming pattern while its sheet still said link pending; verified against the PDF text,"""1e6b72d8a2ea9300a33a9749415dfdc6:1777905986.362692""","Mon, 04 May 2026 14:46:26 GMT",
agreements/agreements_probe_20260913/WorthingtonPoliceDeptIN_TFM_MOA_04132026.pdf,77f04b5c61c5d25a59f2fc13f3f11785592452f04f83d29a8ec685d3e0972ea2,https://www.ice.gov/doclib/287gMOA/WorthingtonPoliceDeptIN_TFM_MOA_04132026.pdf,2026-09-13T18:25:51Z,Indiana,Worthington Police Department,WorthingtonPoliceDeptIN_TFM_MOA_04132026.pdf,found by probing ICE's MOA naming pattern while its sheet still said link pending; verified against the PDF text,"""2eb803637d442a5822a55e9dcff7b06b:1777906208.628892""","Mon, 04 May 2026 14:50:08 GMT",
agreements/agreements_probe_20260913/GentryvillePoliceDeptIN_TFM_MOA_04172026.pdf,3330a53f505e24dc94f743bdc27fa956fb7efcbb8036a86ea5adf7ca765d73af,https://www.ice.gov/doclib/287gMOA/GentryvillePoliceDeptIN_TFM_MOA_04172026.pdf,2026-09-13T18:25:51Z,Indiana,Gentryville Police Department,GentryvillePoliceDeptIN_TFM_MOA_04172026.pdf,found by probing ICE's MOA naming pattern while its sheet still said link pending; verified against the PDF text,"""59c2e1529079427c18cc077210b3dca2:1777905546.034659""","Mon, 04 May 2026 14:39:06 GMT",
agreements/agreements_probe_20260913/CherryvalePoliceDeptKS_TFM_MOA_04172026.pdf,09b34d1af670ee61c8fc2520a63f1f944d8ff80c09381f3e085dbcec05365ad7,https://www.ice.gov/doclib/287gMOA/CherryvalePoliceDeptKS_TFM_MOA_04172026.pdf,2026-09-13T18:25:51Z,Kansas,Cherryvale Police Department,CherryvalePoliceDeptKS_TFM_MOA_04172026.pdf,found by probing ICE's MOA naming pattern while its sheet still said link pending; verified against the PDF text,"""cfd226779026e2199a50acd1bdda6670:1777906226.417786""","Mon, 04 May 2026 14:50:26 GMT",
agreements/agreements_probe_20260913/GraysonPDLA_TFM_MOA_041726.pdf,7e25b6d6f6c03ea767319e6eb3d1a4e9e35aeb4eabdc981d01daecc0a0f3d78d,https://www.ice.gov/doclib/287gMOA/GraysonPDLA_TFM_MOA_041726.pdf,2026-09-13T18:25:51Z,Louisiana,Grayson Police Department,GraysonPDLA_TFM_MOA_041726.pdf,found by probing ICE's MOA naming pattern while its sheet still said link pending; verified against the PDF text,"""5411a707e2d252e660e32eded7433174:1778188570.570219""","Thu, 07 May 2026 21:16:10 GMT",
agreements/agreements_probe_20260913/HollandPoliceDeptIN_TFM_MOA_04192026.pdf,9a3c7f5ae9e7250c8f064546e1dac1d7ea52b11dc1108bea430b3d0cf0024271,https://www.ice.gov/doclib/287gMOA/HollandPoliceDeptIN_TFM_MOA_04192026.pdf,2026-09-13T18:25:51Z,Indiana,Holland Police Department,HollandPoliceDeptIN_TFM_MOA_04192026.pdf,found by probing ICE's MOA naming pattern while its sheet still said link pending; verified against the PDF text,"""87b9741365e5563f867a862a3eb0d1dd:1777905564.184305""","Mon, 04 May 2026 14:39:24 GMT",
agreements/agreements_probe_20260913/ShirleyPoliceDeptIN_TFM_MOA_04192026.pdf,20fc71d9455685856400414ea72fe4307805da6cc26adb7d1704484798d6ad8a,https://www.ice.gov/doclib/287gMOA/ShirleyPoliceDeptIN_TFM_MOA_04192026.pdf,2026-09-13T18:25:51Z,Indiana,Shirley Police Department,ShirleyPoliceDeptIN_TFM_MOA_04192026.pdf,found by probing ICE's MOA naming pattern while its sheet still said link pending; verified against the PDF text,"""f32c3218d629c0e876805d0582979cb8:1777905985.073894""","Mon, 04 May 2026 14:46:25 GMT",
agreements/agreements_probe_20260913/TregoCoSheriffsOfficeKS_JEM_MOA_04202026.pdf,e6016fc4a166511308cc4a62ae35f8b61c3e2bd2e54fc41143642ca2d7559260,https://www.ice.gov/doclib/287gMOA/TregoCoSheriffsOfficeKS_JEM_MOA_04202026.pdf,2026-09-13T18:25:51Z,Kansas,Trego County Sheriff's Office,TregoCoSheriffsOfficeKS_JEM_MOA_04202026.pdf,found by probing ICE's MOA naming pattern while its sheet still said link pending; verified against the PDF text,"""4a534dbf450899a3f9e0fbf6f8d6dfc6:1777906227.730005""","Mon, 04 May 2026 14:50:27 GMT",
agreements/agreements_probe_20260913/SantaFePoliceDeptTX_TFM_MOA_04202026.pdf,443e52ebc6d9101653ec813be267b9ebd5962ee0d2492bf60c35612cae5a2071,https://www.ice.gov/doclib/287gMOA/SantaFePoliceDeptTX_TFM_MOA_04202026.pdf,2026-09-13T18:25:51Z,Texas,Santa Fe Police Department,SantaFePoliceDeptTX_TFM_MOA_04202026.pdf,found by probing ICE's MOA naming pattern while its sheet still said link pending; verified against the PDF text,"""1bf0fc57de4f99c637eacefc69bbca99:1778516516.832392""","Mon, 11 May 2026 16:21:56 GMT",
agreements/agreements_probe_20260913/BayPoliceDeptAR_TFM_MOA_04222026.pdf,e641210eef8e47afbe6e069ab7af8c9782a23a1b12b8657b4dddc5c439c15b56,https://www.ice.gov/doclib/287gMOA/BayPoliceDeptAR_TFM_MOA_04222026.pdf,2026-09-13T18:25:51Z,Arkansas,Bay Police Department,BayPoliceDeptAR_TFM_MOA_04222026.pdf,found by probing ICE's MOA naming pattern while its sheet still said link pending; verified against the PDF text,"""eae1410301f82221faf5b2f26c12a796:1777904739.741878""","Mon, 04 May 2026 14:25:39 GMT",
agreements/agreements_probe_20260913/SmithCoSOMS_TFM_MOA_04212026.pdf,954cb6e2b79173cdbebbf67b34ed93caa8b0cee393e7f1a134e43056cf17aa31,https://www.ice.gov/doclib/287gMOA/SmithCoSOMS_TFM_MOA_04212026.pdf,2026-09-13T18:25:51Z,Mississippi,Smith County Sheriff's Office,SmithCoSOMS_TFM_MOA_04212026.pdf,found by probing ICE's MOA naming pattern while its sheet still said link pending; verified against the PDF text,"""7cba939df7181e014291d88dfb1e0ab8:1778191950.642289""","Thu, 07 May 2026 22:12:30 GMT",
agreements/agreements_probe_20260913/WinnParishSOLA_TFM_MOA_042526.pdf,ece465db4642be1c88678467b3f5438f665caa6f35c128d29c1e11e6a26a8a20,https://www.ice.gov/doclib/287gMOA/WinnParishSOLA_TFM_MOA_042526.pdf,2026-09-13T18:25:51Z,Louisiana,Winn Parish Sheriff's Office,WinnParishSOLA_TFM_MOA_042526.pdf,found by probing ICE's MOA naming pattern while its sheet still said link pending; verified against the PDF text,"""211542ae4970571e0558cf1e7ec20dbd:1778188571.654771""","Thu, 07 May 2026 21:16:11 GMT",
agreements/agreements_probe_20260913/OrestesPoliceDeptIN_TFM_MOA_04292026.pdf,619e0b564accd958d3552e560e6e05e9d940f9449b1659857b80e84d16cabb3d,https://www.ice.gov/doclib/287gMOA/OrestesPoliceDeptIN_TFM_MOA_04292026.pdf,2026-09-13T18:25:51Z,Indiana,Orestes Police Department,OrestesPoliceDeptIN_TFM_MOA_04292026.pdf,found by probing ICE's MOA naming pattern while its sheet still said link pending; verified against the PDF text,"""a019a0c4b2b0050bcb3c6343196261e5:1780923607.735556""","Mon, 08 Jun 2026 13:00:07 GMT",
agreements/agreements_probe_20260913/WestLibertyPoliceDeptKY_TFM_MOA_04292026.pdf,cd8e9d83eba16a104d0bba5caa5ae9d939de628ad1709451d941e3756f61ebee,https://www.ice.gov/doclib/287gMOA/WestLibertyPoliceDeptKY_TFM_MOA_04292026.pdf,2026-09-13T18:25:51Z,Kentucky,West Liberty Police Department,WestLibertyPoliceDeptKY_TFM_MOA_04292026.pdf,found by probing ICE's MOA naming pattern while its sheet still said link pending; verified against the PDF text,"""ee38dfa11b7625cae2bbea7e788de872:1786459537.193819""","Tue, 11 Aug 2026 14:45:37 GMT",
agreements/agreements_probe_20260913/KlineTownshipPoliceDeptPA_TFM_MOA_04272026.pdf,4c52d673f89dcf520df34e2299d04504d316585f1be574d57f1287dc5902bf3a,https://www.ice.gov/doclib/287gMOA/KlineTownshipPoliceDeptPA_TFM_MOA_04272026.pdf,2026-09-13T18:25:51Z,Pennsylvania,Kline Township Police Department,KlineTownshipPoliceDeptPA_TFM_MOA_04272026.pdf,found by probing ICE's MOA naming pattern while its sheet still said link pending; verified against the PDF text,"""9c5d5a2a7fc57beb916a8b14c13d06a6:1786459517.727409""","Tue, 11 Aug 2026 14:45:17 GMT",
agreements/agreements_probe_20260913/BixbyPoliceDeptOK_TFM_MOA_04302026.pdf,b896dd292eb7805ec7d131aae0bd0a82e06888f3c60b06cd2056e6b80f205dae,https://www.ice.gov/doclib/287gMOA/BixbyPoliceDeptOK_TFM_MOA_04302026.pdf,2026-09-13T18:25:51Z,Oklahoma,Bixby Police Department,BixbyPoliceDeptOK_TFM_MOA_04302026.pdf,found by probing ICE's MOA naming pattern while its sheet still said link pending; verified against the PDF text,"""fea124ada2d117a540058fe293eccd75:1781525209.501124""","Mon, 15 Jun 2026 12:06:49 GMT",
agreements/agreements_probe_20260913/TushkaPoliceDeptOK_TFM_MOA_04302026.pdf,abdeb3caae62684531720a983d2d0eaeb71ceb865ba86dc4eedb298af4837bfd,https://www.ice.gov/doclib/287gMOA/TushkaPoliceDeptOK_TFM_MOA_04302026.pdf,2026-09-13T18:25:51Z,Oklahoma,Tushka Police Department,TushkaPoliceDeptOK_TFM_MOA_04302026.pdf,found by probing ICE's MOA naming pattern while its sheet still said link pending; verified against the PDF text,"""1bf14fd948ee9b910aee08e00308d312:1781525860.043605""","Mon, 15 Jun 2026 12:17:40 GMT",
agreements/agreements_probe_20260913/LeadwoodPoliceDeptMO_TFM_MOA_05052026.pdf,aac932471bd373ff4d524e45d1005884305b5e7bcc6d2769e517528d8621f716,https://www.ice.gov/doclib/287gMOA/LeadwoodPoliceDeptMO_TFM_MOA_05052026.pdf,2026-09-13T18:25:51Z,Missouri,Leadwood Police Department,LeadwoodPoliceDeptMO_TFM_MOA_05052026.pdf,found by probing ICE's MOA naming pattern while its sheet still said link pending; verified against the PDF text,"""d198f3eeadf7e812f4570176a9d5e6be:1780925822.977194""","Mon, 08 Jun 2026 13:37:02 GMT",
agreements/agreements_probe_20260913/ChaseCoSheriffsOfficeKS_TFM_MOA_05092026.pdf,148a38ec73e62009c9b1c5c10b9b4f756bdacdc8008015ba3812fe1aaad6522f,https://www.ice.gov/doclib/287gMOA/ChaseCoSheriffsOfficeKS_TFM_MOA_05092026.pdf,2026-09-13T18:25:51Z,Kansas,Chase County Sheriff's Office,ChaseCoSheriffsOfficeKS_TFM_MOA_05092026.pdf,found by probing ICE's MOA naming pattern while its sheet still said link pending; verified against the PDF text,"""e46ecc8ff029a98f4877d7e49b4c4fff:1780923372.710736""","Mon, 08 Jun 2026 12:56:12 GMT",
agreements/agreements_probe_20260913/TullosPoliceDeptLA_TFM_MOA_05092026.pdf,67b51a20ba815f9f6800179bb6788a11d0227d9e1d728a3ef00b4414921b97f0,https://www.ice.gov/doclib/287gMOA/TullosPoliceDeptLA_TFM_MOA_05092026.pdf,2026-09-13T18:25:51Z,Louisiana,Tullos Police Department,TullosPoliceDeptLA_TFM_MOA_05092026.pdf,found by probing ICE's MOA naming pattern while its sheet still said link pending; verified against the PDF text,"""e9da5440fd598d60b32d2af4d560b76b:1781527775.468312""","Mon, 15 Jun 2026 12:49:35 GMT",
agreements/agreements_probe_20260913/HotSpringsCoSOWY_TFM_MOA_05122026.pdf,7ee1b6368b3cfefe98a809db0e2bb30e142b23563ed55767e4ea26cd3cb03e5c,https://www.ice.gov/doclib/287gMOA/HotSpringsCoSOWY_TFM_MOA_05122026.pdf,2026-09-13T18:25:51Z,Wyoming,Hot Springs County Sheriff's Office,HotSpringsCoSOWY_TFM_MOA_05122026.pdf,found by probing ICE's MOA naming pattern while its sheet still said link pending; verified against the PDF text,"""8734a6a2876314f8a5162adf7cf9768b:1781303441.843702""","Fri, 12 Jun 2026 22:30:41 GMT",
agreements/agreements_probe_20260913/SouthWilliamsportBoroughPDPA_TFM_MOA_05122026.pdf,a936f8ddd5e5f2212b779714a2e4aba3fdd9696c062afb2a6b536d177e3eb771,https://www.ice.gov/doclib/287gMOA/SouthWilliamsportBoroughPDPA_TFM_MOA_05122026.pdf,2026-09-13T18:25:51Z,Pennsylvania,South Williamsport Borough Police Department,SouthWilliamsportBoroughPDPA_TFM_MOA_05122026.pdf,found by probing ICE's MOA naming pattern while its sheet still said link pending; verified against the PDF text,"""5011810e336180c9fbfb38ce402cb4b4:1781303441.525439""","Fri, 12 Jun 2026 22:30:41 GMT",
agreements/agreements_probe_20260913/KeotaPDOK_TFM_MOA_05142026.pdf,ef9fd7396eff3bf694c81e964ee34056a5fd0526ea4dac6d8381ab786365184f,https://www.ice.gov/doclib/287gMOA/KeotaPDOK_TFM_MOA_05142026.pdf,2026-09-13T18:25:51Z,Oklahoma,Keota Police Department,KeotaPDOK_TFM_MOA_05142026.pdf,found by probing ICE's MOA naming pattern while its sheet still said link pending; verified against the PDF text,"""404933f5ecdbc0c134362101cff418a2:1781303478.476656""","Fri, 12 Jun 2026 22:31:18 GMT",
agreements/agreements_probe_20260913/StampsPoliceDeptAR_TFM_MOA_05282026.pdf,f29e05e6a261c38c5edee330db31f5ffae3b28d158b7bf71ab0e31c03f25a188,https://www.ice.gov/doclib/287gMOA/StampsPoliceDeptAR_TFM_MOA_05282026.pdf,2026-09-13T18:25:51Z,Arkansas,Stamps Police Department,StampsPoliceDeptAR_TFM_MOA_05282026.pdf,found by probing ICE's MOA naming pattern while its sheet still said link pending; verified against the PDF text,"""5d929310f1bbe89ce3586b6b4c5b1edd:1783682284.726251""","Fri, 10 Jul 2026 11:18:04 GMT",
agreements/agreements_probe_20260913/WeatherlyBoroughPoliceDeptPA_TFM_MOA_05282026.pdf,d94dc5dae89bedddb2aff20d43c15c50d6c02ab55b708be38e0bde4ffcaacb84,https://www.ice.gov/doclib/287gMOA/WeatherlyBoroughPoliceDeptPA_TFM_MOA_05282026.pdf,2026-09-13T18:25:51Z,Pennsylvania,Weatherly Borough Police Department,WeatherlyBoroughPoliceDeptPA_TFM_MOA_05282026.pdf,found by probing ICE's MOA naming pattern while its sheet still said link pending; verified against the PDF text,"""d79ba6933f76e8b10a69aa22a1ffccfc:1783682274.149207""","Fri, 10 Jul 2026 11:17:54 GMT",
agreements/agreements_probe_20260913/ConchoCoSheriffsOfficeTX_TFM_MOA_05282026.pdf,646d5cc68175c77e110f8e5e6f1f90cf82562017f8dce4a0f9f5660ff11e0f6d,https://www.ice.gov/doclib/287gMOA/ConchoCoSheriffsOfficeTX_TFM_MOA_05282026.pdf,2026-09-13T18:25:51Z,Texas,Concho County Sheriff's Office,ConchoCoSheriffsOfficeTX_TFM_MOA_05282026.pdf,found by probing ICE's MOA naming pattern while its sheet still said link pending; verified against the PDF text,"""7d700bdeb2ea98fd8cb6496fc7ff1f43:1783682265.332446""","Fri, 10 Jul 2026 11:17:45 GMT",
agreements/agreements_probe_20260913/JeffersonCoSheriffsOfficeAR_WSO_MOA_05312026.pdf,4c94e962d167994582c79e48227191fabfc38f97170c8a9132aa8b803407c0da,https://www.ice.gov/doclib/287gMOA/JeffersonCoSheriffsOfficeAR_WSO_MOA_05312026.pdf,2026-09-13T18:25:51Z,Arkansas,Jefferson County Sheriff's Office,JeffersonCoSheriffsOfficeAR_WSO_MOA_05312026.pdf,found by probing ICE's MOA naming pattern while its sheet still said link pending; verified against the PDF text,"""b78420cefbe321b135069f363c25f6ee:1781526284.447424""","Mon, 15 Jun 2026 12:24:44 GMT",
agreements/agreements_probe_20260913/DawsonCoSheriffsOfficeTX_WSO_MOA_05312026.pdf,6f2207b18e3409e6c7c507718aef6199c725e95f4d6a95991d8f901d88ba2f14,https://www.ice.gov/doclib/287gMOA/DawsonCoSheriffsOfficeTX_WSO_MOA_05312026.pdf,2026-09-13T18:25:51Z,Texas,Dawson County Sheriff's Office,DawsonCoSheriffsOfficeTX_WSO_MOA_05312026.pdf,found by probing ICE's MOA naming pattern while its sheet still said link pending; verified against the PDF text,"""d29ed4d6802a9763defa9afb604722ed:1781526286.361567""","Mon, 15 Jun 2026 12:24:46 GMT",
agreements/agreements_probe_20260913/BrooksCoSheriffsDeptGA_WSO_MOA_06032026.pdf,c552c2816048c08e180c3d5c39f87a91aa3aed8993688510cc2652f1be2ecf11,https://www.ice.gov/doclib/287gMOA/BrooksCoSheriffsDeptGA_WSO_MOA_06032026.pdf,2026-09-13T18:25:51Z,Georgia,Brooks County Sheriff's Department,BrooksCoSheriffsDeptGA_WSO_MOA_06032026.pdf,found by probing ICE's MOA naming pattern while its sheet still said link pending; verified against the PDF text,"""4cc4a5e8bd3ee1200f9c2bccd5b79ec5:1781527623.09578""","Mon, 15 Jun 2026 12:47:03 GMT",
agreements/agreements_probe_20260913/GilmorePoliceDeptAR_TFM_MOA_06072026.pdf,c89bcb1e1ce671dc9bbdafc002832dff44c065e85609e493f7c1940aaa59af1d,https://www.ice.gov/doclib/287gMOA/GilmorePoliceDeptAR_TFM_MOA_06072026.pdf,2026-09-13T18:25:51Z,Arkansas,Gilmore Police Department,GilmorePoliceDeptAR_TFM_MOA_06072026.pdf,found by probing ICE's MOA naming pattern while its sheet still said link pending; verified against the PDF text,"""e8c66dfb8429c0ed32011279ce7c5932:1781724180.33172""","Wed, 17 Jun 2026 19:23:00 GMT",
agreements/agreements_probe_20260913/JenningsPoliceDeptLA_TFM_MOA_06142026.pdf,d43062bfb0fc1f5d1a2bd5512dc4e17c476aae470ea2a8c4f2376e111d1bda6f,https://www.ice.gov/doclib/287gMOA/JenningsPoliceDeptLA_TFM_MOA_06142026.pdf,2026-09-13T18:25:51Z,Louisiana,Jennings Police Department,JenningsPoliceDeptLA_TFM_MOA_06142026.pdf,found by probing ICE's MOA naming pattern while its sheet still said link pending; verified against the PDF text,"""207f814b86cd0c711c4570591952ceca:1783359319.386418""","Mon, 06 Jul 2026 17:35:19 GMT",
agreements/agreements_probe_20260913/VernonParishSheriffsOfficeLA_TFM_MOA_06152026.pdf,67871c6f94c67adebb2896df41da237e4e2333c6f249d4a19d26ab9260dcffdb,https://www.ice.gov/doclib/287gMOA/VernonParishSheriffsOfficeLA_TFM_MOA_06152026.pdf,2026-09-13T18:25:51Z,Louisiana,Vernon Parish Sheriff's Office,VernonParishSheriffsOfficeLA_TFM_MOA_06152026.pdf,found by probing ICE's MOA naming pattern while its sheet still said link pending; verified against the PDF text,"""b7f98d0b93093d5cd920a96668b16123:1783359321.185847""","Mon, 06 Jul 2026 17:35:21 GMT",
agreements/agreements_probe_20260913/CyrilPoliceDeptOK_TFM_MOA_06162026.pdf,e4e1c7c8458a4d8c64bbe29b94cb7c0da9e4a8ff6cfd91aa653e3b4e491bd756,https://www.ice.gov/doclib/287gMOA/CyrilPoliceDeptOK_TFM_MOA_06162026.pdf,2026-09-13T18:25:51Z,Oklahoma,Cyril Police Department,CyrilPoliceDeptOK_TFM_MOA_06162026.pdf,found by probing ICE's MOA naming pattern while its sheet still said link pending; verified against the PDF text,"""88e92f3702b22ce7f59c4aeae55ce67f:1783360597.240141""","Mon, 06 Jul 2026 17:56:37 GMT",
agreements/agreements_probe_20260913/FloraPDMS_TFM_MOA_06182026.pdf,c1e74ceef65876e5eb73abd4b2b3e9a10d04c7a1f7499278c32dd50e9da0423f,https://www.ice.gov/doclib/287gMOA/FloraPDMS_TFM_MOA_06182026.pdf,2026-09-13T18:25:51Z,Mississippi,Flora Police Department,FloraPDMS_TFM_MOA_06182026.pdf,found by probing ICE's MOA naming pattern while its sheet still said link pending; verified against the PDF text,"""5e9104e8d013031c5ae4975ac62305ce:1783028069.47302""","Thu, 02 Jul 2026 21:34:29 GMT",
agreements/agreements_probe_20260913/HartCoSheriffsOfficeKY_TFM_MOA_06222026.pdf,cfdb30a60ba5cf1b74f2e470473de678f49a5630a6f4abad6a8f098d77145645,https://www.ice.gov/doclib/287gMOA/HartCoSheriffsOfficeKY_TFM_MOA_06222026.pdf,2026-09-13T18:25:51Z,Kentucky,Hart County Sheriff's Office,HartCoSheriffsOfficeKY_TFM_MOA_06222026.pdf,found by probing ICE's MOA naming pattern while its sheet still said link pending; verified against the PDF text,"""00ae4c20963217d59b7ae30df35f64bc:1783360415.902361""","Mon, 06 Jul 2026 17:53:35 GMT",
agreements/agreements_probe_20260913/GeorgetownPoliceDeptLA_TFM_MOA_06222026.pdf,7c75d1ee94badee31b2f62f99f6e2359ad0c74c31a6824265d80fa67a1892db0,https://www.ice.gov/doclib/287gMOA/GeorgetownPoliceDeptLA_TFM_MOA_06222026.pdf,2026-09-13T18:25:51Z,Louisiana,Georgetown Police Department,GeorgetownPoliceDeptLA_TFM_MOA_06222026.pdf,found by probing ICE's MOA naming pattern while its sheet still said link pending; verified against the PDF text,"""d899ff54eb72b7dc4373b0a335352c98:1783359321.241878""","Mon, 06 Jul 2026 17:35:21 GMT",
agreements/agreements_probe_20260913/GrantParishSheriffsOfficeLA_TFM_MOA_06222026.pdf,d04b825be918ee233e0f050a5d6826d60f129def612f1ac3109bb9ada717b3b3,https://www.ice.gov/doclib/287gMOA/GrantParishSheriffsOfficeLA_TFM_MOA_06222026.pdf,2026-09-13T18:25:51Z,Louisiana,Grant Parish Sheriff's Office,GrantParishSheriffsOfficeLA_TFM_MOA_06222026.pdf,found by probing ICE's MOA naming pattern while its sheet still said link pending; verified against the PDF text,"""4e2faed75152e9a7be688cdfe5f187eb:1783360178.139592""","Mon, 06 Jul 2026 17:49:38 GMT",
agreements/agreements_probe_20260913/ClayCoSheriffsOfficeAR_TFM_MOA_06232026.pdf,4555164990ec170a50977ee0813cc2fe3517cb70009bd358375b9da8bf5ac199,https://www.ice.gov/doclib/287gMOA/ClayCoSheriffsOfficeAR_TFM_MOA_06232026.pdf,2026-09-13T18:25:51Z,Arkansas,Clay County Sheriff's Office,ClayCoSheriffsOfficeAR_TFM_MOA_06232026.pdf,found by probing ICE's MOA naming pattern while its sheet still said link pending; verified against the PDF text,"""f546d2b4476018a4492d355b50991a67:1784029648.089991""","Tue, 14 Jul 2026 11:47:28 GMT",
agreements/agreements_probe_20260913/WarsawPoliceDeptKY_TFM_MOA_06232026.pdf,b79284f85b38031ef95b6e211a27cd7a9b76f3a33d847b457ba275042b45738c,https://www.ice.gov/doclib/287gMOA/WarsawPoliceDeptKY_TFM_MOA_06232026.pdf,2026-09-13T18:25:51Z,Kentucky,Warsaw Police Department,WarsawPoliceDeptKY_TFM_MOA_06232026.pdf,found by probing ICE's MOA naming pattern while its sheet still said link pending; verified against the PDF text,"""993e27c3048a398a209078958c0f76a3:1783360198.076255""","Mon, 06 Jul 2026 17:49:58 GMT",
agreements/agreements_probe_20260913/BlueMountainPoliceDeptMS_TFM_MOA_06232026.pdf,40a1fd79a0b0b2137c5498ad75d8e54c5177389e33133e7d50efbfe4177ae3b0,https://www.ice.gov/doclib/287gMOA/BlueMountainPoliceDeptMS_TFM_MOA_06232026.pdf,2026-09-13T18:25:51Z,Mississippi,Blue Mountain Police Department,BlueMountainPoliceDeptMS_TFM_MOA_06232026.pdf,found by probing ICE's MOA naming pattern while its sheet still said link pending; verified against the PDF text,"""4eddabf22a3428ffac1ad73b44a56b6a:1783360178.745212""","Mon, 06 Jul 2026 17:49:38 GMT",
agreements/agreements_probe_20260913/CotterPoliceDeptAR_TFM_MOA_06252026.pdf,bb7c0c8a790139ba56a0de35103cb337fbcbe5cb72d1a88c34823042293f45b6,https://www.ice.gov/doclib/287gMOA/CotterPoliceDeptAR_TFM_MOA_06252026.pdf,2026-09-13T18:25:51Z,Arkansas,Cotter Police Department,CotterPoliceDeptAR_TFM_MOA_06252026.pdf,found by probing ICE's MOA naming pattern while its sheet still said link pending; verified against the PDF text,"""a64962aabd34f2e3a073b7673735156d:1783359108.991552""","Mon, 06 Jul 2026 17:31:48 GMT",
agreements/agreements_probe_20260913/DanielsvillePoliceDeptGA_TFM_MOA_06252026.pdf,08b4c04d9f140b22e096f01026feb35efa157e634b04417fa57414ae3096d7fb,https://www.ice.gov/doclib/287gMOA/DanielsvillePoliceDeptGA_TFM_MOA_06252026.pdf,2026-09-13T18:25:51Z,Georgia,Danielsville Police Department,DanielsvillePoliceDeptGA_TFM_MOA_06252026.pdf,found by probing ICE's MOA naming pattern while its sheet still said link pending; verified against the PDF text,"""949bd4cf5dae958388f3a483590bac22:1783359092.953498""","Mon, 06 Jul 2026 17:31:32 GMT",
agreements/agreements_probe_20260913/PostFallsPoliceDeptID_TFM_MOA_06252026.pdf,69d4fd30b781f67e3e6ce5c9767ee704219634a477a4d8f90a9f1edbb14c5657,https://www.ice.gov/doclib/287gMOA/PostFallsPoliceDeptID_TFM_MOA_06252026.pdf,2026-09-13T18:25:51Z,Idaho,Post Falls Police Department,PostFallsPoliceDeptID_TFM_MOA_06252026.pdf,found by probing ICE's MOA naming pattern while its sheet still said link pending; verified against the PDF text,"""026c419881ef90811e5a63bd8a2a9727:1783359108.48195""","Mon, 06 Jul 2026 17:31:48 GMT",
agreements/agreements_probe_20260913/AndrewsPoliceDeptIN_TFM_MOA_06252026.pdf,a6550311e6f48ecf46bbc67d6e862b320ddbad5fa270e1319fc86c5cb7d92ed5,https://www.ice.gov/doclib/287gMOA/AndrewsPoliceDeptIN_TFM_MOA_06252026.pdf,2026-09-13T18:25:51Z,Indiana,Andrews Police Department,AndrewsPoliceDeptIN_TFM_MOA_06252026.pdf,found by probing ICE's MOA naming pattern while its sheet still said link pending; verified against the PDF text,"""86dc7fc6c9389e2e1241fdcc9f9d8035:1783359088.455269""","Mon, 06 Jul 2026 17:31:28 GMT",
agreements/agreements_probe_20260913/DearbornCoSheriffsDeptIN_JEM_MOA_06252026.pdf,655402d9c9290be24651a9da1be921d20fcbdb32242cb66b0758e778afd5455e,https://www.ice.gov/doclib/287gMOA/DearbornCoSheriffsDeptIN_JEM_MOA_06252026.pdf,2026-09-13T18:25:51Z,Indiana,Dearborn County Sheriff's Department,DearbornCoSheriffsDeptIN_JEM_MOA_06252026.pdf,found by probing ICE's MOA naming pattern while its sheet still said link pending; verified against the PDF text,"""30d4ef0bb9653bd3ebcad129c02b9b56:1783359783.852155""","Mon, 06 Jul 2026 17:43:03 GMT",
agreements/agreements_probe_20260913/DearbornCoSheriffsDeptIN_WSO_MOA_06252026.pdf,3a3fee45a619a0b6b2965dd2c059357c700fc7d3a8e969aa747b053fbda94821,https://www.ice.gov/doclib/287gMOA/DearbornCoSheriffsDeptIN_WSO_MOA_06252026.pdf,2026-09-13T18:25:51Z,Indiana,Dearborn County Sheriff's Department,DearbornCoSheriffsDeptIN_WSO_MOA_06252026.pdf,found by probing ICE's MOA naming pattern while its sheet still said link pending; verified against the PDF text,"""eff5aa33a56e4d2bb5ef6c434ff38ec7:1783359804.018904""","Mon, 06 Jul 2026 17:43:24 GMT",
agreements/agreements_probe_20260913/AdairCoSheriffsOfficeKY_TFM_MOA_06252026.pdf,c5dbc412733f13dc0d25bd69c6fa37b5f26966a65924bf5a22700a4d8528e4fe,https://www.ice.gov/doclib/287gMOA/AdairCoSheriffsOfficeKY_TFM_MOA_06252026.pdf,2026-09-13T18:25:51Z,Kentucky,Adair County Sheriff's Office,AdairCoSheriffsOfficeKY_TFM_MOA_06252026.pdf,found by probing ICE's MOA naming pattern while its sheet still said link pending; verified against the PDF text,"""d1536b289fe0a3828bca75c8477f789e:1783359783.627903""","Mon, 06 Jul 2026 17:43:03 GMT",
agreements/agreements_probe_20260913/RichlandParishSheriffsOfficeLA_TFM_MOA_06252026.pdf,8115b43b932d6e2c4f7ed190e8678fa7e7bd6252c813a0e5af7fcbd5f01855a9,https://www.ice.gov/doclib/287gMOA/RichlandParishSheriffsOfficeLA_TFM_MOA_06252026.pdf,2026-09-13T18:25:51Z,Louisiana,Richland Parish Sheriff's Office,RichlandParishSheriffsOfficeLA_TFM_MOA_06252026.pdf,found by probing ICE's MOA naming pattern while its sheet still said link pending; verified against the PDF text,"""10f7eb0d4bdcff66b3f6de16d4300a99:1783360397.538201""","Mon, 06 Jul 2026 17:53:17 GMT",
agreements/agreements_probe_20260913/GuntownPoliceDeptMS_TFM_MOA_06252026.pdf,e08594f6e7674519c384e7baad1b1fd17ddbaff0f6df944c4b704470ec987adf,https://www.ice.gov/doclib/287gMOA/GuntownPoliceDeptMS_TFM_MOA_06252026.pdf,2026-09-13T18:25:51Z,Mississippi,Guntown Police Department,GuntownPoliceDeptMS_TFM_MOA_06252026.pdf,found by probing ICE's MOA naming pattern while its sheet still said link pending; verified against the PDF text,"""ab36d67a980176b2defbb233933830cd:1783360410.800921""","Mon, 06 Jul 2026 17:53:30 GMT",
agreements/agreements_probe_20260913/PontotocPoliceDeptMS_TFM_MOA_06252026.pdf,8b90ad22fff10cd2622e5744b5275df49aff1569468ad78748aed1050ac24c11,https://www.ice.gov/doclib/287gMOA/PontotocPoliceDeptMS_TFM_MOA_06252026.pdf,2026-09-13T18:25:51Z,Mississippi,Pontotoc Police Department,PontotocPoliceDeptMS_TFM_MOA_06252026.pdf,found by probing ICE's MOA naming pattern while its sheet still said link pending; verified against the PDF text,"""b14ef9ac41743c4b9ee007199f1d4063:1783359975.000062""","Mon, 06 Jul 2026 17:46:15 GMT",
agreements/agreements_probe_20260913/LeadingtonPoliceDeptMO_TFM_MOA_06252026.pdf,249c304e7b01ba9b096c375607bbbe7c509265c4368dd8ec5c406d363b49e5f7,https://www.ice.gov/doclib/287gMOA/LeadingtonPoliceDeptMO_TFM_MOA_06252026.pdf,2026-09-13T18:25:51Z,Missouri,Leadington Police Department,LeadingtonPoliceDeptMO_TFM_MOA_06252026.pdf,found by probing ICE's MOA naming pattern while its sheet still said link pending; verified against the PDF text,"""72526cfde595c9eef2f4dc732f68a4ae:1783360198.551655""","Mon, 06 Jul 2026 17:49:58 GMT",
agreements/agreements_probe_20260913/MorrisvillePoliceDeptMO_TFM_MOA_06252026.pdf,103243cf9f0e78061c1898aa72e6801e343261931026951a452948dbf7161d25,https://www.ice.gov/doclib/287gMOA/MorrisvillePoliceDeptMO_TFM_MOA_06252026.pdf,2026-09-13T18:25:51Z,Missouri,Morrisville Police Department,MorrisvillePoliceDeptMO_TFM_MOA_06252026.pdf,found by probing ICE's MOA naming pattern while its sheet still said link pending; verified against the PDF text,"""17916c5d1bccbccea582c83315efb661:1783360395.233432""","Mon, 06 Jul 2026 17:53:15 GMT",
agreements/agreements_probe_20260913/BranchvillePoliceDeptSC_TFM_MOA_06252026.pdf,b3c67b3311e48afca7dc48e895596a10df931894d7a1201ab6c3f53e20c360fe,https://www.ice.gov/doclib/287gMOA/BranchvillePoliceDeptSC_TFM_MOA_06252026.pdf,2026-09-13T18:25:51Z,South Carolina,Branchville Police Department,BranchvillePoliceDeptSC_TFM_MOA_06252026.pdf,found by probing ICE's MOA naming pattern while its sheet still said link pending; verified against the PDF text,"""cb1254f1b7f1c2e8c9847f875865346f:1783359976.138845""","Mon, 06 Jul 2026 17:46:16 GMT",
agreements/agreements_probe_20260913/PickettCoSheriffsOfficeTN_TFM_MOA_06252026.pdf,563744ff0f81fdcbb217f684e0f5e12c7f949bd579b6c2edf6d808eab6823126,https://www.ice.gov/doclib/287gMOA/PickettCoSheriffsOfficeTN_TFM_MOA_06252026.pdf,2026-09-13T18:25:51Z,Tennessee,Pickett County Sheriff's Office,PickettCoSheriffsOfficeTN_TFM_MOA_06252026.pdf,found by probing ICE's MOA naming pattern while its sheet still said link pending; verified against the PDF text,"""eb84f51e8b51a562429916059c69108b:1783359780.333581""","Mon, 06 Jul 2026 17:43:00 GMT",
agreements/agreements_probe_20260913/PickettCoSheriffsOfficeTN_WSO_MOA_06252026.pdf,b524599cfbc906ea5c1a22a1801a57485fda86f133f320074f601c50182fcbfd,https://www.ice.gov/doclib/287gMOA/PickettCoSheriffsOfficeTN_WSO_MOA_06252026.pdf,2026-09-13T18:25:51Z,Tennessee,Pickett County Sheriff's Office,PickettCoSheriffsOfficeTN_WSO_MOA_06252026.pdf,found by probing ICE's MOA naming pattern while its sheet still said link pending; verified against the PDF text,"""7ce34d1777ff6dcb91f864bbb26856d4:1783359975.4323""","Mon, 06 Jul 2026 17:46:15 GMT",
agreements/agreements_probe_20260913/ReformPDAL_TFM_MOA_06292026.pdf,fd43301187c535e61dec01df48186bef00daa6ce9b05ec5e61b7af5a427e2060,https://www.ice.gov/doclib/287gMOA/ReformPDAL_TFM_MOA_06292026.pdf,2026-09-13T18:25:51Z,Alabama,Reform Police Department,ReformPDAL_TFM_MOA_06292026.pdf,found by probing ICE's MOA naming pattern while its sheet still said link pending; verified against the PDF text,"""35d9a6de5c345c87ff713fe57aa10880:1783547326.881665""","Wed, 08 Jul 2026 21:48:46 GMT",
agreements/agreements_probe_20260913/BentonPDLA_TFM_MOA_06292026.pdf,c1304d426ba51b9cc39fac490782640592d4fecd41143ad94c4265734b427049,https://www.ice.gov/doclib/287gMOA/BentonPDLA_TFM_MOA_06292026.pdf,2026-09-13T18:25:51Z,Louisiana,Benton Police Department,BentonPDLA_TFM_MOA_06292026.pdf,found by probing ICE's MOA naming pattern while its sheet still said link pending; verified against the PDF text,"""90f833cfc2fd6f2bdd548868d27980a4:1783547308.934374""","Wed, 08 Jul 2026 21:48:28 GMT",
agreements/agreements_probe_20260913/NorthHamptonPoliceDeptOH_TFM_MOA_06292026.pdf,bcc242c8c3d93091ec17d438b1342fb65eccd99764089b84b8139e129ba9ac94,https://www.ice.gov/doclib/287gMOA/NorthHamptonPoliceDeptOH_TFM_MOA_06292026.pdf,2026-09-13T18:25:51Z,Ohio,North Hampton Police Department,NorthHamptonPoliceDeptOH_TFM_MOA_06292026.pdf,found by probing ICE's MOA naming pattern while its sheet still said link pending; verified against the PDF text,"""a6937ac50f779b69f908d404ca86d022:1783681941.129216""","Fri, 10 Jul 2026 11:12:21 GMT",
agreements/agreements_probe_20260913/PresidioCoSheriffsOfficeTX_WSO_MOA_06292026.pdf,2815d9a2132aa9d27edfb8f296b61a846bc3fd2b8ebf267298305b7ec6d29df8,https://www.ice.gov/doclib/287gMOA/PresidioCoSheriffsOfficeTX_WSO_MOA_06292026.pdf,2026-09-13T18:25:51Z,Texas,Presidio County Sheriff's Office,PresidioCoSheriffsOfficeTX_WSO_MOA_06292026.pdf,found by probing ICE's MOA naming pattern while its sheet still said link pending; verified against the PDF text,"""3ea34c5028a804b04f8ab59c09bbda5a:1783681939.109485""","Fri, 10 Jul 2026 11:12:19 GMT",
agreements/agreements_probe_20260913/GroveHillPoliceDeptAL_TFM_MOA_07022026.pdf,635c57208b01102bbbbad93f905abcfc86100101f50c09ca3b16337274023118,https://www.ice.gov/doclib/287gMOA/GroveHillPoliceDeptAL_TFM_MOA_07022026.pdf,2026-09-13T18:25:51Z,Alabama,Grove Hill Police Department,GroveHillPoliceDeptAL_TFM_MOA_07022026.pdf,found by probing ICE's MOA naming pattern while its sheet still said link pending; verified against the PDF text,"""bb72fcf2b84c634a71c7380fef6b8f18:1786457983.213694""","Tue, 11 Aug 2026 14:19:43 GMT",
agreements/agreements_probe_20260913/PineHillPoliceDeptAL_TFM_MOA_07022026.pdf,280ae6a86dea3c3d680dfc6c603cf41d4665493bf38666d10d1d8ec7426d7e32,https://www.ice.gov/doclib/287gMOA/PineHillPoliceDeptAL_TFM_MOA_07022026.pdf,2026-09-13T18:25:51Z,Alabama,Pine Hill Police Department,PineHillPoliceDeptAL_TFM_MOA_07022026.pdf,found by probing ICE's MOA naming pattern while its sheet still said link pending; verified against the PDF text,"""ef1d8e72960b67d14e4fa67ef374a39c:1784030430.08712""","Tue, 14 Jul 2026 12:00:30 GMT",
agreements/agreements_probe_20260913/ClarendonPoliceDeptAR_TFM_MOA_06302026.pdf,6458190fcee9b814af8298766a85cc2babac0a080136dcde1d2d5f895e24e656,https://www.ice.gov/doclib/287gMOA/ClarendonPoliceDeptAR_TFM_MOA_06302026.pdf,2026-09-13T18:25:51Z,Arkansas,Clarendon Police Department,ClarendonPoliceDeptAR_TFM_MOA_06302026.pdf,found by probing ICE's MOA naming pattern while its sheet still said link pending; verified against the PDF text,"""168dd7c5654d81728d5c8540d374c468:1783682473.791304""","Fri, 10 Jul 2026 11:21:13 GMT",
agreements/agreements_probe_20260913/ColumbiaCoSheriffsOfficeAR_TFM_MOA_07022026.pdf,54c0f999c947f86488dfc3f0d3d20a1a6ea814e1fe4f0a7eb54895f17e501171,https://www.ice.gov/doclib/287gMOA/ColumbiaCoSheriffsOfficeAR_TFM_MOA_07022026.pdf,2026-09-13T18:25:51Z,Arkansas,Columbia County Sheriff's Office,ColumbiaCoSheriffsOfficeAR_TFM_MOA_07022026.pdf,found by probing ICE's MOA naming pattern while its sheet still said link pending; verified against the PDF text,"""5fac7c6fe63e9e055dd974b0b1f347bf:1784030410.832728""","Tue, 14 Jul 2026 12:00:10 GMT",
agreements/agreements_probe_20260913/ChautauquaCoSheriffsDeptKS_WSO_MOA_06302026.pdf,1631aff3ce5c30fa5e549dd0fb55cc10ca5b8555dbc4796bce5c0d3a41150546,https://www.ice.gov/doclib/287gMOA/ChautauquaCoSheriffsDeptKS_WSO_MOA_06302026.pdf,2026-09-13T18:25:51Z,Kansas,Chautauqua County Sheriff's Department,ChautauquaCoSheriffsDeptKS_WSO_MOA_06302026.pdf,found by probing ICE's MOA naming pattern while its sheet still said link pending; verified against the PDF text,"""96d489ec41cb180c7ff7b51c1a7d31c0:1783682679.177587""","Fri, 10 Jul 2026 11:24:39 GMT",
agreements/agreements_probe_20260913/RussellCoSheriffsDeptKS_TFM_MOA_07022026.pdf,bfa3ca1a00287e0a0f7260f52901f46b7ec2da3709e0f29db009f38223a2a62a,https://www.ice.gov/doclib/287gMOA/RussellCoSheriffsDeptKS_TFM_MOA_07022026.pdf,2026-09-13T18:25:51Z,Kansas,Russell County Sheriff's Department,RussellCoSheriffsDeptKS_TFM_MOA_07022026.pdf,found by probing ICE's MOA naming pattern while its sheet still said link pending; verified against the PDF text,"""c2b0adf65e73f50f67c26fa71a70a046:1784029160.667422""","Tue, 14 Jul 2026 11:39:20 GMT",
agreements/agreements_probe_20260913/ThomasCoSheriffsOfficeKS_TFM_MOA_06302026.pdf,5e74d5f0472e10d8c4b877bf7bdb0064548d169dcf7439c2062e9909076bc1af,https://www.ice.gov/doclib/287gMOA/ThomasCoSheriffsOfficeKS_TFM_MOA_06302026.pdf,2026-09-13T18:25:51Z,Kansas,Thomas County Sheriff's Office,ThomasCoSheriffsOfficeKS_TFM_MOA_06302026.pdf,found by probing ICE's MOA naming pattern while its sheet still said link pending; verified against the PDF text,"""8da31ac31209445aa6e803aea502f935:1784028676.137595""","Tue, 14 Jul 2026 11:31:16 GMT",
agreements/agreements_probe_20260913/JacksonMarshalsOfficeLA_TFM_MOA_06302026.pdf,99cddbe9f797d1471a3512b08040a0acb1d66ae1faec43c6c7621c3c02687c96,https://www.ice.gov/doclib/287gMOA/JacksonMarshalsOfficeLA_TFM_MOA_06302026.pdf,2026-09-13T18:25:51Z,Louisiana,Jackson Marshals Office,JacksonMarshalsOfficeLA_TFM_MOA_06302026.pdf,found by probing ICE's MOA naming pattern while its sheet still said link pending; verified against the PDF text,"""4dbd5cc81a6ba94e21840b2383c7eebf:1783682878.846353""","Fri, 10 Jul 2026 11:27:58 GMT",
agreements/agreements_probe_20260913/MorehouseParishSheriffsOfficeLA_TFM_MOA_06302026.pdf,ac8fa773bf11f6539e281980d54694abf4f9f426b346ae662f25395ccde951e5,https://www.ice.gov/doclib/287gMOA/MorehouseParishSheriffsOfficeLA_TFM_MOA_06302026.pdf,2026-09-13T18:25:51Z,Louisiana,Morehouse Parish Sheriff's Office,MorehouseParishSheriffsOfficeLA_TFM_MOA_06302026.pdf,found by probing ICE's MOA naming pattern while its sheet still said link pending; verified against the PDF text,"""d3f200f6e8565de0b87dce739864452e:1784028469.313679""","Tue, 14 Jul 2026 11:27:49 GMT",
agreements/agreements_probe_20260913/HollisterPoliceDeptMO_TFM_MOA_06302026.pdf,cc0cda1cbb2a09d969913cceace6671849e5702bb5e01fd3f0db05fdb7f7d5ef,https://www.ice.gov/doclib/287gMOA/HollisterPoliceDeptMO_TFM_MOA_06302026.pdf,2026-09-13T18:25:51Z,Missouri,Hollister Police Department,HollisterPoliceDeptMO_TFM_MOA_06302026.pdf,found by probing ICE's MOA naming pattern while its sheet still said link pending; verified against the PDF text,"""4b09c26c02ee1079c4c4e681fe556acd:1783682853.871827""","Fri, 10 Jul 2026 11:27:33 GMT",
agreements/agreements_probe_20260913/MercerCoSheriffsOfficeMO_TFM_MOA_07022026.pdf,03ccb48541709c684aa9e54533395c4eaa511db045fe20c29cdcb4fe22c37550,https://www.ice.gov/doclib/287gMOA/MercerCoSheriffsOfficeMO_TFM_MOA_07022026.pdf,2026-09-13T18:25:51Z,Missouri,Mercer County Sheriff's Office,MercerCoSheriffsOfficeMO_TFM_MOA_07022026.pdf,found by probing ICE's MOA naming pattern while its sheet still said link pending; verified against the PDF text,"""685baee5a452a9b8bbbd4ca9b558c7b7:1784028673.7114""","Tue, 14 Jul 2026 11:31:13 GMT",
agreements/agreements_probe_20260913/MoniteauCoSheriffsOfficeMO_TFM_MOA_06302026.pdf,a812e27ed43add7b06b138a8a1083467ad8349c0ac2a5e5bdc00649c74afd1d4,https://www.ice.gov/doclib/287gMOA/MoniteauCoSheriffsOfficeMO_TFM_MOA_06302026.pdf,2026-09-13T18:25:51Z,Missouri,Moniteau County Sheriff's Office,MoniteauCoSheriffsOfficeMO_TFM_MOA_06302026.pdf,found by probing ICE's MOA naming pattern while its sheet still said link pending; verified against the PDF text,"""7684e0cee616f6f1867daf6610142bbd:1783682874.178721""","Fri, 10 Jul 2026 11:27:54 GMT",
agreements/agreements_probe_20260913/PevelyPoliceDeptMO_TFM_MOA_06302026.pdf,b4cd822eea80c17273e884f47d93d8713c1fc56d6a5a372f9e1da7d4242893a3,https://www.ice.gov/doclib/287gMOA/PevelyPoliceDeptMO_TFM_MOA_06302026.pdf,2026-09-13T18:25:51Z,Missouri,Pevely Police Department,PevelyPoliceDeptMO_TFM_MOA_06302026.pdf,found by probing ICE's MOA naming pattern while its sheet still said link pending; verified against the PDF text,"""a534ceda257cc6d13e822eb78021e700:1783360597.948131""","Mon, 06 Jul 2026 17:56:37 GMT",
agreements/agreements_probe_20260913/GreerCoSheriffsOfficeOK_TFM_MOA_06302026.pdf,4f76a0d7291ae6bdb0095719fd74484f59e4c0ceb76b10ebfe0aa5eccc7724aa,https://www.ice.gov/doclib/287gMOA/GreerCoSheriffsOfficeOK_TFM_MOA_06302026.pdf,2026-09-13T18:25:51Z,Oklahoma,Greer County Sheriff's Office,GreerCoSheriffsOfficeOK_TFM_MOA_06302026.pdf,found by probing ICE's MOA naming pattern while its sheet still said link pending; verified against the PDF text,"""1d98ed6549139ebf6a504393c0b500cc:1783682877.055215""","Fri, 10 Jul 2026 11:27:57 GMT",
agreements/agreements_probe_20260913/CoalTownshipPoliceDeptPA_TFM_MOA_06302026.pdf,ac9827e468dabb2d8eedf9ba035a08da5daa276463c21abd58666af559233f6a,https://www.ice.gov/doclib/287gMOA/CoalTownshipPoliceDeptPA_TFM_MOA_06302026.pdf,2026-09-13T18:25:51Z,Pennsylvania,Coal Township Police Department,CoalTownshipPoliceDeptPA_TFM_MOA_06302026.pdf,found by probing ICE's MOA naming pattern while its sheet still said link pending; verified against the PDF text,"""9b543e4c59cdb5536b0bb92cbcd54a06:1783682683.314144""","Fri, 10 Jul 2026 11:24:43 GMT",
agreements/agreements_probe_20260913/CheathamCoSheriffsOfficeTN_WSO_MOA_06302026.pdf,bcd2c3accc1cb9cce1c23f18bea8549284f07dc30199702271537550d2a44599,https://www.ice.gov/doclib/287gMOA/CheathamCoSheriffsOfficeTN_WSO_MOA_06302026.pdf,2026-09-13T18:25:51Z,Tennessee,Cheatham County Sheriff's Office,CheathamCoSheriffsOfficeTN_WSO_MOA_06302026.pdf,found by probing ICE's MOA naming pattern while its sheet still said link pending; verified against the PDF text,"""54e4f0d817343f3f8d0f317b6c7b9a25:1783682683.788662""","Fri, 10 Jul 2026 11:24:43 GMT",
agreements/agreements_probe_20260913/SmithCoSheriffsOfficeTN_WSO_MOA_06302026.pdf,5c4369c1f9776833c0d381833c42b9bb8c154ff876beb919c9557049f26f8505,https://www.ice.gov/doclib/287gMOA/SmithCoSheriffsOfficeTN_WSO_MOA_06302026.pdf,2026-09-13T18:25:51Z,Tennessee,Smith County Sheriff's Office,SmithCoSheriffsOfficeTN_WSO_MOA_06302026.pdf,found by probing ICE's MOA naming pattern while its sheet still said link pending; verified against the PDF text,"""a8235d2585b6a7e44954b50d0d116945:1784028488.192927""","Tue, 14 Jul 2026 11:28:08 GMT",
agreements/agreements_probe_20260913/TiptonCoSheriffsOfficeTN_WSO_MOA_06302026.pdf,bb454aec4719038e3299df9100863fb69c1f0be49953a5ec777634f5ed3d5c36,https://www.ice.gov/doclib/287gMOA/TiptonCoSheriffsOfficeTN_WSO_MOA_06302026.pdf,2026-09-13T18:25:51Z,Tennessee,Tipton County Sheriff's Office,TiptonCoSheriffsOfficeTN_WSO_MOA_06302026.pdf,found by probing ICE's MOA naming pattern while its sheet still said link pending; verified against the PDF text,"""9417245fc0268d18a371e8a6a9ffc95c:1783682470.312548""","Fri, 10 Jul 2026 11:21:10 GMT",
agreements/agreements_probe_20260913/WilliamsonCoSheriffsOfficeTN_WSO_MOA_06302026.pdf,8aee0ad6114c45d0487bc2a78e9af81ce58b1b83a5ba7da1f26357a105a92c76,https://www.ice.gov/doclib/287gMOA/WilliamsonCoSheriffsOfficeTN_WSO_MOA_06302026.pdf,2026-09-13T18:25:51Z,Tennessee,Williamson County Sheriff's Office,WilliamsonCoSheriffsOfficeTN_WSO_MOA_06302026.pdf,found by probing ICE's MOA naming pattern while its sheet still said link pending; verified against the PDF text,"""9680576f6991048e6e916311de5cc767:1784028656.538215""","Tue, 14 Jul 2026 11:30:56 GMT",
agreements/agreements_probe_20260913/AlmaCityPoliceDeptTX_TFM_MOA_07022026.pdf,e2b206b9e11e4d3d0a5509a0f3f68960e4363685d214fe25107b34f040cd7360,https://www.ice.gov/doclib/287gMOA/AlmaCityPoliceDeptTX_TFM_MOA_07022026.pdf,2026-09-13T18:25:51Z,Texas,Alma City Police Department,AlmaCityPoliceDeptTX_TFM_MOA_07022026.pdf,found by probing ICE's MOA naming pattern while its sheet still said link pending; verified against the PDF text,"""5aaea66266d890121710c32bdb3b3b19:1784029155.126169""","Tue, 14 Jul 2026 11:39:15 GMT",
agreements/agreements_probe_20260913/NewDealPoliceDeptTX_TFM_MOA_06302026.pdf,362e3dfb8ac02275dc5511cdfea2ed4edd657c37a12d1e880e3edc83939e8764,https://www.ice.gov/doclib/287gMOA/NewDealPoliceDeptTX_TFM_MOA_06302026.pdf,2026-09-13T18:25:51Z,Texas,New Deal Police Department,NewDealPoliceDeptTX_TFM_MOA_06302026.pdf,found by probing ICE's MOA naming pattern while its sheet still said link pending; verified against the PDF text,"""5e53ef6b83479dcb4c2e56920cd36b8a:1784028469.865146""","Tue, 14 Jul 2026 11:27:49 GMT",
agreements/agreements_probe_20260913/RangerPoliceDeptTX_TFM_MOA_06302026.pdf,1f089017f0fd4726a4a9017df5acf080fba26765b8a2c4e0cfd14bc066c1ee43,https://www.ice.gov/doclib/287gMOA/RangerPoliceDeptTX_TFM_MOA_06302026.pdf,2026-09-13T18:25:51Z,Texas,Ranger Police Department,RangerPoliceDeptTX_TFM_MOA_06302026.pdf,found by probing ICE's MOA naming pattern while its sheet still said link pending; verified against the PDF text,"""3ff6fbdd14888ee0950c06fb75f02142:1784028451.974351""","Tue, 14 Jul 2026 11:27:31 GMT",
agreements/agreements_probe_20260913/SeminolePoliceDeptTX_TFM_MOA_06302026.pdf,d35b130cb8998d1581793f43cf2b576037ee656d47e52002f0d650bad6a64892,https://www.ice.gov/doclib/287gMOA/SeminolePoliceDeptTX_TFM_MOA_06302026.pdf,2026-09-13T18:25:51Z,Texas,Seminole Police Department,SeminolePoliceDeptTX_TFM_MOA_06302026.pdf,found by probing ICE's MOA naming pattern while its sheet still said link pending; verified against the PDF text,"""08538952d07a4d3b5e5c4b49e0e11740:1783682473.996716""","Fri, 10 Jul 2026 11:21:13 GMT",
agreements/agreements_probe_20260913/ShallowaterPoliceDeptTX_TFM_MOA_06302026.pdf,30952c8692112570f843d71f8de69e15b703b8b0a12f6c4d9871e5025c785bc6,https://www.ice.gov/doclib/287gMOA/ShallowaterPoliceDeptTX_TFM_MOA_06302026.pdf,2026-09-13T18:25:51Z,Texas,Shallowater Police Department,ShallowaterPoliceDeptTX_TFM_MOA_06302026.pdf,found by probing ICE's MOA naming pattern while its sheet still said link pending; verified against the PDF text,"""59e87e7bc91023403b8429fba130a570:1783682490.785502""","Fri, 10 Jul 2026 11:21:30 GMT",
agreements/agreements_probe_20260913/BlackfordCoSheriffsDeptIN_TFM_MOA_07032026.pdf,0b098c9468ad6744f6969d29cb59bb29adb42530d67cc01c74a8fa6bbb6bbd8a,https://www.ice.gov/doclib/287gMOA/BlackfordCoSheriffsDeptIN_TFM_MOA_07032026.pdf,2026-09-13T18:25:51Z,Indiana,Blackford County Sheriff's Department,BlackfordCoSheriffsDeptIN_TFM_MOA_07032026.pdf,found by probing ICE's MOA naming pattern while its sheet still said link pending; verified against the PDF text,"""2245c8483a6fd17a353b0033f19a5fb0:1784030428.830377""","Tue, 14 Jul 2026 12:00:28 GMT",
agreements/agreements_probe_20260913/BentleyPDKS_TFM_MOA_07032026.pdf,7ef6c028065efaee587453f38d0f5eb20ec48954e011e6f5a047c21467b2be8a,https://www.ice.gov/doclib/287gMOA/BentleyPDKS_TFM_MOA_07032026.pdf,2026-09-13T18:25:51Z,Kansas,Bentley Police Department,BentleyPDKS_TFM_MOA_07032026.pdf,found by probing ICE's MOA naming pattern while its sheet still said link pending; verified against the PDF text,"""ae9e68113a56fb8f7ce7cc15f892831a:1784063101.916447""","Tue, 14 Jul 2026 21:05:01 GMT",
agreements/agreements_probe_20260913/WhitleyCoSOKY_TFM_MOA_07032026.pdf,a0028321c9fdc01ed898afaf40708dbb269241ac77e4091cbb648f162f8c5641,https://www.ice.gov/doclib/287gMOA/WhitleyCoSOKY_TFM_MOA_07032026.pdf,2026-09-13T18:25:51Z,Kentucky,Whitley County Sheriff's Office,WhitleyCoSOKY_TFM_MOA_07032026.pdf,found by probing ICE's MOA naming pattern while its sheet still said link pending; verified against the PDF text,"""376c73ab1d1782e40cd6fd6f8856c507:1784063100.424084""","Tue, 14 Jul 2026 21:05:00 GMT",
agreements/agreements_probe_20260913/LivingstonPoliceDeptLA_TFM_MOA_07032026.pdf,1819d7a6417faba0ba4a9fb596914523af5e0ce6eec76bc309da357ab9cd2864,https://www.ice.gov/doclib/287gMOA/LivingstonPoliceDeptLA_TFM_MOA_07032026.pdf,2026-09-13T18:25:51Z,Louisiana,Livingston Police Department,LivingstonPoliceDeptLA_TFM_MOA_07032026.pdf,found by probing ICE's MOA naming pattern while its sheet still said link pending; verified against the PDF text,"""5b4527835c0c596e171e09481709151a:1784559087.234871""","Mon, 20 Jul 2026 14:51:27 GMT",
agreements/agreements_probe_20260913/BollingerCoSOMO_TFM_MOA_07032026.pdf,bf77beddde9d9ebba5a630f337f824043481765ae4b9769baf4cf270987b97ba,https://www.ice.gov/doclib/287gMOA/BollingerCoSOMO_TFM_MOA_07032026.pdf,2026-09-13T18:25:51Z,Missouri,Bollinger County Sheriff's Office,BollingerCoSOMO_TFM_MOA_07032026.pdf,found by probing ICE's MOA naming pattern while its sheet still said link pending; verified against the PDF text,"""a5a691b802734448a01880165cd41c32:1784063283.358848""","Tue, 14 Jul 2026 21:08:03 GMT",
agreements/agreements_probe_20260913/GeaugaCoSOOH_TFM_MOA_07032026.pdf,e60e5a51420760fb622fcbd268bc162e0a63dcfcc1fb9a4f1215101c9ce843fc,https://www.ice.gov/doclib/287gMOA/GeaugaCoSOOH_TFM_MOA_07032026.pdf,2026-09-13T18:25:51Z,Ohio,Geauga County Sheriff's Office,GeaugaCoSOOH_TFM_MOA_07032026.pdf,found by probing ICE's MOA naming pattern while its sheet still said link pending; verified against the PDF text,"""111ae06873f186aa081c4c77c3e33a10:1784063284.23946""","Tue, 14 Jul 2026 21:08:04 GMT",
agreements/agreements_probe_20260913/OologahPoliceDeptOK_TFM_MOA_07032026.pdf,4f97ba320d1a6c1bb7abe4b0572bd00c2d0af3cc9fd9e19ddfe2b794b93869cb,https://www.ice.gov/doclib/287gMOA/OologahPoliceDeptOK_TFM_MOA_07032026.pdf,2026-09-13T18:25:51Z,Oklahoma,Oologah Police Department,OologahPoliceDeptOK_TFM_MOA_07032026.pdf,found by probing ICE's MOA naming pattern while its sheet still said link pending; verified against the PDF text,"""4546d35530025d88499c9eba70c70175:1784559069.445244""","Mon, 20 Jul 2026 14:51:09 GMT",
agreements/agreements_probe_20260913/WellfordPoliceDeptSC_TFM_MOA_07032026.pdf,a16f7f7a8426dd42eff84dc9028167bb420e453700b64b690406c703e2ea4a03,https://www.ice.gov/doclib/287gMOA/WellfordPoliceDeptSC_TFM_MOA_07032026.pdf,2026-09-13T18:25:51Z,South Carolina,Wellford Police Department,WellfordPoliceDeptSC_TFM_MOA_07032026.pdf,found by probing ICE's MOA naming pattern while its sheet still said link pending; verified against the PDF text,"""561a6111aed0d1578cb8a0bc96c7752f:1784559043.747394""","Mon, 20 Jul 2026 14:50:43 GMT",
agreements/agreements_probe_20260913/GordoPoliceDeptAL_TFM_MOA_07092026.pdf,c95e5e26c3e611d7c082a5306e092005d92c46f91de08aa4828d4f636547f9ed,https://www.ice.gov/doclib/287gMOA/GordoPoliceDeptAL_TFM_MOA_07092026.pdf,2026-09-13T18:25:51Z,Alabama,Gordo Police Department,GordoPoliceDeptAL_TFM_MOA_07092026.pdf,found by probing ICE's MOA naming pattern while its sheet still said link pending; verified against the PDF text,"""0b748f79b752ea627210a861c49b4136:1785517261.871257""","Fri, 31 Jul 2026 17:01:01 GMT",
agreements/agreements_probe_20260913/DecaturPoliceDeptAR_TFM_MOA_07092026.pdf,e222f3de7acc1c6a7a81b6b82c608d3f045af8413af351d28b36459f67436023,https://www.ice.gov/doclib/287gMOA/DecaturPoliceDeptAR_TFM_MOA_07092026.pdf,2026-09-13T18:25:51Z,Arkansas,Decatur Police Department,DecaturPoliceDeptAR_TFM_MOA_07092026.pdf,found by probing ICE's MOA naming pattern while its sheet still said link pending; verified against the PDF text,"""fa3fd2dfb14b899a776effb8decdb5c9:1785516866.621461""","Fri, 31 Jul 2026 16:54:26 GMT",
agreements/agreements_probe_20260913/LincolnCoSheriffsOfficeAR_WSO_MOA_07072026.pdf,4b8fd4b2d9b2918b40e3495aaf1c149e01fc385e1567ecbb94b984b018a96700,https://www.ice.gov/doclib/287gMOA/LincolnCoSheriffsOfficeAR_WSO_MOA_07072026.pdf,2026-09-13T18:25:51Z,Arkansas,Lincoln County Sheriff's Office,LincolnCoSheriffsOfficeAR_WSO_MOA_07072026.pdf,found by probing ICE's MOA naming pattern while its sheet still said link pending; verified against the PDF text,"""e37e0212ca07411b240f93b04305c7d5:1785517259.871161""","Fri, 31 Jul 2026 17:00:59 GMT",
agreements/agreements_probe_20260913/PottsvillePoliceDeptAR_TFM_MOA_07092026.pdf,e9647b5b4c0d3481c1e9c807f63cecc406ff840106479265bf13e1e856771913,https://www.ice.gov/doclib/287gMOA/PottsvillePoliceDeptAR_TFM_MOA_07092026.pdf,2026-09-13T18:25:51Z,Arkansas,Pottsville Police Department,PottsvillePoliceDeptAR_TFM_MOA_07092026.pdf,found by probing ICE's MOA naming pattern while its sheet still said link pending; verified against the PDF text,"""664e0ba60729baec516af1202253f85d:1785517056.043263""","Fri, 31 Jul 2026 16:57:36 GMT",
agreements/agreements_probe_20260913/ClayCoSheriffsDeptGA_WSO_MOA_07072026.pdf,b9f2ba17666abe9628600a2e25743dc0b1915a99bac6f0499f8eeb409334dcfa,https://www.ice.gov/doclib/287gMOA/ClayCoSheriffsDeptGA_WSO_MOA_07072026.pdf,2026-09-13T18:25:51Z,Georgia,Clay County Sheriff's Department,ClayCoSheriffsDeptGA_WSO_MOA_07072026.pdf,found by probing ICE's MOA naming pattern while its sheet still said link pending; verified against the PDF text,"""a8ddfdfcfcdf27f97af1c8b1d0b8eaac:1785516864.707569""","Fri, 31 Jul 2026 16:54:24 GMT",
agreements/agreements_probe_20260913/MuscogeeCoSheriffsOfficeGA_TFM_MOA_07072026.pdf,42bcba862897d24789a49d49efbcd84c886a2a33648859312de3480feb94a092,https://www.ice.gov/doclib/287gMOA/MuscogeeCoSheriffsOfficeGA_TFM_MOA_07072026.pdf,2026-09-13T18:25:51Z,Georgia,Muscogee County Sheriff's Office,MuscogeeCoSheriffsOfficeGA_TFM_MOA_07072026.pdf,found by probing ICE's MOA naming pattern while its sheet still said link pending; verified against the PDF text,"""41180be97e4fffb56cfaefa4b984d9aa:1785517241.823768""","Fri, 31 Jul 2026 17:00:41 GMT",
agreements/agreements_probe_20260913/WorthCoSheriffsDeptGA_TFM_MOA_07092026.pdf,585474f27c978726af1910fb3d38d50c3c4054c29a4d09f40845c5fe7367fd58,https://www.ice.gov/doclib/287gMOA/WorthCoSheriffsDeptGA_TFM_MOA_07092026.pdf,2026-09-13T18:25:51Z,Georgia,Worth County Sheriff's Department,WorthCoSheriffsDeptGA_TFM_MOA_07092026.pdf,found by probing ICE's MOA naming pattern while its sheet still said link pending; verified against the PDF text,"""9ee27a474cdd2820f19af1aa00b50541:1786457275.968537""","Tue, 11 Aug 2026 14:07:55 GMT",
agreements/agreements_probe_20260913/WorthCoSheriffsDeptGA_WSO_MOA_07092026.pdf,5571da9196ec3ab3cdd0f1081c577c3e8c14267f64e1ac33922d09f97fd7ef44,https://www.ice.gov/doclib/287gMOA/WorthCoSheriffsDeptGA_WSO_MOA_07092026.pdf,2026-09-13T18:25:51Z,Georgia,Worth County Sheriff's Department,WorthCoSheriffsDeptGA_WSO_MOA_07092026.pdf,found by probing ICE's MOA naming pattern while its sheet still said link pending; verified against the PDF text,"""efe5db76cba1630c32d6b2ff70705a36:1785517055.466606""","Fri, 31 Jul 2026 16:57:35 GMT",
agreements/agreements_probe_20260913/GearyCoSheriffsDeptKS_WSO_MOA_07072026.pdf,0046e5bb96941a4d3fd7be2f60f74afde6981069757b87156b5520377d0bcc61,https://www.ice.gov/doclib/287gMOA/GearyCoSheriffsDeptKS_WSO_MOA_07072026.pdf,2026-09-13T18:25:51Z,Kansas,Geary County Sheriff's Department,GearyCoSheriffsDeptKS_WSO_MOA_07072026.pdf,found by probing ICE's MOA naming pattern while its sheet still said link pending; verified against the PDF text,"""730552733e575be4efde5aff14deecff:1785517241.764483""","Fri, 31 Jul 2026 17:00:41 GMT",
agreements/agreements_probe_20260913/MorganCityPoliceDeptLA_TFM_MOA_07092026.pdf,40ae560211cacff3ecc8bdfcb1d1ffe115be6ca19a35d960f28ec9d3c7582668,https://www.ice.gov/doclib/287gMOA/MorganCityPoliceDeptLA_TFM_MOA_07092026.pdf,2026-09-13T18:25:51Z,Louisiana,Morgan City Police Department,MorganCityPoliceDeptLA_TFM_MOA_07092026.pdf,found by probing ICE's MOA naming pattern while its sheet still said link pending; verified against the PDF text,"""4063ef8d2c0792f5c02e1e171c310e30:1786458767.227634""","Tue, 11 Aug 2026 14:32:47 GMT",
agreements/agreements_probe_20260913/ClintonCoSheriffsOfficeMO_WSO_MOA_07072026.pdf,45cdcc6b76f36acce6b234691b580eab2f4a6a1e8527c1a3197bf83377e94449,https://www.ice.gov/doclib/287gMOA/ClintonCoSheriffsOfficeMO_WSO_MOA_07072026.pdf,2026-09-13T18:25:51Z,Missouri,Clinton County Sheriff's Office,ClintonCoSheriffsOfficeMO_WSO_MOA_07072026.pdf,found by probing ICE's MOA naming pattern while its sheet still said link pending; verified against the PDF text,"""5630c94413276e731592cf3decc6d31f:1786459776.819561""","Tue, 11 Aug 2026 14:49:36 GMT",
agreements/agreements_probe_20260913/HarrisonCoSheriffsOfficeMO_TFM_MOA_07072026.pdf,3fe4cce599ef8b775c53c11c99ca5c996a8ed023274b9cf062294d941fd37497,https://www.ice.gov/doclib/287gMOA/HarrisonCoSheriffsOfficeMO_TFM_MOA_07072026.pdf,2026-09-13T18:25:51Z,Missouri,Harrison County Sheriff's Office,HarrisonCoSheriffsOfficeMO_TFM_MOA_07072026.pdf,found by probing ICE's MOA naming pattern while its sheet still said link pending; verified against the PDF text,"""bd1682013131e07ba352cc374a7f4e73:1784559105.778241""","Mon, 20 Jul 2026 14:51:45 GMT",
agreements/agreements_probe_20260913/GreeleyCoSheriffsOfficeNE_TFM_MOA_07092026.pdf,68fd23d27d203b3130245188f3ce7fbb747171bff34b2c9eb7f4f40a3c2d9f8e,https://www.ice.gov/doclib/287gMOA/GreeleyCoSheriffsOfficeNE_TFM_MOA_07092026.pdf,2026-09-13T18:25:51Z,Nebraska,Greeley County Sheriff's Office,GreeleyCoSheriffsOfficeNE_TFM_MOA_07092026.pdf,found by probing ICE's MOA naming pattern while its sheet still said link pending; verified against the PDF text,"""5d13e7f13a988aebc07e826226343d46:1786459252.528274""","Tue, 11 Aug 2026 14:40:52 GMT",
agreements/agreements_probe_20260913/TulsaCoSheriffsOfficeOK_TFM_MOA_07072026.pdf,9f865eab4dfa74f8d5347ab3e99cbb7dfaa57ff00391e671a689a075d4443ce9,https://www.ice.gov/doclib/287gMOA/TulsaCoSheriffsOfficeOK_TFM_MOA_07072026.pdf,2026-09-13T18:25:51Z,Oklahoma,Tulsa County Sheriff's Office,TulsaCoSheriffsOfficeOK_TFM_MOA_07072026.pdf,found by probing ICE's MOA naming pattern while its sheet still said link pending; verified against the PDF text,"""fbb1e3ac2a083a925129808e62e783d5:1786459272.153447""","Tue, 11 Aug 2026 14:41:12 GMT",
agreements/agreements_probe_20260913/WestSiloamSpringsPoliceDeptOK_TFM_MOA_07092026.pdf,02709e1153abcc8adb128e5c70827c3fc39ad3fbd7fca6ae54292d61804597e1,https://www.ice.gov/doclib/287gMOA/WestSiloamSpringsPoliceDeptOK_TFM_MOA_07092026.pdf,2026-09-13T18:25:51Z,Oklahoma,West Siloam Springs Police Department,WestSiloamSpringsPoliceDeptOK_TFM_MOA_07092026.pdf,found by probing ICE's MOA naming pattern while its sheet still said link pending; verified against the PDF text,"""08bd418f103f803c4b5c58e16924613c:1786459250.794164""","Tue, 11 Aug 2026 14:40:50 GMT",
agreements/agreements_probe_20260913/CrockettCoSheriffsOfficeTN_TFM_MOA_07092026.pdf,ef5c8c357215e6118ea27ee4311cdc2341b01ec20e2f9795e7f7749e5183c1ba,https://www.ice.gov/doclib/287gMOA/CrockettCoSheriffsOfficeTN_TFM_MOA_07092026.pdf,2026-09-13T18:25:51Z,Tennessee,Crockett County Sheriff's Office,CrockettCoSheriffsOfficeTN_TFM_MOA_07092026.pdf,found by probing ICE's MOA naming pattern while its sheet still said link pending; verified against the PDF text,"""276c8b392a13bf3bcfe7fe5e6323cf49:1786458564.437893""","Tue, 11 Aug 2026 14:29:24 GMT",
agreements/agreements_probe_20260913/SabineParishSheriffsOfficeLA_TFM_MOA_07102026.pdf,6099f6502577757a59efabac893c8d2e7dbe0f0289395b92865ca20e85080eab,https://www.ice.gov/doclib/287gMOA/SabineParishSheriffsOfficeLA_TFM_MOA_07102026.pdf,2026-09-13T18:25:51Z,Louisiana,Sabine Parish Sheriff's Office,SabineParishSheriffsOfficeLA_TFM_MOA_07102026.pdf,found by probing ICE's MOA naming pattern while its sheet still said link pending; verified against the PDF text,"""180b42db1df3c68c1a95f5998c663d9e:1786459777.772864""","Tue, 11 Aug 2026 14:49:37 GMT",
agreements/agreements_probe_20260913/TangipahoaParishSheriffsOfficeLA_TFM_MOA_07102026.pdf,9eeccaae4911fa0595337e34380a0d9f8b5f67f55794653228b9d542f95f0feb,https://www.ice.gov/doclib/287gMOA/TangipahoaParishSheriffsOfficeLA_TFM_MOA_07102026.pdf,2026-09-13T18:25:51Z,Louisiana,Tangipahoa Parish Sheriff's Office,TangipahoaParishSheriffsOfficeLA_TFM_MOA_07102026.pdf,found by probing ICE's MOA naming pattern while its sheet still said link pending; verified against the PDF text,"""1b35d72c70ff1b089d9d4e47fdf54314:1786459783.925184""","Tue, 11 Aug 2026 14:49:43 GMT",
agreements/agreements_probe_20260913/BlueSpringsPoliceDeptMS_TFM_MOA_07102026.pdf,1fbbfcefc17741c81a778eb42db76cb3ccc0ea6f73a8fd40688aa9c360574db5,https://www.ice.gov/doclib/287gMOA/BlueSpringsPoliceDeptMS_TFM_MOA_07102026.pdf,2026-09-13T18:25:51Z,Mississippi,Blue Springs Police Department,BlueSpringsPoliceDeptMS_TFM_MOA_07102026.pdf,found by probing ICE's MOA naming pattern while its sheet still said link pending; verified against the PDF text,"""e91cdfbb26cfe2e0f57144e23cf25677:1786459799.023456""","Tue, 11 Aug 2026 14:49:59 GMT",
agreements/agreements_probe_20260913/ChesterCoSheriffsOfficeTN_TFM_MOA_07102026.pdf,84d95ad78720bfdb8c0f4608348225fce942a5bb80a7c8ae52291c63f339bdcd,https://www.ice.gov/doclib/287gMOA/ChesterCoSheriffsOfficeTN_TFM_MOA_07102026.pdf,2026-09-13T18:25:51Z,Tennessee,Chester County Sheriff's Office,ChesterCoSheriffsOfficeTN_TFM_MOA_07102026.pdf,found by probing ICE's MOA naming pattern while its sheet still said link pending; verified against the PDF text,"""c06ba5639446099a3bba869fd7f1b9f4:1786458563.478219""","Tue, 11 Aug 2026 14:29:23 GMT",
agreements/agreements_probe_20260913/ChesterCoSheriffsOfficeTN_WSO_MOA_07102026.pdf,018125aaac23536c802683a157b46e49bbc1af0becf5e1f0fa3bfe408015f530,https://www.ice.gov/doclib/287gMOA/ChesterCoSheriffsOfficeTN_WSO_MOA_07102026.pdf,2026-09-13T18:25:51Z,Tennessee,Chester County Sheriff's Office,ChesterCoSheriffsOfficeTN_WSO_MOA_07102026.pdf,found by probing ICE's MOA naming pattern while its sheet still said link pending; verified against the PDF text,"""fe6ad61caab58a1f93bc2eb42eba4af9:1786459252.403516""","Tue, 11 Aug 2026 14:40:52 GMT",
agreements/agreements_probe_20260913/CottonwoodPoliceDeptAL_TFM_MOA_07132026.pdf,d8b1d977cdbdf4de74e50228b624054ce48efdd8174dfbac5ccbe7d74a048cb3,https://www.ice.gov/doclib/287gMOA/CottonwoodPoliceDeptAL_TFM_MOA_07132026.pdf,2026-09-13T18:25:51Z,Alabama,Cottonwood Police Department,CottonwoodPoliceDeptAL_TFM_MOA_07132026.pdf,found by probing ICE's MOA naming pattern while its sheet still said link pending; verified against the PDF text,"""9831d6f9fb8fadc9d199f05a58750e24:1785516864.684712""","Fri, 31 Jul 2026 16:54:24 GMT",
agreements/agreements_probe_20260913/LouisvillePoliceDeptAL_TFM_MOA_07132026.pdf,1e1e0559bcb7ae5cccc34736e2397c4dd448b6c4cecdd84ec1ec9791e15057ec,https://www.ice.gov/doclib/287gMOA/LouisvillePoliceDeptAL_TFM_MOA_07132026.pdf,2026-09-13T18:25:51Z,Alabama,Louisville Police Department,LouisvillePoliceDeptAL_TFM_MOA_07132026.pdf,found by probing ICE's MOA naming pattern while its sheet still said link pending; verified against the PDF text,"""fa7ca34b4fa2f0577db993e550f42fb9:1786458749.126234""","Tue, 11 Aug 2026 14:32:29 GMT",
agreements/agreements_probe_20260913/BaldKnobPoliceDeptAR_TFM_MOA_07132026.pdf,4a61e8d4008771316d59e6eeef8ca2aed80df7095bfdddc2c4e526cbf0109ce0,https://www.ice.gov/doclib/287gMOA/BaldKnobPoliceDeptAR_TFM_MOA_07132026.pdf,2026-09-13T18:25:51Z,Arkansas,Bald Knob Police Department,BaldKnobPoliceDeptAR_TFM_MOA_07132026.pdf,found by probing ICE's MOA naming pattern while its sheet still said link pending; verified against the PDF text,"""6e58641d605f29cbf73b2e61a1bd82cc:1785516389.230186""","Fri, 31 Jul 2026 16:46:29 GMT",
agreements/agreements_probe_20260913/PitcairnBoroughPoliceDeptPA_TFM_MOA_07132026.pdf,e029f46659e440c87ee8eafcee9436f7edfe29d13259315f561db2b309022338,https://www.ice.gov/doclib/287gMOA/PitcairnBoroughPoliceDeptPA_TFM_MOA_07132026.pdf,2026-09-13T18:25:51Z,Pennsylvania,Pitcairn Borough Police Department,PitcairnBoroughPoliceDeptPA_TFM_MOA_07132026.pdf,found by probing ICE's MOA naming pattern while its sheet still said link pending; verified against the PDF text,"""6becc129ffe57c3ead2d887635024743:1785516390.77876""","Fri, 31 Jul 2026 16:46:30 GMT",
agreements/agreements_probe_20260913/KnoxCityPoliceDeptTX_TFM_MOA_07132026.pdf,a674930a23046a4e9218d55d8a92a89dcdc1b0df619390dcc07b432d2e99ffe6,https://www.ice.gov/doclib/287gMOA/KnoxCityPoliceDeptTX_TFM_MOA_07132026.pdf,2026-09-13T18:25:51Z,Texas,Knox City Police Department,KnoxCityPoliceDeptTX_TFM_MOA_07132026.pdf,found by probing ICE's MOA naming pattern while its sheet still said link pending; verified against the PDF text,"""360f56b12fff8ef661e280f23470d2e8:1786458749.021361""","Tue, 11 Aug 2026 14:32:29 GMT",
agreements/agreements_probe_20260913/PortMansfieldPoliceDeptTX_TFM_MOA_07132026.pdf,4f9ce654ce53f057585f672df3114191e49ab92187b3da12e8e466bd2c74e8a5,https://www.ice.gov/doclib/287gMOA/PortMansfieldPoliceDeptTX_TFM_MOA_07132026.pdf,2026-09-13T18:25:51Z,Texas,Port Mansfield Police Department,PortMansfieldPoliceDeptTX_TFM_MOA_07132026.pdf,found by probing ICE's MOA naming pattern while its sheet still said link pending; verified against the PDF text,"""c69a1a0d71b4fc4468a05456b847be1a:1786458768.005145""","Tue, 11 Aug 2026 14:32:48 GMT",
agreements/agreements_probe_20260913/CalhounCoSheriffsOfficeAL_TFM_MOA_07202026.pdf,df8c3f267fb30edea499f2d1bf865c27e02effacc78126b7fae5aac8c96265cc,https://www.ice.gov/doclib/287gMOA/CalhounCoSheriffsOfficeAL_TFM_MOA_07202026.pdf,2026-09-13T18:25:51Z,Alabama,Calhoun County Sheriff's Office,CalhounCoSheriffsOfficeAL_TFM_MOA_07202026.pdf,found by probing ICE's MOA naming pattern while its sheet still said link pending; verified against the PDF text,"""717ddd19b008505abc80efc7d05f9ee5:1785862699.503718""","Tue, 04 Aug 2026 16:58:19 GMT",
agreements/agreements_probe_20260913/ChambersCoSheriffsOfficeAL_TFM_MOA_07202026.pdf,f7acdb68404762bbe780bb88096b20e1b1486f93e4940ab884376ade53b22443,https://www.ice.gov/doclib/287gMOA/ChambersCoSheriffsOfficeAL_TFM_MOA_07202026.pdf,2026-09-13T18:25:51Z,Alabama,Chambers County Sheriff's Office,ChambersCoSheriffsOfficeAL_TFM_MOA_07202026.pdf,found by probing ICE's MOA naming pattern while its sheet still said link pending; verified against the PDF text,"""c3f01b3f0db9ff14bde814a39195b0ff:1785863817.754301""","Tue, 04 Aug 2026 17:16:57 GMT",
agreements/agreements_probe_20260913/BradleyCoSheriffsDeptAR_TFM_MOA_07202026.pdf,92774e3f5a13a21096e44c44969a04c88c47a2344fdd59a19db509dad43493b0,https://www.ice.gov/doclib/287gMOA/BradleyCoSheriffsDeptAR_TFM_MOA_07202026.pdf,2026-09-13T18:25:51Z,Arkansas,Bradley County Sheriff's Department,BradleyCoSheriffsDeptAR_TFM_MOA_07202026.pdf,found by probing ICE's MOA naming pattern while its sheet still said link pending; verified against the PDF text,"""612205feb29b317b1b5050118bed8dbd:1785863482.754403""","Tue, 04 Aug 2026 17:11:22 GMT",
agreements/agreements_probe_20260913/SharpCoSheriffsOfficeAR_TFM_MOA_07202026.pdf,68f7f0cbe349e2426ba1848047b6133e7ad27725b02ba7681dee8f1ad63408ad,https://www.ice.gov/doclib/287gMOA/SharpCoSheriffsOfficeAR_TFM_MOA_07202026.pdf,2026-09-13T18:25:51Z,Arkansas,Sharp County Sheriff's Office,SharpCoSheriffsOfficeAR_TFM_MOA_07202026.pdf,found by probing ICE's MOA naming pattern while its sheet still said link pending; verified against the PDF text,"""6009b2b02f1282ec72ff1e90bbd80e9a:1786457273.043897""","Tue, 11 Aug 2026 14:07:53 GMT",
agreements/agreements_probe_20260913/OakwoodPoliceDeptGA_TFM_MOA_07202026.pdf,ba20f2c9195dfc20d3cd8c1c3f77de5625f2b39b7f59c75dd711df99aa9d2ad9,https://www.ice.gov/doclib/287gMOA/OakwoodPoliceDeptGA_TFM_MOA_07202026.pdf,2026-09-13T18:25:51Z,Georgia,Oakwood Police Department,OakwoodPoliceDeptGA_TFM_MOA_07202026.pdf,found by probing ICE's MOA naming pattern while its sheet still said link pending; verified against the PDF text,"""715775174e196159d3f3103e69ffdda1:1786458358.155896""","Tue, 11 Aug 2026 14:25:58 GMT",
agreements/agreements_probe_20260913/SylvesterPoliceDeptGA_TFM_MOA_07202026.pdf,fe26156e2524a9ff57212a6eef52c6d8eef38a82ffa3a8fe4fd6dd4476ab2185,https://www.ice.gov/doclib/287gMOA/SylvesterPoliceDeptGA_TFM_MOA_07202026.pdf,2026-09-13T18:25:51Z,Georgia,Sylvester Police Department,SylvesterPoliceDeptGA_TFM_MOA_07202026.pdf,found by probing ICE's MOA naming pattern while its sheet still said link pending; verified against the PDF text,"""e50a1ba0d43a8e1488caa571896949de:1786458377.601763""","Tue, 11 Aug 2026 14:26:17 GMT",
agreements/agreements_probe_20260913/TelfairCoSDGA_TFM_MOA_07202026.pdf,cdbeb86d33042f9d8ba5320b4acd27e4e079e4f4baba99cf643fb920cad2645c,https://www.ice.gov/doclib/287gMOA/TelfairCoSDGA_TFM_MOA_07202026.pdf,2026-09-13T18:25:51Z,Georgia,Telfair County Sheriff's Department,TelfairCoSDGA_TFM_MOA_07202026.pdf,found by probing ICE's MOA naming pattern while its sheet still said link pending; verified against the PDF text,"""724f4afe6390a156f379da1744ac07b6:1785525908.242473""","Fri, 31 Jul 2026 19:25:08 GMT",
agreements/agreements_probe_20260913/WaycrossPoliceDeptGA_TFM_MOA_07202026.pdf,84103de7a77743dd25adfdb5d0a85887221b637d3b4f1e6cee996ce5c43c3f69,https://www.ice.gov/doclib/287gMOA/WaycrossPoliceDeptGA_TFM_MOA_07202026.pdf,2026-09-13T18:25:51Z,Georgia,Waycross Police Department,WaycrossPoliceDeptGA_TFM_MOA_07202026.pdf,found by probing ICE's MOA naming pattern while its sheet still said link pending; verified against the PDF text,"""6455374b41895671e21e0018c052936e:1786457896.237998""","Tue, 11 Aug 2026 14:18:16 GMT",
agreements/agreements_probe_20260913/OaklandCityPoliceDeptIN_TFM_MOA_07202026.pdf,4491f4762b8d1cc121493131bfc3f37617191bdfbd8f957b1aba958fce67d955,https://www.ice.gov/doclib/287gMOA/OaklandCityPoliceDeptIN_TFM_MOA_07202026.pdf,2026-09-13T18:25:51Z,Indiana,Oakland City Police Department,OaklandCityPoliceDeptIN_TFM_MOA_07202026.pdf,found by probing ICE's MOA naming pattern while its sheet still said link pending; verified against the PDF text,"""5d08e95f9430266b35077745674b0c94:1786458188.538551""","Tue, 11 Aug 2026 14:23:08 GMT",
agreements/agreements_probe_20260913/DusonPoliceDeptLA_TFM_MOA_07202026.pdf,4719cd21b557591cf22793ac8f0dba621b9b864a9dfb76ca67d4a00a1e223e47,https://www.ice.gov/doclib/287gMOA/DusonPoliceDeptLA_TFM_MOA_07202026.pdf,2026-09-13T18:25:51Z,Louisiana,Duson Police Department,DusonPoliceDeptLA_TFM_MOA_07202026.pdf,found by probing ICE's MOA naming pattern while its sheet still said link pending; verified against the PDF text,"""b5934b6446b7d17555d856644b7bb571:1786458357.293179""","Tue, 11 Aug 2026 14:25:57 GMT",
agreements/agreements_probe_20260913/LeesvillePoliceDeptLA_TFM_MOA_07202026.pdf,2fb4f1cea2f49ab237ae49d65a3272ee915ca206f49c035b6c7ce38c4921943e,https://www.ice.gov/doclib/287gMOA/LeesvillePoliceDeptLA_TFM_MOA_07202026.pdf,2026-09-13T18:25:51Z,Louisiana,Leesville Police Department,LeesvillePoliceDeptLA_TFM_MOA_07202026.pdf,found by probing ICE's MOA naming pattern while its sheet still said link pending; verified against the PDF text,"""aeb374bae49bed1b4e900b93acf7d267:1785521523.661786""","Fri, 31 Jul 2026 18:12:03 GMT",
agreements/agreements_probe_20260913/PollockPoliceDeptLA_TFM_MOA_07202026.pdf,607e64e8ca5b396ead7d3c37a569b50c9b4402183e75e53430aa48602a9caee5,https://www.ice.gov/doclib/287gMOA/PollockPoliceDeptLA_TFM_MOA_07202026.pdf,2026-09-13T18:25:51Z,Louisiana,Pollock Police Department,PollockPoliceDeptLA_TFM_MOA_07202026.pdf,found by probing ICE's MOA naming pattern while its sheet still said link pending; verified against the PDF text,"""98a2b3132072f9189e94c9189738de61:1786122981.562817""","Fri, 07 Aug 2026 17:16:21 GMT",
agreements/agreements_probe_20260913/LivingstonCoSheriffsOfficeMI_WSO_MOA_07202026.pdf,ab966d4e0eca7ae1d6b2f42e19bea3ba3f9d66e0e247bf3710a823363e868e66,https://www.ice.gov/doclib/287gMOA/LivingstonCoSheriffsOfficeMI_WSO_MOA_07202026.pdf,2026-09-13T18:25:51Z,Michigan,Livingston County Sheriff's Office,LivingstonCoSheriffsOfficeMI_WSO_MOA_07202026.pdf,found by probing ICE's MOA naming pattern while its sheet still said link pending; verified against the PDF text,"""3c2c0ef40c9dadd273df05dc630f9ea5:1786458176.510762""","Tue, 11 Aug 2026 14:22:56 GMT",
agreements/agreements_probe_20260913/CorinthPoliceDeptMS_TFM_MOA_07202026.pdf,0cb934a876bbab1b88417466c46e3c83968bb223bf6dda39577505bb484d6dac,https://www.ice.gov/doclib/287gMOA/CorinthPoliceDeptMS_TFM_MOA_07202026.pdf,2026-09-13T18:25:51Z,Mississippi,Corinth Police Department,CorinthPoliceDeptMS_TFM_MOA_07202026.pdf,found by probing ICE's MOA naming pattern while its sheet still said link pending; verified against the PDF text,"""82c7e8bf8bd037d98a736dd24c2ffe37:1786457895.552833""","Tue, 11 Aug 2026 14:18:15 GMT",
agreements/agreements_probe_20260913/SandersvillePoliceDeptMS_TFM_MOA_07202026.pdf,3eb6da6f215d3c1fcfc8c9bf4b2b8dfaab0698f7181ee7eb32abebcdbc9af4db,https://www.ice.gov/doclib/287gMOA/SandersvillePoliceDeptMS_TFM_MOA_07202026.pdf,2026-09-13T18:25:51Z,Mississippi,Sandersville Police Department,SandersvillePoliceDeptMS_TFM_MOA_07202026.pdf,found by probing ICE's MOA naming pattern while its sheet still said link pending; verified against the PDF text,"""e0078b80405b47afa75ff73f41ab05b9:1785862724.411723""","Tue, 04 Aug 2026 16:58:44 GMT",
agreements/agreements_probe_20260913/SmithvillePoliceDeptMS_TFM_MOA_07202026.pdf,87a270eb37ede6919947e4785e984ced4cc0d95da7d52cb61eeae1a66b329e5f,https://www.ice.gov/doclib/287gMOA/SmithvillePoliceDeptMS_TFM_MOA_07202026.pdf,2026-09-13T18:25:51Z,Mississippi,Smithville Police Department,SmithvillePoliceDeptMS_TFM_MOA_07202026.pdf,found by probing ICE's MOA naming pattern while its sheet still said link pending; verified against the PDF text,"""afe607ce92c852e11f71ccd6c621ce06:1786122993.196183""","Fri, 07 Aug 2026 17:16:33 GMT",
agreements/agreements_probe_20260913/ParkHillsPoliceDeptMO_TFM_MOA_07202026.pdf,21b9fd3d5d1576cb63ca68db7fe70ad16743b6e582eb41da3ac083f49ca20f1a,https://www.ice.gov/doclib/287gMOA/ParkHillsPoliceDeptMO_TFM_MOA_07202026.pdf,2026-09-13T18:25:51Z,Missouri,Park Hills Police Department,ParkHillsPoliceDeptMO_TFM_MOA_07202026.pdf,found by probing ICE's MOA naming pattern while its sheet still said link pending; verified against the PDF text,"""9cfa5e2f0f8dfd5170e4971eebbafd33:1786122764.41277""","Fri, 07 Aug 2026 17:12:44 GMT",
agreements/agreements_probe_20260913/StraffordPoliceDeptMO_TFM_MOA_07202026.pdf,66fae231f6844e911bb68deb2d07592065a628d7bfccf0224b6df2b91e2b473d,https://www.ice.gov/doclib/287gMOA/StraffordPoliceDeptMO_TFM_MOA_07202026.pdf,2026-09-13T18:25:51Z,Missouri,Strafford Police Department,StraffordPoliceDeptMO_TFM_MOA_07202026.pdf,found by probing ICE's MOA naming pattern while its sheet still said link pending; verified against the PDF text,"""64da7a24cf0a9d9dc696dbf0aebb9045:1786122993.544539""","Fri, 07 Aug 2026 17:16:33 GMT",
agreements/agreements_probe_20260913/SullivanCoSheriffsOfficeMO_TFM_MOA_07202026.pdf,4e09497cc1d6b6a232672d31ec3ff79ca463bc836fb3f1fb512d25f6b0a60764,https://www.ice.gov/doclib/287gMOA/SullivanCoSheriffsOfficeMO_TFM_MOA_07202026.pdf,2026-09-13T18:25:51Z,Missouri,Sullivan County Sheriff's Office,SullivanCoSheriffsOfficeMO_TFM_MOA_07202026.pdf,found by probing ICE's MOA naming pattern while its sheet still said link pending; verified against the PDF text,"""d56b0c6691c2e2c1a80d1e86f0e1e957:1786457876.658827""","Tue, 11 Aug 2026 14:17:56 GMT",
agreements/agreements_probe_20260913/ChichesterPoliceDeptNH_TFM_MOA_07202026.pdf,31d762959f37b76acbc28cc3913271e7a804105af7a6112f06e5440b3ec8ac7a,https://www.ice.gov/doclib/287gMOA/ChichesterPoliceDeptNH_TFM_MOA_07202026.pdf,2026-09-13T18:25:51Z,New Hampshire,Chichester Police Department,ChichesterPoliceDeptNH_TFM_MOA_07202026.pdf,found by probing ICE's MOA naming pattern while its sheet still said link pending; verified against the PDF text,"""c2a2d856848189cc2e93aef360807ba5:1785863801.079547""","Tue, 04 Aug 2026 17:16:41 GMT",
agreements/agreements_probe_20260913/DanvillePoliceDeptNH_TFM_MOA_07202026.pdf,e11841553aea879a52f7bed1d97072dae5d5c88eb0ed6b3ecebaacbefaeb2087,https://www.ice.gov/doclib/287gMOA/DanvillePoliceDeptNH_TFM_MOA_07202026.pdf,2026-09-13T18:25:51Z,New Hampshire,Danville Police Department,DanvillePoliceDeptNH_TFM_MOA_07202026.pdf,found by probing ICE's MOA naming pattern while its sheet still said link pending; verified against the PDF text,"""98ad04f32c0562151846a40e0fafc89c:1786458376.702311""","Tue, 11 Aug 2026 14:26:16 GMT",
agreements/agreements_probe_20260913/HoldenvillePDOK_TFM_MOA_07202026.pdf,bb50c7b312d571579a1139665fcf45617eda52572b363344b4502a3fa487cb39,https://www.ice.gov/doclib/287gMOA/HoldenvillePDOK_TFM_MOA_07202026.pdf,2026-09-13T18:25:51Z,Oklahoma,Holdenville Police Department,HoldenvillePDOK_TFM_MOA_07202026.pdf,found by probing ICE's MOA naming pattern while its sheet still said link pending; verified against the PDF text,"""df7ab55d4f011a653271bb11f39af037:1785525886.567481""","Fri, 31 Jul 2026 19:24:46 GMT",
agreements/agreements_probe_20260913/RattanPoliceDeptOK_TFM_MOA_07202026.pdf,70d16c7651362746b7f4a57f4330c4eb665c7807b8c2038a725c41b7203eea6d,https://www.ice.gov/doclib/287gMOA/RattanPoliceDeptOK_TFM_MOA_07202026.pdf,2026-09-13T18:25:51Z,Oklahoma,Rattan Police Department,RattanPoliceDeptOK_TFM_MOA_07202026.pdf,found by probing ICE's MOA naming pattern while its sheet still said link pending; verified against the PDF text,"""77d3514098e1d0c9aaa58ac1cb7c8aa7:1786122993.072094""","Fri, 07 Aug 2026 17:16:33 GMT",
agreements/agreements_probe_20260913/WarnerPoliceDeptOK_TFM_MOA_07202026.pdf,df674f2d63bfae881b7aee9fdaba529e173c426a87d8c1c89e8a141d55c060c7,https://www.ice.gov/doclib/287gMOA/WarnerPoliceDeptOK_TFM_MOA_07202026.pdf,2026-09-13T18:25:51Z,Oklahoma,Warner Police Department,WarnerPoliceDeptOK_TFM_MOA_07202026.pdf,found by probing ICE's MOA naming pattern while its sheet still said link pending; verified against the PDF text,"""20720815312fe6ed7a21ffc0d78e174b:1786123149.509221""","Fri, 07 Aug 2026 17:19:09 GMT",
agreements/agreements_probe_20260913/AshlandBoroughPoliceDeptPA_TFM_MOA_07202026.pdf,d6585d6f1d872c0390754328d6351f35b4aac6566a6f32fcd26d04c743583126,https://www.ice.gov/doclib/287gMOA/AshlandBoroughPoliceDeptPA_TFM_MOA_07202026.pdf,2026-09-13T18:25:51Z,Pennsylvania,Ashland Borough Police Department,AshlandBoroughPoliceDeptPA_TFM_MOA_07202026.pdf,found by probing ICE's MOA naming pattern while its sheet still said link pending; verified against the PDF text,"""069d04819360f0611d2e1b14e8ada641:1785863500.437885""","Tue, 04 Aug 2026 17:11:40 GMT",
agreements/agreements_probe_20260913/CovingtonTownshipPoliceDeptPA_TFM_MOA_07202026.pdf,973bf5c51d187b346482fb837ac55cce2b73835c48f0f5064e598ff7adec700f,https://www.ice.gov/doclib/287gMOA/CovingtonTownshipPoliceDeptPA_TFM_MOA_07202026.pdf,2026-09-13T18:25:51Z,Pennsylvania,Covington Township Police Department,CovingtonTownshipPoliceDeptPA_TFM_MOA_07202026.pdf,found by probing ICE's MOA naming pattern while its sheet still said link pending; verified against the PDF text,"""d3ac212ca901be29ed36ccd0c61ce4ad:1785863174.203939""","Tue, 04 Aug 2026 17:06:14 GMT",
agreements/agreements_probe_20260913/MainTownshipPoliceDeptPA_TFM_MOA_07202026.pdf,bf93954464cdcc781cbe6fec97fda6c61bef0854ae349d4366d8505423b55457,https://www.ice.gov/doclib/287gMOA/MainTownshipPoliceDeptPA_TFM_MOA_07202026.pdf,2026-09-13T18:25:51Z,Pennsylvania,Main Township Police Department,MainTownshipPoliceDeptPA_TFM_MOA_07202026.pdf,found by probing ICE's MOA naming pattern while its sheet still said link pending; verified against the PDF text,"""39bf847ebb4dd7769a732ae52ef68548:1785521504.504666""","Fri, 31 Jul 2026 18:11:44 GMT",
agreements/agreements_probe_20260913/MontourTownshipPoliceDeptPA_TFM_MOA_07202026.pdf,e050f6457e2783fedbab76b34265cb0520d56c61138ffceadb6ebd36b9dcdcdc,https://www.ice.gov/doclib/287gMOA/MontourTownshipPoliceDeptPA_TFM_MOA_07202026.pdf,2026-09-13T18:25:51Z,Pennsylvania,Montour Township Police Department,MontourTownshipPoliceDeptPA_TFM_MOA_07202026.pdf,found by probing ICE's MOA naming pattern while its sheet still said link pending; verified against the PDF text,"""ad4bc7b3080ba0fe82715029b40fcf12:1786112126.048559""","Fri, 07 Aug 2026 14:15:26 GMT",
agreements/agreements_probe_20260913/SummerhillTownshipPoliceDeptPA_TFM_MOA_07202026.pdf,fd8c822a4b10ddd69c2b57eeb1b6de53a8b20468ed307da4c615131adc797796,https://www.ice.gov/doclib/287gMOA/SummerhillTownshipPoliceDeptPA_TFM_MOA_07202026.pdf,2026-09-13T18:25:51Z,Pennsylvania,Summerhill Township Police Department,SummerhillTownshipPoliceDeptPA_TFM_MOA_07202026.pdf,found by probing ICE's MOA naming pattern while its sheet still said link pending; verified against the PDF text,"""e010c5755508b5987a7ab941006dd723:1786123150.380427""","Fri, 07 Aug 2026 17:19:10 GMT",
agreements/agreements_probe_20260913/HamptonCoSheriffsOfficeSC_TFM_MOA_07202026.pdf,7b9529bd6ce6a13e821130d58d350e0fe136452491700d6b9dbc794dd639c4c0,https://www.ice.gov/doclib/287gMOA/HamptonCoSheriffsOfficeSC_TFM_MOA_07202026.pdf,2026-09-13T18:25:51Z,South Carolina,Hampton County Sheriff's Office,HamptonCoSheriffsOfficeSC_TFM_MOA_07202026.pdf,found by probing ICE's MOA naming pattern while its sheet still said link pending; verified against the PDF text,"""67ae79742729311d41bb9e975c92a2c9:1785862961.236398""","Tue, 04 Aug 2026 17:02:41 GMT",
agreements/agreements_probe_20260913/HamptonCoSheriffsOfficeSC_WSO_MOA_07202026.pdf,bb7325de4ecbc1f0b33b01f10cc91c1e4a8a07b01bd1ac454159fedbb3099cf7,https://www.ice.gov/doclib/287gMOA/HamptonCoSheriffsOfficeSC_WSO_MOA_07202026.pdf,2026-09-13T18:25:51Z,South Carolina,Hampton County Sheriff's Office,HamptonCoSheriffsOfficeSC_WSO_MOA_07202026.pdf,found by probing ICE's MOA naming pattern while its sheet still said link pending; verified against the PDF text,"""cbbfc00cfc52b0ba43a43fb161f6ab6c:1786457538.34533""","Tue, 11 Aug 2026 14:12:18 GMT",
agreements/agreements_probe_20260913/AndersonCoSheriffsOfficeTN_WSO_MOA_07202026.pdf,b782800d7f1b0fca799e2ed2f6ddee3b71485e9dd2ff30cff0546fe505135389,https://www.ice.gov/doclib/287gMOA/AndersonCoSheriffsOfficeTN_WSO_MOA_07202026.pdf,2026-09-13T18:25:51Z,Tennessee,Anderson County Sheriff's Office,AndersonCoSheriffsOfficeTN_WSO_MOA_07202026.pdf,found by probing ICE's MOA naming pattern while its sheet still said link pending; verified against the PDF text,"""147becc9f7fccab24664afc038a94078:1785863482.411909""","Tue, 04 Aug 2026 17:11:22 GMT",
agreements/agreements_probe_20260913/CoopertownPoliceDeptTN_TFM_MOA_07202026.pdf,c8256eb403790bcea00e1b4cc722c6330dec30ffe08d262b553a577ccbcb07dc,https://www.ice.gov/doclib/287gMOA/CoopertownPoliceDeptTN_TFM_MOA_07202026.pdf,2026-09-13T18:25:51Z,Tennessee,Coopertown Police Department,CoopertownPoliceDeptTN_TFM_MOA_07202026.pdf,found by probing ICE's MOA naming pattern while its sheet still said link pending; verified against the PDF text,"""407d3cd210c4d1dea418ddedf991bb65:1785862697.918377""","Tue, 04 Aug 2026 16:58:17 GMT",
agreements/agreements_probe_20260913/HickmanCoSheriffsOfficeTN_TFM_MOA_07202026.pdf,ee00418ebca9860aef4a8631096f61622b17067fbb2d5a8478b67f1c3d3b1aa7,https://www.ice.gov/doclib/287gMOA/HickmanCoSheriffsOfficeTN_TFM_MOA_07202026.pdf,2026-09-13T18:25:51Z,Tennessee,Hickman County Sheriff's Office,HickmanCoSheriffsOfficeTN_TFM_MOA_07202026.pdf,found by probing ICE's MOA naming pattern while its sheet still said link pending; verified against the PDF text,"""2230c12518165243c7128dd28668d06c:1786457295.266646""","Tue, 11 Aug 2026 14:08:15 GMT",
agreements/agreements_probe_20260913/HickmanCoSheriffsOfficeTN_WSO_MOA_07202026.pdf,bfb262961a4a9c1df83e6ce854cb07d9cf6ae5e1187c13551b5f8126375ffdb7,https://www.ice.gov/doclib/287gMOA/HickmanCoSheriffsOfficeTN_WSO_MOA_07202026.pdf,2026-09-13T18:25:51Z,Tennessee,Hickman County Sheriff's Office,HickmanCoSheriffsOfficeTN_WSO_MOA_07202026.pdf,found by probing ICE's MOA naming pattern while its sheet still said link pending; verified against the PDF text,"""12023821e7361524eb8099d95879afe5:1786457274.486237""","Tue, 11 Aug 2026 14:07:54 GMT",
agreements/agreements_probe_20260913/DawsonCoSheriffsOfficeTX_TFM_MOA_07202026.pdf,521c5d0c1f318aa58e89542c516692a80819ce31d4f0e24903dd41130f685480,https://www.ice.gov/doclib/287gMOA/DawsonCoSheriffsOfficeTX_TFM_MOA_07202026.pdf,2026-09-13T18:25:51Z,Texas,Dawson County Sheriff's Office,DawsonCoSheriffsOfficeTX_TFM_MOA_07202026.pdf,found by probing ICE's MOA naming pattern while its sheet still said link pending; verified against the PDF text,"""71d950571b7810e30cb2538e7037262d:1785863174.371427""","Tue, 04 Aug 2026 17:06:14 GMT",
agreements/agreements_probe_20260913/HendersonCoSheriffsOfficeTX_TFM_MOA_07202026.pdf,4729cff17fbabbd8536be9d942aad562aee3a934a743c08b6880e2ef8d57613f,https://www.ice.gov/doclib/287gMOA/HendersonCoSheriffsOfficeTX_TFM_MOA_07202026.pdf,2026-09-13T18:25:51Z,Texas,Henderson County Sheriff's Office,HendersonCoSheriffsOfficeTX_TFM_MOA_07202026.pdf,found by probing ICE's MOA naming pattern while its sheet still said link pending; verified against the PDF text,"""c7ce0af9fdf43b32a493c171534bf865:1786457876.493789""","Tue, 11 Aug 2026 14:17:56 GMT",
agreements/agreements_probe_20260913/JasperPoliceDeptTX_TFM_MOA_07202026.pdf,d0ee41152327b96efe7e37af3c3c78dec5e579f7ffcc2ad9161fbb3ea19781aa,https://www.ice.gov/doclib/287gMOA/JasperPoliceDeptTX_TFM_MOA_07202026.pdf,2026-09-13T18:25:51Z,Texas,Jasper Police Department,JasperPoliceDeptTX_TFM_MOA_07202026.pdf,found by probing ICE's MOA naming pattern while its sheet still said link pending; verified against the PDF text,"""7d08aa56756b31a1de6606b53ed012ad:1786457540.105344""","Tue, 11 Aug 2026 14:12:20 GMT",
agreements/agreements_probe_20260913/LaGrangePoliceDeptTX_TFM_MOA_07202026.pdf,5f5273ee6ae5c423f2656839bccfab28979daa0289fbe8bd39e3b200084a48cd,https://www.ice.gov/doclib/287gMOA/LaGrangePoliceDeptTX_TFM_MOA_07202026.pdf,2026-09-13T18:25:51Z,Texas,La Grange Police Department,LaGrangePoliceDeptTX_TFM_MOA_07202026.pdf,found by probing ICE's MOA naming pattern while its sheet still said link pending; verified against the PDF text,"""66de9b22e55dc1ffbf972631e546a734:1786457540.141904""","Tue, 11 Aug 2026 14:12:20 GMT",
agreements/agreements_probe_20260913/LampasasCoSheriffsOfficeTX_JEM_MOA_07202026.pdf,5ff90f3fe0a796d6cae6aa9e19b055c0f427d579257fbb572addee816949f37c,https://www.ice.gov/doclib/287gMOA/LampasasCoSheriffsOfficeTX_JEM_MOA_07202026.pdf,2026-09-13T18:25:51Z,Texas,Lampasas County Sheriff's Office,LampasasCoSheriffsOfficeTX_JEM_MOA_07202026.pdf,found by probing ICE's MOA naming pattern while its sheet still said link pending; verified against the PDF text,"""7d3dd97836eba5b9ebdaf00c2f59f6ef:1786457560.63411""","Tue, 11 Aug 2026 14:12:40 GMT",
agreements/agreements_probe_20260913/MedinaCoSheriffsOfficeTX_JEM_MOA_07202026.pdf,c11117bb4f96384a4b7a619fd2d84f7779de3e9f265f624abad2eb847ca1b3a8,https://www.ice.gov/doclib/287gMOA/MedinaCoSheriffsOfficeTX_JEM_MOA_07202026.pdf,2026-09-13T18:25:51Z,Texas,Medina County Sheriff's Office,MedinaCoSheriffsOfficeTX_JEM_MOA_07202026.pdf,found by probing ICE's MOA naming pattern while its sheet still said link pending; verified against the PDF text,"""2bae084b6d8e7164c7f5075c9db24a54:1786112126.148887""","Fri, 07 Aug 2026 14:15:26 GMT",
agreements/agreements_probe_20260913/PinelandPoliceDeptTX_TFM_MOA_07202026.pdf,6c7944d33b3032f5f30f21164d84b8df29f6396311b1d67ba0c12d55efb40cd4,https://www.ice.gov/doclib/287gMOA/PinelandPoliceDeptTX_TFM_MOA_07202026.pdf,2026-09-13T18:25:51Z,Texas,Pineland Police Department,PinelandPoliceDeptTX_TFM_MOA_07202026.pdf,found by probing ICE's MOA naming pattern while its sheet still said link pending; verified against the PDF text,"""ca73562727b3eb5cc6b0604fb0fb2467:1786122764.599749""","Fri, 07 Aug 2026 17:12:44 GMT",
agreements/agreements_probe_20260913/AtmorePoliceDeptAL_TFM_MOA_07242026.pdf,cfe8652076c3208f58d0b07c82357479f8905806b1681f961ebeb69c7dc15769,https://www.ice.gov/doclib/287gMOA/AtmorePoliceDeptAL_TFM_MOA_07242026.pdf,2026-09-13T18:25:51Z,Alabama,Atmore Police Department,AtmorePoliceDeptAL_TFM_MOA_07242026.pdf,found by probing ICE's MOA naming pattern while its sheet still said link pending; verified against the PDF text,"""a287f1f461a8c900b760142e1e9a5f27:1786123399.803326""","Fri, 07 Aug 2026 17:23:19 GMT",
agreements/agreements_probe_20260913/ClioPoliceDeptAL_TFM_MOA_07292026.pdf,be0a1ed05d6dcc06f107c19ba5e06e5aee6ec488ea018756a46dbf569c441399,https://www.ice.gov/doclib/287gMOA/ClioPoliceDeptAL_TFM_MOA_07292026.pdf,2026-09-13T18:25:51Z,Alabama,Clio Police Department,ClioPoliceDeptAL_TFM_MOA_07292026.pdf,found by probing ICE's MOA naming pattern while its sheet still said link pending; verified against the PDF text,"""e51070273528fea381a4f7e9d8403a4a:1787060987.224922""","Tue, 18 Aug 2026 13:49:47 GMT",
agreements/agreements_probe_20260913/CoalingPoliceDeptAL_TFM_MOA_07212026.pdf,e4deb5631178e22532a47b0120957338d698eb2cd5e351d5fa60ddf4a6ccde7c,https://www.ice.gov/doclib/287gMOA/CoalingPoliceDeptAL_TFM_MOA_07212026.pdf,2026-09-13T18:25:51Z,Alabama,Coaling Police Department,CoalingPoliceDeptAL_TFM_MOA_07212026.pdf,found by probing ICE's MOA naming pattern while its sheet still said link pending; verified against the PDF text,"""d9d451a3901992181f01da67e7ef1261:1785863800.902999""","Tue, 04 Aug 2026 17:16:40 GMT",
agreements/agreements_probe_20260913/LincolnPoliceDeptAL_TFM_MOA_07202026.pdf,a6918ed6c745477a7ad6d5082e0709f981419fd63e2a750ab627da6d309750c2,https://www.ice.gov/doclib/287gMOA/LincolnPoliceDeptAL_TFM_MOA_07202026.pdf,2026-09-13T18:25:51Z,Alabama,Lincoln Police Department,LincolnPoliceDeptAL_TFM_MOA_07202026.pdf,found by probing ICE's MOA naming pattern while its sheet still said link pending; verified against the PDF text,"""bf11723170ee1f4d2b6a3b994773d513:1785521503.235529""","Fri, 31 Jul 2026 18:11:43 GMT",
agreements/agreements_probe_20260913/OwensCrossRoadsPoliceDepartmentAL_TFM_MOA_07242026.pdf,8104837829ffc974659ef39f1d892e61673214074ff177f572bf7aee4f73bbad,https://www.ice.gov/doclib/287gMOA/OwensCrossRoadsPoliceDepartmentAL_TFM_MOA_07242026.pdf,2026-09-13T18:25:51Z,Alabama,Owens Cross Roads Police Department,OwensCrossRoadsPoliceDepartmentAL_TFM_MOA_07242026.pdf,found by probing ICE's MOA naming pattern while its sheet still said link pending; verified against the PDF text,"""8dec838af51b8b42bc69f7e55fbc1eda:1786628625.187974""","Thu, 13 Aug 2026 13:43:45 GMT",
agreements/agreements_probe_20260913/SpringvillePoliceDeptAL_TFM_MOA_08012026.pdf,0bddaf13b89731b85960a62491f488fd4560156e1981787dcfdb4800267a7eb3,https://www.ice.gov/doclib/287gMOA/SpringvillePoliceDeptAL_TFM_MOA_08012026.pdf,2026-09-13T18:25:51Z,Alabama,Springville Police Department,SpringvillePoliceDeptAL_TFM_MOA_08012026.pdf,found by probing ICE's MOA naming pattern while its sheet still said link pending; verified against the PDF text,"""02a4634aaf961a06bfcd74d41835cd1c:1787060513.446702""","Tue, 18 Aug 2026 13:41:53 GMT",
agreements/agreements_probe_20260913/WetumpkaPoliceDepartmentAL_TFM_MOA_07292026.pdf,a39b452f9f5cd5c474c5b8a99029d77e7bb534b4df6419d756c3b4baf6ea7355,https://www.ice.gov/doclib/287gMOA/WetumpkaPoliceDepartmentAL_TFM_MOA_07292026.pdf,2026-09-13T18:25:51Z,Alabama,Wetumpka Police Department,WetumpkaPoliceDepartmentAL_TFM_MOA_07292026.pdf,found by probing ICE's MOA naming pattern while its sheet still said link pending; verified against the PDF text,"""70b9edfaffe086a94aaf245c59fb0f04:1786714922.694318""","Fri, 14 Aug 2026 13:42:02 GMT",
agreements/agreements_probe_20260913/8thJudicialDistrictSouthAR_TFM_MOA_07232026.pdf,0a5f6797230dc99492d74061f85686094cf70267459f17e7ab380c71243ce1ad,https://www.ice.gov/doclib/287gMOA/8thJudicialDistrictSouthAR_TFM_MOA_07232026.pdf,2026-09-13T18:25:51Z,Arkansas,8th Judicial District South,8thJudicialDistrictSouthAR_TFM_MOA_07232026.pdf,found by probing ICE's MOA naming pattern while its sheet still said link pending; verified against the PDF text,"""a3041f2796baa99664233c3e8dfbba37:1786123410.938379""","Fri, 07 Aug 2026 17:23:30 GMT",
agreements/agreements_probe_20260913/BarlingPoliceDepartmentAR_TFM_MOA_07292026.pdf,0ca28e94be9228cf393403adf2111a242b426c4c6a2f879d9a8f7493cec6613b,https://www.ice.gov/doclib/287gMOA/BarlingPoliceDepartmentAR_TFM_MOA_07292026.pdf,2026-09-13T18:25:51Z,Arkansas,Barling Police Department,BarlingPoliceDepartmentAR_TFM_MOA_07292026.pdf,found by probing ICE's MOA naming pattern while its sheet still said link pending; verified against the PDF text,"""3c796c75937b00e57d4f2e618f70904e:1786714876.622665""","Fri, 14 Aug 2026 13:41:16 GMT",
agreements/agreements_probe_20260913/EtowahPoliceDeptAR_TFM_MOA_07242026.pdf,f04b65d7ee0061fc58c2743ae823e5b814b7b6c98b34f5cacec84419bc7aacf2,https://www.ice.gov/doclib/287gMOA/EtowahPoliceDeptAR_TFM_MOA_07242026.pdf,2026-09-13T18:25:51Z,Arkansas,Etowah Police Department,EtowahPoliceDeptAR_TFM_MOA_07242026.pdf,found by probing ICE's MOA naming pattern while its sheet still said link pending; verified against the PDF text,"""19e571383a467eccff544d339781433f:1786461299.85651""","Tue, 11 Aug 2026 15:14:59 GMT",
agreements/agreements_probe_20260913/JudsoniaPoliceDeptAR_TFM_MOA_07272026.pdf,5c193bc311765678755f9aada7a49e3e1ae41260084722968c5e41eceeaf16a4,https://www.ice.gov/doclib/287gMOA/JudsoniaPoliceDeptAR_TFM_MOA_07272026.pdf,2026-09-13T18:25:51Z,Arkansas,Judsonia Police Department,JudsoniaPoliceDeptAR_TFM_MOA_07272026.pdf,found by probing ICE's MOA naming pattern while its sheet still said link pending; verified against the PDF text,"""b7de2d3b557c0ed93dd51b6fa438cce3:1788186361.523133""","Mon, 31 Aug 2026 14:26:01 GMT",
agreements/agreements_probe_20260913/KensettPDAR_TFM_MOA_08042026.pdf,819c6f87a7b51e2fedef4bedf7b6a98518afd16653d0f182b23777e2e3302935,https://www.ice.gov/doclib/287gMOA/KensettPDAR_TFM_MOA_08042026.pdf,2026-09-13T18:25:51Z,Arkansas,Kensett Police Department,KensettPDAR_TFM_MOA_08042026.pdf,found by probing ICE's MOA naming pattern while its sheet still said link pending; verified against the PDF text,"""6dba476693d2b2daa780e2f7b1bf5f09:1787346674.661109""","Fri, 21 Aug 2026 21:11:14 GMT",
agreements/agreements_probe_20260913/StarCityPoliceDepartmentAR_TFM_MOA_07222026.pdf,e92b88bea41f6684f2cff8df304650967b11059381d780e086d596661df3ff14,https://www.ice.gov/doclib/287gMOA/StarCityPoliceDepartmentAR_TFM_MOA_07222026.pdf,2026-09-13T18:25:51Z,Arkansas,Star City Police Department,StarCityPoliceDepartmentAR_TFM_MOA_07222026.pdf,found by probing ICE's MOA naming pattern while its sheet still said link pending; verified against the PDF text,"""1318a5cb7e61bc8b57162230786c528b:1786714933.035406""","Fri, 14 Aug 2026 13:42:13 GMT",
agreements/agreements_probe_20260913/UnionCoSheriffsOfficeAR_JEM_MOA_07202026.pdf,7d2f2abae330630553b708d037f0e01cc9634ff0bbebd8b9288ef6198b5b4ef7,https://www.ice.gov/doclib/287gMOA/UnionCoSheriffsOfficeAR_JEM_MOA_07202026.pdf,2026-09-13T18:25:51Z,Arkansas,Union County Sheriff's Office,UnionCoSheriffsOfficeAR_JEM_MOA_07202026.pdf,found by probing ICE's MOA naming pattern while its sheet still said link pending; verified against the PDF text,"""ddcfe0f3388c36568aad92181f30c842:1785862698.22482""","Tue, 04 Aug 2026 16:58:18 GMT",
agreements/agreements_probe_20260913/AuburnPoliceDeptGA_TFM_MOA_07302026.pdf,6276290ef6c7c9511ee55ba237c209976ae367e7f2e000effeeeb2e070a94906,https://www.ice.gov/doclib/287gMOA/AuburnPoliceDeptGA_TFM_MOA_07302026.pdf,2026-09-13T18:25:51Z,Georgia,Auburn Police Department,AuburnPoliceDeptGA_TFM_MOA_07302026.pdf,found by probing ICE's MOA naming pattern while its sheet still said link pending; verified against the PDF text,"""2f35e7bef26d352fca1f3a637362f367:1787061005.124231""","Tue, 18 Aug 2026 13:50:05 GMT",
agreements/agreements_probe_20260913/BleckleyCoSheriffsOfficeGA_JEM_MOA_07292026.pdf,e96621ed7125854f3eaea99d4dcb19b5851033bba0b8b00dd9206d47c5fe25ec,https://www.ice.gov/doclib/287gMOA/BleckleyCoSheriffsOfficeGA_JEM_MOA_07292026.pdf,2026-09-13T18:25:51Z,Georgia,Bleckley County Sheriff's Office,BleckleyCoSheriffsOfficeGA_JEM_MOA_07292026.pdf,found by probing ICE's MOA naming pattern while its sheet still said link pending; verified against the PDF text,"""2c429b5135f3311687202241503e918a:1787060986.961186""","Tue, 18 Aug 2026 13:49:46 GMT",
agreements/agreements_probe_20260913/JasperCoSOGA_TFM_MOA_08052026.pdf,3319a5e1aa0686e01413def0c4dbe25f994b034fc39b6437ea3f2ecb3623b457,https://www.ice.gov/doclib/287gMOA/JasperCoSOGA_TFM_MOA_08052026.pdf,2026-09-13T18:25:51Z,Georgia,Jasper County Sheriff's Office,JasperCoSOGA_TFM_MOA_08052026.pdf,found by probing ICE's MOA naming pattern while its sheet still said link pending; verified against the PDF text,"""b091ba68e68a6561f46dfde0e7ddd9dd:1787605719.132265""","Mon, 24 Aug 2026 21:08:39 GMT",
agreements/agreements_probe_20260913/LaurensCoSheriffsOfficeGA_JEM_MOA_07292026.pdf,30fca332931b05b0ff37cda9fe29a6ef1a20a82b0586976abba7dee4b80a70a7,https://www.ice.gov/doclib/287gMOA/LaurensCoSheriffsOfficeGA_JEM_MOA_07292026.pdf,2026-09-13T18:25:51Z,Georgia,Laurens County Sheriff's Office,LaurensCoSheriffsOfficeGA_JEM_MOA_07292026.pdf,found by probing ICE's MOA naming pattern while its sheet still said link pending; verified against the PDF text,"""380a368f35548d30d05aca345bebeedf:1787061222.497084""","Tue, 18 Aug 2026 13:53:42 GMT",
agreements/agreements_probe_20260913/LaurensCoSOGA_TFM_MOA_07292026.pdf,d27a61b3839fc70df85614d34aa36debba7a11c64cd1edc1cd0d9492e0779ce0,https://www.ice.gov/doclib/287gMOA/LaurensCoSOGA_TFM_MOA_07292026.pdf,2026-09-13T18:25:51Z,Georgia,Laurens County Sheriff's Office,LaurensCoSOGA_TFM_MOA_07292026.pdf,found by probing ICE's MOA naming pattern while its sheet still said link pending; verified against the PDF text,"""55ef26381dfef327ca45217196bb03f3:1787175302.409003""","Wed, 19 Aug 2026 21:35:02 GMT",
agreements/agreements_probe_20260913/LavoniaPDGA_TFM_MOA_07292026.pdf,db92b42d38973822100c12b950ef7a5e0924e8af21380cfc78d1714de7c3221c,https://www.ice.gov/doclib/287gMOA/LavoniaPDGA_TFM_MOA_07292026.pdf,2026-09-13T18:25:51Z,Georgia,Lavonia Police Department,LavoniaPDGA_TFM_MOA_07292026.pdf,found by probing ICE's MOA naming pattern while its sheet still said link pending; verified against the PDF text,"""1a745f89a1f21a3041e688eddb350816:1787175320.861885""","Wed, 19 Aug 2026 21:35:20 GMT",
agreements/agreements_probe_20260913/LenoxPDGA_TFM_MOA_07292026.pdf,1f6f512b90ce02a90026efc4723b239a1f9f0201025f11860e2c675b570870df,https://www.ice.gov/doclib/287gMOA/LenoxPDGA_TFM_MOA_07292026.pdf,2026-09-13T18:25:51Z,Georgia,Lenox Police Department,LenoxPDGA_TFM_MOA_07292026.pdf,found by probing ICE's MOA naming pattern while its sheet still said link pending; verified against the PDF text,"""9b1cbd04ebfc354173bc438a9febd043:1787175302.452004""","Wed, 19 Aug 2026 21:35:02 GMT",
agreements/agreements_probe_20260913/McCaysvillePDGA_TFM_MOA_07302026.pdf,c057e20375c3e9a364c41ac8b216111fff423689a0701d92c0a12bd589c5e0b8,https://www.ice.gov/doclib/287gMOA/McCaysvillePDGA_TFM_MOA_07302026.pdf,2026-09-13T18:25:51Z,Georgia,McCaysville Police Department,McCaysvillePDGA_TFM_MOA_07302026.pdf,found by probing ICE's MOA naming pattern while its sheet still said link pending; verified against the PDF text,"""d1ef9abff4caa737372c568b26244f53:1787175115.513134""","Wed, 19 Aug 2026 21:31:55 GMT",
agreements/agreements_probe_20260913/PelhamPoliceDepartmentGA_TFM_MOA_07232026.pdf,8b4c88887b7280d44d84926fc7c280f09f87c253f9e3236d1847c6546659c974,https://www.ice.gov/doclib/287gMOA/PelhamPoliceDepartmentGA_TFM_MOA_07232026.pdf,2026-09-13T18:25:51Z,Georgia,Pelham Police Department,PelhamPoliceDepartmentGA_TFM_MOA_07232026.pdf,found by probing ICE's MOA naming pattern while its sheet still said link pending; verified against the PDF text,"""754e3e8b34609976165e1b219b71e218:1786628633.588071""","Thu, 13 Aug 2026 13:43:53 GMT",
agreements/agreements_probe_20260913/TreutlenCoSOGA_JEM_MOA_08062026.pdf,7f11c2cc60318b2ef8c3cb5b7569fcf82c9c4895e60aadd167001a6e6f5c5798,https://www.ice.gov/doclib/287gMOA/TreutlenCoSOGA_JEM_MOA_08062026.pdf,2026-09-13T18:25:51Z,Georgia,Treutlen County Sheriff's Office,TreutlenCoSOGA_JEM_MOA_08062026.pdf,found by probing ICE's MOA naming pattern while its sheet still said link pending; verified against the PDF text,"""770ca1eb244b17e155b1782e6837c9c2:1787696795.981098""","Tue, 25 Aug 2026 22:26:35 GMT",
agreements/agreements_probe_20260913/TreutlenCoSOGA_TFM_MOA_08062026.pdf,a0c70554c6b27d3005690601def300523cab3e42de4c2ecb428ce102514037fd,https://www.ice.gov/doclib/287gMOA/TreutlenCoSOGA_TFM_MOA_08062026.pdf,2026-09-13T18:25:51Z,Georgia,Treutlen County Sheriff's Office,TreutlenCoSOGA_TFM_MOA_08062026.pdf,found by probing ICE's MOA naming pattern while its sheet still said link pending; verified against the PDF text,"""1a6276ce0578588d7b98889ee500fa03:1787696795.936286""","Tue, 25 Aug 2026 22:26:35 GMT",
agreements/agreements_probe_20260913/ConwaySpringsPoliceDeptKS_TFM_MOA_07222026.pdf,4c6f1828d3c2277ec63396d2e9921a5622e11f6920ca2cf374bc7d9425101b98,https://www.ice.gov/doclib/287gMOA/ConwaySpringsPoliceDeptKS_TFM_MOA_07222026.pdf,2026-09-13T18:25:51Z,Kansas,Conway Springs Police Department,ConwaySpringsPoliceDeptKS_TFM_MOA_07222026.pdf,found by probing ICE's MOA naming pattern while its sheet still said link pending; verified against the PDF text,"""66eacf201ac4a3b13b42fdf16fd4ddd8:1785863175.274267""","Tue, 04 Aug 2026 17:06:15 GMT",
agreements/agreements_probe_20260913/RossvillePoliceDepartmentKS_TFM_MOA_07232026.pdf,02ff7c793df638c4f8e80f3180d28ccfdf44f52d40393fb686c78bcc957911eb,https://www.ice.gov/doclib/287gMOA/RossvillePoliceDepartmentKS_TFM_MOA_07232026.pdf,2026-09-13T18:25:51Z,Kansas,Rossville Police Department,RossvillePoliceDepartmentKS_TFM_MOA_07232026.pdf,found by probing ICE's MOA naming pattern while its sheet still said link pending; verified against the PDF text,"""222432931d7f6ca5c4bcd633ff6d3f9d:1786628606.135344""","Thu, 13 Aug 2026 13:43:26 GMT",
agreements/agreements_probe_20260913/FloydCoSheriffsOfficeKY_TFM_MOA_07262026.pdf,7e469b7f889e924cdf5580f43602d5f343090146528dab06e2cc0116807f80cf,https://www.ice.gov/doclib/287gMOA/FloydCoSheriffsOfficeKY_TFM_MOA_07262026.pdf,2026-09-13T18:25:51Z,Kentucky,Floyd County Sheriff's Office,FloydCoSheriffsOfficeKY_TFM_MOA_07262026.pdf,found by probing ICE's MOA naming pattern while its sheet still said link pending; verified against the PDF text,"""6de6db7c634e33a749a9db78cf335260:1786461522.94305""","Tue, 11 Aug 2026 15:18:42 GMT",
agreements/agreements_probe_20260913/MillersburgPDKY_TFM_MOA_08052026.pdf,c1019d6dee1041562ca8dee26c190dc730323727bac3bdeac3d8210a62a4384a,https://www.ice.gov/doclib/287gMOA/MillersburgPDKY_TFM_MOA_08052026.pdf,2026-09-13T18:25:51Z,Kentucky,Millersburg Police Department,MillersburgPDKY_TFM_MOA_08052026.pdf,found by probing ICE's MOA naming pattern while its sheet still said link pending; verified against the PDF text,"""87f9493663909d9614a3ca179085a9a7:1787605478.551668""","Mon, 24 Aug 2026 21:04:38 GMT",
agreements/agreements_probe_20260913/CatahoulaParishSOLA_TFM_MOA_08052026.pdf,3b0fe4b760be79cafd31b7c6006de195f7ca616eebec3d85208855433fb33d0c,https://www.ice.gov/doclib/287gMOA/CatahoulaParishSOLA_TFM_MOA_08052026.pdf,2026-09-13T18:25:51Z,Louisiana,Catahoula Parish Sheriff's Office,CatahoulaParishSOLA_TFM_MOA_08052026.pdf,found by probing ICE's MOA naming pattern while its sheet still said link pending; verified against the PDF text,"""5e181c149b68efea95fe26218b8fbe75:1787605599.404971""","Mon, 24 Aug 2026 21:06:39 GMT",
agreements/agreements_probe_20260913/ClaytonPoliceDeptLA_TFM_MOA_07292026.pdf,f70bca17d6146aa73e0fa8a462996cb28f57b205ed4a1697c104e3aebb59f36e,https://www.ice.gov/doclib/287gMOA/ClaytonPoliceDeptLA_TFM_MOA_07292026.pdf,2026-09-13T18:25:51Z,Louisiana,Clayton Police Department,ClaytonPoliceDeptLA_TFM_MOA_07292026.pdf,found by probing ICE's MOA naming pattern while its sheet still said link pending; verified against the PDF text,"""9085a035c8eb446074bdf56c181f6dd2:1787061006.235434""","Tue, 18 Aug 2026 13:50:06 GMT",
agreements/agreements_probe_20260913/CoushattaPoliceDeptLA_TFM_MOA_08012026.pdf,c2c31864db0d1f8f72dd85caea17a685a609c98a451dcd08f2c883b6a1d88716,https://www.ice.gov/doclib/287gMOA/CoushattaPoliceDeptLA_TFM_MOA_08012026.pdf,2026-09-13T18:25:51Z,Louisiana,Coushatta Police Department,CoushattaPoliceDeptLA_TFM_MOA_08012026.pdf,found by probing ICE's MOA naming pattern while its sheet still said link pending; verified against the PDF text,"""ebb027777fc291095b76c53d1be3ab99:1787060738.967172""","Tue, 18 Aug 2026 13:45:38 GMT",
agreements/agreements_probe_20260913/IotaPoliceDeptLA_TFM_MOA_07222026.pdf,5699c1c00b9e60b0e792b81cf7e6a85126a2447a5cb781cd3a7d32c8e98ce362,https://www.ice.gov/doclib/287gMOA/IotaPoliceDeptLA_TFM_MOA_07222026.pdf,2026-09-13T18:25:51Z,Louisiana,Iota Police Department,IotaPoliceDeptLA_TFM_MOA_07222026.pdf,found by probing ICE's MOA naming pattern while its sheet still said link pending; verified against the PDF text,"""6248745f1a686e0c06930935912abb37:1786461543.018586""","Tue, 11 Aug 2026 15:19:03 GMT",
agreements/agreements_probe_20260913/JonesvillePoliceDeptLA_TFM_MOA_07302026.pdf,b23d921980fc43d3bd798eb0a8df94366580da475b4ea5eb2e70f9f1c0c8118c,https://www.ice.gov/doclib/287gMOA/JonesvillePoliceDeptLA_TFM_MOA_07302026.pdf,2026-09-13T18:25:51Z,Louisiana,Jonesville Police Department,JonesvillePoliceDeptLA_TFM_MOA_07302026.pdf,found by probing ICE's MOA naming pattern while its sheet still said link pending; verified against the PDF text,"""a71cb654688ee5ec949d2bd35a4371fc:1787061204.999552""","Tue, 18 Aug 2026 13:53:24 GMT",
agreements/agreements_probe_20260913/KentwoodPoliceDeptLA_TFM_MOA_07262026.pdf,8f5e2ad3a7d6bc0e3bafb7dea6f0db884c71faf81cc16488d091efa6430994d2,https://www.ice.gov/doclib/287gMOA/KentwoodPoliceDeptLA_TFM_MOA_07262026.pdf,2026-09-13T18:25:51Z,Louisiana,Kentwood Police Department,KentwoodPoliceDeptLA_TFM_MOA_07262026.pdf,found by probing ICE's MOA naming pattern while its sheet still said link pending; verified against the PDF text,"""c422876313c68c0b5e0f31421c18cefb:1788186362.145613""","Mon, 31 Aug 2026 14:26:02 GMT",
agreements/agreements_probe_20260913/KillianPoliceDepartmentLA_TFM_MOA_07272026.pdf,1c7b3df79559d7cd70563dab19d8aeb129340f8e8201c1f571a74604769adde5,https://www.ice.gov/doclib/287gMOA/KillianPoliceDepartmentLA_TFM_MOA_07272026.pdf,2026-09-13T18:25:51Z,Louisiana,Killian Police Department,KillianPoliceDepartmentLA_TFM_MOA_07272026.pdf,found by probing ICE's MOA naming pattern while its sheet still said link pending; verified against the PDF text,"""d6a1eca84025b1552a80515b95d91098:1786628613.752703""","Thu, 13 Aug 2026 13:43:33 GMT",
agreements/agreements_probe_20260913/LecomptePoliceDeptLA_TFM_MOA_08012026.pdf,33ca038bb2449f1fa855dee441193c0d62bb10eccdaa576dc80b2d041d8ee804,https://www.ice.gov/doclib/287gMOA/LecomptePoliceDeptLA_TFM_MOA_08012026.pdf,2026-09-13T18:25:51Z,Louisiana,Lecompte Police Department,LecomptePoliceDeptLA_TFM_MOA_08012026.pdf,found by probing ICE's MOA naming pattern while its sheet still said link pending; verified against the PDF text,"""acab6920214e84e5b25acd174d1e1147:1787060499.449258""","Tue, 18 Aug 2026 13:41:39 GMT",
agreements/agreements_probe_20260913/MandevillePoliceDepartmentLA_TFM_MOA_07242026.pdf,87e8789182b998d547e7e9af369fba41e9ff34085273605099a8b6b578bb100f,https://www.ice.gov/doclib/287gMOA/MandevillePoliceDepartmentLA_TFM_MOA_07242026.pdf,2026-09-13T18:25:51Z,Louisiana,Mandeville Police Department,MandevillePoliceDepartmentLA_TFM_MOA_07242026.pdf,found by probing ICE's MOA naming pattern while its sheet still said link pending; verified against the PDF text,"""fe78a0b64b21dc13d16c2f860ed389e7:1786628591.161549""","Thu, 13 Aug 2026 13:43:11 GMT",
agreements/agreements_probe_20260913/NatchitochesParishSOLA_TFM_MOA_08052026.pdf,08d79d9a5f7b40bc7b047686d3fc21239e321bed74e5de39ef0ecf1a845c1ba0,https://www.ice.gov/doclib/287gMOA/NatchitochesParishSOLA_TFM_MOA_08052026.pdf,2026-09-13T18:25:51Z,Louisiana,Natchitoches Parish Sheriff's Office,NatchitochesParishSOLA_TFM_MOA_08052026.pdf,found by probing ICE's MOA naming pattern while its sheet still said link pending; verified against the PDF text,"""6d58b2060b1f9fa1e82b47764f7f9632:1787605490.145122""","Mon, 24 Aug 2026 21:04:50 GMT",
agreements/agreements_probe_20260913/NewelltonPoliceDepartmentLA_TFM_MOA_07242026.pdf,2ca374bf0090df771523661b045a038944a1dc68f0a7dfedd8641b425fd13dd6,https://www.ice.gov/doclib/287gMOA/NewelltonPoliceDepartmentLA_TFM_MOA_07242026.pdf,2026-09-13T18:25:51Z,Louisiana,Newellton Police Department,NewelltonPoliceDepartmentLA_TFM_MOA_07242026.pdf,found by probing ICE's MOA naming pattern while its sheet still said link pending; verified against the PDF text,"""27113c5a37293c1950185944d85c5b7e:1786628608.737117""","Thu, 13 Aug 2026 13:43:28 GMT",
agreements/agreements_probe_20260913/PattersonPoliceDeptLA_TFM_MOA_08012026.pdf,c8938de616e657cf3428d3ddd7f6c2e802200d738509770569a9cf1146e39c07,https://www.ice.gov/doclib/287gMOA/PattersonPoliceDeptLA_TFM_MOA_08012026.pdf,2026-09-13T18:25:51Z,Louisiana,Patterson Police Department,PattersonPoliceDeptLA_TFM_MOA_08012026.pdf,found by probing ICE's MOA naming pattern while its sheet still said link pending; verified against the PDF text,"""adff6d181528d26b1968a2b737f349da:1787060514.01984""","Tue, 18 Aug 2026 13:41:54 GMT",
agreements/agreements_probe_20260913/PinePrairiePDLA_TFM_MOA_08072026.pdf,07247f5a33a2d6a7df882db11a8ce789571ddab80c704b524d9bee5b738b51e2,https://www.ice.gov/doclib/287gMOA/PinePrairiePDLA_TFM_MOA_08072026.pdf,2026-09-13T18:25:51Z,Louisiana,Pine Prairie Police Department,PinePrairiePDLA_TFM_MOA_08072026.pdf,found by probing ICE's MOA naming pattern while its sheet still said link pending; verified against the PDF text,"""5e80b8a752ca7a0a74b2a8990a826227:1787696696.239022""","Tue, 25 Aug 2026 22:24:56 GMT",
agreements/agreements_probe_20260913/ProvencalPDLA_TFM_MOA_08052026.pdf,dd31e3171d6b6572f337efbcde689e7f903e0ae1f5d9cca011d5f4d0c1bd2f71,https://www.ice.gov/doclib/287gMOA/ProvencalPDLA_TFM_MOA_08052026.pdf,2026-09-13T18:25:51Z,Louisiana,Provencal Police Department,ProvencalPDLA_TFM_MOA_08052026.pdf,found by probing ICE's MOA naming pattern while its sheet still said link pending; verified against the PDF text,"""fead22ca79dc79f3f64a09b02698337b:1787605479.053809""","Mon, 24 Aug 2026 21:04:39 GMT",
agreements/agreements_probe_20260913/SpringfieldPDLA_TFM_MOA_08072026.pdf,cd96aca4597400b3f5303d4c93545d5a0fa27d78312eb36b638d563192c9f0ea,https://www.ice.gov/doclib/287gMOA/SpringfieldPDLA_TFM_MOA_08072026.pdf,2026-09-13T18:25:51Z,Louisiana,Springfield Police Department,SpringfieldPDLA_TFM_MOA_08072026.pdf,found by probing ICE's MOA naming pattern while its sheet still said link pending; verified against the PDF text,"""8f824603d2f6865c731c456ef0afb471:1787695158.305917""","Tue, 25 Aug 2026 21:59:18 GMT",
agreements/agreements_probe_20260913/DecaturPoliceDeptMS_TFM_MOA_07302026.pdf,5d8ed7d6a5e29021800aff2777ffc6c9099d0b3a907eff6575a52c0ad10322df,https://www.ice.gov/doclib/287gMOA/DecaturPoliceDeptMS_TFM_MOA_07302026.pdf,2026-09-13T18:25:51Z,Mississippi,Decatur Police Department,DecaturPoliceDeptMS_TFM_MOA_07302026.pdf,found by probing ICE's MOA naming pattern while its sheet still said link pending; verified against the PDF text,"""d2c9f663a2f5987607778dc1a49d076e:1787061221.966346""","Tue, 18 Aug 2026 13:53:41 GMT",
agreements/agreements_probe_20260913/EcruPoliceDeptMS_TFM_MOA_07232026.pdf,f3f5cbc25597ee638107f53158206ddecca89f34ba6438edb47b6e2b2608a6dd,https://www.ice.gov/doclib/287gMOA/EcruPoliceDeptMS_TFM_MOA_07232026.pdf,2026-09-13T18:25:51Z,Mississippi,Ecru Police Department,EcruPoliceDeptMS_TFM_MOA_07232026.pdf,found by probing ICE's MOA naming pattern while its sheet still said link pending; verified against the PDF text,"""d970394d8dca82ccf7c7ebc7fbed3dff:1786461335.582319""","Tue, 11 Aug 2026 15:15:35 GMT",
agreements/agreements_probe_20260913/MeadvillePoliceDeptMS_TFM_MOA_07222026.pdf,d362c41df536d9b56365d8f54ed5cca88b64493fb16c422f791f96ac811661b8,https://www.ice.gov/doclib/287gMOA/MeadvillePoliceDeptMS_TFM_MOA_07222026.pdf,2026-09-13T18:25:51Z,Mississippi,Meadville Police Department,MeadvillePoliceDeptMS_TFM_MOA_07222026.pdf,found by probing ICE's MOA naming pattern while its sheet still said link pending; verified against the PDF text,"""1d5aaf9176cbea31de3520d514ffbccf:1786112127.137671""","Fri, 07 Aug 2026 14:15:27 GMT",
agreements/agreements_probe_20260913/MonroeCoSOMS_WSO_MOA_08042026.pdf,e01a85cf3c0fbe819984a1e3aed8adc7a8b3b1cd2da89562e0e73467bf1496f4,https://www.ice.gov/doclib/287gMOA/MonroeCoSOMS_WSO_MOA_08042026.pdf,2026-09-13T18:25:51Z,Mississippi,Monroe County Sheriff's Office,MonroeCoSOMS_WSO_MOA_08042026.pdf,found by probing ICE's MOA naming pattern while its sheet still said link pending; verified against the PDF text,"""ddadb78a1c7428ffa9a7e66c17e43635:1787346596.621653""","Fri, 21 Aug 2026 21:09:56 GMT",
agreements/agreements_probe_20260913/RipleyPDMS_TFM_MOA_08042026.pdf,7cc5a63481eff862f9508594b8560fe85c5409a20f34992543a61dc4963fd4de,https://www.ice.gov/doclib/287gMOA/RipleyPDMS_TFM_MOA_08042026.pdf,2026-09-13T18:25:51Z,Mississippi,Ripley Police Department,RipleyPDMS_TFM_MOA_08042026.pdf,found by probing ICE's MOA naming pattern while its sheet still said link pending; verified against the PDF text,"""6f44fbaa4bbe9884d4ddfe2ddb590799:1787346656.071108""","Fri, 21 Aug 2026 21:10:56 GMT",
agreements/agreements_probe_20260913/FordlandPDMO_TFM_MOA_08072026.pdf,f0db4dd45389c6c5e93d5766f52f30c422925b3ecb8d63e211bd18449276ae19,https://www.ice.gov/doclib/287gMOA/FordlandPDMO_TFM_MOA_08072026.pdf,2026-09-13T18:25:51Z,Missouri,Fordland Police Department,FordlandPDMO_TFM_MOA_08072026.pdf,found by probing ICE's MOA naming pattern while its sheet still said link pending; verified against the PDF text,"""abc24d1b1e4cfb2a977e00ba14a3ef56:1787695140.650298""","Tue, 25 Aug 2026 21:59:00 GMT",
agreements/agreements_probe_20260913/FranklinCoSheriffsOfficeMO_TFM_MOA_07242026.pdf,8c0683abd41d6886e2153579e7d8f4764935830b691915b1a09838c352cf90ee,https://www.ice.gov/doclib/287gMOA/FranklinCoSheriffsOfficeMO_TFM_MOA_07242026.pdf,2026-09-13T18:25:51Z,Missouri,Franklin County Sheriff's Office,FranklinCoSheriffsOfficeMO_TFM_MOA_07242026.pdf,found by probing ICE's MOA naming pattern while its sheet still said link pending; verified against the PDF text,"""f3bd3034783e2ca71b584c49d7494feb:1786461523.129494""","Tue, 11 Aug 2026 15:18:43 GMT",
agreements/agreements_probe_20260913/NoelMarshalsOfficeMO_TFM_MOA_07302026.pdf,67c1ab6c89b12677af2771e49f749b715c37e02a01ef67ee7b96156fb8642574,https://www.ice.gov/doclib/287gMOA/NoelMarshalsOfficeMO_TFM_MOA_07302026.pdf,2026-09-13T18:25:51Z,Missouri,Noel Marshal's Office,NoelMarshalsOfficeMO_TFM_MOA_07302026.pdf,found by probing ICE's MOA naming pattern while its sheet still said link pending; verified against the PDF text,"""d59c4863ce55d18b6e1556f28485b063:1787175097.132333""","Wed, 19 Aug 2026 21:31:37 GMT",
agreements/agreements_probe_20260913/HowardCoSONE_TFM_MOA_07292026.pdf,69b5e1d1f536df045299c50e8be20e750010bd031e3792ff0fb3bceb5a82fd36,https://www.ice.gov/doclib/287gMOA/HowardCoSONE_TFM_MOA_07292026.pdf,2026-09-13T18:25:51Z,Nebraska,Howard County Sheriff's Office,HowardCoSONE_TFM_MOA_07292026.pdf,found by probing ICE's MOA naming pattern while its sheet still said link pending; verified against the PDF text,"""0acfb1616555d849c74cd90eb7fb3b41:1787605344.505725""","Mon, 24 Aug 2026 21:02:24 GMT",
agreements/agreements_probe_20260913/RindgePoliceDepartmentNH_TFM_MOA_07272026.pdf,08031cbaa5a367d0000a41fc08511cb04025d88ad11acbe819d0c14091b7eb0e,https://www.ice.gov/doclib/287gMOA/RindgePoliceDepartmentNH_TFM_MOA_07272026.pdf,2026-09-13T18:25:51Z,New Hampshire,Rindge Police Department,RindgePoliceDepartmentNH_TFM_MOA_07272026.pdf,found by probing ICE's MOA naming pattern while its sheet still said link pending; verified against the PDF text,"""698b9a0f6c39d94f9c80d1836ed4d090:1786628591.018229""","Thu, 13 Aug 2026 13:43:11 GMT",
agreements/agreements_probe_20260913/RayPDND_TFM_MOA_08042026.pdf,7ec7c8d9271c058bc4ceefa045ec77f0ebd68ac2eff6c7be288d5bbead95d2a0,https://www.ice.gov/doclib/287gMOA/RayPDND_TFM_MOA_08042026.pdf,2026-09-13T18:25:51Z,North Dakota,Ray Police Department,RayPDND_TFM_MOA_08042026.pdf,found by probing ICE's MOA naming pattern while its sheet still said link pending; verified against the PDF text,"""8f707b530b37ec928748417d4a3b0270:1787346655.47103""","Fri, 21 Aug 2026 21:10:55 GMT",
agreements/agreements_probe_20260913/AmberPoliceDeptOK_TFM_MOA_08012026.pdf,3a5150d3672048f4cc80cada258d3640507e23bba4da41b626aa729f858954a2,https://www.ice.gov/doclib/287gMOA/AmberPoliceDeptOK_TFM_MOA_08012026.pdf,2026-09-13T18:25:51Z,Oklahoma,Amber Police Department,AmberPoliceDeptOK_TFM_MOA_08012026.pdf,found by probing ICE's MOA naming pattern while its sheet still said link pending; verified against the PDF text,"""d4b037c1f3297c73ebd2f98f761405a0:1787060738.549472""","Tue, 18 Aug 2026 13:45:38 GMT",
agreements/agreements_probe_20260913/BernicePDOK_TFM_MOA_08062026.pdf,a226bca106387f5b50d29105b298e1405254e360ca11bd51a841ec967618c133,https://www.ice.gov/doclib/287gMOA/BernicePDOK_TFM_MOA_08062026.pdf,2026-09-13T18:25:51Z,Oklahoma,Bernice Police Department,BernicePDOK_TFM_MOA_08062026.pdf,found by probing ICE's MOA naming pattern while its sheet still said link pending; verified against the PDF text,"""c502b6b2542103b7d0e44442c77a03c2:1787696808.519562""","Tue, 25 Aug 2026 22:26:48 GMT",
agreements/agreements_probe_20260913/DrumrightPDOK_TFM_MOA_08072026.pdf,2724bc830859de20134df4434ba8620e3aa624b3d1b8eb8968817406363db406,https://www.ice.gov/doclib/287gMOA/DrumrightPDOK_TFM_MOA_08072026.pdf,2026-09-13T18:25:51Z,Oklahoma,Drumright Police Department,DrumrightPDOK_TFM_MOA_08072026.pdf,found by probing ICE's MOA naming pattern while its sheet still said link pending; verified against the PDF text,"""e09a0af417d8bf11a70e033de6595356:1787696795.49008""","Tue, 25 Aug 2026 22:26:35 GMT",
agreements/agreements_probe_20260913/AthensTownshipPDPA_TFM_MOA_08072026.pdf,30f7deb6da776d0ad38f6a2b7489a62ea626c1d1fad367794522fff1166ae7c5,https://www.ice.gov/doclib/287gMOA/AthensTownshipPDPA_TFM_MOA_08072026.pdf,2026-09-13T18:25:51Z,Pennsylvania,Athens Township Police Department,AthensTownshipPDPA_TFM_MOA_08072026.pdf,found by probing ICE's MOA naming pattern while its sheet still said link pending; verified against the PDF text,"""175d9d9e3a4ee2a6afdefa629408f990:1787696696.550105""","Tue, 25 Aug 2026 22:24:56 GMT",
agreements/agreements_probe_20260913/BonneauvilleBoroughPoliceDeptPA_TFM_MOA_07262026.pdf,ff2f52873b6b1eb565e4fce9611d4fd3e2efb344342861e245a5d6ecb20fa1fa,https://www.ice.gov/doclib/287gMOA/BonneauvilleBoroughPoliceDeptPA_TFM_MOA_07262026.pdf,2026-09-13T18:25:51Z,Pennsylvania,Bonneauville Borough Police Department,BonneauvilleBoroughPoliceDeptPA_TFM_MOA_07262026.pdf,found by probing ICE's MOA naming pattern while its sheet still said link pending; verified against the PDF text,"""1fa6bf06b29aadbc4aaa349650dc1e62:1786123422.518336""","Fri, 07 Aug 2026 17:23:42 GMT",
agreements/agreements_probe_20260913/CantonBoroughPoliceDeptPA_TFM_MOA_07272026.pdf,da29017e4ba79568052fd44f2549f2d88490e8c37705d00dc1c6956d0e8d6ec6,https://www.ice.gov/doclib/287gMOA/CantonBoroughPoliceDeptPA_TFM_MOA_07272026.pdf,2026-09-13T18:25:51Z,Pennsylvania,Canton Borough Police Department,CantonBoroughPoliceDeptPA_TFM_MOA_07272026.pdf,found by probing ICE's MOA naming pattern while its sheet still said link pending; verified against the PDF text,"""57a0e3338b038c31ff9caafc30425e03:1786123404.328649""","Fri, 07 Aug 2026 17:23:24 GMT",
agreements/agreements_probe_20260913/NorthSewickleyTownshipPoliceDepartmentPA_TFM_MOA_07292026.pdf,d6fb5d164fbd2b0e625e36ff23f1a5697f9c5f155a4b3fa7f59eeb15f7807b63,https://www.ice.gov/doclib/287gMOA/NorthSewickleyTownshipPoliceDepartmentPA_TFM_MOA_07292026.pdf,2026-09-13T18:25:51Z,Pennsylvania,North Sewickley Township Police Department,NorthSewickleyTownshipPoliceDepartmentPA_TFM_MOA_07292026.pdf,found by probing ICE's MOA naming pattern while its sheet still said link pending; verified against the PDF text,"""b696d8b3fde1c235e93c002c8b030cd3:1786714921.176126""","Fri, 14 Aug 2026 13:42:01 GMT",
agreements/agreements_probe_20260913/NorthumberlandBoroughPDPA_TFM_MOA_08052026.pdf,202434e3a3b31c2e18480b8c32d362498aeb6915adddeb1e207162bac76ff023,https://www.ice.gov/doclib/287gMOA/NorthumberlandBoroughPDPA_TFM_MOA_08052026.pdf,2026-09-13T18:25:51Z,Pennsylvania,Northumberland Borough Police Department,NorthumberlandBoroughPDPA_TFM_MOA_08052026.pdf,found by probing ICE's MOA naming pattern while its sheet still said link pending; verified against the PDF text,"""80b6d8492ea3f851f2646dec440b9c96:1787605489.602202""","Mon, 24 Aug 2026 21:04:49 GMT",
agreements/agreements_probe_20260913/ShamokinDamBoroughPoliceDepartmentPA_TFM_MOA_07272026.pdf,5ad415e510235124d14a6208feb0c62b50382955140d0d081576bde1579af4d6,https://www.ice.gov/doclib/287gMOA/ShamokinDamBoroughPoliceDepartmentPA_TFM_MOA_07272026.pdf,2026-09-13T18:25:51Z,Pennsylvania,Shamokin Dam Borough Police Department,ShamokinDamBoroughPoliceDepartmentPA_TFM_MOA_07272026.pdf,found by probing ICE's MOA naming pattern while its sheet still said link pending; verified against the PDF text,"""2132c1db05ad7bd8b5b02d4b2affadd2:1786714902.448332""","Fri, 14 Aug 2026 13:41:42 GMT",
agreements/agreements_probe_20260913/WestManchesterTownshipPoliceDepartmentPA_TFM_MOA_07262026.pdf,dfbe6d15f961ad4fece5b56915595ea72636aab3fcab758925d55b42c999802c,https://www.ice.gov/doclib/287gMOA/WestManchesterTownshipPoliceDepartmentPA_TFM_MOA_07262026.pdf,2026-09-13T18:25:51Z,Pennsylvania,West Manchester Township Police Department,WestManchesterTownshipPoliceDepartmentPA_TFM_MOA_07262026.pdf,found by probing ICE's MOA naming pattern while its sheet still said link pending; verified against the PDF text,"""1dc56d48a935ac1174b29dfcd2c51fdf:1786714952.813236""","Fri, 14 Aug 2026 13:42:32 GMT",
agreements/agreements_probe_20260913/EhrhardtPoliceDeptSC_TFM_MOA_07202026.pdf,ab3034518222cfb541ab5cb02f22d1f3bb44833c20194444fbad8a7cf4aca862,https://www.ice.gov/doclib/287gMOA/EhrhardtPoliceDeptSC_TFM_MOA_07202026.pdf,2026-09-13T18:25:51Z,South Carolina,Ehrhardt Police Department,EhrhardtPoliceDeptSC_TFM_MOA_07202026.pdf,found by probing ICE's MOA naming pattern while its sheet still said link pending; verified against the PDF text,"""b466dcd8638e2be037ecd2dcea69f65b:1785862964.078072""","Tue, 04 Aug 2026 17:02:44 GMT",
agreements/agreements_probe_20260913/GrantCoSheriffsOfficeSD_JEM_MOA_07202026.pdf,c318cb8c577385272cf1e09ac66e52298aa635c71dce158f1ed54929127208fe,https://www.ice.gov/doclib/287gMOA/GrantCoSheriffsOfficeSD_JEM_MOA_07202026.pdf,2026-09-13T18:25:51Z,South Dakota,Grant County Sheriff's Office,GrantCoSheriffsOfficeSD_JEM_MOA_07202026.pdf,found by probing ICE's MOA naming pattern while its sheet still said link pending; verified against the PDF text,"""4940324ffdfda60db527aeb651e08d10:1785862962.630336""","Tue, 04 Aug 2026 17:02:42 GMT",
agreements/agreements_probe_20260913/GrantCoSheriffsOfficeSD_TFM_MOA_07202026.pdf,b9cf82fde400a0c17898ea283b3f128f4adbfd00b22e8721b1876ededd434e9d,https://www.ice.gov/doclib/287gMOA/GrantCoSheriffsOfficeSD_TFM_MOA_07202026.pdf,2026-09-13T18:25:51Z,South Dakota,Grant County Sheriff's Office,GrantCoSheriffsOfficeSD_TFM_MOA_07202026.pdf,found by probing ICE's MOA naming pattern while its sheet still said link pending; verified against the PDF text,"""ef5ab0b123228d5d37912af6b2f5de13:1785862983.082285""","Tue, 04 Aug 2026 17:03:03 GMT",
agreements/agreements_probe_20260913/FayetteCoSheriffsOfficeTN_WSO_MOA_08012026.pdf,2bd72241edbbc28b2b33feac309b26c5ec2c902b8f4eeed52bc91886300dbf21,https://www.ice.gov/doclib/287gMOA/FayetteCoSheriffsOfficeTN_WSO_MOA_08012026.pdf,2026-09-13T18:25:51Z,Tennessee,Fayette County Sheriff's Office,FayetteCoSheriffsOfficeTN_WSO_MOA_08012026.pdf,found by probing ICE's MOA naming pattern while its sheet still said link pending; verified against the PDF text,"""5a51c1b795294093dfc9d7f855b2436d:1787060494.907622""","Tue, 18 Aug 2026 13:41:34 GMT",
agreements/agreements_probe_20260913/GallatinPoliceDeptTN_TFM_MOA_07272026.pdf,50b35d8e90bc9fa682034138c03806e3cb16dc755c986fa0b53fe7918b28d45e,https://www.ice.gov/doclib/287gMOA/GallatinPoliceDeptTN_TFM_MOA_07272026.pdf,2026-09-13T18:25:51Z,Tennessee,Gallatin Police Department,GallatinPoliceDeptTN_TFM_MOA_07272026.pdf,found by probing ICE's MOA naming pattern while its sheet still said link pending; verified against the PDF text,"""5ac7cbd0884b84a96823180ae7c8e6fd:1786461523.651175""","Tue, 11 Aug 2026 15:18:43 GMT",
agreements/agreements_probe_20260913/LewisCoSOTN_WSO_MOA_07292026.pdf,0b8e0e0fb2a5d4c0c48f503a58cf8bded371929e6b739f0334207b428aec7eba,https://www.ice.gov/doclib/287gMOA/LewisCoSOTN_WSO_MOA_07292026.pdf,2026-09-13T18:25:51Z,Tennessee,Lewis County Sheriff's Office,LewisCoSOTN_WSO_MOA_07292026.pdf,found by probing ICE's MOA naming pattern while its sheet still said link pending; verified against the PDF text,"""52f20bf3203c83f71b9c29d85e636b9b:1787175301.994809""","Wed, 19 Aug 2026 21:35:01 GMT",
agreements/agreements_probe_20260913/PerryCoSOTN_TFM_MOA_07292026.pdf,b2d38c2ad7688be602bfeba9c3b28eaa2b5ca7240a3833655b27b116652a6e85,https://www.ice.gov/doclib/287gMOA/PerryCoSOTN_TFM_MOA_07292026.pdf,2026-09-13T18:25:51Z,Tennessee,Perry County Sheriff's Office,PerryCoSOTN_TFM_MOA_07292026.pdf,found by probing ICE's MOA naming pattern while its sheet still said link pending; verified against the PDF text,"""e8becaa6fc51009e4522d5b97349dfb7:1787175115.461791""","Wed, 19 Aug 2026 21:31:55 GMT",
agreements/agreements_probe_20260913/PerryCoSheriffsOfficeTN_WSO_MOA_07292026.pdf,a72b9ab4e200f37d3320416836bfa01d87661cbc808790c92135b4fdc526cff1,https://www.ice.gov/doclib/287gMOA/PerryCoSheriffsOfficeTN_WSO_MOA_07292026.pdf,2026-09-13T18:25:51Z,Tennessee,Perry County Sheriff's Office,PerryCoSheriffsOfficeTN_WSO_MOA_07292026.pdf,found by probing ICE's MOA naming pattern while its sheet still said link pending; verified against the PDF text,"""d559b07070c6eee5d6e74c57a80437d6:1787233529.187143""","Thu, 20 Aug 2026 13:45:29 GMT",
agreements/agreements_probe_20260913/32ndJudicialDistrictAttorneysOfficeTX_TFM_MOA_07292026.pdf,9d3982d6f65947842d701fc1378198fbe211e8082772a0b94b78fc9692df6750,https://www.ice.gov/doclib/287gMOA/32ndJudicialDistrictAttorneysOfficeTX_TFM_MOA_07292026.pdf,2026-09-13T18:25:51Z,Texas,32nd Judicial District Attorney's Office,32ndJudicialDistrictAttorneysOfficeTX_TFM_MOA_07292026.pdf,found by probing ICE's MOA naming pattern while its sheet still said link pending; verified against the PDF text,"""4be740c2e247b8622799e54de31a9c8a:1786714900.348256""","Fri, 14 Aug 2026 13:41:40 GMT",
agreements/agreements_probe_20260913/CollinCoSheriffsOfficeTX_TFM_MOA_08012026.pdf,337bad4994206ac6f9d4d02d1c9ada3bb0f159a0b53f47e47d8f8bf36ac5c8fa,https://www.ice.gov/doclib/287gMOA/CollinCoSheriffsOfficeTX_TFM_MOA_08012026.pdf,2026-09-13T18:25:51Z,Texas,Collin County Sheriff's Office,CollinCoSheriffsOfficeTX_TFM_MOA_08012026.pdf,found by probing ICE's MOA naming pattern while its sheet still said link pending; verified against the PDF text,"""b092e8b61fc29d609117c2f4ab31820a:1787061237.460439""","Tue, 18 Aug 2026 13:53:57 GMT",
agreements/agreements_probe_20260913/CoolidgePoliceDeptTX_TFM_MOA_07222026.pdf,a460aa1789004dcfc624fef9d8a4043e29e06d84c5415add1bfa98ce0c4d8269,https://www.ice.gov/doclib/287gMOA/CoolidgePoliceDeptTX_TFM_MOA_07222026.pdf,2026-09-13T18:25:51Z,Texas,Coolidge Police Department,CoolidgePoliceDeptTX_TFM_MOA_07222026.pdf,found by probing ICE's MOA naming pattern while its sheet still said link pending; verified against the PDF text,"""3e226dba59221805a3df1f8c4ca0824c:1786461317.924732""","Tue, 11 Aug 2026 15:15:17 GMT",
agreements/agreements_probe_20260913/CrosbytonPoliceDeptTX_TFM_MOA_07262026.pdf,af0d9c6580cfbc89e4931580d35b4392a84ee2fa1a88b168798a58c076ec16c6,https://www.ice.gov/doclib/287gMOA/CrosbytonPoliceDeptTX_TFM_MOA_07262026.pdf,2026-09-13T18:25:51Z,Texas,Crosbyton Police Department,CrosbytonPoliceDeptTX_TFM_MOA_07262026.pdf,found by probing ICE's MOA naming pattern while its sheet still said link pending; verified against the PDF text,"""4addd0fec52958eee74609fd1ba93223:1786461317.169053""","Tue, 11 Aug 2026 15:15:17 GMT",
agreements/agreements_probe_20260913/JeffDavisCoSOTX_TFM_MOA_07292026.pdf,7848b53e8bcb76e2facbfcb9cbc2a4039887716ede8e03c8471d496482a4446b,https://www.ice.gov/doclib/287gMOA/JeffDavisCoSOTX_TFM_MOA_07292026.pdf,2026-09-13T18:25:51Z,Texas,Jeff Davis County Sheriff's Office,JeffDavisCoSOTX_TFM_MOA_07292026.pdf,found by probing ICE's MOA naming pattern while its sheet still said link pending; verified against the PDF text,"""4ba4010d432f9ccc5ed536bca9a8634d:1787605333.650276""","Mon, 24 Aug 2026 21:02:13 GMT",
agreements/agreements_probe_20260913/LevellandPDTX_TFM_MOA_08072026.pdf,6f66f5f185ab657f694c1b747a368b001bca9beb66251ff3d1bc95ac80b79406,https://www.ice.gov/doclib/287gMOA/LevellandPDTX_TFM_MOA_08072026.pdf,2026-09-13T18:25:51Z,Texas,Levelland Police Department,LevellandPDTX_TFM_MOA_08072026.pdf,found by probing ICE's MOA naming pattern while its sheet still said link pending; verified against the PDF text,"""5589c6b55f57f9e22a46557b68a584b5:1787695140.396864""","Tue, 25 Aug 2026 21:59:00 GMT",
agreements/agreements_probe_20260913/MagnoliaPoliceDepartmentTX_TFM_MOA_07232026.pdf,15662add5a5da8ed316f94164f986665bfeadd429c4e36df2869ac519a95058b,https://www.ice.gov/doclib/287gMOA/MagnoliaPoliceDepartmentTX_TFM_MOA_07232026.pdf,2026-09-13T18:25:51Z,Texas,Magnolia Police Department,MagnoliaPoliceDepartmentTX_TFM_MOA_07232026.pdf,found by probing ICE's MOA naming pattern while its sheet still said link pending; verified against the PDF text,"""c578ba84b4a90bccaf405c42f2a4a430:1786714959.939311""","Fri, 14 Aug 2026 13:42:39 GMT",
agreements/agreements_probe_20260913/NaplesPoliceDepartmentTX_TFM_MOA_07222026.pdf,90a454634459af225b9e364325241fec2ff09d2fb23021c5652c6a1839fd9452,https://www.ice.gov/doclib/287gMOA/NaplesPoliceDepartmentTX_TFM_MOA_07222026.pdf,2026-09-13T18:25:51Z,Texas,Naples Police Department,NaplesPoliceDepartmentTX_TFM_MOA_07222026.pdf,found by probing ICE's MOA naming pattern while its sheet still said link pending; verified against the PDF text,"""c1be46ee9e7fd7ffc6571e2b062e21c7:1786628628.258441""","Thu, 13 Aug 2026 13:43:48 GMT",
agreements/agreements_probe_20260913/PalmerPDTX_TFM_MOA_08012026.pdf,014bbe4cda9cf22b114677e9bf10b6b94d962b0f8cb5716a59ca5f467986fd83,https://www.ice.gov/doclib/287gMOA/PalmerPDTX_TFM_MOA_08012026.pdf,2026-09-13T18:25:51Z,Texas,Palmer Police Department,PalmerPDTX_TFM_MOA_08012026.pdf,found by probing ICE's MOA naming pattern while its sheet still said link pending; verified against the PDF text,"""4a3ca0203b3c40914c2982326bd319e3:1787605333.386547""","Mon, 24 Aug 2026 21:02:13 GMT",
agreements/agreements_probe_20260913/PortLavacaPoliceDeptTX_TFM_MOA_07302026.pdf,94b988ccaa589df8df114f3cccd102778bdfa8f034fc334f295ab0f0778f3f1d,https://www.ice.gov/doclib/287gMOA/PortLavacaPoliceDeptTX_TFM_MOA_07302026.pdf,2026-09-13T18:25:51Z,Texas,Port Lavaca Police Department,PortLavacaPoliceDeptTX_TFM_MOA_07302026.pdf,found by probing ICE's MOA naming pattern while its sheet still said link pending; verified against the PDF text,"""fa798d902de7a6004f5fcfd59c1666cb:1787233520.963494""","Thu, 20 Aug 2026 13:45:20 GMT",
agreements/agreements_probe_20260913/RealCoSOTX_TFM_MOA_08052026.pdf,eb531ceee5817e14c0146d9585c281bf48e79086434b56e6602cb2bb1aebc3e3,https://www.ice.gov/doclib/287gMOA/RealCoSOTX_TFM_MOA_08052026.pdf,2026-09-13T18:25:51Z,Texas,Real County Sheriff's Office,RealCoSOTX_TFM_MOA_08052026.pdf,found by probing ICE's MOA naming pattern while its sheet still said link pending; verified against the PDF text,"""b4f45da815be5342e41783da72747a97:1787605713.257826""","Mon, 24 Aug 2026 21:08:33 GMT",
agreements/agreements_probe_20260913/SchulenburgPDTX_TFM_MOA_08052026.pdf,1ea047b433c4850b3b90423e98be7c50421b4c5753bb186a37ce18a23922d233,https://www.ice.gov/doclib/287gMOA/SchulenburgPDTX_TFM_MOA_08052026.pdf,2026-09-13T18:25:51Z,Texas,Schulenburg Police Department,SchulenburgPDTX_TFM_MOA_08052026.pdf,found by probing ICE's MOA naming pattern while its sheet still said link pending; verified against the PDF text,"""0cc4522bc12f46dfe75a8f884672f5f0:1787605721.793375""","Mon, 24 Aug 2026 21:08:41 GMT",
agreements/agreements_probe_20260913/SeadriftPoliceDeptTX_TFM_MOA_07302026.pdf,af86b5be26e83c1c3a62d9df0cd7cf0e6a83bfdefaf732bd352fbee757e2788c,https://www.ice.gov/doclib/287gMOA/SeadriftPoliceDeptTX_TFM_MOA_07302026.pdf,2026-09-13T18:25:51Z,Texas,Seadrift Police Department,SeadriftPoliceDeptTX_TFM_MOA_07302026.pdf,found by probing ICE's MOA naming pattern while its sheet still said link pending; verified against the PDF text,"""44a2535ba298c639af63ca7afade4609:1787233529.458869""","Thu, 20 Aug 2026 13:45:29 GMT",
agreements/agreements_probe_20260913/NorthValleyPDUT_TFM_MOA_08042026.pdf,54f29b59d709af663238b3153dd1ace6c0ad262f27824535c7de46aaa1054f23,https://www.ice.gov/doclib/287gMOA/NorthValleyPDUT_TFM_MOA_08042026.pdf,2026-09-13T18:25:51Z,Utah,North Valley Police Department,NorthValleyPDUT_TFM_MOA_08042026.pdf,found by probing ICE's MOA naming pattern while its sheet still said link pending; verified against the PDF text,"""a744356cfb74149d3b5982070cfa5f80:1787346616.664176""","Fri, 21 Aug 2026 21:10:16 GMT",
agreements/agreements_probe_20260913/BlythePDGA_TFM_MOA_08132026.pdf,8103701caec2b85d346e17fd276f489e20e4a8a5d8fe2a02e61af0d3fe4accb1,https://www.ice.gov/doclib/287gMOA/BlythePDGA_TFM_MOA_08132026.pdf,2026-09-13T18:25:51Z,Georgia,Blythe Police Department,BlythePDGA_TFM_MOA_08132026.pdf,found by probing ICE's MOA naming pattern while its sheet still said link pending; verified against the PDF text,"""08a5a35b7e93058ea2c5428a0456a0c8:1787953078.045392""","Fri, 28 Aug 2026 21:37:58 GMT",
agreements/agreements_probe_20260913/ColumbiaPDMS_TFM_MOA_08132026.pdf,a0505315d13f8198ae38a93165d79208366fb9b6f7fed8eea2452f3e955ed745,https://www.ice.gov/doclib/287gMOA/ColumbiaPDMS_TFM_MOA_08132026.pdf,2026-09-13T18:25:51Z,Mississippi,Columbia Police Department,ColumbiaPDMS_TFM_MOA_08132026.pdf,found by probing ICE's MOA naming pattern while its sheet still said link pending; verified against the PDF text,"""0590dbe8e22bca4f122e35e968c8cd58:1787953078.085724""","Fri, 28 Aug 2026 21:37:58 GMT",
agreements/agreements_probe_20260913/BertholdPDND_TFM_MOA_08132026.pdf,50a56c43774c742389400b68de32dcf77373239b1ead45f77f37625c628f68a7,https://www.ice.gov/doclib/287gMOA/BertholdPDND_TFM_MOA_08132026.pdf,2026-09-13T18:25:51Z,North Dakota,Berthold Police Department,BertholdPDND_TFM_MOA_08132026.pdf,found by probing ICE's MOA naming pattern while its sheet still said link pending; verified against the PDF text,"""41193408d3c951fcad425e9469ce0e71:1787953203.112456""","Fri, 28 Aug 2026 21:40:03 GMT",
agreements/agreements_probe_20260913/CoffeevillePDAL_TFM_MOA_08142026.pdf,cee178991d690af0ff4af914c73b749f63cc4d69d25b4993bab18606ed6a56b5,https://www.ice.gov/doclib/287gMOA/CoffeevillePDAL_TFM_MOA_08142026.pdf,2026-09-13T18:25:51Z,Alabama,Coffeeville Police Department,CoffeevillePDAL_TFM_MOA_08142026.pdf,found by probing ICE's MOA naming pattern while its sheet still said link pending; verified against the PDF text,"""c9b8736395cccf68df15632de46ddaac:1787953221.5685""","Fri, 28 Aug 2026 21:40:21 GMT",
agreements/agreements_probe_20260913/GordonPDAL_TFM_MOA_08182026.pdf,149edcae2cbe8908e54c4812fc3649375223cc2e1185792e38045a46217541a8,https://www.ice.gov/doclib/287gMOA/GordonPDAL_TFM_MOA_08182026.pdf,2026-09-13T18:25:51Z,Alabama,Gordon Police Department,GordonPDAL_TFM_MOA_08182026.pdf,found by probing ICE's MOA naming pattern while its sheet still said link pending; verified against the PDF text,"""4cac7b490fd96c9971c25fab43911ce7:1788207649.598632""","Mon, 31 Aug 2026 20:20:49 GMT",
agreements/agreements_probe_20260913/GreersFerryPDAR_TFM_MOA_08182026.pdf,7300d0a2e25acc327d70a1d10f6cb50c40a57bf6ee7787e87e55de53028df582,https://www.ice.gov/doclib/287gMOA/GreersFerryPDAR_TFM_MOA_08182026.pdf,2026-09-13T18:25:51Z,Arkansas,Greers Ferry Police Department,GreersFerryPDAR_TFM_MOA_08182026.pdf,found by probing ICE's MOA naming pattern while its sheet still said link pending; verified against the PDF text,"""b3d7c8b802fc3c712fabbaebaadb9cc9:1788207665.362638""","Mon, 31 Aug 2026 20:21:05 GMT",
agreements/agreements_probe_20260913/SpencerCoSOIN_TFM_MOA_08172026.pdf,b0dde57019ab2446c9ce1d9251d2075c990d9c963f2d1b05411acb1a9232cb6f,https://www.ice.gov/doclib/287gMOA/SpencerCoSOIN_TFM_MOA_08172026.pdf,2026-09-13T18:25:51Z,Indiana,Spencer County Sheriff's Office,SpencerCoSOIN_TFM_MOA_08172026.pdf,found by probing ICE's MOA naming pattern while its sheet still said link pending; verified against the PDF text,"""c963f2875eb84f6782282c83d73915e6:1788207500.286494""","Mon, 31 Aug 2026 20:18:20 GMT",
agreements/agreements_probe_20260913/SimpsonCoSOKY_TFM_MOA_08172026.pdf,0cb4fe4d1cb9fbce928dc85179797f6db3827ab46a1cec34f52e5236ef0bcd00,https://www.ice.gov/doclib/287gMOA/SimpsonCoSOKY_TFM_MOA_08172026.pdf,2026-09-13T18:25:51Z,Kentucky,Simpson County Sheriff's Office,SimpsonCoSOKY_TFM_MOA_08172026.pdf,found by probing ICE's MOA naming pattern while its sheet still said link pending; verified against the PDF text,"""ad63ccaa160256d949dfe150896757a6:1788207501.332264""","Mon, 31 Aug 2026 20:18:21 GMT",
agreements/agreements_probe_20260913/DenhamSpringsPDLA_TFM_MOA_08142026.pdf,60f36734298b8c2034251aecb43745ec88a952ea54580c4446051e55a56251b1,https://www.ice.gov/doclib/287gMOA/DenhamSpringsPDLA_TFM_MOA_08142026.pdf,2026-09-13T18:25:51Z,Louisiana,Denham Springs Police Department,DenhamSpringsPDLA_TFM_MOA_08142026.pdf,found by probing ICE's MOA naming pattern while its sheet still said link pending; verified against the PDF text,"""1c2c57cd2116ac8db3bad67f9b5c22fd:1787953227.351365""","Fri, 28 Aug 2026 21:40:27 GMT",
agreements/agreements_probe_20260913/GrosseTetePDLA_TFM_MOA_08182026.pdf,7a48f46a321bebfce4b87126988e68a59d854742e10e4f10b4b05b995359e7be,https://www.ice.gov/doclib/287gMOA/GrosseTetePDLA_TFM_MOA_08182026.pdf,2026-09-13T18:25:51Z,Louisiana,Grosse Tete Police Department,GrosseTetePDLA_TFM_MOA_08182026.pdf,found by probing ICE's MOA naming pattern while its sheet still said link pending; verified against the PDF text,"""cfa6f38a6eaf1d16e020880b1e872e6e:1788207752.345183""","Mon, 31 Aug 2026 20:22:32 GMT",
agreements/agreements_probe_20260913/BentonPDMO_TFM_MOA_08142026.pdf,ba42cf38a8e3f05ba2363ca1534323b67c7cd49aaf11691e6a40966ed90d6522,https://www.ice.gov/doclib/287gMOA/BentonPDMO_TFM_MOA_08142026.pdf,2026-09-13T18:25:51Z,Missouri,Benton Police Department,BentonPDMO_TFM_MOA_08142026.pdf,found by probing ICE's MOA naming pattern while its sheet still said link pending; verified against the PDF text,"""8b3c26999f3386f4f48d030f149dbfb5:1787953222.129616""","Fri, 28 Aug 2026 21:40:22 GMT",
agreements/agreements_probe_20260913/BerniePDMO_TFM_MOA_08182026.pdf,08afe9a183f80b50b884802d746479ac4ad1423eeaa186168e3687bdacf90a44,https://www.ice.gov/doclib/287gMOA/BerniePDMO_TFM_MOA_08182026.pdf,2026-09-13T18:25:51Z,Missouri,Bernie Police Department,BerniePDMO_TFM_MOA_08182026.pdf,found by probing ICE's MOA naming pattern while its sheet still said link pending; verified against the PDF text,"""0248a578faf2fc8470e1e4a90865d9ae:1788207683.848771""","Mon, 31 Aug 2026 20:21:23 GMT",
agreements/agreements_probe_20260913/MariesCoSOMO_TFM_MOA_08182026.pdf,8ea1d7f440806ac41fd17d3f176a9cde5e99b2c1d6b9e03feaad2c5729974322,https://www.ice.gov/doclib/287gMOA/MariesCoSOMO_TFM_MOA_08182026.pdf,2026-09-13T18:25:51Z,Missouri,Maries County Sheriff's Office,MariesCoSOMO_TFM_MOA_08182026.pdf,found by probing ICE's MOA naming pattern while its sheet still said link pending; verified against the PDF text,"""72133d716753e7dfb47f496d6825d039:1788207770.339415""","Mon, 31 Aug 2026 20:22:50 GMT",
agreements/agreements_probe_20260913/JayPDOK_TFM_MOA_08182026.pdf,82f032db53dea129003234eec4317cb3453c1c4c33f55f374dc9d65e55fc72b1,https://www.ice.gov/doclib/287gMOA/JayPDOK_TFM_MOA_08182026.pdf,2026-09-13T18:25:51Z,Oklahoma,Jay Police Department,JayPDOK_TFM_MOA_08182026.pdf,found by probing ICE's MOA naming pattern while its sheet still said link pending; verified against the PDF text,"""31abb8d3ef6d8df4157956f0cd6e797a:1788207770.46495""","Mon, 31 Aug 2026 20:22:50 GMT",
agreements/agreements_probe_20260913/LatimerCoSOOK_TFM_MOA_08182026.pdf,1529857e769e8ed94676773b7b3d5d4e24779d71b5e30f75971cf905c64adbc4,https://www.ice.gov/doclib/287gMOA/LatimerCoSOOK_TFM_MOA_08182026.pdf,2026-09-13T18:25:51Z,Oklahoma,Latimer County Sheriff's Office,LatimerCoSOOK_TFM_MOA_08182026.pdf,found by probing ICE's MOA naming pattern while its sheet still said link pending; verified against the PDF text,"""96a535a8f54e14423292bfde8ddd76ce:1788207771.113517""","Mon, 31 Aug 2026 20:22:51 GMT",
agreements/agreements_probe_20260913/GeistownBoroughPDPA_TFM_MOA_08142026.pdf,0804314d005e4e0b03b14a972c99114884de6f2c1f17a6083f6a50e5ca88743e,https://www.ice.gov/doclib/287gMOA/GeistownBoroughPDPA_TFM_MOA_08142026.pdf,2026-09-13T18:25:51Z,Pennsylvania,Geistown Borough Police Department,GeistownBoroughPDPA_TFM_MOA_08142026.pdf,found by probing ICE's MOA naming pattern while its sheet still said link pending; verified against the PDF text,"""ec6d6fe1d4fbed2950a7991e675ac740:1787953078.446072""","Fri, 28 Aug 2026 21:37:58 GMT",
agreements/agreements_probe_20260913/CampCoSOTX_TFM_MOA_08182026.pdf,4ec3257d5039c725aa6f82e0a8186d9381a19c1fd7beaab9f71f7e10ee12329e,https://www.ice.gov/doclib/287gMOA/CampCoSOTX_TFM_MOA_08182026.pdf,2026-09-13T18:25:51Z,Texas,Camp County Sheriff's Office,CampCoSOTX_TFM_MOA_08182026.pdf,found by probing ICE's MOA naming pattern while its sheet still said link pending; verified against the PDF text,"""be4c5dab2fd37020e07828ab8e1ff284:1788207661.006119""","Mon, 31 Aug 2026 20:21:01 GMT",
agreements/agreements_probe_20260913/OmahaPDTX_TFM_MOA_08172026.pdf,444f47755a056cda8c4c45e3bd1a9e4e5f3ac6cb8eb04a0b859f4d24ccb1e9f3,https://www.ice.gov/doclib/287gMOA/OmahaPDTX_TFM_MOA_08172026.pdf,2026-09-13T18:25:51Z,Texas,Omaha Police Department,OmahaPDTX_TFM_MOA_08172026.pdf,found by probing ICE's MOA naming pattern while its sheet still said link pending; verified against the PDF text,"""08783f7aa562055a6ee8cbc974a4daf2:1788207501.424745""","Mon, 31 Aug 2026 20:18:21 GMT",
agreements/agreements_probe_20260913/SlatonPDTX_TFM_MOA_08172026.pdf,68d0a6c1d5b74de07ad2e18a9462d429b34e45de6b2e0a726721d252b81d4af3,https://www.ice.gov/doclib/287gMOA/SlatonPDTX_TFM_MOA_08172026.pdf,2026-09-13T18:25:51Z,Texas,Slaton Police Department,SlatonPDTX_TFM_MOA_08172026.pdf,found by probing ICE's MOA naming pattern while its sheet still said link pending; verified against the PDF text,"""1be7f27c70c1aa2e91c1c654606b68e2:1788207513.554671""","Mon, 31 Aug 2026 20:18:33 GMT",
agreements/agreements_probe_20260913/GilmerCoSheriffsOfficeGA_WSO_MOA_01262026.pdf,7c4bb0e69594113723e3a92443868c9b74ba275956a5c697e94ca8dda4c9dbe1,https://www.ice.gov/doclib/287gMOA/GilmerCoSheriffsOfficeGA_WSO_MOA_01262026.pdf,2026-09-13T19:28:34Z,Georgia,Gilmer County Sheriff's Office,GilmerCoSheriffsOfficeGA_WSO_MOA_01262026.pdf,found by probing ICE's MOA naming pattern while its sheet still said link pending; verified against the PDF text,"""0ce1826f2ffc3bf89e8b0e0ebd79e703:1770304875.073184""","Thu, 05 Feb 2026 15:21:15 GMT",
agreements/agreements_probe_20260913/MontourCoSheriffsOfficePA_TFM_MOA_06112025.pdf,afd4110a7ba11960fd786b014cb27d6920740d30b6d6b2b179eed3832824915c,https://www.ice.gov/doclib/287gMOA/MontourCoSheriffsOfficePA_TFM_MOA_06112025.pdf,2026-09-13T19:29:17Z,Pennsylvania,Montour County Sheriff's Office,MontourCoSheriffsOfficePA_TFM_MOA_06112025.pdf,"the MOA ICE's sheet linked for Montour County Sheriff's Office on its 2025-07-01 to 2025-08-05 lists, before it linked Manheim Borough PD's; fetched from ice.gov to replace that link; verified against the PDF text","""422ac7cfa35bac0d2a0b77d229db21af:1751044322.238136""","Fri, 27 Jun 2025 17:12:02 GMT",
agreements/agreements_probe_20260913/TreasureCoSheriffsOfficeMT_TFM_MOA_03112026.pdf,ac169d0dc5ef17344b29865c5966830f9182169d9e7e0bf8d1fea9cba087ea63,https://www.ice.gov/doclib/287gMOA/TreasureCoSheriffsOfficeMT_TFM_MOA_03112026.pdf,2026-09-13T20:15:42Z,Montana,Treasure County Sheriff's Office,TreasureCoSheriffsOfficeMT_TFM_MOA_03112026.pdf,found by probing ICE's MOA naming pattern while its sheet still said link pending (186 days); the PDF text names the agency or its signing date,"""96abf38eda5fe53acd7d1402f3434da0:1774272433.407912""","Mon, 23 Mar 2026 13:27:13 GMT",
agreements/agreements_probe_20260913/JamestownPoliceDeptSC_TFM_MOA_03112026.pdf,48e0797ecd82b0f772aaa31eb5513e0d3823be946dd194a46170fc0c383f7009,https://www.ice.gov/doclib/287gMOA/JamestownPoliceDeptSC_TFM_MOA_03112026.pdf,2026-09-13T20:15:42Z,South Carolina,Jamestown Police Department,JamestownPoliceDeptSC_TFM_MOA_03112026.pdf,found by probing ICE's MOA naming pattern while its sheet still said link pending (186 days); the PDF text names the agency or its signing date,"""7f96153ebdf458f3a4ea43c2ba9d3201:1774272432.065691""","Mon, 23 Mar 2026 13:27:12 GMT",
