state,agency,facility_name,facility_address,facility_city,facility_zip,listed_on,source_url,note,hifld_id,latitude,longitude
Alabama,Alabama Department of Corrections,Alex City Community Based Facility,Highway 22 W,Alexander City,35011,2026-09-26,https://www.doc.alabama.gov/facilities/,HIFLD names it Alex City Community Based Facility / Community Work Center,10003721,,
Alabama,Alabama Department of Corrections,Bibb Correctional Facility,565 Bibb Lane,Brent,35034,2026-09-26,https://www.doc.alabama.gov/facilities/,,,,
Alabama,Alabama Department of Corrections,Birmingham Women's Community Based Facility,1216 25th Street N,Birmingham,35234,2026-09-26,https://www.doc.alabama.gov/facilities/,,,,
Alabama,Alabama Department of Corrections,Bullock Correctional Facility,Highway 82 East,Union Springs,36089,2026-09-26,https://www.doc.alabama.gov/facilities/,,,,
Alabama,Alabama Department of Corrections,Camden Community Based Facility,1780 Alabama Highway 221,Camden,36726,2026-09-26,https://www.doc.alabama.gov/facilities/,,,,
Alabama,Alabama Department of Corrections,Childersburg Community Based Facility,13501 Plant Road,Childersburg,35044,2026-09-26,https://www.doc.alabama.gov/facilities/,,,,
Alabama,Alabama Department of Corrections,Donaldson Correctional Facility,100 Warrior Lane,Bessemer,35023,2026-09-26,https://www.doc.alabama.gov/facilities/,,,,
Alabama,Alabama Department of Corrections,Easterling Correctional Facility,200 Wallace Drive,Clio,36017,2026-09-26,https://www.doc.alabama.gov/facilities/,,,,
Alabama,Alabama Department of Corrections,Elba Community Based Facility,1620 Boswell Street,Elba,36323,2026-09-26,https://www.doc.alabama.gov/facilities/,,,,
Alabama,Alabama Department of Corrections,Elmore Correctional Facility,3520 Marion Spillway Rd.,Elmore,36025,2026-09-26,https://www.doc.alabama.gov/facilities/,slated to close within a year of new Elmore/Escambia prisons opening; no date set,,,
Alabama,Alabama Department of Corrections,Fountain Correctional Facility,9677 Hwy 21 N,Atmore,36503,2026-09-26,https://www.doc.alabama.gov/facilities/,,,,
Alabama,Alabama Department of Corrections,Frank Lee Community Based Facility,5305 Ingram Road,Deatsville,36022,2026-09-26,https://www.doc.alabama.gov/facilities/,,,,
Alabama,Alabama Department of Corrections,Hamilton Aged & Infirmed Correctional Facility,223 Sasser Drive,Hamilton,35570,2026-09-26,https://www.doc.alabama.gov/facilities/,,,,
Alabama,Alabama Department of Corrections,Hamilton Community Based Facility,1826 Bexar Ave. East,Hamilton,35570,2026-09-26,https://www.doc.alabama.gov/facilities/,,,,
Alabama,Alabama Department of Corrections,Holman Correctional Facility,866 Ross Road,Atmore,36503,2026-09-26,https://www.doc.alabama.gov/facilities/,partially closed 2020-21; still operating,,,
Alabama,Alabama Department of Corrections,Kilby Correctional Facility,12201 Wares Ferry Road,Montgomery,36117,2026-09-26,https://www.doc.alabama.gov/facilities/,slated to close within a year of new Elmore/Escambia prisons opening; no date set,,,
Alabama,Alabama Department of Corrections,Limestone Correctional Facility,28779 Nick Davis Rd,Harvest,35749,2026-09-26,https://www.doc.alabama.gov/facilities/,,,,
Alabama,Alabama Department of Corrections,Loxley Community Based Facility,14880 County Road 64,Loxley,36551,2026-09-26,https://www.doc.alabama.gov/facilities/,,,,
Alabama,Alabama Department of Corrections,Mobile Community Based Facility,2423 N Beltline Highway,Prichard,36610,2026-09-26,https://www.doc.alabama.gov/facilities/,,,,
Alabama,Alabama Department of Corrections,Montgomery Women's Community Based Facility,12085 Wares Ferry Road,Montgomery,36117,2026-09-26,https://www.doc.alabama.gov/facilities/,,,,
Alabama,Alabama Department of Corrections,North Alabama Community Based Facility,1401 Highway 20 West,Decatur,35601,2026-09-26,https://www.doc.alabama.gov/facilities/,,,,
Alabama,Alabama Department of Corrections,Red Eagle Community Based Facility,1290 Red Eagle Road,Montgomery,36110,2026-09-26,https://www.doc.alabama.gov/facilities/,,,,
Alabama,Alabama Department of Corrections,St. Clair Correctional Facility,1000 St. Clair Road,Springville,35146,2026-09-26,https://www.doc.alabama.gov/facilities/,,,,
Alabama,Alabama Department of Corrections,Staton Correctional Facility,2690 Marion Spillway Road,Elmore,36025,2026-09-26,https://www.doc.alabama.gov/facilities/,slated to close within a year of new Elmore/Escambia prisons opening; no date set,,,
Alabama,Alabama Department of Corrections,Tutwiler Women's Correctional Facility,8966 US Hwy 231 N,Wetumpka,36092,2026-09-26,https://www.doc.alabama.gov/facilities/,,,,
Alabama,Alabama Department of Corrections,Ventress Correctional Facility,Hwy 239 N,Clayton,36016,2026-09-26,https://www.doc.alabama.gov/facilities/,,,,
Alaska,Alaska Department of Corrections,Anchorage Correctional Complex,1400 E. 4th Ave.,Anchorage,99501,2026-09-26,https://doc.alaska.gov/institutions/docs/Family%20Handbook%20January%202026.pdf,address is East building; West building (Cook Inlet Pretrial) at 1300 E. 4th Ave.,,,
Alaska,Alaska Department of Corrections,Anvil Mountain Correctional Center,1810 Center Creek Rd.,Nome,99762,2026-09-26,https://doc.alaska.gov/institutions/docs/Family%20Handbook%20January%202026.pdf,,,,
Alaska,Alaska Department of Corrections,Fairbanks Correctional Center,1931 Eagan Avenue,Fairbanks,99701,2026-09-26,https://doc.alaska.gov/institutions/fairbanks-mail,,,,
Alaska,Alaska Department of Corrections,Goose Creek Correctional Center,22301 West Alsop Rd.,Wasilla,99623,2026-09-26,https://doc.alaska.gov/institutions/docs/Family%20Handbook%20January%202026.pdf,,,,
Alaska,Alaska Department of Corrections,Hiland Mountain Correctional Center,9101 Hesterberg Road,Eagle River,99577,2026-09-26,https://doc.alaska.gov/institutions/hiland-mountain-mail,,,,
Alaska,Alaska Department of Corrections,Ketchikan Correctional Center,1201 Schoenbar Rd.,Ketchikan,99901,2026-09-26,https://doc.alaska.gov/institutions/docs/Family%20Handbook%20January%202026.pdf,,,,
Alaska,Alaska Department of Corrections,Lemon Creek Correctional Center,2000 Lemon Creek Rd.,Juneau,99801,2026-09-26,https://doc.alaska.gov/institutions/docs/Family%20Handbook%20January%202026.pdf,,,,
Alaska,Alaska Department of Corrections,Mat-Su Pretrial Facility,339 E. Dogwood Ave.,Palmer,99645,2026-09-26,https://doc.alaska.gov/institutions/mat-su-mail,listed as Mat-Su Pretrial,,,
Alaska,Alaska Department of Corrections,Palmer Correctional Center,Mile 58 Old Glenn Highway,Palmer,99645,2026-09-26,https://doc.alaska.gov/institutions/visiting-palmer,reopened 2021 after 2016 closure,,,
Alaska,Alaska Department of Corrections,Point Mackenzie Correctional Farm,,Wasilla,,2026-09-26,https://doc.alaska.gov/institutions/docs/Family%20Handbook%20January%202026.pdf,"no street address published; mailing PO Box 877730, Wasilla AK 99687; HIFLD names it Pt. MacKenzie Correctional Farm; the DOC publishes only a PO box",10001236,,
Alaska,Alaska Department of Corrections,Spring Creek Correctional Center,3600 Bette Cato Avenue,Seward,99664,2026-09-26,https://doc.alaska.gov/institutions/spring-creek-mail,,,,
Alaska,Alaska Department of Corrections,Wildwood Correctional Center,10 Chugach Avenue,Kenai,99611,2026-09-26,https://doc.alaska.gov/institutions/wildwood-mail,complex also has Wildwood Pre-Trial Facility (5 Chugach Ave) and Wildwood Transitional Program (11 Chugach Ave),,,
Alaska,Alaska Department of Corrections,Yukon-Kuskokwim Correctional Center,1000 Chief Eddie Hoffman Hwy.,Bethel,99559,2026-09-26,https://doc.alaska.gov/institutions/docs/Family%20Handbook%20January%202026.pdf,,,,
Arizona,Arizona Department of Corrections,ASPC-Douglas,6911 N. BDI Blvd.,Douglas,85607,2026-09-27,https://corrections.az.gov/douglas,"units: Eggers, Gila, Mohave",,,
Arizona,Arizona Department of Corrections,ASPC-Eyman,4374 E. Butte Ave.,Florence,85132,2026-09-27,https://corrections.az.gov/eyman,"units: Browning, Cook, Meadows, Rynning, SMU-1, South",,,
Arizona,Arizona Department of Corrections,ASPC-Lewis,26700 S. Highway 85,Buckeye,85326,2026-09-27,https://corrections.az.gov/lewis-adcrr,"units: Bachman, Barchey, Buckley, Eagle Point, Morey, Rast, Stiner, Sunrise",,,
Arizona,Arizona Department of Corrections,ASPC-Perryville,2105 N Citrus Rd,Goodyear,85395,2026-09-27,https://corrections.az.gov/perryville,"women; units: Lumley, Santa Cruz, San Carlos, San Pedro, Santa Rosa/Piestewa",,,
Arizona,Arizona Department of Corrections,ASPC-Phoenix,2500 E. Van Buren St.,Phoenix,85008,2026-09-27,https://corrections.az.gov/phoenix,"units: Alhambra, Aspen, Baker",,,
Arizona,Arizona Department of Corrections,ASPC-Safford,896 S. Cook Rd.,Safford,85546,2026-09-27,https://corrections.az.gov/safford,units: Graham and Tonto at this address; Fort Grant and Globe units have their own rows,,,
Arizona,Arizona Department of Corrections,ASPC-Safford Fort Grant Unit,15500 S Fort Grant Rd,Fort Grant,85643,2026-09-27,https://corrections.az.gov/safford,unit of ASPC-Safford about 50 km southwest of the complex; address and point from HIFLD,10002249,,
Arizona,Arizona Department of Corrections,ASPC-Safford Globe Unit,1000 Fairgrounds Rd,Globe,85501,2026-09-27,https://corrections.az.gov/safford,"unit of ASPC-Safford in Globe, about 120 km northwest of the complex; address and point from HIFLD; the 2019 prison census counted it under ASPC-Florence",10000600,,
Arizona,Arizona Department of Corrections,ASPC-Tucson,10000 S. Wilmot Rd.,Tucson,85734,2026-09-27,https://corrections.az.gov/tucson,"units: Catalina, Cimarron, Manzanita, Rincon, Santa Rita, Whetstone, Winchester",,,
Arizona,Arizona Department of Corrections,ASPC-Winslow,2100 S. Highway 87,Winslow,86047,2026-09-27,https://corrections.az.gov/winslow,units: Coronado and Kaibab at this address; Apache unit has its own row,,,
Arizona,Arizona Department of Corrections,ASPC-Winslow Apache Unit,38322 US Hwy 180,St. Johns,85936,2026-09-27,https://corrections.az.gov/winslow,"unit of ASPC-Winslow near St. Johns, about 130 km east of the complex; address and point from HIFLD",10000598,,
Arizona,Arizona Department of Corrections,ASPC-Yuma,7125 E Cesar Chavez Blvd,San Luis,85349,2026-09-27,https://corrections.az.gov/yuma,"units: Cheyenne, Cibola, Cocopah, Dakota, La Paz",10000622,,
Arizona,Arizona Department of Corrections,Maricopa Reentry Center,24601 N. 29th Ave.,Phoenix,85027,2026-09-26,https://corrections.az.gov/maricopa-reentry-center-mrc,ADCRR community reentry center; not on ADCRR Prisons list; address from 211 Arizona,,,
Arizona,Arizona Department of Corrections,Pima Reentry Center,1275 W. Starr Pass Blvd.,Tucson,85713,2026-09-26,https://corrections.az.gov/pima-reentry-center-prc,ADCRR community reentry center; not on ADCRR Prisons list; address from 211 Arizona,,,
Arkansas,Arkansas Department of Corrections,Barbara Ester Unit,7500 Corrections Circle,Pine Bluff,71603,2026-09-26,https://doc.arkansas.gov/facilities/barbara-ester-unit/,Pine Bluff Complex; address is DOC mailing address,,,
Arkansas,Arkansas Department of Corrections,Benny Magness Unit,10 Prison Circle,Calico Rock,72519,2026-09-26,https://doc.arkansas.gov/facilities/benny-magness-unit/,formerly North Central Unit,,,
Arkansas,Arkansas Department of Corrections,Benton Unit,6701 Highway 67,Benton,72015,2026-09-26,https://doc.arkansas.gov/facilities/benton-unit/,,,,
Arkansas,Arkansas Department of Corrections,Central Arkansas Community Correction Center,4823 W 7th Street,Little Rock,72205,2026-09-26,https://doc.arkansas.gov/locations/central-arkansas-community-correction-center/,Division of Community Correction residential center,,,
Arkansas,Arkansas Department of Corrections,Cummins Unit,,Grady,,2026-09-26,https://doc.arkansas.gov/facilities/cummins-unit/,"DOC gives only directions (28 mi S of Pine Bluff off Hwy 65, Lincoln Co.); mailing P.O. Box 500, Grady AR 71644",,,
Arkansas,Arkansas Department of Corrections,Delta Regional Unit,880 East Gaines,Dermott,71638,2026-09-26,https://doc.arkansas.gov/facilities/delta-regional-unit/,,,,
Arkansas,Arkansas Department of Corrections,Dr. Mary L. Parker-Reed Women's Health Unit,4800 West 7th Street,Little Rock,72205,2026-09-26,https://doc.arkansas.gov/facilities/dr-mary-parker-reed-womens-health-unit/,opened 2025,,,
Arkansas,Arkansas Department of Corrections,East Arkansas Regional Unit,,Marianna,,2026-09-26,https://doc.arkansas.gov/facilities/east-arkansas-regional-unit/,"DOC gives only directions (about 17 mi SE of Forrest City, Lee Co., off Hwy 131); mailing P.O. Box 970, Marianna AR 72360",,,
Arkansas,Arkansas Department of Corrections,East Central Arkansas Community Correction Center,200 W Tyler Ave,West Memphis,72301,2026-09-26,https://doc.arkansas.gov/locations/east-central-arkansas-community-correction-center/,Division of Community Correction residential center,,,
Arkansas,Arkansas Department of Corrections,Grimes Unit,300 Corrections Drive,Newport,72112,2026-09-26,https://doc.arkansas.gov/facilities/grimes-unit/,,,,
Arkansas,Arkansas Department of Corrections,J. Aaron Hawkins Sr. Center,,Wrightsville,,2026-09-26,https://doc.arkansas.gov/facilities/j-aaron-hawkins-sr-center/,"DOC gives only directions (Highway 386, Wrightsville); mailing P.O. Box 1010, Wrightsville AR 72183",,,
Arkansas,Arkansas Department of Corrections,Larry B. Norris Unit,2501 State Farm Rd.,Tucker,72168,2026-09-26,https://doc.arkansas.gov/facilities/maximum-security-unit/,formerly Maximum Security Unit,,,
Arkansas,Arkansas Department of Corrections,McPherson Unit,302 Corrections Drive,Newport,72112,2026-09-26,https://doc.arkansas.gov/facilities/mcpherson-unit/,,,,
Arkansas,Arkansas Department of Corrections,Mississippi County Work Release Center,,Luxora,,2026-09-26,https://doc.arkansas.gov/facilities/mississippi-county-work-release-center/,"DOC gives only directions (1 mi W of Luxora off Meadow Road); mailing P.O. Box 10, Luxora AR 72358",,,
Arkansas,Arkansas Department of Corrections,Northeast Arkansas Community Correction Center,1351 Richard E Prewitt Drive,Osceola,72370,2026-09-26,https://doc.arkansas.gov/locations/northeast-arkansas-community-correction-center/,Division of Community Correction residential center,,,
Arkansas,Arkansas Department of Corrections,Northwest Arkansas Work Release Center,600 West Sunset Avenue,Springdale,72764,2026-09-26,https://doc.arkansas.gov/facilities/northwest-arkansas-work-release-center/,,,,
Arkansas,Arkansas Department of Corrections,Omega Supervision Sanction Center,104 Walco Lane,Malvern,72104,2026-09-26,https://doc.arkansas.gov/locations/omega-supervision-sanction-center/,residential center,,,
Arkansas,Arkansas Department of Corrections,Ouachita River Correctional Unit,100 Walco Lane,Malvern,72104,2026-09-26,https://doc.arkansas.gov/facilities/ouachita-river-unit/,,,,
Arkansas,Arkansas Department of Corrections,Phillips County Detention Center,1806 Martin Luther King Jr Drive,Helena,72342,2026-09-26,https://doc.arkansas.gov/facilities/phillips-county-detention-center/,DOC-operated supervision sanction center despite county name,,,
Arkansas,Arkansas Department of Corrections,Pine Bluff Unit,890 Free Line Drive,Pine Bluff,71603,2026-09-26,https://doc.arkansas.gov/facilities/pine-bluff-unit/,Pine Bluff Complex; address is DOC mailing address,,,
Arkansas,Arkansas Department of Corrections,Pine Bluff Work Release Center,6841 W. 13th Avenue,Pine Bluff,71602,2026-09-26,https://doc.arkansas.gov/facilities/pine-bluff-re-entry-center/,page slug says re-entry center,,,
Arkansas,Arkansas Department of Corrections,Randall L. Williams Correctional Facility,7206 West 7th Avenue,Pine Bluff,71603,2026-09-26,https://doc.arkansas.gov/facilities/randall-l-williams-correctional-facility/,,,,
Arkansas,Arkansas Department of Corrections,Southwest Arkansas Community Correction Center,506 Walnut St.,Texarkana,71854,2026-09-26,https://doc.arkansas.gov/locations/southwest-arkansas-community-correction-center/,Division of Community Correction residential center,,,
Arkansas,Arkansas Department of Corrections,Texarkana Regional Correctional Center,305 East 5th Street,Texarkana,71854,2026-09-26,https://doc.arkansas.gov/facilities/texarkana-regional-correction-center/,,,,
Arkansas,Arkansas Department of Corrections,Tucker Unit,,Tucker,,2026-09-26,https://doc.arkansas.gov/facilities/tucker-unit/,"DOC gives only directions (off State Farm Road, 25 mi NE of Pine Bluff); mailing P.O. Box 240, Tucker AR 72168",,,
Arkansas,Arkansas Department of Corrections,Tucker Work Release Center,100 Grimes Rd.,Tucker,72168,2026-09-26,https://doc.arkansas.gov/facilities/tucker-work-release-center/,"opened 2024 in the building HIFLD lists as Tucker Re-Entry for Women (100 Grimes Road, beside the Maximum Security Unit), whose record places it",10006527,,
Arkansas,Arkansas Department of Corrections,Varner/Varner Supermax Unit,,Grady,,2026-09-26,https://doc.arkansas.gov/facilities/varner-varner-supermax-unit/,"DOC gives only directions (28 mi S of Pine Bluff off Hwy 65, Lincoln Co.); mailing P.O. Box 600, Grady AR 71644; HIFLD names it Varner Unit; the DOC publishes only directions",10001910,,
Arkansas,Arkansas Department of Corrections,White River Correctional Center,105 County Yard Rd.,Batesville,72501,2026-09-26,https://doc.arkansas.gov/facilities/white-river-correctional-center/,opened 2024; also on Residential Centers list,,,
Arkansas,Arkansas Department of Corrections,Wrightsville Unit,,Wrightsville,,2026-09-26,https://doc.arkansas.gov/facilities/wrightsville-unit/,"DOC gives only directions (off Hwy 365, Pulaski Co.); mailing P.O. Box 1000, Wrightsville AR 72183",,,
Commonwealth of the Northern Mariana Islands,CNMI Department of Corrections,Manhoben Care Center (Juvenile Detention Unit),,Susupe,96950,2026-09-27,https://cnmileg.net/resources/files/Directory/2024%20CCR/DOC%202024%20CCR.pdf,"DOC's juvenile unit, moved on 2024-05-06 into its own building beside the adult facility (KUAM and Saipan Tribune, 2024-05-07); no map source names the building, so its point is read from satellite imagery and is good to about 100 m",,15.1583,145.7068
Commonwealth of the Northern Mariana Islands,CNMI Department of Corrections,Saipan Correctional Facility,,Susupe,96950,2026-09-27,https://cnmileg.net/resources/files/Directory/2024%20CCR/DOC%202024%20CCR.pdf,"the DOC's adult facility, in the Vicente Taman Seman Building on Tekken Street; the DOC has no staff on Rota or Tinian, whose holding cells the Department of Public Safety runs",10006284,,
Florida,Florida Department of Corrections,Apalachee Correctional Institution East Unit,35 Apalachee Drive,Sneads,32460-4166,2026-09-26,https://www.fdc.myflorida.com/institutions/institutions-list/102,,,,
Florida,Florida Department of Corrections,Apalachee Correctional Institution West Unit,52 West Unit Drive,Sneads,32460-4165,2026-09-26,https://www.fdc.myflorida.com/institutions/institutions-list/101,,,,
Florida,Florida Department of Corrections,Atlantic Community Release Center,263 Fairgrounds Road,West Palm Beach,33411-3639,2026-09-26,https://www.fdc.myflorida.com/about/facility-directory,female,,,
Florida,Florida Department of Corrections,Avon Park Correctional Institution,8100 Highway 64 East,Avon Park,33825,2026-09-26,https://www.fdc.myflorida.com/institutions/institutions-list/503,,,,
Florida,Florida Department of Corrections,Avon Park Work Camp,8100 Highway 64 East,Avon Park,33825,2026-09-26,https://www.fdc.myflorida.com/about/facility-directory,,,,
Florida,Florida Department of Corrections,Baker Re-Entry Center,17128 U.S. Highway 90 W,Sanderson,32087-2359,2026-09-26,https://www.fdc.myflorida.com/institutions/institutions-list/275,,,,
Florida,Florida Department of Corrections,Calhoun Correctional Institution,19562 SE Institution Drive,Blountstown,32424-5156,2026-09-26,https://www.fdc.myflorida.com/institutions/institutions-list/105,,,,
Florida,Florida Department of Corrections,Central Florida Reception Center,7000 H C Kelley Rd,Orlando,32831-2518,2026-09-26,https://www.fdc.myflorida.com/institutions/institutions-list/320,,,,
Florida,Florida Department of Corrections,Central Florida Reception Center East Unit,7000 H C Kelley Rd,Orlando,32831-2518,2026-09-26,https://www.fdc.myflorida.com/institutions/institutions-list/321,unit; same address as parent,,,
Florida,Florida Department of Corrections,Central Florida Reception Center South Unit,7000 H C Kelley Rd,Orlando,32831-2518,2026-09-26,https://www.fdc.myflorida.com/institutions/institutions-list/323,unit; same address as parent,,,
Florida,Florida Department of Corrections,Century Correctional Institution,400 Tedder Road,Century,32535-3659,2026-09-26,https://www.fdc.myflorida.com/institutions/institutions-list/106,,,,
Florida,Florida Department of Corrections,Century Work Camp,400 Tedder Road,Century,32535-3659,2026-09-26,https://www.fdc.myflorida.com/about/facility-directory,,,,
Florida,Florida Department of Corrections,Charlotte Correctional Institution,33123 Oil Well Road,Punta Gorda,33955-9701,2026-09-26,https://www.fdc.myflorida.com/institutions/institutions-list/510,,,,
Florida,Florida Department of Corrections,Columbia Correctional Institution,216 S.E. Corrections Way,Lake City,32025-2013,2026-09-26,https://www.fdc.myflorida.com/institutions/institutions-list/201,,,,
Florida,Florida Department of Corrections,Columbia Correctional Institution Annex,216 S.E. Corrections Way,Lake City,32025-2013,2026-09-26,https://www.fdc.myflorida.com/institutions/institutions-list/251,annex; same address as parent,,,
Florida,Florida Department of Corrections,Cross City Correctional Institution,568 N.E. 255th Street,Cross City,32628,2026-09-26,https://www.fdc.myflorida.com/institutions/institutions-list/211,,,,
Florida,Florida Department of Corrections,Cross City East Unit,568 N.E. 255th Street,Cross City,32628,2026-09-26,https://www.fdc.myflorida.com/institutions/institutions-list/269,unit of Cross City CI; same address as parent,,,
Florida,Florida Department of Corrections,Cross City Work Camp,568 N.E. 255th Street,Cross City,32628,2026-09-26,https://www.fdc.myflorida.com/about/facility-directory,,,,
Florida,Florida Department of Corrections,Dade Correctional Institution,19000 S.W. 377th Street,Florida City,33034-6409,2026-09-26,https://www.fdc.myflorida.com/institutions/institutions-list/463,,,,
Florida,Florida Department of Corrections,DeSoto Annex,13617 S.E. Highway 70,Arcadia,34266-7800,2026-09-26,https://www.fdc.myflorida.com/institutions/institutions-list/564,,,,
Florida,Florida Department of Corrections,DeSoto Work Camp,13617 SE Highway 70,Arcadia,34266,2026-09-26,https://www.fdc.myflorida.com/about/facility-directory,,,,
Florida,Florida Department of Corrections,Everglades Correctional Institution,1599 S.W. 187th Avenue,Miami,33194,2026-09-26,https://www.fdc.myflorida.com/institutions/institutions-list/401,,,,
Florida,Florida Department of Corrections,Everglades Re-Entry Center,1601 SW 187th Avenue,Miami,33194,2026-09-26,https://www.fdc.myflorida.com/institutions/institutions-list/441,facility page address; directory gives 1599 S.W. 187th Avenue,,,
Florida,Florida Department of Corrections,Florida State Prison,23916 NW 83rd Ave,Raiford,32083,2026-09-26,https://www.fdc.myflorida.com/institutions/institutions-list/205,,,,
Florida,Florida Department of Corrections,Florida State Prison West Unit,23916 NW 83rd Ave,Raiford,32026,2026-09-26,https://www.fdc.myflorida.com/institutions/institutions-list/206,unit of Florida State Prison; same street address as parent,,,
Florida,Florida Department of Corrections,Florida Women's Reception Center,3700 NW 111th Place,Ocala,34482-1479,2026-09-26,https://www.fdc.myflorida.com/institutions/institutions-list/368,,,,
Florida,Florida Department of Corrections,Fort Pierce Community Release Center,1203 Bell Avenue,Fort Pierce,34982-6544,2026-09-26,https://www.fdc.myflorida.com/about/facility-directory,"uncertain operator: directory does not mark it contract, but Martin CI page lists it as ""TTF-Ft. Pierce CRC""",,,
Florida,Florida Department of Corrections,Franklin Correctional Institution,1760 Highway 67 North,Carrabelle,32322,2026-09-26,https://www.fdc.myflorida.com/institutions/institutions-list/113,,,,
Florida,Florida Department of Corrections,Ft. Myers Work Camp,2575 Ortiz Avenue,Fort Myers,33994-1107,2026-09-26,https://www.fdc.myflorida.com/about/facility-directory,,,,
Florida,Florida Department of Corrections,Gadsden Re-Entry Center,630 Opportunity Lane,Havana,32333,2026-09-26,https://www.fdc.myflorida.com/institutions/institutions-list/144,,,,
Florida,Florida Department of Corrections,Gainesville Work Camp,700 NE 55th Blvd.,Gainesville,32641-6067,2026-09-26,https://www.fdc.myflorida.com/about/facility-directory,satellite of Lawtey CI,,,
Florida,Florida Department of Corrections,Graceville Work Camp,5230 Ezell Road,Graceville,32440-4289,2026-09-26,https://www.fdc.myflorida.com/about/facility-directory,FDC-run satellite of Jackson CI (not the GEO-run Graceville CF),,,
Florida,Florida Department of Corrections,Gulf Correctional Institution,500 Ike Steele Road,Wewahitchka,32465-0010,2026-09-26,https://www.fdc.myflorida.com/institutions/institutions-list/109,,,,
Florida,Florida Department of Corrections,Gulf Correctional Institution Annex,699 Ike Steele Road,Wewahitchka,32465-0010,2026-09-26,https://www.fdc.myflorida.com/institutions/institutions-list/150,,,,
Florida,Florida Department of Corrections,Hamilton Correctional Institution,10650 S.W. 46th Street,Jasper,32052-1360,2026-09-26,https://www.fdc.myflorida.com/institutions/institutions-list/215,,,,
Florida,Florida Department of Corrections,Hamilton Correctional Institution Annex,10650 S.W. 46th Street,Jasper,32052-1360,2026-09-26,https://www.fdc.myflorida.com/institutions/institutions-list/250,annex; same address as parent,,,
Florida,Florida Department of Corrections,Hardee Correctional Institution,6901 State Road 62,Bowling Green,33834-9505,2026-09-26,https://www.fdc.myflorida.com/institutions/institutions-list/501,,,,
Florida,Florida Department of Corrections,Hardee Work Camp,6899 State Road 62,Bowling Green,33834-9505,2026-09-26,https://www.fdc.myflorida.com/about/facility-directory,,,,
Florida,Florida Department of Corrections,Hernando Correctional Institution,16415 Spring Hill Drive,Brooksville,34604,2026-09-26,https://www.fdc.myflorida.com/institutions/institutions-list/336,,,,
Florida,Florida Department of Corrections,Hollywood Community Release Center,8501 W. Cypress Drive,Pembroke Pines,33025-4542,2026-09-26,https://www.fdc.myflorida.com/about/facility-directory,female,,,
Florida,Florida Department of Corrections,Holmes Correctional Institution,3142 Thomas Drive,Bonifay,32425-0190,2026-09-26,https://www.fdc.myflorida.com/institutions/institutions-list/107,,,,
Florida,Florida Department of Corrections,Holmes Work Camp,3182 Thomas Drive,Bonifay,32425-4238,2026-09-26,https://www.fdc.myflorida.com/about/facility-directory,,,,
Florida,Florida Department of Corrections,Homestead Correctional Institution,19000 S.W. 377th Street,Florida City,33034-6409,2026-09-26,https://www.fdc.myflorida.com/institutions/institutions-list/419,,,,
Florida,Florida Department of Corrections,Jackson Correctional Institution,5563 10th Street,Malone,32445-3144,2026-09-26,https://www.fdc.myflorida.com/institutions/institutions-list/104,,,,
Florida,Florida Department of Corrections,Jackson Work Camp,5607 10th Street,Malone,32445-9998,2026-09-26,https://www.fdc.myflorida.com/about/facility-directory,,,,
Florida,Florida Department of Corrections,Jefferson Correctional Institution,1050 Big Joe Road,Monticello,32344-0430,2026-09-26,https://www.fdc.myflorida.com/institutions/institutions-list/103,,,,
Florida,Florida Department of Corrections,Kissimmee Community Release Center,2925 Michigan Avenue,Kissimmee,34744-1200,2026-09-26,https://www.fdc.myflorida.com/about/facility-directory,,,,
Florida,Florida Department of Corrections,Lake Correctional Institution,19225 U.S. Highway 27,Clermont,34715-9025,2026-09-26,https://www.fdc.myflorida.com/institutions/institutions-list/312,,,,
Florida,Florida Department of Corrections,Lancaster Correctional Institution,3449 S.W. State Road 26,Trenton,32693-5641,2026-09-26,https://www.fdc.myflorida.com/institutions/institutions-list/281,,,,
Florida,Florida Department of Corrections,Lancaster Work Camp,3449 SW SR 26,Trenton,32693-5641,2026-09-26,https://www.fdc.myflorida.com/about/facility-directory,,,,
Florida,Florida Department of Corrections,Largo Road Prison,5201 Ulmerton Road,Clearwater,33760-4006,2026-09-26,https://www.fdc.myflorida.com/about/facility-directory,,,,
Florida,Florida Department of Corrections,Lawtey Correctional Institution,22298 NE County Road 200B,Lawtey,32058,2026-09-26,https://www.fdc.myflorida.com/institutions/institutions-list/255,,,,
Florida,Florida Department of Corrections,Liberty Correctional Institution,11064 N.W. Dempsey Barron Road,Bristol,32321-9711,2026-09-26,https://www.fdc.myflorida.com/institutions/institutions-list/120,,,,
Florida,Florida Department of Corrections,Liberty Work Camp - South Unit,11064 NW Dempsey Barron Road,Bristol,32321-0711,2026-09-26,https://www.fdc.myflorida.com/about/facility-directory,,,,
Florida,Florida Department of Corrections,Lowell Annex,11120 NW Gainesville Rd,Ocala,34482-1479,2026-09-26,https://www.fdc.myflorida.com/institutions/institutions-list/367,annex of Lowell CI; same address as parent,,,
Florida,Florida Department of Corrections,Lowell Correctional Institution,11120 NW Gainesville Rd,Ocala,34482-1479,2026-09-26,https://www.fdc.myflorida.com/institutions/institutions-list/314,,,,
Florida,Florida Department of Corrections,Lowell Work Camp,11120 NW Gainesville Road,Ocala,34482,2026-09-26,https://www.fdc.myflorida.com/about/facility-directory,,,,
Florida,Florida Department of Corrections,Loxahatchee Road Prison,230 Sunshine Road,West Palm Beach,33411-3616,2026-09-26,https://www.fdc.myflorida.com/about/facility-directory,,,,
Florida,Florida Department of Corrections,Madison Correctional Institution,382 Southwest MCI Way,Madison,32340-4430,2026-09-26,https://www.fdc.myflorida.com/institutions/institutions-list/216,,,,
Florida,Florida Department of Corrections,Madison Work Camp,382 SW MCI Way,Madison,32340-4430,2026-09-26,https://www.fdc.myflorida.com/about/facility-directory,,,,
Florida,Florida Department of Corrections,Marion Correctional Institution,3269 NW 105th Street,Ocala,34475,2026-09-26,https://www.fdc.myflorida.com/institutions/institutions-list/304,,,,
Florida,Florida Department of Corrections,Marion Work Camp,,Lowell,,2026-09-26,https://www.fdc.myflorida.com/about/facility-directory,"FDC directory gives only mailing address P.O. Box 158, Lowell, FL 32663-0158",,,
Florida,Florida Department of Corrections,Martin Correctional Institution,1150 S.W. Allapattah Road,Indiantown,34956-4397,2026-09-26,https://www.fdc.myflorida.com/institutions/institutions-list/430,,,,
Florida,Florida Department of Corrections,Martin Work Camp,100 SW Allapattah Road,Indiantown,34956-4310,2026-09-26,https://www.fdc.myflorida.com/about/facility-directory,,,,
Florida,Florida Department of Corrections,Mayo Correctional Institution Annex,8784 US Highway 27 West,Mayo,32066-3458,2026-09-26,https://www.fdc.myflorida.com/institutions/institutions-list/212,FDC lists only the annex as a facility page; directory heads it Mayo Correctional Institution,,,
Florida,Florida Department of Corrections,Northwest Florida Reception Center,4455 Sam Mitchell Drive,Chipley,32428-3597,2026-09-26,https://www.fdc.myflorida.com/institutions/institutions-list/110,,,,
Florida,Florida Department of Corrections,Northwest Florida Reception Center Annex,4455 Sam Mitchell Drive,Chipley,32428-3597,2026-09-26,https://www.fdc.myflorida.com/institutions/institutions-list/125,annex; same address as parent,,,
Florida,Florida Department of Corrections,Okaloosa Correctional Institution,3189 Colonel Greg Malloy Road,Crestview,32539-6708,2026-09-26,https://www.fdc.myflorida.com/institutions/institutions-list/115,,,,
Florida,Florida Department of Corrections,Okaloosa Work Camp,3189 Colonel Greg Malloy Road,Crestview,32539-6708,2026-09-26,https://www.fdc.myflorida.com/about/facility-directory,,,,
Florida,Florida Department of Corrections,Okeechobee Correctional Institution,3420 N.E. 168th Street,Okeechobee,34972-4824,2026-09-26,https://www.fdc.myflorida.com/institutions/institutions-list/404,,,,
Florida,Florida Department of Corrections,Okeechobee Work Camp,4099 N.E. 168th Street,Okeechobee,34972-4824,2026-09-26,https://www.fdc.myflorida.com/about/facility-directory,,,,
Florida,Florida Department of Corrections,Opa Locka Community Release Center,5400 Northwest 135th Street,Opa Locka,33054-4310,2026-09-26,https://www.fdc.myflorida.com/about/facility-directory,,,,
Florida,Florida Department of Corrections,Orlando Community Release Center,7300 Laurel Hill Road,Orlando,32818-5278,2026-09-26,https://www.fdc.myflorida.com/about/facility-directory,female,,,
Florida,Florida Department of Corrections,Pensacola Community Release Center,3050 North L. Street,Pensacola,32501-1010,2026-09-26,https://www.fdc.myflorida.com/about/facility-directory,,,,
Florida,Florida Department of Corrections,Polk Correctional Institution,10800 Evans Road,Polk City,33868-6925,2026-09-26,https://www.fdc.myflorida.com/institutions/institutions-list/580,,,,
Florida,Florida Department of Corrections,Polk Work Camp,10800 Evans Road,Polk City,33868-6925,2026-09-26,https://www.fdc.myflorida.com/about/facility-directory,,,,
Florida,Florida Department of Corrections,Putnam Correctional Institution,128 Yelvington Road,East Palatka,32131-2100,2026-09-26,https://www.fdc.myflorida.com/institutions/institutions-list/214,,,,
Florida,Florida Department of Corrections,Quincy Annex,2225 Pat Thomas Parkway,Quincy,32351,2026-09-26,https://www.fdc.myflorida.com/institutions/institutions-list/139,annex of Liberty CI,,,
Florida,Florida Department of Corrections,Reception and Medical Center,7765 S CR 231,Lake Butler,32054-0628,2026-09-26,https://www.fdc.myflorida.com/institutions/institutions-list/209,,,,
Florida,Florida Department of Corrections,Reception and Medical Center West Unit,8183 SW 152nd Loop,Lake Butler,32054-0628,2026-09-26,https://www.fdc.myflorida.com/institutions/institutions-list/208,address from FDC facility directory; facility page gives parent address 7765 S CR 231,,,
Florida,Florida Department of Corrections,Reception and Medical Center Work Camp,,Lake Butler,,2026-09-26,https://www.fdc.myflorida.com/about/facility-directory,"FDC directory gives only mailing address P.O. Box 628, Lake Butler, FL 32054; no HIFLD record of its own; placed on the Reception and Medical Center it serves",10000418,,
Florida,Florida Department of Corrections,Sago Palm Re-Entry Center,500 Bay Bottom Road,Pahokee,33476,2026-09-26,https://www.fdc.myflorida.com/institutions/institutions-list/464,,,,
Florida,Florida Department of Corrections,Santa Rosa Correctional Institution,5850 East Milton Road,Milton,32583-7914,2026-09-26,https://www.fdc.myflorida.com/institutions/institutions-list/119,,,,
Florida,Florida Department of Corrections,Santa Rosa Correctional Institution Annex,5850 East Milton Road,Milton,32583-7914,2026-09-26,https://www.fdc.myflorida.com/institutions/institutions-list/135,annex; same address as parent,,,
Florida,Florida Department of Corrections,Santa Rosa Work Camp,5850 East Milton Road,Milton,32583,2026-09-26,https://www.fdc.myflorida.com/about/facility-directory,,,,
Florida,Florida Department of Corrections,South Florida Reception Center,14000 NW 41st Street,Doral,33178-3003,2026-09-26,https://www.fdc.myflorida.com/institutions/institutions-list/402,,,,
Florida,Florida Department of Corrections,South Florida Reception Center South Unit,13910 NW 41st Street,Doral,33178-3014,2026-09-26,https://www.fdc.myflorida.com/institutions/institutions-list/403,,,,
Florida,Florida Department of Corrections,St. Petersburg Community Release Center,4237 8th Avenue South,St. Petersburg,33711-2000,2026-09-26,https://www.fdc.myflorida.com/about/facility-directory,,,,
Florida,Florida Department of Corrections,Sumter Basic Training Unit,9544 County Road 476B,Bushnell,33513-0667,2026-09-26,https://www.fdc.myflorida.com/about/facility-directory,,,,
Florida,Florida Department of Corrections,Sumter Correctional Institution,9544 County Road 476B,Bushnell,33513-0667,2026-09-26,https://www.fdc.myflorida.com/institutions/institutions-list/307,,,,
Florida,Florida Department of Corrections,Sumter Work Camp,9858 County Road 476B,Bushnell,33513-0667,2026-09-26,https://www.fdc.myflorida.com/about/facility-directory,,,,
Florida,Florida Department of Corrections,Suwannee Correctional Institution,5964 U.S. Highway 90,Live Oak,32060,2026-09-26,https://www.fdc.myflorida.com/institutions/institutions-list/230,,,,
Florida,Florida Department of Corrections,Suwannee Correctional Institution Annex,5964 U.S. Highway 90,Live Oak,32060,2026-09-26,https://www.fdc.myflorida.com/institutions/institutions-list/231,annex; same address as parent,,,
Florida,Florida Department of Corrections,Tallahassee Community Release Center,2616A Springhill Road,Tallahassee,32305-6739,2026-09-26,https://www.fdc.myflorida.com/about/facility-directory,,,,
Florida,Florida Department of Corrections,Taylor Correctional Institution,8501 Hampton Springs Road,Perry,32348-8747,2026-09-26,https://www.fdc.myflorida.com/institutions/institutions-list/218,,,,
Florida,Florida Department of Corrections,Taylor Correctional Institution Annex,8501 Hampton Springs Road,Perry,32348,2026-09-26,https://www.fdc.myflorida.com/institutions/institutions-list/224,annex; same address as parent,,,
Florida,Florida Department of Corrections,Tomoka Correctional Institution,3950 Tiger Bay Road,Daytona Beach,32124-1098,2026-09-26,https://www.fdc.myflorida.com/institutions/institutions-list/282,,,,
Florida,Florida Department of Corrections,Tomoka Work Camp,3950 Tiger Bay Road,Daytona Beach,32124-1098,2026-09-26,https://www.fdc.myflorida.com/about/facility-directory,,,,
Florida,Florida Department of Corrections,Union Correctional Institution,25636 NE SR-16,Raiford,32083,2026-09-26,https://www.fdc.myflorida.com/institutions/institutions-list/213,,,,
Florida,Florida Department of Corrections,Union Work Camp,,Raiford,,2026-09-26,https://www.fdc.myflorida.com/about/facility-directory,"formerly New River Work Camp (Union CI page); FDC directory gives only mailing address P.O. Box 900, Raiford, FL 32083; formerly New River Work Camp, HIFLD's New River Correctional Work Camp",10006208,,
Florida,Florida Department of Corrections,Wakulla Correctional Institution,110 Melaleuca Drive,Crawfordville,32327-4963,2026-09-26,https://www.fdc.myflorida.com/institutions/institutions-list/118,,,,
Florida,Florida Department of Corrections,Wakulla Correctional Institution Annex,110 Melaleuca Drive,Crawfordville,32327-4963,2026-09-26,https://www.fdc.myflorida.com/institutions/institutions-list/122,annex; same address as parent,,,
Florida,Florida Department of Corrections,Walton Correctional Institution,691 Institution Road,DeFuniak Springs,32433-1831,2026-09-26,https://www.fdc.myflorida.com/institutions/institutions-list/108,,,,
Florida,Florida Department of Corrections,Walton Work Camp,301 Institution Road,DeFuniak Springs,32433,2026-09-26,https://www.fdc.myflorida.com/about/facility-directory,,,,
Florida,Florida Department of Corrections,West Palm Beach Community Release Center,261 West Fairgrounds Road,West Palm Beach,33411-3639,2026-09-26,https://www.fdc.myflorida.com/about/facility-directory,,,,
Florida,Florida Department of Corrections,Zephyrhills Correctional Institution,2739 Gall Boulevard,Zephyrhills,33541,2026-09-26,https://www.fdc.myflorida.com/institutions/institutions-list/573,,,,
Georgia,Georgia Department of Corrections,Appling Integrated Treatment Facility,252 West Park Drive,Baxley,31513,2026-09-26,https://gdc.georgia.gov/document/document/facility-directory-list/download,,,,
Georgia,Georgia Department of Corrections,Arrendale Probation Substance Abuse Treatment Center,2023 Gainesville Highway S,Alto,30510-0709,2026-09-26,https://gdc.georgia.gov/document/document/facility-directory-list/download,same site as Arrendale State Prison,,,
Georgia,Georgia Department of Corrections,Arrendale State Prison,2023 Gainesville Highway,Alto,30510,2026-09-26,https://gdc.georgia.gov/document/document/facility-directory-list/download,Lee Arrendale State Prison,,,
Georgia,Georgia Department of Corrections,Arrendale Transitional Center,2023 Gainesville Hwy S,Alto,30510,2026-09-26,https://gdc.georgia.gov/document/document/facility-directory-list/download,Lee Arrendale TC; same site as Arrendale State Prison,,,
Georgia,Georgia Department of Corrections,Atlanta Transitional Center,332 Ponce de Leon Ave. NE,Atlanta,30308,2026-09-26,https://gdc.georgia.gov/document/document/facility-directory-list/download,,,,
Georgia,Georgia Department of Corrections,Augusta State Medical Prison,3001 Gordon Hwy,Grovetown,30813,2026-09-26,https://gdc.georgia.gov/document/document/facility-directory-list/download,,,,
Georgia,Georgia Department of Corrections,Augusta Transitional Center,601 Taylor Street,Augusta,30901,2026-09-26,https://gdc.georgia.gov/document/document/facility-directory-list/download,,,,
Georgia,Georgia Department of Corrections,Autry State Prison,3178 Mount Zion Church Rd,Pelham,31779,2026-09-26,https://gdc.georgia.gov/document/document/facility-directory-list/download,,,,
Georgia,Georgia Department of Corrections,Bacon Transitional Center,165 E. Eastside Industrial Blvd,Alma,31510,2026-09-26,https://gdc.georgia.gov/document/document/facility-directory-list/download,,,,
Georgia,Georgia Department of Corrections,Bainbridge Probation Substance Abuse Treatment Center,235 State Hospital Road,Bainbridge,39817,2026-09-26,https://gdc.georgia.gov/document/document/facility-directory-list/download,,,,
Georgia,Georgia Department of Corrections,Baldwin State Prison,140 Laying Farm Road,Hardwick,31034,2026-09-26,https://gdc.georgia.gov/document/document/facility-directory-list/download,,,,
Georgia,Georgia Department of Corrections,Bleckley Probation Substance Abuse Treatment Center,179 Jac Arts Road,Cochran,31014,2026-09-26,https://gdc.georgia.gov/document/document/facility-directory-list/download,,,,
Georgia,Georgia Department of Corrections,Burruss Correctional Training Center,1000 Indian Springs Drive,Forsyth,31029,2026-09-26,https://gdc.georgia.gov/document/document/facility-directory-list/download,Al Burruss CTC; includes Burruss Probation Boot Camp; GPSTC complex,,,
Georgia,Georgia Department of Corrections,Calhoun State Prison,27823 Main Street,Morgan,39866,2026-09-26,https://gdc.georgia.gov/document/document/facility-directory-list/download,,,,
Georgia,Georgia Department of Corrections,Central State Prison,4600 Fulton Mill Road,Macon,31208,2026-09-26,https://gdc.georgia.gov/document/document/facility-directory-list/download,,,,
Georgia,Georgia Department of Corrections,Charles D. Hudson Transitional Center,100 Jim Hester Road,LaGrange,30241,2026-09-26,https://gdc.georgia.gov/document/document/facility-directory-list/download,,,,
Georgia,Georgia Department of Corrections,Clayton Transitional Center,242 Falcon Drive,Forest Park,30297,2026-09-26,https://gdc.georgia.gov/document/document/facility-directory-list/download,"mailing address P.O. Box 16158, Atlanta",,,
Georgia,Georgia Department of Corrections,Coastal State Prison,200 Gulfstream Road,Port Wentworth,31408,2026-09-26,https://gdc.georgia.gov/document/document/facility-directory-list/download,"mailing address P.O. Box 7150, Garden City",,,
Georgia,Georgia Department of Corrections,Columbus Transitional Center,3900 Schatulga Road,Columbus,31907,2026-09-26,https://gdc.georgia.gov/document/document/facility-directory-list/download,,,,
Georgia,Georgia Department of Corrections,Colwell Probation Detention Center,189 Beasley Street,Blairsville,30512,2026-09-26,https://gdc.georgia.gov/document/document/facility-directory-list/download,,,,
Georgia,Georgia Department of Corrections,Dodge State Prison,2971 Old Bethel Road,Chester,31012-0276,2026-09-26,https://gdc.georgia.gov/document/document/facility-directory-list/download,,,,
Georgia,Georgia Department of Corrections,Dooly State Prison,1412 Plunkett Road,Unadilla,31091,2026-09-26,https://gdc.georgia.gov/document/document/facility-directory-list/download,,,,
Georgia,Georgia Department of Corrections,Emanuel Probation Detention Center,121 Casa Dr,Twin City,30471,2026-09-26,https://gdc.georgia.gov/document/document/facility-directory-list/download,,,,
Georgia,Georgia Department of Corrections,Emanuel Women's Facility,714 Gumlog Road,Swainsboro,30401,2026-09-26,https://gdc.georgia.gov/document/document/facility-directory-list/download,,,,
Georgia,Georgia Department of Corrections,Georgia Diagnostic and Classification State Prison,2978 Hwy 36 West,Jackson,30233,2026-09-26,https://gdc.georgia.gov/document/document/facility-directory-list/download,,,,
Georgia,Georgia Department of Corrections,Hancock State Prison,701 Prison Boulevard,Sparta,31087,2026-09-26,https://gdc.georgia.gov/document/document/facility-directory-list/download,,,,
Georgia,Georgia Department of Corrections,Hays State Prison,777 Underwood Road,Trion,30753,2026-09-26,https://gdc.georgia.gov/document/document/facility-directory-list/download,Forest Hays Jr. State Prison,,,
Georgia,Georgia Department of Corrections,Helms Facility,1275 Constitution Road SE,Atlanta,30316,2026-09-26,https://gdc.georgia.gov/document/document/facility-directory-list/download,medical holding facility; host is Metro Reentry Facility,,,
Georgia,Georgia Department of Corrections,Johnson State Prison,290 Donovan-Harrison Rd,Wrightsville,31096,2026-09-26,https://gdc.georgia.gov/document/document/facility-directory-list/download,,,,
Georgia,Georgia Department of Corrections,Lee State Prison,153 Pinewood Drive,Leesburg,31763,2026-09-26,https://gdc.georgia.gov/document/document/facility-directory-list/download,,,,
Georgia,Georgia Department of Corrections,Long Unit,1434 US Hwy 84 East,Ludowici,31316,2026-09-26,https://gdc.georgia.gov/document/document/facility-directory-list/download,unit hosted by Smith State Prison,,,
Georgia,Georgia Department of Corrections,Macon State Prison,2728 Hwy 49 South,Oglethorpe,31068,2026-09-26,https://gdc.georgia.gov/document/document/facility-directory-list/download,,,,
Georgia,Georgia Department of Corrections,Macon Transitional Center,200 Henry Street,Macon,31206,2026-09-26,https://gdc.georgia.gov/document/document/facility-directory-list/download,,,,
Georgia,Georgia Department of Corrections,McEver Probation Detention Center,2100 Kings Chapel Road,Perry,31069,2026-09-26,https://gdc.georgia.gov/document/document/facility-directory-list/download,,,,
Georgia,Georgia Department of Corrections,McRae Women's Facility,112 Jim Hammock Drive,McRae-Helena,31055,2026-09-26,https://gdc.georgia.gov/document/document/facility-directory-list/download,,,,
Georgia,Georgia Department of Corrections,Metro Reentry Facility,1301 Constitution Road SE,Atlanta,30316,2026-09-26,https://gdc.georgia.gov/document/document/facility-directory-list/download,,,,
Georgia,Georgia Department of Corrections,Metro Reinvestment Center,1301 Constitution Road,Atlanta,30316,2026-09-26,https://gdc.georgia.gov/document/document/facility-directory-list/download,listed under transitional centers,,,
Georgia,Georgia Department of Corrections,Metro Transitional Center,1303 Constitution Road,Atlanta,30316,2026-09-26,https://gdc.georgia.gov/document/document/facility-directory-list/download,,,,
Georgia,Georgia Department of Corrections,Montgomery State Prison,650 Mount Vernon Alston Road,Mount Vernon,30445,2026-09-26,https://gdc.georgia.gov/document/document/facility-directory-list/download,,,,
Georgia,Georgia Department of Corrections,Northwest Residential Substance Abuse Treatment Center,97 Kevin Lane,Rock Spring,30739,2026-09-26,https://gdc.georgia.gov/document/document/facility-directory-list/download,same address as Walker State Prison,,,
Georgia,Georgia Department of Corrections,Patten Probation Detention Center,27 South 10th Street,Lakeland,31635,2026-09-26,https://gdc.georgia.gov/document/document/facility-directory-list/download,,,,
Georgia,Georgia Department of Corrections,Paulding Probation Detention Center,1295 Industrial Blvd N,Dallas,30132,2026-09-26,https://gdc.georgia.gov/document/document/facility-directory-list/download,,,,
Georgia,Georgia Department of Corrections,Phillips State Prison,2989 West Rock Quarry Road,Buford,30519,2026-09-26,https://gdc.georgia.gov/document/document/facility-directory-list/download,Clyde N. Phillips State Prison,,,
Georgia,Georgia Department of Corrections,Phillips Transitional Center,2989 West Rock Quarry Rd,Buford,30519,2026-09-26,https://gdc.georgia.gov/document/document/facility-directory-list/download,same site as Phillips State Prison,,,
Georgia,Georgia Department of Corrections,Pulaski State Prison,373 Upper River Road,Hawkinsville,31036,2026-09-26,https://gdc.georgia.gov/document/document/facility-directory-list/download,,,,
Georgia,Georgia Department of Corrections,Rogers State Prison,1978 GA Hwy 147,Reidsville,30453,2026-09-26,https://gdc.georgia.gov/document/document/facility-directory-list/download,Richard Rogers State Prison,,,
Georgia,Georgia Department of Corrections,Rutledge State Prison,7175 Manor Road,Columbus,31907,2026-09-26,https://gdc.georgia.gov/document/document/facility-directory-list/download,Jack T. Rutledge State Prison,,,
Georgia,Georgia Department of Corrections,Smith State Prison,9676 Hwy 301 North,Glennville,30427,2026-09-26,https://gdc.georgia.gov/document/document/facility-directory-list/download,Donald B. Smith State Prison,,,
Georgia,Georgia Department of Corrections,Smith Transitional Center,8631 US Highway 301,Claxton,30417,2026-09-26,https://gdc.georgia.gov/document/document/facility-directory-list/download,,,,
Georgia,Georgia Department of Corrections,Special Management Unit,2978 Hwy 36 West,Jackson,30233,2026-09-26,https://gdc.georgia.gov/document/document/facility-directory-list/download,same address as Georgia Diagnostic and Classification State Prison,,,
Georgia,Georgia Department of Corrections,Telfair State Prison,170 Longbridge Road,Helena,31037,2026-09-26,https://gdc.georgia.gov/document/document/facility-directory-list/download,,,,
Georgia,Georgia Department of Corrections,Treutlen Probation Detention Center,401 Cascade Circle,Soperton,30457,2026-09-26,https://gdc.georgia.gov/document/document/facility-directory-list/download,,,,
Georgia,Georgia Department of Corrections,Turner Residential Substance Abuse Treatment Center,514 South Railroad Avenue,Sycamore,31790,2026-09-26,https://gdc.georgia.gov/document/document/facility-directory-list/download,treatment program delivered with Spectrum Health Systems; GDC-operated,,,
Georgia,Georgia Department of Corrections,Valdosta State Prison,3259 Val Tech Road,Valdosta,31603,2026-09-26,https://gdc.georgia.gov/document/document/facility-directory-list/download,"directory entry ""Valdosta State Prison & Valdosta Annex""",,,
Georgia,Georgia Department of Corrections,Valdosta Transitional Center,363 Gil Harbin Blvd.,Valdosta,31601,2026-09-26,https://gdc.georgia.gov/document/document/facility-directory-list/download,,,,
Georgia,Georgia Department of Corrections,Walker State Prison,97 Kevin Lane,Rock Spring,30739,2026-09-26,https://gdc.georgia.gov/document/document/facility-directory-list/download,,,,
Georgia,Georgia Department of Corrections,Ware State Prison,3620 North Harris Road,Waycross,31503,2026-09-26,https://gdc.georgia.gov/document/document/facility-directory-list/download,,,,
Georgia,Georgia Department of Corrections,Washington State Prison,13262 Hwy 24 East,Davisboro,31018,2026-09-26,https://gdc.georgia.gov/document/document/facility-directory-list/download,,,,
Georgia,Georgia Department of Corrections,West Central Integrated Treatment Facility,1070 County Farm Road,Zebulon,30295,2026-09-26,https://gdc.georgia.gov/document/document/facility-directory-list/download,,,,
Georgia,Georgia Department of Corrections,Whitworth Women's Facility,414 Valley Hart Road,Hartwell,30643,2026-09-26,https://gdc.georgia.gov/document/document/facility-directory-list/download,,,,
Georgia,Georgia Department of Corrections,Wilcox State Prison,470 South Broad Street,Abbeville,31001,2026-09-26,https://gdc.georgia.gov/document/document/facility-directory-list/download,,,,
Georgia,Georgia Department of Corrections,Women's Probation Detention Center,8662 U.S. Hwy 301 North,Claxton,30417,2026-09-26,https://gdc.georgia.gov/document/document/facility-directory-list/download,,,,
Idaho,Idaho Department of Correction,East Boise Community Reentry Center,2366 Old Penitentiary Road,Boise,83712,2026-09-26,https://www.idoc.idaho.gov/content/locations/community-reentry-centers,female,,,
Idaho,Idaho Department of Correction,Idaho Correctional Institution - Orofino,381 West Hospital Drive,Orofino,83544,2026-09-26,https://www.idoc.idaho.gov/content/locations/prisons,,,,
Idaho,Idaho Department of Correction,Idaho Falls Community Reentry Center,3955 Bombardier Ave.,Idaho Falls,83402,2026-09-26,https://www.idoc.idaho.gov/content/locations/community-reentry-centers,,,,
Idaho,Idaho Department of Correction,Idaho Maximum Security Institution,13400 S. Pleasant Valley Rd,Kuna,83634,2026-09-26,https://www.idoc.idaho.gov/content/locations/prisons,,,,
Idaho,Idaho Department of Correction,Idaho State Correctional Center,14601 S Pleasant Valley Rd,Kuna,83634,2026-09-26,https://www.idoc.idaho.gov/content/locations/prisons,IDOC-operated since 2014; formerly Idaho Correctional Center (CCA),,,
Idaho,Idaho Department of Correction,Idaho State Correctional Institution,13500 S Pleasant Valley Rd,Kuna,83634,2026-09-26,https://www.idoc.idaho.gov/content/locations/prisons,,,,
Idaho,Idaho Department of Correction,Mountain View Transformation Center,15505 S. Pleasant Valley Rd.,Kuna,83634,2026-09-26,https://www.idoc.idaho.gov/content/locations/prisons,"formerly Correctional Alternative Placement Program (CAPP), MTC-run until IDOC took over July 1, 2023",,,
Idaho,Idaho Department of Correction,Nampa Community Reentry Center,1640 11th Avenue North,Nampa,83687,2026-09-26,https://www.idoc.idaho.gov/content/locations/community-reentry-centers,,,,
Idaho,Idaho Department of Correction,North Idaho Correctional Institution,236 Radar Rd,Cottonwood,83522,2026-09-26,https://www.idoc.idaho.gov/content/locations/prisons,,,,
Idaho,Idaho Department of Correction,Pocatello Women's Correctional Center,1451 Fore Road,Pocatello,83204,2026-09-26,https://www.idoc.idaho.gov/content/locations/prisons,,,,
Idaho,Idaho Department of Correction,South Boise Women's Correctional Center,13200 Pleasant Valley Rd,Kuna,83634,2026-09-26,https://www.idoc.idaho.gov/content/locations/prisons,,,,
Idaho,Idaho Department of Correction,South Idaho Correctional Institution,13900 Pleasant Valley Rd,Kuna,83634,2026-09-26,https://www.idoc.idaho.gov/content/locations/prisons,,,,
Idaho,Idaho Department of Correction,St. Anthony Work Camp,125 N. 8th West,St. Anthony,83445,2026-09-26,https://www.idoc.idaho.gov/content/locations/prisons,,,,
Idaho,Idaho Department of Correction,Treasure Valley Community Reentry Center,14195 S. Pleasant Valley Road,Kuna,83634,2026-09-26,https://www.idoc.idaho.gov/content/locations/community-reentry-centers,,,,
Idaho,Idaho Department of Correction,Twin Falls Community Reentry Center,616 Washington St. South,Twin Falls,83301,2026-09-26,https://www.idoc.idaho.gov/content/locations/community-reentry-centers,,,,
Indiana,Indiana Department of Corrections,Branchville Correctional Facility,21390 Old State Road 37,Branchville,47514,2026-09-26,https://www.in.gov/idoc/facilities/adult/branchville-correctional-facility/,,,,
Indiana,Indiana Department of Corrections,Chain O'Lakes Community Re-Entry Center,3516 E 75 South,Albion,46701,2026-09-26,https://www.in.gov/idoc/facilities/adult/chain-olakes-correctional-facility/,listed as Chain O'Lakes Correctional Facility,,,
Indiana,Indiana Department of Corrections,Correctional Industrial Facility,5124 W. Reformatory Road,Pendleton,46064,2026-09-26,https://www.in.gov/idoc/facilities/adult/correctional-industrial-facility/,,,,
Indiana,Indiana Department of Corrections,Edinburgh Correctional Facility,23rd & Schoolhouse Road,Edinburgh,46124,2026-09-26,https://www.in.gov/idoc/facilities/adult/edinburgh-correctional-facility/,,,,
Indiana,Indiana Department of Corrections,Indiana State Prison,1 Park Row,Michigan City,46360,2026-09-26,https://www.in.gov/idoc/facilities/adult/indiana-state-prison/,2023 closure plan reversed Aug 2025; to stay open beyond 2027,,,
Indiana,Indiana Department of Corrections,Indiana Women's Prison,2596 Girls School Road,Indianapolis,46214,2026-09-26,https://www.in.gov/idoc/facilities/adult/indiana-womens-prison/,,,,
Indiana,Indiana Department of Corrections,LaPorte Juvenile Correctional Facility,2407 N 500 W,La Porte,46350,2026-09-26,https://www.in.gov/idoc/facilities/juvenile/laporte-juvenile-correctional-facility/,juvenile; IDOC Division of Youth Services; formerly Camp Summit Boot Camp,,,
Indiana,Indiana Department of Corrections,Logansport Juvenile Correctional Facility Treatment Unit,1118 South State Road 25,Logansport,46947,2026-09-26,https://www.in.gov/idoc/facilities/juvenile/logansport-correctional-facility-treatment-unit/,juvenile; IDOC Division of Youth Services; formerly North Central Juvenile Correctional Facility,,,
Indiana,Indiana Department of Corrections,Madison Correctional Facility,800 MSH Bus Stop Drive,Madison,47250,2026-09-26,https://www.in.gov/idoc/facilities/adult/madison-correctional-facility/,,,,
Indiana,Indiana Department of Corrections,Miami Correctional Facility,3038 West 850 South,Bunker Hill,46914,2026-09-26,https://www.in.gov/idoc/facilities/adult/miami-correctional-facility/,,,,
Indiana,Indiana Department of Corrections,Pendleton Correctional Facility,4490 W. Reformatory Rd.,Pendleton,46064,2026-09-26,https://www.in.gov/idoc/facilities/adult/pendleton-correctional-facility/,,,,
Indiana,Indiana Department of Corrections,Pendleton Juvenile Correctional Facility,9310 South State Road 67,Pendleton,46064,2026-09-26,https://www.in.gov/idoc/facilities/juvenile/pendleton-juvenile-correctional-facility/,juvenile; IDOC Division of Youth Services,,,
Indiana,Indiana Department of Corrections,Plainfield Correctional Facility,727 Moon Road,Plainfield,46168,2026-09-26,https://www.in.gov/idoc/facilities/adult/plainfield-correctional-facility/,,,,
Indiana,Indiana Department of Corrections,Putnamville Correctional Facility,1946 West U.S. Hwy 40,Greencastle,46135,2026-09-26,https://www.in.gov/idoc/facilities/adult/putnamville-correctional-facility/,formerly Indiana State Farm,,,
Indiana,Indiana Department of Corrections,Reception Diagnostic Center,737 Moon Road,Plainfield,46168,2026-09-26,https://www.in.gov/idoc/facilities/adult/reception-diagnostic-center/,,,,
Indiana,Indiana Department of Corrections,Rockville Correctional Facility,811 W. 50 N.,Rockville,47872,2026-09-26,https://www.in.gov/idoc/facilities/adult/rockville-correctional-facility/,,,,
Indiana,Indiana Department of Corrections,South Bend Community Re-Entry Center,4650 Old Cleveland Road,South Bend,46628,2026-09-26,https://www.in.gov/idoc/facilities/adult/south-bend-community-re-entry-center/,,,,
Indiana,Indiana Department of Corrections,Wabash Valley Correctional Facility,6908 S. Old US Hwy 41,Carlisle,47838,2026-09-26,https://www.in.gov/idoc/facilities/adult/wabash-valley-correctional-facility/,,,,
Indiana,Indiana Department of Corrections,Westville Correctional Facility,5501 S 1100 W,Westville,46391,2026-09-26,https://www.in.gov/idoc/facilities/adult/westville-correctional-facility/,closure planned when Westville State Prison opens in 2027; operating on listed_on,,,
Louisiana,Louisiana Department of Public Safety & Corrections,Allen Correctional Center,3751 Lauderdale Woodyard Rd.,Kinder,70648,2026-09-26,https://doc.la.gov/about-the-dpsc/facility-locations/,state-operated since Aug 2017 (FY2026-27 Executive Budget),,,
Louisiana,Louisiana Department of Public Safety & Corrections,B.B. Rayburn Correctional Center,27268 Hwy. 21 North,Angie,70426,2026-09-26,https://doc.la.gov/about-the-dpsc/facility-locations/,formerly Washington Correctional Institute,,,
Louisiana,Louisiana Department of Public Safety & Corrections,David Wade Correctional Center,670 Bell Hill Road,Homer,71040,2026-09-26,https://doc.la.gov/about-the-dpsc/facility-locations/,,,,
Louisiana,Louisiana Department of Public Safety & Corrections,Dixon Correctional Institute,5568 LA-68,Jackson,70748,2026-09-26,https://doc.la.gov/about-the-dpsc/facility-locations/,,,,
Louisiana,Louisiana Department of Public Safety & Corrections,Elayn Hunt Correctional Center,6925 Highway 74,St. Gabriel,70776,2026-09-26,https://doc.la.gov/about-the-dpsc/facility-locations/,,,,
Louisiana,Louisiana Department of Public Safety & Corrections,Louisiana Correctional Institute for Women,6923 Highway 74,St. Gabriel,70776,2026-09-26,https://doc.la.gov/about-the-dpsc/facility-locations/,"new prison opened 2025-08-28 directly west of Elayn Hunt Correctional Center (WBRZ); point is the new compound's centre read from Esri imagery, as the geocoder put 6923 Highway 74 in the houses south of Hunt",,30.2636,-91.0928
Louisiana,Louisiana Department of Public Safety & Corrections,Louisiana State Penitentiary,17544 Tunica Trace,Angola,70712,2026-09-26,https://doc.la.gov/about-the-dpsc/facility-locations/,includes Camp J (ICE detention under GOHSEP-ICE agreement) and West Main unit,,,
Louisiana,Louisiana Department of Public Safety & Corrections,Raymond Laborde Correctional Center,1630 Prison Rd,Cottonport,71327,2026-09-26,https://doc.la.gov/about-the-dpsc/facility-locations/,formerly Avoyelles Correctional Center,,,
Massachusetts,Massachusetts Department of Corrections,Boston Pre-Release Center,430 Canterbury Street,Roslindale,02131,2026-09-26,https://www.mass.gov/orgs/massachusetts-department-of-correction/locations,Roslindale is a Boston neighborhood,,,
Massachusetts,Massachusetts Department of Corrections,Bridgewater State Hospital,20 Administration Rd.,Bridgewater,02324,2026-09-26,https://www.mass.gov/orgs/massachusetts-department-of-correction/locations,DOC facility; houses civil commitments and pretrial evaluations; clinical care by vendor,,,
Massachusetts,Massachusetts Department of Corrections,Lemuel Shattuck Hospital Correctional Unit,180 Morton St.,Jamaica Plain,02130,2026-09-26,https://www.mass.gov/orgs/massachusetts-department-of-correction/locations,"secure hospital unit; state plans to relocate Shattuck services to Newton Pavilion (88 East Newton St, Boston) in 2026",,,
Massachusetts,Massachusetts Department of Corrections,MCI-Framingham,99 Loring Dr.,Framingham,01701,2026-09-26,https://www.mass.gov/orgs/massachusetts-department-of-correction/locations,,,,
Massachusetts,Massachusetts Department of Corrections,MCI-Norfolk,2 Clark St.,Norfolk,02056,2026-09-26,https://www.mass.gov/orgs/massachusetts-department-of-correction/locations,,,,
Massachusetts,Massachusetts Department of Corrections,MCI-Shirley,104 Harvard Road,Shirley,01464,2026-09-26,https://www.mass.gov/orgs/massachusetts-department-of-correction/locations,,,,
Massachusetts,Massachusetts Department of Corrections,Massachusetts Treatment Center,30 Administration Rd.,Bridgewater,02324,2026-09-26,https://www.mass.gov/orgs/massachusetts-department-of-correction/locations,,,,
Massachusetts,Massachusetts Department of Corrections,North Central Correctional Institution,500 Colony Rd.,Gardner,01440,2026-09-26,https://www.mass.gov/orgs/massachusetts-department-of-correction/locations,,,,
Massachusetts,Massachusetts Department of Corrections,Northeastern Correctional Center,976 Barretts Mill Rd.,West Concord,01742,2026-09-26,https://www.mass.gov/orgs/massachusetts-department-of-correction/locations,,,,
Massachusetts,Massachusetts Department of Corrections,Old Colony Correctional Center,1 Administration Rd.,Bridgewater,02324,2026-09-26,https://www.mass.gov/orgs/massachusetts-department-of-correction/locations,OCCC minimum unit closed Oct 2024; medium unit open,,,
Massachusetts,Massachusetts Department of Corrections,Pondville Correctional Center,1 Industries Dr.,Norfolk,02056,2026-09-26,https://www.mass.gov/orgs/massachusetts-department-of-correction/locations,,,,
Massachusetts,Massachusetts Department of Corrections,Souza-Baranowski Correctional Center,1671 Shirley Road,Lancaster,01523,2026-09-26,https://www.mass.gov/orgs/massachusetts-department-of-correction/locations,,,,
Mississippi,Mississippi Department of Corrections,Central Mississippi Correctional Facility,3794 MS Hwy 468,Pearl,39208,2026-09-26,https://www.mdoc.ms.gov/facilities,,,,
Mississippi,Mississippi Department of Corrections,Delta Correctional Facility,"3800 Baldwin Road, CR540",Greenwood,38930,2026-09-26,https://www.mdoc.ms.gov/facilities,previously closed; MDOC took ownership; moved to Institutions division 2022; houses women,,,
Mississippi,Mississippi Department of Corrections,Flowood CWC (Recidivism Reduction Program),1632 Hwy 80 West,Flowood,39232,2026-09-26,https://www.mdoc.ms.gov/facilities,,,,
Mississippi,Mississippi Department of Corrections,Flowood Restitution Center,1632 Hwy 80 West,Flowood,39232,2026-09-26,https://www.mdoc.ms.gov/facilities,same address as Flowood CWC (Recidivism Reduction Program),,,
Mississippi,Mississippi Department of Corrections,Flowood Technical Violation Center,1632 Hwy 80 West,Flowood,39232,2026-09-26,https://www.mdoc.ms.gov/facilities,same address as Flowood CWC (Recidivism Reduction Program),,,
Mississippi,Mississippi Department of Corrections,Forrest County CWC (Recidivism Reduction Program),112 Alcorn Avenue,Hattiesburg,39401,2026-09-26,https://www.mdoc.ms.gov/facilities,,,,
Mississippi,Mississippi Department of Corrections,Madison County CWC,140 Corrections Drive,Canton,39046,2026-09-26,https://www.mdoc.ms.gov/facilities,,,,
Mississippi,Mississippi Department of Corrections,Madison County Restitution Center,140 Corrections Drive,Canton,39046,2026-09-26,https://www.mdoc.ms.gov/facilities,same address as Madison County CWC,,,
Mississippi,Mississippi Department of Corrections,Madison County Technical Violation Center,140 Corrections Drive,Canton,39046,2026-09-26,https://www.mdoc.ms.gov/facilities,same address as Madison County CWC,,,
Mississippi,Mississippi Department of Corrections,Marshall County Correctional Facility,833 West Street,Holly Springs,38634,2026-09-26,https://www.mdoc.ms.gov/facilities,state-operated since Sept 2021; formerly MTC-operated,,,
Mississippi,Mississippi Department of Corrections,Mississippi Correctional Institute for Women,3794 MS Hwy 468,Pearl,39208,2026-09-26,https://www.mdoc.ms.gov/facilities,separate institution on CMCF grounds (same address),,,
Mississippi,Mississippi Department of Corrections,Mississippi State Penitentiary,MS Hwy 49 West,Parchman,38738,2026-09-26,https://www.mdoc.ms.gov/facilities,,,,
Mississippi,Mississippi Department of Corrections,Noxubee County CWC,212 Industrial Park Road,Macon,39341,2026-09-26,https://www.mdoc.ms.gov/facilities,,,,
Mississippi,Mississippi Department of Corrections,Pascagoula Restitution Center,1721 E. Kenneth Ave.,Pascagoula,39567,2026-09-26,https://www.mdoc.ms.gov/facilities/pascagoula-restitution-center,,,,
Mississippi,Mississippi Department of Corrections,Pike County CWC,2015 Jesse Hall Road,Magnolia,39652,2026-09-26,https://www.mdoc.ms.gov/facilities,,,,
Mississippi,Mississippi Department of Corrections,Pike County Technical Violation Center,2015 Jesse Hall Road,Magnolia,39652,2026-09-26,https://www.mdoc.ms.gov/facilities,same address as Pike County CWC,,,
Mississippi,Mississippi Department of Corrections,Quitman County CWC,201 Camp B Road,Lambert,38643,2026-09-26,https://www.mdoc.ms.gov/facilities,HIFLD names it Quitman County Community Work Center at the same address,10006567,,
Mississippi,Mississippi Department of Corrections,Quitman County Technical Violation Center,201 Camp B Road,Lambert,38643,2026-09-26,https://www.mdoc.ms.gov/facilities,same address as Quitman County CWC,10006567,,
Mississippi,Mississippi Department of Corrections,South Mississippi Correctional Institution,22689 MS Hwy 63 North,Leakesville,39451,2026-09-26,https://www.mdoc.ms.gov/facilities,,,,
Mississippi,Mississippi Department of Corrections,Walnut Grove Correctional Facility,1650 MS Hwy 492,Walnut Grove,39189,2026-09-26,https://www.mdoc.ms.gov/facilities,reopened by MDOC Nov 2021; privately operated 1996-2016,,,
Mississippi,Mississippi Department of Corrections,Wilkinson County CWC,84 Prison Lane,Woodville,39669,2026-09-26,https://www.mdoc.ms.gov/facilities,,,,
Mississippi,Mississippi Department of Corrections,Wilkinson County Technical Violation Center,84 Prison Lane,Woodville,39669,2026-09-26,https://www.mdoc.ms.gov/facilities,same address as Wilkinson County CWC,,,
Missouri,Missouri Department of Corrections,Algoa Correctional Center,8501 No More Victims Road,Jefferson City,65101,2026-09-26,https://doc.mo.gov/facilities/adult-institutions/address-listing,ACC,,,
Missouri,Missouri Department of Corrections,Boonville Correctional Center,1216 East Morgan Street,Boonville,65233,2026-09-26,https://doc.mo.gov/facilities/adult-institutions/address-listing,BCC,,,
Missouri,Missouri Department of Corrections,Chillicothe Correctional Center,3151 Litton Road,Chillicothe,64601,2026-09-26,https://doc.mo.gov/facilities/adult-institutions/address-listing,CCC,,,
Missouri,Missouri Department of Corrections,Crossroads Correctional Center,1115 East Pence Road,Cameron,64429,2026-09-26,https://doc.mo.gov/facilities/adult-institutions/address-listing,CRCC,,,
Missouri,Missouri Department of Corrections,District 1 - St. Joseph Community Supervision Center,3305 Faraon Street,St. Joseph,64506,2026-09-26,https://doc.mo.gov/facilities/probation-parole/csc-crc-address-listing,"point is the centre's building (the DOC's standard U-shaped design, as at Farmington) read from Esri imagery, about 400 m south-west of the Western Reception center; the geocoder put 3305 Faraon Street on a road junction 220 m away",,39.7710,-94.8144
Missouri,Missouri Department of Corrections,District 12 - Farmington Community Supervision Center,1430 Doubet Road,Farmington,63640,2026-09-26,https://doc.mo.gov/facilities/probation-parole/csc-crc-address-listing,residential P&P center (60-bed dorm) co-located with district office,,,
Missouri,Missouri Department of Corrections,District 23 - Kennett Community Supervision Center,1401 Laura Drive,Kennett,63857,2026-09-26,https://doc.mo.gov/facilities/probation-parole/csc-crc-address-listing,residential P&P center (60-bed dorm) co-located with district office,,,
Missouri,Missouri Department of Corrections,District 25 - Poplar Bluff Community Supervision Center,1441 Black River Industrial Park Drive,Poplar Bluff,63901,2026-09-26,https://doc.mo.gov/facilities/probation-parole/csc-crc-address-listing,residential P&P center (60-bed dorm) co-located with district office,,,
Missouri,Missouri Department of Corrections,District 26 - Fulton Community Supervision Center,1397 State Road O,Fulton,65251,2026-09-26,https://doc.mo.gov/facilities/probation-parole/csc-crc-address-listing,"women's centre on the Fulton Reception and Diagnostic Center campus; point is the standalone building outside that prison's south fence, read from Esri imagery, as the geocoder put 1397 State Road O at the county jail",,38.8440,-91.9224
Missouri,Missouri Department of Corrections,District 3 - Hannibal Community Supervision Center,2002 Warren Barret Drive,Hannibal,63401,2026-09-26,https://doc.mo.gov/facilities/probation-parole/csc-crc-address-listing,residential P&P center (60-bed dorm) co-located with district office,,,
Missouri,Missouri Department of Corrections,"Eastern Reception, Diagnostic and Correctional Center",2727 Highway K,Bonne Terre,63628,2026-09-26,https://doc.mo.gov/facilities/adult-institutions/address-listing,ERDCC,,,
Missouri,Missouri Department of Corrections,Farmington Correctional Center,1012 West Columbia Street,Farmington,63640,2026-09-26,https://doc.mo.gov/facilities/adult-institutions/address-listing,FCC,,,
Missouri,Missouri Department of Corrections,Fulton Reception and Diagnostic Center,1393 State Route O,Fulton,65251,2026-09-26,https://doc.mo.gov/facilities/adult-institutions/address-listing,FRDC,,,
Missouri,Missouri Department of Corrections,Jefferson City Correctional Center,8200 No More Victims Road,Jefferson City,65101,2026-09-26,https://doc.mo.gov/facilities/adult-institutions/address-listing,JCCC,,,
Missouri,Missouri Department of Corrections,Maryville Treatment Center,30227 US Highway 136,Maryville,64468,2026-09-26,https://doc.mo.gov/facilities/adult-institutions/address-listing,MTC,,,
Missouri,Missouri Department of Corrections,Missouri Eastern Correctional Center,18701 US Highway 66,Pacific,63069,2026-09-26,https://doc.mo.gov/facilities/adult-institutions/address-listing,MECC,,,
Missouri,Missouri Department of Corrections,Moberly Correctional Center,5201 South Morley,Moberly,65270,2026-09-26,https://doc.mo.gov/facilities/adult-institutions/address-listing,MCC,,,
Missouri,Missouri Department of Corrections,Northeast Correctional Center,13698 Airport Road,Bowling Green,63334,2026-09-26,https://doc.mo.gov/facilities/adult-institutions/address-listing,NECC,,,
Missouri,Missouri Department of Corrections,Ozark Correctional Center,929 Honor Camp Lane,Fordland,65652,2026-09-26,https://doc.mo.gov/facilities/adult-institutions/address-listing,OCC,,,
Missouri,Missouri Department of Corrections,Potosi Correctional Center,11593 State Highway O,Mineral Point,63660,2026-09-26,https://doc.mo.gov/facilities/adult-institutions/address-listing,PCC,,,
Missouri,Missouri Department of Corrections,South Central Correctional Center,255 West Highway 32,Licking,65542,2026-09-26,https://doc.mo.gov/facilities/adult-institutions/address-listing,SCCC,,,
Missouri,Missouri Department of Corrections,Southeast Correctional Center,300 East Pedro Simmons Drive,Charleston,63834,2026-09-26,https://doc.mo.gov/facilities/adult-institutions/address-listing,SECC,,,
Missouri,Missouri Department of Corrections,Tipton Correctional Center,619 North Osage Avenue,Tipton,65081,2026-09-26,https://doc.mo.gov/facilities/adult-institutions/address-listing,TCC,,,
Missouri,Missouri Department of Corrections,Transition Center of Kansas City,651 Mulberry,Kansas City,64101,2026-09-26,https://doc.mo.gov/facilities/probation-parole/csc-crc-address-listing,TCKC; residential; formerly Kansas City Reentry Center / Community Release Center,,,
Missouri,Missouri Department of Corrections,Transition Center of St. Louis,1621 North First Street,St. Louis,63102,2026-09-26,https://doc.mo.gov/facilities/probation-parole/csc-crc-address-listing,TCSTL; residential; formerly St. Louis Community Release Center,,,
Missouri,Missouri Department of Corrections,"Western Reception, Diagnostic and Correctional Center",3401 Faraon,St Joseph,64506,2026-09-26,https://doc.mo.gov/facilities/adult-institutions/address-listing,WRDCC,,,
Missouri,Missouri Department of Corrections,"Women's Eastern Reception, Diagnostic and Correctional Center",1101 East Highway 54,Vandalia,63382,2026-09-26,https://doc.mo.gov/facilities/adult-institutions/address-listing,WERDCC,,,
Montana,Montana Department of Corrections,Flathead Valley Reentry Center,1150 E. Oregon St.,Kalispell,59901,2026-09-26,https://cor.mt.gov/Facilities/PrereleaseCenters,DOC-owned and operated prerelease center opened Oct 2025; address from Daily Inter Lake/Flathead Beacon (Evergreen area),,,
Montana,Montana Department of Corrections,Montana State Prison,400 Conley Lake Road,Deer Lodge,59722,2026-09-26,https://cor.mt.gov/Facilities/SecureFacilities,,,,
Montana,Montana Department of Corrections,Montana Women's Prison,701 South 27th Street,Billings,59101,2026-09-26,https://cor.mt.gov/Facilities/SecureFacilities,,,,
Montana,Montana Department of Corrections,Pine Hills Correctional Facility,4 North Haynes Avenue,Miles City,59301,2026-09-26,https://cor.mt.gov/Facilities/SecureFacilities,DOC-run youth facility (juvenile-only since March 2025),,,
Montana,Montana Department of Corrections,Riverside,2 Riverside Road,Boulder,59632,2026-09-26,https://cor.mt.gov/Facilities/SecureFacilities,sub-unit of Montana Women's Prison listed separately with own address,,,
Nebraska,Nebraska Department of Correctional Services,Community Corrections Center - Lincoln,2720 W Van Dorn St,Lincoln,68522,2026-09-26,https://corrections.nebraska.gov/about/facilities,,,,
Nebraska,Nebraska Department of Correctional Services,Community Corrections Center - Omaha,2320 Avenue J,Omaha,68110,2026-09-26,https://corrections.nebraska.gov/about/facilities,,,,
Nebraska,Nebraska Department of Correctional Services,Nebraska Correctional Center for Women,1107 Recharge Rd.,York,68467-8003,2026-09-26,https://corrections.nebraska.gov/about/facilities,,,,
Nebraska,Nebraska Department of Correctional Services,Nebraska State Penitentiary,4201 S 14th St.,Lincoln,68502,2026-09-26,https://corrections.nebraska.gov/about/facilities,,,,
Nebraska,Nebraska Department of Correctional Services,Omaha Correctional Center,2323 Avenue J.,Omaha,68110-2766,2026-09-26,https://corrections.nebraska.gov/about/facilities,,,,
Nebraska,Nebraska Department of Correctional Services,Reception and Treatment Center,3218 West Van Dorn Street,Lincoln,68542,2026-09-26,https://corrections.nebraska.gov/about/facilities,formerly Lincoln Correctional Center + Diagnostic and Evaluation Center (merged 2022),,,
Nebraska,Nebraska Department of Correctional Services,Tecumseh State Correctional Institution,2725 Hwy 50,Tecumseh,68450,2026-09-26,https://corrections.nebraska.gov/about/facilities,,,,
Nevada,Nevada Department of Corrections,Casa Grande Transitional Housing,3955 W. Russell Road,Las Vegas,89118-2316,2026-09-26,https://www.doc.nv.gov/facilities/cgth-facility/,,,,
Nevada,Nevada Department of Corrections,Ely State Prison,4569 North State Route 490,Ely,89301,2026-09-26,https://www.doc.nv.gov/facilities/ely-state-prison-esp/,"about 15 km north of Ely; the geocoder puts 4569 N State Route 490 in town, so HIFLD's record, which sits on the prison in imagery, places it",10003799,,
Nevada,Nevada Department of Corrections,Florence McClure Women's Correctional Center,4370 Smiley Road,Las Vegas,89115-1808,2026-09-26,https://www.doc.nv.gov/facilities/florence-mcclure-womens-correctional-center-fmwcc/,state-operated since 2004 (built by CCA),,,
Nevada,Nevada Department of Corrections,High Desert State Prison,22010 Cold Creek Road,Indian Springs,89070,2026-09-26,https://www.doc.nv.gov/facilities/high-desert-state-prison-hdsp/,,,,
Nevada,Nevada Department of Corrections,Humboldt Conservation Camp,8105 Conservation Road,Winnemucca,89446,2026-09-26,https://www.doc.nv.gov/facilities/humboldt-conservation-camp-hcc/,,,,
Nevada,Nevada Department of Corrections,Lovelock Correctional Center,1200 Prison Rd.,Lovelock,89419,2026-09-26,https://www.doc.nv.gov/facilities/lovelock-correctional-center-lcc/,,,,
Nevada,Nevada Department of Corrections,Northern Nevada Correctional Center,1721 E. Snyder Ave.,Carson City,89701,2026-09-26,https://www.doc.nv.gov/facilities/northern-nevada-correctional-center/,includes Regional Medical Facility,,,
Nevada,Nevada Department of Corrections,Northern Nevada Transitional Housing,2595 E. Second Street,Reno,89502,2026-09-26,https://www.doc.nv.gov/facilities/northern-nevada-transitional-housing-nnth2/,formerly Northern Nevada Restitution Center,,,
Nevada,Nevada Department of Corrections,Pioche Conservation Camp,1 Hardtimes Road,Pioche,89043,2026-09-26,https://www.doc.nv.gov/facilities/pioche-conservation-camp-pcc/,,,,
Nevada,Nevada Department of Corrections,Southern Desert Correctional Center,20825 Cold Creek Road,Indian Springs,89070,2026-09-26,https://www.doc.nv.gov/facilities/southern-desert-correctional-center-sdcc/,,,,
Nevada,Nevada Department of Corrections,Stewart Conservation Camp,1721 Snyder Ave.,Carson City,89702,2026-09-26,https://www.doc.nv.gov/facilities/stewart-conservation-camp-scc/,adjacent to NNCC; zip as printed with P.O. Box 5005,,,
Nevada,Nevada Department of Corrections,Three Lakes Valley Conservation Camp,20825 Cold Creek Road,Indian Springs,89070,2026-09-26,https://www.doc.nv.gov/facilities/three-lakes-valley-conservation-camp-tlvcc/,minimum custody and work release; shares SDCC street address,,,
North Carolina,North Carolina Department of Adult Correction,Albemarle Correctional Institution,44150 Airport Road,New London,28127,2026-10-01,https://www.dac.nc.gov/divisions-and-sections/institutions/prison-facilities/albemarle-correctional-institution,,,,
North Carolina,North Carolina Department of Adult Correction,Alexander Correctional Institution,633 Old Landfill Road,Taylorsville,28681,2026-10-01,https://www.dac.nc.gov/divisions-and-sections/institutions/prison-facilities/alexander-correctional-institution,,,,
North Carolina,North Carolina Department of Adult Correction,Anson Correctional Institution,552 Prison Camp Road,Polkton,28135,2026-10-01,https://www.dac.nc.gov/divisions-and-sections/institutions/prison-facilities/anson-correctional-institution,,,,
North Carolina,North Carolina Department of Adult Correction,Avery-Mitchell Correctional Institution,600 Amity Park Road,Spruce Pine,28777,2026-10-01,https://www.dac.nc.gov/divisions-and-sections/institutions/prison-facilities/avery-mitchell-correctional-institution,,,,
North Carolina,North Carolina Department of Adult Correction,Bertie Correctional Institution,218 Cooper Hill Road,Windsor,27983,2026-10-01,https://www.dac.nc.gov/divisions-and-sections/institutions/prison-facilities/bertie-correctional-institution,,,,
North Carolina,North Carolina Department of Adult Correction,Brown Creek Correctional Institution,P.O. Box 310,Polkton,28135,2026-10-01,https://www.dac.nc.gov/divisions-and-sections/institutions/prison-facilities/brown-creek-correctional-institution,"the department's page gives only a post office box, and HIFLD has no record under this name since the 2016 merger into Anson CI (re-established as its own prison in 2024); the 2012 prison census lists it at 248 Prison Camp Road; coordinates from Esri World Imagery: the dormitory compound east of Anson CI's cell blocks",,34.9864,-80.1800
North Carolina,North Carolina Department of Adult Correction,Caldwell Correctional Center,480 Pleasant Hill Road,Lenoir,28645,2026-10-01,https://www.dac.nc.gov/divisions-and-sections/institutions/prison-facilities/caldwell-correctional-center,,,,
North Carolina,North Carolina Department of Adult Correction,Carteret Correctional Center,1084 Orange Street,Newport,28570,2026-10-01,https://www.dac.nc.gov/divisions-and-sections/institutions/prison-facilities/carteret-correctional-center,,,,
North Carolina,North Carolina Department of Adult Correction,Caswell Correctional Center,444 County Home Road,Blanch,27212,2026-10-01,https://www.dac.nc.gov/divisions-and-sections/institutions/prison-facilities/caswell-correctional-center,,,,
North Carolina,North Carolina Department of Adult Correction,Catawba Correctional Center,1347 Prison Camp Road,Newton,28658,2026-10-01,https://www.dac.nc.gov/divisions-and-sections/institutions/prison-facilities/catawba-correctional-center,,,,
North Carolina,North Carolina Department of Adult Correction,Central Prison,1300 Western Boulevard,Raleigh,27606,2026-10-01,https://www.dac.nc.gov/central-prison,,,,
North Carolina,North Carolina Department of Adult Correction,Columbus Correctional Institution,1255 Prison Camp Road,Whiteville,28472,2026-10-01,https://www.dac.nc.gov/divisions-and-sections/institutions/prison-facilities/columbus-correctional-institution,,,,
North Carolina,North Carolina Department of Adult Correction,Craven Correctional Institution,600 Alligator Road,Vanceboro,28586,2026-10-01,https://www.dac.nc.gov/divisions-and-sections/institutions/prison-facilities/craven-correctional-institution,,,,
North Carolina,North Carolina Department of Adult Correction,Dan River Prison Work Farm,981 Murray Road,Blanch,27212,2026-10-01,https://www.dac.nc.gov/divisions-and-sections/institutions/prison-facilities/dan-river-prison-work-farm,,,,
North Carolina,North Carolina Department of Adult Correction,Davidson Correctional Center,1400 Thomason Street,Lexington,27292,2026-10-01,https://www.dac.nc.gov/divisions-and-sections/institutions/prison-facilities/davidson-correctional-center,,,,
North Carolina,North Carolina Department of Adult Correction,Eastern Correctional Institution,2821 N.C. Highway 903,Maury,28554,2026-10-01,https://www.dac.nc.gov/divisions-and-sections/institutions/prison-facilities/eastern-correctional-institution,,,,
North Carolina,North Carolina Department of Adult Correction,Foothills Correctional Institution,5150 Western Ave.,Morganton,28655,2026-10-01,https://www.dac.nc.gov/divisions-and-sections/institutions/prison-facilities/foothills-correctional-institution,,,,
North Carolina,North Carolina Department of Adult Correction,Forsyth Correctional Center,307 Craft Drive,Winston-Salem,27105,2026-10-01,https://www.dac.nc.gov/divisions-and-sections/institutions/prison-facilities/forsyth-correctional-center,,,,
North Carolina,North Carolina Department of Adult Correction,Franklin Correctional Center,5918 NC Highway 39 South,Bunn,27508,2026-10-01,https://www.dac.nc.gov/divisions-and-sections/institutions/prison-facilities/franklin-correctional-center,,,,
North Carolina,North Carolina Department of Adult Correction,Gaston Correctional Center,520 Justice Court,Dallas,28034,2026-10-01,https://www.dac.nc.gov/divisions-and-sections/institutions/prison-facilities/gaston-correctional-center,,,,
North Carolina,North Carolina Department of Adult Correction,Granville Correctional Institution,1001 Veazey Road,Butner,27509,2026-10-01,https://www.dac.nc.gov/divisions-and-sections/institutions/prison-facilities/granville-correctional-institution,,,,
North Carolina,North Carolina Department of Adult Correction,Greene Correctional Institution,2699 NC Hwy. 903,Maury,28554,2026-10-01,https://www.dac.nc.gov/divisions-and-sections/institutions/prison-facilities/greene-correctional-institution,,,,
North Carolina,North Carolina Department of Adult Correction,Harnett Correctional Institution,1210 E. McNeill Street,Lillington,27546,2026-10-01,https://www.dac.nc.gov/divisions-and-sections/institutions/prison-facilities/harnett-correctional-institution,,,,
North Carolina,North Carolina Department of Adult Correction,Hyde Correctional Institution,620 Prison Road,Fairfield,27826,2026-10-01,https://www.dac.nc.gov/divisions-and-sections/institutions/prison-facilities/hyde-correctional-institution,,,,
North Carolina,North Carolina Department of Adult Correction,Johnston Correctional Institution,794 Turnage Road,Smithfield,27577,2026-10-01,https://www.dac.nc.gov/divisions-and-sections/institutions/prison-facilities/johnston-correctional-institution,,,,
North Carolina,North Carolina Department of Adult Correction,Lincoln Correctional Center,464 Roper Drive,Lincolnton,28092,2026-10-01,https://www.dac.nc.gov/divisions-and-sections/institutions/prison-facilities/lincoln-correctional-center,,,,
North Carolina,North Carolina Department of Adult Correction,Lumberton Correctional Institution,75 Legend Road,Lumberton,28359,2026-10-01,https://www.dac.nc.gov/divisions-and-sections/institutions/prison-facilities/lumberton-correctional-institution,,,,
North Carolina,North Carolina Department of Adult Correction,Marion Correctional Institution,355 Old Glenwood Road,Marion,28752,2026-10-01,https://www.dac.nc.gov/divisions-and-sections/institutions/prison-facilities/marion-correctional-institution,,,,
North Carolina,North Carolina Department of Adult Correction,Maury Correctional Institution,2568 Moore Rouse Road,Hookerton,28538,2026-10-01,https://www.dac.nc.gov/divisions-and-sections/institutions/prison-facilities/maury-correctional-institution,,,,
North Carolina,North Carolina Department of Adult Correction,Mountain View Correctional Institution,545 Amity Park Road,Spruce Pine,28777,2026-10-01,https://www.dac.nc.gov/divisions-and-sections/institutions/prison-facilities/mountain-view-correctional-institution,,,,
North Carolina,North Carolina Department of Adult Correction,North Carolina Correctional Institution for Women,1034 Bragg Street,Raleigh,27610,2026-10-01,https://www.dac.nc.gov/divisions-and-sections/institutions/prison-facilities/nc-correctional-institution-women,the department's list prints it as NC Correctional Institution for Women,,,
North Carolina,North Carolina Department of Adult Correction,Nash Correctional Institution,2869 US 64 Alt.,Nashville,27856,2026-10-01,https://www.dac.nc.gov/divisions-and-sections/institutions/prison-facilities/nash-correctional-institution,,,,
North Carolina,North Carolina Department of Adult Correction,Neuse Correctional Institution,701 Stevens Mill Rd,Goldsboro,27533,2026-10-01,https://www.dac.nc.gov/divisions-and-sections/institutions/prison-facilities/neuse-correctional-institution,,,,
North Carolina,North Carolina Department of Adult Correction,New Hanover Correctional Center,330 Division Drive,Wilmington,28401,2026-10-01,https://www.dac.nc.gov/divisions-and-sections/institutions/prison-facilities/new-hanover-correctional-center,,,,
North Carolina,North Carolina Department of Adult Correction,Orange Correctional Center,2110 Clarence Walters Road,Hillsborough,27278,2026-10-01,https://www.dac.nc.gov/divisions-and-sections/institutions/prison-facilities/orange-correctional-center,,,,
North Carolina,North Carolina Department of Adult Correction,Pamlico Correctional Institution,601 North 3rd Street,Bayboro,28515,2026-10-01,https://www.dac.nc.gov/divisions-and-sections/institutions/prison-facilities/pamlico-correctional-institution,,,,
North Carolina,North Carolina Department of Adult Correction,Pasquotank Correctional Institution,527 Commerce Drive,Elizabeth City,27906,2026-10-01,https://www.dac.nc.gov/divisions-and-sections/institutions/prison-facilities/pasquotank-correctional-institution,,,,
North Carolina,North Carolina Department of Adult Correction,Pender Correctional Institution,906 Penderlea Highway,Burgaw,28425,2026-10-01,https://www.dac.nc.gov/divisions-and-sections/institutions/prison-facilities/pender-correctional-institution,,,,
North Carolina,North Carolina Department of Adult Correction,Piedmont Correctional Institution,1245 Camp Road,Salisbury,28147,2026-10-01,https://www.dac.nc.gov/divisions-and-sections/institutions/prison-facilities/piedmont-correctional-institution,,,,
North Carolina,North Carolina Department of Adult Correction,Randolph Correctional Center,2760 US 220 Hwy. Business,Asheboro,27203,2026-10-01,https://www.dac.nc.gov/divisions-and-sections/institutions/prison-facilities/randolph-correctional-center,,,,
North Carolina,North Carolina Department of Adult Correction,Richmond Correctional Institution,1573 McDonald Church Road,Hoffman,28347,2026-10-01,https://www.dac.nc.gov/divisions-and-sections/institutions/prison-facilities/richmond-correctional-institution,,,,
North Carolina,North Carolina Department of Adult Correction,Roanoke River Correctional Institution,2787 Caledonia Drive,Tillery,27882,2026-10-01,https://www.dac.nc.gov/divisions-and-sections/institutions/prison-facilities/roanoke-river-correctional-institution,"formerly Caledonia Correctional Institution; pinned to HIFLD's record at the same address because the geocoder matched 2787 Macedonia Rd, Spring Hope, 70 km away",10002633,,
North Carolina,North Carolina Department of Adult Correction,Rutherford Correctional Center,549 Ledbetter Road,Spindale,28160,2026-10-01,https://www.dac.nc.gov/divisions-and-sections/institutions/prison-facilities/rutherford-correctional-center,,,,
North Carolina,North Carolina Department of Adult Correction,Sampson Correctional Institution,700 Northwest Blvd.,Clinton,28328,2026-10-01,https://www.dac.nc.gov/divisions-and-sections/institutions/prison-facilities/sampson-correctional-institution,"the department prints the address as 700 Northwest Blvd., US Hwy. 421 North",,,
North Carolina,North Carolina Department of Adult Correction,Sanford Correctional Center,417 Advancement Center Road,Sanford,27330,2026-10-01,https://www.dac.nc.gov/divisions-and-sections/institutions/prison-facilities/sanford-correctional-center,,,,
North Carolina,North Carolina Department of Adult Correction,Scotland Correctional Institution,22385 McGirts Bridge Road,Laurinburg,28353,2026-10-01,https://www.dac.nc.gov/divisions-and-sections/institutions/prison-facilities/scotland-correctional-institution,,,,
North Carolina,North Carolina Department of Adult Correction,Southern Correctional Institution,272 Glen Road,Troy,27371,2026-10-01,https://www.dac.nc.gov/divisions-and-sections/institutions/prison-facilities/southern-correctional-institution,,,,
North Carolina,North Carolina Department of Adult Correction,Tabor Correctional Institution,4600 Swamp Fox Highway West,Tabor City,28463,2026-10-01,https://www.dac.nc.gov/divisions-and-sections/institutions/prison-facilities/tabor-correctional-institution,,,,
North Carolina,North Carolina Department of Adult Correction,Tyrrell Prison Work Farm,Snell Road,Columbia,27925,2026-10-01,https://www.dac.nc.gov/divisions-and-sections/institutions/prison-facilities/tyrrell-prison-work-farm,the department's page gives no street number,,,
North Carolina,North Carolina Department of Adult Correction,Wake Correctional Center,1000 Rock Quarry Road,Raleigh,27610,2026-10-01,https://www.dac.nc.gov/divisions-and-sections/institutions/prison-facilities/wake-correctional-center,,,,
North Carolina,North Carolina Department of Adult Correction,Warren Correctional Institution,379 Collins Rd.,Manson,27553,2026-10-01,https://www.dac.nc.gov/divisions-and-sections/institutions/prison-facilities/warren-correctional-institution,,,,
North Carolina,North Carolina Department of Adult Correction,Western Correctional Center for Women,55 Lake Eden Road,Black Mountain,28711,2026-10-01,https://www.dac.nc.gov/divisions-and-sections/institutions/prison-facilities/western-correctional-center-women,,,,
North Carolina,North Carolina Department of Adult Correction,Wilkes Correctional Center,404 Statesville Road,North Wilkesboro,28659,2026-10-01,https://www.dac.nc.gov/divisions-and-sections/institutions/prison-facilities/wilkes-correctional-center,,,,
Oklahoma,Oklahoma Department of Corrections,Allen Gamble Correctional Center,6888 E 133 Road,Holdenville,74848,2026-09-26,https://oklahoma.gov/doc/facilities.html,formerly Davis Correctional Facility,,,
Oklahoma,Oklahoma Department of Corrections,Bill Johnson Correctional Center,1856 E. Flynn Street,Alva,73717,2026-09-26,https://oklahoma.gov/doc/facilities.html,formerly Charles E. Johnson Correctional Center,,,
Oklahoma,Oklahoma Department of Corrections,Clara Waters Community Corrections Center,9901 N. I-35 Service Road,Oklahoma City,73131,2026-09-26,https://oklahoma.gov/doc/facilities.html,,,,
Oklahoma,Oklahoma Department of Corrections,Dick Conner Correctional Center,129 Conner Road,Hominy,74035,2026-09-26,https://oklahoma.gov/doc/facilities.html,,,,
Oklahoma,Oklahoma Department of Corrections,Dr. Eddie Warrior Correctional Center,601 N. Oak Street,Taft,74463,2026-09-26,https://oklahoma.gov/doc/facilities.html,,,,
Oklahoma,Oklahoma Department of Corrections,Enid Community Corrections Center,2020 E. Maine Avenue,Enid,73701,2026-09-26,https://oklahoma.gov/doc/facilities.html,,,,
Oklahoma,Oklahoma Department of Corrections,Great Plains Correctional Center,700 Sugar Creek Drive,Hinton,73047,2026-09-26,https://oklahoma.gov/doc/facilities.html,,,,
Oklahoma,Oklahoma Department of Corrections,Howard McLeod Correctional Center,19603 E Whippoorwill Lane,Atoka,74525,2026-09-26,https://oklahoma.gov/doc/facilities.html,,,,
Oklahoma,Oklahoma Department of Corrections,Jackie Brannon Minimum Unit,900 N. West Street,McAlester,74502,2026-09-26,https://oklahoma.gov/doc/facilities.html,formerly Jackie Brannon Correctional Center,,,
Oklahoma,Oklahoma Department of Corrections,James Crabtree Correctional Center,216 N. Murray Street,Helena,73741,2026-09-26,https://oklahoma.gov/doc/facilities.html,,,,
Oklahoma,Oklahoma Department of Corrections,James Smith Correctional Center,8607 SE Flower Mound Rd,Lawton,73501,2026-09-26,https://oklahoma.gov/doc/facilities.html,formerly Lawton Correctional Facility,,,
Oklahoma,Oklahoma Department of Corrections,Jess Dunn Correctional Center,601 South 124th Street West,Taft,74463,2026-09-26,https://oklahoma.gov/doc/facilities.html,,,,
Oklahoma,Oklahoma Department of Corrections,Jim E. Hamilton Correctional Center,53468 Mineral Springs Road,Hodgen,74939,2026-09-26,https://oklahoma.gov/doc/facilities.html,,,,
Oklahoma,Oklahoma Department of Corrections,John H. Lilley Correctional Center,407971 Hwy 62E,Boley,74829,2026-09-26,https://oklahoma.gov/doc/facilities.html,,,,
Oklahoma,Oklahoma Department of Corrections,Joseph Harp Correctional Center,16161 Moffat Rd.,Lexington,73051,2026-09-26,https://oklahoma.gov/doc/facilities.html,,,,
Oklahoma,Oklahoma Department of Corrections,Lawton Community Corrections Center,605 Southwest Coombs Road,Lawton,73501,2026-09-26,https://oklahoma.gov/doc/facilities.html,,,,
Oklahoma,Oklahoma Department of Corrections,Lexington Assessment and Reception Center,15151 State Highway 39,Lexington,73051,2026-09-26,https://oklahoma.gov/doc/facilities.html,,,,
Oklahoma,Oklahoma Department of Corrections,Mabel Bassett Correctional Center,29501 Kickapoo Road,McLoud,74851,2026-09-26,https://oklahoma.gov/doc/facilities.html,,,,
Oklahoma,Oklahoma Department of Corrections,Mack Alford Correctional Center,13001 North Highway 69,Atoka,74525,2026-09-26,https://oklahoma.gov/doc/facilities.html,,,,
Oklahoma,Oklahoma Department of Corrections,Northeast Oklahoma Community Corrections Center,442606 E 250 Road,Vinita,74301,2026-09-26,https://oklahoma.gov/doc/facilities.html,formerly Northeast Oklahoma Correctional Center; HIFLD and the 2019 prison census place it at 442586 E 250 Rd,10003566,,
Oklahoma,Oklahoma Department of Corrections,Oklahoma State Penitentiary,1301 N. West St.,McAlester,74502,2026-09-26,https://oklahoma.gov/doc/facilities.html,,,,
Oklahoma,Oklahoma Department of Corrections,Oklahoma State Reformatory,1700 East First Street,Granite,73547,2026-09-26,https://oklahoma.gov/doc/facilities.html,,,,
Oklahoma,Oklahoma Department of Corrections,Union City Community Corrections Center,700 North Highway 81,Union City,73090,2026-09-26,https://oklahoma.gov/doc/facilities.html,,,,
South Carolina,South Carolina Department of Corrections,Allendale Correctional Institution,1057 Revolutionary Trail,Fairfax,29827,2026-09-26,https://www.doc.sc.gov/institutions,,,,
South Carolina,South Carolina Department of Corrections,Broad River Correctional Institution,4460 Broad River Road,Columbia,29210,2026-09-26,https://www.doc.sc.gov/institutions,,,,
South Carolina,South Carolina Department of Corrections,Broad River Secure Facility,4460 Broad River Road,Columbia,29210,2026-09-26,https://www.doc.sc.gov/institutions,standalone facility since 2021; same address as Broad River Correctional Institution,,,
South Carolina,South Carolina Department of Corrections,Camille Graham Correctional Institution,4450 Broad River Road,Columbia,29210-4096,2026-09-26,https://www.doc.sc.gov/institutions,,,,
South Carolina,South Carolina Department of Corrections,Evans Correctional Institution,610 Highway 9 West,Bennettsville,29512,2026-09-26,https://www.doc.sc.gov/institutions,,,,
South Carolina,South Carolina Department of Corrections,Goodman Correctional Institution,4556 Broad River Road,Columbia,29210,2026-09-26,https://www.doc.sc.gov/institutions,,,,
South Carolina,South Carolina Department of Corrections,Kershaw Correctional Institution and Reentry Center,4848 Gold Mine Highway,Kershaw,29067,2026-09-26,https://www.doc.sc.gov/institutions,,,,
South Carolina,South Carolina Department of Corrections,Kirkland Reception and Evaluation Center,4344 Broad River Road,Columbia,29210,2026-09-26,https://www.doc.sc.gov/institutions,,,,
South Carolina,South Carolina Department of Corrections,Leath Correctional Institution,2809 Airport Road,Greenwood,29649,2026-09-26,https://www.doc.sc.gov/institutions,,,,
South Carolina,South Carolina Department of Corrections,Lee Correctional Institution,990 Wisacky Highway,Bishopville,29010,2026-09-26,https://www.doc.sc.gov/institutions,,,,
South Carolina,South Carolina Department of Corrections,Lieber Correctional Institution and Reentry Center,136 Wilborn Avenue,Ridgeville,29472,2026-09-26,https://www.doc.sc.gov/institutions,,,,
South Carolina,South Carolina Department of Corrections,"Livesay Correctional Institution ""A"" Camp",104 Broadcast Drive,Spartanburg,29303-4711,2026-09-26,https://www.doc.sc.gov/institutions,,,,
South Carolina,South Carolina Department of Corrections,"Livesay Correctional Institution ""B"" Camp",104 Broadcast Drive,Spartanburg,29303-4711,2026-09-26,https://www.doc.sc.gov/institutions,,,,
South Carolina,South Carolina Department of Corrections,MacDougall Correctional Institution,1516 Old Gilliard Road,Ridgeville,29472,2026-09-26,https://www.doc.sc.gov/institutions,,,,
South Carolina,South Carolina Department of Corrections,Manning Reentry/Work Release Center,502 Beckman Road,Columbia,29203-3173,2026-09-26,https://www.doc.sc.gov/institutions,,,,
South Carolina,South Carolina Department of Corrections,McCormick Correctional Institution,386 Redemption Way,McCormick,29899,2026-09-26,https://www.doc.sc.gov/institutions,,,,
South Carolina,South Carolina Department of Corrections,Palmer Pre-Release Center,2012 Pisgah Road,Florence,29501,2026-09-26,https://www.doc.sc.gov/institutions,,,,
South Carolina,South Carolina Department of Corrections,Perry Correctional Institution,430 Oaklawn Road,Pelzer,29669,2026-09-26,https://www.doc.sc.gov/institutions,,,,
South Carolina,South Carolina Department of Corrections,Ridgeland Correctional Institution,5 Correctional Road,Ridgeland,29936,2026-09-26,https://www.doc.sc.gov/institutions,,,,
South Carolina,South Carolina Department of Corrections,Trenton Correctional Institution,84 Greenhouse Road,Trenton,29847,2026-09-26,https://www.doc.sc.gov/institutions,,,,
South Carolina,South Carolina Department of Corrections,Turbeville Correctional Institution,1578 Clarence Coker Hwy,Turbeville,29162,2026-09-26,https://www.doc.sc.gov/institutions,,,,
South Carolina,South Carolina Department of Corrections,Tyger River Correctional Center,100-200 Prison Road,Enoree,29335-9308,2026-09-26,https://www.doc.sc.gov/institutions,,,,
South Carolina,South Carolina Department of Corrections,Wateree River Correctional Institution,Highway 261,Rembert,29128,2026-09-26,https://www.doc.sc.gov/institutions,,,,
South Dakota,South Dakota Department of Corrections,Jameson Annex,1600 North Drive,Sioux Falls,57117,2026-09-26,https://www.doc.sd.gov/adult-corrections/facilities,G. Norton Jameson Prison; adjacent to and shares the Penitentiary's address,,,
South Dakota,South Dakota Department of Corrections,Mike Durfee State Prison,1412 Wood Street,Springfield,57062,2026-09-26,https://www.doc.sd.gov/adult-corrections/facilities,,,,
South Dakota,South Dakota Department of Corrections,Pierre Minimum Center,3200 East Highway 34,Pierre,57501,2026-09-26,https://www.doc.sd.gov/adult-corrections/facilities,DOC lists address as same as Women's Prison; just east of it,,,
South Dakota,South Dakota Department of Corrections,Rapid City Correctional Facility,1020 N. Creek Drive,Rapid City,,2026-09-26,https://www.doc.sd.gov/adult-corrections/facilities/rapid-city-women-s-correctional-facility,women's prison; DOC says it opened in September 2026 (ribbon cut 2026-07-10); DOC prints no ZIP,,,
South Dakota,South Dakota Department of Corrections,Rapid City Minimum Center,2725 Creek Drive,Rapid City,57703,2026-09-26,https://www.doc.sd.gov/adult-corrections/facilities,,,,
South Dakota,South Dakota Department of Corrections,Sioux Falls Minimum Center,1600 North Drive,Sioux Falls,57117,2026-09-26,https://www.doc.sd.gov/adult-corrections/facilities,DOC lists address as same as State Penitentiary; outside Jameson perimeter,,,
South Dakota,South Dakota Department of Corrections,South Dakota State Penitentiary,1600 North Drive,Sioux Falls,57117,2026-09-26,https://www.doc.sd.gov/adult-corrections/facilities,ZIP is the PO Box 5911 ZIP printed by the DOC,,,
South Dakota,South Dakota Department of Corrections,South Dakota Women's Prison,3200 East Highway 34,Pierre,57501,2026-09-26,https://www.doc.sd.gov/adult-corrections/facilities,,,,
South Dakota,South Dakota Department of Corrections,Yankton Minimum Center,178 Mickelson Drive,Yankton,57078,2026-09-26,https://www.doc.sd.gov/adult-corrections/facilities,,,,
Tennessee,Tennessee Department of Corrections,Bledsoe County Correctional Complex,1045 Horsehead Road,Pikeville,37367,2026-09-26,https://www.tn.gov/correction/state-prisons/state-prison-list/bledsoe-count-correctional-complex.html,formerly Southeastern Tennessee State Regional Correctional Facility,,,
Tennessee,Tennessee Department of Corrections,Debra K. Johnson Rehabilitation Center,3881 Stewarts Lane,Nashville,37218,2026-09-26,https://www.tn.gov/correction/state-prisons/state-prison-list/debra-k--johnson-rehabilitation-center.html,formerly Tennessee Prison for Women,,,
Tennessee,Tennessee Department of Corrections,Lois M. DeBerry Special Needs Facility,7575 Cockrill Bend Boulevard,Nashville,37209,2026-09-26,https://www.tn.gov/correction/state-prisons/state-prison-list/lois-m-deberry-special-needs-facility.html,,,,
Tennessee,Tennessee Department of Corrections,Mark Luttrell Transition Center,6000 State Road,Memphis,38134,2026-09-26,https://www.tn.gov/correction/state-prisons/state-prison-list/mark-luttrell-transition-center.html,,,,
Tennessee,Tennessee Department of Corrections,Morgan County Correctional Complex,541 Wayne Cotton Morgan Drive,Wartburg,37887,2026-09-26,https://www.tn.gov/correction/state-prisons/state-prison-list/morgan-county-correctional-complex.html,,,,
Tennessee,Tennessee Department of Corrections,Northeast Correctional Complex,5249 Highway 67 West,Mountain City,37683,2026-09-26,https://www.tn.gov/correction/state-prisons/state-prison-list/northeast-correctional-complex.html,,,,
Tennessee,Tennessee Department of Corrections,Northwest Correctional Complex,960 State Route 212,Tiptonville,38079,2026-09-26,https://www.tn.gov/correction/state-prisons/state-prison-list/northwest-correctional-complex.html,,,,
Tennessee,Tennessee Department of Corrections,Riverbend Maximum Security Institution,7475 Cockrill Bend Boulevard,Nashville,37209,2026-09-26,https://www.tn.gov/correction/state-prisons/state-prison-list/riverbend-maximum-security-institution.html,,,,
Tennessee,Tennessee Department of Corrections,Turney Center Industrial Complex,1499 R.W. Moore Memorial Highway,Only,37140,2026-09-26,https://www.tn.gov/correction/state-prisons/state-prison-list/turney-center-industrial-complex.html,main site (Hickman County),,,
Tennessee,Tennessee Department of Corrections,Turney Center Industrial Complex Annex,245 Carroll Road,Clifton,38425,2026-09-26,https://www.tn.gov/correction/state-prisons/state-prison-list/turney-center-industrial-complex.html,"annex of Turney Center in Wayne County with its own address; listed under Turney Center, not as a separate facility",,,
Tennessee,Tennessee Department of Corrections,West Tennessee State Penitentiary,480 Green Chapel Road,Henning,38041,2026-09-26,https://www.tn.gov/correction/state-prisons/state-prison-list/west-tennessee-state-penitentiary.html,,,,
Tennessee,Tennessee Department of Corrections,Women's Therapeutic Residential Center,480 Green Chapel Road,Henning,38041,2026-09-26,https://www.tn.gov/correction/state-prisons/state-prison-list/west-tennessee-state-penitentiary/women-s-therapeutic-residential-center.html,"separate facility with own warden, located within Site 1 of West Tennessee State Penitentiary; shares its address",,,
Utah,Utah Department of Corrections,Atherton Community Treatment Center,2588 W. 2365 South,West Valley City,84119,2026-09-26,https://corrections.utah.gov/inmate-services/reentry-and-rehabilitation/community-correctional-centers/atherton-community-treatment-center/,housed in the former Fremont Community Correctional Center,,,
Utah,Utah Department of Corrections,Bonneville Community Correctional Center,1141 S. 2475 West,Salt Lake City,84104,2026-09-26,https://corrections.utah.gov/inmate-services/reentry-and-rehabilitation/community-correctional-centers/bonneville-community-correctional-center/,,,,
Utah,Utah Department of Corrections,Central Utah Correctional Facility,255 E. 300 North,Gunnison,84634,2026-09-26,https://corrections.utah.gov/about-us/correctional-facilties/central-utah-correctional-facility/,,,,
Utah,Utah Department of Corrections,Fortitude Treatment Center,1747 S. 900 West,Salt Lake City,84104,2026-09-26,https://corrections.utah.gov/inmate-services/reentry-and-rehabilitation/community-correctional-centers/fortitude-treatment-center/,,,,
Utah,Utah Department of Corrections,Northern Utah Community Correctional Center,2445 S. Water Tower Way (1125 W.),Ogden,84401,2026-09-26,https://corrections.utah.gov/inmate-services/reentry-and-rehabilitation/community-correctional-centers/northern-utah-community-correctional-center/,co-located with Northern Utah Treatment & Resource Center,,,
Utah,Utah Department of Corrections,Orange Street Community Correctional Center,80 S. Orange Street (1900 West),Salt Lake City,84116,2026-09-26,https://corrections.utah.gov/inmate-services/reentry-and-rehabilitation/community-correctional-centers/orange-street-community-correctional-center/,,,,
Utah,Utah Department of Corrections,Timpanogos Community Treatment Center,748 N 1340 W,Orem,84057,2026-09-26,https://corrections.utah.gov/inmate-services/reentry-and-rehabilitation/community-correctional-centers/timpanogos-community-treatment-center/,opened 2024,,,
Utah,Utah Department of Corrections,Utah State Correctional Facility,1480 N. 8000 W.,Salt Lake City,84116,2026-09-26,https://corrections.utah.gov/about-us/correctional-facilties/utah-state-correctional-facility/,"replaced Utah State Prison (Draper) in 2022; opened July 2022; not in HIFLD and its address geocodes only to the street, so placed at Wikipedia's coordinates (en.wikipedia.org/wiki/Utah_State_Correctional_Facility)",,40.80472,-112.090694
West Virginia,West Virginia Division of Corrections and Rehabilitation,Anthony Correctional Center,313 Anthony Center Drive,White Sulphur Springs,24986,2026-09-26,https://dcr.wv.gov/facilities/Pages/community-corrections/acc.aspx,young adult offender center (Neola),,,
West Virginia,West Virginia Division of Corrections and Rehabilitation,Beckley Correctional Center and Jail,111 S. Eisenhower Drive,Beckley,25801,2026-09-26,https://dcr.wv.gov/facilities/Pages/community-corrections/bccj.aspx,community corrections/work release,,,
West Virginia,West Virginia Division of Corrections and Rehabilitation,Central Regional Jail and Correctional Facility,1255 Dyer Hill Road,Sutton,26601,2026-09-26,https://dcr.wv.gov/facilities/Pages/prisons-and-jails/crjcf.aspx,regional jail operated by DCR,,,
West Virginia,West Virginia Division of Corrections and Rehabilitation,Charleston Correctional Center and Jail,1356 Hansford St.,Charleston,25301,2026-09-26,https://dcr.wv.gov/facilities/Pages/community-corrections/cccj.aspx,community corrections/work release,,,
West Virginia,West Virginia Division of Corrections and Rehabilitation,Denmar Correctional Center and Jail,4319 Denmar Road,Hillsboro,24946,2026-09-26,https://dcr.wv.gov/facilities/Pages/prisons-and-jails/dccj.aspx,,,,
West Virginia,West Virginia Division of Corrections and Rehabilitation,Donald R. Kuhn Juvenile Center,One Lory Place,Julian,25529,2026-09-26,https://dcr.wv.gov/facilities/Pages/Juvenile-Facilities-and-Reporting-Centers.aspx,juvenile center run by DCR's Bureau of Juvenile Services; its detention unit holds youth transferred to adult criminal jurisdiction (W. Va. Code 49-2-902); also a commitment unit,,,
West Virginia,West Virginia Division of Corrections and Rehabilitation,Eastern Regional Jail and Correctional Facility,94 Grapevine Road,Martinsburg,25405,2026-09-26,https://dcr.wv.gov/facilities/Pages/prisons-and-jails/erjcf.aspx,regional jail operated by DCR,,,
West Virginia,West Virginia Division of Corrections and Rehabilitation,Gene Spadaro Juvenile Center,106 Martin Dr,Mt. Hope,25880,2026-09-26,https://dcr.wv.gov/facilities/Pages/Juvenile-Facilities-and-Reporting-Centers.aspx,juvenile center run by DCR's Bureau of Juvenile Services; its detention unit holds youth transferred to adult criminal jurisdiction (W. Va. Code 49-2-902),,,
West Virginia,West Virginia Division of Corrections and Rehabilitation,Huttonsville Correctional Center and Jail,109 HCC Blvd.,Huttonsville,26273,2026-09-26,https://dcr.wv.gov/facilities/Pages/prisons-and-jails/hccj.aspx,"includes adjacent Huttonsville Work Camp (listed together, no separate address)",,,
West Virginia,West Virginia Division of Corrections and Rehabilitation,"J.M. ""Chick"" Buckbee Juvenile Center",144 Jerry Lane,Augusta,26704,2026-09-26,https://dcr.wv.gov/facilities/Pages/Juvenile-Facilities-and-Reporting-Centers.aspx,juvenile center run by DCR's Bureau of Juvenile Services; its detention unit holds youth transferred to adult criminal jurisdiction (W. Va. Code 49-2-902); also a commitment unit,,,
West Virginia,West Virginia Division of Corrections and Rehabilitation,"James H. ""Tiger"" Morton Juvenile Center",60 Manfred Holland Way,Dunbar,25064,2026-09-26,https://dcr.wv.gov/facilities/Pages/Juvenile-Facilities-and-Reporting-Centers.aspx,juvenile center run by DCR's Bureau of Juvenile Services; its detention unit holds youth transferred to adult criminal jurisdiction (W. Va. Code 49-2-902),,,
West Virginia,West Virginia Division of Corrections and Rehabilitation,"Kenneth ""Honey"" Rubenstein Juvenile Center",141 Forestry Camp Rd,Davis,26260,2026-09-26,https://dcr.wv.gov/facilities/Pages/Juvenile-Facilities-and-Reporting-Centers.aspx,juvenile center run by DCR's Bureau of Juvenile Services (commitment program); admits no one with adult charges,,,
West Virginia,West Virginia Division of Corrections and Rehabilitation,Lakin Correctional Center and Jail,11264 Ohio River Road,West Columbia,25287,2026-09-26,https://dcr.wv.gov/facilities/Pages/prisons-and-jails/lccj.aspx,,,,
West Virginia,West Virginia Division of Corrections and Rehabilitation,Lorrie Yeager Jr. Juvenile Center,907 Mission Dr,Parkersburg,26101,2026-09-26,https://dcr.wv.gov/facilities/Pages/Juvenile-Facilities-and-Reporting-Centers.aspx,juvenile center run by DCR's Bureau of Juvenile Services; its detention unit holds youth transferred to adult criminal jurisdiction (W. Va. Code 49-2-902),,,
West Virginia,West Virginia Division of Corrections and Rehabilitation,Martinsburg Correctional Center and Jail,38 Grapevine Road,Martinsburg,25401,2026-09-26,https://dcr.wv.gov/facilities/Pages/prisons-and-jails/mccj.aspx,formerly the original Eastern Regional Jail,,,
West Virginia,West Virginia Division of Corrections and Rehabilitation,Mount Olive Correctional Complex and Jail,1 Mountainside Way,Mt. Olive,25185,2026-09-26,https://dcr.wv.gov/facilities/Pages/prisons-and-jails/moccj.aspx,"includes Slayton Work Camp on its grounds (listed together, no separate address)",,,
West Virginia,West Virginia Division of Corrections and Rehabilitation,North Central Regional Jail and Correctional Facility,1 Lois Lane,Greenwood,26415,2026-09-26,https://dcr.wv.gov/facilities/Pages/prisons-and-jails/ncrjcf.aspx,regional jail operated by DCR,,,
West Virginia,West Virginia Division of Corrections and Rehabilitation,Northern Regional Jail and Correctional Facility,112 Northern Regional Correction Drive,Moundsville,26041,2026-09-26,https://dcr.wv.gov/facilities/Pages/prisons-and-jails/Northern-Regional-Jail.aspx,regional jail operated by DCR,,,
West Virginia,West Virginia Division of Corrections and Rehabilitation,Parkersburg Correctional Center and Jail,225 Holiday Hills Drive,Parkersburg,26104,2026-09-26,https://dcr.wv.gov/facilities/Pages/community-corrections/pbccj.aspx,community corrections/work release,,,
West Virginia,West Virginia Division of Corrections and Rehabilitation,Potomac Highlands Regional Jail and Correctional Facility,355 Dolan Drive,Augusta,26704,2026-09-26,https://dcr.wv.gov/facilities/Pages/prisons-and-jails/phrjcf.aspx,regional jail operated by DCR,,,
West Virginia,West Virginia Division of Corrections and Rehabilitation,Pruntytown Correctional Center and Jail,2006 Trap Springs Road,Grafton,26354,2026-09-26,https://dcr.wv.gov/facilities/Pages/prisons-and-jails/pccj.aspx,,,,
West Virginia,West Virginia Division of Corrections and Rehabilitation,Robert L. Shell Juvenile Center,Two O'Hanlon Place,Barboursville,25504,2026-09-26,https://dcr.wv.gov/facilities/Pages/Juvenile-Facilities-and-Reporting-Centers.aspx,juvenile center run by DCR's Bureau of Juvenile Services (commitment program); 5 temporary detention beds,,,
West Virginia,West Virginia Division of Corrections and Rehabilitation,Ronald C. Mulholland Juvenile Center,1000 Chapline St,Wheeling,26003,2026-09-26,https://dcr.wv.gov/facilities/Pages/Juvenile-Facilities-and-Reporting-Centers.aspx,"juvenile center run by DCR's Bureau of Juvenile Services; its detention unit holds youth transferred to adult criminal jurisdiction (W. Va. Code 49-2-902); DCR publishes only P.O. Box 6041, street address from its 2024 PREA audit",,,
West Virginia,West Virginia Division of Corrections and Rehabilitation,Saint Marys Correctional Center and Jail,2880 N. Pleasants Highway,St. Marys,26170,2026-09-26,https://dcr.wv.gov/facilities/Pages/prisons-and-jails/smccj.aspx,,,,
West Virginia,West Virginia Division of Corrections and Rehabilitation,Salem Correctional Center and Jail,7 Industrial Blvd.,Industrial,26426,2026-09-26,https://dcr.wv.gov/facilities/Pages/prisons-and-jails/sccj.aspx,formerly West Virginia Industrial Home for Youth,,,
West Virginia,West Virginia Division of Corrections and Rehabilitation,Sam Perdue Juvenile Center,843 Shelter Rd,Princeton,24739,2026-09-26,https://dcr.wv.gov/facilities/Pages/Juvenile-Facilities-and-Reporting-Centers.aspx,juvenile center run by DCR's Bureau of Juvenile Services (commitment program),,,
West Virginia,West Virginia Division of Corrections and Rehabilitation,South Central Regional Jail and Correctional Facility,1001 Centre Way,Charleston,25309,2026-09-26,https://dcr.wv.gov/facilities/Pages/prisons-and-jails/scrjcf.aspx,regional jail operated by DCR,,,
West Virginia,West Virginia Division of Corrections and Rehabilitation,Southern Regional Jail and Correctional Facility,1200 Airport Road,Beaver,25813,2026-09-26,https://dcr.wv.gov/facilities/Pages/prisons-and-jails/srjcf.aspx,regional jail operated by DCR,,,
West Virginia,West Virginia Division of Corrections and Rehabilitation,Southwestern Regional Jail and Correctional Facility,1300 Gaston Caperton Dr.,Holden,25625,2026-09-26,https://dcr.wv.gov/facilities/Pages/prisons-and-jails/swrjcf.aspx,regional jail operated by DCR; Earl Ray Tomblin Industrial Park,,,
West Virginia,West Virginia Division of Corrections and Rehabilitation,Stevens Correctional Center,795 Virginia Ave.,Welch,24801,2026-09-26,https://dcr.wv.gov/facilities/Pages/Stevens-Correctional-Center-and-Jail.aspx,state-owned and DCR-operated since July 2025; previously run by McDowell County Commission,,,
West Virginia,West Virginia Division of Corrections and Rehabilitation,Tygart Valley Regional Jail and Correctional Facility,400 Abbey Road,Belington,26250,2026-09-26,https://dcr.wv.gov/facilities/Pages/prisons-and-jails/tvrjcf.aspx,regional jail operated by DCR,,,
West Virginia,West Virginia Division of Corrections and Rehabilitation,Vicki V. Douglas Juvenile Center,900 Emmett Rousch Dr,Martinsburg,25401,2026-09-26,https://dcr.wv.gov/facilities/Pages/Juvenile-Facilities-and-Reporting-Centers.aspx,juvenile center run by DCR's Bureau of Juvenile Services; its detention unit holds youth transferred to adult criminal jurisdiction (W. Va. Code 49-2-902),,,
West Virginia,West Virginia Division of Corrections and Rehabilitation,Western Regional Jail and Correctional Facility,One O'Hanlon Place,Barboursville,25504,2026-09-26,https://dcr.wv.gov/facilities/Pages/prisons-and-jails/wrjcf.aspx,regional jail operated by DCR,,,
