saved_path,file_hash,url,retrieved_at,state,agency,original_filename,note
sheets/sheets_wayback_20260814/html_20210113_291a50a6403a.xlsx,8890dda6fdaae646cc3ace41ae447ea907ddf2a3c8d21993d4c04fcbf1f711e6,,2026-08-14,,,html_20210113_291a50a6403a.xlsx,Wayback Machine backfill ingested 2026-08-14; per-file capture urls were not recorded
sheets/sheets_wayback_20260814/html_20210116_02_c25304a0123a.xlsx,8f6279428abed20022a46c2d3c8016cc8fe7925c06c2de2bcbcc378ffe86baeb,,2026-08-14,,,html_20210116_02_c25304a0123a.xlsx,Wayback Machine backfill ingested 2026-08-14; per-file capture urls were not recorded
sheets/sheets_wayback_20260814/html_20210116_ea1efa810675.xlsx,a960a5a88ebec4fcaaebf4a05f9e31fc39ec11ce05554ab7c98083c3bd1d6ffe,,2026-08-14,,,html_20210116_ea1efa810675.xlsx,Wayback Machine backfill ingested 2026-08-14; per-file capture urls were not recorded
sheets/sheets_wayback_20260814/html_20210118_5dd17e67c37a.xlsx,5353818e149c668b5b8f9d6fcb8ef10df82d883b69c452bfbdacb6aa11fd8d98,,2026-08-14,,,html_20210118_5dd17e67c37a.xlsx,Wayback Machine backfill ingested 2026-08-14; per-file capture urls were not recorded
sheets/sheets_wayback_20260814/html_20210119_02_9503f2dd49e9.xlsx,2a462070179cb3106761ef4d08831a2f4e40c469a24a8354b80477bd731c1f3e,,2026-08-14,,,html_20210119_02_9503f2dd49e9.xlsx,Wayback Machine backfill ingested 2026-08-14; per-file capture urls were not recorded
sheets/sheets_wayback_20260814/html_20210119_d534e4ff03a4.xlsx,035f6ba4e066642923fb3f36e13a8b5e3a7bce4b42134896540e35497c166256,,2026-08-14,,,html_20210119_d534e4ff03a4.xlsx,Wayback Machine backfill ingested 2026-08-14; per-file capture urls were not recorded
sheets/sheets_wayback_20260814/html_20210121_02_0e28df3c3911.xlsx,b141477ccd7ab9eb7e1620f2f4648fd846d1c785e15a5467d44bdf8bf27d2036,,2026-08-14,,,html_20210121_02_0e28df3c3911.xlsx,Wayback Machine backfill ingested 2026-08-14; per-file capture urls were not recorded
sheets/sheets_wayback_20260814/html_20210121_03_5bf5fde4543e.xlsx,60fab89de90ab1eda3cc6a7e1afa8336f9bf648e1fde5d1f9ee4f5e452589f33,,2026-08-14,,,html_20210121_03_5bf5fde4543e.xlsx,Wayback Machine backfill ingested 2026-08-14; per-file capture urls were not recorded
sheets/sheets_wayback_20260814/html_20210121_04_9c1c71565a17.xlsx,399ff040311fc45e2a692c802c18f5ef6d39a3f88817afe26a96d320fcb6e0d9,,2026-08-14,,,html_20210121_04_9c1c71565a17.xlsx,Wayback Machine backfill ingested 2026-08-14; per-file capture urls were not recorded
sheets/sheets_wayback_20260814/html_20210121_f7bfb76a4b62.xlsx,dfc983bc2c98474bdf72a0061ca96ed7a563ec7be0d4366c06a16f8c0b2f4170,,2026-08-14,,,html_20210121_f7bfb76a4b62.xlsx,Wayback Machine backfill ingested 2026-08-14; per-file capture urls were not recorded
sheets/sheets_wayback_20260814/html_20210122_a188fdd87d3f.xlsx,829515a082a29ad55b781986a634ac4ab05e8c70f065366a8566e7a1ef979754,,2026-08-14,,,html_20210122_a188fdd87d3f.xlsx,Wayback Machine backfill ingested 2026-08-14; per-file capture urls were not recorded
sheets/sheets_wayback_20260814/html_20210123_dc66a23fa48d.xlsx,548989c67bab858bf07667c03e0a8e850f1df3ce06322d29a4bba639624e33db,,2026-08-14,,,html_20210123_dc66a23fa48d.xlsx,Wayback Machine backfill ingested 2026-08-14; per-file capture urls were not recorded
sheets/sheets_wayback_20260814/html_20210124_02_f66c655d7cdd.xlsx,783e349147f79d54a523785164dfc5f683990afc99310db177f2e09623cb934f,,2026-08-14,,,html_20210124_02_f66c655d7cdd.xlsx,Wayback Machine backfill ingested 2026-08-14; per-file capture urls were not recorded
sheets/sheets_wayback_20260814/html_20210124_61f09bf5a4e4.xlsx,e827e179ba18f6c42a9cb33bec57a327b0f52ef4439701ec6c9ef581b0de0073,,2026-08-14,,,html_20210124_61f09bf5a4e4.xlsx,Wayback Machine backfill ingested 2026-08-14; per-file capture urls were not recorded
sheets/sheets_wayback_20260814/html_20210125_0c16531fc10f.xlsx,7a2223603c501932013ef9e9848fb34922884379ef37354c6ea24b50ab8df15d,,2026-08-14,,,html_20210125_0c16531fc10f.xlsx,Wayback Machine backfill ingested 2026-08-14; per-file capture urls were not recorded
sheets/sheets_wayback_20260814/html_20210126_02_127631848745.xlsx,c7915fb3c0cd3d5ec0278a27eeff5baaea09b477b3bf87f9e5aca23eacf5fea3,,2026-08-14,,,html_20210126_02_127631848745.xlsx,Wayback Machine backfill ingested 2026-08-14; per-file capture urls were not recorded
sheets/sheets_wayback_20260814/html_20210126_17a72c6c8590.xlsx,7dab16887e0bb060b16787478bbd0cfe6b2956c5005c3010fd4c914dfe28c874,,2026-08-14,,,html_20210126_17a72c6c8590.xlsx,Wayback Machine backfill ingested 2026-08-14; per-file capture urls were not recorded
sheets/sheets_wayback_20260814/html_20210127_57bbd4b73c0b.xlsx,992c15cf89c77cc34adec34416cee5ec73ba4d38b86b50c81968df4f2eaf0b8e,,2026-08-14,,,html_20210127_57bbd4b73c0b.xlsx,Wayback Machine backfill ingested 2026-08-14; per-file capture urls were not recorded
sheets/sheets_wayback_20260814/html_20210128_925acb672d4b.xlsx,4207796af4376833637451481e1f1f723e4abbc6c3a4189bcdb49e4b19e42323,,2026-08-14,,,html_20210128_925acb672d4b.xlsx,Wayback Machine backfill ingested 2026-08-14; per-file capture urls were not recorded
sheets/sheets_wayback_20260814/html_20210129_02_592b14cd36f5.xlsx,93ae69846902bb02eec0c160e5064d7790c795fb5148fc312a2b1c4b6ebf13bf,,2026-08-14,,,html_20210129_02_592b14cd36f5.xlsx,Wayback Machine backfill ingested 2026-08-14; per-file capture urls were not recorded
sheets/sheets_wayback_20260814/html_20210129_7a1d94511184.xlsx,eca8565742100bed669a173feeabc7aec93083afda2742db183a8045f1e9be61,,2026-08-14,,,html_20210129_7a1d94511184.xlsx,Wayback Machine backfill ingested 2026-08-14; per-file capture urls were not recorded
sheets/sheets_wayback_20260814/html_20210130_23de744249bb.xlsx,5e87dbd42fcf208d91ac8b596690745710f76205557a10db6292dfa731441689,,2026-08-14,,,html_20210130_23de744249bb.xlsx,Wayback Machine backfill ingested 2026-08-14; per-file capture urls were not recorded
sheets/sheets_wayback_20260814/html_20210131_25f0c8d274bf.xlsx,956f555c40dcdf14dd0812250c912a74360b9a5f3eaea3595c12e023b758b405,,2026-08-14,,,html_20210131_25f0c8d274bf.xlsx,Wayback Machine backfill ingested 2026-08-14; per-file capture urls were not recorded
sheets/sheets_wayback_20260814/html_20210201_c587392b24fa.xlsx,a0912680b436136ecdf0992729295398e784bdf7b2dd1383bfa1ddb7ea38e1e2,,2026-08-14,,,html_20210201_c587392b24fa.xlsx,Wayback Machine backfill ingested 2026-08-14; per-file capture urls were not recorded
sheets/sheets_wayback_20260814/html_20210202_ede4a611095d.xlsx,fb71048317147e8c268deea019f8f9d83ee8820c765904e5eb5b838eb7c29c35,,2026-08-14,,,html_20210202_ede4a611095d.xlsx,Wayback Machine backfill ingested 2026-08-14; per-file capture urls were not recorded
sheets/sheets_wayback_20260814/html_20210203_02_7ea732c9ef1d.xlsx,3fbf79c6c2dea0f9b4078502128e5ae5d8b766060857d3e6a44dcf7d6e7476a8,,2026-08-14,,,html_20210203_02_7ea732c9ef1d.xlsx,Wayback Machine backfill ingested 2026-08-14; per-file capture urls were not recorded
sheets/sheets_wayback_20260814/html_20210203_b4ec1b70422c.xlsx,0aef1949c40f7f937fcc5368a6cad6d9e62ae73139c664ca3f88f218ddd327f3,,2026-08-14,,,html_20210203_b4ec1b70422c.xlsx,Wayback Machine backfill ingested 2026-08-14; per-file capture urls were not recorded
sheets/sheets_wayback_20260814/html_20210205_fbdab750153e.xlsx,87e3c73ca1b397e018a3d915e69d418177fd6e650c888b6b707428094b5018fd,,2026-08-14,,,html_20210205_fbdab750153e.xlsx,Wayback Machine backfill ingested 2026-08-14; per-file capture urls were not recorded
sheets/sheets_wayback_20260814/html_20210206_6be2fd93238c.xlsx,4bc620c93919593015085ddb0eb00d0505bd4261f9bf8c082d06bf97ff92c3b6,,2026-08-14,,,html_20210206_6be2fd93238c.xlsx,Wayback Machine backfill ingested 2026-08-14; per-file capture urls were not recorded
sheets/sheets_wayback_20260814/html_20210207_02_9b2c1164d2c4.xlsx,45ac733b838f1039d052fc5e7d89035b37890db0395b47f55d90a5a9163c663f,,2026-08-14,,,html_20210207_02_9b2c1164d2c4.xlsx,Wayback Machine backfill ingested 2026-08-14; per-file capture urls were not recorded
sheets/sheets_wayback_20260814/html_20210207_f6b44018a84c.xlsx,67c8b2f4fe52acc87acbb954d06adaf1392d29488a99be00ab827fde70719d4c,,2026-08-14,,,html_20210207_f6b44018a84c.xlsx,Wayback Machine backfill ingested 2026-08-14; per-file capture urls were not recorded
sheets/sheets_wayback_20260814/html_20210208_02_49cd6c14a662.xlsx,9bf458297cc46a08ad3b06f40822b0ffb42149bf52031a71b1809d8c990ecb5d,,2026-08-14,,,html_20210208_02_49cd6c14a662.xlsx,Wayback Machine backfill ingested 2026-08-14; per-file capture urls were not recorded
sheets/sheets_wayback_20260814/html_20210208_464ad3942990.xlsx,3e342e4aa2c352a9e6562e98e606320ca661f7c0f850d635b3201eef387283bb,,2026-08-14,,,html_20210208_464ad3942990.xlsx,Wayback Machine backfill ingested 2026-08-14; per-file capture urls were not recorded
sheets/sheets_wayback_20260814/html_20210209_14856e2bc4b6.xlsx,de2890545fa087481c8458a368fbc5ed2317483dfd24babe13c443c081fd3353,,2026-08-14,,,html_20210209_14856e2bc4b6.xlsx,Wayback Machine backfill ingested 2026-08-14; per-file capture urls were not recorded
sheets/sheets_wayback_20260814/html_20210210_251f09b9385f.xlsx,88467d4edb41d161ebf2ff85f39a2cc0b1350a3fc5cfd70d3ef5bc99eb1009e5,,2026-08-14,,,html_20210210_251f09b9385f.xlsx,Wayback Machine backfill ingested 2026-08-14; per-file capture urls were not recorded
sheets/sheets_wayback_20260814/html_20210211_02_55331462263f.xlsx,220df3001df2a2d11fc3edd7ededc1f74518789ae1fd28a8071a52b461ee4359,,2026-08-14,,,html_20210211_02_55331462263f.xlsx,Wayback Machine backfill ingested 2026-08-14; per-file capture urls were not recorded
sheets/sheets_wayback_20260814/html_20210211_bef40408fd2b.xlsx,a0c1a1818953d01d3995089d4789453e77d59bdebeb006bbb7a764d11f389cfc,,2026-08-14,,,html_20210211_bef40408fd2b.xlsx,Wayback Machine backfill ingested 2026-08-14; per-file capture urls were not recorded
sheets/sheets_wayback_20260814/html_20210213_02_1c35aacd3104.xlsx,2a21aeeb97bda1b3cb7d8b9b2fe28d8c001bb208f955d6b0734f873cd5833584,,2026-08-14,,,html_20210213_02_1c35aacd3104.xlsx,Wayback Machine backfill ingested 2026-08-14; per-file capture urls were not recorded
sheets/sheets_wayback_20260814/html_20210213_2f42b62cfc8c.xlsx,32d9cf5c58b4532a3a945a99c0239dbab324658eb585813c2873fd726227c611,,2026-08-14,,,html_20210213_2f42b62cfc8c.xlsx,Wayback Machine backfill ingested 2026-08-14; per-file capture urls were not recorded
sheets/sheets_wayback_20260814/html_20210214_fa2190a4108d.xlsx,f174bbf2018cfacb2be48c09f43fb95be9a273eb693281b28ab31c9f29e84d83,,2026-08-14,,,html_20210214_fa2190a4108d.xlsx,Wayback Machine backfill ingested 2026-08-14; per-file capture urls were not recorded
sheets/sheets_wayback_20260814/html_20210215_02_85e277ad2e20.xlsx,fefea72d677480c976efc27b5d39bf8de554bf3214386d58188848259ae911f2,,2026-08-14,,,html_20210215_02_85e277ad2e20.xlsx,Wayback Machine backfill ingested 2026-08-14; per-file capture urls were not recorded
sheets/sheets_wayback_20260814/html_20210215_26ad9e9f3733.xlsx,dd9684798fd9a4f1e0026adb457fda3e4b224b578149075c4d30df09169bc940,,2026-08-14,,,html_20210215_26ad9e9f3733.xlsx,Wayback Machine backfill ingested 2026-08-14; per-file capture urls were not recorded
sheets/sheets_wayback_20260814/participatingAgencies_20250222_5e79be058d3e.xlsx,5e79be058d3e5907e64ba2b2ef55d18e7b37bb627f60b57aeef3cea58d7169bf,,2026-08-14,,,participatingAgencies_20250222_5e79be058d3e.xlsx,Wayback Machine backfill ingested 2026-08-14; per-file capture urls were not recorded
sheets/sheets_wayback_20260814/participatingAgencies_20250227_3c2b72f8112b.xlsx,3c2b72f8112bdd75edc350792d109abaf9863d4f22d3f24dc174a97ffbd70cbe,,2026-08-14,,,participatingAgencies_20250227_3c2b72f8112b.xlsx,Wayback Machine backfill ingested 2026-08-14; per-file capture urls were not recorded
sheets/sheets_wayback_20260814/participatingAgencies01052025pm_c5588218390b.xlsx,c5588218390bfcba74934e772605d4634a038345f610716bc3946e05c22ec931,,2026-08-14,,,participatingAgencies01052025pm_c5588218390b.xlsx,Wayback Machine backfill ingested 2026-08-14; per-file capture urls were not recorded
sheets/sheets_wayback_20260814/participatingAgencies01062025pm_2cfb429e7ff5.xlsx,2cfb429e7ff57d20d7e214256989240dab55836bca5086982bddcb9fd0e8cb82,,2026-08-14,,,participatingAgencies01062025pm_2cfb429e7ff5.xlsx,Wayback Machine backfill ingested 2026-08-14; per-file capture urls were not recorded
sheets/sheets_wayback_20260814/participatingAgencies01072026am_7516bee78dd7.xlsx,7516bee78dd74abeb7a5923e0daa120363513fe55a1fe656124e6587fd8176d0,,2026-08-14,,,participatingAgencies01072026am_7516bee78dd7.xlsx,Wayback Machine backfill ingested 2026-08-14; per-file capture urls were not recorded
sheets/sheets_wayback_20260814/participatingAgencies01082026am_608c7cdafa72.xlsx,608c7cdafa72bfeb9f09329af5aeab6086497e7e363018c9e4e526a5533aac6c,,2026-08-14,,,participatingAgencies01082026am_608c7cdafa72.xlsx,Wayback Machine backfill ingested 2026-08-14; per-file capture urls were not recorded
sheets/sheets_wayback_20260814/participatingAgencies01122026am_9972b76bb962.xlsx,9972b76bb962a445d58b56d91d65f25a5717fe6ee163a65fc1bacd188c97114e,,2026-08-14,,,participatingAgencies01122026am_9972b76bb962.xlsx,Wayback Machine backfill ingested 2026-08-14; per-file capture urls were not recorded
sheets/sheets_wayback_20260814/participatingAgencies01132026am_0b7b4de42d89.xlsx,0b7b4de42d8974aee3614c71dc2cc6fb73849b2f2985b8ea54ada23d78948aa1,,2026-08-14,,,participatingAgencies01132026am_0b7b4de42d89.xlsx,Wayback Machine backfill ingested 2026-08-14; per-file capture urls were not recorded
sheets/sheets_wayback_20260814/participatingAgencies01142026am_94e9e9a4043b.xlsx,94e9e9a4043bd45cd4ef70bd229651512de2a651088bb2bc6e6ed58e99e8c5af,,2026-08-14,,,participatingAgencies01142026am_94e9e9a4043b.xlsx,Wayback Machine backfill ingested 2026-08-14; per-file capture urls were not recorded
sheets/sheets_wayback_20260814/participatingAgencies01152026am_1e89b7c3a934.xlsx,1e89b7c3a934b44aee881240814490885fd00dd9ba6afcc59183af8c6e6c9c03,,2026-08-14,,,participatingAgencies01152026am_1e89b7c3a934.xlsx,Wayback Machine backfill ingested 2026-08-14; per-file capture urls were not recorded
sheets/sheets_wayback_20260814/participatingAgencies01162026am_5a3766937654.xlsx,5a376693765417d024119f4c0fc86b93897ca2692ef5b1b71627dbbb36b4140e,,2026-08-14,,,participatingAgencies01162026am_5a3766937654.xlsx,Wayback Machine backfill ingested 2026-08-14; per-file capture urls were not recorded
sheets/sheets_wayback_20260814/participatingAgencies01202026am_8cb29cd37597.xlsx,8cb29cd3759754fdb387dfcfe380efcf001783ac097a196776431c9e2ddec685,,2026-08-14,,,participatingAgencies01202026am_8cb29cd37597.xlsx,Wayback Machine backfill ingested 2026-08-14; per-file capture urls were not recorded
sheets/sheets_wayback_20260814/participatingAgencies01222026am_88ed5429dc18.xlsx,88ed5429dc18f0d18fc81b166f33b5ee077943524ab8de723f9edaa1b827ac4b,,2026-08-14,,,participatingAgencies01222026am_88ed5429dc18.xlsx,Wayback Machine backfill ingested 2026-08-14; per-file capture urls were not recorded
sheets/sheets_wayback_20260814/participatingAgencies01232026am_56b2004c1de8.xlsx,56b2004c1de8407353a644ab65361780785f071d3f5278c0cd04bcee51c11943,,2026-08-14,,,participatingAgencies01232026am_56b2004c1de8.xlsx,Wayback Machine backfill ingested 2026-08-14; per-file capture urls were not recorded
sheets/sheets_wayback_20260814/participatingAgencies01262026pm_59091249c91a.xlsx,59091249c91a50deea68c1388bc5b8f5e35df1d1b2a70543455763ce3a7edd38,,2026-08-14,,,participatingAgencies01262026pm_59091249c91a.xlsx,Wayback Machine backfill ingested 2026-08-14; per-file capture urls were not recorded
sheets/sheets_wayback_20260814/participatingAgencies01282026pm_fc60e446fe79.xlsx,fc60e446fe797f67b456fc711999554955a4c54fa8693f25e66bbfb22f1ec897,,2026-08-14,,,participatingAgencies01282026pm_fc60e446fe79.xlsx,Wayback Machine backfill ingested 2026-08-14; per-file capture urls were not recorded
sheets/sheets_wayback_20260814/participatingAgencies01292026pm_e52a47c8b175.xlsx,e52a47c8b175395bc19424dab57828c2548dc3bb2f913fbada499e17bf60d09d,,2026-08-14,,,participatingAgencies01292026pm_e52a47c8b175.xlsx,Wayback Machine backfill ingested 2026-08-14; per-file capture urls were not recorded
sheets/sheets_wayback_20260814/participatingAgencies01302026am_f9afe7334fa2.xlsx,f9afe7334fa22ea91cc1873d2a4f9620aaf7e1b9cebe25efa85e5a0797924438,,2026-08-14,,,participatingAgencies01302026am_f9afe7334fa2.xlsx,Wayback Machine backfill ingested 2026-08-14; per-file capture urls were not recorded
sheets/sheets_wayback_20260814/participatingAgencies02022026am_f16cb7073199.xlsx,f16cb70731995841e3ea973e97c46b917f815417ed42f70c867859630cdd6bb9,,2026-08-14,,,participatingAgencies02022026am_f16cb7073199.xlsx,Wayback Machine backfill ingested 2026-08-14; per-file capture urls were not recorded
sheets/sheets_wayback_20260814/participatingAgencies02032026am_1305a9457ebd.xlsx,1305a9457ebd85edae51fc67115a0fdf941ddbbf98a0083f5c1244436f6fa7d0,,2026-08-14,,,participatingAgencies02032026am_1305a9457ebd.xlsx,Wayback Machine backfill ingested 2026-08-14; per-file capture urls were not recorded
sheets/sheets_wayback_20260814/participatingAgencies02042026am_0a558bb17d09.xlsx,0a558bb17d0931d651b53efa47f5dddd666814b8c9e62d954a2aa861eed2a408,,2026-08-14,,,participatingAgencies02042026am_0a558bb17d09.xlsx,Wayback Machine backfill ingested 2026-08-14; per-file capture urls were not recorded
sheets/sheets_wayback_20260814/participatingAgencies02052026am_95ccf13cb909.xlsx,95ccf13cb909dd8c8c669336164fb032c696c024131ca7604ad8069020b6f378,,2026-08-14,,,participatingAgencies02052026am_95ccf13cb909.xlsx,Wayback Machine backfill ingested 2026-08-14; per-file capture urls were not recorded
sheets/sheets_wayback_20260814/participatingAgencies02062026pm_79db5f34b81b.xlsx,79db5f34b81b55bde983f9cb6c949bc22c6deacd1fbeb6ac24fb74ea19cd4752,,2026-08-14,,,participatingAgencies02062026pm_79db5f34b81b.xlsx,Wayback Machine backfill ingested 2026-08-14; per-file capture urls were not recorded
sheets/sheets_wayback_20260814/participatingAgencies02092026am_2cb590fa8bba.xlsx,2cb590fa8bba452213cd4d7953ae63017718b66665c5264de476c39139dc4d5d,,2026-08-14,,,participatingAgencies02092026am_2cb590fa8bba.xlsx,Wayback Machine backfill ingested 2026-08-14; per-file capture urls were not recorded
sheets/sheets_wayback_20260814/participatingAgencies02102026am_e62908ddf1a9.xlsx,e62908ddf1a91fcde9118e475ac9c2115428ccaa800377c9f22d9adcc7b42c3f,,2026-08-14,,,participatingAgencies02102026am_e62908ddf1a9.xlsx,Wayback Machine backfill ingested 2026-08-14; per-file capture urls were not recorded
sheets/sheets_wayback_20260814/participatingAgencies02112026am_6bafa7d7ef12.xlsx,6bafa7d7ef1290d133b5b9ac50ded629aac06f8ca495dd30bf48d9ba245180b8,,2026-08-14,,,participatingAgencies02112026am_6bafa7d7ef12.xlsx,Wayback Machine backfill ingested 2026-08-14; per-file capture urls were not recorded
sheets/sheets_wayback_20260814/participatingAgencies02132026am_b518d8f73f77.xlsx,b518d8f73f77a4add257e8ffe2adfc9e8abe8d301bef4da62f201f5473c98010,,2026-08-14,,,participatingAgencies02132026am_b518d8f73f77.xlsx,Wayback Machine backfill ingested 2026-08-14; per-file capture urls were not recorded
sheets/sheets_wayback_20260814/participatingAgencies02172026pm_7eb70a7a7d5b.xlsx,7eb70a7a7d5bf1fb1498e9522db377b7a28f001691366b843b99b7922fd07fe5,,2026-08-14,,,participatingAgencies02172026pm_7eb70a7a7d5b.xlsx,Wayback Machine backfill ingested 2026-08-14; per-file capture urls were not recorded
sheets/sheets_wayback_20260814/participatingAgencies02272026am_ac3a707e25e9.xlsx,ac3a707e25e9c61df7b63a5cc6c80604cc53732d355633ec4e09b8f2a4814d8d,,2026-08-14,,,participatingAgencies02272026am_ac3a707e25e9.xlsx,Wayback Machine backfill ingested 2026-08-14; per-file capture urls were not recorded
sheets/sheets_wayback_20260814/participatingAgencies03022026am_da777db84f17.xlsx,da777db84f17994c81b556dcdce8129c0c3975448a25d2bb60f87427c260c15f,,2026-08-14,,,participatingAgencies03022026am_da777db84f17.xlsx,Wayback Machine backfill ingested 2026-08-14; per-file capture urls were not recorded
sheets/sheets_wayback_20260814/participatingAgencies03032025PM_63ebad7ab114.xlsx,63ebad7ab1147ef3ac94bd0ca11e53b78f891d0f8d1bec3c7ec428b5b9ee508e,,2026-08-14,,,participatingAgencies03032025PM_63ebad7ab114.xlsx,Wayback Machine backfill ingested 2026-08-14; per-file capture urls were not recorded
sheets/sheets_wayback_20260814/participatingAgencies03032026am_5f23c91d2507.xlsx,5f23c91d25079d1ec7af44fb4253cf85799fd4560b133879211d841d5c747842,,2026-08-14,,,participatingAgencies03032026am_5f23c91d2507.xlsx,Wayback Machine backfill ingested 2026-08-14; per-file capture urls were not recorded
sheets/sheets_wayback_20260814/participatingAgencies03052026pm_5159afa0069d.xlsx,5159afa0069d989dcbfd77e9e22275d5d826d61d35fdd9cd22e7e7bc531c9571,,2026-08-14,,,participatingAgencies03052026pm_5159afa0069d.xlsx,Wayback Machine backfill ingested 2026-08-14; per-file capture urls were not recorded
sheets/sheets_wayback_20260814/participatingAgencies03062025am_2a49c89d7a7f.xlsx,2a49c89d7a7f43746f1807359a0d0f9a011300bb2675897b8fc65836f5bf6467,,2026-08-14,,,participatingAgencies03062025am_2a49c89d7a7f.xlsx,Wayback Machine backfill ingested 2026-08-14; per-file capture urls were not recorded
sheets/sheets_wayback_20260814/participatingAgencies03062026pm_75b11a5cb9f4.xlsx,75b11a5cb9f4072c9d4529eb47b818282ce03a4e45655b1abba848c455446c92,,2026-08-14,,,participatingAgencies03062026pm_75b11a5cb9f4.xlsx,Wayback Machine backfill ingested 2026-08-14; per-file capture urls were not recorded
sheets/sheets_wayback_20260814/participatingAgencies03072025am_64d8f35f9959.xlsx,64d8f35f9959578dc2d44b0e3c421a04e35d5fdbd6f002126e7302b5184ac989,,2026-08-14,,,participatingAgencies03072025am_64d8f35f9959.xlsx,Wayback Machine backfill ingested 2026-08-14; per-file capture urls were not recorded
sheets/sheets_wayback_20260814/participatingAgencies03092026am_587ca6f21749.xlsx,587ca6f21749bf51e6970268ddd2ff409970a8ab31ad14ba072a3f6341099f76,,2026-08-14,,,participatingAgencies03092026am_587ca6f21749.xlsx,Wayback Machine backfill ingested 2026-08-14; per-file capture urls were not recorded
sheets/sheets_wayback_20260814/participatingAgencies03112026am_661f45a38a19.xlsx,661f45a38a19d4678b2a5fe69ed62dde4de7dd04f12a52459a9597b72ceca254,,2026-08-14,,,participatingAgencies03112026am_661f45a38a19.xlsx,Wayback Machine backfill ingested 2026-08-14; per-file capture urls were not recorded
sheets/sheets_wayback_20260814/participatingAgencies03122026am_25ddfff4997b.xlsx,25ddfff4997bf911d796516fe82e3c918a3b02743cde24a09c94664ef36c1973,,2026-08-14,,,participatingAgencies03122026am_25ddfff4997b.xlsx,Wayback Machine backfill ingested 2026-08-14; per-file capture urls were not recorded
sheets/sheets_wayback_20260814/participatingAgencies03132026am_6e0080a9f07a.xlsx,6e0080a9f07ac776d3fd38f9be173feffd4483873525abfb30afe63db0c4339c,,2026-08-14,,,participatingAgencies03132026am_6e0080a9f07a.xlsx,Wayback Machine backfill ingested 2026-08-14; per-file capture urls were not recorded
sheets/sheets_wayback_20260814/participatingAgencies03162026am_b828d3a73a07.xlsx,b828d3a73a076114beabdd4d19d6721f227a6c4396ed64b173af3f5afe2e4269,,2026-08-14,,,participatingAgencies03162026am_b828d3a73a07.xlsx,Wayback Machine backfill ingested 2026-08-14; per-file capture urls were not recorded
sheets/sheets_wayback_20260814/participatingAgencies03172025pm_88fdd9c68044.xlsx,88fdd9c68044dbfed58b9dd4ef4dda119748ce6491909dfab0dbbe779255cf28,,2026-08-14,,,participatingAgencies03172025pm_88fdd9c68044.xlsx,Wayback Machine backfill ingested 2026-08-14; per-file capture urls were not recorded
sheets/sheets_wayback_20260814/participatingAgencies03182026am_ff2e1add6095.xlsx,ff2e1add6095c968833720aa11ba48c04dac1069503936493d0a501a3bfef223,,2026-08-14,,,participatingAgencies03182026am_ff2e1add6095.xlsx,Wayback Machine backfill ingested 2026-08-14; per-file capture urls were not recorded
sheets/sheets_wayback_20260814/participatingAgencies03192026pm_3394e6ba6da7.xlsx,3394e6ba6da7ba2231f768632840fa717e017d148dc240f0ebe9fd53f960f181,,2026-08-14,,,participatingAgencies03192026pm_3394e6ba6da7.xlsx,Wayback Machine backfill ingested 2026-08-14; per-file capture urls were not recorded
sheets/sheets_wayback_20260814/participatingAgencies03202026pm_523470265e03.xlsx,523470265e038bc55dd7c87bfb57759000315969bb64744250aa136c3e581405,,2026-08-14,,,participatingAgencies03202026pm_523470265e03.xlsx,Wayback Machine backfill ingested 2026-08-14; per-file capture urls were not recorded
sheets/sheets_wayback_20260814/participatingAgencies03262025pm_6e46b0917d3f.xlsx,6e46b0917d3f9b979f1297febfb8cce4da23ca80f9c67c02b757588524085038,,2026-08-14,,,participatingAgencies03262025pm_6e46b0917d3f.xlsx,Wayback Machine backfill ingested 2026-08-14; per-file capture urls were not recorded
sheets/sheets_wayback_20260814/participatingAgencies03272025am_add2e25197e3.xlsx,add2e25197e3f63f6cd7b0ff7c2347562b98915e55eebccb549510cba9486538,,2026-08-14,,,participatingAgencies03272025am_add2e25197e3.xlsx,Wayback Machine backfill ingested 2026-08-14; per-file capture urls were not recorded
sheets/sheets_wayback_20260814/participatingAgencies03272026am_c291c4bb6cef.xlsx,c291c4bb6cefc291dd5cc3cfc62ac47591ba702e5ad79504355659e8d26f77e8,,2026-08-14,,,participatingAgencies03272026am_c291c4bb6cef.xlsx,Wayback Machine backfill ingested 2026-08-14; per-file capture urls were not recorded
sheets/sheets_wayback_20260814/participatingAgencies03282025am_7a66ca2d7222.xlsx,7a66ca2d7222d8b2ea9b89b954beb1c46024edfb8b5bc95320e0f172680b97d9,,2026-08-14,,,participatingAgencies03282025am_7a66ca2d7222.xlsx,Wayback Machine backfill ingested 2026-08-14; per-file capture urls were not recorded
sheets/sheets_wayback_20260814/participatingAgencies03312025pm_8bade24a9e81.xlsx,8bade24a9e8115d56cb552fbc7a48a9a5e01a3b806b309aa9efc0552e8b60c8c,,2026-08-14,,,participatingAgencies03312025pm_8bade24a9e81.xlsx,Wayback Machine backfill ingested 2026-08-14; per-file capture urls were not recorded
sheets/sheets_wayback_20260814/participatingAgencies04012026am_102467bb1a3e.xlsx,102467bb1a3e0bf567400c2017fcb2ac6aa74a4b6c57ee15fb13052646f11334,,2026-08-14,,,participatingAgencies04012026am_102467bb1a3e.xlsx,Wayback Machine backfill ingested 2026-08-14; per-file capture urls were not recorded
sheets/sheets_wayback_20260814/participatingAgencies04032025pm_81aebec4696e.xlsx,81aebec4696ef0b520665a9fbcea8f34d454ba5585688e170cc9f9874e2cc056,,2026-08-14,,,participatingAgencies04032025pm_81aebec4696e.xlsx,Wayback Machine backfill ingested 2026-08-14; per-file capture urls were not recorded
sheets/sheets_wayback_20260814/participatingAgencies04082026pm_88b7ef2dda1c.xlsx,88b7ef2dda1cb6a18a5609cd1239d955a44addc2f824af29b300dc05b02ed77f,,2026-08-14,,,participatingAgencies04082026pm_88b7ef2dda1c.xlsx,Wayback Machine backfill ingested 2026-08-14; per-file capture urls were not recorded
sheets/sheets_wayback_20260814/participatingAgencies04092026pm_b53c3364ae2f.xlsx,b53c3364ae2f814d95c82531b6465d9860cf13f245bf97921946d02d8d1cfc37,,2026-08-14,,,participatingAgencies04092026pm_b53c3364ae2f.xlsx,Wayback Machine backfill ingested 2026-08-14; per-file capture urls were not recorded
sheets/sheets_wayback_20260814/participatingAgencies04102025am_6b049eb97837.xlsx,6b049eb978370a14e733dce58a13547eed22c9f94c342856291dfbbabf29da69,,2026-08-14,,,participatingAgencies04102025am_6b049eb97837.xlsx,Wayback Machine backfill ingested 2026-08-14; per-file capture urls were not recorded
sheets/sheets_wayback_20260814/participatingAgencies04102026pm_c034f7428a80.xlsx,c034f7428a80c49c6ad015ca1808d0234021e1429c280e81c78912b854a2af81,,2026-08-14,,,participatingAgencies04102026pm_c034f7428a80.xlsx,Wayback Machine backfill ingested 2026-08-14; per-file capture urls were not recorded
sheets/sheets_wayback_20260814/participatingAgencies04112025pm_adad1f089a00.xlsx,adad1f089a00bc0f15082ce390a729e205ef5ffda81699eceeacbe644dfeb438,,2026-08-14,,,participatingAgencies04112025pm_adad1f089a00.xlsx,Wayback Machine backfill ingested 2026-08-14; per-file capture urls were not recorded
sheets/sheets_wayback_20260814/participatingAgencies04132026am_85b54a8e1b33.xlsx,85b54a8e1b3343092cff9c496716f99c55ca923108dfb16364c06a9f55791672,,2026-08-14,,,participatingAgencies04132026am_85b54a8e1b33.xlsx,Wayback Machine backfill ingested 2026-08-14; per-file capture urls were not recorded
sheets/sheets_wayback_20260814/participatingAgencies04142025am_2b08799b50ae.xlsx,2b08799b50ae8c804743f90bf645bcce57789f6ba642db33cd3e6dc48fd4924f,,2026-08-14,,,participatingAgencies04142025am_2b08799b50ae.xlsx,Wayback Machine backfill ingested 2026-08-14; per-file capture urls were not recorded
sheets/sheets_wayback_20260814/participatingAgencies04152026pm_0a93968abccb.xlsx,0a93968abccb74e46814e5318f6a83474d2bff2788699c57a5a5d3440a6788a2,,2026-08-14,,,participatingAgencies04152026pm_0a93968abccb.xlsx,Wayback Machine backfill ingested 2026-08-14; per-file capture urls were not recorded
sheets/sheets_wayback_20260814/participatingAgencies041720263pm_c7e397a9bc29.xlsx,c7e397a9bc29494d2fff54cb1bcc75b583b047c048e466b2c5be9d80f7eefb14,,2026-08-14,,,participatingAgencies041720263pm_c7e397a9bc29.xlsx,Wayback Machine backfill ingested 2026-08-14; per-file capture urls were not recorded
sheets/sheets_wayback_20260814/participatingAgencies04212026am_40c2a09e26b3.xlsx,40c2a09e26b382c148db7d1964218ec0f41140793e4ef9c82773fb128c865d4a,,2026-08-14,,,participatingAgencies04212026am_40c2a09e26b3.xlsx,Wayback Machine backfill ingested 2026-08-14; per-file capture urls were not recorded
sheets/sheets_wayback_20260814/participatingAgencies04222026pm_153e1c089b6c.xlsx,153e1c089b6c49e10e2bebd5a60023042dab03d5adde3dc092ab95a4c3264642,,2026-08-14,,,participatingAgencies04222026pm_153e1c089b6c.xlsx,Wayback Machine backfill ingested 2026-08-14; per-file capture urls were not recorded
sheets/sheets_wayback_20260814/participatingAgencies04232026_af6b9a152016.xlsx,af6b9a15201620265fb437673643a41d71293ffd8c7180d877b36eb976768643,,2026-08-14,,,participatingAgencies04232026_af6b9a152016.xlsx,Wayback Machine backfill ingested 2026-08-14; per-file capture urls were not recorded
sheets/sheets_wayback_20260814/participatingAgencies04242025am_85ea374f2816.xlsx,85ea374f2816790c2bc2efec0e5bc9d8245d19695ee604eadc1a502b1bfe3faf,,2026-08-14,,,participatingAgencies04242025am_85ea374f2816.xlsx,Wayback Machine backfill ingested 2026-08-14; per-file capture urls were not recorded
sheets/sheets_wayback_20260814/participatingAgencies04272026pm_0f04c8f1a77e.xlsx,0f04c8f1a77e7ce3b64e0c2e7d96b70c16f106db7b49193bd8556f09a4ceb36c,,2026-08-14,,,participatingAgencies04272026pm_0f04c8f1a77e.xlsx,Wayback Machine backfill ingested 2026-08-14; per-file capture urls were not recorded
sheets/sheets_wayback_20260814/participatingAgencies04282025am_66b1c5080144.xlsx,66b1c508014473ce5df6daa74b5a7ab2a0ff31f26c0523cbfd7ee59a697ccba1,,2026-08-14,,,participatingAgencies04282025am_66b1c5080144.xlsx,Wayback Machine backfill ingested 2026-08-14; per-file capture urls were not recorded
sheets/sheets_wayback_20260814/participatingAgencies04302026am_2c0f15bf25e4.xlsx,2c0f15bf25e4b7068ceaaa03abaafe0c2a1ac30d27f327da9308f99b729f818b,,2026-08-14,,,participatingAgencies04302026am_2c0f15bf25e4.xlsx,Wayback Machine backfill ingested 2026-08-14; per-file capture urls were not recorded
sheets/sheets_wayback_20260814/participatingAgencies05012026am_f566e8b8a362.xlsx,f566e8b8a36279407e49abefec6fab16e88a55654040c149c45490cafcb7f02c,,2026-08-14,,,participatingAgencies05012026am_f566e8b8a362.xlsx,Wayback Machine backfill ingested 2026-08-14; per-file capture urls were not recorded
sheets/sheets_wayback_20260814/participatingAgencies05012026pm_2f453949cc2d.xlsx,2f453949cc2d5e11f1b63c05fad0eb5fb5d1f83e72bcbf394ab12725e0feae65,,2026-08-14,,,participatingAgencies05012026pm_2f453949cc2d.xlsx,Wayback Machine backfill ingested 2026-08-14; per-file capture urls were not recorded
sheets/sheets_wayback_20260814/participatingAgencies05052026pm_bc06ed952def.xlsx,bc06ed952defec5feb66700560ddf6f85903bebc8bccf95478c6a3978bc9b327,,2026-08-14,,,participatingAgencies05052026pm_bc06ed952def.xlsx,Wayback Machine backfill ingested 2026-08-14; per-file capture urls were not recorded
sheets/sheets_wayback_20260814/participatingAgencies05072026am_d93c1211aa73.xlsx,d93c1211aa7356118e4f755126eaa2f643c97e45c0a3cbb9140b138c9680ca1a,,2026-08-14,,,participatingAgencies05072026am_d93c1211aa73.xlsx,Wayback Machine backfill ingested 2026-08-14; per-file capture urls were not recorded
sheets/sheets_wayback_20260814/participatingAgencies05082026am_65621dd2dbbd.xlsx,65621dd2dbbde24703970674dd789da39ce5650af64e821644f66baccd210745,,2026-08-14,,,participatingAgencies05082026am_65621dd2dbbd.xlsx,Wayback Machine backfill ingested 2026-08-14; per-file capture urls were not recorded
sheets/sheets_wayback_20260814/participatingAgencies05112026am_1ce05b0cf376.xlsx,1ce05b0cf3767c87be53480755ae24a1fd3f2eb52f4e34184554966bb3c8798a,,2026-08-14,,,participatingAgencies05112026am_1ce05b0cf376.xlsx,Wayback Machine backfill ingested 2026-08-14; per-file capture urls were not recorded
sheets/sheets_wayback_20260814/participatingAgencies05122026pm_70ba30aaab7e.xlsx,70ba30aaab7e22c27d2ac096e2fecf8fbf1a277b5f455fe8f9dd3a63b3b9b4f6,,2026-08-14,,,participatingAgencies05122026pm_70ba30aaab7e.xlsx,Wayback Machine backfill ingested 2026-08-14; per-file capture urls were not recorded
sheets/sheets_wayback_20260814/participatingAgencies05132026pm_001cdbcef43f.xlsx,001cdbcef43f9c2004dbd8f5f019c66c8a3c55893a4d1f2aed2221bd1ad26e6d,,2026-08-14,,,participatingAgencies05132026pm_001cdbcef43f.xlsx,Wayback Machine backfill ingested 2026-08-14; per-file capture urls were not recorded
sheets/sheets_wayback_20260814/participatingAgencies05142026am_3f83b4f1422b.xlsx,3f83b4f1422b1e6faa89e9b62f8ef39c884907ca88336b83a419963af020ce8d,,2026-08-14,,,participatingAgencies05142026am_3f83b4f1422b.xlsx,Wayback Machine backfill ingested 2026-08-14; per-file capture urls were not recorded
sheets/sheets_wayback_20260814/participatingAgencies05152025am_2f8e91de7687.xlsx,2f8e91de7687dd6fa84d9973f5e42f938786f4f4455827e66209fc225feefabd,,2026-08-14,,,participatingAgencies05152025am_2f8e91de7687.xlsx,Wayback Machine backfill ingested 2026-08-14; per-file capture urls were not recorded
sheets/sheets_wayback_20260814/participatingAgencies05162025am_46f827da806f.xlsx,46f827da806f2a0161e4768a8801b7970e431c76e4fd946576e06095bfd50503,,2026-08-14,,,participatingAgencies05162025am_46f827da806f.xlsx,Wayback Machine backfill ingested 2026-08-14; per-file capture urls were not recorded
sheets/sheets_wayback_20260814/participatingAgencies05182026am_f2d0629e4a4c.xlsx,f2d0629e4a4c7f4557d90c74998be7fec37738cd2ca35de36b0b749ca25d04e0,,2026-08-14,,,participatingAgencies05182026am_f2d0629e4a4c.xlsx,Wayback Machine backfill ingested 2026-08-14; per-file capture urls were not recorded
sheets/sheets_wayback_20260814/participatingAgencies05192025am_1e13c0e46ff7.xlsx,1e13c0e46ff71449582b5f10f1dbff7142e3ca06002e81b7ac8cbf8fb2a8745c,,2026-08-14,,,participatingAgencies05192025am_1e13c0e46ff7.xlsx,Wayback Machine backfill ingested 2026-08-14; per-file capture urls were not recorded
sheets/sheets_wayback_20260814/participatingAgencies05192025pm_28657a503eb5.xlsx,28657a503eb5334a873e75a2839933331e49c462532d870b196d2eda07dbb293,,2026-08-14,,,participatingAgencies05192025pm_28657a503eb5.xlsx,Wayback Machine backfill ingested 2026-08-14; per-file capture urls were not recorded
sheets/sheets_wayback_20260814/participatingAgencies05192026am_d1465e05d2bf.xlsx,d1465e05d2bf9e8e7cff1149314eb50ab9f7249381229f9112e3652fbfb162c3,,2026-08-14,,,participatingAgencies05192026am_d1465e05d2bf.xlsx,Wayback Machine backfill ingested 2026-08-14; per-file capture urls were not recorded
sheets/sheets_wayback_20260814/participatingAgencies05202025pm_9ef2eb89c64b.xlsx,9ef2eb89c64b49c419b3c523cac3d6bdd942678a06cd5c073c467a04c8964461,,2026-08-14,,,participatingAgencies05202025pm_9ef2eb89c64b.xlsx,Wayback Machine backfill ingested 2026-08-14; per-file capture urls were not recorded
sheets/sheets_wayback_20260814/participatingAgencies05212026pm_ebf8714c23ff.xlsx,ebf8714c23ff23a6c9da4d5062919fcb5e1603cb0296371882b4a352267d79c0,,2026-08-14,,,participatingAgencies05212026pm_ebf8714c23ff.xlsx,Wayback Machine backfill ingested 2026-08-14; per-file capture urls were not recorded
sheets/sheets_wayback_20260814/participatingAgencies05222025pm_f3eeb264c747.xlsx,f3eeb264c747bb4739204fb9975b8a61380cee06be050cec529cfa52fd9b3915,,2026-08-14,,,participatingAgencies05222025pm_f3eeb264c747.xlsx,Wayback Machine backfill ingested 2026-08-14; per-file capture urls were not recorded
sheets/sheets_wayback_20260814/participatingAgencies05232025am_d5253958e490.xlsx,d5253958e4906e37c4b98a24b1a4f7308443c29ce6df92cfa3a9d03da8a1ebe0,,2026-08-14,,,participatingAgencies05232025am_d5253958e490.xlsx,Wayback Machine backfill ingested 2026-08-14; per-file capture urls were not recorded
sheets/sheets_wayback_20260814/participatingAgencies05232025pm_c4502baeff14.xlsx,c4502baeff14ce5a4fdcb1dde4631b7b7f6b49a7c488baaefb5c30699711c045,,2026-08-14,,,participatingAgencies05232025pm_c4502baeff14.xlsx,Wayback Machine backfill ingested 2026-08-14; per-file capture urls were not recorded
sheets/sheets_wayback_20260814/participatingAgencies05262026am_491771c3448c.xlsx,491771c3448c90b2ef04d83be5ed64326695505aa6c99846f89fc05dec4fe074,,2026-08-14,,,participatingAgencies05262026am_491771c3448c.xlsx,Wayback Machine backfill ingested 2026-08-14; per-file capture urls were not recorded
sheets/sheets_wayback_20260814/participatingAgencies05282025am_e2456897b3f4.xlsx,e2456897b3f4e668751b397885619d69ede52e1b0eba5061e1baba45f8884505,,2026-08-14,,,participatingAgencies05282025am_e2456897b3f4.xlsx,Wayback Machine backfill ingested 2026-08-14; per-file capture urls were not recorded
sheets/sheets_wayback_20260814/participatingAgencies05282026am_072f1c1376d8.xlsx,072f1c1376d8e79279ddbeaab15eebdc15065c9252d8a4c7ee28a5d23d2a477f,,2026-08-14,,,participatingAgencies05282026am_072f1c1376d8.xlsx,Wayback Machine backfill ingested 2026-08-14; per-file capture urls were not recorded
sheets/sheets_wayback_20260814/participatingAgencies05292025am_5d0d3292d435.xlsx,5d0d3292d435025b3b369f9a1a13c89a8de26ccf66cfa95a4f8ebdea7849570c,,2026-08-14,,,participatingAgencies05292025am_5d0d3292d435.xlsx,Wayback Machine backfill ingested 2026-08-14; per-file capture urls were not recorded
sheets/sheets_wayback_20260814/participatingAgencies05292026am_744f523f6ff4.xlsx,744f523f6ff4122d8caaf17de1bc2647e26d8293f22e58e0836d75efd745ff19,,2026-08-14,,,participatingAgencies05292026am_744f523f6ff4.xlsx,Wayback Machine backfill ingested 2026-08-14; per-file capture urls were not recorded
sheets/sheets_wayback_20260814/participatingAgencies06012026am_5e181cec01c7.xlsx,5e181cec01c73164fcdc2d9dab6c734f2282ed69f17d6d41fb28b45593c36ad6,,2026-08-14,,,participatingAgencies06012026am_5e181cec01c7.xlsx,Wayback Machine backfill ingested 2026-08-14; per-file capture urls were not recorded
sheets/sheets_wayback_20260814/participatingAgencies06022026am_27c7f3c6c2aa.xlsx,27c7f3c6c2aad69c3fbecf1e6816e9e076faf22185f58bca77f284988d8431ad,,2026-08-14,,,participatingAgencies06022026am_27c7f3c6c2aa.xlsx,Wayback Machine backfill ingested 2026-08-14; per-file capture urls were not recorded
sheets/sheets_wayback_20260814/participatingAgencies06032026_d00767d81396.xlsx,d00767d8139621a5d6762ca78df6aa26cbd8971f8c76fee6b891d8fc06119e01,,2026-08-14,,,participatingAgencies06032026_d00767d81396.xlsx,Wayback Machine backfill ingested 2026-08-14; per-file capture urls were not recorded
sheets/sheets_wayback_20260814/participatingAgencies06042025am_934682d6a352.xlsx,934682d6a3527039a7fdae80398e1798547c7d62a042ca981d090c96d6811738,,2026-08-14,,,participatingAgencies06042025am_934682d6a352.xlsx,Wayback Machine backfill ingested 2026-08-14; per-file capture urls were not recorded
sheets/sheets_wayback_20260814/participatingAgencies06052026am_01b293a41584.xlsx,01b293a41584564a174fe6a5931abcc86cc4cc1df3e8fe71c7a3c316084bd0a2,,2026-08-14,,,participatingAgencies06052026am_01b293a41584.xlsx,Wayback Machine backfill ingested 2026-08-14; per-file capture urls were not recorded
sheets/sheets_wayback_20260814/participatingAgencies06062025am_707e31fbe5a1.xlsx,707e31fbe5a11ab91ae7ee7ac9ce4cacb35121094553777350c567b60a2fb9aa,,2026-08-14,,,participatingAgencies06062025am_707e31fbe5a1.xlsx,Wayback Machine backfill ingested 2026-08-14; per-file capture urls were not recorded
sheets/sheets_wayback_20260814/participatingAgencies06082026pm_534776e25713.xlsx,534776e25713c87c077820aaae54f0e718ed40f9dbdde6089874262858084676,,2026-08-14,,,participatingAgencies06082026pm_534776e25713.xlsx,Wayback Machine backfill ingested 2026-08-14; per-file capture urls were not recorded
sheets/sheets_wayback_20260814/participatingAgencies060920263pm_ad3bc6255832.xlsx,ad3bc6255832f314ca4adf135f4dfbcf9f1cd9394e38d114aec3f0617fb133e0,,2026-08-14,,,participatingAgencies060920263pm_ad3bc6255832.xlsx,Wayback Machine backfill ingested 2026-08-14; per-file capture urls were not recorded
sheets/sheets_wayback_20260814/participatingAgencies06112025pm_b0a41023e161.xlsx,b0a41023e161d369e8acc97385c183b750190dbaa45911479aa5c25bc83187cf,,2026-08-14,,,participatingAgencies06112025pm_b0a41023e161.xlsx,Wayback Machine backfill ingested 2026-08-14; per-file capture urls were not recorded
sheets/sheets_wayback_20260814/participatingAgencies06122025pm_4b47f1ccecea.xlsx,4b47f1ccecea5b5abac8a9f3c930988c1004280a6855382c101e41cdfd712a6c,,2026-08-14,,,participatingAgencies06122025pm_4b47f1ccecea.xlsx,Wayback Machine backfill ingested 2026-08-14; per-file capture urls were not recorded
sheets/sheets_wayback_20260814/participatingAgencies06122026am_7b97510ca6c8.xlsx,7b97510ca6c844849655d2866bcdd3571d048f45175bd8e3fd24eaf3d3a5155f,,2026-08-14,,,participatingAgencies06122026am_7b97510ca6c8.xlsx,Wayback Machine backfill ingested 2026-08-14; per-file capture urls were not recorded
sheets/sheets_wayback_20260814/participatingAgencies06152026am_cccdb38efb72.xlsx,cccdb38efb724cae590687588576810d2d6d9f12e7a032773d99fa779783ebf8,,2026-08-14,,,participatingAgencies06152026am_cccdb38efb72.xlsx,Wayback Machine backfill ingested 2026-08-14; per-file capture urls were not recorded
sheets/sheets_wayback_20260814/participatingAgencies06162025pm_f8656926b6cf.xlsx,f8656926b6cf087f4db42bd9addf2b7423169a3f8e4319ab38a1be09fb78fc92,,2026-08-14,,,participatingAgencies06162025pm_f8656926b6cf.xlsx,Wayback Machine backfill ingested 2026-08-14; per-file capture urls were not recorded
sheets/sheets_wayback_20260814/participatingAgencies06162026_907ca983b0b1.xlsx,907ca983b0b1d8f51629d513a99f5cc50c5198e818083e1ca7ba031ca9df6ec4,,2026-08-14,,,participatingAgencies06162026_907ca983b0b1.xlsx,Wayback Machine backfill ingested 2026-08-14; per-file capture urls were not recorded
sheets/sheets_wayback_20260814/participatingAgencies06172025pm_2b254a15ef80.xlsx,2b254a15ef80ce24e5f730ef4bc99aa00f75d62a8842861fee836b1f4c74b665,,2026-08-14,,,participatingAgencies06172025pm_2b254a15ef80.xlsx,Wayback Machine backfill ingested 2026-08-14; per-file capture urls were not recorded
sheets/sheets_wayback_20260814/participatingAgencies06172026_13748a683d07.xlsx,13748a683d0782d1994958367d111a4e2df45a16aea7be1834f4efb42b97bda7,,2026-08-14,,,participatingAgencies06172026_13748a683d07.xlsx,Wayback Machine backfill ingested 2026-08-14; per-file capture urls were not recorded
sheets/sheets_wayback_20260814/participatingAgencies06182026_38919e633c86.xlsx,38919e633c86f4fdc1257f74a159f9418e6ada1740d374c48637c22e2e7c227c,,2026-08-14,,,participatingAgencies06182026_38919e633c86.xlsx,Wayback Machine backfill ingested 2026-08-14; per-file capture urls were not recorded
sheets/sheets_wayback_20260814/participatingAgencies06202025am_dd16b8bf652b.xlsx,dd16b8bf652b37405ad447b3fb3dcbef631fcbf3db09d51d42578b36438ea905,,2026-08-14,,,participatingAgencies06202025am_dd16b8bf652b.xlsx,Wayback Machine backfill ingested 2026-08-14; per-file capture urls were not recorded
sheets/sheets_wayback_20260814/participatingAgencies06222026_373192f9bb11.xlsx,373192f9bb11a3d06c731b9026b2b3befc7fb0d00a507c83179bd1483a6b91d2,,2026-08-14,,,participatingAgencies06222026_373192f9bb11.xlsx,Wayback Machine backfill ingested 2026-08-14; per-file capture urls were not recorded
sheets/sheets_wayback_20260814/participatingAgencies06232025am_3c6068ecdc74.xlsx,3c6068ecdc741e8f79cf02875d8577f1f29d02563d60a95a89e4e652241a4509,,2026-08-14,,,participatingAgencies06232025am_3c6068ecdc74.xlsx,Wayback Machine backfill ingested 2026-08-14; per-file capture urls were not recorded
sheets/sheets_wayback_20260814/participatingAgencies06242026pm_83a6166bd248.xlsx,83a6166bd248902273ac1da86371ff60eff0ae9567986f51de8c0bd34987d5c9,,2026-08-14,,,participatingAgencies06242026pm_83a6166bd248.xlsx,Wayback Machine backfill ingested 2026-08-14; per-file capture urls were not recorded
sheets/sheets_wayback_20260814/participatingAgencies06262025am_27b115195f41.xlsx,27b115195f410a47d12ea51cb06438678243fb23b566099bba650ddbbb93ec15,,2026-08-14,,,participatingAgencies06262025am_27b115195f41.xlsx,Wayback Machine backfill ingested 2026-08-14; per-file capture urls were not recorded
sheets/sheets_wayback_20260814/participatingAgencies06262026pm_4aa9157ffb31.xlsx,4aa9157ffb3174497245ad13d0210c145f2da74b85bd146b954f6c3e2e565066,,2026-08-14,,,participatingAgencies06262026pm_4aa9157ffb31.xlsx,Wayback Machine backfill ingested 2026-08-14; per-file capture urls were not recorded
sheets/sheets_wayback_20260814/participatingAgencies06272025am_9f63c87f87a6.xlsx,9f63c87f87a67596dc7102ab2629c1ed4efae96c4f7cad487e73ff7868ca89f7,,2026-08-14,,,participatingAgencies06272025am_9f63c87f87a6.xlsx,Wayback Machine backfill ingested 2026-08-14; per-file capture urls were not recorded
sheets/sheets_wayback_20260814/participatingAgencies06292026_3dc0b018755f.xlsx,3dc0b018755f881b9ab7ad15f9c0475181064a4c23e996e7a8c937d6345f16bd,,2026-08-14,,,participatingAgencies06292026_3dc0b018755f.xlsx,Wayback Machine backfill ingested 2026-08-14; per-file capture urls were not recorded
sheets/sheets_wayback_20260814/participatingAgencies07012025pm_9cf83e994400.xlsx,9cf83e9944003b429cc56892873d5dee5cf2b2d9343c1bc025e32c4a5a337584,,2026-08-14,,,participatingAgencies07012025pm_9cf83e994400.xlsx,Wayback Machine backfill ingested 2026-08-14; per-file capture urls were not recorded
sheets/sheets_wayback_20260814/participatingAgencies07022026_bfa83fba498f.xlsx,bfa83fba498f051adc7b726cb6b90acc175332ade0b4e18bd09d826609203099,,2026-08-14,,,participatingAgencies07022026_bfa83fba498f.xlsx,Wayback Machine backfill ingested 2026-08-14; per-file capture urls were not recorded
sheets/sheets_wayback_20260814/participatingAgencies07032025pm_700ee9fe2206.xlsx,700ee9fe220671e8e8baaf628cd30a1f3139d3de93dff97be11e2726fd5ef289,,2026-08-14,,,participatingAgencies07032025pm_700ee9fe2206.xlsx,Wayback Machine backfill ingested 2026-08-14; per-file capture urls were not recorded
sheets/sheets_wayback_20260814/participatingAgencies07032025pm_dfbd5b3a6dca.xlsx,dfbd5b3a6dca9e9aedfb90651f6b5416c82b45830e00a520379afbf6c725cc8f,,2026-08-14,,,participatingAgencies07032025pm_dfbd5b3a6dca.xlsx,Wayback Machine backfill ingested 2026-08-14; per-file capture urls were not recorded
sheets/sheets_wayback_20260814/participatingAgencies07072025am_80430c3a3a23.xlsx,80430c3a3a23dbd2210e6ede7776a3f64138ccb61dfcbab082b4364b0a7fb04d,,2026-08-14,,,participatingAgencies07072025am_80430c3a3a23.xlsx,Wayback Machine backfill ingested 2026-08-14; per-file capture urls were not recorded
sheets/sheets_wayback_20260814/participatingAgencies07072025pm_4b87a1f97165.xlsx,4b87a1f971658e6d626303d7f5bcae031814cc28bb87a9085e1bf0b539bdeebe,,2026-08-14,,,participatingAgencies07072025pm_4b87a1f97165.xlsx,Wayback Machine backfill ingested 2026-08-14; per-file capture urls were not recorded
sheets/sheets_wayback_20260814/participatingAgencies07072026_ae026d126ab9.xlsx,ae026d126ab9ca10df85976fb5d95b5e5b86c111077d5ff1a16d3563b148c070,,2026-08-14,,,participatingAgencies07072026_ae026d126ab9.xlsx,Wayback Machine backfill ingested 2026-08-14; per-file capture urls were not recorded
sheets/sheets_wayback_20260814/participatingAgencies07092025am_b3d021e5c736.xlsx,b3d021e5c7367234fbf133b26bf325f2bff4f98db7db1888c3d9f71b11e89c51,,2026-08-14,,,participatingAgencies07092025am_b3d021e5c736.xlsx,Wayback Machine backfill ingested 2026-08-14; per-file capture urls were not recorded
sheets/sheets_wayback_20260814/participatingAgencies07092025pm_922c357167fb.xlsx,922c357167fb2222b2ae1372c1e70316b30620fcbc8153091f8f465282a42f44,,2026-08-14,,,participatingAgencies07092025pm_922c357167fb.xlsx,Wayback Machine backfill ingested 2026-08-14; per-file capture urls were not recorded
sheets/sheets_wayback_20260814/participatingAgencies07092026_8b602e09d456.xlsx,8b602e09d4566c3907f493cb8dc479e2734a3a9fb555e6c951a3f93b2a41a8b9,,2026-08-14,,,participatingAgencies07092026_8b602e09d456.xlsx,Wayback Machine backfill ingested 2026-08-14; per-file capture urls were not recorded
sheets/sheets_wayback_20260814/participatingAgencies07102026pm_02eddea06a96.xlsx,02eddea06a967f679a99455ba93a57dfec758ad6f7ce928999c9ee6227f2a9e3,,2026-08-14,,,participatingAgencies07102026pm_02eddea06a96.xlsx,Wayback Machine backfill ingested 2026-08-14; per-file capture urls were not recorded
sheets/sheets_wayback_20260814/participatingAgencies07112025am_cf1d289ab056.xlsx,cf1d289ab056a1ca42c8a3a1b0816402eda58cf6cf0bc3ef4aa3e98a85fd0aed,,2026-08-14,,,participatingAgencies07112025am_cf1d289ab056.xlsx,Wayback Machine backfill ingested 2026-08-14; per-file capture urls were not recorded
sheets/sheets_wayback_20260814/participatingAgencies07112025pm_fac5cf8f8e6d.xlsx,fac5cf8f8e6d34aa10b1b92f98bfc57b6436cc78ad9438a05c1546256109b9df,,2026-08-14,,,participatingAgencies07112025pm_fac5cf8f8e6d.xlsx,Wayback Machine backfill ingested 2026-08-14; per-file capture urls were not recorded
sheets/sheets_wayback_20260814/participatingAgencies07142025am_29f095b63ee9.xlsx,29f095b63ee95e74bf94c7213250be490d958416e561aee9a6d206ff624f323e,,2026-08-14,,,participatingAgencies07142025am_29f095b63ee9.xlsx,Wayback Machine backfill ingested 2026-08-14; per-file capture urls were not recorded
sheets/sheets_wayback_20260814/participatingAgencies07142026pm_bf245354511b.xlsx,bf245354511bf1c7d268b552ca54cdf3755a655b1343c7469b3e9ec8c4972aaf,,2026-08-14,,,participatingAgencies07142026pm_bf245354511b.xlsx,Wayback Machine backfill ingested 2026-08-14; per-file capture urls were not recorded
sheets/sheets_wayback_20260814/participatingAgencies07152025am_3da04b2a6474.xlsx,3da04b2a64749fb83b5f722ce8be4afeacc69c7de65f68a2c8e89ea7146c1711,,2026-08-14,,,participatingAgencies07152025am_3da04b2a6474.xlsx,Wayback Machine backfill ingested 2026-08-14; per-file capture urls were not recorded
sheets/sheets_wayback_20260814/participatingAgencies07162025am_510ccbdf1300.xlsx,510ccbdf130079fc3ceacf029ecf5deed6d0a12b602a8b87c63aacc3488d59e6,,2026-08-14,,,participatingAgencies07162025am_510ccbdf1300.xlsx,Wayback Machine backfill ingested 2026-08-14; per-file capture urls were not recorded
sheets/sheets_wayback_20260814/participatingAgencies07172026pm_d3b1350c0e16.xlsx,d3b1350c0e16e7793644a04cc59282c1575107a3c2e2c4fe7966561a0407be51,,2026-08-14,,,participatingAgencies07172026pm_d3b1350c0e16.xlsx,Wayback Machine backfill ingested 2026-08-14; per-file capture urls were not recorded
sheets/sheets_wayback_20260814/participatingAgencies07182025am_f8205af8ddc7.xlsx,f8205af8ddc77672616c1d9e5d18e6114fe4c04c00369e4a52ca431211e49da6,,2026-08-14,,,participatingAgencies07182025am_f8205af8ddc7.xlsx,Wayback Machine backfill ingested 2026-08-14; per-file capture urls were not recorded
sheets/sheets_wayback_20260814/participatingAgencies07182025pm_d6edafa262b3.xlsx,d6edafa262b3d105118e09bd00686e34cee9e19a621352cd0a39cafd3f056195,,2026-08-14,,,participatingAgencies07182025pm_d6edafa262b3.xlsx,Wayback Machine backfill ingested 2026-08-14; per-file capture urls were not recorded
sheets/sheets_wayback_20260814/participatingAgencies07202026_c0af1e048a0a.xlsx,c0af1e048a0a8fee8577f63fec20be7aec9a7861c1c44181c681604cbdac3b7d,,2026-08-14,,,participatingAgencies07202026_c0af1e048a0a.xlsx,Wayback Machine backfill ingested 2026-08-14; per-file capture urls were not recorded
sheets/sheets_wayback_20260814/participatingAgencies07242025am_81e0fea6bd65.xlsx,81e0fea6bd6527fa2fe54833a38004f4bb4c0a3e3fd27605765d09c087c74de7,,2026-08-14,,,participatingAgencies07242025am_81e0fea6bd65.xlsx,Wayback Machine backfill ingested 2026-08-14; per-file capture urls were not recorded
sheets/sheets_wayback_20260814/participatingAgencies07242025pm_b_cecc14c2c952.xlsx,cecc14c2c9526189c85fc462e4d5c8230db34da465cb33c114ccba6998c58ab0,,2026-08-14,,,participatingAgencies07242025pm_b_cecc14c2c952.xlsx,Wayback Machine backfill ingested 2026-08-14; per-file capture urls were not recorded
sheets/sheets_wayback_20260814/participatingAgencies07252025pm_122bef52ca3e.xlsx,122bef52ca3e58db73ec5161c4c652a0bd67ea19c2eb6037f1061f10f9ae5f19,,2026-08-14,,,participatingAgencies07252025pm_122bef52ca3e.xlsx,Wayback Machine backfill ingested 2026-08-14; per-file capture urls were not recorded
sheets/sheets_wayback_20260814/participatingAgencies07292025am_7c9645512ae4.xlsx,7c9645512ae40d2cbb5a72b5ede837d701969680986965a0cf3e26a2d2ec2a70,,2026-08-14,,,participatingAgencies07292025am_7c9645512ae4.xlsx,Wayback Machine backfill ingested 2026-08-14; per-file capture urls were not recorded
sheets/sheets_wayback_20260814/participatingAgencies07292025pm_5ebda7dbc728.xlsx,5ebda7dbc72813f6f03d3389112e7df2db749ada57051434e637171859a8c79d,,2026-08-14,,,participatingAgencies07292025pm_5ebda7dbc728.xlsx,Wayback Machine backfill ingested 2026-08-14; per-file capture urls were not recorded
sheets/sheets_wayback_20260814/participatingAgencies07302025am_f702ca7d5b8d.xlsx,f702ca7d5b8df8d554ad7340e1c9b00de3f976e276fdb4855470bbf0f46204d5,,2026-08-14,,,participatingAgencies07302025am_f702ca7d5b8d.xlsx,Wayback Machine backfill ingested 2026-08-14; per-file capture urls were not recorded
sheets/sheets_wayback_20260814/participatingAgencies07302025pm_80407a41af58.xlsx,80407a41af58da4c319f40bf8b96975a6938955aa3472b8eac42e55f693970a6,,2026-08-14,,,participatingAgencies07302025pm_80407a41af58.xlsx,Wayback Machine backfill ingested 2026-08-14; per-file capture urls were not recorded
sheets/sheets_wayback_20260814/participatingAgencies08012025am_ad4b05beec83.xlsx,ad4b05beec83fca8057f124e0198496bc60873b72690165849f3223e2b680a22,,2026-08-14,,,participatingAgencies08012025am_ad4b05beec83.xlsx,Wayback Machine backfill ingested 2026-08-14; per-file capture urls were not recorded
sheets/sheets_wayback_20260814/participatingAgencies08012025pm_4b680fac28eb.xlsx,4b680fac28ebbdee115f7529fd38f721c2119c9de353d9412c15b77faf960c8c,,2026-08-14,,,participatingAgencies08012025pm_4b680fac28eb.xlsx,Wayback Machine backfill ingested 2026-08-14; per-file capture urls were not recorded
sheets/sheets_wayback_20260814/participatingAgencies08042025pm_53e647e7643b.xlsx,53e647e7643b0eeb526db0905fdf70002f8204fc937cba31637e67b8d5a50ace,,2026-08-14,,,participatingAgencies08042025pm_53e647e7643b.xlsx,Wayback Machine backfill ingested 2026-08-14; per-file capture urls were not recorded
sheets/sheets_wayback_20260814/participatingAgencies08052025pm_1fb46bcffa6b.xlsx,1fb46bcffa6be28918ac9c1b158759dc0e903fc2e08f9a5915a766ad5e917acd,,2026-08-14,,,participatingAgencies08052025pm_1fb46bcffa6b.xlsx,Wayback Machine backfill ingested 2026-08-14; per-file capture urls were not recorded
sheets/sheets_wayback_20260814/participatingAgencies08062025pm_e4f0b367514a.xlsx,e4f0b367514a807e9f7813be2bd279d669a697631d847bde4025f192c0efa046,,2026-08-14,,,participatingAgencies08062025pm_e4f0b367514a.xlsx,Wayback Machine backfill ingested 2026-08-14; per-file capture urls were not recorded
sheets/sheets_wayback_20260814/participatingAgencies08072025pm_1e64567a9af3.xlsx,1e64567a9af330ff1b6d3ea5e88610096f3d0b77f0af690327946002511b7c5a,,2026-08-14,,,participatingAgencies08072025pm_1e64567a9af3.xlsx,Wayback Machine backfill ingested 2026-08-14; per-file capture urls were not recorded
sheets/sheets_wayback_20260814/participatingAgencies08082025pm_f9ae9fc53561.xlsx,f9ae9fc535617ea5d9e518c20273a4f5fb828050723ccb15c68afd736cf89006,,2026-08-14,,,participatingAgencies08082025pm_f9ae9fc53561.xlsx,Wayback Machine backfill ingested 2026-08-14; per-file capture urls were not recorded
sheets/sheets_wayback_20260814/participatingAgencies08122025am_65755ee690c1.xlsx,65755ee690c16feaa6e51edb0895ac032f26dde1cbdabd9dbbe4f639e6b93433,,2026-08-14,,,participatingAgencies08122025am_65755ee690c1.xlsx,Wayback Machine backfill ingested 2026-08-14; per-file capture urls were not recorded
sheets/sheets_wayback_20260814/participatingAgencies08132025am_523b483c00b6.xlsx,523b483c00b6698f152fe55094b316130d5c1d5b1b3021c9dd470050b0e0c2ca,,2026-08-14,,,participatingAgencies08132025am_523b483c00b6.xlsx,Wayback Machine backfill ingested 2026-08-14; per-file capture urls were not recorded
sheets/sheets_wayback_20260814/participatingAgencies08142025pm_21c08c3b4734.xlsx,21c08c3b4734895f5bf77dfabb0fe2d9095ea2cf15945c66f630307082d1f0db,,2026-08-14,,,participatingAgencies08142025pm_21c08c3b4734.xlsx,Wayback Machine backfill ingested 2026-08-14; per-file capture urls were not recorded
sheets/sheets_wayback_20260814/participatingAgencies08202025pm_22d8c8646ab5.xlsx,22d8c8646ab546233c75be19b9d170afe1aa492792de38fa693d39adba7af3e2,,2026-08-14,,,participatingAgencies08202025pm_22d8c8646ab5.xlsx,Wayback Machine backfill ingested 2026-08-14; per-file capture urls were not recorded
sheets/sheets_wayback_20260814/participatingAgencies08272025am_ce49743beef0.xlsx,ce49743beef087e1f2eba7642c0e95a8f8eccaa36207edc0531d55d12cd74c7d,,2026-08-14,,,participatingAgencies08272025am_ce49743beef0.xlsx,Wayback Machine backfill ingested 2026-08-14; per-file capture urls were not recorded
sheets/sheets_wayback_20260814/participatingAgencies09032025pm_12e0e6039d3d.xlsx,12e0e6039d3d1c46e9b56331bb32f74b520600a28220e58c48fcbaeacdf16125,,2026-08-14,,,participatingAgencies09032025pm_12e0e6039d3d.xlsx,Wayback Machine backfill ingested 2026-08-14; per-file capture urls were not recorded
sheets/sheets_wayback_20260814/participatingAgencies09042025pm_6102eb2a5f30.xlsx,6102eb2a5f30e3d1de09503b9bb91e3fc7b6a82118e50fa887986e1039dfc9f6,,2026-08-14,,,participatingAgencies09042025pm_6102eb2a5f30.xlsx,Wayback Machine backfill ingested 2026-08-14; per-file capture urls were not recorded
sheets/sheets_wayback_20260814/participatingAgencies09052025pm_c7bb3c73b5e6.xlsx,c7bb3c73b5e6737392e857e8068d1eeb78a42c6b4f0c18b70a16626c276e0425,,2026-08-14,,,participatingAgencies09052025pm_c7bb3c73b5e6.xlsx,Wayback Machine backfill ingested 2026-08-14; per-file capture urls were not recorded
sheets/sheets_wayback_20260814/participatingAgencies09082025am_b9cb179ef04e.xlsx,b9cb179ef04e71e3f35cc3a9c5a25a950c6f325fc90df3ec0892de0e10afa8d1,,2026-08-14,,,participatingAgencies09082025am_b9cb179ef04e.xlsx,Wayback Machine backfill ingested 2026-08-14; per-file capture urls were not recorded
sheets/sheets_wayback_20260814/participatingAgencies09082025pm_9027c6279957.xlsx,9027c6279957bab6292d8ddbe962ceac6d37f0ca27e567ed621e30189167f9d3,,2026-08-14,,,participatingAgencies09082025pm_9027c6279957.xlsx,Wayback Machine backfill ingested 2026-08-14; per-file capture urls were not recorded
sheets/sheets_wayback_20260814/participatingAgencies09102025am_a526f7790793.xlsx,a526f7790793b2534ed0fa2fe22bb2d44f1d442f9aa81fec98210b110eb7a362,,2026-08-14,,,participatingAgencies09102025am_a526f7790793.xlsx,Wayback Machine backfill ingested 2026-08-14; per-file capture urls were not recorded
sheets/sheets_wayback_20260814/participatingAgencies09112025pm_b1f93430e4b9.xlsx,b1f93430e4b9a95955cd58c19dd8f249e4fcbeb5d52de908b3eab4c3b76325f7,,2026-08-14,,,participatingAgencies09112025pm_b1f93430e4b9.xlsx,Wayback Machine backfill ingested 2026-08-14; per-file capture urls were not recorded
sheets/sheets_wayback_20260814/participatingAgencies09172025pm_6e10b847349e.xlsx,6e10b847349e1663ffb0455d44b6ac33dbb0329bcf57fc6560cd630e46b4315f,,2026-08-14,,,participatingAgencies09172025pm_6e10b847349e.xlsx,Wayback Machine backfill ingested 2026-08-14; per-file capture urls were not recorded
sheets/sheets_wayback_20260814/participatingAgencies09232025am_4f2b62c6b3d6.xlsx,4f2b62c6b3d6bd193b2cebf872a2063bc67d065042d55ed838ce098b62b112a2,,2026-08-14,,,participatingAgencies09232025am_4f2b62c6b3d6.xlsx,Wayback Machine backfill ingested 2026-08-14; per-file capture urls were not recorded
sheets/sheets_wayback_20260814/participatingAgencies09242025am_0a828c6db84e.xlsx,0a828c6db84e9b2a8d6a00a0e315d391a793bcdb4df0f4de0b29b0993298aba5,,2026-08-14,,,participatingAgencies09242025am_0a828c6db84e.xlsx,Wayback Machine backfill ingested 2026-08-14; per-file capture urls were not recorded
sheets/sheets_wayback_20260814/participatingAgencies09252025am_9efabfd71860.xlsx,9efabfd718608e26013b304733ee9b9088d91cc8360fd876bb474fe850d68ac2,,2026-08-14,,,participatingAgencies09252025am_9efabfd71860.xlsx,Wayback Machine backfill ingested 2026-08-14; per-file capture urls were not recorded
sheets/sheets_wayback_20260814/participatingAgencies09302025pm_471f48c9389e.xlsx,471f48c9389e6232342d8f7cbc64cded5629c37c4e0a1ddebad1b8f824a3ad9c,,2026-08-14,,,participatingAgencies09302025pm_471f48c9389e.xlsx,Wayback Machine backfill ingested 2026-08-14; per-file capture urls were not recorded
sheets/sheets_wayback_20260814/participatingAgencies10102025pm_5bbf15f3bbad.xlsx,5bbf15f3bbad4f3273886cbfde475fad1a9af2ccc74e713268011231d5475586,,2026-08-14,,,participatingAgencies10102025pm_5bbf15f3bbad.xlsx,Wayback Machine backfill ingested 2026-08-14; per-file capture urls were not recorded
sheets/sheets_wayback_20260814/participatingAgencies10142025am_6e07c4f5096d.xlsx,6e07c4f5096d881e789244984d436df849d9825be3920819743f3f9064205e1d,,2026-08-14,,,participatingAgencies10142025am_6e07c4f5096d.xlsx,Wayback Machine backfill ingested 2026-08-14; per-file capture urls were not recorded
sheets/sheets_wayback_20260814/participatingAgencies10152025mid_802ad72cf4bb.xlsx,802ad72cf4bbb9bbc00acf073091e68d042d74a157516dd319ecf53ef064fa67,,2026-08-14,,,participatingAgencies10152025mid_802ad72cf4bb.xlsx,Wayback Machine backfill ingested 2026-08-14; per-file capture urls were not recorded
sheets/sheets_wayback_20260814/participatingAgencies10162025am_443f140f031e.xlsx,443f140f031ecea62116d23de202dfd93fcd29a6876aa2a2e724af8aba659636,,2026-08-14,,,participatingAgencies10162025am_443f140f031e.xlsx,Wayback Machine backfill ingested 2026-08-14; per-file capture urls were not recorded
sheets/sheets_wayback_20260814/participatingAgencies10172025am_4635e4bdcc8f.xlsx,4635e4bdcc8f019c7402997176f382d2e2782d72de3c5188d718ef530def8dad,,2026-08-14,,,participatingAgencies10172025am_4635e4bdcc8f.xlsx,Wayback Machine backfill ingested 2026-08-14; per-file capture urls were not recorded
sheets/sheets_wayback_20260814/participatingAgencies10172025pm_804425e576ca.xlsx,804425e576caf79a69d2c0ea63b7d20eaa5917219711ac8916c1257bb5713018,,2026-08-14,,,participatingAgencies10172025pm_804425e576ca.xlsx,Wayback Machine backfill ingested 2026-08-14; per-file capture urls were not recorded
sheets/sheets_wayback_20260814/participatingAgencies10202025am_958b0dbac3e0.xlsx,958b0dbac3e041c846a0dd518b1efa6c00d485e1f2242e8036e63551a5a577df,,2026-08-14,,,participatingAgencies10202025am_958b0dbac3e0.xlsx,Wayback Machine backfill ingested 2026-08-14; per-file capture urls were not recorded
sheets/sheets_wayback_20260814/participatingAgencies10222025am_1e8a6d562500.xlsx,1e8a6d5625006d5422766b037d3f0540ea7b66555419c00899f23b3ebf4966ce,,2026-08-14,,,participatingAgencies10222025am_1e8a6d562500.xlsx,Wayback Machine backfill ingested 2026-08-14; per-file capture urls were not recorded
sheets/sheets_wayback_20260814/participatingAgencies10222025mid_ce5a401d3cdf.xlsx,ce5a401d3cdf6f7ac045baaa492a6b640faa5975d4b0bcf76da66bbd1ac9b29e,,2026-08-14,,,participatingAgencies10222025mid_ce5a401d3cdf.xlsx,Wayback Machine backfill ingested 2026-08-14; per-file capture urls were not recorded
sheets/sheets_wayback_20260814/participatingAgencies10232025am_3fa101840aa8.xlsx,3fa101840aa898dd4cc29e7add461079b155a9e4cd6811eb84dead7698d8a1de,,2026-08-14,,,participatingAgencies10232025am_3fa101840aa8.xlsx,Wayback Machine backfill ingested 2026-08-14; per-file capture urls were not recorded
sheets/sheets_wayback_20260814/participatingAgencies10232025mid_b17cd5de1df3.xlsx,b17cd5de1df3f6723ec0bef83fb7508f2932ce88da768f79c27d14c35fe06d1a,,2026-08-14,,,participatingAgencies10232025mid_b17cd5de1df3.xlsx,Wayback Machine backfill ingested 2026-08-14; per-file capture urls were not recorded
sheets/sheets_wayback_20260814/participatingAgencies10242025am_3316d29ef137.xlsx,3316d29ef137b32c1adb0c653c9150fc609312948a78082e3a281475c7a047c8,,2026-08-14,,,participatingAgencies10242025am_3316d29ef137.xlsx,Wayback Machine backfill ingested 2026-08-14; per-file capture urls were not recorded
sheets/sheets_wayback_20260814/participatingAgencies10272025am_f3d6b461ea5d.xlsx,f3d6b461ea5dea63efbb6eebc2f269dd2b898942ce70215ec5fb5c87ef391d74,,2026-08-14,,,participatingAgencies10272025am_f3d6b461ea5d.xlsx,Wayback Machine backfill ingested 2026-08-14; per-file capture urls were not recorded
sheets/sheets_wayback_20260814/participatingAgencies10292025am_e68db663c465.xlsx,e68db663c465fc9d7d2e68b5a152a4b46a97bf18c6be5a6d963a4e95c77fb8a6,,2026-08-14,,,participatingAgencies10292025am_e68db663c465.xlsx,Wayback Machine backfill ingested 2026-08-14; per-file capture urls were not recorded
sheets/sheets_wayback_20260814/participatingAgencies10312025am_440cb4d735c0.xlsx,440cb4d735c0c5531e2d4d862dc5b4ea1363598cd4cdb0c38fc2316dbf5f7d37,,2026-08-14,,,participatingAgencies10312025am_440cb4d735c0.xlsx,Wayback Machine backfill ingested 2026-08-14; per-file capture urls were not recorded
sheets/sheets_wayback_20260814/participatingAgencies10312025pm_f3e8fbfa1ad3.xlsx,f3e8fbfa1ad3c06b8a745fe1f94fb329e93dc23c21f8941734e2ee1f6109a7ca,,2026-08-14,,,participatingAgencies10312025pm_f3e8fbfa1ad3.xlsx,Wayback Machine backfill ingested 2026-08-14; per-file capture urls were not recorded
sheets/sheets_wayback_20260814/participatingAgencies11032025am_674df0c1f2df.xlsx,674df0c1f2df89b564492bd464209e074c6b848ced9495148d3a5bbd306e28a4,,2026-08-14,,,participatingAgencies11032025am_674df0c1f2df.xlsx,Wayback Machine backfill ingested 2026-08-14; per-file capture urls were not recorded
sheets/sheets_wayback_20260814/participatingAgencies11042025am_dab0bf544d67.xlsx,dab0bf544d674db99016634c1632def9b58df133561f73694402e96216a01205,,2026-08-14,,,participatingAgencies11042025am_dab0bf544d67.xlsx,Wayback Machine backfill ingested 2026-08-14; per-file capture urls were not recorded
sheets/sheets_wayback_20260814/participatingAgencies11042025pm_6159bf0c067a.xlsx,6159bf0c067a0cfb0687a158e7ed46acc59a21e7a849ce1a029a2139f1e38685,,2026-08-14,,,participatingAgencies11042025pm_6159bf0c067a.xlsx,Wayback Machine backfill ingested 2026-08-14; per-file capture urls were not recorded
sheets/sheets_wayback_20260814/participatingAgencies11062025am_e8ff5ff5f8ad.xlsx,e8ff5ff5f8ad0d781dd8de8c17305e5ac12a4e376ee532b77bc8a47fd1391468,,2026-08-14,,,participatingAgencies11062025am_e8ff5ff5f8ad.xlsx,Wayback Machine backfill ingested 2026-08-14; per-file capture urls were not recorded
sheets/sheets_wayback_20260814/participatingAgencies11062025pm_6ad6bb547caa.xlsx,6ad6bb547caa7ba28a254cd0a714c0dbf8c829c1326c4bf839a204a601b14f84,,2026-08-14,,,participatingAgencies11062025pm_6ad6bb547caa.xlsx,Wayback Machine backfill ingested 2026-08-14; per-file capture urls were not recorded
sheets/sheets_wayback_20260814/participatingAgencies11072025pm_6d1d2936eeaf.xlsx,6d1d2936eeafe2db58fb61bee854b147a6362cfc8dfc3ea24dec1a3509b4155d,,2026-08-14,,,participatingAgencies11072025pm_6d1d2936eeaf.xlsx,Wayback Machine backfill ingested 2026-08-14; per-file capture urls were not recorded
sheets/sheets_wayback_20260814/participatingAgencies11102025pm_9a1ec215ed85.xlsx,9a1ec215ed85d846ccaa2f053d12397ac877019fd6045195b7f0504f30d8f5da,,2026-08-14,,,participatingAgencies11102025pm_9a1ec215ed85.xlsx,Wayback Machine backfill ingested 2026-08-14; per-file capture urls were not recorded
sheets/sheets_wayback_20260814/participatingAgencies11132025pm_64d8e9ee2925.xlsx,64d8e9ee29251921ba698b76f2044c3ecc623b9e6d4a0cb9548679401bd08bdf,,2026-08-14,,,participatingAgencies11132025pm_64d8e9ee2925.xlsx,Wayback Machine backfill ingested 2026-08-14; per-file capture urls were not recorded
sheets/sheets_wayback_20260814/participatingAgencies11142025pm_356e76913167.xlsx,356e76913167c70edd0c4a33a829a791080f9115db7d0acd9c7d93bf81587054,,2026-08-14,,,participatingAgencies11142025pm_356e76913167.xlsx,Wayback Machine backfill ingested 2026-08-14; per-file capture urls were not recorded
sheets/sheets_wayback_20260814/participatingAgencies11182025pm_925b36ac3fb9.xlsx,925b36ac3fb9d7574b34a069fb20271d9f143b14680c9d157ead0097e3b571b1,,2026-08-14,,,participatingAgencies11182025pm_925b36ac3fb9.xlsx,Wayback Machine backfill ingested 2026-08-14; per-file capture urls were not recorded
sheets/sheets_wayback_20260814/participatingAgencies11192025pm_ba3eac7d38fd.xlsx,ba3eac7d38fd4d11332d69471fb47795283e1fa9a31da4a260b702e2e8a06226,,2026-08-14,,,participatingAgencies11192025pm_ba3eac7d38fd.xlsx,Wayback Machine backfill ingested 2026-08-14; per-file capture urls were not recorded
sheets/sheets_wayback_20260814/participatingAgencies11202025mid_6a6f89c30941.xlsx,6a6f89c3094115acb51c324d33f1d9f9e44a67e01668f4315277f8d1a932675f,,2026-08-14,,,participatingAgencies11202025mid_6a6f89c30941.xlsx,Wayback Machine backfill ingested 2026-08-14; per-file capture urls were not recorded
sheets/sheets_wayback_20260814/participatingAgencies11212025am_cf2106d48759.xlsx,cf2106d487597c602899844a036b0f647a2604f6aba2db4dcb36398f133de870,,2026-08-14,,,participatingAgencies11212025am_cf2106d48759.xlsx,Wayback Machine backfill ingested 2026-08-14; per-file capture urls were not recorded
sheets/sheets_wayback_20260814/participatingAgencies11252025am_19cf844a3f3a.xlsx,19cf844a3f3a0db148f220d31df714d696f58b7064715b2cee75156148f6649d,,2026-08-14,,,participatingAgencies11252025am_19cf844a3f3a.xlsx,Wayback Machine backfill ingested 2026-08-14; per-file capture urls were not recorded
sheets/sheets_wayback_20260814/participatingAgencies11252025pm_8373bfe691d1.xlsx,8373bfe691d12454370bb793893e507b1bc66b232fafca6a7e0d3f2d6d46cb56,,2026-08-14,,,participatingAgencies11252025pm_8373bfe691d1.xlsx,Wayback Machine backfill ingested 2026-08-14; per-file capture urls were not recorded
sheets/sheets_wayback_20260814/participatingAgencies11262025am_73f9fbd8dcda.xlsx,73f9fbd8dcda8c955bf4adefbc966dfcbba146a9dec93cf93f26595f93053883,,2026-08-14,,,participatingAgencies11262025am_73f9fbd8dcda.xlsx,Wayback Machine backfill ingested 2026-08-14; per-file capture urls were not recorded
sheets/sheets_wayback_20260814/participatingAgencies12012025am_27cc094bf362.xlsx,27cc094bf362f99f6e0a198ff832cb08b52360dce84b929df51411db8d501ddf,,2026-08-14,,,participatingAgencies12012025am_27cc094bf362.xlsx,Wayback Machine backfill ingested 2026-08-14; per-file capture urls were not recorded
sheets/sheets_wayback_20260814/participatingAgencies12022025pm_bbee0a113e28.xlsx,bbee0a113e28482263f500c00e4738e454caa629ab8f11338e968a95f9e3f003,,2026-08-14,,,participatingAgencies12022025pm_bbee0a113e28.xlsx,Wayback Machine backfill ingested 2026-08-14; per-file capture urls were not recorded
sheets/sheets_wayback_20260814/participatingAgencies12032025pm_301ef3b5ed7c.xlsx,301ef3b5ed7c1a04e2f295c34e6c9278e3c770941190e39f3b0bf689eda5ca6d,,2026-08-14,,,participatingAgencies12032025pm_301ef3b5ed7c.xlsx,Wayback Machine backfill ingested 2026-08-14; per-file capture urls were not recorded
sheets/sheets_wayback_20260814/participatingAgencies12042025pm_c25032e5d895.xlsx,c25032e5d89588f1b47b749a2adab0b72fb4887e9e9bc35a281ed28ce1a85fb8,,2026-08-14,,,participatingAgencies12042025pm_c25032e5d895.xlsx,Wayback Machine backfill ingested 2026-08-14; per-file capture urls were not recorded
sheets/sheets_wayback_20260814/participatingAgencies12042025pm2_22d2776851f3.xlsx,22d2776851f34a6a22a176f7bcddc7d3e0b1fe77681eeac6159ef2077296d1a4,,2026-08-14,,,participatingAgencies12042025pm2_22d2776851f3.xlsx,Wayback Machine backfill ingested 2026-08-14; per-file capture urls were not recorded
sheets/sheets_wayback_20260814/participatingAgencies12052025pm_4698b6639756.xlsx,4698b663975604df97784f6629ff3fec6bb39b2ac885955f6e6755df78229e6a,,2026-08-14,,,participatingAgencies12052025pm_4698b6639756.xlsx,Wayback Machine backfill ingested 2026-08-14; per-file capture urls were not recorded
sheets/sheets_wayback_20260814/participatingAgencies12082025mid_416c9f219ba5.xlsx,416c9f219ba5cf4e1bef6c933bacf6af6ab495dfef324a4c47aaac145af18440,,2026-08-14,,,participatingAgencies12082025mid_416c9f219ba5.xlsx,Wayback Machine backfill ingested 2026-08-14; per-file capture urls were not recorded
sheets/sheets_wayback_20260814/participatingAgencies12092025pm_5836e0fcdeb8.xlsx,5836e0fcdeb80fbf13e4bea5b067dae3d50705531b1d9e6e621039e2a1a842ad,,2026-08-14,,,participatingAgencies12092025pm_5836e0fcdeb8.xlsx,Wayback Machine backfill ingested 2026-08-14; per-file capture urls were not recorded
sheets/sheets_wayback_20260814/participatingAgencies12102025am_bb44bb82c721.xlsx,bb44bb82c721ca4c10c1b4691a076ab44a8c5bdae7afde1bc5bafd5b3a07a4e1,,2026-08-14,,,participatingAgencies12102025am_bb44bb82c721.xlsx,Wayback Machine backfill ingested 2026-08-14; per-file capture urls were not recorded
sheets/sheets_wayback_20260814/participatingAgencies12122025pm_23970416c500.xlsx,23970416c500a6a117bc5731e077c8af2da14b8d0c2ead61728527e375aa8bf3,,2026-08-14,,,participatingAgencies12122025pm_23970416c500.xlsx,Wayback Machine backfill ingested 2026-08-14; per-file capture urls were not recorded
sheets/sheets_wayback_20260814/participatingAgencies12122025pm_ad10624623cc.xlsx,ad10624623cc5e170a4d730af6bf9eadcee57489a8421ed51a3dbbcfd5ea6418,,2026-08-14,,,participatingAgencies12122025pm_ad10624623cc.xlsx,Wayback Machine backfill ingested 2026-08-14; per-file capture urls were not recorded
sheets/sheets_wayback_20260814/participatingAgencies12292025am_6526fdde58b3.xlsx,6526fdde58b348843fa7f4fc88b8adea0ccc689684898e935f838d50595555d5,,2026-08-14,,,participatingAgencies12292025am_6526fdde58b3.xlsx,Wayback Machine backfill ingested 2026-08-14; per-file capture urls were not recorded
sheets/sheets_wayback_20260814/participatingAgencies12302025am_3148c9a8781d.xlsx,3148c9a8781d18561a4e4d5723b5c2029c8e73fa3c79a44cf54d6a7eb4077e0a,,2026-08-14,,,participatingAgencies12302025am_3148c9a8781d.xlsx,Wayback Machine backfill ingested 2026-08-14; per-file capture urls were not recorded
sheets/sheets_wayback_20260814/pendingAgencies_20250222_dd9f37e54676.xlsx,dd9f37e546763043c157874f7d00fc03d3f9d20898f427e2c1b3fabd8e00d7ea,,2026-08-14,,,pendingAgencies_20250222_dd9f37e54676.xlsx,Wayback Machine backfill ingested 2026-08-14; per-file capture urls were not recorded
sheets/sheets_wayback_20260814/pendingAgencies01052025pm_a5805112fee2.xlsx,a5805112fee243ff7b36a315f0ace2fb32b06047c578f646d12275eca435daf2,,2026-08-14,,,pendingAgencies01052025pm_a5805112fee2.xlsx,Wayback Machine backfill ingested 2026-08-14; per-file capture urls were not recorded
sheets/sheets_wayback_20260814/pendingAgencies01062025pm_b831546815b9.xlsx,b831546815b98a3f7c0c28eaaaa3ef06a506bd60c5813c9f31ff2cf176b8dfa3,,2026-08-14,,,pendingAgencies01062025pm_b831546815b9.xlsx,Wayback Machine backfill ingested 2026-08-14; per-file capture urls were not recorded
sheets/sheets_wayback_20260814/pendingAgencies01072026am_ee30f212dbb2.xlsx,ee30f212dbb247be3c10c7f13a03b3bfea4ea86dda97812f7de15cc1a5ab392f,,2026-08-14,,,pendingAgencies01072026am_ee30f212dbb2.xlsx,Wayback Machine backfill ingested 2026-08-14; per-file capture urls were not recorded
sheets/sheets_wayback_20260814/pendingAgencies01082026am_52bbb3a2d532.xlsx,52bbb3a2d532bb5bcaebdfa2a8f4df2b08f3af8b66e1de9803217f635600b543,,2026-08-14,,,pendingAgencies01082026am_52bbb3a2d532.xlsx,Wayback Machine backfill ingested 2026-08-14; per-file capture urls were not recorded
sheets/sheets_wayback_20260814/pendingAgencies01092025pm_e6a825510b65.xlsx,e6a825510b6594349a4924d8d2af1f7701cecbedf2eeacdd24104be93184d93c,,2026-08-14,,,pendingAgencies01092025pm_e6a825510b65.xlsx,Wayback Machine backfill ingested 2026-08-14; per-file capture urls were not recorded
sheets/sheets_wayback_20260814/pendingAgencies01122026am_fe307f1038f8.xlsx,fe307f1038f8da1c4119a28e64f59e42b86066495181eefeeaec62c80ae1b8db,,2026-08-14,,,pendingAgencies01122026am_fe307f1038f8.xlsx,Wayback Machine backfill ingested 2026-08-14; per-file capture urls were not recorded
sheets/sheets_wayback_20260814/pendingAgencies01132026am_acbefbc3c373.xlsx,acbefbc3c3738d76f95016bd3eab380a9b1cbb427d0ed3231d036377a5b8ef2f,,2026-08-14,,,pendingAgencies01132026am_acbefbc3c373.xlsx,Wayback Machine backfill ingested 2026-08-14; per-file capture urls were not recorded
sheets/sheets_wayback_20260814/pendingAgencies01142026am_f25f82b05fd5.xlsx,f25f82b05fd59db9cbcba07aa80ffff355b2562b7ba53a7c7e7a25b664769586,,2026-08-14,,,pendingAgencies01142026am_f25f82b05fd5.xlsx,Wayback Machine backfill ingested 2026-08-14; per-file capture urls were not recorded
sheets/sheets_wayback_20260814/pendingAgencies01152026am_c08fdc8398fa.xlsx,c08fdc8398fa58905b8bfd238d40324088f50b857f2ae9ebcc2003fa03cbf037,,2026-08-14,,,pendingAgencies01152026am_c08fdc8398fa.xlsx,Wayback Machine backfill ingested 2026-08-14; per-file capture urls were not recorded
sheets/sheets_wayback_20260814/pendingAgencies01162026am_9fff1f68d5de.xlsx,9fff1f68d5de4e1803fe75605985ad092a9446f332846a6158e01a0c364ad93a,,2026-08-14,,,pendingAgencies01162026am_9fff1f68d5de.xlsx,Wayback Machine backfill ingested 2026-08-14; per-file capture urls were not recorded
sheets/sheets_wayback_20260814/pendingAgencies01202026am_28e03ec5ad50.xlsx,28e03ec5ad50e7a59277e5fe91468068a1fb44095091f4955558ca9f3e6703e8,,2026-08-14,,,pendingAgencies01202026am_28e03ec5ad50.xlsx,Wayback Machine backfill ingested 2026-08-14; per-file capture urls were not recorded
sheets/sheets_wayback_20260814/pendingAgencies01212026am_4568207008da.xlsx,4568207008daab44e38672525f4bcb3cce5f0f98b2568385ee9688ed7b830b52,,2026-08-14,,,pendingAgencies01212026am_4568207008da.xlsx,Wayback Machine backfill ingested 2026-08-14; per-file capture urls were not recorded
sheets/sheets_wayback_20260814/pendingAgencies01222026am_f57a68e86ab2.xlsx,f57a68e86ab206482dea9cc1b3140cc8954fd949dad02fedb4c6c759050840cf,,2026-08-14,,,pendingAgencies01222026am_f57a68e86ab2.xlsx,Wayback Machine backfill ingested 2026-08-14; per-file capture urls were not recorded
sheets/sheets_wayback_20260814/pendingAgencies01232026am_75d139043add.xlsx,75d139043add753f0be8844bde08f794fdf046d4424e5b04d04ab4529f00cf89,,2026-08-14,,,pendingAgencies01232026am_75d139043add.xlsx,Wayback Machine backfill ingested 2026-08-14; per-file capture urls were not recorded
sheets/sheets_wayback_20260814/pendingAgencies01262026pm_a52cb17316f5.xlsx,a52cb17316f58365e3440f047e7ddfac83e42ac3342755153e3fea8c56abed58,,2026-08-14,,,pendingAgencies01262026pm_a52cb17316f5.xlsx,Wayback Machine backfill ingested 2026-08-14; per-file capture urls were not recorded
sheets/sheets_wayback_20260814/pendingAgencies01272026am_f646c1c56136.xlsx,f646c1c56136c09da063f40e162aa2a99b9326e5cfab098338877b012d722294,,2026-08-14,,,pendingAgencies01272026am_f646c1c56136.xlsx,Wayback Machine backfill ingested 2026-08-14; per-file capture urls were not recorded
sheets/sheets_wayback_20260814/pendingAgencies01282026pm_56efe85adbeb.xlsx,56efe85adbebc94e128f09e3b51be98f20c369815b1bd74a519c5e1a13a07553,,2026-08-14,,,pendingAgencies01282026pm_56efe85adbeb.xlsx,Wayback Machine backfill ingested 2026-08-14; per-file capture urls were not recorded
sheets/sheets_wayback_20260814/pendingAgencies01292026pm_d78060995eae.xlsx,d78060995eaeec4e2b88fb2dd4e23c60bbb45cc67a57cad748596d17244e00a7,,2026-08-14,,,pendingAgencies01292026pm_d78060995eae.xlsx,Wayback Machine backfill ingested 2026-08-14; per-file capture urls were not recorded
sheets/sheets_wayback_20260814/pendingAgencies01302026am_4b01e44920b9.xlsx,4b01e44920b9b8de414a0147a74ed0fbd8cf0ca91026c8f8f1f5d5ae0d68ffc4,,2026-08-14,,,pendingAgencies01302026am_4b01e44920b9.xlsx,Wayback Machine backfill ingested 2026-08-14; per-file capture urls were not recorded
sheets/sheets_wayback_20260814/pendingAgencies02022026am_0e1a851177ee.xlsx,0e1a851177eeb09009dac6bb65916fc0e2a3c594bc6898447b5015fc9f3007b4,,2026-08-14,,,pendingAgencies02022026am_0e1a851177ee.xlsx,Wayback Machine backfill ingested 2026-08-14; per-file capture urls were not recorded
sheets/sheets_wayback_20260814/pendingAgencies02032026am_854e749b8602.xlsx,854e749b86028c38ad2d2cd195d7fecb50ea83d19ea2b1550aa614daaabe8419,,2026-08-14,,,pendingAgencies02032026am_854e749b8602.xlsx,Wayback Machine backfill ingested 2026-08-14; per-file capture urls were not recorded
sheets/sheets_wayback_20260814/pendingAgencies02042026am_06280b777ea7.xlsx,06280b777ea7dafb05975468ae593575d7eabc0648422704b43436ab1390f1be,,2026-08-14,,,pendingAgencies02042026am_06280b777ea7.xlsx,Wayback Machine backfill ingested 2026-08-14; per-file capture urls were not recorded
sheets/sheets_wayback_20260814/pendingAgencies02052026am_eae357c5622d.xlsx,eae357c5622d73417a5e33cb657b441707f879932d4b7a422a71ceb43ebf8578,,2026-08-14,,,pendingAgencies02052026am_eae357c5622d.xlsx,Wayback Machine backfill ingested 2026-08-14; per-file capture urls were not recorded
sheets/sheets_wayback_20260814/pendingAgencies02062026pm_540e35f57d55.xlsx,540e35f57d55acf2ad2033e536414cd1ad40ff93a3cb37a0a94937431ddb82d0,,2026-08-14,,,pendingAgencies02062026pm_540e35f57d55.xlsx,Wayback Machine backfill ingested 2026-08-14; per-file capture urls were not recorded
sheets/sheets_wayback_20260814/pendingAgencies02092026am_588c17521c3c.xlsx,588c17521c3cd9c08df742148047830574530dd3c9462d78cd7b382e83142f18,,2026-08-14,,,pendingAgencies02092026am_588c17521c3c.xlsx,Wayback Machine backfill ingested 2026-08-14; per-file capture urls were not recorded
sheets/sheets_wayback_20260814/pendingAgencies02102026am_247ca9e706ee.xlsx,247ca9e706ee3738b71c091749ed52ced30055e8299c32fa43dfcb6027bac57c,,2026-08-14,,,pendingAgencies02102026am_247ca9e706ee.xlsx,Wayback Machine backfill ingested 2026-08-14; per-file capture urls were not recorded
sheets/sheets_wayback_20260814/pendingAgencies02112026am_eb123b99258f.xlsx,eb123b99258f5c6242a9cc6e8fa6299b53dbc900f2cc3062a9971f6fb4b3cc43,,2026-08-14,,,pendingAgencies02112026am_eb123b99258f.xlsx,Wayback Machine backfill ingested 2026-08-14; per-file capture urls were not recorded
sheets/sheets_wayback_20260814/pendingAgencies02122026pm_52be3f857af3.xlsx,52be3f857af325f6f6ec02f899e31ec3412d2fd115dfd2c84bf772231dda4636,,2026-08-14,,,pendingAgencies02122026pm_52be3f857af3.xlsx,Wayback Machine backfill ingested 2026-08-14; per-file capture urls were not recorded
sheets/sheets_wayback_20260814/pendingAgencies02132026am_1781c0b793a5.xlsx,1781c0b793a5cd35271a61891c940430d948ad0ebc14d9a796499ea2751eea24,,2026-08-14,,,pendingAgencies02132026am_1781c0b793a5.xlsx,Wayback Machine backfill ingested 2026-08-14; per-file capture urls were not recorded
sheets/sheets_wayback_20260814/pendingAgencies02172026pm_fab3b5893e6a.xlsx,fab3b5893e6a91fffec57fcb1249a1f4b7850d2bf2274b3d44427303da773ccf,,2026-08-14,,,pendingAgencies02172026pm_fab3b5893e6a.xlsx,Wayback Machine backfill ingested 2026-08-14; per-file capture urls were not recorded
sheets/sheets_wayback_20260814/pendingAgencies02272026am_4c0fc44c608a.xlsx,4c0fc44c608a9770250ee09b88278eb7cfc48f573b0e5859e20fbd9950d9501f,,2026-08-14,,,pendingAgencies02272026am_4c0fc44c608a.xlsx,Wayback Machine backfill ingested 2026-08-14; per-file capture urls were not recorded
sheets/sheets_wayback_20260814/pendingAgencies03262025pm_6a96982bdafa.xlsx,6a96982bdafa74692cc3d0aad7f266489ad7f05b1f759c8fbbf8775e133319bd,,2026-08-14,,,pendingAgencies03262025pm_6a96982bdafa.xlsx,Wayback Machine backfill ingested 2026-08-14; per-file capture urls were not recorded
sheets/sheets_wayback_20260814/pendingAgencies03272025pm_0b6aeb3a0060.xlsx,0b6aeb3a00607e06a026abcf4d020f22a8de9139e9cf21d53f8ecf0b91975932,,2026-08-14,,,pendingAgencies03272025pm_0b6aeb3a0060.xlsx,Wayback Machine backfill ingested 2026-08-14; per-file capture urls were not recorded
sheets/sheets_wayback_20260814/pendingAgencies03312025pm_e33c6b1e612c.xlsx,e33c6b1e612c7b77f81307d244e82a4df8e76fcd50cc6fcb25b192b7b9d770bb,,2026-08-14,,,pendingAgencies03312025pm_e33c6b1e612c.xlsx,Wayback Machine backfill ingested 2026-08-14; per-file capture urls were not recorded
sheets/sheets_wayback_20260814/pendingAgencies04112025pm_58f45cd2abdd.xlsx,58f45cd2abdd917853cda70ca8adf7c219b5445510caa7543d18f5b4272a58d2,,2026-08-14,,,pendingAgencies04112025pm_58f45cd2abdd.xlsx,Wayback Machine backfill ingested 2026-08-14; per-file capture urls were not recorded
sheets/sheets_wayback_20260814/pendingAgencies04212025am_030dc1a92c10.xlsx,030dc1a92c102c6eff10090d99fa2705b56f346764ca1893d1ceb44eca8b1924,,2026-08-14,,,pendingAgencies04212025am_030dc1a92c10.xlsx,Wayback Machine backfill ingested 2026-08-14; per-file capture urls were not recorded
sheets/sheets_wayback_20260814/pendingAgencies05052025pm_1f7092362a2d.xlsx,1f7092362a2d4e21689a48aebbcdf64c7a502642fa009a8a3a5a131c07e645b5,,2026-08-14,,,pendingAgencies05052025pm_1f7092362a2d.xlsx,Wayback Machine backfill ingested 2026-08-14; per-file capture urls were not recorded
sheets/sheets_wayback_20260814/pendingAgencies05152025am_b3391e546443.xlsx,b3391e546443dbefd417830fdce05dcf2293a32a58c9535ccdcc34edd587913e,,2026-08-14,,,pendingAgencies05152025am_b3391e546443.xlsx,Wayback Machine backfill ingested 2026-08-14; per-file capture urls were not recorded
sheets/sheets_wayback_20260814/pendingAgencies05192025am_d668056de7d8.xlsx,d668056de7d86dda534026e0184e236cbe4138df7fddbad89f4224f8419ae996,,2026-08-14,,,pendingAgencies05192025am_d668056de7d8.xlsx,Wayback Machine backfill ingested 2026-08-14; per-file capture urls were not recorded
sheets/sheets_wayback_20260814/pendingAgencies05192025pm_fdf0b93664a1.xlsx,fdf0b93664a16b16aaff95213041aa59bf08667aca9e310dd7c3f89c32ef3283,,2026-08-14,,,pendingAgencies05192025pm_fdf0b93664a1.xlsx,Wayback Machine backfill ingested 2026-08-14; per-file capture urls were not recorded
sheets/sheets_wayback_20260814/pendingAgencies05202025pm_85d2aa2ac3dc.xlsx,85d2aa2ac3dc6cb0463f69ac914ffdd22c1f87e2885c57c6ec2d4be806798408,,2026-08-14,,,pendingAgencies05202025pm_85d2aa2ac3dc.xlsx,Wayback Machine backfill ingested 2026-08-14; per-file capture urls were not recorded
sheets/sheets_wayback_20260814/pendingAgencies05212025pm_7576c2463d74.xlsx,7576c2463d74c5fb4a3462fd4bb484e3f32b44b1d4da1284f373998448a9272a,,2026-08-14,,,pendingAgencies05212025pm_7576c2463d74.xlsx,Wayback Machine backfill ingested 2026-08-14; per-file capture urls were not recorded
sheets/sheets_wayback_20260814/pendingAgencies05232025am_9d3091289594.xlsx,9d309128959476bf79f86fb75a5dabc9217b913384c371fe79d6ab99e36b0664,,2026-08-14,,,pendingAgencies05232025am_9d3091289594.xlsx,Wayback Machine backfill ingested 2026-08-14; per-file capture urls were not recorded
sheets/sheets_wayback_20260814/pendingAgencies05232025pm_e92fcc957365.xlsx,e92fcc957365ea5d2c7b3f877bf600353610aeede445c0c438afd40b851e044b,,2026-08-14,,,pendingAgencies05232025pm_e92fcc957365.xlsx,Wayback Machine backfill ingested 2026-08-14; per-file capture urls were not recorded
sheets/sheets_wayback_20260814/pendingAgencies05282025am_f9c4647525cb.xlsx,f9c4647525cbf4e0c9cf0c2374660c3daa1ebb5de79f9f413c0bb70a64f3321a,,2026-08-14,,,pendingAgencies05282025am_f9c4647525cb.xlsx,Wayback Machine backfill ingested 2026-08-14; per-file capture urls were not recorded
sheets/sheets_wayback_20260814/pendingAgencies05292025am_6f518f93a008.xlsx,6f518f93a008130961ec3942bb0a641550620245fedb0baca5952982ff00aa9a,,2026-08-14,,,pendingAgencies05292025am_6f518f93a008.xlsx,Wayback Machine backfill ingested 2026-08-14; per-file capture urls were not recorded
sheets/sheets_wayback_20260814/pendingAgencies05302025pm_2dbb627163d2.xlsx,2dbb627163d2d246822cde262605ce83a73572e9954c6bdc804b5cf7981dbcb0,,2026-08-14,,,pendingAgencies05302025pm_2dbb627163d2.xlsx,Wayback Machine backfill ingested 2026-08-14; per-file capture urls were not recorded
sheets/sheets_wayback_20260814/pendingAgencies06032025am_6561059aa770.xlsx,6561059aa770c3c9c745a89449c51bc01a187bb9566888f075a24cfd2b0d9ca0,,2026-08-14,,,pendingAgencies06032025am_6561059aa770.xlsx,Wayback Machine backfill ingested 2026-08-14; per-file capture urls were not recorded
sheets/sheets_wayback_20260814/pendingAgencies06032025pm_910c0127b88e.xlsx,910c0127b88ee7c0a2e449fda6d70f926bcbb163ce5475a1a7729c53978a1359,,2026-08-14,,,pendingAgencies06032025pm_910c0127b88e.xlsx,Wayback Machine backfill ingested 2026-08-14; per-file capture urls were not recorded
sheets/sheets_wayback_20260814/pendingAgencies06062025am_4d2af2932a60.xlsx,4d2af2932a60c20ae0df11723738f1a3173ff0dc0acc16a2b450a2936fb01b96,,2026-08-14,,,pendingAgencies06062025am_4d2af2932a60.xlsx,Wayback Machine backfill ingested 2026-08-14; per-file capture urls were not recorded
sheets/sheets_wayback_20260814/pendingAgencies06102025am_a9695b1c7cc2.xlsx,a9695b1c7cc2c3b219afb516b1164e839a56203b0158c30e225c07c05a44b4c2,,2026-08-14,,,pendingAgencies06102025am_a9695b1c7cc2.xlsx,Wayback Machine backfill ingested 2026-08-14; per-file capture urls were not recorded
sheets/sheets_wayback_20260814/pendingAgencies06112025pm_88a26357735a.xlsx,88a26357735a59418ae026d8db533d312ac9dbc428ca90f5a1f2045021597925,,2026-08-14,,,pendingAgencies06112025pm_88a26357735a.xlsx,Wayback Machine backfill ingested 2026-08-14; per-file capture urls were not recorded
sheets/sheets_wayback_20260814/pendingAgencies06132025pm_ee08d7e65cf0.xlsx,ee08d7e65cf0a90bb3f0ffff71f55facc244901f5a4f1d44d96a72b858b5aa08,,2026-08-14,,,pendingAgencies06132025pm_ee08d7e65cf0.xlsx,Wayback Machine backfill ingested 2026-08-14; per-file capture urls were not recorded
sheets/sheets_wayback_20260814/pendingAgencies06162025pm_8a378c3e8a8f.xlsx,8a378c3e8a8fab400445fdfdace3288f995fd8135436325520eaffd3124cc852,,2026-08-14,,,pendingAgencies06162025pm_8a378c3e8a8f.xlsx,Wayback Machine backfill ingested 2026-08-14; per-file capture urls were not recorded
sheets/sheets_wayback_20260814/pendingAgencies06172025pm_d9dd304a1bdc.xlsx,d9dd304a1bdcc568a0e5958b0dea5742303cf9793a48f6c31c9e3bb664edf574,,2026-08-14,,,pendingAgencies06172025pm_d9dd304a1bdc.xlsx,Wayback Machine backfill ingested 2026-08-14; per-file capture urls were not recorded
sheets/sheets_wayback_20260814/pendingAgencies06202025am_e8504fba5be8.xlsx,e8504fba5be84e6bf3c2da3c772ef861b97898c3ed300cfd3198eabb4d7053f6,,2026-08-14,,,pendingAgencies06202025am_e8504fba5be8.xlsx,Wayback Machine backfill ingested 2026-08-14; per-file capture urls were not recorded
sheets/sheets_wayback_20260814/pendingAgencies06232025am_08e62cb29a71.xlsx,08e62cb29a7111006c72759effc0905a832c5e55f462603f86348880e9b68876,,2026-08-14,,,pendingAgencies06232025am_08e62cb29a71.xlsx,Wayback Machine backfill ingested 2026-08-14; per-file capture urls were not recorded
sheets/sheets_wayback_20260814/pendingAgencies06242025am_82d797cf177a.xlsx,82d797cf177a188c7ecfb8f1ecefea02a75d6ecf216bebf9c63dbcd54caf6df4,,2026-08-14,,,pendingAgencies06242025am_82d797cf177a.xlsx,Wayback Machine backfill ingested 2026-08-14; per-file capture urls were not recorded
sheets/sheets_wayback_20260814/pendingAgencies06252025am_39f88e98540e.xlsx,39f88e98540e27afa5a3086a5595ed2f21e51f882575ba31d937db4f1078b949,,2026-08-14,,,pendingAgencies06252025am_39f88e98540e.xlsx,Wayback Machine backfill ingested 2026-08-14; per-file capture urls were not recorded
sheets/sheets_wayback_20260814/pendingAgencies06262025am_de1f50d759b8.xlsx,de1f50d759b807318b85956c74a36a001eb3810ac429134f9b91630c0810ccd8,,2026-08-14,,,pendingAgencies06262025am_de1f50d759b8.xlsx,Wayback Machine backfill ingested 2026-08-14; per-file capture urls were not recorded
sheets/sheets_wayback_20260814/pendingAgencies06272025am_879850a7f395.xlsx,879850a7f395200ca938cae65298c1a6fe8dfc25b1990d912501b1de674698d2,,2026-08-14,,,pendingAgencies06272025am_879850a7f395.xlsx,Wayback Machine backfill ingested 2026-08-14; per-file capture urls were not recorded
sheets/sheets_wayback_20260814/pendingAgencies06302025am_08b3139e54f7.xlsx,08b3139e54f7ab132f99da154c1eff0f78a40b59a9c33e7c26e94427081a114d,,2026-08-14,,,pendingAgencies06302025am_08b3139e54f7.xlsx,Wayback Machine backfill ingested 2026-08-14; per-file capture urls were not recorded
sheets/sheets_wayback_20260814/pendingAgencies07012025pm_61687421c550.xlsx,61687421c550304274fc4155a5828e18324f1c27e490f42b2ec4f0e16f9456b9,,2026-08-14,,,pendingAgencies07012025pm_61687421c550.xlsx,Wayback Machine backfill ingested 2026-08-14; per-file capture urls were not recorded
sheets/sheets_wayback_20260814/pendingAgencies07032025pm_d20a2266cb94.xlsx,d20a2266cb94d3b1f4bf8df4ccd7cdcd4b8057dd5e20a0137dfe70816dfffd5b,,2026-08-14,,,pendingAgencies07032025pm_d20a2266cb94.xlsx,Wayback Machine backfill ingested 2026-08-14; per-file capture urls were not recorded
sheets/sheets_wayback_20260814/pendingAgencies07072025am_af10177d7a33.xlsx,af10177d7a336b8cadfed0319fe30dc4695acd63dd371fdac7a4014383690f59,,2026-08-14,,,pendingAgencies07072025am_af10177d7a33.xlsx,Wayback Machine backfill ingested 2026-08-14; per-file capture urls were not recorded
sheets/sheets_wayback_20260814/pendingAgencies07072025pm_81dd90e135c5.xlsx,81dd90e135c5ddcd15161b9c6b08a3723df66b1ad29d4d9d1201141e671e9478,,2026-08-14,,,pendingAgencies07072025pm_81dd90e135c5.xlsx,Wayback Machine backfill ingested 2026-08-14; per-file capture urls were not recorded
sheets/sheets_wayback_20260814/pendingAgencies07092025am_12c5eedbb3ce.xlsx,12c5eedbb3ce26fa5ab9b5cd2160188bac83f2b725a94fa84e9cb700318457bd,,2026-08-14,,,pendingAgencies07092025am_12c5eedbb3ce.xlsx,Wayback Machine backfill ingested 2026-08-14; per-file capture urls were not recorded
sheets/sheets_wayback_20260814/pendingAgencies07092025pm_31b636794593.xlsx,31b6367945937211866e440ad531bcc897478d9b0944a9b23a3f7e6066477bc5,,2026-08-14,,,pendingAgencies07092025pm_31b636794593.xlsx,Wayback Machine backfill ingested 2026-08-14; per-file capture urls were not recorded
sheets/sheets_wayback_20260814/pendingAgencies07102025am_32fbba1e7664.xlsx,32fbba1e7664d7ac1a93c2a992237486904b49174ec4238ffd0da2e9dc3c784e,,2026-08-14,,,pendingAgencies07102025am_32fbba1e7664.xlsx,Wayback Machine backfill ingested 2026-08-14; per-file capture urls were not recorded
sheets/sheets_wayback_20260814/pendingAgencies07112025am_b_c4afe5238211.xlsx,c4afe5238211b239bf2afd9bfd765022025d20596e3ccd5e786dea7657767cae,,2026-08-14,,,pendingAgencies07112025am_b_c4afe5238211.xlsx,Wayback Machine backfill ingested 2026-08-14; per-file capture urls were not recorded
sheets/sheets_wayback_20260814/pendingAgencies07112025pm_61d1145c5450.xlsx,61d1145c5450be9d539b75491046ef98c8560b4c2ae180837a7f0d902397bbc6,,2026-08-14,,,pendingAgencies07112025pm_61d1145c5450.xlsx,Wayback Machine backfill ingested 2026-08-14; per-file capture urls were not recorded
sheets/sheets_wayback_20260814/pendingAgencies07142025am_3f65df3e549c.xlsx,3f65df3e549c42cae04eb5758a7cd72a644888229a4e0d46e704da5b476f4c3e,,2026-08-14,,,pendingAgencies07142025am_3f65df3e549c.xlsx,Wayback Machine backfill ingested 2026-08-14; per-file capture urls were not recorded
sheets/sheets_wayback_20260814/pendingAgencies07162025am_4b5f5b43de6f.xlsx,4b5f5b43de6f0b30e0de19480fef97c64a35d17fb05b5bc8b8c7ccf3adebf768,,2026-08-14,,,pendingAgencies07162025am_4b5f5b43de6f.xlsx,Wayback Machine backfill ingested 2026-08-14; per-file capture urls were not recorded
sheets/sheets_wayback_20260814/pendingAgencies07172025am_b84a430c08a8.xlsx,b84a430c08a8a679e38b3da73d5b4c40a65c5501991bd49d45da8b0eab2644cb,,2026-08-14,,,pendingAgencies07172025am_b84a430c08a8.xlsx,Wayback Machine backfill ingested 2026-08-14; per-file capture urls were not recorded
sheets/sheets_wayback_20260814/pendingAgencies07182025am_76a4bf3a44d2.xlsx,76a4bf3a44d2d6f670a762fb4d83eaaa557284399dc856615efbf2379c72698c,,2026-08-14,,,pendingAgencies07182025am_76a4bf3a44d2.xlsx,Wayback Machine backfill ingested 2026-08-14; per-file capture urls were not recorded
sheets/sheets_wayback_20260814/pendingAgencies07182025pm_5ff8d8cb630e.xlsx,5ff8d8cb630eeed5fd2cda2b973484ac9618fd305921c6b129e58d7c0e7c5b2c,,2026-08-14,,,pendingAgencies07182025pm_5ff8d8cb630e.xlsx,Wayback Machine backfill ingested 2026-08-14; per-file capture urls were not recorded
sheets/sheets_wayback_20260814/pendingAgencies07212025am_d53735218263.xlsx,d53735218263bc907c0633e0f0117d7236a6f3e22752997994cad9d33461eca7,,2026-08-14,,,pendingAgencies07212025am_d53735218263.xlsx,Wayback Machine backfill ingested 2026-08-14; per-file capture urls were not recorded
sheets/sheets_wayback_20260814/pendingAgencies07212025pm_4c0c19d9d11c.xlsx,4c0c19d9d11c544b26f2ccd2feff06cd8918c133109c3fb9ac0b346f9c0ba40f,,2026-08-14,,,pendingAgencies07212025pm_4c0c19d9d11c.xlsx,Wayback Machine backfill ingested 2026-08-14; per-file capture urls were not recorded
sheets/sheets_wayback_20260814/pendingAgencies07222025pm_f2d09a9c5f71.xlsx,f2d09a9c5f7193d672944b9e12bbabf039f09c665c021692189eeb267261f9d3,,2026-08-14,,,pendingAgencies07222025pm_f2d09a9c5f71.xlsx,Wayback Machine backfill ingested 2026-08-14; per-file capture urls were not recorded
sheets/sheets_wayback_20260814/pendingAgencies07242025am_2a8a9bb184d5.xlsx,2a8a9bb184d55a312c537f81c5903f28f419a0570ce4bed2fcf89053065acf3f,,2026-08-14,,,pendingAgencies07242025am_2a8a9bb184d5.xlsx,Wayback Machine backfill ingested 2026-08-14; per-file capture urls were not recorded
sheets/sheets_wayback_20260814/pendingAgencies07252025am_abf2e273d753.xlsx,abf2e273d75383510e9500a7d94a27970cb050d25c068121e1d1c9a12c824718,,2026-08-14,,,pendingAgencies07252025am_abf2e273d753.xlsx,Wayback Machine backfill ingested 2026-08-14; per-file capture urls were not recorded
sheets/sheets_wayback_20260814/pendingAgencies07252025pm_8b6260e3cbad.xlsx,8b6260e3cbad2a6bb74b44d86d0a497e6e5e5bf838df200d43cfae64d7c52f1d,,2026-08-14,,,pendingAgencies07252025pm_8b6260e3cbad.xlsx,Wayback Machine backfill ingested 2026-08-14; per-file capture urls were not recorded
sheets/sheets_wayback_20260814/pendingAgencies07292025am_361ba0236520.xlsx,361ba023652066eecbe458d1f72383f6423ce00b6552de8245131b3beff1c24c,,2026-08-14,,,pendingAgencies07292025am_361ba0236520.xlsx,Wayback Machine backfill ingested 2026-08-14; per-file capture urls were not recorded
sheets/sheets_wayback_20260814/pendingAgencies07302025am_d0fd691d1b2c.xlsx,d0fd691d1b2c532c2b0091b411707f00938afc77347776ed6a7997c0d149436a,,2026-08-14,,,pendingAgencies07302025am_d0fd691d1b2c.xlsx,Wayback Machine backfill ingested 2026-08-14; per-file capture urls were not recorded
sheets/sheets_wayback_20260814/pendingAgencies07302025pm_a71446e6109a.xlsx,a71446e6109a6d94b0a0f0bc79e3159d92b0068defa867577665124e233aaddc,,2026-08-14,,,pendingAgencies07302025pm_a71446e6109a.xlsx,Wayback Machine backfill ingested 2026-08-14; per-file capture urls were not recorded
sheets/sheets_wayback_20260814/pendingAgencies07312025am_3bc3c5d9edeb.xlsx,3bc3c5d9edeb4ced7aea4fdb169fc127106b605252641273c855a946fa7b2f39,,2026-08-14,,,pendingAgencies07312025am_3bc3c5d9edeb.xlsx,Wayback Machine backfill ingested 2026-08-14; per-file capture urls were not recorded
sheets/sheets_wayback_20260814/pendingAgencies08012025am_5beadbe440ee.xlsx,5beadbe440eeb5610e4edb87821bd60159da85615436316424d663eef365cb22,,2026-08-14,,,pendingAgencies08012025am_5beadbe440ee.xlsx,Wayback Machine backfill ingested 2026-08-14; per-file capture urls were not recorded
sheets/sheets_wayback_20260814/pendingAgencies08012025pm_d3806dddec52.xlsx,d3806dddec52016488e62361556d5f24e8f2ba58dadabfb68e36ce783b420c0e,,2026-08-14,,,pendingAgencies08012025pm_d3806dddec52.xlsx,Wayback Machine backfill ingested 2026-08-14; per-file capture urls were not recorded
sheets/sheets_wayback_20260814/pendingAgencies08042025am_7a5ef03df72b.xlsx,7a5ef03df72bbca2dbe4bff1277d5436b82545628dd00143a504457166911651,,2026-08-14,,,pendingAgencies08042025am_7a5ef03df72b.xlsx,Wayback Machine backfill ingested 2026-08-14; per-file capture urls were not recorded
sheets/sheets_wayback_20260814/pendingAgencies08042025pm_ad370e79fdc3.xlsx,ad370e79fdc3b2b2f680b0728b88c127617ab599c052da001f3f09fcf1a1a18b,,2026-08-14,,,pendingAgencies08042025pm_ad370e79fdc3.xlsx,Wayback Machine backfill ingested 2026-08-14; per-file capture urls were not recorded
sheets/sheets_wayback_20260814/pendingAgencies08052025pm_512c58a12a3e.xlsx,512c58a12a3e5e3dc18d9b8f5cc1481abc84e5064ec61776b98c3ad2b80218a3,,2026-08-14,,,pendingAgencies08052025pm_512c58a12a3e.xlsx,Wayback Machine backfill ingested 2026-08-14; per-file capture urls were not recorded
sheets/sheets_wayback_20260814/pendingAgencies08072025am_1c146978955f.xlsx,1c146978955f9c64bea31077f400b97bd39bffb3e23a2334200892ced61d5dcc,,2026-08-14,,,pendingAgencies08072025am_1c146978955f.xlsx,Wayback Machine backfill ingested 2026-08-14; per-file capture urls were not recorded
sheets/sheets_wayback_20260814/pendingAgencies08072025pm_909dccb10995.xlsx,909dccb109951fde0efd9a08498a4c2a1ee59140ee7015e57a2b4299f5cc84fa,,2026-08-14,,,pendingAgencies08072025pm_909dccb10995.xlsx,Wayback Machine backfill ingested 2026-08-14; per-file capture urls were not recorded
sheets/sheets_wayback_20260814/pendingAgencies08082025am_12095f143682.xlsx,12095f1436827666cadc1b0db838cdabe5086fe2f67a7417a6cde7ac2c02b764,,2026-08-14,,,pendingAgencies08082025am_12095f143682.xlsx,Wayback Machine backfill ingested 2026-08-14; per-file capture urls were not recorded
sheets/sheets_wayback_20260814/pendingAgencies08082025pm_37fb18aac5d7.xlsx,37fb18aac5d7da84731a035b952edafaabda71e07a0288a663fa6c6fe937b175,,2026-08-14,,,pendingAgencies08082025pm_37fb18aac5d7.xlsx,Wayback Machine backfill ingested 2026-08-14; per-file capture urls were not recorded
sheets/sheets_wayback_20260814/pendingAgencies08122025am_c28dce4cd89d.xlsx,c28dce4cd89df554f05dab261419c541181af9c1c54f4bc6f8cfc48e5d64f8d7,,2026-08-14,,,pendingAgencies08122025am_c28dce4cd89d.xlsx,Wayback Machine backfill ingested 2026-08-14; per-file capture urls were not recorded
sheets/sheets_wayback_20260814/pendingAgencies08122025pm_6f39722e70d0.xlsx,6f39722e70d02ad8da4e671562c4a522f3b58a809e361bcdd06ddd46e13aaf09,,2026-08-14,,,pendingAgencies08122025pm_6f39722e70d0.xlsx,Wayback Machine backfill ingested 2026-08-14; per-file capture urls were not recorded
sheets/sheets_wayback_20260814/pendingAgencies08132025am_0f2280d6e50b.xlsx,0f2280d6e50b367c011bef7f1b8f61c42a8f482c1e4e25b338aec940d7d898d2,,2026-08-14,,,pendingAgencies08132025am_0f2280d6e50b.xlsx,Wayback Machine backfill ingested 2026-08-14; per-file capture urls were not recorded
sheets/sheets_wayback_20260814/pendingAgencies08142025am_90e215796385.xlsx,90e215796385bd8a45b5f4d698ba76eb614c83773a3d7785374e436ab388e15c,,2026-08-14,,,pendingAgencies08142025am_90e215796385.xlsx,Wayback Machine backfill ingested 2026-08-14; per-file capture urls were not recorded
sheets/sheets_wayback_20260814/pendingAgencies08152025am_868f0599d6d2.xlsx,868f0599d6d22c42e2e45c6a631a4d1a7cb70a0679d248403d0dd831d4aceb08,,2026-08-14,,,pendingAgencies08152025am_868f0599d6d2.xlsx,Wayback Machine backfill ingested 2026-08-14; per-file capture urls were not recorded
sheets/sheets_wayback_20260814/pendingAgencies08152025pm_4263ee67618e.xlsx,4263ee67618e016a0da81fcc2e6b6613f3ce13200859c76034352828bb6579ee,,2026-08-14,,,pendingAgencies08152025pm_4263ee67618e.xlsx,Wayback Machine backfill ingested 2026-08-14; per-file capture urls were not recorded
sheets/sheets_wayback_20260814/pendingAgencies08212025pm_88a33c65c13d.xlsx,88a33c65c13dea4d5e36e5800daa4b6168a8d7e0703282408288a2982298e1e5,,2026-08-14,,,pendingAgencies08212025pm_88a33c65c13d.xlsx,Wayback Machine backfill ingested 2026-08-14; per-file capture urls were not recorded
sheets/sheets_wayback_20260814/pendingAgencies08222025pm_44abd9e80c4d.xlsx,44abd9e80c4d7479f10cebe3d1dd895cd359122e6a0c898c4347fb2373c1ad36,,2026-08-14,,,pendingAgencies08222025pm_44abd9e80c4d.xlsx,Wayback Machine backfill ingested 2026-08-14; per-file capture urls were not recorded
sheets/sheets_wayback_20260814/pendingAgencies08272025am_670501644021.xlsx,670501644021b69d3559af6ef87aa122a5d0c44899dbf8d0ef873f8598e5d83e,,2026-08-14,,,pendingAgencies08272025am_670501644021.xlsx,Wayback Machine backfill ingested 2026-08-14; per-file capture urls were not recorded
sheets/sheets_wayback_20260814/pendingAgencies08282025am_75876e381800.xlsx,75876e381800eb706db172259e01ff0391847d4c1e569715fddcad058930ea4c,,2026-08-14,,,pendingAgencies08282025am_75876e381800.xlsx,Wayback Machine backfill ingested 2026-08-14; per-file capture urls were not recorded
sheets/sheets_wayback_20260814/pendingAgencies08282025pm_466cd600550b.xlsx,466cd600550be5352e41dd2b828bb43bd433f45ae403582b40228a7437e60a02,,2026-08-14,,,pendingAgencies08282025pm_466cd600550b.xlsx,Wayback Machine backfill ingested 2026-08-14; per-file capture urls were not recorded
sheets/sheets_wayback_20260814/pendingAgencies09022025am_163d8bd9a0e7.xlsx,163d8bd9a0e70c3c6c114f7c3b93acf19f8fa7cd6698dc75c1b23e6d9dd3f77f,,2026-08-14,,,pendingAgencies09022025am_163d8bd9a0e7.xlsx,Wayback Machine backfill ingested 2026-08-14; per-file capture urls were not recorded
sheets/sheets_wayback_20260814/pendingAgencies09022025pm_3172fc22f3fe.xlsx,3172fc22f3fee4370536c82e391466240768fe10c7bc5847c3d211eed100aeb1,,2026-08-14,,,pendingAgencies09022025pm_3172fc22f3fe.xlsx,Wayback Machine backfill ingested 2026-08-14; per-file capture urls were not recorded
sheets/sheets_wayback_20260814/pendingAgencies09032025am_a5b8a44932cc.xlsx,a5b8a44932ccc4eee3da5f2a1600291769a1f1684733385cbc04daf0f5153918,,2026-08-14,,,pendingAgencies09032025am_a5b8a44932cc.xlsx,Wayback Machine backfill ingested 2026-08-14; per-file capture urls were not recorded
sheets/sheets_wayback_20260814/pendingAgencies09092025pm_d4534c4e3217.xlsx,d4534c4e321769e65116275242302d26e5c9f433e626cb3b89a9c5466e2fa8e3,,2026-08-14,,,pendingAgencies09092025pm_d4534c4e3217.xlsx,Wayback Machine backfill ingested 2026-08-14; per-file capture urls were not recorded
sheets/sheets_wayback_20260814/pendingAgencies09102025am_08a0a0c7ac85.xlsx,08a0a0c7ac85b972575a084af53d6a7864bf487789f90853e6f73fd52531baa2,,2026-08-14,,,pendingAgencies09102025am_08a0a0c7ac85.xlsx,Wayback Machine backfill ingested 2026-08-14; per-file capture urls were not recorded
sheets/sheets_wayback_20260814/pendingAgencies09152025am_18d4779b9035.xlsx,18d4779b90352c952799e49c913d539e11f9101552d269ce155dcffc74c908b2,,2026-08-14,,,pendingAgencies09152025am_18d4779b9035.xlsx,Wayback Machine backfill ingested 2026-08-14; per-file capture urls were not recorded
sheets/sheets_wayback_20260814/pendingAgencies09162025pm_f3c09c0e8b24.xlsx,f3c09c0e8b24fc53cb7f4866be2f347d2e3773b5d63c2f5c8640651c3e872d60,,2026-08-14,,,pendingAgencies09162025pm_f3c09c0e8b24.xlsx,Wayback Machine backfill ingested 2026-08-14; per-file capture urls were not recorded
sheets/sheets_wayback_20260814/pendingAgencies09222025am_b24ed1cf87a9.xlsx,b24ed1cf87a9ab859d6b7fd06819c31d644339a3898eec1d58808cafa80d6ac3,,2026-08-14,,,pendingAgencies09222025am_b24ed1cf87a9.xlsx,Wayback Machine backfill ingested 2026-08-14; per-file capture urls were not recorded
sheets/sheets_wayback_20260814/pendingAgencies09232025am_ff922aa3713c.xlsx,ff922aa3713c5659143866f8a6ca1ab246fe48d095f39370757d4735ab825010,,2026-08-14,,,pendingAgencies09232025am_ff922aa3713c.xlsx,Wayback Machine backfill ingested 2026-08-14; per-file capture urls were not recorded
sheets/sheets_wayback_20260814/pendingAgencies09292025am_6b745a4f9df9.xlsx,6b745a4f9df9259e23c42d83373afde435d6916afe8c8d2d1c9fca43575f8ee5,,2026-08-14,,,pendingAgencies09292025am_6b745a4f9df9.xlsx,Wayback Machine backfill ingested 2026-08-14; per-file capture urls were not recorded
sheets/sheets_wayback_20260814/pendingAgencies09302025pm_2a699a00eab6.xlsx,2a699a00eab60e2fda6dfef06e0d816c9597d349d8dfe83a8625e14429eed0db,,2026-08-14,,,pendingAgencies09302025pm_2a699a00eab6.xlsx,Wayback Machine backfill ingested 2026-08-14; per-file capture urls were not recorded
sheets/sheets_wayback_20260814/pendingAgencies10012025am_f4e5463f75fb.xlsx,f4e5463f75fbfe488973f8acf5eb01b0a59215ea0353e659e85eea87f0d82102,,2026-08-14,,,pendingAgencies10012025am_f4e5463f75fb.xlsx,Wayback Machine backfill ingested 2026-08-14; per-file capture urls were not recorded
sheets/sheets_wayback_20260814/pendingAgencies10062025am_5e82387f908f.xlsx,5e82387f908f57b8e7cbcafc0328c963bbd8224995433beddc49f8431e674536,,2026-08-14,,,pendingAgencies10062025am_5e82387f908f.xlsx,Wayback Machine backfill ingested 2026-08-14; per-file capture urls were not recorded
sheets/sheets_wayback_20260814/pendingAgencies10062025pm_10fc17c54b64.xlsx,10fc17c54b64da2fe1c37d0bc34fe6722161472ea54567fc9fb4673b7a5769e4,,2026-08-14,,,pendingAgencies10062025pm_10fc17c54b64.xlsx,Wayback Machine backfill ingested 2026-08-14; per-file capture urls were not recorded
sheets/sheets_wayback_20260814/pendingAgencies10072025pm_f259cc9e3b03.xlsx,f259cc9e3b03c28a84b10dff7d1904faff1c715f311e9ec3eb47a1a52d5ece19,,2026-08-14,,,pendingAgencies10072025pm_f259cc9e3b03.xlsx,Wayback Machine backfill ingested 2026-08-14; per-file capture urls were not recorded
sheets/sheets_wayback_20260814/pendingAgencies10082025pm_57c3b8e0a585.xlsx,57c3b8e0a585f52e781d869a651ac7e9142c8ec3956671e8798b9346d2a5d34b,,2026-08-14,,,pendingAgencies10082025pm_57c3b8e0a585.xlsx,Wayback Machine backfill ingested 2026-08-14; per-file capture urls were not recorded
sheets/sheets_wayback_20260814/pendingAgencies10092025am_38d03e6df4a2.xlsx,38d03e6df4a209ff3c1faffd9de0276c26699ec56dc7a5197a9839f353580919,,2026-08-14,,,pendingAgencies10092025am_38d03e6df4a2.xlsx,Wayback Machine backfill ingested 2026-08-14; per-file capture urls were not recorded
sheets/sheets_wayback_20260814/pendingAgencies10102025pm_1a0a64f0af3c.xlsx,1a0a64f0af3ce49dbd0b8fd9536cc166cfaf3696132e245f78beda1b52ee9497,,2026-08-14,,,pendingAgencies10102025pm_1a0a64f0af3c.xlsx,Wayback Machine backfill ingested 2026-08-14; per-file capture urls were not recorded
sheets/sheets_wayback_20260814/pendingAgencies10102025pm_bec67b880214.xlsx,bec67b880214b468c39f1cc29771b43ea2fc7844debf0e019a883680b4fbe861,,2026-08-14,,,pendingAgencies10102025pm_bec67b880214.xlsx,Wayback Machine backfill ingested 2026-08-14; per-file capture urls were not recorded
sheets/sheets_wayback_20260814/pendingAgencies10142025am_638077548984.xlsx,63807754898494cee7f377a73a6192f551109649f9f2899b0022256450040cbb,,2026-08-14,,,pendingAgencies10142025am_638077548984.xlsx,Wayback Machine backfill ingested 2026-08-14; per-file capture urls were not recorded
sheets/sheets_wayback_20260814/pendingAgencies10152025am_e9ff896b1235.xlsx,e9ff896b123529e492ff07a9f37d55167a5bb33719177167dcfd4f82ece72032,,2026-08-14,,,pendingAgencies10152025am_e9ff896b1235.xlsx,Wayback Machine backfill ingested 2026-08-14; per-file capture urls were not recorded
sheets/sheets_wayback_20260814/pendingAgencies10162025am_2d07d0235875.xlsx,2d07d0235875ab3013378b17fb5c9d41ea2e45a64c83e43edc65715c5becdbe0,,2026-08-14,,,pendingAgencies10162025am_2d07d0235875.xlsx,Wayback Machine backfill ingested 2026-08-14; per-file capture urls were not recorded
sheets/sheets_wayback_20260814/pendingAgencies10172025am_e92bc6039750.xlsx,e92bc60397502bd8d0bc5ee6cdba37a8d48fc920fb683437e6b258567897c1df,,2026-08-14,,,pendingAgencies10172025am_e92bc6039750.xlsx,Wayback Machine backfill ingested 2026-08-14; per-file capture urls were not recorded
sheets/sheets_wayback_20260814/pendingAgencies10172025pm_8b148d25e622.xlsx,8b148d25e6222bd1c9b47a4c6a8f7f2a4077a2a902d9739b353021667b4cb53c,,2026-08-14,,,pendingAgencies10172025pm_8b148d25e622.xlsx,Wayback Machine backfill ingested 2026-08-14; per-file capture urls were not recorded
sheets/sheets_wayback_20260814/pendingAgencies10202025am_f9c7ad9b782e.xlsx,f9c7ad9b782ea978b79716755cb4a3565a6ee5401632095dfa7e16a88665ca96,,2026-08-14,,,pendingAgencies10202025am_f9c7ad9b782e.xlsx,Wayback Machine backfill ingested 2026-08-14; per-file capture urls were not recorded
sheets/sheets_wayback_20260814/pendingAgencies10202025pm_d0ea0486eac0.xlsx,d0ea0486eac04a9bc0232292c39563e9ebb5845300f0b728b2c5b18e97e4855a,,2026-08-14,,,pendingAgencies10202025pm_d0ea0486eac0.xlsx,Wayback Machine backfill ingested 2026-08-14; per-file capture urls were not recorded
sheets/sheets_wayback_20260814/pendingAgencies10222025am_9d65e29944b4.xlsx,9d65e29944b4798ef0ae4bc974a8ec4370f5a2d1411d891d3a82c7b1d81dd743,,2026-08-14,,,pendingAgencies10222025am_9d65e29944b4.xlsx,Wayback Machine backfill ingested 2026-08-14; per-file capture urls were not recorded
sheets/sheets_wayback_20260814/pendingAgencies10222025mid_a8cb9ca51ac2.xlsx,a8cb9ca51ac28f5c3b32df568e310842e4d099b2f1c11b3b462e7c1a5cedc878,,2026-08-14,,,pendingAgencies10222025mid_a8cb9ca51ac2.xlsx,Wayback Machine backfill ingested 2026-08-14; per-file capture urls were not recorded
sheets/sheets_wayback_20260814/pendingAgencies10222025pm_591376ff0f73.xlsx,591376ff0f7387ecedb8077475e8b02bc48dbeea21b09ffad44f154bb235209f,,2026-08-14,,,pendingAgencies10222025pm_591376ff0f73.xlsx,Wayback Machine backfill ingested 2026-08-14; per-file capture urls were not recorded
sheets/sheets_wayback_20260814/pendingAgencies10223025am_e3e895e3d102.xlsx,e3e895e3d102273462d759d1735d9ed944e1e786116ccbbf482ece8d4f518804,,2026-08-14,,,pendingAgencies10223025am_e3e895e3d102.xlsx,Wayback Machine backfill ingested 2026-08-14; per-file capture urls were not recorded
sheets/sheets_wayback_20260814/pendingAgencies10242025am_9044bf07b56a.xlsx,9044bf07b56a5e2b83b07da70511cf8cf58703544ba878444212da16b920ff55,,2026-08-14,,,pendingAgencies10242025am_9044bf07b56a.xlsx,Wayback Machine backfill ingested 2026-08-14; per-file capture urls were not recorded
sheets/sheets_wayback_20260814/pendingAgencies10242025mid_cf1baeb84455.xlsx,cf1baeb84455acd1bfccdc346904fddd4947608952b46eff44c0ec8a7a088e46,,2026-08-14,,,pendingAgencies10242025mid_cf1baeb84455.xlsx,Wayback Machine backfill ingested 2026-08-14; per-file capture urls were not recorded
sheets/sheets_wayback_20260814/pendingAgencies10272025am_dbb3517d2cda.xlsx,dbb3517d2cdae07aeb42485dd4fb674ba0952ffa04bb425c38fff23e76d2564d,,2026-08-14,,,pendingAgencies10272025am_dbb3517d2cda.xlsx,Wayback Machine backfill ingested 2026-08-14; per-file capture urls were not recorded
sheets/sheets_wayback_20260814/pendingAgencies10282025am_571df074d8ad.xlsx,571df074d8ad252de14b59f176e104a0a468e858ef1a3959265a8bd9ebcb19dd,,2026-08-14,,,pendingAgencies10282025am_571df074d8ad.xlsx,Wayback Machine backfill ingested 2026-08-14; per-file capture urls were not recorded
sheets/sheets_wayback_20260814/pendingAgencies10292025am_4e64927697c4.xlsx,4e64927697c47c1c7048dedb8f0a937884cb62d6bd539dfcfc7fec0579086306,,2026-08-14,,,pendingAgencies10292025am_4e64927697c4.xlsx,Wayback Machine backfill ingested 2026-08-14; per-file capture urls were not recorded
sheets/sheets_wayback_20260814/pendingAgencies10292025pmB_2322508c98ff.xlsx,2322508c98fffa850f0a184a44641699c5c2379da13ec35e664ba4144ff63859,,2026-08-14,,,pendingAgencies10292025pmB_2322508c98ff.xlsx,Wayback Machine backfill ingested 2026-08-14; per-file capture urls were not recorded
sheets/sheets_wayback_20260814/pendingAgencies10302025am_db07f8e21619.xlsx,db07f8e21619c5f762a5913a2421184c85741ce3da773b26cf753d13cec0d964,,2026-08-14,,,pendingAgencies10302025am_db07f8e21619.xlsx,Wayback Machine backfill ingested 2026-08-14; per-file capture urls were not recorded
sheets/sheets_wayback_20260814/pendingAgencies10312025am_e55ddf747db4.xlsx,e55ddf747db4d296d1324e9c6a3dd8777b5b569584012d1a8598ec7e178d9f6f,,2026-08-14,,,pendingAgencies10312025am_e55ddf747db4.xlsx,Wayback Machine backfill ingested 2026-08-14; per-file capture urls were not recorded
sheets/sheets_wayback_20260814/pendingAgencies10312025pm_75ae9ee74cde.xlsx,75ae9ee74cded18a3f85ec00710c2567704780f37fc24bc32c4ff3bb14de5601,,2026-08-14,,,pendingAgencies10312025pm_75ae9ee74cde.xlsx,Wayback Machine backfill ingested 2026-08-14; per-file capture urls were not recorded
sheets/sheets_wayback_20260814/pendingAgencies11032025am_79e224fb30d5.xlsx,79e224fb30d578ef09901cf25887784f9694523e4394d9ca44d2fad38038f540,,2026-08-14,,,pendingAgencies11032025am_79e224fb30d5.xlsx,Wayback Machine backfill ingested 2026-08-14; per-file capture urls were not recorded
sheets/sheets_wayback_20260814/pendingAgencies11032025pm_af24dc518471.xlsx,af24dc518471d345869de7bfc0fc25e61115748e4c9d7633243eb4e98e1843d9,,2026-08-14,,,pendingAgencies11032025pm_af24dc518471.xlsx,Wayback Machine backfill ingested 2026-08-14; per-file capture urls were not recorded
sheets/sheets_wayback_20260814/pendingAgencies11042025pm_96e6d2a820f5.xlsx,96e6d2a820f5883123db18f4b349813cf43350e0668829c1d9213bedac2d4b44,,2026-08-14,,,pendingAgencies11042025pm_96e6d2a820f5.xlsx,Wayback Machine backfill ingested 2026-08-14; per-file capture urls were not recorded
sheets/sheets_wayback_20260814/pendingAgencies11062025am_c3c3813dec3e.xlsx,c3c3813dec3eb40d09615bdc9d628abe47f7a326c50038c4417c520eae28d45c,,2026-08-14,,,pendingAgencies11062025am_c3c3813dec3e.xlsx,Wayback Machine backfill ingested 2026-08-14; per-file capture urls were not recorded
sheets/sheets_wayback_20260814/pendingAgencies11062025pm_08de38d6366e.xlsx,08de38d6366ecb3bec734b7b711b42dc180ff96adccb59cdf19e250f1f75018b,,2026-08-14,,,pendingAgencies11062025pm_08de38d6366e.xlsx,Wayback Machine backfill ingested 2026-08-14; per-file capture urls were not recorded
sheets/sheets_wayback_20260814/pendingAgencies11072025pm_d61f5618b9b8.xlsx,d61f5618b9b83d548e480f91695065b240c64f8d47faa67594255a3a2930abbf,,2026-08-14,,,pendingAgencies11072025pm_d61f5618b9b8.xlsx,Wayback Machine backfill ingested 2026-08-14; per-file capture urls were not recorded
sheets/sheets_wayback_20260814/pendingAgencies11102025pm_ffc2846a51fb.xlsx,ffc2846a51fb18870c68d770c890ad1eb8c013fc6444c38e5d2f344246a3e6df,,2026-08-14,,,pendingAgencies11102025pm_ffc2846a51fb.xlsx,Wayback Machine backfill ingested 2026-08-14; per-file capture urls were not recorded
sheets/sheets_wayback_20260814/pendingAgencies11122025_ee21a482885c.xlsx,ee21a482885c455c82b8c426c40ed0091855a9ab0b1250ca35b0bf054a71430e,,2026-08-14,,,pendingAgencies11122025_ee21a482885c.xlsx,Wayback Machine backfill ingested 2026-08-14; per-file capture urls were not recorded
sheets/sheets_wayback_20260814/pendingAgencies11132025pm_6748f7e939b6.xlsx,6748f7e939b658ba798d16968d40f13720e23b81c46ccdb93cce087eda6ae480,,2026-08-14,,,pendingAgencies11132025pm_6748f7e939b6.xlsx,Wayback Machine backfill ingested 2026-08-14; per-file capture urls were not recorded
sheets/sheets_wayback_20260814/pendingAgencies11142025pm_ffe41331c383.xlsx,ffe41331c3835dafaed16d6e1a6c3cb5ed05b29e5c1071f67ad59a4fb2c90a57,,2026-08-14,,,pendingAgencies11142025pm_ffe41331c383.xlsx,Wayback Machine backfill ingested 2026-08-14; per-file capture urls were not recorded
sheets/sheets_wayback_20260814/pendingAgencies11182025pm_9ac76dd91777.xlsx,9ac76dd91777dfff25002acd039eadc186129778c5649c955a1d265d6c8235b4,,2026-08-14,,,pendingAgencies11182025pm_9ac76dd91777.xlsx,Wayback Machine backfill ingested 2026-08-14; per-file capture urls were not recorded
sheets/sheets_wayback_20260814/pendingAgencies11192025pm_0944ce71c4c4.xlsx,0944ce71c4c4b0d2ea947e94c6608ddebadfe9962a7ccddfc1709bd46188b475,,2026-08-14,,,pendingAgencies11192025pm_0944ce71c4c4.xlsx,Wayback Machine backfill ingested 2026-08-14; per-file capture urls were not recorded
sheets/sheets_wayback_20260814/pendingAgencies11202025mid_c05c72f86925.xlsx,c05c72f86925738d4102667937d424ca14c346eda66cfa24dbdfdddaf6150681,,2026-08-14,,,pendingAgencies11202025mid_c05c72f86925.xlsx,Wayback Machine backfill ingested 2026-08-14; per-file capture urls were not recorded
sheets/sheets_wayback_20260814/pendingAgencies11212025am_9a349e19cf0b.xlsx,9a349e19cf0bb30cc826d0a1e1f41893480423e884f623b87e3ab74144bfdf36,,2026-08-14,,,pendingAgencies11212025am_9a349e19cf0b.xlsx,Wayback Machine backfill ingested 2026-08-14; per-file capture urls were not recorded
sheets/sheets_wayback_20260814/pendingAgencies11242025pm_a0cc024fb97e.xlsx,a0cc024fb97e7d7529748100e3c88f4f0a1cb10a6e9283868ee43744876be6ad,,2026-08-14,,,pendingAgencies11242025pm_a0cc024fb97e.xlsx,Wayback Machine backfill ingested 2026-08-14; per-file capture urls were not recorded
sheets/sheets_wayback_20260814/pendingAgencies11252025am_da2fa75ff938.xlsx,da2fa75ff9385445c4e345fd3d892d5b25dc976960c8d8cb51539542ff34895a,,2026-08-14,,,pendingAgencies11252025am_da2fa75ff938.xlsx,Wayback Machine backfill ingested 2026-08-14; per-file capture urls were not recorded
sheets/sheets_wayback_20260814/pendingAgencies11252025pm_28c68664ae34.xlsx,28c68664ae3472f0993a6b1e6f75bfb3b0ef0c83037c7b3ed9c9c8e4a22fd8c1,,2026-08-14,,,pendingAgencies11252025pm_28c68664ae34.xlsx,Wayback Machine backfill ingested 2026-08-14; per-file capture urls were not recorded
sheets/sheets_wayback_20260814/pendingAgencies11262025am_dcecee0b654d.xlsx,dcecee0b654dccca27d917435310f68f23cd8a4cf7812cb5039b7736e34773df,,2026-08-14,,,pendingAgencies11262025am_dcecee0b654d.xlsx,Wayback Machine backfill ingested 2026-08-14; per-file capture urls were not recorded
sheets/sheets_wayback_20260814/pendingAgencies12012025am_27cefe368b90.xlsx,27cefe368b90c63c99e58fd9d4ad47309cfe56fcdd11ed9b843c1a4ed81fc6fe,,2026-08-14,,,pendingAgencies12012025am_27cefe368b90.xlsx,Wayback Machine backfill ingested 2026-08-14; per-file capture urls were not recorded
sheets/sheets_wayback_20260814/pendingAgencies12022025pm_440502e4f54e.xlsx,440502e4f54ef177a6173ed8a2108b84aad1c18e8402ee5f104b3bf163994240,,2026-08-14,,,pendingAgencies12022025pm_440502e4f54e.xlsx,Wayback Machine backfill ingested 2026-08-14; per-file capture urls were not recorded
sheets/sheets_wayback_20260814/pendingAgencies12032025pm_116448590572.xlsx,116448590572f0ba7ada00692256e422aa55921fb3cdc7e9e92f71161df9bf80,,2026-08-14,,,pendingAgencies12032025pm_116448590572.xlsx,Wayback Machine backfill ingested 2026-08-14; per-file capture urls were not recorded
sheets/sheets_wayback_20260814/pendingAgencies12042025pm_923a6dfe2dfa.xlsx,923a6dfe2dfafba715f782a75d4cc90d4394fe2e37b44eb898904a083b966c3c,,2026-08-14,,,pendingAgencies12042025pm_923a6dfe2dfa.xlsx,Wayback Machine backfill ingested 2026-08-14; per-file capture urls were not recorded
sheets/sheets_wayback_20260814/pendingAgencies12042025pm2_bdbc236dd3e6.xlsx,bdbc236dd3e669c4bd0083a7a95de2985bd5047c7c5cebe1c5967ac03457f086,,2026-08-14,,,pendingAgencies12042025pm2_bdbc236dd3e6.xlsx,Wayback Machine backfill ingested 2026-08-14; per-file capture urls were not recorded
sheets/sheets_wayback_20260814/pendingAgencies12052025pm_3fed87a86d63.xlsx,3fed87a86d630501239575621211fb135c983c04a03e3b52be32e8d291b18c15,,2026-08-14,,,pendingAgencies12052025pm_3fed87a86d63.xlsx,Wayback Machine backfill ingested 2026-08-14; per-file capture urls were not recorded
sheets/sheets_wayback_20260814/pendingAgencies12082025mid_f3bccb2cf7ed.xlsx,f3bccb2cf7ed6bb560c1a331f8c4dfac5a3d67f3b83365d4f9f6665a8d480138,,2026-08-14,,,pendingAgencies12082025mid_f3bccb2cf7ed.xlsx,Wayback Machine backfill ingested 2026-08-14; per-file capture urls were not recorded
sheets/sheets_wayback_20260814/pendingAgencies12092025pm_a3d26440e6d2.xlsx,a3d26440e6d2f9bc6736747446cb737536408fad0ab3543620a5df3af2d1f226,,2026-08-14,,,pendingAgencies12092025pm_a3d26440e6d2.xlsx,Wayback Machine backfill ingested 2026-08-14; per-file capture urls were not recorded
sheets/sheets_wayback_20260814/pendingAgencies12102025am_3806b970ce4b.xlsx,3806b970ce4bf7e9c2d2c87d84193cf5403d220d55b5e5bc4d3214bf067f27bd,,2026-08-14,,,pendingAgencies12102025am_3806b970ce4b.xlsx,Wayback Machine backfill ingested 2026-08-14; per-file capture urls were not recorded
sheets/sheets_wayback_20260814/pendingAgencies12122025pm_27239b31779f.xlsx,27239b31779f9227860fafa38b187b2f1f57a1ed2a5e9141fcbdde2ceeaf0b0c,,2026-08-14,,,pendingAgencies12122025pm_27239b31779f.xlsx,Wayback Machine backfill ingested 2026-08-14; per-file capture urls were not recorded
sheets/sheets_wayback_20260814/pendingAgencies12122025pm_391fe7f53206.xlsx,391fe7f53206516bc48a3e66e4c435409f2a0ab7510cabb751400ce07d2cccff,,2026-08-14,,,pendingAgencies12122025pm_391fe7f53206.xlsx,Wayback Machine backfill ingested 2026-08-14; per-file capture urls were not recorded
sheets/sheets_wayback_20260814/pendingAgencies12292025am_6449e8b05ad7.xlsx,6449e8b05ad7ef89c3ec6ce83df67aabe9208063e1319c0c2856ad19bddffa77,,2026-08-14,,,pendingAgencies12292025am_6449e8b05ad7.xlsx,Wayback Machine backfill ingested 2026-08-14; per-file capture urls were not recorded
sheets/sheets_wayback_20260814/pendingAgencies12302025am_1f99f73b3fc7.xlsx,1f99f73b3fc7b561d0ceaf599d2839391a6858c1c2f13f306b3740913d32e13d,,2026-08-14,,,pendingAgencies12302025am_1f99f73b3fc7.xlsx,Wayback Machine backfill ingested 2026-08-14; per-file capture urls were not recorded
sheets/sheets_wayback_20260814/pendingAgencies12312025am_79078543b815.xlsx,79078543b815ea09d299165638c4e943a437fae149386464e8e84b34a17a7b98,,2026-08-14,,,pendingAgencies12312025am_79078543b815.xlsx,Wayback Machine backfill ingested 2026-08-14; per-file capture urls were not recorded
