"agency_key","state","agency","source","observed_on","detail"
"alabamadepartmentofpublicsafety","ALABAMA","Alabama Department of Public Safety","ICE fact-sheet roster","2010-10-29","Task Force; signed 2003-09-10"
"etowahcountysheriffsoffice","ALABAMA","Etowah County Sheriff's Office","ICE fact-sheet roster","2010-10-29","Jail Enforcement; signed 2008-07-08"
"arizonadepartmentofcorrections","ARIZONA","Arizona Department of Corrections","ICE fact-sheet roster","2010-10-29","Jail Enforcement; signed 2005-09-16"
"arizonadepartmentofpublicsafety","ARIZONA","Arizona Department of Public Safety","ICE fact-sheet roster","2010-10-29","Task Force; signed 2007-04-15"
"mesapolicedepartment","ARIZONA","City of Mesa Police Department","ICE fact-sheet roster","2010-10-29","Jail Enforcement; signed 2009-11-19"
"phoenixpolicedepartment","ARIZONA","City of Phoenix Police Department","ICE fact-sheet roster","2010-10-29","Task Force; signed 2008-03-10"
"florencepolicedepartment","ARIZONA","Florence Police Department","ICE fact-sheet roster","2010-10-29","Task Force; signed 2009-10-21"
"maricopacountysheriffsoffice","ARIZONA","Maricopa County Sheriff's Office","ICE fact-sheet roster","2010-10-29","Jail Enforcement; signed 2007-02-07"
"pimacountysheriffsoffice","ARIZONA","Pima County Sheriff's Office","ICE fact-sheet roster","2010-10-29","Jail Enforcement; signed 2008-03-10"
"pinalcountysheriffsoffice","ARIZONA","Pinal County Sheriff's Office","ICE fact-sheet roster","2010-10-29","Jail Enforcement; signed 2008-03-10"
"yavapaicountysheriffsoffice","ARIZONA","Yavapai County Sheriff's Office","ICE fact-sheet roster","2010-10-29","Jail Enforcement; signed 2008-03-10"
"bentoncountysheriffsoffice","ARKANSAS","Benton County Sheriff's Office","ICE fact-sheet roster","2010-10-29","Jail Enforcement; signed 2007-09-26"
"springdalepolicedepartment","ARKANSAS","City of Springdale Police Department","ICE fact-sheet roster","2010-10-29","Task Force; signed 2007-09-26"
"rogerspolicedepartment","ARKANSAS","Rogers Police Department","ICE fact-sheet roster","2010-10-29","Task Force; signed 2007-09-25"
"washingtoncountysheriffsoffice","ARKANSAS","Washington County Sheriff's Office","ICE fact-sheet roster","2010-10-29","Jail Enforcement; signed 2007-09-26"
"losangelescountysheriffsoffice","CALIFORNIA","Los Angeles County Sheriff's Office","ICE fact-sheet roster","2010-10-29","Jail Enforcement; signed 2005-02-01"
"orangecountysheriffsoffice","CALIFORNIA","Orange County Sheriff's Office","ICE fact-sheet roster","2010-10-29","Jail Enforcement; signed 2006-11-02"
"riversidecountysheriffsoffice","CALIFORNIA","Riverside County Sheriff's Office","ICE fact-sheet roster","2010-10-29","Jail Enforcement; signed 2006-04-28"
"sanbernardinocountysheriffsoffice","CALIFORNIA","San Bernardino County Sheriff's Office","ICE fact-sheet roster","2010-10-29","Jail Enforcement; signed 2005-11-19"
"coloradodepartmentofpublicsafety","COLORADO","Colorado Department of Public Safety","ICE fact-sheet roster","2010-10-29","Task Force; signed 2007-03-29"
"elpasocountysheriffsoffice","COLORADO","El Paso County Sheriff's Office","ICE fact-sheet roster","2010-10-29","Jail Enforcement; signed 2007-05-17"
"danburypolicedepartment","CONNECTICUT","City of Danbury Police Department","ICE fact-sheet roster","2010-10-29","Task Force; signed 2009-10-15"
"delawaredepartmentofcorrections","DELAWARE**","Delaware Department of Corrections","ICE fact-sheet roster","2010-10-29","Jail Enforcement; signed 2009-10-15"
"baycountysheriffsoffice","FLORIDA","Bay County Sheriff's Office","ICE fact-sheet roster","2010-10-29","Task Force; signed 2008-06-15"
"colliercountysheriffsoffice","FLORIDA","Collier County Sheriff's Office","ICE fact-sheet roster","2010-10-29","Jail Enforcement; signed 2007-08-06"
"floridadepartmentoflawenforcement","FLORIDA","Florida Department of Law Enforcement","ICE fact-sheet roster","2010-10-29","Task Force; signed 2002-07-02"
"jacksonvillesheriffsoffice","FLORIDA","Jacksonville Sheriff's Office","ICE fact-sheet roster","2010-10-29","Jail Enforcement; signed 2008-07-08"
"cobbcountysheriffsoffice","GEORGIA","Cobb County Sheriff's Office","ICE fact-sheet roster","2010-10-29","Jail Enforcement; signed 2007-02-13"
"georgiadepartmentofpublicsafety","GEORGIA","Georgia Department of Public Safety","ICE fact-sheet roster","2010-10-29","Task Force; signed 2007-07-27"
"gwinnettcountysheriffsoffice","GEORGIA","Gwinnett County Sheriff's Office","ICE fact-sheet roster","2010-10-29","Jail Enforcement; signed 2009-10-15"
"hallcountysheriffsoffice","GEORGIA","Hall County Sheriff's Office","ICE fact-sheet roster","2010-10-29","Jail Enforcement; signed 2008-02-29"
"whitfieldcountysheriffsoffice","GEORGIA","Whitfield County Sheriff's Office","ICE fact-sheet roster","2010-10-29","Jail Enforcement; signed 2008-02-04"
"frederickcountysheriffsoffice","MARYLAND","Frederick County Sheriff's Office","ICE fact-sheet roster","2010-10-29","Jail Enforcement; signed 2008-02-06"
"massachusettsdepartmentofcorrections","MASSACHUSETTS","Massachusetts Department of Corrections","ICE fact-sheet roster","2010-10-29","Jail Enforcement; signed 2007-03-26"
"minnesotadepartmentofpublicsafety","MINNESOTA","Minnesota Department of Public Safety","ICE fact-sheet roster","2010-10-29","Task Force; signed 2008-09-22"
"missouristatehighwaypatrol","MISSOURI","Missouri State Highway Patrol","ICE fact-sheet roster","2010-10-29","Task Force; signed 2008-06-25"
"lasvegasmetropolitanpolicedepartment","NEVADA","Las Vegas Metropolitan Police Department","ICE fact-sheet roster","2010-10-29","Jail Enforcement; signed 2008-09-08"
"hudsoncountydepartmentofcorrections","NEW JERSEY","Hudson County Department of Corrections","ICE fact-sheet roster","2010-10-29","Jail Enforcement; signed 2008-08-11"
"monmouthcountysheriffsoffice","NEW JERSEY","Monmouth County Sheriff's Office","ICE fact-sheet roster","2010-10-29","Jail Enforcement; signed 2009-10-15"
"newmexicodepartmentofcorrections","NEW MEXICO","New Mexico Department of Corrections","ICE fact-sheet roster","2010-10-29","Jail Enforcement; signed 2007-09-17"
"alamancecountysheriffsoffice","NORTH CAROLINA","Alamance County Sheriff's Office","ICE fact-sheet roster","2010-10-29","Jail Enforcement; signed 2007-01-10"
"cabarruscountysheriffsoffice","NORTH CAROLINA","Cabarrus County Sheriff's Office","ICE fact-sheet roster","2010-10-29","Jail Enforcement; signed 2007-08-02"
"durhampolicedepartment","NORTH CAROLINA","Durham Police Department","ICE fact-sheet roster","2010-10-29","Task Force; signed 2008-02-01"
"gastoncountysheriffsoffice","NORTH CAROLINA","Gaston County Sheriff's Office","ICE fact-sheet roster","2010-10-29","Jail Enforcement; signed 2007-02-22"
"guilfordcountysheriffsoffice","NORTH CAROLINA","Guilford County Sheriff's Office","ICE fact-sheet roster","2010-10-29","Task Force; signed 2009-10-15"
"hendersoncountysheriffsoffice","NORTH CAROLINA","Henderson County Sheriff's Office","ICE fact-sheet roster","2010-10-29","Jail Enforcement; signed 2008-06-25"
"mecklenburgcountysheriffsoffice","NORTH CAROLINA","Mecklenburg County Sheriff's Office","ICE fact-sheet roster","2010-10-29","Jail Enforcement; signed 2006-02-27"
"wakecountysheriffsoffice","NORTH CAROLINA","Wake County Sheriff's Office","ICE fact-sheet roster","2010-10-29","Jail Enforcement; signed 2008-06-25"
"butlercountysheriffsoffice","OHIO","Butler County Sheriff's Office","ICE fact-sheet roster","2010-10-29","Jail Enforcement; signed 2008-02-05"
"tulsacountysheriffsoffice","OKLAHOMA","Tulsa County Sheriff's Office","ICE fact-sheet roster","2010-10-29","Jail Enforcement; signed 2007-08-06"
"rhodeislandstatepolice","RHODE ISLAND","Rhode Island State Police","ICE fact-sheet roster","2010-10-29","Task Force; signed 2009-10-15"
"beaufortcountysheriffsoffice","SOUTH CAROLINA","Beaufort County Sheriff's Office","ICE fact-sheet roster","2010-10-29","Task Force; signed 2008-06-25"
"charlestoncountysheriffsoffice","SOUTH CAROLINA","Charleston County Sheriff's Office","ICE fact-sheet roster","2010-10-29","Jail Enforcement; signed 2009-11-09"
"lexingtoncountysheriffsoffice","SOUTH CAROLINA","Lexington County Sheriff's Office","ICE fact-sheet roster","2010-10-29","Jail Enforcement; signed 2010-08-19"
"yorkcountysheriffsoffice","SOUTH CAROLINA","York County Sheriff's Office","ICE fact-sheet roster","2010-10-29","Jail Enforcement; signed 2007-10-16"
"davidsoncountysheriffsoffice","TENNESSEE","Davidson County Sheriff's Office","ICE fact-sheet roster","2010-10-29","Jail Enforcement; signed 2007-02-21"
"tennesseehighwaypatroldepartmentofsafety","TENNESSEE","Tennessee Highway Patrol / Department of Safety","ICE fact-sheet roster","2010-10-29","Task Force; signed 2008-06-25"
"carrolltonpolicedepartment","TEXAS","Carrollton Police Department","ICE fact-sheet roster","2010-10-29","Jail Enforcement; signed 2008-08-12"
"farmersbranchpolicedepartment","TEXAS","Farmers Branch Police Department","ICE fact-sheet roster","2010-10-29","Task Force; signed 2008-07-08"
"harriscountysheriffsoffice","TEXAS","Harris County Sheriff's Office","ICE fact-sheet roster","2010-10-29","Jail Enforcement; signed 2008-07-20"
"washingtoncountysheriffsoffice","UTAH","Washington County Sheriff Office","ICE fact-sheet roster","2010-10-29","Jail Enforcement; signed 2008-09-22"
"webercountysheriffsoffice","UTAH","Weber County Sheriff's Office","ICE fact-sheet roster","2010-10-29","Jail Enforcement; signed 2008-09-22"
"herndonpolicedepartment","VIRGINIA","Herndon Police Department","ICE fact-sheet roster","2010-10-29","Task Force; signed 2007-03-21"
"loudouncountysheriffsoffice","VIRGINIA","Loudoun County Sheriff's Office","ICE fact-sheet roster","2010-10-29","Task Force; signed 2008-06-25"
"manassasparkpolicedepartment","VIRGINIA","Manassas Park Police Department","ICE fact-sheet roster","2010-10-29","Task Force; signed 2008-03-10"
"manassaspolicedepartment","VIRGINIA","Manassas Police Department","ICE fact-sheet roster","2010-10-29","Task Force; signed 2008-03-05"
"princewilliamcountypolicedepartment","VIRGINIA","Prince William County Police Department","ICE fact-sheet roster","2010-10-29","Task Force; signed 2008-02-26"
"princewilliamcountysheriffsoffice","VIRGINIA","Prince William County Sheriff's Office","ICE fact-sheet roster","2010-10-29","Task Force; signed 2008-02-26"
"princewilliammanassasregionaljail","VIRGINIA","Prince William-Manassas Regional Jail","ICE fact-sheet roster","2010-10-29","Jail Enforcement; signed 2007-07-09"
"rockinghamcountysheriffsoffice","VIRGINIA","Rockingham County Sheriff's Office","ICE fact-sheet roster","2010-10-29","Jail Enforcement; signed 2007-04-25"
"shenandoahcountysheriffsoffice","VIRGINIA","Shenandoah County Sheriff's Office","ICE fact-sheet roster","2010-10-29","Jail Enforcement; signed 2007-05-10"
"alabamadepartmentofpublicsafety","ALABAMA","Alabama Department of Public Safety","ICE fact-sheet roster","2010-10-29","Task Force; signed 2003-09-10"
"etowahcountysheriffsoffice","ALABAMA","Etowah County Sheriff's Office","ICE fact-sheet roster","2010-10-29","Jail Enforcement; signed 2008-07-08"
"arizonadepartmentofcorrections","ARIZONA","Arizona Department of Corrections","ICE fact-sheet roster","2010-10-29","Jail Enforcement; signed 2005-09-16"
"arizonadepartmentofpublicsafety","ARIZONA","Arizona Department of Public Safety","ICE fact-sheet roster","2010-10-29","Jail Enforcement; signed 2007-04-15"
"mesapolicedepartment","ARIZONA","City of Mesa Police Department","ICE fact-sheet roster","2010-10-29","Jail Enforcement; signed 2009-11-19"
"phoenixpolicedepartment","ARIZONA","City of Phoenix Police Department","ICE fact-sheet roster","2010-10-29","Jail Enforcement; signed 2008-03-10"
"florencepolicedepartment","ARIZONA","Florence Police Department","ICE fact-sheet roster","2010-10-29","Jail Enforcement; signed 2009-10-21"
"maricopacountysheriffsoffice","ARIZONA","Maricopa County Sheriff's Office","ICE fact-sheet roster","2010-10-29","Jail Enforcement; signed 2007-02-07"
"pimacountysheriffsoffice","ARIZONA","Pima County Sheriff's Office","ICE fact-sheet roster","2010-10-29","Jail Enforcement; signed 2008-03-10"
"pinalcountysheriffsoffice","ARIZONA","Pinal County Sheriff's Office","ICE fact-sheet roster","2010-10-29","Jail Enforcement; signed 2008-03-10"
"yavapaicountysheriffsoffice","ARIZONA","Yavapai County Sheriff's Office","ICE fact-sheet roster","2010-10-29","Jail Enforcement; signed 2008-03-10"
"bentoncountysheriffsoffice","ARKANSAS","Benton County Sheriff's Office","ICE fact-sheet roster","2010-10-29","Jail Enforcement; signed 2007-09-26"
"springdalepolicedepartment","ARKANSAS","City of Springdale Police Department","ICE fact-sheet roster","2010-10-29","Task Force; signed 2007-09-26"
"rogerspolicedepartment","ARKANSAS","Rogers Police Department","ICE fact-sheet roster","2010-10-29","Task Force; signed 2007-09-25"
"washingtoncountysheriffsoffice","ARKANSAS","Washington County Sheriff's Office","ICE fact-sheet roster","2010-10-29","Jail Enforcement; signed 2007-09-26"
"losangelescountysheriffsoffice","CALIFORNIA","Los Angeles County Sheriff's Office","ICE fact-sheet roster","2010-10-29","Jail Enforcement; signed 2005-02-01"
"orangecountysheriffsoffice","CALIFORNIA","Orange County Sheriff's Office","ICE fact-sheet roster","2010-10-29","Jail Enforcement; signed 2006-11-02"
"riversidecountysheriffsoffice","CALIFORNIA","Riverside County Sheriff's Office","ICE fact-sheet roster","2010-10-29","Jail Enforcement; signed 2006-04-28"
"sanbernardinocountysheriffsoffice","CALIFORNIA","San Bernardino County Sheriff's Office","ICE fact-sheet roster","2010-10-29","Jail Enforcement; signed 2005-11-19"
"coloradodepartmentofpublicsafety","COLORADO","Colorado Department of Public Safety","ICE fact-sheet roster","2010-10-29","Task Force; signed 2007-03-29"
"elpasocountysheriffsoffice","COLORADO","El Paso County Sheriff's Office","ICE fact-sheet roster","2010-10-29","Jail Enforcement; signed 2007-05-17"
"danburypolicedepartment","CONNECTICUT","City of Danbury Police Department","ICE fact-sheet roster","2010-10-29","Task Force; signed 2009-10-15"
"delawaredepartmentofcorrections","DELAWARE**","Delaware Department of Corrections","ICE fact-sheet roster","2010-10-29","Jail Enforcement; signed 2009-10-15"
"baycountysheriffsoffice","FLORIDA","Bay County Sheriff's Office","ICE fact-sheet roster","2010-10-29","Task Force; signed 2008-06-15"
"colliercountysheriffsoffice","FLORIDA","Collier County Sheriff's Office","ICE fact-sheet roster","2010-10-29","Jail Enforcement; signed 2007-08-06"
"floridadepartmentoflawenforcement","FLORIDA","Florida Department of Law Enforcement","ICE fact-sheet roster","2010-10-29","Task Force; signed 2002-07-02"
"jacksonvillesheriffsoffice","FLORIDA","Jacksonville Sheriff's Office","ICE fact-sheet roster","2010-10-29","Jail Enforcement; signed 2008-07-08"
"cobbcountysheriffsoffice","GEORGIA","Cobb County Sheriff's Office","ICE fact-sheet roster","2010-10-29","Jail Enforcement; signed 2007-02-13"
"georgiadepartmentofpublicsafety","GEORGIA","Georgia Department of Public Safety","ICE fact-sheet roster","2010-10-29","Task Force; signed 2007-07-27"
"gwinnettcountysheriffsoffice","GEORGIA","Gwinnett County Sheriff's Office","ICE fact-sheet roster","2010-10-29","Jail Enforcement; signed 2009-10-15"
"hallcountysheriffsoffice","GEORGIA","Hall County Sheriff's Office","ICE fact-sheet roster","2010-10-29","Jail Enforcement; signed 2008-02-29"
"whitfieldcountysheriffsoffice","GEORGIA","Whitfield County Sheriff's Office","ICE fact-sheet roster","2010-10-29","Jail Enforcement; signed 2008-02-04"
"frederickcountysheriffsoffice","MARYLAND","Frederick County Sheriff's Office","ICE fact-sheet roster","2010-10-29","Jail Enforcement; signed 2008-02-06"
"massachusettsdepartmentofcorrections","MASSACHUSETTS","Massachusetts Department of Corrections","ICE fact-sheet roster","2010-10-29","Jail Enforcement; signed 2007-03-26"
"minnesotadepartmentofpublicsafety","MINNESOTA","Minnesota Department of Public Safety","ICE fact-sheet roster","2010-10-29","Task Force; signed 2008-09-22"
"missouristatehighwaypatrol","MISSOURI","Missouri State Highway Patrol","ICE fact-sheet roster","2010-10-29","Task Force; signed 2008-06-25"
"lasvegasmetropolitanpolicedepartment","NEVADA","Las Vegas Metropolitan Police Department","ICE fact-sheet roster","2010-10-29","Jail Enforcement; signed 2008-09-08"
"hudsoncountydepartmentofcorrections","NEW JERSEY","Hudson County Department of Corrections","ICE fact-sheet roster","2010-10-29","Jail Enforcement; signed 2008-08-11"
"monmouthcountysheriffsoffice","NEW JERSEY","Monmouth County Sheriff's Office","ICE fact-sheet roster","2010-10-29","Jail Enforcement; signed 2009-10-15"
"newmexicodepartmentofcorrections","NEW MEXICO","New Mexico Department of Corrections","ICE fact-sheet roster","2010-10-29","Jail Enforcement; signed 2007-09-17"
"alamancecountysheriffsoffice","NORTH CAROLINA","Alamance County Sheriff's Office","ICE fact-sheet roster","2010-10-29","Jail Enforcement; signed 2007-01-10"
"cabarruscountysheriffsoffice","NORTH CAROLINA","Cabarrus County Sheriff's Office","ICE fact-sheet roster","2010-10-29","Jail Enforcement; signed 2007-08-02"
"durhampolicedepartment","NORTH CAROLINA","City of Durham Police Department","ICE fact-sheet roster","2010-10-29","Task Force; signed 2008-02-01"
"gastoncountysheriffsoffice","NORTH CAROLINA","Gaston County Sheriff's Office","ICE fact-sheet roster","2010-10-29","Jail Enforcement; signed 2007-02-22"
"hendersoncountysheriffsoffice","NORTH CAROLINA","Henderson County Sheriff's Office","ICE fact-sheet roster","2010-10-29","Jail Enforcement; signed 2008-06-25"
"mecklenburgcountysheriffsoffice","NORTH CAROLINA","Mecklenburg County Sheriff's Office","ICE fact-sheet roster","2010-10-29","Jail Enforcement; signed 2006-02-27"
"wakecountysheriffsoffice","NORTH CAROLINA","Wake County Sheriff's Office","ICE fact-sheet roster","2010-10-29","Jail Enforcement; signed 2008-06-25"
"butlercountysheriffsoffice","OHIO","Butler County Sheriff's Office","ICE fact-sheet roster","2010-10-29","Jail Enforcement; signed 2008-02-05"
"tulsacountysheriffsoffice","OKLAHOMA","Tulsa County Sheriff's Office","ICE fact-sheet roster","2010-10-29","Jail Enforcement; signed 2007-08-06"
"beaufortcountysheriffsoffice","SOUTH CAROLINA","Beaufort County Sheriff's Office","ICE fact-sheet roster","2010-10-29","Task Force; signed 2008-06-25"
"charlestoncountysheriffsoffice","SOUTH CAROLINA","Charleston County Sheriff's Office","ICE fact-sheet roster","2010-10-29","Jail Enforcement; signed 2009-11-09"
"lexingtoncountysheriffsoffice","SOUTH CAROLINA","Lexington County Sheriff's Office","ICE fact-sheet roster","2010-10-29","Jail Enforcement; signed 2010-08-19"
"yorkcountysheriffsoffice","SOUTH CAROLINA","York County Sheriff's Office","ICE fact-sheet roster","2010-10-29","Jail Enforcement; signed 2007-10-16"
"davidsoncountysheriffsoffice","TENNESSEE","Davidson County Sheriff's Office","ICE fact-sheet roster","2010-10-29","Jail Enforcement; signed 2007-02-21"
"tennesseehighwaypatroldepartmentofsafety","TENNESSEE","Tennessee Highway Patrol / Department of Safety","ICE fact-sheet roster","2010-10-29","Task Force; signed 2008-06-25"
"carrolltonpolicedepartment","TEXAS","Carrollton Police Department","ICE fact-sheet roster","2010-10-29","Jail Enforcement; signed 2008-08-12"
"farmersbranchpolicedepartment","TEXAS","Farmers Branch Police Department","ICE fact-sheet roster","2010-10-29","Task Force; signed 2008-07-08"
"harriscountysheriffsoffice","TEXAS","Harris County Sheriff's Office","ICE fact-sheet roster","2010-10-29","Jail Enforcement; signed 2008-07-20"
"washingtoncountysheriffsoffice","UTAH","Washington County Sheriff Office","ICE fact-sheet roster","2010-10-29","Jail Enforcement; signed 2008-09-22"
"webercountysheriffsoffice","UTAH","Weber County Sheriff's Office","ICE fact-sheet roster","2010-10-29","Jail Enforcement; signed 2008-09-22"
"herndonpolicedepartment","VIRGINIA","Herndon Police Department","ICE fact-sheet roster","2010-10-29","Task Force; signed 2007-03-21"
"loudouncountysheriffsoffice","VIRGINIA","Loudoun County Sheriff's Office","ICE fact-sheet roster","2010-10-29","Task Force; signed 2008-06-25"
"manassasparkpolicedepartment","VIRGINIA","Manassas Park Police Department","ICE fact-sheet roster","2010-10-29","Task Force; signed 2008-03-10"
"manassaspolicedepartment","VIRGINIA","Manassas Police Department","ICE fact-sheet roster","2010-10-29","Task Force; signed 2008-03-05"
"princewilliamcountypolicedepartment","VIRGINIA","Prince William County Police Department","ICE fact-sheet roster","2010-10-29","Task Force; signed 2008-02-26"
"princewilliamcountysheriffsoffice","VIRGINIA","Prince William County Sheriff's Office","ICE fact-sheet roster","2010-10-29","Task Force; signed 2008-02-26"
"princewilliammanassasregionaljail","VIRGINIA","Prince William-Manassas Regional Jail","ICE fact-sheet roster","2010-10-29","Jail Enforcement; signed 2007-07-09"
"rockinghamcountysheriffsoffice","VIRGINIA","Rockingham County Sheriff's Office","ICE fact-sheet roster","2010-10-29","Jail Enforcement; signed 2007-04-25"
"shenandoahcountysheriffsoffice","VIRGINIA","Shenandoah County Sheriff's Office","ICE fact-sheet roster","2010-10-29","Jail Enforcement; signed 2007-05-10"
"alabamadepartmentofpublicsafety","ALABAMA","Alabama Department of Public Safety","ICE fact-sheet roster","2011-09-02","Task Force; signed 2003-09-10"
"etowahcountysheriffsoffice","ALABAMA","Etowah County Sheriff's Office","ICE fact-sheet roster","2011-09-02","Jail Enforcement; signed 2008-07-08"
"arizonadepartmentofcorrections","ARIZONA","Arizona Department of Corrections","ICE fact-sheet roster","2011-09-02","Jail Enforcement; signed 2005-09-16"
"arizonadepartmentofpublicsafety","ARIZONA","Arizona Department of Public Safety","ICE fact-sheet roster","2011-09-02","Jail Enforcement; signed 2007-04-15"
"mesapolicedepartment","ARIZONA","City of Mesa Police Department","ICE fact-sheet roster","2011-09-02","Jail Enforcement; signed 2009-11-19"
"phoenixpolicedepartment","ARIZONA","City of Phoenix Police Department","ICE fact-sheet roster","2011-09-02","Jail Enforcement; signed 2008-03-10"
"florencepolicedepartment","ARIZONA","Florence Police Department","ICE fact-sheet roster","2011-09-02","Jail Enforcement; signed 2009-10-21"
"maricopacountysheriffsoffice","ARIZONA","Maricopa County Sheriff's Office","ICE fact-sheet roster","2011-09-02","Jail Enforcement; signed 2007-02-07"
"pimacountysheriffsoffice","ARIZONA","Pima County Sheriff's Office","ICE fact-sheet roster","2011-09-02","Jail Enforcement; signed 2008-03-10"
"pinalcountysheriffsoffice","ARIZONA","Pinal County Sheriff's Office","ICE fact-sheet roster","2011-09-02","Jail Enforcement; signed 2008-03-10"
"yavapaicountysheriffsoffice","ARIZONA","Yavapai County Sheriff's Office","ICE fact-sheet roster","2011-09-02","Jail Enforcement; signed 2008-03-10"
"bentoncountysheriffsoffice","ARKANSAS","Benton County Sheriff's Office","ICE fact-sheet roster","2011-09-02","Jail Enforcement; signed 2007-09-26"
"springdalepolicedepartment","ARKANSAS","City of Springdale Police Department","ICE fact-sheet roster","2011-09-02","Task Force; signed 2007-09-26"
"rogerspolicedepartment","ARKANSAS","Rogers Police Department","ICE fact-sheet roster","2011-09-02","Task Force; signed 2007-09-25"
"washingtoncountysheriffsoffice","ARKANSAS","Washington County Sheriff's Office","ICE fact-sheet roster","2011-09-02","Jail Enforcement; signed 2007-09-26"
"losangelescountysheriffsoffice","CALIFORNIA","Los Angeles County Sheriff's Office","ICE fact-sheet roster","2011-09-02","Jail Enforcement; signed 2005-02-01"
"orangecountysheriffsoffice","CALIFORNIA","Orange County Sheriff's Office","ICE fact-sheet roster","2011-09-02","Jail Enforcement; signed 2006-11-02"
"riversidecountysheriffsoffice","CALIFORNIA","Riverside County Sheriff's Office","ICE fact-sheet roster","2011-09-02","Jail Enforcement; signed 2006-04-28"
"sanbernardinocountysheriffsoffice","CALIFORNIA","San Bernardino County Sheriff's Office","ICE fact-sheet roster","2011-09-02","Jail Enforcement; signed 2005-11-19"
"coloradodepartmentofpublicsafety","COLORADO","Colorado Department of Public Safety","ICE fact-sheet roster","2011-09-02","Task Force; signed 2007-03-29"
"elpasocountysheriffsoffice","COLORADO","El Paso County Sheriff's Office","ICE fact-sheet roster","2011-09-02","Jail Enforcement; signed 2007-05-17"
"danburypolicedepartment","CONNECTICUT","City of Danbury Police Department","ICE fact-sheet roster","2011-09-02","Task Force; signed 2009-10-15"
"delawaredepartmentofcorrections","DELAWARE**","Delaware Department of Corrections","ICE fact-sheet roster","2011-09-02","Jail Enforcement; signed 2009-10-15"
"baycountysheriffsoffice","FLORIDA","Bay County Sheriff's Office","ICE fact-sheet roster","2011-09-02","Task Force; signed 2008-06-15"
"colliercountysheriffsoffice","FLORIDA","Collier County Sheriff's Office","ICE fact-sheet roster","2011-09-02","Jail Enforcement; signed 2007-08-06"
"floridadepartmentoflawenforcement","FLORIDA","Florida Department of Law Enforcement","ICE fact-sheet roster","2011-09-02","Task Force; signed 2002-07-02"
"jacksonvillesheriffsoffice","FLORIDA","Jacksonville Sheriff's Office","ICE fact-sheet roster","2011-09-02","Jail Enforcement; signed 2008-07-08"
"cobbcountysheriffsoffice","GEORGIA","Cobb County Sheriff's Office","ICE fact-sheet roster","2011-09-02","Jail Enforcement; signed 2007-02-13"
"georgiadepartmentofpublicsafety","GEORGIA","Georgia Department of Public Safety","ICE fact-sheet roster","2011-09-02","Task Force; signed 2007-07-27"
"gwinnettcountysheriffsoffice","GEORGIA","Gwinnett County Sheriff's Office","ICE fact-sheet roster","2011-09-02","Jail Enforcement; signed 2009-10-15"
"hallcountysheriffsoffice","GEORGIA","Hall County Sheriff's Office","ICE fact-sheet roster","2011-09-02","Jail Enforcement; signed 2008-02-29"
"whitfieldcountysheriffsoffice","GEORGIA","Whitfield County Sheriff's Office","ICE fact-sheet roster","2011-09-02","Jail Enforcement; signed 2008-02-04"
"frederickcountysheriffsoffice","MARYLAND","Frederick County Sheriff's Office","ICE fact-sheet roster","2011-09-02","Jail Enforcement; signed 2008-02-06"
"massachusettsdepartmentofcorrections","MASSACHUSETTS","Massachusetts Department of Corrections","ICE fact-sheet roster","2011-09-02","Jail Enforcement; signed 2007-03-26"
"minnesotadepartmentofpublicsafety","MINNESOTA","Minnesota Department of Public Safety","ICE fact-sheet roster","2011-09-02","Task Force; signed 2008-09-22"
"missouristatehighwaypatrol","MISSOURI","Missouri State Highway Patrol","ICE fact-sheet roster","2011-09-02","Task Force; signed 2008-06-25"
"lasvegasmetropolitanpolicedepartment","NEVADA","Las Vegas Metropolitan Police Department","ICE fact-sheet roster","2011-09-02","Jail Enforcement; signed 2008-09-08"
"hudsoncountydepartmentofcorrections","NEW JERSEY","Hudson County Department of Corrections","ICE fact-sheet roster","2011-09-02","Jail Enforcement; signed 2008-08-11"
"monmouthcountysheriffsoffice","NEW JERSEY","Monmouth County Sheriff's Office","ICE fact-sheet roster","2011-09-02","Jail Enforcement; signed 2009-10-15"
"newmexicodepartmentofcorrections","NEW MEXICO","New Mexico Department of Corrections","ICE fact-sheet roster","2011-09-02","Jail Enforcement; signed 2007-09-17"
"alamancecountysheriffsoffice","NORTH CAROLINA","Alamance County Sheriff's Office","ICE fact-sheet roster","2011-09-02","Jail Enforcement; signed 2007-01-10"
"cabarruscountysheriffsoffice","NORTH CAROLINA","Cabarrus County Sheriff's Office","ICE fact-sheet roster","2011-09-02","Jail Enforcement; signed 2007-08-02"
"durhampolicedepartment","NORTH CAROLINA","City of Durham Police Department","ICE fact-sheet roster","2011-09-02","Task Force; signed 2008-02-01"
"gastoncountysheriffsoffice","NORTH CAROLINA","Gaston County Sheriff's Office","ICE fact-sheet roster","2011-09-02","Jail Enforcement; signed 2007-02-22"
"hendersoncountysheriffsoffice","NORTH CAROLINA","Henderson County Sheriff's Office","ICE fact-sheet roster","2011-09-02","Jail Enforcement; signed 2008-06-25"
"mecklenburgcountysheriffsoffice","NORTH CAROLINA","Mecklenburg County Sheriff's Office","ICE fact-sheet roster","2011-09-02","Jail Enforcement; signed 2006-02-27"
"wakecountysheriffsoffice","NORTH CAROLINA","Wake County Sheriff's Office","ICE fact-sheet roster","2011-09-02","Jail Enforcement; signed 2008-06-25"
"butlercountysheriffsoffice","OHIO","Butler County Sheriff's Office","ICE fact-sheet roster","2011-09-02","Jail Enforcement; signed 2008-02-05"
"tulsacountysheriffsoffice","OKLAHOMA","Tulsa County Sheriff's Office","ICE fact-sheet roster","2011-09-02","Jail Enforcement; signed 2007-08-06"
"beaufortcountysheriffsoffice","SOUTH CAROLINA","Beaufort County Sheriff's Office","ICE fact-sheet roster","2011-09-02","Task Force; signed 2008-06-25"
"charlestoncountysheriffsoffice","SOUTH CAROLINA","Charleston County Sheriff's Office","ICE fact-sheet roster","2011-09-02","Jail Enforcement; signed 2009-11-09"
"lexingtoncountysheriffsoffice","SOUTH CAROLINA","Lexington County Sheriff's Office","ICE fact-sheet roster","2011-09-02","Jail Enforcement; signed 2010-08-19"
"yorkcountysheriffsoffice","SOUTH CAROLINA","York County Sheriff's Office","ICE fact-sheet roster","2011-09-02","Jail Enforcement; signed 2007-10-16"
"davidsoncountysheriffsoffice","TENNESSEE","Davidson County Sheriff's Office","ICE fact-sheet roster","2011-09-02","Jail Enforcement; signed 2007-02-21"
"tennesseehighwaypatroldepartmentofsafety","TENNESSEE","Tennessee Highway Patrol / Department of Safety","ICE fact-sheet roster","2011-09-02","Task Force; signed 2008-06-25"
"carrolltonpolicedepartment","TEXAS","Carrollton Police Department","ICE fact-sheet roster","2011-09-02","Jail Enforcement; signed 2008-08-12"
"farmersbranchpolicedepartment","TEXAS","Farmers Branch Police Department","ICE fact-sheet roster","2011-09-02","Task Force; signed 2008-07-08"
"harriscountysheriffsoffice","TEXAS","Harris County Sheriff's Office","ICE fact-sheet roster","2011-09-02","Jail Enforcement; signed 2008-07-20"
"washingtoncountysheriffsoffice","UTAH","Washington County Sheriff Office","ICE fact-sheet roster","2011-09-02","Jail Enforcement; signed 2008-09-22"
"webercountysheriffsoffice","UTAH","Weber County Sheriff's Office","ICE fact-sheet roster","2011-09-02","Jail Enforcement; signed 2008-09-22"
"herndonpolicedepartment","VIRGINIA","Herndon Police Department","ICE fact-sheet roster","2011-09-02","Task Force; signed 2007-03-21"
"loudouncountysheriffsoffice","VIRGINIA","Loudoun County Sheriff's Office","ICE fact-sheet roster","2011-09-02","Task Force; signed 2008-06-25"
"manassasparkpolicedepartment","VIRGINIA","Manassas Park Police Department","ICE fact-sheet roster","2011-09-02","Task Force; signed 2008-03-10"
"manassaspolicedepartment","VIRGINIA","Manassas Police Department","ICE fact-sheet roster","2011-09-02","Task Force; signed 2008-03-05"
"princewilliamcountypolicedepartment","VIRGINIA","Prince William County Police Department","ICE fact-sheet roster","2011-09-02","Task Force; signed 2008-02-26"
"princewilliamcountysheriffsoffice","VIRGINIA","Prince William County Sheriff's Office","ICE fact-sheet roster","2011-09-02","Task Force; signed 2008-02-26"
"princewilliammanassasregionaljail","VIRGINIA","Prince William-Manassas Regional Jail","ICE fact-sheet roster","2011-09-02","Jail Enforcement; signed 2007-07-09"
"rockinghamcountysheriffsoffice","VIRGINIA","Rockingham County Sheriff's Office","ICE fact-sheet roster","2011-09-02","Jail Enforcement; signed 2007-04-25"
"shenandoahcountysheriffsoffice","VIRGINIA","Shenandoah County Sheriff's Office","ICE fact-sheet roster","2011-09-02","Jail Enforcement; signed 2007-05-10"
"alabamadepartmentofpublicsafety","ALABAMA","Alabama Department of Public Safety","ICE fact-sheet roster","2011-09-02","Task Force; signed 2003-09-10"
"etowahcountysheriffsoffice","ALABAMA","Etowah County Sheriff's Office","ICE fact-sheet roster","2011-09-02","Jail Enforcement; signed 2008-07-08"
"arizonadepartmentofcorrections","ARIZONA","Arizona Department of Corrections","ICE fact-sheet roster","2011-09-02","Jail Enforcement; signed 2005-09-16"
"arizonadepartmentofpublicsafety","ARIZONA","Arizona Department of Public Safety","ICE fact-sheet roster","2011-09-02","Jail Enforcement; signed 2007-04-15"
"mesapolicedepartment","ARIZONA","City of Mesa Police Department","ICE fact-sheet roster","2011-09-02","Jail Enforcement; signed 2009-11-19"
"phoenixpolicedepartment","ARIZONA","City of Phoenix Police Department","ICE fact-sheet roster","2011-09-02","Jail Enforcement; signed 2008-03-10"
"florencepolicedepartment","ARIZONA","Florence Police Department","ICE fact-sheet roster","2011-09-02","Jail Enforcement; signed 2009-10-21"
"pimacountysheriffsoffice","ARIZONA","Pima County Sheriff's Office","ICE fact-sheet roster","2011-09-02","Jail Enforcement; signed 2008-03-10"
"pinalcountysheriffsoffice","ARIZONA","Pinal County Sheriff's Office","ICE fact-sheet roster","2011-09-02","Jail Enforcement; signed 2008-03-10"
"yavapaicountysheriffsoffice","ARIZONA","Yavapai County Sheriff's Office","ICE fact-sheet roster","2011-09-02","Jail Enforcement; signed 2008-03-10"
"bentoncountysheriffsoffice","ARKANSAS","Benton County Sheriff's Office","ICE fact-sheet roster","2011-09-02","Jail Enforcement; signed 2007-09-26"
"springdalepolicedepartment","ARKANSAS","City of Springdale Police Department","ICE fact-sheet roster","2011-09-02","Task Force; signed 2007-09-26"
"rogerspolicedepartment","ARKANSAS","Rogers Police Department","ICE fact-sheet roster","2011-09-02","Task Force; signed 2007-09-25"
"washingtoncountysheriffsoffice","ARKANSAS","Washington County Sheriff's Office","ICE fact-sheet roster","2011-09-02","Jail Enforcement; signed 2007-09-26"
"losangelescountysheriffsoffice","CALIFORNIA","Los Angeles County Sheriff's Office","ICE fact-sheet roster","2011-09-02","Jail Enforcement; signed 2005-02-01"
"orangecountysheriffsoffice","CALIFORNIA","Orange County Sheriff's Office","ICE fact-sheet roster","2011-09-02","Jail Enforcement; signed 2006-11-02"
"riversidecountysheriffsoffice","CALIFORNIA","Riverside County Sheriff's Office","ICE fact-sheet roster","2011-09-02","Jail Enforcement; signed 2006-04-28"
"sanbernardinocountysheriffsoffice","CALIFORNIA","San Bernardino County Sheriff's Office","ICE fact-sheet roster","2011-09-02","Jail Enforcement; signed 2005-11-19"
"coloradodepartmentofpublicsafety","COLORADO","Colorado Department of Public Safety","ICE fact-sheet roster","2011-09-02","Task Force; signed 2007-03-29"
"elpasocountysheriffsoffice","COLORADO","El Paso County Sheriff's Office","ICE fact-sheet roster","2011-09-02","Jail Enforcement; signed 2007-05-17"
"danburypolicedepartment","CONNECTICUT","City of Danbury Police Department","ICE fact-sheet roster","2011-09-02","Task Force; signed 2009-10-15"
"delawaredepartmentofcorrections","DELAWARE**","Delaware Department of Corrections","ICE fact-sheet roster","2011-09-02","Jail Enforcement; signed 2009-10-15"
"baycountysheriffsoffice","FLORIDA","Bay County Sheriff's Office","ICE fact-sheet roster","2011-09-02","Task Force; signed 2008-06-15"
"colliercountysheriffsoffice","FLORIDA","Collier County Sheriff's Office","ICE fact-sheet roster","2011-09-02","Jail Enforcement; signed 2007-08-06"
"floridadepartmentoflawenforcement","FLORIDA","Florida Department of Law Enforcement","ICE fact-sheet roster","2011-09-02","Task Force; signed 2002-07-02"
"jacksonvillesheriffsoffice","FLORIDA","Jacksonville Sheriff's Office","ICE fact-sheet roster","2011-09-02","Jail Enforcement; signed 2008-07-08"
"cobbcountysheriffsoffice","GEORGIA","Cobb County Sheriff's Office","ICE fact-sheet roster","2011-09-02","Jail Enforcement; signed 2007-02-13"
"georgiadepartmentofpublicsafety","GEORGIA","Georgia Department of Public Safety","ICE fact-sheet roster","2011-09-02","Task Force; signed 2007-07-27"
"gwinnettcountysheriffsoffice","GEORGIA","Gwinnett County Sheriff's Office","ICE fact-sheet roster","2011-09-02","Jail Enforcement; signed 2009-10-15"
"hallcountysheriffsoffice","GEORGIA","Hall County Sheriff's Office","ICE fact-sheet roster","2011-09-02","Jail Enforcement; signed 2008-02-29"
"whitfieldcountysheriffsoffice","GEORGIA","Whitfield County Sheriff's Office","ICE fact-sheet roster","2011-09-02","Jail Enforcement; signed 2008-02-04"
"frederickcountysheriffsoffice","MARYLAND","Frederick County Sheriff's Office","ICE fact-sheet roster","2011-09-02","Jail Enforcement; signed 2008-02-06"
"massachusettsdepartmentofcorrections","MASSACHUSETTS","Massachusetts Department of Corrections","ICE fact-sheet roster","2011-09-02","Jail Enforcement; signed 2007-03-26"
"minnesotadepartmentofpublicsafety","MINNESOTA","Minnesota Department of Public Safety","ICE fact-sheet roster","2011-09-02","Task Force; signed 2008-09-22"
"missouristatehighwaypatrol","MISSOURI","Missouri State Highway Patrol","ICE fact-sheet roster","2011-09-02","Task Force; signed 2008-06-25"
"lasvegasmetropolitanpolicedepartment","NEVADA","Las Vegas Metropolitan Police Department","ICE fact-sheet roster","2011-09-02","Jail Enforcement; signed 2008-09-08"
"hudsoncountydepartmentofcorrections","NEW JERSEY","Hudson County Department of Corrections","ICE fact-sheet roster","2011-09-02","Jail Enforcement; signed 2008-08-11"
"monmouthcountysheriffsoffice","NEW JERSEY","Monmouth County Sheriff's Office","ICE fact-sheet roster","2011-09-02","Jail Enforcement; signed 2009-10-15"
"newmexicodepartmentofcorrections","NEW MEXICO","New Mexico Department of Corrections","ICE fact-sheet roster","2011-09-02","Jail Enforcement; signed 2007-09-17"
"alamancecountysheriffsoffice","NORTH CAROLINA","Alamance County Sheriff's Office","ICE fact-sheet roster","2011-09-02","Jail Enforcement; signed 2007-01-10"
"cabarruscountysheriffsoffice","NORTH CAROLINA","Cabarrus County Sheriff's Office","ICE fact-sheet roster","2011-09-02","Jail Enforcement; signed 2007-08-02"
"durhampolicedepartment","NORTH CAROLINA","City of Durham Police Department","ICE fact-sheet roster","2011-09-02","Task Force; signed 2008-02-01"
"gastoncountysheriffsoffice","NORTH CAROLINA","Gaston County Sheriff's Office","ICE fact-sheet roster","2011-09-02","Jail Enforcement; signed 2007-02-22"
"hendersoncountysheriffsoffice","NORTH CAROLINA","Henderson County Sheriff's Office","ICE fact-sheet roster","2011-09-02","Jail Enforcement; signed 2008-06-25"
"mecklenburgcountysheriffsoffice","NORTH CAROLINA","Mecklenburg County Sheriff's Office","ICE fact-sheet roster","2011-09-02","Jail Enforcement; signed 2006-02-27"
"wakecountysheriffsoffice","NORTH CAROLINA","Wake County Sheriff's Office","ICE fact-sheet roster","2011-09-02","Jail Enforcement; signed 2008-06-25"
"butlercountysheriffsoffice","OHIO","Butler County Sheriff's Office","ICE fact-sheet roster","2011-09-02","Jail Enforcement; signed 2008-02-05"
"tulsacountysheriffsoffice","OKLAHOMA","Tulsa County Sheriff's Office","ICE fact-sheet roster","2011-09-02","Jail Enforcement; signed 2007-08-06"
"beaufortcountysheriffsoffice","SOUTH CAROLINA","Beaufort County Sheriff's Office","ICE fact-sheet roster","2011-09-02","Task Force; signed 2008-06-25"
"charlestoncountysheriffsoffice","SOUTH CAROLINA","Charleston County Sheriff's Office","ICE fact-sheet roster","2011-09-02","Jail Enforcement; signed 2009-11-09"
"lexingtoncountysheriffsoffice","SOUTH CAROLINA","Lexington County Sheriff's Office","ICE fact-sheet roster","2011-09-02","Jail Enforcement; signed 2010-08-19"
"yorkcountysheriffsoffice","SOUTH CAROLINA","York County Sheriff's Office","ICE fact-sheet roster","2011-09-02","Jail Enforcement; signed 2007-10-16"
"davidsoncountysheriffsoffice","TENNESSEE","Davidson County Sheriff's Office","ICE fact-sheet roster","2011-09-02","Jail Enforcement; signed 2007-02-21"
"tennesseehighwaypatroldepartmentofsafety","TENNESSEE","Tennessee Highway Patrol / Department of Safety","ICE fact-sheet roster","2011-09-02","Task Force; signed 2008-06-25"
"carrolltonpolicedepartment","TEXAS","Carrollton Police Department","ICE fact-sheet roster","2011-09-02","Jail Enforcement; signed 2008-08-12"
"farmersbranchpolicedepartment","TEXAS","Farmers Branch Police Department","ICE fact-sheet roster","2011-09-02","Task Force; signed 2008-07-08"
"harriscountysheriffsoffice","TEXAS","Harris County Sheriff's Office","ICE fact-sheet roster","2011-09-02","Jail Enforcement; signed 2008-07-20"
"washingtoncountysheriffsoffice","UTAH","Washington County Sheriff Office","ICE fact-sheet roster","2011-09-02","Jail Enforcement; signed 2008-09-22"
"webercountysheriffsoffice","UTAH","Weber County Sheriff's Office","ICE fact-sheet roster","2011-09-02","Jail Enforcement; signed 2008-09-22"
"herndonpolicedepartment","VIRGINIA","Herndon Police Department","ICE fact-sheet roster","2011-09-02","Task Force; signed 2007-03-21"
"loudouncountysheriffsoffice","VIRGINIA","Loudoun County Sheriff's Office","ICE fact-sheet roster","2011-09-02","Task Force; signed 2008-06-25"
"manassasparkpolicedepartment","VIRGINIA","Manassas Park Police Department","ICE fact-sheet roster","2011-09-02","Task Force; signed 2008-03-10"
"manassaspolicedepartment","VIRGINIA","Manassas Police Department","ICE fact-sheet roster","2011-09-02","Task Force; signed 2008-03-05"
"princewilliamcountypolicedepartment","VIRGINIA","Prince William County Police Department","ICE fact-sheet roster","2011-09-02","Task Force; signed 2008-02-26"
"princewilliamcountysheriffsoffice","VIRGINIA","Prince William County Sheriff's Office","ICE fact-sheet roster","2011-09-02","Task Force; signed 2008-02-26"
"princewilliammanassasregionaljail","VIRGINIA","Prince William-Manassas Regional Jail","ICE fact-sheet roster","2011-09-02","Jail Enforcement; signed 2007-07-09"
"rockinghamcountysheriffsoffice","VIRGINIA","Rockingham County Sheriff's Office","ICE fact-sheet roster","2011-09-02","Jail Enforcement; signed 2007-04-25"
"shenandoahcountysheriffsoffice","VIRGINIA","Shenandoah County Sheriff's Office","ICE fact-sheet roster","2011-09-02","Jail Enforcement; signed 2007-05-10"
"alabamadepartmentofpublicsafety","ALABAMA","Alabama Department of Public Safety","ICE fact-sheet roster","2011-09-02","Task Force; signed 2003-09-10"
"etowahcountysheriffsoffice","ALABAMA","Etowah County Sheriff's Office","ICE fact-sheet roster","2011-09-02","Jail Enforcement; signed 2008-07-08"
"arizonadepartmentofcorrections","ARIZONA","Arizona Department of Corrections","ICE fact-sheet roster","2011-09-02","Jail Enforcement; signed 2005-09-16"
"arizonadepartmentofpublicsafety","ARIZONA","Arizona Department of Public Safety","ICE fact-sheet roster","2011-09-02","Jail Enforcement; signed 2007-04-15"
"mesapolicedepartment","ARIZONA","City of Mesa Police Department","ICE fact-sheet roster","2011-09-02","Jail Enforcement; signed 2009-11-19"
"phoenixpolicedepartment","ARIZONA","City of Phoenix Police Department","ICE fact-sheet roster","2011-09-02","Jail Enforcement; signed 2008-03-10"
"florencepolicedepartment","ARIZONA","Florence Police Department","ICE fact-sheet roster","2011-09-02","Jail Enforcement; signed 2009-10-21"
"pimacountysheriffsoffice","ARIZONA","Pima County Sheriff's Office","ICE fact-sheet roster","2011-09-02","Jail Enforcement; signed 2008-03-10"
"pinalcountysheriffsoffice","ARIZONA","Pinal County Sheriff's Office","ICE fact-sheet roster","2011-09-02","Jail Enforcement; signed 2008-03-10"
"yavapaicountysheriffsoffice","ARIZONA","Yavapai County Sheriff's Office","ICE fact-sheet roster","2011-09-02","Jail Enforcement; signed 2008-03-10"
"bentoncountysheriffsoffice","ARKANSAS","Benton County Sheriff's Office","ICE fact-sheet roster","2011-09-02","Jail Enforcement; signed 2007-09-26"
"springdalepolicedepartment","ARKANSAS","City of Springdale Police Department","ICE fact-sheet roster","2011-09-02","Task Force; signed 2007-09-26"
"rogerspolicedepartment","ARKANSAS","Rogers Police Department","ICE fact-sheet roster","2011-09-02","Task Force; signed 2007-09-25"
"washingtoncountysheriffsoffice","ARKANSAS","Washington County Sheriff's Office","ICE fact-sheet roster","2011-09-02","Jail Enforcement; signed 2007-09-26"
"losangelescountysheriffsoffice","CALIFORNIA","Los Angeles County Sheriff's Office","ICE fact-sheet roster","2011-09-02","Jail Enforcement; signed 2005-02-01"
"orangecountysheriffsoffice","CALIFORNIA","Orange County Sheriff's Office","ICE fact-sheet roster","2011-09-02","Jail Enforcement; signed 2006-11-02"
"riversidecountysheriffsoffice","CALIFORNIA","Riverside County Sheriff's Office","ICE fact-sheet roster","2011-09-02","Jail Enforcement; signed 2006-04-28"
"sanbernardinocountysheriffsoffice","CALIFORNIA","San Bernardino County Sheriff's Office","ICE fact-sheet roster","2011-09-02","Jail Enforcement; signed 2005-11-19"
"coloradodepartmentofpublicsafety","COLORADO","Colorado Department of Public Safety","ICE fact-sheet roster","2011-09-02","Task Force; signed 2007-03-29"
"elpasocountysheriffsoffice","COLORADO","El Paso County Sheriff's Office","ICE fact-sheet roster","2011-09-02","Jail Enforcement; signed 2007-05-17"
"danburypolicedepartment","CONNECTICUT","City of Danbury Police Department","ICE fact-sheet roster","2011-09-02","Task Force; signed 2009-10-15"
"delawaredepartmentofcorrections","DELAWARE**","Delaware Department of Corrections","ICE fact-sheet roster","2011-09-02","Jail Enforcement; signed 2009-10-15"
"baycountysheriffsoffice","FLORIDA","Bay County Sheriff's Office","ICE fact-sheet roster","2011-09-02","Task Force; signed 2008-06-15"
"colliercountysheriffsoffice","FLORIDA","Collier County Sheriff's Office","ICE fact-sheet roster","2011-09-02","Jail Enforcement; signed 2007-08-06"
"floridadepartmentoflawenforcement","FLORIDA","Florida Department of Law Enforcement","ICE fact-sheet roster","2011-09-02","Task Force; signed 2002-07-02"
"jacksonvillesheriffsoffice","FLORIDA","Jacksonville Sheriff's Office","ICE fact-sheet roster","2011-09-02","Jail Enforcement; signed 2008-07-08"
"cobbcountysheriffsoffice","GEORGIA","Cobb County Sheriff's Office","ICE fact-sheet roster","2011-09-02","Jail Enforcement; signed 2007-02-13"
"georgiadepartmentofpublicsafety","GEORGIA","Georgia Department of Public Safety","ICE fact-sheet roster","2011-09-02","Task Force; signed 2007-07-27"
"gwinnettcountysheriffsoffice","GEORGIA","Gwinnett County Sheriff's Office","ICE fact-sheet roster","2011-09-02","Jail Enforcement; signed 2009-10-15"
"hallcountysheriffsoffice","GEORGIA","Hall County Sheriff's Office","ICE fact-sheet roster","2011-09-02","Jail Enforcement; signed 2008-02-29"
"whitfieldcountysheriffsoffice","GEORGIA","Whitfield County Sheriff's Office","ICE fact-sheet roster","2011-09-02","Jail Enforcement; signed 2008-02-04"
"frederickcountysheriffsoffice","MARYLAND","Frederick County Sheriff's Office","ICE fact-sheet roster","2011-09-02","Jail Enforcement; signed 2008-02-06"
"massachusettsdepartmentofcorrections","MASSACHUSETTS","Massachusetts Department of Corrections","ICE fact-sheet roster","2011-09-02","Jail Enforcement; signed 2007-03-26"
"minnesotadepartmentofpublicsafety","MINNESOTA","Minnesota Department of Public Safety","ICE fact-sheet roster","2011-09-02","Task Force; signed 2008-09-22"
"missouristatehighwaypatrol","MISSOURI","Missouri State Highway Patrol","ICE fact-sheet roster","2011-09-02","Task Force; signed 2008-06-25"
"lasvegasmetropolitanpolicedepartment","NEVADA","Las Vegas Metropolitan Police Department","ICE fact-sheet roster","2011-09-02","Jail Enforcement; signed 2008-09-08"
"hudsoncountydepartmentofcorrections","NEW JERSEY","Hudson County Department of Corrections","ICE fact-sheet roster","2011-09-02","Jail Enforcement; signed 2008-08-11"
"monmouthcountysheriffsoffice","NEW JERSEY","Monmouth County Sheriff's Office","ICE fact-sheet roster","2011-09-02","Jail Enforcement; signed 2009-10-15"
"newmexicodepartmentofcorrections","NEW MEXICO","New Mexico Department of Corrections","ICE fact-sheet roster","2011-09-02","Jail Enforcement; signed 2007-09-17"
"alamancecountysheriffsoffice","NORTH CAROLINA","Alamance County Sheriff's Office","ICE fact-sheet roster","2011-09-02","Jail Enforcement; signed 2007-01-10"
"cabarruscountysheriffsoffice","NORTH CAROLINA","Cabarrus County Sheriff's Office","ICE fact-sheet roster","2011-09-02","Jail Enforcement; signed 2007-08-02"
"durhampolicedepartment","NORTH CAROLINA","City of Durham Police Department","ICE fact-sheet roster","2011-09-02","Task Force; signed 2008-02-01"
"gastoncountysheriffsoffice","NORTH CAROLINA","Gaston County Sheriff's Office","ICE fact-sheet roster","2011-09-02","Jail Enforcement; signed 2007-02-22"
"hendersoncountysheriffsoffice","NORTH CAROLINA","Henderson County Sheriff's Office","ICE fact-sheet roster","2011-09-02","Jail Enforcement; signed 2008-06-25"
"mecklenburgcountysheriffsoffice","NORTH CAROLINA","Mecklenburg County Sheriff's Office","ICE fact-sheet roster","2011-09-02","Jail Enforcement; signed 2006-02-27"
"wakecountysheriffsoffice","NORTH CAROLINA","Wake County Sheriff's Office","ICE fact-sheet roster","2011-09-02","Jail Enforcement; signed 2008-06-25"
"butlercountysheriffsoffice","OHIO","Butler County Sheriff's Office","ICE fact-sheet roster","2011-09-02","Jail Enforcement; signed 2008-02-05"
"tulsacountysheriffsoffice","OKLAHOMA","Tulsa County Sheriff's Office","ICE fact-sheet roster","2011-09-02","Jail Enforcement; signed 2007-08-06"
"beaufortcountysheriffsoffice","SOUTH CAROLINA","Beaufort County Sheriff's Office","ICE fact-sheet roster","2011-09-02","Task Force; signed 2008-06-25"
"charlestoncountysheriffsoffice","SOUTH CAROLINA","Charleston County Sheriff's Office","ICE fact-sheet roster","2011-09-02","Jail Enforcement; signed 2009-11-09"
"lexingtoncountysheriffsoffice","SOUTH CAROLINA","Lexington County Sheriff's Office","ICE fact-sheet roster","2011-09-02","Jail Enforcement; signed 2010-08-19"
"yorkcountysheriffsoffice","SOUTH CAROLINA","York County Sheriff's Office","ICE fact-sheet roster","2011-09-02","Jail Enforcement; signed 2007-10-16"
"davidsoncountysheriffsoffice","TENNESSEE","Davidson County Sheriff's Office","ICE fact-sheet roster","2011-09-02","Jail Enforcement; signed 2007-02-21"
"tennesseehighwaypatroldepartmentofsafety","TENNESSEE","Tennessee Highway Patrol / Department of Safety","ICE fact-sheet roster","2011-09-02","Task Force; signed 2008-06-25"
"carrolltonpolicedepartment","TEXAS","Carrollton Police Department","ICE fact-sheet roster","2011-09-02","Jail Enforcement; signed 2008-08-12"
"farmersbranchpolicedepartment","TEXAS","Farmers Branch Police Department","ICE fact-sheet roster","2011-09-02","Task Force; signed 2008-07-08"
"harriscountysheriffsoffice","TEXAS","Harris County Sheriff's Office","ICE fact-sheet roster","2011-09-02","Jail Enforcement; signed 2008-07-20"
"washingtoncountysheriffsoffice","UTAH","Washington County Sheriff Office","ICE fact-sheet roster","2011-09-02","Jail Enforcement; signed 2008-09-22"
"webercountysheriffsoffice","UTAH","Weber County Sheriff's Office","ICE fact-sheet roster","2011-09-02","Jail Enforcement; signed 2008-09-22"
"herndonpolicedepartment","VIRGINIA","Herndon Police Department","ICE fact-sheet roster","2011-09-02","Task Force; signed 2007-03-21"
"loudouncountysheriffsoffice","VIRGINIA","Loudoun County Sheriff's Office","ICE fact-sheet roster","2011-09-02","Task Force; signed 2008-06-25"
"manassasparkpolicedepartment","VIRGINIA","Manassas Park Police Department","ICE fact-sheet roster","2011-09-02","Task Force; signed 2008-03-10"
"manassaspolicedepartment","VIRGINIA","Manassas Police Department","ICE fact-sheet roster","2011-09-02","Task Force; signed 2008-03-05"
"princewilliamcountypolicedepartment","VIRGINIA","Prince William County Police Department","ICE fact-sheet roster","2011-09-02","Task Force; signed 2008-02-26"
"princewilliamcountysheriffsoffice","VIRGINIA","Prince William County Sheriff's Office","ICE fact-sheet roster","2011-09-02","Task Force; signed 2008-02-26"
"princewilliammanassasregionaljail","VIRGINIA","Prince William-Manassas Regional Jail","ICE fact-sheet roster","2011-09-02","Jail Enforcement; signed 2007-07-09"
"rockinghamcountysheriffsoffice","VIRGINIA","Rockingham County Sheriff's Office","ICE fact-sheet roster","2011-09-02","Jail Enforcement; signed 2007-04-25"
"shenandoahcountysheriffsoffice","VIRGINIA","Shenandoah County Sheriff's Office","ICE fact-sheet roster","2011-09-02","Jail Enforcement; signed 2007-05-10"
"alabamadepartmentofpublicsafety","ALABAMA","Alabama Department of Public Safety","ICE fact-sheet roster","2011-09-02","Task Force; signed 2003-09-10"
"etowahcountysheriffsoffice","ALABAMA","Etowah County Sheriff's Office","ICE fact-sheet roster","2011-09-02","Jail Enforcement; signed 2008-07-08"
"arizonadepartmentofcorrections","ARIZONA","Arizona Department of Corrections","ICE fact-sheet roster","2011-09-02","Jail Enforcement; signed 2005-09-16"
"arizonadepartmentofpublicsafety","ARIZONA","Arizona Department of Public Safety","ICE fact-sheet roster","2011-09-02","Jail Enforcement; signed 2007-04-15"
"mesapolicedepartment","ARIZONA","City of Mesa Police Department","ICE fact-sheet roster","2011-09-02","Jail Enforcement; signed 2009-11-19"
"phoenixpolicedepartment","ARIZONA","City of Phoenix Police Department","ICE fact-sheet roster","2011-09-02","Jail Enforcement; signed 2008-03-10"
"florencepolicedepartment","ARIZONA","Florence Police Department","ICE fact-sheet roster","2011-09-02","Jail Enforcement; signed 2009-10-21"
"pimacountysheriffsoffice","ARIZONA","Pima County Sheriff's Office","ICE fact-sheet roster","2011-09-02","Jail Enforcement; signed 2008-03-10"
"pinalcountysheriffsoffice","ARIZONA","Pinal County Sheriff's Office","ICE fact-sheet roster","2011-09-02","Jail Enforcement; signed 2008-03-10"
"yavapaicountysheriffsoffice","ARIZONA","Yavapai County Sheriff's Office","ICE fact-sheet roster","2011-09-02","Jail Enforcement; signed 2008-03-10"
"bentoncountysheriffsoffice","ARKANSAS","Benton County Sheriff's Office","ICE fact-sheet roster","2011-09-02","Jail Enforcement; signed 2007-09-26"
"springdalepolicedepartment","ARKANSAS","City of Springdale Police Department","ICE fact-sheet roster","2011-09-02","Task Force; signed 2007-09-26"
"rogerspolicedepartment","ARKANSAS","Rogers Police Department","ICE fact-sheet roster","2011-09-02","Task Force; signed 2007-09-25"
"washingtoncountysheriffsoffice","ARKANSAS","Washington County Sheriff's Office","ICE fact-sheet roster","2011-09-02","Jail Enforcement; signed 2007-09-26"
"losangelescountysheriffsoffice","CALIFORNIA","Los Angeles County Sheriff's Office","ICE fact-sheet roster","2011-09-02","Jail Enforcement; signed 2005-02-01"
"orangecountysheriffsoffice","CALIFORNIA","Orange County Sheriff's Office","ICE fact-sheet roster","2011-09-02","Jail Enforcement; signed 2006-11-02"
"riversidecountysheriffsoffice","CALIFORNIA","Riverside County Sheriff's Office","ICE fact-sheet roster","2011-09-02","Jail Enforcement; signed 2006-04-28"
"sanbernardinocountysheriffsoffice","CALIFORNIA","San Bernardino County Sheriff's Office","ICE fact-sheet roster","2011-09-02","Jail Enforcement; signed 2005-11-19"
"coloradodepartmentofpublicsafety","COLORADO","Colorado Department of Public Safety","ICE fact-sheet roster","2011-09-02","Task Force; signed 2007-03-29"
"elpasocountysheriffsoffice","COLORADO","El Paso County Sheriff's Office","ICE fact-sheet roster","2011-09-02","Jail Enforcement; signed 2007-05-17"
"danburypolicedepartment","CONNECTICUT","City of Danbury Police Department","ICE fact-sheet roster","2011-09-02","Task Force; signed 2009-10-15"
"delawaredepartmentofcorrections","DELAWARE**","Delaware Department of Corrections","ICE fact-sheet roster","2011-09-02","Jail Enforcement; signed 2009-10-15"
"baycountysheriffsoffice","FLORIDA","Bay County Sheriff's Office","ICE fact-sheet roster","2011-09-02","Task Force; signed 2008-06-15"
"colliercountysheriffsoffice","FLORIDA","Collier County Sheriff's Office","ICE fact-sheet roster","2011-09-02","Jail Enforcement; signed 2007-08-06"
"floridadepartmentoflawenforcement","FLORIDA","Florida Department of Law Enforcement","ICE fact-sheet roster","2011-09-02","Task Force; signed 2002-07-02"
"jacksonvillesheriffsoffice","FLORIDA","Jacksonville Sheriff's Office","ICE fact-sheet roster","2011-09-02","Jail Enforcement; signed 2008-07-08"
"cobbcountysheriffsoffice","GEORGIA","Cobb County Sheriff's Office","ICE fact-sheet roster","2011-09-02","Jail Enforcement; signed 2007-02-13"
"georgiadepartmentofpublicsafety","GEORGIA","Georgia Department of Public Safety","ICE fact-sheet roster","2011-09-02","Task Force; signed 2007-07-27"
"gwinnettcountysheriffsoffice","GEORGIA","Gwinnett County Sheriff's Office","ICE fact-sheet roster","2011-09-02","Jail Enforcement; signed 2009-10-15"
"hallcountysheriffsoffice","GEORGIA","Hall County Sheriff's Office","ICE fact-sheet roster","2011-09-02","Jail Enforcement; signed 2008-02-29"
"whitfieldcountysheriffsoffice","GEORGIA","Whitfield County Sheriff's Office","ICE fact-sheet roster","2011-09-02","Jail Enforcement; signed 2008-02-04"
"frederickcountysheriffsoffice","MARYLAND","Frederick County Sheriff's Office","ICE fact-sheet roster","2011-09-02","Jail Enforcement; signed 2008-02-06"
"massachusettsdepartmentofcorrections","MASSACHUSETTS","Massachusetts Department of Corrections","ICE fact-sheet roster","2011-09-02","Jail Enforcement; signed 2007-03-26"
"minnesotadepartmentofpublicsafety","MINNESOTA","Minnesota Department of Public Safety","ICE fact-sheet roster","2011-09-02","Task Force; signed 2008-09-22"
"missouristatehighwaypatrol","MISSOURI","Missouri State Highway Patrol","ICE fact-sheet roster","2011-09-02","Task Force; signed 2008-06-25"
"lasvegasmetropolitanpolicedepartment","NEVADA","Las Vegas Metropolitan Police Department","ICE fact-sheet roster","2011-09-02","Jail Enforcement; signed 2008-09-08"
"hudsoncountydepartmentofcorrections","NEW JERSEY","Hudson County Department of Corrections","ICE fact-sheet roster","2011-09-02","Jail Enforcement; signed 2008-08-11"
"monmouthcountysheriffsoffice","NEW JERSEY","Monmouth County Sheriff's Office","ICE fact-sheet roster","2011-09-02","Jail Enforcement; signed 2009-10-15"
"newmexicodepartmentofcorrections","NEW MEXICO","New Mexico Department of Corrections","ICE fact-sheet roster","2011-09-02","Jail Enforcement; signed 2007-09-17"
"alamancecountysheriffsoffice","NORTH CAROLINA","Alamance County Sheriff's Office","ICE fact-sheet roster","2011-09-02","Jail Enforcement; signed 2007-01-10"
"cabarruscountysheriffsoffice","NORTH CAROLINA","Cabarrus County Sheriff's Office","ICE fact-sheet roster","2011-09-02","Jail Enforcement; signed 2007-08-02"
"durhampolicedepartment","NORTH CAROLINA","City of Durham Police Department","ICE fact-sheet roster","2011-09-02","Task Force; signed 2008-02-01"
"gastoncountysheriffsoffice","NORTH CAROLINA","Gaston County Sheriff's Office","ICE fact-sheet roster","2011-09-02","Jail Enforcement; signed 2007-02-22"
"hendersoncountysheriffsoffice","NORTH CAROLINA","Henderson County Sheriff's Office","ICE fact-sheet roster","2011-09-02","Jail Enforcement; signed 2008-06-25"
"mecklenburgcountysheriffsoffice","NORTH CAROLINA","Mecklenburg County Sheriff's Office","ICE fact-sheet roster","2011-09-02","Jail Enforcement; signed 2006-02-27"
"wakecountysheriffsoffice","NORTH CAROLINA","Wake County Sheriff's Office","ICE fact-sheet roster","2011-09-02","Jail Enforcement; signed 2008-06-25"
"butlercountysheriffsoffice","OHIO","Butler County Sheriff's Office","ICE fact-sheet roster","2011-09-02","Jail Enforcement; signed 2008-02-05"
"tulsacountysheriffsoffice","OKLAHOMA","Tulsa County Sheriff's Office","ICE fact-sheet roster","2011-09-02","Jail Enforcement; signed 2007-08-06"
"beaufortcountysheriffsoffice","SOUTH CAROLINA","Beaufort County Sheriff's Office","ICE fact-sheet roster","2011-09-02","Task Force; signed 2008-06-25"
"charlestoncountysheriffsoffice","SOUTH CAROLINA","Charleston County Sheriff's Office","ICE fact-sheet roster","2011-09-02","Jail Enforcement; signed 2009-11-09"
"lexingtoncountysheriffsoffice","SOUTH CAROLINA","Lexington County Sheriff's Office","ICE fact-sheet roster","2011-09-02","Jail Enforcement; signed 2010-08-19"
"yorkcountysheriffsoffice","SOUTH CAROLINA","York County Sheriff's Office","ICE fact-sheet roster","2011-09-02","Jail Enforcement; signed 2007-10-16"
"davidsoncountysheriffsoffice","TENNESSEE","Davidson County Sheriff's Office","ICE fact-sheet roster","2011-09-02","Jail Enforcement; signed 2007-02-21"
"tennesseehighwaypatroldepartmentofsafety","TENNESSEE","Tennessee Highway Patrol / Department of Safety","ICE fact-sheet roster","2011-09-02","Task Force; signed 2008-06-25"
"carrolltonpolicedepartment","TEXAS","Carrollton Police Department","ICE fact-sheet roster","2011-09-02","Jail Enforcement; signed 2008-08-12"
"farmersbranchpolicedepartment","TEXAS","Farmers Branch Police Department","ICE fact-sheet roster","2011-09-02","Task Force; signed 2008-07-08"
"harriscountysheriffsoffice","TEXAS","Harris County Sheriff's Office","ICE fact-sheet roster","2011-09-02","Jail Enforcement; signed 2008-07-20"
"washingtoncountysheriffsoffice","UTAH","Washington County Sheriff Office","ICE fact-sheet roster","2011-09-02","Jail Enforcement; signed 2008-09-22"
"webercountysheriffsoffice","UTAH","Weber County Sheriff's Office","ICE fact-sheet roster","2011-09-02","Jail Enforcement; signed 2008-09-22"
"herndonpolicedepartment","VIRGINIA","Herndon Police Department","ICE fact-sheet roster","2011-09-02","Task Force; signed 2007-03-21"
"loudouncountysheriffsoffice","VIRGINIA","Loudoun County Sheriff's Office","ICE fact-sheet roster","2011-09-02","Task Force; signed 2008-06-25"
"manassasparkpolicedepartment","VIRGINIA","Manassas Park Police Department","ICE fact-sheet roster","2011-09-02","Task Force; signed 2008-03-10"
"manassaspolicedepartment","VIRGINIA","Manassas Police Department","ICE fact-sheet roster","2011-09-02","Task Force; signed 2008-03-05"
"princewilliamcountypolicedepartment","VIRGINIA","Prince William County Police Department","ICE fact-sheet roster","2011-09-02","Task Force; signed 2008-02-26"
"princewilliamcountysheriffsoffice","VIRGINIA","Prince William County Sheriff's Office","ICE fact-sheet roster","2011-09-02","Task Force; signed 2008-02-26"
"princewilliammanassasregionaljail","VIRGINIA","Prince William-Manassas Regional Jail","ICE fact-sheet roster","2011-09-02","Jail Enforcement; signed 2007-07-09"
"rockinghamcountysheriffsoffice","VIRGINIA","Rockingham County Sheriff's Office","ICE fact-sheet roster","2011-09-02","Jail Enforcement; signed 2007-04-25"
"shenandoahcountysheriffsoffice","VIRGINIA","Shenandoah County Sheriff's Office","ICE fact-sheet roster","2011-09-02","Jail Enforcement; signed 2007-05-10"
"alabamadepartmentofpublicsafety","ALABAMA","Alabama Department of Public Safety","ICE fact-sheet roster","2011-09-02","Task Force; signed 2003-09-10"
"etowahcountysheriffsoffice","ALABAMA","Etowah County Sheriff's Office","ICE fact-sheet roster","2011-09-02","Jail Enforcement; signed 2008-07-08"
"arizonadepartmentofcorrections","ARIZONA","Arizona Department of Corrections","ICE fact-sheet roster","2011-09-02","Jail Enforcement; signed 2005-09-16"
"arizonadepartmentofpublicsafety","ARIZONA","Arizona Department of Public Safety","ICE fact-sheet roster","2011-09-02","Jail Enforcement; signed 2007-04-15"
"mesapolicedepartment","ARIZONA","City of Mesa Police Department","ICE fact-sheet roster","2011-09-02","Jail Enforcement; signed 2009-11-19"
"phoenixpolicedepartment","ARIZONA","City of Phoenix Police Department","ICE fact-sheet roster","2011-09-02","Jail Enforcement; signed 2008-03-10"
"florencepolicedepartment","ARIZONA","Florence Police Department","ICE fact-sheet roster","2011-09-02","Jail Enforcement; signed 2009-10-21"
"pimacountysheriffsoffice","ARIZONA","Pima County Sheriff's Office","ICE fact-sheet roster","2011-09-02","Jail Enforcement; signed 2008-03-10"
"pinalcountysheriffsoffice","ARIZONA","Pinal County Sheriff's Office","ICE fact-sheet roster","2011-09-02","Jail Enforcement; signed 2008-03-10"
"yavapaicountysheriffsoffice","ARIZONA","Yavapai County Sheriff's Office","ICE fact-sheet roster","2011-09-02","Jail Enforcement; signed 2008-03-10"
"bentoncountysheriffsoffice","ARKANSAS","Benton County Sheriff's Office","ICE fact-sheet roster","2011-09-02","Jail Enforcement; signed 2007-09-26"
"springdalepolicedepartment","ARKANSAS","City of Springdale Police Department","ICE fact-sheet roster","2011-09-02","Task Force; signed 2007-09-26"
"rogerspolicedepartment","ARKANSAS","Rogers Police Department","ICE fact-sheet roster","2011-09-02","Task Force; signed 2007-09-25"
"washingtoncountysheriffsoffice","ARKANSAS","Washington County Sheriff's Office","ICE fact-sheet roster","2011-09-02","Jail Enforcement; signed 2007-09-26"
"losangelescountysheriffsoffice","CALIFORNIA","Los Angeles County Sheriff's Office","ICE fact-sheet roster","2011-09-02","Jail Enforcement; signed 2005-02-01"
"orangecountysheriffsoffice","CALIFORNIA","Orange County Sheriff's Office","ICE fact-sheet roster","2011-09-02","Jail Enforcement; signed 2006-11-02"
"riversidecountysheriffsoffice","CALIFORNIA","Riverside County Sheriff's Office","ICE fact-sheet roster","2011-09-02","Jail Enforcement; signed 2006-04-28"
"sanbernardinocountysheriffsoffice","CALIFORNIA","San Bernardino County Sheriff's Office","ICE fact-sheet roster","2011-09-02","Jail Enforcement; signed 2005-11-19"
"coloradodepartmentofpublicsafety","COLORADO","Colorado Department of Public Safety","ICE fact-sheet roster","2011-09-02","Task Force; signed 2007-03-29"
"elpasocountysheriffsoffice","COLORADO","El Paso County Sheriff's Office","ICE fact-sheet roster","2011-09-02","Jail Enforcement; signed 2007-05-17"
"danburypolicedepartment","CONNECTICUT","City of Danbury Police Department","ICE fact-sheet roster","2011-09-02","Task Force; signed 2009-10-15"
"delawaredepartmentofcorrections","DELAWARE**","Delaware Department of Corrections","ICE fact-sheet roster","2011-09-02","Jail Enforcement; signed 2009-10-15"
"baycountysheriffsoffice","FLORIDA","Bay County Sheriff's Office","ICE fact-sheet roster","2011-09-02","Task Force; signed 2008-06-15"
"colliercountysheriffsoffice","FLORIDA","Collier County Sheriff's Office","ICE fact-sheet roster","2011-09-02","Jail Enforcement; signed 2007-08-06"
"floridadepartmentoflawenforcement","FLORIDA","Florida Department of Law Enforcement","ICE fact-sheet roster","2011-09-02","Task Force; signed 2002-07-02"
"jacksonvillesheriffsoffice","FLORIDA","Jacksonville Sheriff's Office","ICE fact-sheet roster","2011-09-02","Jail Enforcement; signed 2008-07-08"
"cobbcountysheriffsoffice","GEORGIA","Cobb County Sheriff's Office","ICE fact-sheet roster","2011-09-02","Jail Enforcement; signed 2007-02-13"
"georgiadepartmentofpublicsafety","GEORGIA","Georgia Department of Public Safety","ICE fact-sheet roster","2011-09-02","Task Force; signed 2007-07-27"
"gwinnettcountysheriffsoffice","GEORGIA","Gwinnett County Sheriff's Office","ICE fact-sheet roster","2011-09-02","Jail Enforcement; signed 2009-10-15"
"hallcountysheriffsoffice","GEORGIA","Hall County Sheriff's Office","ICE fact-sheet roster","2011-09-02","Jail Enforcement; signed 2008-02-29"
"whitfieldcountysheriffsoffice","GEORGIA","Whitfield County Sheriff's Office","ICE fact-sheet roster","2011-09-02","Jail Enforcement; signed 2008-02-04"
"frederickcountysheriffsoffice","MARYLAND","Frederick County Sheriff's Office","ICE fact-sheet roster","2011-09-02","Jail Enforcement; signed 2008-02-06"
"massachusettsdepartmentofcorrections","MASSACHUSETTS","Massachusetts Department of Corrections","ICE fact-sheet roster","2011-09-02","Jail Enforcement; signed 2007-03-26"
"minnesotadepartmentofpublicsafety","MINNESOTA","Minnesota Department of Public Safety","ICE fact-sheet roster","2011-09-02","Task Force; signed 2008-09-22"
"missouristatehighwaypatrol","MISSOURI","Missouri State Highway Patrol","ICE fact-sheet roster","2011-09-02","Task Force; signed 2008-06-25"
"lasvegasmetropolitanpolicedepartment","NEVADA","Las Vegas Metropolitan Police Department","ICE fact-sheet roster","2011-09-02","Jail Enforcement; signed 2008-09-08"
"hudsoncountydepartmentofcorrections","NEW JERSEY","Hudson County Department of Corrections","ICE fact-sheet roster","2011-09-02","Jail Enforcement; signed 2008-08-11"
"monmouthcountysheriffsoffice","NEW JERSEY","Monmouth County Sheriff's Office","ICE fact-sheet roster","2011-09-02","Jail Enforcement; signed 2009-10-15"
"newmexicodepartmentofcorrections","NEW MEXICO","New Mexico Department of Corrections","ICE fact-sheet roster","2011-09-02","Jail Enforcement; signed 2007-09-17"
"alamancecountysheriffsoffice","NORTH CAROLINA","Alamance County Sheriff's Office","ICE fact-sheet roster","2011-09-02","Jail Enforcement; signed 2007-01-10"
"cabarruscountysheriffsoffice","NORTH CAROLINA","Cabarrus County Sheriff's Office","ICE fact-sheet roster","2011-09-02","Jail Enforcement; signed 2007-08-02"
"durhampolicedepartment","NORTH CAROLINA","City of Durham Police Department","ICE fact-sheet roster","2011-09-02","Task Force; signed 2008-02-01"
"gastoncountysheriffsoffice","NORTH CAROLINA","Gaston County Sheriff's Office","ICE fact-sheet roster","2011-09-02","Jail Enforcement; signed 2007-02-22"
"hendersoncountysheriffsoffice","NORTH CAROLINA","Henderson County Sheriff's Office","ICE fact-sheet roster","2011-09-02","Jail Enforcement; signed 2008-06-25"
"mecklenburgcountysheriffsoffice","NORTH CAROLINA","Mecklenburg County Sheriff's Office","ICE fact-sheet roster","2011-09-02","Jail Enforcement; signed 2006-02-27"
"wakecountysheriffsoffice","NORTH CAROLINA","Wake County Sheriff's Office","ICE fact-sheet roster","2011-09-02","Jail Enforcement; signed 2008-06-25"
"butlercountysheriffsoffice","OHIO","Butler County Sheriff's Office","ICE fact-sheet roster","2011-09-02","Jail Enforcement; signed 2008-02-05"
"tulsacountysheriffsoffice","OKLAHOMA","Tulsa County Sheriff's Office","ICE fact-sheet roster","2011-09-02","Jail Enforcement; signed 2007-08-06"
"beaufortcountysheriffsoffice","SOUTH CAROLINA","Beaufort County Sheriff's Office","ICE fact-sheet roster","2011-09-02","Task Force; signed 2008-06-25"
"charlestoncountysheriffsoffice","SOUTH CAROLINA","Charleston County Sheriff's Office","ICE fact-sheet roster","2011-09-02","Jail Enforcement; signed 2009-11-09"
"lexingtoncountysheriffsoffice","SOUTH CAROLINA","Lexington County Sheriff's Office","ICE fact-sheet roster","2011-09-02","Jail Enforcement; signed 2010-08-19"
"yorkcountysheriffsoffice","SOUTH CAROLINA","York County Sheriff's Office","ICE fact-sheet roster","2011-09-02","Jail Enforcement; signed 2007-10-16"
"davidsoncountysheriffsoffice","TENNESSEE","Davidson County Sheriff's Office","ICE fact-sheet roster","2011-09-02","Jail Enforcement; signed 2007-02-21"
"tennesseehighwaypatroldepartmentofsafety","TENNESSEE","Tennessee Highway Patrol / Department of Safety","ICE fact-sheet roster","2011-09-02","Task Force; signed 2008-06-25"
"carrolltonpolicedepartment","TEXAS","Carrollton Police Department","ICE fact-sheet roster","2011-09-02","Jail Enforcement; signed 2008-08-12"
"farmersbranchpolicedepartment","TEXAS","Farmers Branch Police Department","ICE fact-sheet roster","2011-09-02","Task Force; signed 2008-07-08"
"harriscountysheriffsoffice","TEXAS","Harris County Sheriff's Office","ICE fact-sheet roster","2011-09-02","Jail Enforcement; signed 2008-07-20"
"washingtoncountysheriffsoffice","UTAH","Washington County Sheriff Office","ICE fact-sheet roster","2011-09-02","Jail Enforcement; signed 2008-09-22"
"webercountysheriffsoffice","UTAH","Weber County Sheriff's Office","ICE fact-sheet roster","2011-09-02","Jail Enforcement; signed 2008-09-22"
"herndonpolicedepartment","VIRGINIA","Herndon Police Department","ICE fact-sheet roster","2011-09-02","Task Force; signed 2007-03-21"
"loudouncountysheriffsoffice","VIRGINIA","Loudoun County Sheriff's Office","ICE fact-sheet roster","2011-09-02","Task Force; signed 2008-06-25"
"manassasparkpolicedepartment","VIRGINIA","Manassas Park Police Department","ICE fact-sheet roster","2011-09-02","Task Force; signed 2008-03-10"
"manassaspolicedepartment","VIRGINIA","Manassas Police Department","ICE fact-sheet roster","2011-09-02","Task Force; signed 2008-03-05"
"princewilliamcountypolicedepartment","VIRGINIA","Prince William County Police Department","ICE fact-sheet roster","2011-09-02","Task Force; signed 2008-02-26"
"princewilliamcountysheriffsoffice","VIRGINIA","Prince William County Sheriff's Office","ICE fact-sheet roster","2011-09-02","Task Force; signed 2008-02-26"
"princewilliammanassasregionaljail","VIRGINIA","Prince William-Manassas Regional Jail","ICE fact-sheet roster","2011-09-02","Jail Enforcement; signed 2007-07-09"
"rockinghamcountysheriffsoffice","VIRGINIA","Rockingham County Sheriff's Office","ICE fact-sheet roster","2011-09-02","Jail Enforcement; signed 2007-04-25"
"shenandoahcountysheriffsoffice","VIRGINIA","Shenandoah County Sheriff's Office","ICE fact-sheet roster","2011-09-02","Jail Enforcement; signed 2007-05-10"
"alabamadepartmentofpublicsafety","ALABAMA","Alabama Department of Public Safety","ICE fact-sheet roster","2012-10-02","Task Force; signed 2003-09-10"
"etowahcountysheriffsoffice","ALABAMA","Etowah County Sheriff's Office","ICE fact-sheet roster","2012-10-02","Jail Enforcement; signed 2008-07-08"
"arizonadepartmentofcorrections","ARIZONA","Arizona Department of Corrections","ICE fact-sheet roster","2012-10-02","Jail Enforcement; signed 2005-09-16"
"mesapolicedepartment","ARIZONA","City of Mesa Police Department","ICE fact-sheet roster","2012-10-02","Jail Enforcement; signed 2009-11-19"
"pinalcountysheriffsoffice","ARIZONA","Pinal County Sheriff's Office","ICE fact-sheet roster","2012-10-02","Jail Enforcement; signed 2008-03-10"
"yavapaicountysheriffsoffice","ARIZONA","Yavapai County Sheriff's Office","ICE fact-sheet roster","2012-10-02","Jail Enforcement; signed 2008-03-10"
"bentoncountysheriffsoffice","ARKANSAS","Benton County Sheriff's Office","ICE fact-sheet roster","2012-10-02","Jail Enforcement; signed 2007-09-26"
"springdalepolicedepartment","ARKANSAS","City of Springdale Police Department","ICE fact-sheet roster","2012-10-02","Task Force; signed 2007-09-26"
"rogerspolicedepartment","ARKANSAS","Rogers Police Department","ICE fact-sheet roster","2012-10-02","Task Force; signed 2007-09-25"
"washingtoncountysheriffsoffice","ARKANSAS","Washington County Sheriff's Office","ICE fact-sheet roster","2012-10-02","Jail Enforcement; signed 2007-09-26"
"losangelescountysheriffsoffice","CALIFORNIA","Los Angeles County Sheriff's Office","ICE fact-sheet roster","2012-10-02","Jail Enforcement; signed 2005-02-01"
"orangecountysheriffsoffice","CALIFORNIA","Orange County Sheriff's Office","ICE fact-sheet roster","2012-10-02","Jail Enforcement; signed 2006-11-02"
"riversidecountysheriffsoffice","CALIFORNIA","Riverside County Sheriff's Office","ICE fact-sheet roster","2012-10-02","Jail Enforcement; signed 2006-04-28"
"sanbernardinocountysheriffsoffice","CALIFORNIA","San Bernardino County Sheriff's Office","ICE fact-sheet roster","2012-10-02","Jail Enforcement; signed 2005-11-19"
"coloradodepartmentofpublicsafety","COLORADO","Colorado Department of Public Safety","ICE fact-sheet roster","2012-10-02","Task Force; signed 2007-03-29"
"elpasocountysheriffsoffice","COLORADO","El Paso County Sheriff's Office","ICE fact-sheet roster","2012-10-02","Jail Enforcement; signed 2007-05-17"
"danburypolicedepartment","CONNECTICUT","City of Danbury Police Department","ICE fact-sheet roster","2012-10-02","Task Force; signed 2009-10-15"
"delawaredepartmentofcorrections","DELAWARE**","Delaware Department of Corrections","ICE fact-sheet roster","2012-10-02","Jail Enforcement; signed 2009-10-15"
"baycountysheriffsoffice","FLORIDA","Bay County Sheriff's Office","ICE fact-sheet roster","2012-10-02","Task Force; signed 2008-06-15"
"colliercountysheriffsoffice","FLORIDA","Collier County Sheriff's Office","ICE fact-sheet roster","2012-10-02","Jail Enforcement; signed 2007-08-06"
"floridadepartmentoflawenforcement","FLORIDA","Florida Department of Law Enforcement","ICE fact-sheet roster","2012-10-02","Task Force; signed 2002-07-02"
"jacksonvillesheriffsoffice","FLORIDA","Jacksonville Sheriff's Office","ICE fact-sheet roster","2012-10-02","Jail Enforcement; signed 2008-07-08"
"cobbcountysheriffsoffice","GEORGIA","Cobb County Sheriff's Office","ICE fact-sheet roster","2012-10-02","Jail Enforcement; signed 2007-02-13"
"georgiadepartmentofpublicsafety","GEORGIA","Georgia Department of Public Safety","ICE fact-sheet roster","2012-10-02","Task Force; signed 2007-07-27"
"gwinnettcountysheriffsoffice","GEORGIA","Gwinnett County Sheriff's Office","ICE fact-sheet roster","2012-10-02","Jail Enforcement; signed 2009-10-15"
"hallcountysheriffsoffice","GEORGIA","Hall County Sheriff's Office","ICE fact-sheet roster","2012-10-02","Jail Enforcement; signed 2008-02-29"
"whitfieldcountysheriffsoffice","GEORGIA","Whitfield County Sheriff's Office","ICE fact-sheet roster","2012-10-02","Jail Enforcement; signed 2008-02-04"
"frederickcountysheriffsoffice","MARYLAND","Frederick County Sheriff's Office","ICE fact-sheet roster","2012-10-02","Jail Enforcement; signed 2008-02-06"
"massachusettsdepartmentofcorrections","MASSACHUSETTS","Massachusetts Department of Corrections","ICE fact-sheet roster","2012-10-02","Jail Enforcement; signed 2007-03-26"
"minnesotadepartmentofpublicsafety","MINNESOTA","Minnesota Department of Public Safety","ICE fact-sheet roster","2012-10-02","Task Force; signed 2008-09-22"
"missouristatehighwaypatrol","MISSOURI","Missouri State Highway Patrol","ICE fact-sheet roster","2012-10-02","Task Force; signed 2008-06-25"
"lasvegasmetropolitanpolicedepartment","NEVADA","Las Vegas Metropolitan Police Department","ICE fact-sheet roster","2012-10-02","Jail Enforcement; signed 2008-09-08"
"hudsoncountydepartmentofcorrections","NEW JERSEY","Hudson County Department of Corrections","ICE fact-sheet roster","2012-10-02","Jail Enforcement; signed 2008-08-11"
"monmouthcountysheriffsoffice","NEW JERSEY","Monmouth County Sheriff's Office","ICE fact-sheet roster","2012-10-02","Jail Enforcement; signed 2009-10-15"
"newmexicodepartmentofcorrections","NEW MEXICO","New Mexico Department of Corrections","ICE fact-sheet roster","2012-10-02","Jail Enforcement; signed 2007-09-17"
"alamancecountysheriffsoffice","NORTH CAROLINA","Alamance County Sheriff's Office","ICE fact-sheet roster","2012-10-02","Jail Enforcement; signed 2007-01-10"
"cabarruscountysheriffsoffice","NORTH CAROLINA","Cabarrus County Sheriff's Office","ICE fact-sheet roster","2012-10-02","Jail Enforcement; signed 2007-08-02"
"durhampolicedepartment","NORTH CAROLINA","City of Durham Police Department","ICE fact-sheet roster","2012-10-02","Task Force; signed 2008-02-01"
"gastoncountysheriffsoffice","NORTH CAROLINA","Gaston County Sheriff's Office","ICE fact-sheet roster","2012-10-02","Jail Enforcement; signed 2007-02-22"
"hendersoncountysheriffsoffice","NORTH CAROLINA","Henderson County Sheriff's Office","ICE fact-sheet roster","2012-10-02","Jail Enforcement; signed 2008-06-25"
"mecklenburgcountysheriffsoffice","NORTH CAROLINA","Mecklenburg County Sheriff's Office","ICE fact-sheet roster","2012-10-02","Jail Enforcement; signed 2006-02-27"
"wakecountysheriffsoffice","NORTH CAROLINA","Wake County Sheriff's Office","ICE fact-sheet roster","2012-10-02","Jail Enforcement; signed 2008-06-25"
"butlercountysheriffsoffice","OHIO","Butler County Sheriff's Office","ICE fact-sheet roster","2012-10-02","Jail Enforcement; signed 2008-02-05"
"tulsacountysheriffsoffice","OKLAHOMA","Tulsa County Sheriff's Office","ICE fact-sheet roster","2012-10-02","Jail Enforcement; signed 2007-08-06"
"beaufortcountysheriffsoffice","SOUTH CAROLINA","Beaufort County Sheriff's Office","ICE fact-sheet roster","2012-10-02","Task Force; signed 2008-06-25"
"charlestoncountysheriffsoffice","SOUTH CAROLINA","Charleston County Sheriff's Office","ICE fact-sheet roster","2012-10-02","Jail Enforcement; signed 2009-11-09"
"lexingtoncountysheriffsoffice","SOUTH CAROLINA","Lexington County Sheriff's Office","ICE fact-sheet roster","2012-10-02","Jail Enforcement; signed 2010-08-19"
"yorkcountysheriffsoffice","SOUTH CAROLINA","York County Sheriff's Office","ICE fact-sheet roster","2012-10-02","Jail Enforcement; signed 2007-10-16"
"davidsoncountysheriffsoffice","TENNESSEE","Davidson County Sheriff's Office","ICE fact-sheet roster","2012-10-02","Jail Enforcement; signed 2007-02-21"
"tennesseehighwaypatroldepartmentofsafety","TENNESSEE","Tennessee Highway Patrol / Department of Safety","ICE fact-sheet roster","2012-10-02","Task Force; signed 2008-06-25"
"carrolltonpolicedepartment","TEXAS","Carrollton Police Department","ICE fact-sheet roster","2012-10-02","Jail Enforcement; signed 2008-08-12"
"farmersbranchpolicedepartment","TEXAS","Farmers Branch Police Department","ICE fact-sheet roster","2012-10-02","Task Force; signed 2008-07-08"
"harriscountysheriffsoffice","TEXAS","Harris County Sheriff's Office","ICE fact-sheet roster","2012-10-02","Jail Enforcement; signed 2008-07-20"
"washingtoncountysheriffsoffice","UTAH","Washington County Sheriff Office","ICE fact-sheet roster","2012-10-02","Jail Enforcement; signed 2008-09-22"
"webercountysheriffsoffice","UTAH","Weber County Sheriff's Office","ICE fact-sheet roster","2012-10-02","Jail Enforcement; signed 2008-09-22"
"herndonpolicedepartment","VIRGINIA","Herndon Police Department","ICE fact-sheet roster","2012-10-02","Task Force; signed 2007-03-21"
"loudouncountysheriffsoffice","VIRGINIA","Loudoun County Sheriff's Office","ICE fact-sheet roster","2012-10-02","Task Force; signed 2008-06-25"
"manassasparkpolicedepartment","VIRGINIA","Manassas Park Police Department","ICE fact-sheet roster","2012-10-02","Task Force; signed 2008-03-10"
"manassaspolicedepartment","VIRGINIA","Manassas Police Department","ICE fact-sheet roster","2012-10-02","Task Force; signed 2008-03-05"
"princewilliamcountypolicedepartment","VIRGINIA","Prince William County Police Department","ICE fact-sheet roster","2012-10-02","Task Force; signed 2008-02-26"
"princewilliamcountysheriffsoffice","VIRGINIA","Prince William County Sheriff's Office","ICE fact-sheet roster","2012-10-02","Task Force; signed 2008-02-26"
"princewilliammanassasregionaljail","VIRGINIA","Prince William-Manassas Regional Jail","ICE fact-sheet roster","2012-10-02","Jail Enforcement; signed 2007-07-09"
"rockinghamcountysheriffsoffice","VIRGINIA","Rockingham County Sheriff's Office","ICE fact-sheet roster","2012-10-02","Jail Enforcement; signed 2007-04-25"
"shenandoahcountysheriffsoffice","VIRGINIA","Shenandoah County Sheriff's Office","ICE fact-sheet roster","2012-10-02","Jail Enforcement; signed 2007-05-10"
"etowahcountysheriffsoffice","ALABAMA","Etowah County Sheriff's Office","ICE fact-sheet roster","2012-10-16","Jail Enforcement; signed 2008-07-08"
"arizonadepartmentofcorrections","ARIZONA","Arizona Department of Corrections","ICE fact-sheet roster","2012-10-16","Jail Enforcement; signed 2005-09-16"
"mesapolicedepartment","ARIZONA","City of Mesa Police Department","ICE fact-sheet roster","2012-10-16","Jail Enforcement; signed 2009-11-19"
"pinalcountysheriffsoffice","ARIZONA","Pinal County Sheriff's Office","ICE fact-sheet roster","2012-10-16","Jail Enforcement; signed 2008-03-10"
"yavapaicountysheriffsoffice","ARIZONA","Yavapai County Sheriff's Office","ICE fact-sheet roster","2012-10-16","Jail Enforcement; signed 2008-03-10"
"bentoncountysheriffsoffice","ARKANSAS","Benton County Sheriff's Office","ICE fact-sheet roster","2012-10-16","Jail Enforcement; signed 2007-09-26"
"springdalepolicedepartment","ARKANSAS","City of Springdale Police Department","ICE fact-sheet roster","2012-10-16","Task Force; signed 2007-09-26"
"rogerspolicedepartment","ARKANSAS","Rogers Police Department","ICE fact-sheet roster","2012-10-16","Task Force; signed 2007-09-25"
"washingtoncountysheriffsoffice","ARKANSAS","Washington County Sheriff's Office","ICE fact-sheet roster","2012-10-16","Jail Enforcement; signed 2007-09-26"
"losangelescountysheriffsoffice","CALIFORNIA","Los Angeles County Sheriff's Office","ICE fact-sheet roster","2012-10-16","Jail Enforcement; signed 2005-02-01"
"orangecountysheriffsoffice","CALIFORNIA","Orange County Sheriff's Office","ICE fact-sheet roster","2012-10-16","Jail Enforcement; signed 2006-11-02"
"riversidecountysheriffsoffice","CALIFORNIA","Riverside County Sheriff's Office","ICE fact-sheet roster","2012-10-16","Jail Enforcement; signed 2006-04-28"
"sanbernardinocountysheriffsoffice","CALIFORNIA","San Bernardino County Sheriff's Office","ICE fact-sheet roster","2012-10-16","Jail Enforcement; signed 2005-11-19"
"coloradodepartmentofpublicsafety","COLORADO","Colorado Department of Public Safety","ICE fact-sheet roster","2012-10-16","Task Force; signed 2007-03-29"
"elpasocountysheriffsoffice","COLORADO","El Paso County Sheriff's Office","ICE fact-sheet roster","2012-10-16","Jail Enforcement; signed 2007-05-17"
"danburypolicedepartment","CONNECTICUT","City of Danbury Police Department","ICE fact-sheet roster","2012-10-16","Task Force; signed 2009-10-15"
"baycountysheriffsoffice","FLORIDA","Bay County Sheriff's Office","ICE fact-sheet roster","2012-10-16","Task Force; signed 2008-06-15"
"colliercountysheriffsoffice","FLORIDA","Collier County Sheriff's Office","ICE fact-sheet roster","2012-10-16","Jail Enforcement; signed 2007-08-06"
"floridadepartmentoflawenforcement","FLORIDA","Florida Department of Law Enforcement","ICE fact-sheet roster","2012-10-16","Task Force; signed 2002-07-02"
"jacksonvillesheriffsoffice","FLORIDA","Jacksonville Sheriff's Office","ICE fact-sheet roster","2012-10-16","Jail Enforcement; signed 2008-07-08"
"cobbcountysheriffsoffice","GEORGIA","Cobb County Sheriff's Office","ICE fact-sheet roster","2012-10-16","Jail Enforcement; signed 2007-02-13"
"georgiadepartmentofpublicsafety","GEORGIA","Georgia Department of Public Safety","ICE fact-sheet roster","2012-10-16","Task Force; signed 2007-07-27"
"gwinnettcountysheriffsoffice","GEORGIA","Gwinnett County Sheriff's Office","ICE fact-sheet roster","2012-10-16","Jail Enforcement; signed 2009-10-15"
"hallcountysheriffsoffice","GEORGIA","Hall County Sheriff's Office","ICE fact-sheet roster","2012-10-16","Jail Enforcement; signed 2008-02-29"
"whitfieldcountysheriffsoffice","GEORGIA","Whitfield County Sheriff's Office","ICE fact-sheet roster","2012-10-16","Jail Enforcement; signed 2008-02-04"
"frederickcountysheriffsoffice","MARYLAND","Frederick County Sheriff's Office","ICE fact-sheet roster","2012-10-16","Jail Enforcement; signed 2008-02-06"
"massachusettsdepartmentofcorrections","MASSACHUSETTS","Massachusetts Department of Correction","ICE fact-sheet roster","2012-10-16","Jail Enforcement; signed 2007-03-26"
"lasvegasmetropolitanpolicedepartment","NEVADA","Las Vegas Metropolitan Police Department","ICE fact-sheet roster","2012-10-16","Jail Enforcement; signed 2008-09-08"
"hudsoncountydepartmentofcorrections","NEW JERSEY","Hudson County Department of Corrections","ICE fact-sheet roster","2012-10-16","Jail Enforcement; signed 2008-08-11"
"monmouthcountysheriffsoffice","NEW JERSEY","Monmouth County Sheriff's Office","ICE fact-sheet roster","2012-10-16","Jail Enforcement; signed 2009-10-15"
"newmexicodepartmentofcorrections","NEW MEXICO","New Mexico Department of Corrections","ICE fact-sheet roster","2012-10-16","Jail Enforcement; signed 2007-09-17"
"cabarruscountysheriffsoffice","NORTH CAROLINA","Cabarrus County Sheriff's Office","ICE fact-sheet roster","2012-10-16","Jail Enforcement; signed 2007-08-02"
"durhampolicedepartment","NORTH CAROLINA","City of Durham Police Department","ICE fact-sheet roster","2012-10-16","Task Force; signed 2008-02-01"
"gastoncountysheriffsoffice","NORTH CAROLINA","Gaston County Sheriff's Office","ICE fact-sheet roster","2012-10-16","Jail Enforcement; signed 2007-02-22"
"hendersoncountysheriffsoffice","NORTH CAROLINA","Henderson County Sheriff's Office","ICE fact-sheet roster","2012-10-16","Jail Enforcement; signed 2008-06-25"
"mecklenburgcountysheriffsoffice","NORTH CAROLINA","Mecklenburg County Sheriff's Office","ICE fact-sheet roster","2012-10-16","Jail Enforcement; signed 2006-02-27"
"wakecountysheriffsoffice","NORTH CAROLINA","Wake County Sheriff's Office","ICE fact-sheet roster","2012-10-16","Jail Enforcement; signed 2008-06-25"
"butlercountysheriffsoffice","OHIO","Butler County Sheriff's Office","ICE fact-sheet roster","2012-10-16","Jail Enforcement; signed 2008-02-05"
"tulsacountysheriffsoffice","OKLAHOMA","Tulsa County Sheriff's Office","ICE fact-sheet roster","2012-10-16","Jail Enforcement; signed 2007-08-06"
"beaufortcountysheriffsoffice","SOUTH CAROLINA","Beaufort County Sheriff's Office","ICE fact-sheet roster","2012-10-16","Task Force; signed 2008-06-25"
"charlestoncountysheriffsoffice","SOUTH CAROLINA","Charleston County Sheriff's Office","ICE fact-sheet roster","2012-10-16","Jail Enforcement; signed 2009-11-09"
"lexingtoncountysheriffsoffice","SOUTH CAROLINA","Lexington County Sheriff's Office","ICE fact-sheet roster","2012-10-16","Jail Enforcement; signed 2010-08-19"
"yorkcountysheriffsoffice","SOUTH CAROLINA","York County Sheriff's Office","ICE fact-sheet roster","2012-10-16","Jail Enforcement; signed 2007-10-16"
"tennesseehighwaypatroldepartmentofsafety","TENNESSEE","Tennessee Highway Patrol / Department of Safety","ICE fact-sheet roster","2012-10-16","Task Force; signed 2008-06-25"
"carrolltonpolicedepartment","TEXAS","Carrollton Police Department","ICE fact-sheet roster","2012-10-16","Jail Enforcement; signed 2008-08-12"
"farmersbranchpolicedepartment","TEXAS","Farmers Branch Police Department","ICE fact-sheet roster","2012-10-16","Task Force; signed 2008-07-08"
"harriscountysheriffsoffice","TEXAS","Harris County Sheriff's Office","ICE fact-sheet roster","2012-10-16","Jail Enforcement; signed 2008-07-20"
"washingtoncountysheriffsoffice","UTAH","Washington County Sheriff Office","ICE fact-sheet roster","2012-10-16","Jail Enforcement; signed 2008-09-22"
"webercountysheriffsoffice","UTAH","Weber County Sheriff's Office","ICE fact-sheet roster","2012-10-16","Jail Enforcement; signed 2008-09-22"
"herndonpolicedepartment","VIRGINIA","Herndon Police Department","ICE fact-sheet roster","2012-10-16","Task Force; signed 2007-03-21"
"loudouncountysheriffsoffice","VIRGINIA","Loudoun County Sheriff's Office","ICE fact-sheet roster","2012-10-16","Task Force; signed 2008-06-25"
"manassasparkpolicedepartment","VIRGINIA","Manassas Park Police Department","ICE fact-sheet roster","2012-10-16","Task Force; signed 2008-03-10"
"manassaspolicedepartment","VIRGINIA","Manassas Police Department","ICE fact-sheet roster","2012-10-16","Task Force; signed 2008-03-05"
"princewilliamcountypolicedepartment","VIRGINIA","Prince William County Police Department","ICE fact-sheet roster","2012-10-16","Task Force; signed 2008-02-26"
"princewilliamcountysheriffsoffice","VIRGINIA","Prince William County Sheriff's Office","ICE fact-sheet roster","2012-10-16","Task Force; signed 2008-02-26"
"princewilliammanassasregionaljail","VIRGINIA","Prince William-Manassas Regional Jail","ICE fact-sheet roster","2012-10-16","Jail Enforcement; signed 2007-07-09"
"shenandoahcountysheriffsoffice","VIRGINIA","Shenandoah County Sheriff's Office","ICE fact-sheet roster","2012-10-16","Jail Enforcement; signed 2007-05-10"
"etowahcountysheriffsoffice","ALABAMA","Etowah County Sheriff's Office","ICE fact-sheet roster","2012-12-31","Jail Enforcement; signed 2008-07-08"
"arizonadepartmentofcorrections","ARIZONA","Arizona Department of Corrections","ICE fact-sheet roster","2012-12-31","Jail Enforcement; signed 2005-09-16"
"mesapolicedepartment","ARIZONA","City of Mesa Police Department","ICE fact-sheet roster","2012-12-31","Jail Enforcement; signed 2009-11-19"
"pinalcountysheriffsoffice","ARIZONA","Pinal County Sheriff's Office","ICE fact-sheet roster","2012-12-31","Jail Enforcement; signed 2008-03-10"
"yavapaicountysheriffsoffice","ARIZONA","Yavapai County Sheriff's Office","ICE fact-sheet roster","2012-12-31","Jail Enforcement; signed 2008-03-10"
"bentoncountysheriffsoffice","ARKANSAS","Benton County Sheriff's Office","ICE fact-sheet roster","2012-12-31","Jail Enforcement; signed 2007-09-26"
"washingtoncountysheriffsoffice","ARKANSAS","Washington County Sheriff's Office","ICE fact-sheet roster","2012-12-31","Jail Enforcement; signed 2007-09-26"
"losangelescountysheriffsoffice","CALIFORNIA","Los Angeles County Sheriff's Office","ICE fact-sheet roster","2012-12-31","Jail Enforcement; signed 2005-02-01"
"orangecountysheriffsoffice","CALIFORNIA","Orange County Sheriff's Office","ICE fact-sheet roster","2012-12-31","Jail Enforcement; signed 2006-11-02"
"riversidecountysheriffsoffice","CALIFORNIA","Riverside County Sheriff's Office","ICE fact-sheet roster","2012-12-31","Jail Enforcement; signed 2006-04-28"
"sanbernardinocountysheriffsoffice","CALIFORNIA","San Bernardino County Sheriff's Office","ICE fact-sheet roster","2012-12-31","Jail Enforcement; signed 2005-11-19"
"elpasocountysheriffsoffice","COLORADO","El Paso County Sheriff's Office","ICE fact-sheet roster","2012-12-31","Jail Enforcement; signed 2007-05-17"
"colliercountysheriffsoffice","FLORIDA","Collier County Sheriff's Office","ICE fact-sheet roster","2012-12-31","Jail Enforcement; signed 2007-08-06"
"jacksonvillesheriffsoffice","FLORIDA","Jacksonville Sheriff's Office","ICE fact-sheet roster","2012-12-31","Jail Enforcement; signed 2008-07-08"
"cobbcountysheriffsoffice","GEORGIA","Cobb County Sheriff's Office","ICE fact-sheet roster","2012-12-31","Jail Enforcement; signed 2007-02-13"
"gwinnettcountysheriffsoffice","GEORGIA","Gwinnett County Sheriff's Office","ICE fact-sheet roster","2012-12-31","Jail Enforcement; signed 2009-10-15"
"hallcountysheriffsoffice","GEORGIA","Hall County Sheriff's Office","ICE fact-sheet roster","2012-12-31","Jail Enforcement; signed 2008-02-29"
"whitfieldcountysheriffsoffice","GEORGIA","Whitfield County Sheriff's Office","ICE fact-sheet roster","2012-12-31","Jail Enforcement; signed 2008-02-04"
"frederickcountysheriffsoffice","MARYLAND","Frederick County Sheriff's Office","ICE fact-sheet roster","2012-12-31","Jail Enforcement; signed 2008-02-06"
"massachusettsdepartmentofcorrections","MASSACHUSETTS","Massachusetts Department of Correction","ICE fact-sheet roster","2012-12-31","Jail Enforcement; signed 2007-03-26"
"lasvegasmetropolitanpolicedepartment","NEVADA","Las Vegas Metropolitan Police Department","ICE fact-sheet roster","2012-12-31","Jail Enforcement; signed 2008-09-08"
"hudsoncountydepartmentofcorrections","NEW JERSEY","Hudson County Department of Corrections","ICE fact-sheet roster","2012-12-31","Jail Enforcement; signed 2008-08-11"
"monmouthcountysheriffsoffice","NEW JERSEY","Monmouth County Sheriff's Office","ICE fact-sheet roster","2012-12-31","Jail Enforcement; signed 2009-10-15"
"newmexicodepartmentofcorrections","NEW MEXICO","New Mexico Department of Corrections","ICE fact-sheet roster","2012-12-31","Jail Enforcement; signed 2007-09-17"
"cabarruscountysheriffsoffice","NORTH CAROLINA","Cabarrus County Sheriff's Office","ICE fact-sheet roster","2012-12-31","Jail Enforcement; signed 2007-08-02"
"gastoncountysheriffsoffice","NORTH CAROLINA","Gaston County Sheriff's Office","ICE fact-sheet roster","2012-12-31","Jail Enforcement; signed 2007-02-22"
"hendersoncountysheriffsoffice","NORTH CAROLINA","Henderson County Sheriff's Office","ICE fact-sheet roster","2012-12-31","Jail Enforcement; signed 2008-06-25"
"mecklenburgcountysheriffsoffice","NORTH CAROLINA","Mecklenburg County Sheriff's Office","ICE fact-sheet roster","2012-12-31","Jail Enforcement; signed 2006-02-27"
"wakecountysheriffsoffice","NORTH CAROLINA","Wake County Sheriff's Office","ICE fact-sheet roster","2012-12-31","Jail Enforcement; signed 2008-06-25"
"butlercountysheriffsoffice","OHIO","Butler County Sheriff's Office","ICE fact-sheet roster","2012-12-31","Jail Enforcement; signed 2008-02-05"
"tulsacountysheriffsoffice","OKLAHOMA","Tulsa County Sheriff's Office","ICE fact-sheet roster","2012-12-31","Jail Enforcement; signed 2007-08-06"
"charlestoncountysheriffsoffice","SOUTH CAROLINA","Charleston County Sheriff's Office","ICE fact-sheet roster","2012-12-31","Jail Enforcement; signed 2009-11-09"
"lexingtoncountysheriffsoffice","SOUTH CAROLINA","Lexington County Sheriff's Office","ICE fact-sheet roster","2012-12-31","Jail Enforcement; signed 2010-08-19"
"yorkcountysheriffsoffice","SOUTH CAROLINA","York County Sheriff's Office","ICE fact-sheet roster","2012-12-31","Jail Enforcement; signed 2007-10-16"
"carrolltonpolicedepartment","TEXAS","Carrollton Police Department","ICE fact-sheet roster","2012-12-31","Jail Enforcement; signed 2008-08-12"
"harriscountysheriffsoffice","TEXAS","Harris County Sheriff's Office","ICE fact-sheet roster","2012-12-31","Jail Enforcement; signed 2008-07-20"
"webercountysheriffsoffice","UTAH","Weber County Sheriff's Office","ICE fact-sheet roster","2012-12-31","Jail Enforcement; signed 2008-09-22"
"princewilliammanassasregionaljail","VIRGINIA","Prince William-Manassas Regional Jail","ICE fact-sheet roster","2012-12-31","Jail Enforcement; signed 2007-07-09"
"shenandoahcountysheriffsoffice","VIRGINIA","Shenandoah County Sheriff's Office","ICE fact-sheet roster","2012-12-31","Jail Enforcement; signed 2007-05-10"
"etowahcountysheriffsoffice","ALABAMA","Etowah County Sheriff's Office","ICE fact-sheet roster","2012-12-31","Jail Enforcement; signed 2008-07-08"
"arizonadepartmentofcorrections","ARIZONA","Arizona Department of Corrections","ICE fact-sheet roster","2012-12-31","Jail Enforcement; signed 2005-09-16"
"mesapolicedepartment","ARIZONA","City of Mesa Police Department","ICE fact-sheet roster","2012-12-31","Jail Enforcement; signed 2009-11-19"
"pinalcountysheriffsoffice","ARIZONA","Pinal County Sheriff's Office","ICE fact-sheet roster","2012-12-31","Jail Enforcement; signed 2008-03-10"
"yavapaicountysheriffsoffice","ARIZONA","Yavapai County Sheriff's Office","ICE fact-sheet roster","2012-12-31","Jail Enforcement; signed 2008-03-10"
"bentoncountysheriffsoffice","ARKANSAS","Benton County Sheriff's Office","ICE fact-sheet roster","2012-12-31","Jail Enforcement; signed 2007-09-26"
"washingtoncountysheriffsoffice","ARKANSAS","Washington County Sheriff's Office","ICE fact-sheet roster","2012-12-31","Jail Enforcement; signed 2007-09-26"
"losangelescountysheriffsoffice","CALIFORNIA","Los Angeles County Sheriff's Office","ICE fact-sheet roster","2012-12-31","Jail Enforcement; signed 2005-02-01"
"orangecountysheriffsoffice","CALIFORNIA","Orange County Sheriff's Office","ICE fact-sheet roster","2012-12-31","Jail Enforcement; signed 2006-11-02"
"riversidecountysheriffsoffice","CALIFORNIA","Riverside County Sheriff's Office","ICE fact-sheet roster","2012-12-31","Jail Enforcement; signed 2006-04-28"
"sanbernardinocountysheriffsoffice","CALIFORNIA","San Bernardino County Sheriff's Office","ICE fact-sheet roster","2012-12-31","Jail Enforcement; signed 2005-11-19"
"elpasocountysheriffsoffice","COLORADO","El Paso County Sheriff's Office","ICE fact-sheet roster","2012-12-31","Jail Enforcement; signed 2007-05-17"
"colliercountysheriffsoffice","FLORIDA","Collier County Sheriff's Office","ICE fact-sheet roster","2012-12-31","Jail Enforcement; signed 2007-08-06"
"jacksonvillesheriffsoffice","FLORIDA","Jacksonville Sheriff's Office","ICE fact-sheet roster","2012-12-31","Jail Enforcement; signed 2008-07-08"
"cobbcountysheriffsoffice","GEORGIA","Cobb County Sheriff's Office","ICE fact-sheet roster","2012-12-31","Jail Enforcement; signed 2007-02-13"
"gwinnettcountysheriffsoffice","GEORGIA","Gwinnett County Sheriff's Office","ICE fact-sheet roster","2012-12-31","Jail Enforcement; signed 2009-10-15"
"hallcountysheriffsoffice","GEORGIA","Hall County Sheriff's Office","ICE fact-sheet roster","2012-12-31","Jail Enforcement; signed 2008-02-29"
"whitfieldcountysheriffsoffice","GEORGIA","Whitfield County Sheriff's Office","ICE fact-sheet roster","2012-12-31","Jail Enforcement; signed 2008-02-04"
"frederickcountysheriffsoffice","MARYLAND","Frederick County Sheriff's Office","ICE fact-sheet roster","2012-12-31","Jail Enforcement; signed 2008-02-06"
"massachusettsdepartmentofcorrections","MASSACHUSETTS","Massachusetts Department of Correction","ICE fact-sheet roster","2012-12-31","Jail Enforcement; signed 2007-03-26"
"lasvegasmetropolitanpolicedepartment","NEVADA","Las Vegas Metropolitan Police Department","ICE fact-sheet roster","2012-12-31","Jail Enforcement; signed 2008-09-08"
"hudsoncountydepartmentofcorrections","NEW JERSEY","Hudson County Department of Corrections","ICE fact-sheet roster","2012-12-31","Jail Enforcement; signed 2008-08-11"
"monmouthcountysheriffsoffice","NEW JERSEY","Monmouth County Sheriff's Office","ICE fact-sheet roster","2012-12-31","Jail Enforcement; signed 2009-10-15"
"newmexicodepartmentofcorrections","NEW MEXICO","New Mexico Department of Corrections","ICE fact-sheet roster","2012-12-31","Jail Enforcement; signed 2007-09-17"
"cabarruscountysheriffsoffice","NORTH CAROLINA","Cabarrus County Sheriff's Office","ICE fact-sheet roster","2012-12-31","Jail Enforcement; signed 2007-08-02"
"gastoncountysheriffsoffice","NORTH CAROLINA","Gaston County Sheriff's Office","ICE fact-sheet roster","2012-12-31","Jail Enforcement; signed 2007-02-22"
"hendersoncountysheriffsoffice","NORTH CAROLINA","Henderson County Sheriff's Office","ICE fact-sheet roster","2012-12-31","Jail Enforcement; signed 2008-06-25"
"mecklenburgcountysheriffsoffice","NORTH CAROLINA","Mecklenburg County Sheriff's Office","ICE fact-sheet roster","2012-12-31","Jail Enforcement; signed 2006-02-27"
"wakecountysheriffsoffice","NORTH CAROLINA","Wake County Sheriff's Office","ICE fact-sheet roster","2012-12-31","Jail Enforcement; signed 2008-06-25"
"butlercountysheriffsoffice","OHIO","Butler County Sheriff's Office","ICE fact-sheet roster","2012-12-31","Jail Enforcement; signed 2008-02-05"
"tulsacountysheriffsoffice","OKLAHOMA","Tulsa County Sheriff's Office","ICE fact-sheet roster","2012-12-31","Jail Enforcement; signed 2007-08-06"
"charlestoncountysheriffsoffice","SOUTH CAROLINA","Charleston County Sheriff's Office","ICE fact-sheet roster","2012-12-31","Jail Enforcement; signed 2009-11-09"
"lexingtoncountysheriffsoffice","SOUTH CAROLINA","Lexington County Sheriff's Office","ICE fact-sheet roster","2012-12-31","Jail Enforcement; signed 2010-08-19"
"yorkcountysheriffsoffice","SOUTH CAROLINA","York County Sheriff's Office","ICE fact-sheet roster","2012-12-31","Jail Enforcement; signed 2007-10-16"
"carrolltonpolicedepartment","TEXAS","Carrollton Police Department","ICE fact-sheet roster","2012-12-31","Jail Enforcement; signed 2008-08-12"
"harriscountysheriffsoffice","TEXAS","Harris County Sheriff's Office","ICE fact-sheet roster","2012-12-31","Jail Enforcement; signed 2008-07-20"
"webercountysheriffsoffice","UTAH","Weber County Sheriff's Office","ICE fact-sheet roster","2012-12-31","Jail Enforcement; signed 2008-09-22"
"princewilliammanassasregionaljail","VIRGINIA","Prince William-Manassas Regional Jail","ICE fact-sheet roster","2012-12-31","Jail Enforcement; signed 2007-07-09"
"shenandoahcountysheriffsoffice","VIRGINIA","Shenandoah County Sheriff's Office","ICE fact-sheet roster","2012-12-31","Jail Enforcement; signed 2007-05-10"
"etowahcountysheriffsoffice","ALABAMA","Etowah County Sheriff's Office","ICE fact-sheet roster","2013-08-07","Jail Enforcement; signed 2013-06-28"
"arizonadepartmentofcorrections","ARIZONA","Arizona Department of Corrections","ICE fact-sheet roster","2013-08-07","Jail Enforcement; signed 2005-09-16"
"mesapolicedepartment","ARIZONA","City of Mesa Police Department","ICE fact-sheet roster","2013-08-07","Jail Enforcement; signed 2013-06-28"
"pinalcountysheriffsoffice","ARIZONA","Pinal County Sheriff's Office","ICE fact-sheet roster","2013-08-07","Jail Enforcement; signed 2013-06-28"
"yavapaicountysheriffsoffice","ARIZONA","Yavapai County Sheriff's Office","ICE fact-sheet roster","2013-08-07","Jail Enforcement; signed 2008-03-10"
"bentoncountysheriffsoffice","ARKANSAS","Benton County Sheriff's Office","ICE fact-sheet roster","2013-08-07","Jail Enforcement; signed 2013-06-28"
"washingtoncountysheriffsoffice","ARKANSAS","Washington County Sheriff's Office","ICE fact-sheet roster","2013-08-07","Jail Enforcement; signed 2007-09-26"
"losangelescountysheriffsoffice","CALIFORNIA","Los Angeles County Sheriff's Office","ICE fact-sheet roster","2013-08-07","Jail Enforcement; signed 2005-02-01"
"orangecountysheriffsoffice","CALIFORNIA","Orange County Sheriff's Office","ICE fact-sheet roster","2013-08-07","Jail Enforcement; signed 2006-11-02"
"elpasocountysheriffsoffice","COLORADO","El Paso County Sheriff's Office","ICE fact-sheet roster","2013-08-07","Jail Enforcement; signed 2007-05-17"
"colliercountysheriffsoffice","FLORIDA","Collier County Sheriff's Office","ICE fact-sheet roster","2013-08-07","Jail Enforcement; signed 2013-06-28"
"jacksonvillesheriffsoffice","FLORIDA","Jacksonville Sheriff's Office","ICE fact-sheet roster","2013-08-07","Jail Enforcement; signed 2013-06-28"
"cobbcountysheriffsoffice","GEORGIA","Cobb County Sheriff's Office","ICE fact-sheet roster","2013-08-07","Jail Enforcement; signed 2013-06-27"
"gwinnettcountysheriffsoffice","GEORGIA","Gwinnett County Sheriff's Office","ICE fact-sheet roster","2013-08-07","Jail Enforcement; signed 2013-06-28"
"hallcountysheriffsoffice","GEORGIA","Hall County Sheriff's Office","ICE fact-sheet roster","2013-08-07","Jail Enforcement; signed 2013-06-28"
"whitfieldcountysheriffsoffice","GEORGIA","Whitfield County Sheriff's Office","ICE fact-sheet roster","2013-08-07","Jail Enforcement; signed 2013-06-27"
"frederickcountysheriffsoffice","MARYLAND","Frederick County Sheriff's Office","ICE fact-sheet roster","2013-08-07","Jail Enforcement; signed 2013-06-28"
"massachusettsdepartmentofcorrections","MASSACHUSETTS","Massachusetts Department of Correction","ICE fact-sheet roster","2013-08-07","Jail Enforcement; signed 2007-03-26"
"lasvegasmetropolitanpolicedepartment","NEVADA","Las Vegas Metropolitan Police Department","ICE fact-sheet roster","2013-08-07","Jail Enforcement; signed 2013-06-28"
"hudsoncountydepartmentofcorrections","NEW JERSEY","Hudson County Department of Corrections","ICE fact-sheet roster","2013-08-07","Jail Enforcement; signed 2013-06-28"
"monmouthcountysheriffsoffice","NEW JERSEY","Monmouth County Sheriff's Office","ICE fact-sheet roster","2013-08-07","Jail Enforcement; signed 2013-06-28"
"cabarruscountysheriffsoffice","NORTH CAROLINA","Cabarrus County Sheriff's Office","ICE fact-sheet roster","2013-08-07","Jail Enforcement; signed 2013-06-28"
"gastoncountysheriffsoffice","NORTH CAROLINA","Gaston County Sheriff's Office","ICE fact-sheet roster","2013-08-07","Jail Enforcement; signed 2013-06-28"
"hendersoncountysheriffsoffice","NORTH CAROLINA","Henderson County Sheriff's Office","ICE fact-sheet roster","2013-08-07","Jail Enforcement; signed 2013-06-28"
"mecklenburgcountysheriffsoffice","NORTH CAROLINA","Mecklenburg County Sheriff's Office","ICE fact-sheet roster","2013-08-07","Jail Enforcement; signed 2006-02-27"
"wakecountysheriffsoffice","NORTH CAROLINA","Wake County Sheriff's Office","ICE fact-sheet roster","2013-08-07","Jail Enforcement; signed 2013-06-28"
"butlercountysheriffsoffice","OHIO","Butler County Sheriff's Office","ICE fact-sheet roster","2013-08-07","Jail Enforcement; signed 2013-06-28"
"tulsacountysheriffsoffice","OKLAHOMA","Tulsa County Sheriff's Office","ICE fact-sheet roster","2013-08-07","Jail Enforcement; signed 2013-06-28"
"charlestoncountysheriffsoffice","SOUTH CAROLINA","Charleston County Sheriff's Office","ICE fact-sheet roster","2013-08-07","Jail Enforcement; signed 2013-06-28"
"lexingtoncountysheriffsoffice","SOUTH CAROLINA","Lexington County Sheriff's Office","ICE fact-sheet roster","2013-08-07","Jail Enforcement; signed 2010-08-19"
"yorkcountysheriffsoffice","SOUTH CAROLINA","York County Sheriff's Office","ICE fact-sheet roster","2013-08-07","Jail Enforcement; signed 2013-06-28"
"carrolltonpolicedepartment","TEXAS","Carrollton Police Department","ICE fact-sheet roster","2013-08-07","Jail Enforcement; signed 2013-06-28"
"harriscountysheriffsoffice","TEXAS","Harris County Sheriff's Office","ICE fact-sheet roster","2013-08-07","Jail Enforcement; signed 2008-07-20"
"webercountysheriffsoffice","UTAH","Weber County Sheriff's Office","ICE fact-sheet roster","2013-08-07","Jail Enforcement; signed 2013-06-27"
"princewilliammanassasregionaladultdetentioncenter","VIRGINIA","Prince William-Manassas Regional Adult Detention Center","ICE fact-sheet roster","2013-08-07","Jail Enforcement; signed 2013-06-28"
"shenandoahcountysheriffsoffice","VIRGINIA","Shenandoah County Sheriff's Office","ICE fact-sheet roster","2013-08-07","Jail Enforcement; signed 2013-06-28"
"etowahcountysheriffsoffice","ALABAMA","Etowah County Sheriff's Office","ICE fact-sheet roster","2013-08-07","Jail Enforcement; signed 2013-06-28"
"arizonadepartmentofcorrections","ARIZONA","Arizona Department of Corrections","ICE fact-sheet roster","2013-08-07","Jail Enforcement; signed 2005-09-16"
"mesapolicedepartment","ARIZONA","City of Mesa Police Department","ICE fact-sheet roster","2013-08-07","Jail Enforcement; signed 2013-06-28"
"pinalcountysheriffsoffice","ARIZONA","Pinal County Sheriff's Office","ICE fact-sheet roster","2013-08-07","Jail Enforcement; signed 2013-06-28"
"yavapaicountysheriffsoffice","ARIZONA","Yavapai County Sheriff's Office","ICE fact-sheet roster","2013-08-07","Jail Enforcement; signed 2008-03-10"
"bentoncountysheriffsoffice","ARKANSAS","Benton County Sheriff's Office","ICE fact-sheet roster","2013-08-07","Jail Enforcement; signed 2013-06-28"
"washingtoncountysheriffsoffice","ARKANSAS","Washington County Sheriff's Office","ICE fact-sheet roster","2013-08-07","Jail Enforcement; signed 2007-09-26"
"losangelescountysheriffsoffice","CALIFORNIA","Los Angeles County Sheriff's Office","ICE fact-sheet roster","2013-08-07","Jail Enforcement; signed 2005-02-01"
"orangecountysheriffsoffice","CALIFORNIA","Orange County Sheriff's Office","ICE fact-sheet roster","2013-08-07","Jail Enforcement; signed 2006-11-02"
"elpasocountysheriffsoffice","COLORADO","El Paso County Sheriff's Office","ICE fact-sheet roster","2013-08-07","Jail Enforcement; signed 2007-05-17"
"colliercountysheriffsoffice","FLORIDA","Collier County Sheriff's Office","ICE fact-sheet roster","2013-08-07","Jail Enforcement; signed 2013-06-28"
"jacksonvillesheriffsoffice","FLORIDA","Jacksonville Sheriff's Office","ICE fact-sheet roster","2013-08-07","Jail Enforcement; signed 2013-06-28"
"cobbcountysheriffsoffice","GEORGIA","Cobb County Sheriff's Office","ICE fact-sheet roster","2013-08-07","Jail Enforcement; signed 2013-06-27"
"gwinnettcountysheriffsoffice","GEORGIA","Gwinnett County Sheriff's Office","ICE fact-sheet roster","2013-08-07","Jail Enforcement; signed 2013-06-28"
"hallcountysheriffsoffice","GEORGIA","Hall County Sheriff's Office","ICE fact-sheet roster","2013-08-07","Jail Enforcement; signed 2013-06-28"
"whitfieldcountysheriffsoffice","GEORGIA","Whitfield County Sheriff's Office","ICE fact-sheet roster","2013-08-07","Jail Enforcement; signed 2013-06-27"
"frederickcountysheriffsoffice","MARYLAND","Frederick County Sheriff's Office","ICE fact-sheet roster","2013-08-07","Jail Enforcement; signed 2013-06-28"
"massachusettsdepartmentofcorrections","MASSACHUSETTS","Massachusetts Department of Correction","ICE fact-sheet roster","2013-08-07","Jail Enforcement; signed 2007-03-26"
"lasvegasmetropolitanpolicedepartment","NEVADA","Las Vegas Metropolitan Police Department","ICE fact-sheet roster","2013-08-07","Jail Enforcement; signed 2013-06-28"
"hudsoncountydepartmentofcorrections","NEW JERSEY","Hudson County Department of Corrections","ICE fact-sheet roster","2013-08-07","Jail Enforcement; signed 2013-06-28"
"monmouthcountysheriffsoffice","NEW JERSEY","Monmouth County Sheriff's Office","ICE fact-sheet roster","2013-08-07","Jail Enforcement; signed 2013-06-28"
"cabarruscountysheriffsoffice","NORTH CAROLINA","Cabarrus County Sheriff's Office","ICE fact-sheet roster","2013-08-07","Jail Enforcement; signed 2013-06-28"
"gastoncountysheriffsoffice","NORTH CAROLINA","Gaston County Sheriff's Office","ICE fact-sheet roster","2013-08-07","Jail Enforcement; signed 2013-06-28"
"hendersoncountysheriffsoffice","NORTH CAROLINA","Henderson County Sheriff's Office","ICE fact-sheet roster","2013-08-07","Jail Enforcement; signed 2013-06-28"
"mecklenburgcountysheriffsoffice","NORTH CAROLINA","Mecklenburg County Sheriff's Office","ICE fact-sheet roster","2013-08-07","Jail Enforcement; signed 2006-02-27"
"wakecountysheriffsoffice","NORTH CAROLINA","Wake County Sheriff's Office","ICE fact-sheet roster","2013-08-07","Jail Enforcement; signed 2013-06-28"
"butlercountysheriffsoffice","OHIO","Butler County Sheriff's Office","ICE fact-sheet roster","2013-08-07","Jail Enforcement; signed 2013-06-28"
"tulsacountysheriffsoffice","OKLAHOMA","Tulsa County Sheriff's Office","ICE fact-sheet roster","2013-08-07","Jail Enforcement; signed 2013-06-28"
"charlestoncountysheriffsoffice","SOUTH CAROLINA","Charleston County Sheriff's Office","ICE fact-sheet roster","2013-08-07","Jail Enforcement; signed 2013-06-28"
"lexingtoncountysheriffsoffice","SOUTH CAROLINA","Lexington County Sheriff's Office","ICE fact-sheet roster","2013-08-07","Jail Enforcement; signed 2010-08-19"
"yorkcountysheriffsoffice","SOUTH CAROLINA","York County Sheriff's Office","ICE fact-sheet roster","2013-08-07","Jail Enforcement; signed 2013-06-28"
"carrolltonpolicedepartment","TEXAS","Carrollton Police Department","ICE fact-sheet roster","2013-08-07","Jail Enforcement; signed 2013-06-28"
"harriscountysheriffsoffice","TEXAS","Harris County Sheriff's Office","ICE fact-sheet roster","2013-08-07","Jail Enforcement; signed 2008-07-20"
"webercountysheriffsoffice","UTAH","Weber County Sheriff's Office","ICE fact-sheet roster","2013-08-07","Jail Enforcement; signed 2013-06-27"
"princewilliammanassasregionaladultdetentioncenter","VIRGINIA","Prince William-Manassas Regional Adult Detention Center","ICE fact-sheet roster","2013-08-07","Jail Enforcement; signed 2013-06-28"
"shenandoahcountysheriffsoffice","VIRGINIA","Shenandoah County Sheriff's Office","ICE fact-sheet roster","2013-08-07","Jail Enforcement; signed 2013-06-28"
"etowahcountysheriffsoffice","ALABAMA","Etowah County Sheriff's Office","ICE fact-sheet roster","2013-08-07","Jail Enforcement; signed 2013-06-28"
"arizonadepartmentofcorrections","ARIZONA","Arizona Department of Corrections","ICE fact-sheet roster","2013-08-07","Jail Enforcement; signed 2013-09-26"
"mesapolicedepartment","ARIZONA","City of Mesa Police Department","ICE fact-sheet roster","2013-08-07","Jail Enforcement; signed 2013-06-28"
"pinalcountysheriffsoffice","ARIZONA","Pinal County Sheriff's Office","ICE fact-sheet roster","2013-08-07","Jail Enforcement; signed 2013-06-28"
"yavapaicountysheriffsoffice","ARIZONA","Yavapai County Sheriff's Office","ICE fact-sheet roster","2013-08-07","Jail Enforcement; signed 2013-08-15"
"bentoncountysheriffsoffice","ARKANSAS","Benton County Sheriff's Office","ICE fact-sheet roster","2013-08-07","Jail Enforcement; signed 2013-06-28"
"washingtoncountysheriffsoffice","ARKANSAS","Washington County Sheriff's Office","ICE fact-sheet roster","2013-08-07","Jail Enforcement; signed 2013-07-03"
"losangelescountysheriffsoffice","CALIFORNIA","Los Angeles County Sheriff's Office","ICE fact-sheet roster","2013-08-07","Jail Enforcement; signed 2005-02-01"
"orangecountysheriffsoffice","CALIFORNIA","Orange County Sheriff's Office","ICE fact-sheet roster","2013-08-07","Jail Enforcement; signed 2006-11-02"
"sanbernardinocountysheriffsofficeaddendum","CALIFORNIA","San Bernardino County Sheriff's Office Addendum","ICE fact-sheet roster","2013-08-07","Jail Enforcement; signed 2013-10-11"
"elpasocountysheriffsoffice","COLORADO","El Paso County Sheriff's Office","ICE fact-sheet roster","2013-08-07","Jail Enforcement; signed 2013-07-09"
"colliercountysheriffsoffice","FLORIDA","Collier County Sheriff's Office","ICE fact-sheet roster","2013-08-07","Jail Enforcement; signed 2013-06-28"
"jacksonvillesheriffsoffice","FLORIDA","Jacksonville Sheriff's Office","ICE fact-sheet roster","2013-08-07","Jail Enforcement; signed 2013-06-28"
"cobbcountysheriffsoffice","GEORGIA","Cobb County Sheriff's Office","ICE fact-sheet roster","2013-08-07","Jail Enforcement; signed 2013-06-27"
"gwinnettcountysheriffsoffice","GEORGIA","Gwinnett County Sheriff's Office","ICE fact-sheet roster","2013-08-07","Jail Enforcement; signed 2013-06-28"
"hallcountysheriffsoffice","GEORGIA","Hall County Sheriff's Office","ICE fact-sheet roster","2013-08-07","Jail Enforcement; signed 2013-06-28"
"whitfieldcountysheriffsoffice","GEORGIA","Whitfield County Sheriff's Office","ICE fact-sheet roster","2013-08-07","Jail Enforcement; signed 2013-06-27"
"frederickcountysheriffsoffice","MARYLAND","Frederick County Sheriff's Office","ICE fact-sheet roster","2013-08-07","Jail Enforcement; signed 2013-06-28"
"massachusettsdepartmentofcorrections","MASSACHUSETTS","Massachusetts Department of Correction","ICE fact-sheet roster","2013-08-07","Jail Enforcement; signed 2007-03-26"
"lasvegasmetropolitanpolicedepartment","NEVADA","Las Vegas Metropolitan Police Department","ICE fact-sheet roster","2013-08-07","Jail Enforcement; signed 2013-06-28"
"hudsoncountydepartmentofcorrections","NEW JERSEY","Hudson County Department of Corrections","ICE fact-sheet roster","2013-08-07","Jail Enforcement; signed 2013-06-28"
"monmouthcountysheriffsoffice","NEW JERSEY","Monmouth County Sheriff's Office","ICE fact-sheet roster","2013-08-07","Jail Enforcement; signed 2013-06-28"
"cabarruscountysheriffsoffice","NORTH CAROLINA","Cabarrus County Sheriff's Office","ICE fact-sheet roster","2013-08-07","Jail Enforcement; signed 2013-06-28"
"gastoncountysheriffsoffice","NORTH CAROLINA","Gaston County Sheriff's Office","ICE fact-sheet roster","2013-08-07","Jail Enforcement; signed 2013-06-28"
"hendersoncountysheriffsoffice","NORTH CAROLINA","Henderson County Sheriff's Office","ICE fact-sheet roster","2013-08-07","Jail Enforcement; signed 2013-06-28"
"mecklenburgcountysheriffsoffice","NORTH CAROLINA","Mecklenburg County Sheriff's Office","ICE fact-sheet roster","2013-08-07","Jail Enforcement; signed 2013-12-30"
"wakecountysheriffsoffice","NORTH CAROLINA","Wake County Sheriff's Office","ICE fact-sheet roster","2013-08-07","Jail Enforcement; signed 2013-06-28"
"butlercountysheriffsoffice","OHIO","Butler County Sheriff's Office","ICE fact-sheet roster","2013-08-07","Jail Enforcement; signed 2013-06-28"
"tulsacountysheriffsoffice","OKLAHOMA","Tulsa County Sheriff's Office","ICE fact-sheet roster","2013-08-07","Jail Enforcement; signed 2013-06-28"
"charlestoncountysheriffsoffice","SOUTH CAROLINA","Charleston County Sheriff's Office","ICE fact-sheet roster","2013-08-07","Jail Enforcement; signed 2013-06-28"
"lexingtoncountysheriffsoffice","SOUTH CAROLINA","Lexington County Sheriff's Office","ICE fact-sheet roster","2013-08-07","Jail Enforcement; signed 2013-07-30"
"yorkcountysheriffsoffice","SOUTH CAROLINA","York County Sheriff's Office","ICE fact-sheet roster","2013-08-07","Jail Enforcement; signed 2013-06-28"
"carrolltonpolicedepartment","TEXAS","Carrollton Police Department","ICE fact-sheet roster","2013-08-07","Jail Enforcement; signed 2013-06-28"
"harriscountysheriffsoffice","TEXAS","Harris County Sheriff's Office","ICE fact-sheet roster","2013-08-07","Jail Enforcement; signed 2013-11-04"
"webercountysheriffsoffice","UTAH","Weber County Sheriff's Office","ICE fact-sheet roster","2013-08-07","Jail Enforcement; signed 2013-06-27"
"princewilliammanassasregionaladultdetentioncenter","VIRGINIA","Prince William-Manassas Regional Adult Detention Center","ICE fact-sheet roster","2013-08-07","Jail Enforcement; signed 2013-06-28"
"shenandoahcountysheriffsoffice","VIRGINIA","Shenandoah County Sheriff's Office","ICE fact-sheet roster","2013-08-07","Jail Enforcement; signed 2013-06-28"
"etowahcountysheriffsoffice","ALABAMA","Etowah County Sheriff's Office","ICE fact-sheet roster","2014-08-13","Jail Enforcement; signed 2013-06-28"
"arizonadepartmentofcorrections","ARIZONA","Arizona Department of Corrections","ICE fact-sheet roster","2014-08-13","Jail Enforcement; signed 2013-09-26"
"mesapolicedepartment","ARIZONA","City of Mesa Police Department","ICE fact-sheet roster","2014-08-13","Jail Enforcement; signed 2013-06-28"
"pinalcountysheriffsoffice","ARIZONA","Pinal County Sheriff's Office","ICE fact-sheet roster","2014-08-13","Jail Enforcement; signed 2013-06-28"
"yavapaicountysheriffsoffice","ARIZONA","Yavapai County Sheriff's Office","ICE fact-sheet roster","2014-08-13","Jail Enforcement; signed 2013-08-15"
"bentoncountysheriffsoffice","ARKANSAS","Benton County Sheriff's Office","ICE fact-sheet roster","2014-08-13","Jail Enforcement; signed 2013-06-28"
"washingtoncountysheriffsoffice","ARKANSAS","Washington County Sheriff's Office","ICE fact-sheet roster","2014-08-13","Jail Enforcement; signed 2013-07-03"
"losangelescountysheriffsoffice","CALIFORNIA","Los Angeles County Sheriff's Office","ICE fact-sheet roster","2014-08-13","Jail Enforcement; signed 2010-10-12"
"orangecountysheriffsoffice","CALIFORNIA","Orange County Sheriff's Office","ICE fact-sheet roster","2014-08-13","Jail Enforcement; signed 2006-11-02"
"elpasocountysheriffsoffice","COLORADO","El Paso County Sheriff's Office","ICE fact-sheet roster","2014-08-13","Jail Enforcement; signed 2013-07-09"
"colliercountysheriffsoffice","FLORIDA","Collier County Sheriff's Office","ICE fact-sheet roster","2014-08-13","Jail Enforcement; signed 2013-06-28"
"jacksonvillesheriffsoffice","FLORIDA","Jacksonville Sheriff's Office","ICE fact-sheet roster","2014-08-13","Jail Enforcement; signed 2013-06-28"
"cobbcountysheriffsoffice","GEORGIA","Cobb County Sheriff's Office","ICE fact-sheet roster","2014-08-13","Jail Enforcement; signed 2013-06-27"
"gwinnettcountysheriffsoffice","GEORGIA","Gwinnett County Sheriff's Office","ICE fact-sheet roster","2014-08-13","Jail Enforcement; signed 2013-06-28"
"hallcountysheriffsoffice","GEORGIA","Hall County Sheriff's Office","ICE fact-sheet roster","2014-08-13","Jail Enforcement; signed 2013-06-28"
"whitfieldcountysheriffsoffice","GEORGIA","Whitfield County Sheriff's Office","ICE fact-sheet roster","2014-08-13","Jail Enforcement; signed 2013-06-27"
"frederickcountysheriffsoffice","MARYLAND","Frederick County Sheriff's Office","ICE fact-sheet roster","2014-08-13","Jail Enforcement; signed 2013-06-28"
"massachusettsdepartmentofcorrections","MASSACHUSETTS","Massachusetts Department of Correction","ICE fact-sheet roster","2014-08-13","Jail Enforcement; signed 2014-05-21"
"lasvegasmetropolitanpolicedepartment","NEVADA","Las Vegas Metropolitan Police Department","ICE fact-sheet roster","2014-08-13","Jail Enforcement; signed 2013-06-28"
"hudsoncountydepartmentofcorrections","NEW JERSEY","Hudson County Department of Corrections","ICE fact-sheet roster","2014-08-13","Jail Enforcement; signed 2013-06-28"
"monmouthcountysheriffsoffice","NEW JERSEY","Monmouth County Sheriff's Office","ICE fact-sheet roster","2014-08-13","Jail Enforcement; signed 2013-06-28"
"cabarruscountysheriffsoffice","NORTH CAROLINA","Cabarrus County Sheriff's Office","ICE fact-sheet roster","2014-08-13","Jail Enforcement; signed 2013-06-28"
"gastoncountysheriffsoffice","NORTH CAROLINA","Gaston County Sheriff's Office","ICE fact-sheet roster","2014-08-13","Jail Enforcement; signed 2013-06-28"
"hendersoncountysheriffsoffice","NORTH CAROLINA","Henderson County Sheriff's Office","ICE fact-sheet roster","2014-08-13","Jail Enforcement; signed 2013-06-28"
"mecklenburgcountysheriffsoffice","NORTH CAROLINA","Mecklenburg County Sheriff's Office","ICE fact-sheet roster","2014-08-13","Jail Enforcement; signed 2013-12-30"
"wakecountysheriffsoffice","NORTH CAROLINA","Wake County Sheriff's Office","ICE fact-sheet roster","2014-08-13","Jail Enforcement; signed 2013-06-28"
"butlercountysheriffsoffice","OHIO","Butler County Sheriff's Office","ICE fact-sheet roster","2014-08-13","Jail Enforcement; signed 2013-06-28"
"tulsacountysheriffsoffice","OKLAHOMA","Tulsa County Sheriff's Office","ICE fact-sheet roster","2014-08-13","Jail Enforcement; signed 2013-06-28"
"charlestoncountysheriffsoffice","SOUTH CAROLINA","Charleston County Sheriff's Office","ICE fact-sheet roster","2014-08-13","Jail Enforcement; signed 2013-06-28"
"lexingtoncountysheriffsoffice","SOUTH CAROLINA","Lexington County Sheriff's Office","ICE fact-sheet roster","2014-08-13","Jail Enforcement; signed 2013-07-30"
"yorkcountysheriffsoffice","SOUTH CAROLINA","York County Sheriff's Office","ICE fact-sheet roster","2014-08-13","Jail Enforcement; signed 2013-06-28"
"carrolltonpolicedepartment","TEXAS","Carrollton Police Department","ICE fact-sheet roster","2014-08-13","Jail Enforcement; signed 2013-06-28"
"harriscountysheriffsoffice","TEXAS","Harris County Sheriff's Office","ICE fact-sheet roster","2014-08-13","Jail Enforcement; signed 2013-11-04"
"webercountysheriffsoffice","UTAH","Weber County Sheriff's Office","ICE fact-sheet roster","2014-08-13","Jail Enforcement; signed 2013-06-27"
"princewilliammanassasregionaladultdetentioncenter","VIRGINIA","Prince William-Manassas Regional Adult Detention Center","ICE fact-sheet roster","2014-08-13","Jail Enforcement; signed 2013-06-28"
"etowahcountysheriffsoffice","ALABAMA","Etowah County Sheriff's Office","ICE fact-sheet roster","2015-01-06","Jail Enforcement; signed 2013-06-28"
"arizonadepartmentofcorrections","ARIZONA","Arizona Department of Corrections","ICE fact-sheet roster","2015-01-06","Jail Enforcement; signed 2013-09-26"
"mesapolicedepartment","ARIZONA","City of Mesa Police Department","ICE fact-sheet roster","2015-01-06","Jail Enforcement; signed 2013-06-28"
"pinalcountysheriffsoffice","ARIZONA","Pinal County Sheriff's Office","ICE fact-sheet roster","2015-01-06","Jail Enforcement; signed 2013-06-28"
"yavapaicountysheriffsoffice","ARIZONA","Yavapai County Sheriff's Office","ICE fact-sheet roster","2015-01-06","Jail Enforcement; signed 2013-08-15"
"bentoncountysheriffsoffice","ARKANSAS","Benton County Sheriff's Office","ICE fact-sheet roster","2015-01-06","Jail Enforcement; signed 2013-06-28"
"washingtoncountysheriffsoffice","ARKANSAS","Washington County Sheriff's Office","ICE fact-sheet roster","2015-01-06","Jail Enforcement; signed 2013-07-03"
"losangelescountysheriffsoffice","CALIFORNIA","Los Angeles County Sheriff's Office","ICE fact-sheet roster","2015-01-06","Jail Enforcement; signed 2010-10-12"
"orangecountysheriffsoffice","CALIFORNIA","Orange County Sheriff's Office","ICE fact-sheet roster","2015-01-06","Jail Enforcement; signed 2006-11-02"
"elpasocountysheriffsoffice","COLORADO","El Paso County Sheriff's Office","ICE fact-sheet roster","2015-01-06","Jail Enforcement; signed 2013-07-09"
"colliercountysheriffsoffice","FLORIDA","Collier County Sheriff's Office","ICE fact-sheet roster","2015-01-06","Jail Enforcement; signed 2013-06-28"
"jacksonvillesheriffsoffice","FLORIDA","Jacksonville Sheriff's Office","ICE fact-sheet roster","2015-01-06","Jail Enforcement; signed 2013-06-28"
"cobbcountysheriffsoffice","GEORGIA","Cobb County Sheriff's Office","ICE fact-sheet roster","2015-01-06","Jail Enforcement; signed 2013-06-27"
"gwinnettcountysheriffsoffice","GEORGIA","Gwinnett County Sheriff's Office","ICE fact-sheet roster","2015-01-06","Jail Enforcement; signed 2013-06-28"
"hallcountysheriffsoffice","GEORGIA","Hall County Sheriff's Office","ICE fact-sheet roster","2015-01-06","Jail Enforcement; signed 2013-06-28"
"whitfieldcountysheriffsoffice","GEORGIA","Whitfield County Sheriff's Office","ICE fact-sheet roster","2015-01-06","Jail Enforcement; signed 2013-06-27"
"frederickcountysheriffsoffice","MARYLAND","Frederick County Sheriff's Office","ICE fact-sheet roster","2015-01-06","Jail Enforcement; signed 2013-06-28"
"massachusettsdepartmentofcorrections","MASSACHUSETTS","Massachusetts Department of Correction","ICE fact-sheet roster","2015-01-06","Jail Enforcement; signed 2007-03-26"
"lasvegasmetropolitanpolicedepartment","NEVADA","Las Vegas Metropolitan Police Department","ICE fact-sheet roster","2015-01-06","Jail Enforcement; signed 2013-06-28"
"hudsoncountydepartmentofcorrections","NEW JERSEY","Hudson County Department of Corrections","ICE fact-sheet roster","2015-01-06","Jail Enforcement; signed 2013-06-28"
"monmouthcountysheriffsoffice","NEW JERSEY","Monmouth County Sheriff's Office","ICE fact-sheet roster","2015-01-06","Jail Enforcement; signed 2014-05-21"
"cabarruscountysheriffsoffice","NORTH CAROLINA","Cabarrus County Sheriff's Office","ICE fact-sheet roster","2015-01-06","Jail Enforcement; signed 2013-06-28"
"gastoncountysheriffsoffice","NORTH CAROLINA","Gaston County Sheriff's Office","ICE fact-sheet roster","2015-01-06","Jail Enforcement; signed 2013-06-28"
"hendersoncountysheriffsoffice","NORTH CAROLINA","Henderson County Sheriff's Office","ICE fact-sheet roster","2015-01-06","Jail Enforcement; signed 2013-06-28"
"mecklenburgcountysheriffsoffice","NORTH CAROLINA","Mecklenburg County Sheriff's Office","ICE fact-sheet roster","2015-01-06","Jail Enforcement; signed 2013-12-30"
"wakecountysheriffsoffice","NORTH CAROLINA","Wake County Sheriff's Office","ICE fact-sheet roster","2015-01-06","Jail Enforcement; signed 2013-06-28"
"butlercountysheriffsoffice","OHIO","Butler County Sheriff's Office","ICE fact-sheet roster","2015-01-06","Jail Enforcement; signed 2013-06-28"
"tulsacountysheriffsoffice","OKLAHOMA","Tulsa County Sheriff's Office","ICE fact-sheet roster","2015-01-06","Jail Enforcement; signed 2013-06-28"
"charlestoncountysheriffsoffice","SOUTH CAROLINA","Charleston County Sheriff's Office","ICE fact-sheet roster","2015-01-06","Jail Enforcement; signed 2013-06-28"
"lexingtoncountysheriffsoffice","SOUTH CAROLINA","Lexington County Sheriff's Office","ICE fact-sheet roster","2015-01-06","Jail Enforcement; signed 2013-07-30"
"yorkcountysheriffsoffice","SOUTH CAROLINA","York County Sheriff's Office","ICE fact-sheet roster","2015-01-06","Jail Enforcement; signed 2013-06-28"
"carrolltonpolicedepartment","TEXAS","Carrollton Police Department","ICE fact-sheet roster","2015-01-06","Jail Enforcement; signed 2013-06-28"
"harriscountysheriffsoffice","TEXAS","Harris County Sheriff's Office","ICE fact-sheet roster","2015-01-06","Jail Enforcement; signed 2013-11-04"
"princewilliammanassasregionaladultdetentioncenter","VIRGINIA","Prince William-Manassas Regional Adult Detention Center","ICE fact-sheet roster","2015-01-06","Jail Enforcement; signed 2013-06-28"
"etowahcountysheriffsoffice","ALABAMA","Etowah County Sheriff's Office","ICE fact-sheet roster","2015-02-13","Jail Enforcement; signed 2013-06-28"
"arizonadepartmentofcorrections","ARIZONA","Arizona Department of Corrections","ICE fact-sheet roster","2015-02-13","Jail Enforcement; signed 2013-09-26"
"mesapolicedepartment","ARIZONA","City of Mesa Police Department","ICE fact-sheet roster","2015-02-13","Jail Enforcement; signed 2013-06-28"
"pinalcountysheriffsoffice","ARIZONA","Pinal County Sheriff's Office","ICE fact-sheet roster","2015-02-13","Jail Enforcement; signed 2013-06-28"
"yavapaicountysheriffsoffice","ARIZONA","Yavapai County Sheriff's Office","ICE fact-sheet roster","2015-02-13","Jail Enforcement; signed 2013-08-15"
"bentoncountysheriffsoffice","ARKANSAS","Benton County Sheriff's Office","ICE fact-sheet roster","2015-02-13","Jail Enforcement; signed 2013-06-28"
"washingtoncountysheriffsoffice","ARKANSAS","Washington County Sheriff's Office","ICE fact-sheet roster","2015-02-13","Jail Enforcement; signed 2013-07-03"
"losangelescountysheriffsoffice","CALIFORNIA","Los Angeles County Sheriff's Office","ICE fact-sheet roster","2015-02-13","Jail Enforcement; signed 2010-10-12"
"orangecountysheriffsoffice","CALIFORNIA","Orange County Sheriff's Office","ICE fact-sheet roster","2015-02-13","Jail Enforcement; signed 2006-11-02"
"elpasocountysheriffsoffice","COLORADO","El Paso County Sheriff's Office","ICE fact-sheet roster","2015-02-13","Jail Enforcement; signed 2013-07-09"
"colliercountysheriffsoffice","FLORIDA","Collier County Sheriff's Office","ICE fact-sheet roster","2015-02-13","Jail Enforcement; signed 2013-06-28"
"jacksonvillesheriffsoffice","FLORIDA","Jacksonville Sheriff's Office","ICE fact-sheet roster","2015-02-13","Jail Enforcement; signed 2013-06-28"
"cobbcountysheriffsoffice","GEORGIA","Cobb County Sheriff's Office","ICE fact-sheet roster","2015-02-13","Jail Enforcement; signed 2013-06-27"
"gwinnettcountysheriffsoffice","GEORGIA","Gwinnett County Sheriff's Office","ICE fact-sheet roster","2015-02-13","Jail Enforcement; signed 2013-06-28"
"hallcountysheriffsoffice","GEORGIA","Hall County Sheriff's Office","ICE fact-sheet roster","2015-02-13","Jail Enforcement; signed 2013-06-28"
"whitfieldcountysheriffsoffice","GEORGIA","Whitfield County Sheriff's Office","ICE fact-sheet roster","2015-02-13","Jail Enforcement; signed 2013-06-27"
"frederickcountysheriffsoffice","MARYLAND","Frederick County Sheriff's Office","ICE fact-sheet roster","2015-02-13","Jail Enforcement; signed 2013-06-28"
"massachusettsdepartmentofcorrections","MASSACHUSETTS","Massachusetts Department of Correction","ICE fact-sheet roster","2015-02-13","Jail Enforcement; signed 2007-03-26"
"lasvegasmetropolitanpolicedepartment","NEVADA","Las Vegas Metropolitan Police Department","ICE fact-sheet roster","2015-02-13","Jail Enforcement; signed 2013-06-28"
"hudsoncountydepartmentofcorrections","NEW JERSEY","Hudson County Department of Corrections","ICE fact-sheet roster","2015-02-13","Jail Enforcement; signed 2013-06-28"
"monmouthcountysheriffsoffice","NEW JERSEY","Monmouth County Sheriff's Office","ICE fact-sheet roster","2015-02-13","Jail Enforcement; signed 2014-05-21"
"cabarruscountysheriffsoffice","NORTH CAROLINA","Cabarrus County Sheriff's Office","ICE fact-sheet roster","2015-02-13","Jail Enforcement; signed 2013-06-28"
"gastoncountysheriffsoffice","NORTH CAROLINA","Gaston County Sheriff's Office","ICE fact-sheet roster","2015-02-13","Jail Enforcement; signed 2013-06-28"
"hendersoncountysheriffsoffice","NORTH CAROLINA","Henderson County Sheriff's Office","ICE fact-sheet roster","2015-02-13","Jail Enforcement; signed 2013-06-28"
"mecklenburgcountysheriffsoffice","NORTH CAROLINA","Mecklenburg County Sheriff's Office","ICE fact-sheet roster","2015-02-13","Jail Enforcement; signed 2013-12-30"
"wakecountysheriffsoffice","NORTH CAROLINA","Wake County Sheriff's Office","ICE fact-sheet roster","2015-02-13","Jail Enforcement; signed 2013-06-28"
"butlercountysheriffsoffice","OHIO","Butler County Sheriff's Office","ICE fact-sheet roster","2015-02-13","Jail Enforcement; signed 2013-06-28"
"tulsacountysheriffsoffice","OKLAHOMA","Tulsa County Sheriff's Office","ICE fact-sheet roster","2015-02-13","Jail Enforcement; signed 2013-06-28"
"charlestoncountysheriffsoffice","SOUTH CAROLINA","Charleston County Sheriff's Office","ICE fact-sheet roster","2015-02-13","Jail Enforcement; signed 2013-06-28"
"lexingtoncountysheriffsoffice","SOUTH CAROLINA","Lexington County Sheriff's Office","ICE fact-sheet roster","2015-02-13","Jail Enforcement; signed 2013-07-30"
"yorkcountysheriffsoffice","SOUTH CAROLINA","York County Sheriff's Office","ICE fact-sheet roster","2015-02-13","Jail Enforcement; signed 2013-06-28"
"carrolltonpolicedepartment","TEXAS","Carrollton Police Department","ICE fact-sheet roster","2015-02-13","Jail Enforcement; signed 2013-06-28"
"harriscountysheriffsoffice","TEXAS","Harris County Sheriff's Office","ICE fact-sheet roster","2015-02-13","Jail Enforcement; signed 2013-11-04"
"princewilliammanassasregionaladultdetentioncenter","VIRGINIA","Prince William-Manassas Regional Adult Detention Center","ICE fact-sheet roster","2015-02-13","Jail Enforcement; signed 2013-06-28"
"etowahcountysheriffsoffice","ALABAMA","Etowah County Sheriff's Office","ICE fact-sheet roster","2015-03-31","Jail Enforcement; signed 2013-06-28"
"arizonadepartmentofcorrections","ARIZONA","Arizona Department of Corrections","ICE fact-sheet roster","2015-03-31","Jail Enforcement; signed 2013-09-26"
"mesapolicedepartment","ARIZONA","City of Mesa Police Department","ICE fact-sheet roster","2015-03-31","Jail Enforcement; signed 2013-06-28"
"pinalcountysheriffsoffice","ARIZONA","Pinal County Sheriff's Office","ICE fact-sheet roster","2015-03-31","Jail Enforcement; signed 2013-06-28"
"yavapaicountysheriffsoffice","ARIZONA","Yavapai County Sheriff's Office","ICE fact-sheet roster","2015-03-31","Jail Enforcement; signed 2013-08-15"
"bentoncountysheriffsoffice","ARKANSAS","Benton County Sheriff's Office","ICE fact-sheet roster","2015-03-31","Jail Enforcement; signed 2013-06-28"
"washingtoncountysheriffsoffice","ARKANSAS","Washington County Sheriff's Office","ICE fact-sheet roster","2015-03-31","Jail Enforcement; signed 2013-07-03"
"losangelescountysheriffsoffice","CALIFORNIA","Los Angeles County Sheriff's Office","ICE fact-sheet roster","2015-03-31","Jail Enforcement; signed 2014-10-07"
"orangecountysheriffsoffice","CALIFORNIA","Orange County Sheriff's Office","ICE fact-sheet roster","2015-03-31","Jail Enforcement; signed 2014-03-11"
"elpasocountysheriffsoffice","COLORADO","El Paso County Sheriff's Office","ICE fact-sheet roster","2015-03-31","Jail Enforcement; signed 2013-07-09"
"colliercountysheriffsoffice","FLORIDA","Collier County Sheriff's Office","ICE fact-sheet roster","2015-03-31","Jail Enforcement; signed 2013-06-28"
"jacksonvillesheriffsoffice","FLORIDA","Jacksonville Sheriff's Office","ICE fact-sheet roster","2015-03-31","Jail Enforcement; signed 2013-06-28"
"cobbcountysheriffsoffice","GEORGIA","Cobb County Sheriff's Office","ICE fact-sheet roster","2015-03-31","Jail Enforcement; signed 2013-06-27"
"gwinnettcountysheriffsoffice","GEORGIA","Gwinnett County Sheriff's Office","ICE fact-sheet roster","2015-03-31","Jail Enforcement; signed 2013-06-28"
"hallcountysheriffsoffice","GEORGIA","Hall County Sheriff's Office","ICE fact-sheet roster","2015-03-31","Jail Enforcement; signed 2013-06-28"
"whitfieldcountysheriffsoffice","GEORGIA","Whitfield County Sheriff's Office","ICE fact-sheet roster","2015-03-31","Jail Enforcement; signed 2013-06-27"
"frederickcountysheriffsoffice","MARYLAND","Frederick County Sheriff's Office","ICE fact-sheet roster","2015-03-31","Jail Enforcement; signed 2013-06-28"
"massachusettsdepartmentofcorrections","MASSACHUSETTS","Massachusetts Department of Corrections","ICE fact-sheet roster","2015-03-31","Jail Enforcement; signed 2014-04-22"
"lasvegasmetropolitanpolicedepartment","NEVADA","Las Vegas Metropolitan Police Department","ICE fact-sheet roster","2015-03-31","Jail Enforcement; signed 2013-06-28"
"hudsoncountydepartmentofcorrections","NEW JERSEY","Hudson County Department of Corrections","ICE fact-sheet roster","2015-03-31","Jail Enforcement; signed 2013-06-28"
"monmouthcountysheriffsoffice","NEW JERSEY","Monmouth County Sheriff's Office","ICE fact-sheet roster","2015-03-31","Jail Enforcement; signed 2014-05-21"
"cabarruscountysheriffsoffice","NORTH CAROLINA","Cabarrus County Sheriff's Office","ICE fact-sheet roster","2015-03-31","Jail Enforcement; signed 2013-06-28"
"gastoncountysheriffsoffice","NORTH CAROLINA","Gaston County Sheriff's Office","ICE fact-sheet roster","2015-03-31","Jail Enforcement; signed 2013-06-28"
"hendersoncountysheriffsoffice","NORTH CAROLINA","Henderson County Sheriff's Office","ICE fact-sheet roster","2015-03-31","Jail Enforcement; signed 2013-06-28"
"mecklenburgcountysheriffsoffice","NORTH CAROLINA","Mecklenburg County Sheriff's Office","ICE fact-sheet roster","2015-03-31","Jail Enforcement; signed 2013-12-30"
"wakecountysheriffsoffice","NORTH CAROLINA","Wake County Sheriff's Office","ICE fact-sheet roster","2015-03-31","Jail Enforcement; signed 2013-06-28"
"butlercountysheriffsoffice","OHIO","Butler County Sheriff's Office","ICE fact-sheet roster","2015-03-31","Jail Enforcement; signed 2013-06-28"
"tulsacountysheriffsoffice","OKLAHOMA","Tulsa County Sheriff's Office","ICE fact-sheet roster","2015-03-31","Jail Enforcement; signed 2013-06-28"
"charlestoncountysheriffsoffice","SOUTH CAROLINA","Charleston County Sheriff's Office","ICE fact-sheet roster","2015-03-31","Jail Enforcement; signed 2013-06-28"
"lexingtoncountysheriffsoffice","SOUTH CAROLINA","Lexington County Sheriff's Office","ICE fact-sheet roster","2015-03-31","Jail Enforcement; signed 2013-07-30"
"yorkcountysheriffsoffice","SOUTH CAROLINA","York County Sheriff's Office","ICE fact-sheet roster","2015-03-31","Jail Enforcement; signed 2013-06-28"
"carrolltonpolicedepartment","TEXAS","Carrollton Police Department","ICE fact-sheet roster","2015-03-31","Jail Enforcement; signed 2013-06-28"
"harriscountysheriffsoffice","TEXAS","Harris County Sheriff's Office","ICE fact-sheet roster","2015-03-31","Jail Enforcement; signed 2013-11-04"
"princewilliammanassasregionaladultdetentioncenter","VIRGINIA","Prince William-Manassas Regional Adult Detention Center","ICE fact-sheet roster","2015-03-31","Jail Enforcement; signed 2013-06-28"
"etowahcountysheriffsoffice","ALABAMA","Etowah County Sheriff's Office","ICE fact-sheet roster","2015-07-25","Jail Enforcement; signed 2013-06-28"
"arizonadepartmentofcorrections","ARIZONA","Arizona Department of Corrections","ICE fact-sheet roster","2015-07-25","Jail Enforcement; signed 2013-09-26"
"mesapolicedepartment","ARIZONA","City of Mesa Police Department","ICE fact-sheet roster","2015-07-25","Jail Enforcement; signed 2013-06-28"
"pinalcountysheriffsoffice","ARIZONA","Pinal County Sheriff's Office","ICE fact-sheet roster","2015-07-25","Jail Enforcement; signed 2013-06-28"
"yavapaicountysheriffsoffice","ARIZONA","Yavapai County Sheriff's Office","ICE fact-sheet roster","2015-07-25","Jail Enforcement; signed 2013-08-15"
"bentoncountysheriffsoffice","ARKANSAS","Benton County Sheriff's Office","ICE fact-sheet roster","2015-07-25","Jail Enforcement; signed 2013-06-28"
"washingtoncountysheriffsoffice","ARKANSAS","Washington County Sheriff's Office","ICE fact-sheet roster","2015-07-25","Jail Enforcement; signed 2013-07-03"
"orangecountysheriffsoffice","CALIFORNIA","Orange County Sheriff's Office","ICE fact-sheet roster","2015-07-25","Jail Enforcement; signed 2014-03-11"
"colliercountysheriffsoffice","FLORIDA","Collier County Sheriff's Office","ICE fact-sheet roster","2015-07-25","Jail Enforcement; signed 2013-06-28"
"jacksonvillesheriffsoffice","FLORIDA","Jacksonville Sheriff's Office","ICE fact-sheet roster","2015-07-25","Jail Enforcement; signed 2013-06-28"
"cobbcountysheriffsoffice","GEORGIA","Cobb County Sheriff's Office","ICE fact-sheet roster","2015-07-25","Jail Enforcement; signed 2013-06-27"
"gwinnettcountysheriffsoffice","GEORGIA","Gwinnett County Sheriff's Office","ICE fact-sheet roster","2015-07-25","Jail Enforcement; signed 2013-06-28"
"hallcountysheriffsoffice","GEORGIA","Hall County Sheriff's Office","ICE fact-sheet roster","2015-07-25","Jail Enforcement; signed 2013-06-28"
"whitfieldcountysheriffsoffice","GEORGIA","Whitfield County Sheriff's Office","ICE fact-sheet roster","2015-07-25","Jail Enforcement; signed 2013-06-27"
"frederickcountysheriffsoffice","MARYLAND","Frederick County Sheriff's Office","ICE fact-sheet roster","2015-07-25","Jail Enforcement; signed 2013-06-28"
"massachusettsdepartmentofcorrections","MASSACHUSETTS","Massachusetts Department of Corrections","ICE fact-sheet roster","2015-07-25","Jail Enforcement; signed 2014-04-22"
"lasvegasmetropolitanpolicedepartment","NEVADA","Las Vegas Metropolitan Police Department","ICE fact-sheet roster","2015-07-25","Jail Enforcement; signed 2013-06-28"
"hudsoncountydepartmentofcorrections","NEW JERSEY","Hudson County Department of Corrections","ICE fact-sheet roster","2015-07-25","Jail Enforcement; signed 2013-06-28"
"monmouthcountysheriffsoffice","NEW JERSEY","Monmouth County Sheriff's Office","ICE fact-sheet roster","2015-07-25","Jail Enforcement; signed 2014-05-21"
"cabarruscountysheriffsoffice","NORTH CAROLINA","Cabarrus County Sheriff's Office","ICE fact-sheet roster","2015-07-25","Jail Enforcement; signed 2013-06-28"
"gastoncountysheriffsoffice","NORTH CAROLINA","Gaston County Sheriff's Office","ICE fact-sheet roster","2015-07-25","Jail Enforcement; signed 2013-06-28"
"hendersoncountysheriffsoffice","NORTH CAROLINA","Henderson County Sheriff's Office","ICE fact-sheet roster","2015-07-25","Jail Enforcement; signed 2013-06-28"
"mecklenburgcountysheriffsoffice","NORTH CAROLINA","Mecklenburg County Sheriff's Office","ICE fact-sheet roster","2015-07-25","Jail Enforcement; signed 2013-12-30"
"wakecountysheriffsoffice","NORTH CAROLINA","Wake County Sheriff's Office","ICE fact-sheet roster","2015-07-25","Jail Enforcement; signed 2013-06-28"
"butlercountysheriffsoffice","OHIO","Butler County Sheriff's Office","ICE fact-sheet roster","2015-07-25","Jail Enforcement; signed 2013-06-28"
"tulsacountysheriffsoffice","OKLAHOMA","Tulsa County Sheriff's Office","ICE fact-sheet roster","2015-07-25","Jail Enforcement; signed 2013-06-28"
"charlestoncountysheriffsoffice","SOUTH CAROLINA","Charleston County Sheriff's Office","ICE fact-sheet roster","2015-07-25","Jail Enforcement; signed 2013-06-28"
"lexingtoncountysheriffsoffice","SOUTH CAROLINA","Lexington County Sheriff's Office","ICE fact-sheet roster","2015-07-25","Jail Enforcement; signed 2013-07-30"
"yorkcountysheriffsoffice","SOUTH CAROLINA","York County Sheriff's Office","ICE fact-sheet roster","2015-07-25","Jail Enforcement; signed 2013-06-28"
"carrolltonpolicedepartment","TEXAS","Carrollton Police Department","ICE fact-sheet roster","2015-07-25","Jail Enforcement; signed 2013-06-28"
"harriscountysheriffsoffice","TEXAS","Harris County Sheriff's Office","ICE fact-sheet roster","2015-07-25","Jail Enforcement; signed 2013-11-04"
"princewilliammanassasregionaladultdetentioncenter","VIRGINIA","Prince William-Manassas Regional Adult Detention Center","ICE fact-sheet roster","2015-07-25","Jail Enforcement; signed 2013-06-28"
"etowahcountysheriffsoffice","ALABAMA","Etowah County Sheriff's Office","ICE fact-sheet roster","2015-10-09","Jail Enforcement; signed 2013-06-28"
"arizonadepartmentofcorrections","ARIZONA","Arizona Department of Corrections","ICE fact-sheet roster","2015-10-09","Jail Enforcement; signed 2013-09-26"
"mesapolicedepartment","ARIZONA","City of Mesa Police Department","ICE fact-sheet roster","2015-10-09","Jail Enforcement; signed 2013-06-28"
"pinalcountysheriffsoffice","ARIZONA","Pinal County Sheriff's Office","ICE fact-sheet roster","2015-10-09","Jail Enforcement; signed 2013-06-28"
"yavapaicountysheriffsoffice","ARIZONA","Yavapai County Sheriff's Office","ICE fact-sheet roster","2015-10-09","Jail Enforcement; signed 2013-08-15"
"bentoncountysheriffsoffice","ARKANSAS","Benton County Sheriff's Office","ICE fact-sheet roster","2015-10-09","Jail Enforcement; signed 2013-06-28"
"washingtoncountysheriffsoffice","ARKANSAS","Washington County Sheriff's Office","ICE fact-sheet roster","2015-10-09","Jail Enforcement; signed 2013-07-03"
"orangecountysheriffsoffice","CALIFORNIA","Orange County Sheriff's Office","ICE fact-sheet roster","2015-10-09","Jail Enforcement; signed 2014-03-11"
"colliercountysheriffsoffice","FLORIDA","Collier County Sheriff's Office","ICE fact-sheet roster","2015-10-09","Jail Enforcement; signed 2013-06-28"
"jacksonvillesheriffsoffice","FLORIDA","Jacksonville Sheriff's Office","ICE fact-sheet roster","2015-10-09","Jail Enforcement; signed 2013-06-28"
"cobbcountysheriffsoffice","GEORGIA","Cobb County Sheriff's Office","ICE fact-sheet roster","2015-10-09","Jail Enforcement; signed 2013-06-27"
"gwinnettcountysheriffsoffice","GEORGIA","Gwinnett County Sheriff's Office","ICE fact-sheet roster","2015-10-09","Jail Enforcement; signed 2013-06-28"
"hallcountysheriffsoffice","GEORGIA","Hall County Sheriff's Office","ICE fact-sheet roster","2015-10-09","Jail Enforcement; signed 2013-06-28"
"whitfieldcountysheriffsoffice","GEORGIA","Whitfield County Sheriff's Office","ICE fact-sheet roster","2015-10-09","Jail Enforcement; signed 2013-06-27"
"frederickcountysheriffsoffice","MARYLAND","Frederick County Sheriff's Office","ICE fact-sheet roster","2015-10-09","Jail Enforcement; signed 2013-06-28"
"massachusettsdepartmentofcorrections","MASSACHUSETTS","Massachusetts Department of Corrections","ICE fact-sheet roster","2015-10-09","Jail Enforcement; signed 2014-04-22"
"lasvegasmetropolitanpolicedepartment","NEVADA","Las Vegas Metropolitan Police Department","ICE fact-sheet roster","2015-10-09","Jail Enforcement; signed 2013-06-28"
"hudsoncountydepartmentofcorrections","NEW JERSEY","Hudson County Department of Corrections","ICE fact-sheet roster","2015-10-09","Jail Enforcement; signed 2013-06-28"
"monmouthcountysheriffsoffice","NEW JERSEY","Monmouth County Sheriff's Office","ICE fact-sheet roster","2015-10-09","Jail Enforcement; signed 2014-05-21"
"cabarruscountysheriffsoffice","NORTH CAROLINA","Cabarrus County Sheriff's Office","ICE fact-sheet roster","2015-10-09","Jail Enforcement; signed 2013-06-28"
"gastoncountysheriffsoffice","NORTH CAROLINA","Gaston County Sheriff's Office","ICE fact-sheet roster","2015-10-09","Jail Enforcement; signed 2013-06-28"
"hendersoncountysheriffsoffice","NORTH CAROLINA","Henderson County Sheriff's Office","ICE fact-sheet roster","2015-10-09","Jail Enforcement; signed 2013-06-28"
"mecklenburgcountysheriffsoffice","NORTH CAROLINA","Mecklenburg County Sheriff's Office","ICE fact-sheet roster","2015-10-09","Jail Enforcement; signed 2013-12-30"
"wakecountysheriffsoffice","NORTH CAROLINA","Wake County Sheriff's Office","ICE fact-sheet roster","2015-10-09","Jail Enforcement; signed 2013-06-28"
"butlercountysheriffsoffice","OHIO","Butler County Sheriff's Office","ICE fact-sheet roster","2015-10-09","Jail Enforcement; signed 2013-06-28"
"tulsacountysheriffsoffice","OKLAHOMA","Tulsa County Sheriff's Office","ICE fact-sheet roster","2015-10-09","Jail Enforcement; signed 2013-06-28"
"charlestoncountysheriffsoffice","SOUTH CAROLINA","Charleston County Sheriff's Office","ICE fact-sheet roster","2015-10-09","Jail Enforcement; signed 2013-06-28"
"lexingtoncountysheriffsoffice","SOUTH CAROLINA","Lexington County Sheriff's Office","ICE fact-sheet roster","2015-10-09","Jail Enforcement; signed 2013-07-30"
"yorkcountysheriffsoffice","SOUTH CAROLINA","York County Sheriff's Office","ICE fact-sheet roster","2015-10-09","Jail Enforcement; signed 2013-06-28"
"carrolltonpolicedepartment","TEXAS","Carrollton Police Department","ICE fact-sheet roster","2015-10-09","Jail Enforcement; signed 2013-06-28"
"harriscountysheriffsoffice","TEXAS","Harris County Sheriff's Office","ICE fact-sheet roster","2015-10-09","Jail Enforcement; signed 2013-11-04"
"princewilliammanassasregionaladultdetentioncenter","VIRGINIA","Prince William-Manassas Regional Adult Detention Center","ICE fact-sheet roster","2015-10-09","Jail Enforcement; signed 2013-06-28"
"etowahcountysheriffsoffice","ALABAMA","Etowah County Sheriff's Office","ICE fact-sheet roster","2015-12-29","Jail Enforcement; signed 2013-06-28"
"arizonadepartmentofcorrections","ARIZONA","Arizona Department of Corrections","ICE fact-sheet roster","2015-12-29","Jail Enforcement; signed 2013-09-26"
"mesapolicedepartment","ARIZONA","City of Mesa Police Department","ICE fact-sheet roster","2015-12-29","Jail Enforcement; signed 2013-06-28"
"pinalcountysheriffsoffice","ARIZONA","Pinal County Sheriff's Office","ICE fact-sheet roster","2015-12-29","Jail Enforcement; signed 2013-06-28"
"yavapaicountysheriffsoffice","ARIZONA","Yavapai County Sheriff's Office","ICE fact-sheet roster","2015-12-29","Jail Enforcement; signed 2013-08-15"
"bentoncountysheriffsoffice","ARKANSAS","Benton County Sheriff's Office","ICE fact-sheet roster","2015-12-29","Jail Enforcement; signed 2013-06-28"
"washingtoncountysheriffsoffice","ARKANSAS","Washington County Sheriff's Office","ICE fact-sheet roster","2015-12-29","Jail Enforcement; signed 2013-07-03"
"orangecountysheriffsoffice","CALIFORNIA","Orange County Sheriff's Office","ICE fact-sheet roster","2015-12-29","Jail Enforcement; signed 2014-03-11"
"colliercountysheriffsoffice","FLORIDA","Collier County Sheriff's Office","ICE fact-sheet roster","2015-12-29","Jail Enforcement; signed 2013-06-28"
"jacksonvillesheriffsoffice","FLORIDA","Jacksonville Sheriff's Office","ICE fact-sheet roster","2015-12-29","Jail Enforcement; signed 2013-06-28"
"cobbcountysheriffsoffice","GEORGIA","Cobb County Sheriff's Office","ICE fact-sheet roster","2015-12-29","Jail Enforcement; signed 2013-06-27"
"gwinnettcountysheriffsoffice","GEORGIA","Gwinnett County Sheriff's Office","ICE fact-sheet roster","2015-12-29","Jail Enforcement; signed 2013-06-28"
"hallcountysheriffsoffice","GEORGIA","Hall County Sheriff's Office","ICE fact-sheet roster","2015-12-29","Jail Enforcement; signed 2013-06-28"
"whitfieldcountysheriffsoffice","GEORGIA","Whitfield County Sheriff's Office","ICE fact-sheet roster","2015-12-29","Jail Enforcement; signed 2013-06-27"
"frederickcountysheriffsoffice","MARYLAND","Frederick County Sheriff's Office","ICE fact-sheet roster","2015-12-29","Jail Enforcement; signed 2013-06-28"
"massachusettsdepartmentofcorrections","MASSACHUSETTS","Massachusetts Department of Corrections","ICE fact-sheet roster","2015-12-29","Jail Enforcement; signed 2014-04-22"
"lasvegasmetropolitanpolicedepartment","NEVADA","Las Vegas Metropolitan Police Department","ICE fact-sheet roster","2015-12-29","Jail Enforcement; signed 2013-06-28"
"hudsoncountydepartmentofcorrections","NEW JERSEY","Hudson County Department of Corrections","ICE fact-sheet roster","2015-12-29","Jail Enforcement; signed 2013-06-28"
"monmouthcountysheriffsoffice","NEW JERSEY","Monmouth County Sheriff's Office","ICE fact-sheet roster","2015-12-29","Jail Enforcement; signed 2014-05-21"
"cabarruscountysheriffsoffice","NORTH CAROLINA","Cabarrus County Sheriff's Office","ICE fact-sheet roster","2015-12-29","Jail Enforcement; signed 2013-06-28"
"gastoncountysheriffsoffice","NORTH CAROLINA","Gaston County Sheriff's Office","ICE fact-sheet roster","2015-12-29","Jail Enforcement; signed 2013-06-28"
"hendersoncountysheriffsoffice","NORTH CAROLINA","Henderson County Sheriff's Office","ICE fact-sheet roster","2015-12-29","Jail Enforcement; signed 2013-06-28"
"mecklenburgcountysheriffsoffice","NORTH CAROLINA","Mecklenburg County Sheriff's Office","ICE fact-sheet roster","2015-12-29","Jail Enforcement; signed 2013-12-30"
"wakecountysheriffsoffice","NORTH CAROLINA","Wake County Sheriff's Office","ICE fact-sheet roster","2015-12-29","Jail Enforcement; signed 2013-06-28"
"butlercountysheriffsoffice","OHIO","Butler County Sheriff's Office","ICE fact-sheet roster","2015-12-29","Jail Enforcement; signed 2013-06-28"
"tulsacountysheriffsoffice","OKLAHOMA","Tulsa County Sheriff's Office","ICE fact-sheet roster","2015-12-29","Jail Enforcement; signed 2013-06-28"
"charlestoncountysheriffsoffice","SOUTH CAROLINA","Charleston County Sheriff's Office","ICE fact-sheet roster","2015-12-29","Jail Enforcement; signed 2013-06-28"
"lexingtoncountysheriffsoffice","SOUTH CAROLINA","Lexington County Sheriff's Office","ICE fact-sheet roster","2015-12-29","Jail Enforcement; signed 2013-07-30"
"yorkcountysheriffsoffice","SOUTH CAROLINA","York County Sheriff's Office","ICE fact-sheet roster","2015-12-29","Jail Enforcement; signed 2013-06-28"
"carrolltonpolicedepartment","TEXAS","Carrollton Police Department","ICE fact-sheet roster","2015-12-29","Jail Enforcement; signed 2013-06-28"
"harriscountysheriffsoffice","TEXAS","Harris County Sheriff's Office","ICE fact-sheet roster","2015-12-29","Jail Enforcement; signed 2013-11-04"
"princewilliammanassasregionaladultdetentioncenter","VIRGINIA","Prince William-Manassas Regional Adult Detention Center","ICE fact-sheet roster","2015-12-29","Jail Enforcement; signed 2013-06-28"
"etowahcountysheriffsoffice","ALABAMA","Etowah County Sheriff's Office","ICE fact-sheet roster","2016-01-19","Jail Enforcement; signed 2013-06-28"
"arizonadepartmentofcorrections","ARIZONA","Arizona Department of Corrections","ICE fact-sheet roster","2016-01-19","Jail Enforcement; signed 2013-09-26"
"mesapolicedepartment","ARIZONA","City of Mesa Police Department","ICE fact-sheet roster","2016-01-19","Jail Enforcement; signed 2013-06-28"
"pinalcountysheriffsoffice","ARIZONA","Pinal County Sheriff's Office","ICE fact-sheet roster","2016-01-19","Jail Enforcement; signed 2013-06-28"
"yavapaicountysheriffsoffice","ARIZONA","Yavapai County Sheriff's Office","ICE fact-sheet roster","2016-01-19","Jail Enforcement; signed 2013-08-15"
"bentoncountysheriffsoffice","ARKANSAS","Benton County Sheriff's Office","ICE fact-sheet roster","2016-01-19","Jail Enforcement; signed 2013-06-28"
"washingtoncountysheriffsoffice","ARKANSAS","Washington County Sheriff's Office","ICE fact-sheet roster","2016-01-19","Jail Enforcement; signed 2013-07-03"
"orangecountysheriffsoffice","CALIFORNIA","Orange County Sheriff's Office","ICE fact-sheet roster","2016-01-19","Jail Enforcement; signed 2014-03-11"
"colliercountysheriffsoffice","FLORIDA","Collier County Sheriff's Office","ICE fact-sheet roster","2016-01-19","Jail Enforcement; signed 2013-06-28"
"jacksonvillesheriffsoffice","FLORIDA","Jacksonville Sheriff's Office","ICE fact-sheet roster","2016-01-19","Jail Enforcement; signed 2013-06-28"
"cobbcountysheriffsoffice","GEORGIA","Cobb County Sheriff's Office","ICE fact-sheet roster","2016-01-19","Jail Enforcement; signed 2013-06-27"
"gwinnettcountysheriffsoffice","GEORGIA","Gwinnett County Sheriff's Office","ICE fact-sheet roster","2016-01-19","Jail Enforcement; signed 2013-06-28"
"hallcountysheriffsoffice","GEORGIA","Hall County Sheriff's Office","ICE fact-sheet roster","2016-01-19","Jail Enforcement; signed 2013-06-28"
"whitfieldcountysheriffsoffice","GEORGIA","Whitfield County Sheriff's Office","ICE fact-sheet roster","2016-01-19","Jail Enforcement; signed 2013-06-27"
"frederickcountysheriffsoffice","MARYLAND","Frederick County Sheriff's Office","ICE fact-sheet roster","2016-01-19","Jail Enforcement; signed 2013-06-28"
"massachusettsdepartmentofcorrections","MASSACHUSETTS","Massachusetts Department of Corrections","ICE fact-sheet roster","2016-01-19","Jail Enforcement; signed 2014-04-22"
"lasvegasmetropolitanpolicedepartment","NEVADA","Las Vegas Metropolitan Police Department","ICE fact-sheet roster","2016-01-19","Jail Enforcement; signed 2013-06-28"
"hudsoncountydepartmentofcorrections","NEW JERSEY","Hudson County Department of Corrections","ICE fact-sheet roster","2016-01-19","Jail Enforcement; signed 2013-06-28"
"monmouthcountysheriffsoffice","NEW JERSEY","Monmouth County Sheriff's Office","ICE fact-sheet roster","2016-01-19","Jail Enforcement; signed 2014-05-21"
"cabarruscountysheriffsoffice","NORTH CAROLINA","Cabarrus County Sheriff's Office","ICE fact-sheet roster","2016-01-19","Jail Enforcement; signed 2013-06-28"
"gastoncountysheriffsoffice","NORTH CAROLINA","Gaston County Sheriff's Office","ICE fact-sheet roster","2016-01-19","Jail Enforcement; signed 2013-06-28"
"hendersoncountysheriffsoffice","NORTH CAROLINA","Henderson County Sheriff's Office","ICE fact-sheet roster","2016-01-19","Jail Enforcement; signed 2013-06-28"
"mecklenburgcountysheriffsoffice","NORTH CAROLINA","Mecklenburg County Sheriff's Office","ICE fact-sheet roster","2016-01-19","Jail Enforcement; signed 2013-12-30"
"wakecountysheriffsoffice","NORTH CAROLINA","Wake County Sheriff's Office","ICE fact-sheet roster","2016-01-19","Jail Enforcement; signed 2013-06-28"
"butlercountysheriffsoffice","OHIO","Butler County Sheriff's Office","ICE fact-sheet roster","2016-01-19","Jail Enforcement; signed 2013-06-28"
"tulsacountysheriffsoffice","OKLAHOMA","Tulsa County Sheriff's Office","ICE fact-sheet roster","2016-01-19","Jail Enforcement; signed 2013-06-28"
"charlestoncountysheriffsoffice","SOUTH CAROLINA","Charleston County Sheriff's Office","ICE fact-sheet roster","2016-01-19","Jail Enforcement; signed 2013-06-28"
"lexingtoncountysheriffsoffice","SOUTH CAROLINA","Lexington County Sheriff's Office","ICE fact-sheet roster","2016-01-19","Jail Enforcement; signed 2013-07-30"
"yorkcountysheriffsoffice","SOUTH CAROLINA","York County Sheriff's Office","ICE fact-sheet roster","2016-01-19","Jail Enforcement; signed 2013-06-28"
"carrolltonpolicedepartment","TEXAS","Carrollton Police Department","ICE fact-sheet roster","2016-01-19","Jail Enforcement; signed 2013-06-28"
"harriscountysheriffsoffice","TEXAS","Harris County Sheriff's Office","ICE fact-sheet roster","2016-01-19","Jail Enforcement; signed 2013-11-04"
"princewilliammanassasregionaladultdetentioncenter","VIRGINIA","Prince William-Manassas Regional Adult Detention Center","ICE fact-sheet roster","2016-01-19","Jail Enforcement; signed 2013-06-28"
"etowahcountysheriffsoffice","ALABAMA","Etowah County Sheriff's Office","ICE fact-sheet roster","2016-03-17","Jail Enforcement; signed 2013-06-28"
"arizonadepartmentofcorrections","ARIZONA","Arizona Department of Corrections","ICE fact-sheet roster","2016-03-17","Jail Enforcement; signed 2013-09-26"
"mesapolicedepartment","ARIZONA","City of Mesa Police Department","ICE fact-sheet roster","2016-03-17","Jail Enforcement; signed 2013-06-28"
"pinalcountysheriffsoffice","ARIZONA","Pinal County Sheriff's Office","ICE fact-sheet roster","2016-03-17","Jail Enforcement; signed 2013-06-28"
"yavapaicountysheriffsoffice","ARIZONA","Yavapai County Sheriff's Office","ICE fact-sheet roster","2016-03-17","Jail Enforcement; signed 2013-08-15"
"bentoncountysheriffsoffice","ARKANSAS","Benton County Sheriff's Office","ICE fact-sheet roster","2016-03-17","Jail Enforcement; signed 2013-06-28"
"washingtoncountysheriffsoffice","ARKANSAS","Washington County Sheriff's Office","ICE fact-sheet roster","2016-03-17","Jail Enforcement; signed 2013-07-03"
"orangecountysheriffsoffice","CALIFORNIA","Orange County Sheriff's Office","ICE fact-sheet roster","2016-03-17","Jail Enforcement; signed 2014-03-11"
"colliercountysheriffsoffice","FLORIDA","Collier County Sheriff's Office","ICE fact-sheet roster","2016-03-17","Jail Enforcement; signed 2013-06-28"
"jacksonvillesheriffsoffice","FLORIDA","Jacksonville Sheriff's Office","ICE fact-sheet roster","2016-03-17","Jail Enforcement; signed 2013-06-28"
"cobbcountysheriffsoffice","GEORGIA","Cobb County Sheriff's Office","ICE fact-sheet roster","2016-03-17","Jail Enforcement; signed 2013-06-27"
"gwinnettcountysheriffsoffice","GEORGIA","Gwinnett County Sheriff's Office","ICE fact-sheet roster","2016-03-17","Jail Enforcement; signed 2013-06-28"
"hallcountysheriffsoffice","GEORGIA","Hall County Sheriff's Office","ICE fact-sheet roster","2016-03-17","Jail Enforcement; signed 2013-06-28"
"whitfieldcountysheriffsoffice","GEORGIA","Whitfield County Sheriff's Office","ICE fact-sheet roster","2016-03-17","Jail Enforcement; signed 2013-06-27"
"frederickcountysheriffsoffice","MARYLAND","Frederick County Sheriff's Office","ICE fact-sheet roster","2016-03-17","Jail Enforcement; signed 2013-06-28"
"massachusettsdepartmentofcorrections","MASSACHUSETTS","Massachusetts Department of Corrections","ICE fact-sheet roster","2016-03-17","Jail Enforcement; signed 2014-04-22"
"lasvegasmetropolitanpolicedepartment","NEVADA","Las Vegas Metropolitan Police Department","ICE fact-sheet roster","2016-03-17","Jail Enforcement; signed 2013-06-28"
"hudsoncountydepartmentofcorrections","NEW JERSEY","Hudson County Department of Corrections","ICE fact-sheet roster","2016-03-17","Jail Enforcement; signed 2013-06-28"
"monmouthcountysheriffsoffice","NEW JERSEY","Monmouth County Sheriff's Office","ICE fact-sheet roster","2016-03-17","Jail Enforcement; signed 2014-05-21"
"cabarruscountysheriffsoffice","NORTH CAROLINA","Cabarrus County Sheriff's Office","ICE fact-sheet roster","2016-03-17","Jail Enforcement; signed 2013-06-28"
"gastoncountysheriffsoffice","NORTH CAROLINA","Gaston County Sheriff's Office","ICE fact-sheet roster","2016-03-17","Jail Enforcement; signed 2013-06-28"
"hendersoncountysheriffsoffice","NORTH CAROLINA","Henderson County Sheriff's Office","ICE fact-sheet roster","2016-03-17","Jail Enforcement; signed 2013-06-28"
"mecklenburgcountysheriffsoffice","NORTH CAROLINA","Mecklenburg County Sheriff's Office","ICE fact-sheet roster","2016-03-17","Jail Enforcement; signed 2013-12-30"
"wakecountysheriffsoffice","NORTH CAROLINA","Wake County Sheriff's Office","ICE fact-sheet roster","2016-03-17","Jail Enforcement; signed 2013-06-28"
"butlercountysheriffsoffice","OHIO","Butler County Sheriff's Office","ICE fact-sheet roster","2016-03-17","Jail Enforcement; signed 2013-06-28"
"tulsacountysheriffsoffice","OKLAHOMA","Tulsa County Sheriff's Office","ICE fact-sheet roster","2016-03-17","Jail Enforcement; signed 2013-06-28"
"charlestoncountysheriffsoffice","SOUTH CAROLINA","Charleston County Sheriff's Office","ICE fact-sheet roster","2016-03-17","Jail Enforcement; signed 2013-06-28"
"lexingtoncountysheriffsoffice","SOUTH CAROLINA","Lexington County Sheriff's Office","ICE fact-sheet roster","2016-03-17","Jail Enforcement; signed 2013-07-30"
"yorkcountysheriffsoffice","SOUTH CAROLINA","York County Sheriff's Office","ICE fact-sheet roster","2016-03-17","Jail Enforcement; signed 2013-06-28"
"carrolltonpolicedepartment","TEXAS","Carrollton Police Department","ICE fact-sheet roster","2016-03-17","Jail Enforcement; signed 2013-06-28"
"harriscountysheriffsoffice","TEXAS","Harris County Sheriff's Office","ICE fact-sheet roster","2016-03-17","Jail Enforcement; signed 2013-11-04"
"princewilliammanassasregionaladultdetentioncenter","VIRGINIA","Prince William-Manassas Regional Adult Detention Center","ICE fact-sheet roster","2016-03-17","Jail Enforcement; signed 2013-06-28"
"etowahcountysheriffsoffice","ALABAMA","Etowah County Sheriff's Office","ICE fact-sheet roster","2016-06-11","Jail Enforcement; signed 2013-06-28"
"arizonadepartmentofcorrections","ARIZONA","Arizona Department of Corrections","ICE fact-sheet roster","2016-06-11","Jail Enforcement; signed 2013-09-26"
"mesapolicedepartment","ARIZONA","City of Mesa Police Department","ICE fact-sheet roster","2016-06-11","Jail Enforcement; signed 2013-06-28"
"pinalcountysheriffsoffice","ARIZONA","Pinal County Sheriff's Office","ICE fact-sheet roster","2016-06-11","Jail Enforcement; signed 2013-06-28"
"yavapaicountysheriffsoffice","ARIZONA","Yavapai County Sheriff's Office","ICE fact-sheet roster","2016-06-11","Jail Enforcement; signed 2013-08-15"
"bentoncountysheriffsoffice","ARKANSAS","Benton County Sheriff's Office","ICE fact-sheet roster","2016-06-11","Jail Enforcement; signed 2013-06-28"
"washingtoncountysheriffsoffice","ARKANSAS","Washington County Sheriff's Office","ICE fact-sheet roster","2016-06-11","Jail Enforcement; signed 2013-07-03"
"orangecountysheriffsoffice","CALIFORNIA","Orange County Sheriff's Office","ICE fact-sheet roster","2016-06-11","Jail Enforcement; signed 2014-03-11"
"colliercountysheriffsoffice","FLORIDA","Collier County Sheriff's Office","ICE fact-sheet roster","2016-06-11","Jail Enforcement; signed 2013-06-28"
"jacksonvillesheriffsoffice","FLORIDA","Jacksonville Sheriff's Office","ICE fact-sheet roster","2016-06-11","Jail Enforcement; signed 2013-06-28"
"cobbcountysheriffsoffice","GEORGIA","Cobb County Sheriff's Office","ICE fact-sheet roster","2016-06-11","Jail Enforcement; signed 2013-06-27"
"gwinnettcountysheriffsoffice","GEORGIA","Gwinnett County Sheriff's Office","ICE fact-sheet roster","2016-06-11","Jail Enforcement; signed 2013-06-28"
"hallcountysheriffsoffice","GEORGIA","Hall County Sheriff's Office","ICE fact-sheet roster","2016-06-11","Jail Enforcement; signed 2013-06-28"
"whitfieldcountysheriffsoffice","GEORGIA","Whitfield County Sheriff's Office","ICE fact-sheet roster","2016-06-11","Jail Enforcement; signed 2013-06-27"
"frederickcountysheriffsoffice","MARYLAND","Frederick County Sheriff's Office","ICE fact-sheet roster","2016-06-11","Jail Enforcement; signed 2013-06-28"
"massachusettsdepartmentofcorrections","MASSACHUSETTS","Massachusetts Department of Corrections","ICE fact-sheet roster","2016-06-11","Jail Enforcement; signed 2014-04-22"
"lasvegasmetropolitanpolicedepartment","NEVADA","Las Vegas Metropolitan Police Department","ICE fact-sheet roster","2016-06-11","Jail Enforcement; signed 2013-06-28"
"hudsoncountydepartmentofcorrections","NEW JERSEY","Hudson County Department of Corrections","ICE fact-sheet roster","2016-06-11","Jail Enforcement; signed 2013-06-28"
"monmouthcountysheriffsoffice","NEW JERSEY","Monmouth County Sheriff's Office","ICE fact-sheet roster","2016-06-11","Jail Enforcement; signed 2014-05-21"
"cabarruscountysheriffsoffice","NORTH CAROLINA","Cabarrus County Sheriff's Office","ICE fact-sheet roster","2016-06-11","Jail Enforcement; signed 2013-06-28"
"gastoncountysheriffsoffice","NORTH CAROLINA","Gaston County Sheriff's Office","ICE fact-sheet roster","2016-06-11","Jail Enforcement; signed 2013-06-28"
"hendersoncountysheriffsoffice","NORTH CAROLINA","Henderson County Sheriff's Office","ICE fact-sheet roster","2016-06-11","Jail Enforcement; signed 2013-06-28"
"mecklenburgcountysheriffsoffice","NORTH CAROLINA","Mecklenburg County Sheriff's Office","ICE fact-sheet roster","2016-06-11","Jail Enforcement; signed 2013-12-30"
"wakecountysheriffsoffice","NORTH CAROLINA","Wake County Sheriff's Office","ICE fact-sheet roster","2016-06-11","Jail Enforcement; signed 2013-06-28"
"butlercountysheriffsoffice","OHIO","Butler County Sheriff's Office","ICE fact-sheet roster","2016-06-11","Jail Enforcement; signed 2013-06-28"
"tulsacountysheriffsoffice","OKLAHOMA","Tulsa County Sheriff's Office","ICE fact-sheet roster","2016-06-11","Jail Enforcement; signed 2013-06-28"
"charlestoncountysheriffsoffice","SOUTH CAROLINA","Charleston County Sheriff's Office","ICE fact-sheet roster","2016-06-11","Jail Enforcement; signed 2013-06-28"
"lexingtoncountysheriffsoffice","SOUTH CAROLINA","Lexington County Sheriff's Office","ICE fact-sheet roster","2016-06-11","Jail Enforcement; signed 2013-07-30"
"yorkcountysheriffsoffice","SOUTH CAROLINA","York County Sheriff's Office","ICE fact-sheet roster","2016-06-11","Jail Enforcement; signed 2013-06-28"
"carrolltonpolicedepartment","TEXAS","Carrollton Police Department","ICE fact-sheet roster","2016-06-11","Jail Enforcement; signed 2013-06-28"
"harriscountysheriffsoffice","TEXAS","Harris County Sheriff's Office","ICE fact-sheet roster","2016-06-11","Jail Enforcement; signed 2013-11-04"
"princewilliammanassasregionaladultdetentioncenter","VIRGINIA","Prince William-Manassas Regional Adult Detention Center","ICE fact-sheet roster","2016-06-11","Jail Enforcement; signed 2013-06-28"
"etowahcountysheriffsoffice","ALABAMA","Etowah County Sheriff's Office","ICE fact-sheet roster","2016-08-20","Jail Enforcement; signed 2016-06-08"
"arizonadepartmentofcorrections","ARIZONA","Arizona Department of Corrections","ICE fact-sheet roster","2016-08-20","Jail Enforcement; signed 2016-06-08"
"mesapolicedepartment","ARIZONA","City of Mesa Police Department","ICE fact-sheet roster","2016-08-20","Jail Enforcement; signed 2016-06-23"
"pinalcountysheriffsoffice","ARIZONA","Pinal County Sheriff's Office","ICE fact-sheet roster","2016-08-20","Jail Enforcement; signed 2016-06-13"
"yavapaicountysheriffsoffice","ARIZONA","Yavapai County Sheriff's Office","ICE fact-sheet roster","2016-08-20","Jail Enforcement; signed 2016-06-08"
"bentoncountysheriffsoffice","ARKANSAS","Benton County Sheriff's Office","ICE fact-sheet roster","2016-08-20","Jail Enforcement; signed 2016-06-13"
"washingtoncountysheriffsoffice","ARKANSAS","Washington County Sheriff's Office","ICE fact-sheet roster","2016-08-20","Jail Enforcement; signed 2016-06-23"
"orangecountysheriffsoffice","CALIFORNIA","Orange County Sheriff's Office","ICE fact-sheet roster","2016-08-20","Jail Enforcement; signed 2016-06-23"
"colliercountysheriffsoffice","FLORIDA","Collier County Sheriff's Office","ICE fact-sheet roster","2016-08-20","Jail Enforcement; signed 2016-06-13"
"jacksonvillesheriffsoffice","FLORIDA","Jacksonville Sheriff's Office","ICE fact-sheet roster","2016-08-20","Jail Enforcement; signed 2016-06-30"
"cobbcountysheriffsoffice","GEORGIA","Cobb County Sheriff's Office","ICE fact-sheet roster","2016-08-20","Jail Enforcement; signed 2016-06-30"
"gwinnettcountysheriffsoffice","GEORGIA","Gwinnett County Sheriff's Office","ICE fact-sheet roster","2016-08-20","Jail Enforcement; signed 2016-06-30"
"hallcountysheriffsoffice","GEORGIA","Hall County Sheriff's Office","ICE fact-sheet roster","2016-08-20","Jail Enforcement; signed 2016-06-23"
"whitfieldcountysheriffsoffice","GEORGIA","Whitfield County Sheriff's Office","ICE fact-sheet roster","2016-08-20","Jail Enforcement; signed 2016-06-08"
"frederickcountysheriffsoffice","MARYLAND","Frederick County Sheriff's Office","ICE fact-sheet roster","2016-08-20","Jail Enforcement; signed 2013-06-28"
"massachusettsdepartmentofcorrections","MASSACHUSETTS","Massachusetts Department of Corrections","ICE fact-sheet roster","2016-08-20","Jail Enforcement; signed 2016-06-23"
"lasvegasmetropolitanpolicedepartment","NEVADA","Las Vegas Metropolitan Police Department","ICE fact-sheet roster","2016-08-20","Jail Enforcement; signed 2016-06-28"
"hudsoncountydepartmentofcorrections","NEW JERSEY","Hudson County Department of Corrections","ICE fact-sheet roster","2016-08-20","Jail Enforcement; signed 2013-06-28"
"monmouthcountysheriffsoffice","NEW JERSEY","Monmouth County Sheriff's Office","ICE fact-sheet roster","2016-08-20","Jail Enforcement; signed 2016-06-08"
"cabarruscountysheriffsoffice","NORTH CAROLINA","Cabarrus County Sheriff's Office","ICE fact-sheet roster","2016-08-20","Jail Enforcement; signed 2016-06-28"
"gastoncountysheriffsoffice","NORTH CAROLINA","Gaston County Sheriff's Office","ICE fact-sheet roster","2016-08-20","Jail Enforcement; signed 2016-06-30"
"hendersoncountysheriffsoffice","NORTH CAROLINA","Henderson County Sheriff's Office","ICE fact-sheet roster","2016-08-20","Jail Enforcement; signed 2013-06-28"
"mecklenburgcountysheriffsoffice","NORTH CAROLINA","Mecklenburg County Sheriff's Office","ICE fact-sheet roster","2016-08-20","Jail Enforcement; signed 2013-12-30"
"wakecountysheriffsoffice","NORTH CAROLINA","Wake County Sheriff's Office","ICE fact-sheet roster","2016-08-20","Jail Enforcement; signed 2016-06-08"
"butlercountysheriffsoffice","OHIO","Butler County Sheriff's Office","ICE fact-sheet roster","2016-08-20","Jail Enforcement; signed 2013-06-28"
"tulsacountysheriffsoffice","OKLAHOMA","Tulsa County Sheriff's Office","ICE fact-sheet roster","2016-08-20","Jail Enforcement; signed 2016-06-23"
"charlestoncountysheriffsoffice","SOUTH CAROLINA","Charleston County Sheriff's Office","ICE fact-sheet roster","2016-08-20","Jail Enforcement; signed 2016-06-23"
"lexingtoncountysheriffsoffice","SOUTH CAROLINA","Lexington County Sheriff's Office","ICE fact-sheet roster","2016-08-20","Jail Enforcement; signed 2013-07-30"
"yorkcountysheriffsoffice","SOUTH CAROLINA","York County Sheriff's Office","ICE fact-sheet roster","2016-08-20","Jail Enforcement; signed 2016-06-28"
"carrolltonpolicedepartment","TEXAS","Carrollton Police Department","ICE fact-sheet roster","2016-08-20","Jail Enforcement; signed 2016-06-13"
"harriscountysheriffsoffice","TEXAS","Harris County Sheriff's Office","ICE fact-sheet roster","2016-08-20","Jail Enforcement; signed 2016-06-28"
"princewilliammanassasregionaladultdetentioncenter","VIRGINIA","Prince William-Manassas Regional Adult Detention Center","ICE fact-sheet roster","2016-08-20","Jail Enforcement; signed 2016-06-23"
"etowahcountysheriffsoffice","ALABAMA","Etowah County Sheriff's Office","ICE fact-sheet roster","2016-11-21","Jail Enforcement; signed 2016-06-08"
"arizonadepartmentofcorrections","ARIZONA","Arizona Department of Corrections","ICE fact-sheet roster","2016-11-21","Jail Enforcement; signed 2016-06-08"
"mesapolicedepartment","ARIZONA","City of Mesa Police Department","ICE fact-sheet roster","2016-11-21","Jail Enforcement; signed 2016-06-23"
"pinalcountysheriffsoffice","ARIZONA","Pinal County Sheriff's Office","ICE fact-sheet roster","2016-11-21","Jail Enforcement; signed 2016-06-13"
"yavapaicountysheriffsoffice","ARIZONA","Yavapai County Sheriff's Office","ICE fact-sheet roster","2016-11-21","Jail Enforcement; signed 2016-06-08"
"bentoncountysheriffsoffice","ARKANSAS","Benton County Sheriff's Office","ICE fact-sheet roster","2016-11-21","Jail Enforcement; signed 2016-06-13"
"washingtoncountysheriffsoffice","ARKANSAS","Washington County Sheriff's Office","ICE fact-sheet roster","2016-11-21","Jail Enforcement; signed 2016-06-23"
"orangecountysheriffsoffice","CALIFORNIA","Orange County Sheriff's Office","ICE fact-sheet roster","2016-11-21","Jail Enforcement; signed 2016-06-23"
"colliercountysheriffsoffice","FLORIDA","Collier County Sheriff's Office","ICE fact-sheet roster","2016-11-21","Jail Enforcement; signed 2016-06-13"
"jacksonvillesheriffsoffice","FLORIDA","Jacksonville Sheriff's Office","ICE fact-sheet roster","2016-11-21","Jail Enforcement; signed 2016-06-30"
"cobbcountysheriffsoffice","GEORGIA","Cobb County Sheriff's Office","ICE fact-sheet roster","2016-11-21","Jail Enforcement; signed 2016-06-30"
"gwinnettcountysheriffsoffice","GEORGIA","Gwinnett County Sheriff's Office","ICE fact-sheet roster","2016-11-21","Jail Enforcement; signed 2016-06-30"
"hallcountysheriffsoffice","GEORGIA","Hall County Sheriff's Office","ICE fact-sheet roster","2016-11-21","Jail Enforcement; signed 2016-06-23"
"whitfieldcountysheriffsoffice","GEORGIA","Whitfield County Sheriff's Office","ICE fact-sheet roster","2016-11-21","Jail Enforcement; signed 2016-06-08"
"frederickcountysheriffsoffice","MARYLAND","Frederick County Sheriff's Office","ICE fact-sheet roster","2016-11-21","Jail Enforcement; signed 2013-06-28"
"massachusettsdepartmentofcorrections","MASSACHUSETTS","Massachusetts Department of Corrections","ICE fact-sheet roster","2016-11-21","Jail Enforcement; signed 2016-06-23"
"lasvegasmetropolitanpolicedepartment","NEVADA","Las Vegas Metropolitan Police Department","ICE fact-sheet roster","2016-11-21","Jail Enforcement; signed 2016-06-28"
"hudsoncountydepartmentofcorrections","NEW JERSEY","Hudson County Department of Corrections","ICE fact-sheet roster","2016-11-21","Jail Enforcement; signed 2013-06-28"
"monmouthcountysheriffsoffice","NEW JERSEY","Monmouth County Sheriff's Office","ICE fact-sheet roster","2016-11-21","Jail Enforcement; signed 2016-06-08"
"cabarruscountysheriffsoffice","NORTH CAROLINA","Cabarrus County Sheriff's Office","ICE fact-sheet roster","2016-11-21","Jail Enforcement; signed 2016-06-28"
"gastoncountysheriffsoffice","NORTH CAROLINA","Gaston County Sheriff's Office","ICE fact-sheet roster","2016-11-21","Jail Enforcement; signed 2016-06-30"
"hendersoncountysheriffsoffice","NORTH CAROLINA","Henderson County Sheriff's Office","ICE fact-sheet roster","2016-11-21","Jail Enforcement; signed 2013-06-28"
"mecklenburgcountysheriffsoffice","NORTH CAROLINA","Mecklenburg County Sheriff's Office","ICE fact-sheet roster","2016-11-21","Jail Enforcement; signed 2013-12-30"
"wakecountysheriffsoffice","NORTH CAROLINA","Wake County Sheriff's Office","ICE fact-sheet roster","2016-11-21","Jail Enforcement; signed 2016-06-08"
"butlercountysheriffsoffice","OHIO","Butler County Sheriff's Office","ICE fact-sheet roster","2016-11-21","Jail Enforcement; signed 2016-09-30"
"tulsacountysheriffsoffice","OKLAHOMA","Tulsa County Sheriff's Office","ICE fact-sheet roster","2016-11-21","Jail Enforcement; signed 2016-06-23"
"charlestoncountysheriffsoffice","SOUTH CAROLINA","Charleston County Sheriff's Office","ICE fact-sheet roster","2016-11-21","Jail Enforcement; signed 2016-06-23"
"lexingtoncountysheriffsoffice","SOUTH CAROLINA","Lexington County Sheriff's Office","ICE fact-sheet roster","2016-11-21","Jail Enforcement; signed 2013-07-30"
"yorkcountysheriffsoffice","SOUTH CAROLINA","York County Sheriff's Office","ICE fact-sheet roster","2016-11-21","Jail Enforcement; signed 2016-06-28"
"carrolltonpolicedepartment","TEXAS","Carrollton Police Department","ICE fact-sheet roster","2016-11-21","Jail Enforcement; signed 2016-06-13"
"harriscountysheriffsoffice","TEXAS","Harris County Sheriff's Office","ICE fact-sheet roster","2016-11-21","Jail Enforcement; signed 2016-06-28"
"princewilliammanassasregionaladultdetentioncenter","VIRGINIA","Prince William-Manassas Regional Adult Detention Center","ICE fact-sheet roster","2016-11-21","Jail Enforcement; signed 2016-06-23"
"etowahcountysheriffsoffice","ALABAMA","Etowah County Sheriff's Office","ICE fact-sheet roster","2016-12-11","Jail Enforcement; signed 2016-06-08"
"arizonadepartmentofcorrections","ARIZONA","Arizona Department of Corrections","ICE fact-sheet roster","2016-12-11","Jail Enforcement; signed 2016-06-08"
"mesapolicedepartment","ARIZONA","City of Mesa Police Department","ICE fact-sheet roster","2016-12-11","Jail Enforcement; signed 2016-06-23"
"pinalcountysheriffsoffice","ARIZONA","Pinal County Sheriff's Office","ICE fact-sheet roster","2016-12-11","Jail Enforcement; signed 2016-06-13"
"yavapaicountysheriffsoffice","ARIZONA","Yavapai County Sheriff's Office","ICE fact-sheet roster","2016-12-11","Jail Enforcement; signed 2016-06-08"
"bentoncountysheriffsoffice","ARKANSAS","Benton County Sheriff's Office","ICE fact-sheet roster","2016-12-11","Jail Enforcement; signed 2016-06-13"
"washingtoncountysheriffsoffice","ARKANSAS","Washington County Sheriff's Office","ICE fact-sheet roster","2016-12-11","Jail Enforcement; signed 2016-06-23"
"orangecountysheriffsoffice","CALIFORNIA","Orange County Sheriff's Office","ICE fact-sheet roster","2016-12-11","Jail Enforcement; signed 2016-06-23"
"colliercountysheriffsoffice","FLORIDA","Collier County Sheriff's Office","ICE fact-sheet roster","2016-12-11","Jail Enforcement; signed 2016-06-13"
"jacksonvillesheriffsoffice","FLORIDA","Jacksonville Sheriff's Office","ICE fact-sheet roster","2016-12-11","Jail Enforcement; signed 2016-06-30"
"cobbcountysheriffsoffice","GEORGIA","Cobb County Sheriff's Office","ICE fact-sheet roster","2016-12-11","Jail Enforcement; signed 2016-06-30"
"gwinnettcountysheriffsoffice","GEORGIA","Gwinnett County Sheriff's Office","ICE fact-sheet roster","2016-12-11","Jail Enforcement; signed 2016-06-30"
"hallcountysheriffsoffice","GEORGIA","Hall County Sheriff's Office","ICE fact-sheet roster","2016-12-11","Jail Enforcement; signed 2016-06-23"
"whitfieldcountysheriffsoffice","GEORGIA","Whitfield County Sheriff's Office","ICE fact-sheet roster","2016-12-11","Jail Enforcement; signed 2016-06-08"
"frederickcountysheriffsoffice","MARYLAND","Frederick County Sheriff's Office","ICE fact-sheet roster","2016-12-11","Jail Enforcement; signed 2013-06-28"
"hartfordcountysheriffsoffice","MARYLAND","Hartford County Sheriff's Office","ICE fact-sheet roster","2016-12-11","Jail Enforcement; signed 2016-10-26"
"massachusettsdepartmentofcorrections","MASSACHUSETTS","Massachusetts Department of Corrections","ICE fact-sheet roster","2016-12-11","Jail Enforcement; signed 2016-06-23"
"lasvegasmetropolitanpolicedepartment","NEVADA","Las Vegas Metropolitan Police Department","ICE fact-sheet roster","2016-12-11","Jail Enforcement; signed 2016-06-28"
"hudsoncountydepartmentofcorrections","NEW JERSEY","Hudson County Department of Corrections","ICE fact-sheet roster","2016-12-11","Jail Enforcement; signed 2016-07-22"
"monmouthcountysheriffsoffice","NEW JERSEY","Monmouth County Sheriff's Office","ICE fact-sheet roster","2016-12-11","Jail Enforcement; signed 2016-06-08"
"cabarruscountysheriffsoffice","NORTH CAROLINA","Cabarrus County Sheriff's Office","ICE fact-sheet roster","2016-12-11","Jail Enforcement; signed 2016-06-28"
"gastoncountysheriffsoffice","NORTH CAROLINA","Gaston County Sheriff's Office","ICE fact-sheet roster","2016-12-11","Jail Enforcement; signed 2016-06-30"
"hendersoncountysheriffsoffice","NORTH CAROLINA","Henderson County Sheriff's Office","ICE fact-sheet roster","2016-12-11","Jail Enforcement; signed 2013-06-28"
"mecklenburgcountysheriffsoffice","NORTH CAROLINA","Mecklenburg County Sheriff's Office","ICE fact-sheet roster","2016-12-11","Jail Enforcement; signed 2013-12-30"
"wakecountysheriffsoffice","NORTH CAROLINA","Wake County Sheriff's Office","ICE fact-sheet roster","2016-12-11","Jail Enforcement; signed 2016-06-08"
"butlercountysheriffsoffice","OHIO","Butler County Sheriff's Office","ICE fact-sheet roster","2016-12-11","Jail Enforcement; signed 2016-09-30"
"tulsacountysheriffsoffice","OKLAHOMA","Tulsa County Sheriff's Office","ICE fact-sheet roster","2016-12-11","Jail Enforcement; signed 2016-06-23"
"charlestoncountysheriffsoffice","SOUTH CAROLINA","Charleston County Sheriff's Office","ICE fact-sheet roster","2016-12-11","Jail Enforcement; signed 2016-06-23"
"lexingtoncountysheriffsoffice","SOUTH CAROLINA","Lexington County Sheriff's Office","ICE fact-sheet roster","2016-12-11","Jail Enforcement; signed 2016-11-04"
"yorkcountysheriffsoffice","SOUTH CAROLINA","York County Sheriff's Office","ICE fact-sheet roster","2016-12-11","Jail Enforcement; signed 2016-06-28"
"carrolltonpolicedepartment","TEXAS","Carrollton Police Department","ICE fact-sheet roster","2016-12-11","Jail Enforcement; signed 2016-06-13"
"harriscountysheriffsoffice","TEXAS","Harris County Sheriff's Office","ICE fact-sheet roster","2016-12-11","Jail Enforcement; signed 2016-06-28"
"lubbockcountysheriffsoffice","TEXAS","Lubbock County Sheriff's Office","ICE fact-sheet roster","2016-12-11","Jail Enforcement; signed 2016-11-16"
"princewilliammanassasregionaladultdetentioncenter","VIRGINIA","Prince William-Manassas Regional Adult Detention Center","ICE fact-sheet roster","2016-12-11","Jail Enforcement; signed 2016-06-23"
"etowahcountysheriffsoffice","ALABAMA","Etowah County Sheriff's Office","ICE fact-sheet roster","2017-01-29","Jail Enforcement; signed 2016-06-08"
"arizonadepartmentofcorrections","ARIZONA","Arizona Department of Corrections","ICE fact-sheet roster","2017-01-29","Jail Enforcement; signed 2016-06-08"
"mesapolicedepartment","ARIZONA","City of Mesa Police Department","ICE fact-sheet roster","2017-01-29","Jail Enforcement; signed 2016-06-23"
"pinalcountysheriffsoffice","ARIZONA","Pinal County Sheriff's Office","ICE fact-sheet roster","2017-01-29","Jail Enforcement; signed 2016-06-13"
"yavapaicountysheriffsoffice","ARIZONA","Yavapai County Sheriff's Office","ICE fact-sheet roster","2017-01-29","Jail Enforcement; signed 2016-06-08"
"bentoncountysheriffsoffice","ARKANSAS","Benton County Sheriff's Office","ICE fact-sheet roster","2017-01-29","Jail Enforcement; signed 2016-06-13"
"washingtoncountysheriffsoffice","ARKANSAS","Washington County Sheriff's Office","ICE fact-sheet roster","2017-01-29","Jail Enforcement; signed 2016-06-23"
"orangecountysheriffsoffice","CALIFORNIA","Orange County Sheriff's Office","ICE fact-sheet roster","2017-01-29","Jail Enforcement; signed 2016-06-23"
"colliercountysheriffsoffice","FLORIDA","Collier County Sheriff's Office","ICE fact-sheet roster","2017-01-29","Jail Enforcement; signed 2016-06-13"
"jacksonvillesheriffsoffice","FLORIDA","Jacksonville Sheriff's Office","ICE fact-sheet roster","2017-01-29","Jail Enforcement; signed 2016-06-30"
"cobbcountysheriffsoffice","GEORGIA","Cobb County Sheriff's Office","ICE fact-sheet roster","2017-01-29","Jail Enforcement; signed 2016-06-30"
"gwinnettcountysheriffsoffice","GEORGIA","Gwinnett County Sheriff's Office","ICE fact-sheet roster","2017-01-29","Jail Enforcement; signed 2016-06-30"
"hallcountysheriffsoffice","GEORGIA","Hall County Sheriff's Office","ICE fact-sheet roster","2017-01-29","Jail Enforcement; signed 2016-06-23"
"whitfieldcountysheriffsoffice","GEORGIA","Whitfield County Sheriff's Office","ICE fact-sheet roster","2017-01-29","Jail Enforcement; signed 2016-06-08"
"frederickcountysheriffsoffice","MARYLAND","Frederick County Sheriff's Office","ICE fact-sheet roster","2017-01-29","Jail Enforcement; signed 2013-06-28"
"hartfordcountysheriffsoffice","MARYLAND","Hartford County Sheriff's Office","ICE fact-sheet roster","2017-01-29","Jail Enforcement; signed 2016-10-26"
"bristolcountysheriffsoffice","MASSACHUSETTS","Bristol County Sheriff's Office","ICE fact-sheet roster","2017-01-29","Jail Enforcement; signed 2017-01-18"
"massachusettsdepartmentofcorrections","MASSACHUSETTS","Massachusetts Department of Corrections","ICE fact-sheet roster","2017-01-29","Jail Enforcement; signed 2016-06-23"
"plymouthcountysheriffsdepartment","MASSACHUSETTS","Plymouth County Sheriff's Department","ICE fact-sheet roster","2017-01-29","Jail Enforcement; signed 2017-01-18"
"lasvegasmetropolitanpolicedepartment","NEVADA","Las Vegas Metropolitan Police Department","ICE fact-sheet roster","2017-01-29","Jail Enforcement; signed 2016-06-28"
"hudsoncountydepartmentofcorrections","NEW JERSEY","Hudson County Department of Corrections","ICE fact-sheet roster","2017-01-29","Jail Enforcement; signed 2016-07-22"
"monmouthcountysheriffsoffice","NEW JERSEY","Monmouth County Sheriff's Office","ICE fact-sheet roster","2017-01-29","Jail Enforcement; signed 2016-06-08"
"cabarruscountysheriffsoffice","NORTH CAROLINA","Cabarrus County Sheriff's Office","ICE fact-sheet roster","2017-01-29","Jail Enforcement; signed 2016-06-28"
"gastoncountysheriffsoffice","NORTH CAROLINA","Gaston County Sheriff's Office","ICE fact-sheet roster","2017-01-29","Jail Enforcement; signed 2016-06-30"
"hendersoncountysheriffsoffice","NORTH CAROLINA","Henderson County Sheriff's Office","ICE fact-sheet roster","2017-01-29","Jail Enforcement; signed 2013-06-28"
"mecklenburgcountysheriffsoffice","NORTH CAROLINA","Mecklenburg County Sheriff's Office","ICE fact-sheet roster","2017-01-29","Jail Enforcement; signed 2013-12-30"
"wakecountysheriffsoffice","NORTH CAROLINA","Wake County Sheriff's Office","ICE fact-sheet roster","2017-01-29","Jail Enforcement; signed 2016-06-08"
"butlercountysheriffsoffice","OHIO","Butler County Sheriff's Office","ICE fact-sheet roster","2017-01-29","Jail Enforcement; signed 2016-09-30"
"tulsacountysheriffsoffice","OKLAHOMA","Tulsa County Sheriff's Office","ICE fact-sheet roster","2017-01-29","Jail Enforcement; signed 2016-06-23"
"charlestoncountysheriffsoffice","SOUTH CAROLINA","Charleston County Sheriff's Office","ICE fact-sheet roster","2017-01-29","Jail Enforcement; signed 2016-06-23"
"lexingtoncountysheriffsoffice","SOUTH CAROLINA","Lexington County Sheriff's Office","ICE fact-sheet roster","2017-01-29","Jail Enforcement; signed 2016-11-04"
"yorkcountysheriffsoffice","SOUTH CAROLINA","York County Sheriff's Office","ICE fact-sheet roster","2017-01-29","Jail Enforcement; signed 2016-06-28"
"carrolltonpolicedepartment","TEXAS","Carrollton Police Department","ICE fact-sheet roster","2017-01-29","Jail Enforcement; signed 2016-06-13"
"harriscountysheriffsoffice","TEXAS","Harris County Sheriff's Office","ICE fact-sheet roster","2017-01-29","Jail Enforcement; signed 2016-06-28"
"lubbockcountysheriffsoffice","TEXAS","Lubbock County Sheriff's Office","ICE fact-sheet roster","2017-01-29","Jail Enforcement; signed 2016-11-16"
"princewilliammanassasregionaladultdetentioncenter","VIRGINIA","Prince William-Manassas Regional Adult Detention Center","ICE fact-sheet roster","2017-01-29","Jail Enforcement; signed 2016-06-23"
"etowahcountysheriffsoffice","ALABAMA","Etowah County Sheriff's Office","ICE fact-sheet roster","2017-03-05","Jail Enforcement; signed 2016-06-08"
"arizonadepartmentofcorrections","ARIZONA","Arizona Department of Corrections","ICE fact-sheet roster","2017-03-05","Jail Enforcement; signed 2016-06-08"
"mesapolicedepartment","ARIZONA","City of Mesa Police Department","ICE fact-sheet roster","2017-03-05","Jail Enforcement; signed 2016-06-23"
"pinalcountysheriffsoffice","ARIZONA","Pinal County Sheriff's Office","ICE fact-sheet roster","2017-03-05","Jail Enforcement; signed 2016-06-13"
"yavapaicountysheriffsoffice","ARIZONA","Yavapai County Sheriff's Office","ICE fact-sheet roster","2017-03-05","Jail Enforcement; signed 2016-06-08"
"bentoncountysheriffsoffice","ARKANSAS","Benton County Sheriff's Office","ICE fact-sheet roster","2017-03-05","Jail Enforcement; signed 2016-06-13"
"washingtoncountysheriffsoffice","ARKANSAS","Washington County Sheriff's Office","ICE fact-sheet roster","2017-03-05","Jail Enforcement; signed 2016-06-23"
"orangecountysheriffsoffice","CALIFORNIA","Orange County Sheriff's Office","ICE fact-sheet roster","2017-03-05","Jail Enforcement; signed 2016-06-23"
"colliercountysheriffsoffice","FLORIDA","Collier County Sheriff's Office","ICE fact-sheet roster","2017-03-05","Jail Enforcement; signed 2016-06-13"
"jacksonvillesheriffsoffice","FLORIDA","Jacksonville Sheriff's Office","ICE fact-sheet roster","2017-03-05","Jail Enforcement; signed 2016-06-30"
"cobbcountysheriffsoffice","GEORGIA","Cobb County Sheriff's Office","ICE fact-sheet roster","2017-03-05","Jail Enforcement; signed 2016-06-30"
"gwinnettcountysheriffsoffice","GEORGIA","Gwinnett County Sheriff's Office","ICE fact-sheet roster","2017-03-05","Jail Enforcement; signed 2016-06-30"
"hallcountysheriffsoffice","GEORGIA","Hall County Sheriff's Office","ICE fact-sheet roster","2017-03-05","Jail Enforcement; signed 2016-06-23"
"whitfieldcountysheriffsoffice","GEORGIA","Whitfield County Sheriff's Office","ICE fact-sheet roster","2017-03-05","Jail Enforcement; signed 2016-06-08"
"frederickcountysheriffsoffice","MARYLAND","Frederick County Sheriff's Office","ICE fact-sheet roster","2017-03-05","Jail Enforcement; signed 2016-08-03"
"harfordcountysheriffsoffice","MARYLAND","Harford County Sheriff's Office","ICE fact-sheet roster","2017-03-05","Jail Enforcement; signed 2016-10-26"
"bristolcountysheriffsoffice","MASSACHUSETTS","Bristol County Sheriff's Office","ICE fact-sheet roster","2017-03-05","Jail Enforcement; signed 2017-01-18"
"massachusettsdepartmentofcorrections","MASSACHUSETTS","Massachusetts Department of Corrections","ICE fact-sheet roster","2017-03-05","Jail Enforcement; signed 2016-06-23"
"plymouthcountysheriffsdepartment","MASSACHUSETTS","Plymouth County Sheriff's Department","ICE fact-sheet roster","2017-03-05","Jail Enforcement; signed 2017-01-18"
"lasvegasmetropolitanpolicedepartment","NEVADA","Las Vegas Metropolitan Police Department","ICE fact-sheet roster","2017-03-05","Jail Enforcement; signed 2016-06-28"
"hudsoncountydepartmentofcorrections","NEW JERSEY","Hudson County Department of Corrections","ICE fact-sheet roster","2017-03-05","Jail Enforcement; signed 2016-07-22"
"monmouthcountysheriffsoffice","NEW JERSEY","Monmouth County Sheriff's Office","ICE fact-sheet roster","2017-03-05","Jail Enforcement; signed 2016-06-08"
"salemcountysheriffu2019soffice","NEW JERSEY","Salem County Sheriff<U+2019>s Office","ICE fact-sheet roster","2017-03-05","Jail Enforcement; signed 2016-12-08"
"cabarruscountysheriffsoffice","NORTH CAROLINA","Cabarrus County Sheriff's Office","ICE fact-sheet roster","2017-03-05","Jail Enforcement; signed 2016-06-28"
"gastoncountysheriffsoffice","NORTH CAROLINA","Gaston County Sheriff's Office","ICE fact-sheet roster","2017-03-05","Jail Enforcement; signed 2016-06-30"
"hendersoncountysheriffsoffice","NORTH CAROLINA","Henderson County Sheriff's Office","ICE fact-sheet roster","2017-03-05","Jail Enforcement; signed 2013-06-28"
"mecklenburgcountysheriffsoffice","NORTH CAROLINA","Mecklenburg County Sheriff's Office","ICE fact-sheet roster","2017-03-05","Jail Enforcement; signed 2013-12-30"
"wakecountysheriffsoffice","NORTH CAROLINA","Wake County Sheriff's Office","ICE fact-sheet roster","2017-03-05","Jail Enforcement; signed 2016-06-08"
"butlercountysheriffsoffice","OHIO","Butler County Sheriff's Office","ICE fact-sheet roster","2017-03-05","Jail Enforcement; signed 2016-09-30"
"tulsacountysheriffsoffice","OKLAHOMA","Tulsa County Sheriff's Office","ICE fact-sheet roster","2017-03-05","Jail Enforcement; signed 2016-06-23"
"charlestoncountysheriffsoffice","SOUTH CAROLINA","Charleston County Sheriff's Office","ICE fact-sheet roster","2017-03-05","Jail Enforcement; signed 2016-06-23"
"lexingtoncountysheriffsoffice","SOUTH CAROLINA","Lexington County Sheriff's Office","ICE fact-sheet roster","2017-03-05","Jail Enforcement; signed 2016-11-04"
"yorkcountysheriffsoffice","SOUTH CAROLINA","York County Sheriff's Office","ICE fact-sheet roster","2017-03-05","Jail Enforcement; signed 2016-06-28"
"carrolltonpolicedepartment","TEXAS","Carrollton Police Department","ICE fact-sheet roster","2017-03-05","Jail Enforcement; signed 2016-06-13"
"jacksoncountysheriffsoffice","TEXAS","Jackson County Sheriff's Office","ICE fact-sheet roster","2017-03-05","Jail Enforcement; signed 2017-01-26"
"lubbockcountysheriffsoffice","TEXAS","Lubbock County Sheriff's Office","ICE fact-sheet roster","2017-03-05","Jail Enforcement; signed 2016-11-16"
"princewilliammanassasregionaladultdetentioncenter","VIRGINIA","Prince William-Manassas Regional Adult Detention Center","ICE fact-sheet roster","2017-03-05","Jail Enforcement; signed 2016-06-23"
"etowahcountysheriffsoffice","ALABAMA","Etowah County Sheriff's Office","ICE fact-sheet roster","2017-05-02","Jail Enforcement; signed 2016-06-08"
"arizonadepartmentofcorrections","ARIZONA","Arizona Department of Corrections","ICE fact-sheet roster","2017-05-02","Jail Enforcement; signed 2016-06-08"
"mesapolicedepartment","ARIZONA","City of Mesa Police Department","ICE fact-sheet roster","2017-05-02","Jail Enforcement; signed 2016-06-23"
"pinalcountysheriffsoffice","ARIZONA","Pinal County Sheriff's Office","ICE fact-sheet roster","2017-05-02","Jail Enforcement; signed 2016-06-13"
"yavapaicountysheriffsoffice","ARIZONA","Yavapai County Sheriff's Office","ICE fact-sheet roster","2017-05-02","Jail Enforcement; signed 2016-06-08"
"bentoncountysheriffsoffice","ARKANSAS","Benton County Sheriff's Office","ICE fact-sheet roster","2017-05-02","Jail Enforcement; signed 2016-06-13"
"washingtoncountysheriffsoffice","ARKANSAS","Washington County Sheriff's Office","ICE fact-sheet roster","2017-05-02","Jail Enforcement; signed 2016-06-23"
"orangecountysheriffsoffice","CALIFORNIA","Orange County Sheriff's Office","ICE fact-sheet roster","2017-05-02","Jail Enforcement; signed 2016-06-23"
"colliercountysheriffsoffice","FLORIDA","Collier County Sheriff's Office","ICE fact-sheet roster","2017-05-02","Jail Enforcement; signed 2016-06-13"
"jacksonvillesheriffsoffice","FLORIDA","Jacksonville Sheriff's Office","ICE fact-sheet roster","2017-05-02","Jail Enforcement; signed 2016-06-30"
"cobbcountysheriffsoffice","GEORGIA","Cobb County Sheriff's Office","ICE fact-sheet roster","2017-05-02","Jail Enforcement; signed 2016-06-30"
"gwinnettcountysheriffsoffice","GEORGIA","Gwinnett County Sheriff's Office","ICE fact-sheet roster","2017-05-02","Jail Enforcement; signed 2016-06-30"
"hallcountysheriffsoffice","GEORGIA","Hall County Sheriff's Office","ICE fact-sheet roster","2017-05-02","Jail Enforcement; signed 2016-06-23"
"whitfieldcountysheriffsoffice","GEORGIA","Whitfield County Sheriff's Office","ICE fact-sheet roster","2017-05-02","Jail Enforcement; signed 2016-06-08"
"frederickcountysheriffsoffice","MARYLAND","Frederick County Sheriff's Office","ICE fact-sheet roster","2017-05-02","Jail Enforcement; signed 2016-08-03"
"harfordcountysheriffsoffice","MARYLAND","Harford County Sheriff's Office","ICE fact-sheet roster","2017-05-02","Jail Enforcement; signed 2016-10-26"
"bristolcountysheriffsoffice","MASSACHUSETTS","Bristol County Sheriff's Office","ICE fact-sheet roster","2017-05-02","Jail Enforcement; signed 2017-01-18"
"massachusettsdepartmentofcorrections","MASSACHUSETTS","Massachusetts Department of Corrections","ICE fact-sheet roster","2017-05-02","Jail Enforcement; signed 2016-06-23"
"plymouthcountysheriffsdepartment","MASSACHUSETTS","Plymouth County Sheriff's Department","ICE fact-sheet roster","2017-05-02","Jail Enforcement; signed 2017-01-18"
"lasvegasmetropolitanpolicedepartment","NEVADA","Las Vegas Metropolitan Police Department","ICE fact-sheet roster","2017-05-02","Jail Enforcement; signed 2016-06-28"
"capemaycountysheriffsoffice","NEW JERSEY","Cape May County Sheriffs Office","ICE fact-sheet roster","2017-05-02","Jail Enforcement; signed 2017-04-10"
"hudsoncountydepartmentofcorrections","NEW JERSEY","Hudson County Department of Corrections","ICE fact-sheet roster","2017-05-02","Jail Enforcement; signed 2016-07-22"
"monmouthcountysheriffsoffice","NEW JERSEY","Monmouth County Sheriff's Office","ICE fact-sheet roster","2017-05-02","Jail Enforcement; signed 2016-06-08"
"salemcountysheriffu2019soffice","NEW JERSEY","Salem County Sheriff<U+2019>s Office","ICE fact-sheet roster","2017-05-02","Jail Enforcement; signed 2016-12-08"
"cabarruscountysheriffsoffice","NORTH CAROLINA","Cabarrus County Sheriff's Office","ICE fact-sheet roster","2017-05-02","Jail Enforcement; signed 2016-06-28"
"gastoncountysheriffsoffice","NORTH CAROLINA","Gaston County Sheriff's Office","ICE fact-sheet roster","2017-05-02","Jail Enforcement; signed 2016-06-30"
"hendersoncountysheriffsoffice","NORTH CAROLINA","Henderson County Sheriff's Office","ICE fact-sheet roster","2017-05-02","Jail Enforcement; signed 2017-02-28"
"mecklenburgcountysheriffsoffice","NORTH CAROLINA","Mecklenburg County Sheriff's Office","ICE fact-sheet roster","2017-05-02","Jail Enforcement; signed 2017-02-28"
"wakecountysheriffsoffice","NORTH CAROLINA","Wake County Sheriff's Office","ICE fact-sheet roster","2017-05-02","Jail Enforcement; signed 2016-06-08"
"butlercountysheriffsoffice","OHIO","Butler County Sheriff's Office","ICE fact-sheet roster","2017-05-02","Jail Enforcement; signed 2016-09-30"
"tulsacountysheriffsoffice","OKLAHOMA","Tulsa County Sheriff's Office","ICE fact-sheet roster","2017-05-02","Jail Enforcement; signed 2016-06-23"
"charlestoncountysheriffsoffice","SOUTH CAROLINA","Charleston County Sheriff's Office","ICE fact-sheet roster","2017-05-02","Jail Enforcement; signed 2016-06-23"
"lexingtoncountysheriffsoffice","SOUTH CAROLINA","Lexington County Sheriff's Office","ICE fact-sheet roster","2017-05-02","Jail Enforcement; signed 2016-11-04"
"yorkcountysheriffsoffice","SOUTH CAROLINA","York County Sheriff's Office","ICE fact-sheet roster","2017-05-02","Jail Enforcement; signed 2016-06-28"
"carrolltonpolicedepartment","TEXAS","Carrollton Police Department","ICE fact-sheet roster","2017-05-02","Jail Enforcement; signed 2016-06-13"
"jacksoncountysheriffsoffice","TEXAS","Jackson County Sheriff's Office","ICE fact-sheet roster","2017-05-02","Jail Enforcement; signed 2017-01-26"
"lubbockcountysheriffsoffice","TEXAS","Lubbock County Sheriff's Office","ICE fact-sheet roster","2017-05-02","Jail Enforcement; signed 2016-11-16"
"princewilliammanassasregionaladultdetentioncenter","VIRGINIA","Prince William-Manassas Regional Adult Detention Center","ICE fact-sheet roster","2017-05-02","Jail Enforcement; signed 2016-06-23"
"etowahcountysheriffsoffice","ALABAMA","Etowah County Sheriff's Office","ICE fact-sheet roster","2017-06-04","Jail Enforcement; signed 2016-06-08"
"arizonadepartmentofcorrections","ARIZONA","Arizona Department of Corrections","ICE fact-sheet roster","2017-06-04","Jail Enforcement; signed 2016-06-08"
"mesapolicedepartment","ARIZONA","City of Mesa Police Department","ICE fact-sheet roster","2017-06-04","Jail Enforcement; signed 2016-06-23"
"pinalcountysheriffsoffice","ARIZONA","Pinal County Sheriff's Office","ICE fact-sheet roster","2017-06-04","Jail Enforcement; signed 2016-06-13"
"yavapaicountysheriffsoffice","ARIZONA","Yavapai County Sheriff's Office","ICE fact-sheet roster","2017-06-04","Jail Enforcement; signed 2016-06-08"
"bentoncountysheriffsoffice","ARKANSAS","Benton County Sheriff's Office","ICE fact-sheet roster","2017-06-04","Jail Enforcement; signed 2016-06-13"
"washingtoncountysheriffsoffice","ARKANSAS","Washington County Sheriff's Office","ICE fact-sheet roster","2017-06-04","Jail Enforcement; signed 2016-06-23"
"orangecountysheriffsoffice","CALIFORNIA","Orange County Sheriff's Office","ICE fact-sheet roster","2017-06-04","Jail Enforcement; signed 2016-06-23"
"colliercountysheriffsoffice","FLORIDA","Collier County Sheriff's Office","ICE fact-sheet roster","2017-06-04","Jail Enforcement; signed 2016-06-13"
"jacksonvillesheriffsoffice","FLORIDA","Jacksonville Sheriff's Office","ICE fact-sheet roster","2017-06-04","Jail Enforcement; signed 2016-06-30"
"cobbcountysheriffsoffice","GEORGIA","Cobb County Sheriff's Office","ICE fact-sheet roster","2017-06-04","Jail Enforcement; signed 2016-06-30"
"gwinnettcountysheriffsoffice","GEORGIA","Gwinnett County Sheriff's Office","ICE fact-sheet roster","2017-06-04","Jail Enforcement; signed 2016-06-30"
"hallcountysheriffsoffice","GEORGIA","Hall County Sheriff's Office","ICE fact-sheet roster","2017-06-04","Jail Enforcement; signed 2016-06-23"
"whitfieldcountysheriffsoffice","GEORGIA","Whitfield County Sheriff's Office","ICE fact-sheet roster","2017-06-04","Jail Enforcement; signed 2016-06-08"
"eastbatonrougeparishsheriffu2019soffice","LOUISIANA","East Baton Rouge Parish Sheriff<U+2019>s Office","ICE fact-sheet roster","2017-06-04","Jail Enforcement; signed 2017-05-03"
"frederickcountysheriffsoffice","MARYLAND","Frederick County Sheriff's Office","ICE fact-sheet roster","2017-06-04","Jail Enforcement; signed 2016-08-03"
"harfordcountysheriffsoffice","MARYLAND","Harford County Sheriff's Office","ICE fact-sheet roster","2017-06-04","Jail Enforcement; signed 2016-10-26"
"bristolcountysheriffsoffice","MASSACHUSETTS","Bristol County Sheriff's Office","ICE fact-sheet roster","2017-06-04","Jail Enforcement; signed 2017-01-18"
"massachusettsdepartmentofcorrections","MASSACHUSETTS","Massachusetts Department of Corrections","ICE fact-sheet roster","2017-06-04","Jail Enforcement; signed 2016-06-23"
"plymouthcountysheriffsdepartment","MASSACHUSETTS","Plymouth County Sheriff's Department","ICE fact-sheet roster","2017-06-04","Jail Enforcement; signed 2017-01-18"
"lasvegasmetropolitanpolicedepartment","NEVADA","Las Vegas Metropolitan Police Department","ICE fact-sheet roster","2017-06-04","Jail Enforcement; signed 2016-06-28"
"nyecountysheriffu2019soffice","NEVADA","Nye County Sheriff<U+2019>s Office","ICE fact-sheet roster","2017-06-04","Jail Enforcement; signed 2017-04-20"
"capemaycountysheriffsoffice","NEW JERSEY","Cape May County Sheriffs Office","ICE fact-sheet roster","2017-06-04","Jail Enforcement; signed 2017-04-10"
"hudsoncountydepartmentofcorrections","NEW JERSEY","Hudson County Department of Corrections","ICE fact-sheet roster","2017-06-04","Jail Enforcement; signed 2016-07-22"
"monmouthcountysheriffsoffice","NEW JERSEY","Monmouth County Sheriff's Office","ICE fact-sheet roster","2017-06-04","Jail Enforcement; signed 2016-06-08"
"salemcountysheriffu2019soffice","NEW JERSEY","Salem County Sheriff<U+2019>s Office","ICE fact-sheet roster","2017-06-04","Jail Enforcement; signed 2016-12-08"
"cabarruscountysheriffsoffice","NORTH CAROLINA","Cabarrus County Sheriff's Office","ICE fact-sheet roster","2017-06-04","Jail Enforcement; signed 2016-06-28"
"gastoncountysheriffsoffice","NORTH CAROLINA","Gaston County Sheriff's Office","ICE fact-sheet roster","2017-06-04","Jail Enforcement; signed 2016-06-30"
"hendersoncountysheriffsoffice","NORTH CAROLINA","Henderson County Sheriff's Office","ICE fact-sheet roster","2017-06-04","Jail Enforcement; signed 2017-02-28"
"mecklenburgcountysheriffsoffice","NORTH CAROLINA","Mecklenburg County Sheriff's Office","ICE fact-sheet roster","2017-06-04","Jail Enforcement; signed 2017-02-28"
"wakecountysheriffsoffice","NORTH CAROLINA","Wake County Sheriff's Office","ICE fact-sheet roster","2017-06-04","Jail Enforcement; signed 2016-06-08"
"butlercountysheriffsoffice","OHIO","Butler County Sheriff's Office","ICE fact-sheet roster","2017-06-04","Jail Enforcement; signed 2016-09-30"
"tulsacountysheriffsoffice","OKLAHOMA","Tulsa County Sheriff's Office","ICE fact-sheet roster","2017-06-04","Jail Enforcement; signed 2016-06-23"
"charlestoncountysheriffsoffice","SOUTH CAROLINA","Charleston County Sheriff's Office","ICE fact-sheet roster","2017-06-04","Jail Enforcement; signed 2016-06-23"
"lexingtoncountysheriffsoffice","SOUTH CAROLINA","Lexington County Sheriff's Office","ICE fact-sheet roster","2017-06-04","Jail Enforcement; signed 2016-11-04"
"yorkcountysheriffsoffice","SOUTH CAROLINA","York County Sheriff's Office","ICE fact-sheet roster","2017-06-04","Jail Enforcement; signed 2016-06-28"
"carrolltonpolicedepartment","TEXAS","Carrollton Police Department","ICE fact-sheet roster","2017-06-04","Jail Enforcement; signed 2016-06-13"
"jacksoncountysheriffsoffice","TEXAS","Jackson County Sheriff's Office","ICE fact-sheet roster","2017-06-04","Jail Enforcement; signed 2017-01-26"
"lubbockcountysheriffsoffice","TEXAS","Lubbock County Sheriff's Office","ICE fact-sheet roster","2017-06-04","Jail Enforcement; signed 2016-11-16"
"smithcountysheriffu2019soffice","TEXAS","Smith County Sheriff<U+2019>s Office","ICE fact-sheet roster","2017-06-04","Jail Enforcement; signed 2017-04-25"
"wallercountysheriffu2019soffice","TEXAS","Waller County Sheriff<U+2019>s Office","ICE fact-sheet roster","2017-06-04","Jail Enforcement; signed 2017-05-22"
"princewilliammanassasregionaladultdetentioncenter","VIRGINIA","Prince William-Manassas Regional Adult Detention Center","ICE fact-sheet roster","2017-06-04","Jail Enforcement; signed 2016-06-23"
"etowahcountysheriffsoffice","ALABAMA","Etowah County Sheriff's Office","ICE fact-sheet roster","2017-07-02","Jail Enforcement; signed 2016-06-08"
"arizonadepartmentofcorrections","ARIZONA","Arizona Department of Corrections","ICE fact-sheet roster","2017-07-02","Jail Enforcement; signed 2016-06-08"
"mesapolicedepartment","ARIZONA","City of Mesa Police Department","ICE fact-sheet roster","2017-07-02","Jail Enforcement; signed 2016-06-23"
"pinalcountysheriffsoffice","ARIZONA","Pinal County Sheriff's Office","ICE fact-sheet roster","2017-07-02","Jail Enforcement; signed 2016-06-13"
"yavapaicountysheriffsoffice","ARIZONA","Yavapai County Sheriff's Office","ICE fact-sheet roster","2017-07-02","Jail Enforcement; signed 2016-06-08"
"bentoncountysheriffsoffice","ARKANSAS","Benton County Sheriff's Office","ICE fact-sheet roster","2017-07-02","Jail Enforcement; signed 2016-06-13"
"washingtoncountysheriffsoffice","ARKANSAS","Washington County Sheriff's Office","ICE fact-sheet roster","2017-07-02","Jail Enforcement; signed 2016-06-23"
"orangecountysheriffsoffice","CALIFORNIA","Orange County Sheriff's Office","ICE fact-sheet roster","2017-07-02","Jail Enforcement; signed 2016-06-23"
"colliercountysheriffsoffice","FLORIDA","Collier County Sheriff's Office","ICE fact-sheet roster","2017-07-02","Jail Enforcement; signed 2016-06-13"
"jacksonvillesheriffsoffice","FLORIDA","Jacksonville Sheriff's Office","ICE fact-sheet roster","2017-07-02","Jail Enforcement; signed 2016-06-30"
"cobbcountysheriffsoffice","GEORGIA","Cobb County Sheriff's Office","ICE fact-sheet roster","2017-07-02","Jail Enforcement; signed 2016-06-30"
"gwinnettcountysheriffsoffice","GEORGIA","Gwinnett County Sheriff's Office","ICE fact-sheet roster","2017-07-02","Jail Enforcement; signed 2016-06-30"
"hallcountysheriffsoffice","GEORGIA","Hall County Sheriff's Office","ICE fact-sheet roster","2017-07-02","Jail Enforcement; signed 2016-06-23"
"whitfieldcountysheriffsoffice","GEORGIA","Whitfield County Sheriff's Office","ICE fact-sheet roster","2017-07-02","Jail Enforcement; signed 2016-06-08"
"eastbatonrougeparishsheriffu2019soffice","LOUISIANA","East Baton Rouge Parish Sheriff<U+2019>s Office","ICE fact-sheet roster","2017-07-02","Jail Enforcement; signed 2017-05-03"
"annearundelcounty","MARYLAND","Anne Arundel County","ICE fact-sheet roster","2017-07-02","Jail Enforcement; signed 2017-06-19"
"frederickcountysheriffsoffice","MARYLAND","Frederick County Sheriff's Office","ICE fact-sheet roster","2017-07-02","Jail Enforcement; signed 2016-08-03"
"harfordcountysheriffsoffice","MARYLAND","Harford County Sheriff's Office","ICE fact-sheet roster","2017-07-02","Jail Enforcement; signed 2016-10-26"
"bristolcountysheriffsoffice","MASSACHUSETTS","Bristol County Sheriff's Office","ICE fact-sheet roster","2017-07-02","Jail Enforcement; signed 2017-01-18"
"massachusettsdepartmentofcorrections","MASSACHUSETTS","Massachusetts Department of Corrections","ICE fact-sheet roster","2017-07-02","Jail Enforcement; signed 2016-06-23"
"plymouthcountysheriffsdepartment","MASSACHUSETTS","Plymouth County Sheriff's Department","ICE fact-sheet roster","2017-07-02","Jail Enforcement; signed 2017-01-18"
"lasvegasmetropolitanpolicedepartment","NEVADA","Las Vegas Metropolitan Police Department","ICE fact-sheet roster","2017-07-02","Jail Enforcement; signed 2016-06-28"
"nyecountysheriffu2019soffice","NEVADA","Nye County Sheriff<U+2019>s Office","ICE fact-sheet roster","2017-07-02","Jail Enforcement; signed 2017-04-20"
"capemaycountysheriffsoffice","NEW JERSEY","Cape May County Sheriffs Office","ICE fact-sheet roster","2017-07-02","Jail Enforcement; signed 2017-04-10"
"hudsoncountydepartmentofcorrections","NEW JERSEY","Hudson County Department of Corrections","ICE fact-sheet roster","2017-07-02","Jail Enforcement; signed 2016-07-22"
"monmouthcountysheriffsoffice","NEW JERSEY","Monmouth County Sheriff's Office","ICE fact-sheet roster","2017-07-02","Jail Enforcement; signed 2016-06-08"
"salemcountysheriffu2019soffice","NEW JERSEY","Salem County Sheriff<U+2019>s Office","ICE fact-sheet roster","2017-07-02","Jail Enforcement; signed 2016-12-08"
"cabarruscountysheriffsoffice","NORTH CAROLINA","Cabarrus County Sheriff's Office","ICE fact-sheet roster","2017-07-02","Jail Enforcement; signed 2016-06-28"
"gastoncountysheriffsoffice","NORTH CAROLINA","Gaston County Sheriff's Office","ICE fact-sheet roster","2017-07-02","Jail Enforcement; signed 2016-06-30"
"hendersoncountysheriffsoffice","NORTH CAROLINA","Henderson County Sheriff's Office","ICE fact-sheet roster","2017-07-02","Jail Enforcement; signed 2017-02-28"
"mecklenburgcountysheriffsoffice","NORTH CAROLINA","Mecklenburg County Sheriff's Office","ICE fact-sheet roster","2017-07-02","Jail Enforcement; signed 2017-02-28"
"wakecountysheriffsoffice","NORTH CAROLINA","Wake County Sheriff's Office","ICE fact-sheet roster","2017-07-02","Jail Enforcement; signed 2016-06-08"
"butlercountysheriffsoffice","OHIO","Butler County Sheriff's Office","ICE fact-sheet roster","2017-07-02","Jail Enforcement; signed 2016-09-30"
"tulsacountysheriffsoffice","OKLAHOMA","Tulsa County Sheriff's Office","ICE fact-sheet roster","2017-07-02","Jail Enforcement; signed 2016-06-23"
"charlestoncountysheriffsoffice","SOUTH CAROLINA","Charleston County Sheriff's Office","ICE fact-sheet roster","2017-07-02","Jail Enforcement; signed 2016-06-23"
"lexingtoncountysheriffsoffice","SOUTH CAROLINA","Lexington County Sheriff's Office","ICE fact-sheet roster","2017-07-02","Jail Enforcement; signed 2016-11-04"
"yorkcountysheriffsoffice","SOUTH CAROLINA","York County Sheriff's Office","ICE fact-sheet roster","2017-07-02","Jail Enforcement; signed 2016-06-28"
"knoxcountysheriffu2019soffice","TENNESSEE","Knox County Sheriff<U+2019>s Office","ICE fact-sheet roster","2017-07-02","Jail Enforcement; signed 2017-06-15"
"carrolltonpolicedepartment","TEXAS","Carrollton Police Department","ICE fact-sheet roster","2017-07-02","Jail Enforcement; signed 2016-06-13"
"jacksoncountysheriffsoffice","TEXAS","Jackson County Sheriff's Office","ICE fact-sheet roster","2017-07-02","Jail Enforcement; signed 2017-01-26"
"lubbockcountysheriffsoffice","TEXAS","Lubbock County Sheriff's Office","ICE fact-sheet roster","2017-07-02","Jail Enforcement; signed 2016-11-16"
"smithcountysheriffu2019soffice","TEXAS","Smith County Sheriff<U+2019>s Office","ICE fact-sheet roster","2017-07-02","Jail Enforcement; signed 2017-04-25"
"tarrantcountysheriffu2019soffice","TEXAS","Tarrant County Sheriff<U+2019>s Office","ICE fact-sheet roster","2017-07-02","Jail Enforcement; signed 2017-06-19"
"wallercountysheriffu2019soffice","TEXAS","Waller County Sheriff<U+2019>s Office","ICE fact-sheet roster","2017-07-02","Jail Enforcement; signed 2017-05-22"
"princewilliammanassasregionaladultdetentioncenter","VIRGINIA","Prince William-Manassas Regional Adult Detention Center","ICE fact-sheet roster","2017-07-02","Jail Enforcement; signed 2016-06-23"
"etowahcountysheriffsoffice","ALABAMA","Etowah County Sheriff's Office","ICE fact-sheet roster","2017-08-01","Jail Enforcement; signed 2016-06-08"
"arizonadepartmentofcorrections","ARIZONA","Arizona Department of Corrections","ICE fact-sheet roster","2017-08-01","Jail Enforcement; signed 2016-06-08"
"mesapolicedepartment","ARIZONA","City of Mesa Police Department","ICE fact-sheet roster","2017-08-01","Jail Enforcement; signed 2016-06-23"
"pinalcountysheriffsoffice","ARIZONA","Pinal County Sheriff's Office","ICE fact-sheet roster","2017-08-01","Jail Enforcement; signed 2016-06-13"
"yavapaicountysheriffsoffice","ARIZONA","Yavapai County Sheriff's Office","ICE fact-sheet roster","2017-08-01","Jail Enforcement; signed 2016-06-08"
"bentoncountysheriffsoffice","ARKANSAS","Benton County Sheriff's Office","ICE fact-sheet roster","2017-08-01","Jail Enforcement; signed 2016-06-13"
"washingtoncountysheriffsoffice","ARKANSAS","Washington County Sheriff's Office","ICE fact-sheet roster","2017-08-01","Jail Enforcement; signed 2016-06-23"
"orangecountysheriffsoffice","CALIFORNIA","Orange County Sheriff's Office","ICE fact-sheet roster","2017-08-01","Jail Enforcement; signed 2016-06-23"
"claycountysheriffsoffice","FLORIDA","Clay County Sheriff's Office","ICE fact-sheet roster","2017-08-01","Jail Enforcement; signed 2017-06-30"
"colliercountysheriffsoffice","FLORIDA","Collier County Sheriff's Office","ICE fact-sheet roster","2017-08-01","Jail Enforcement; signed 2016-06-13"
"jacksonvillesheriffsoffice","FLORIDA","Jacksonville Sheriff's Office","ICE fact-sheet roster","2017-08-01","Jail Enforcement; signed 2016-06-30"
"cobbcountysheriffsoffice","GEORGIA","Cobb County Sheriff's Office","ICE fact-sheet roster","2017-08-01","Jail Enforcement; signed 2016-06-30"
"gwinnettcountysheriffsoffice","GEORGIA","Gwinnett County Sheriff's Office","ICE fact-sheet roster","2017-08-01","Jail Enforcement; signed 2016-06-30"
"hallcountysheriffsoffice","GEORGIA","Hall County Sheriff's Office","ICE fact-sheet roster","2017-08-01","Jail Enforcement; signed 2016-06-23"
"whitfieldcountysheriffsoffice","GEORGIA","Whitfield County Sheriff's Office","ICE fact-sheet roster","2017-08-01","Jail Enforcement; signed 2016-06-08"
"eastbatonrougeparishsheriffu2019soffice","LOUISIANA","East Baton Rouge Parish Sheriff<U+2019>s Office","ICE fact-sheet roster","2017-08-01","Jail Enforcement; signed 2017-05-03"
"annearundelcounty","MARYLAND","Anne Arundel County","ICE fact-sheet roster","2017-08-01","Jail Enforcement; signed 2017-06-19"
"frederickcountysheriffsoffice","MARYLAND","Frederick County Sheriff's Office","ICE fact-sheet roster","2017-08-01","Jail Enforcement; signed 2016-08-03"
"harfordcountysheriffsoffice","MARYLAND","Harford County Sheriff's Office","ICE fact-sheet roster","2017-08-01","Jail Enforcement; signed 2016-10-26"
"bristolcountysheriffsoffice","MASSACHUSETTS","Bristol County Sheriff's Office","ICE fact-sheet roster","2017-08-01","Jail Enforcement; signed 2017-01-18"
"massachusettsdepartmentofcorrections","MASSACHUSETTS","Massachusetts Department of Corrections","ICE fact-sheet roster","2017-08-01","Jail Enforcement; signed 2016-06-23"
"plymouthcountysheriffsdepartment","MASSACHUSETTS","Plymouth County Sheriff's Department","ICE fact-sheet roster","2017-08-01","Jail Enforcement; signed 2017-01-18"
"lasvegasmetropolitanpolicedepartment","NEVADA","Las Vegas Metropolitan Police Department","ICE fact-sheet roster","2017-08-01","Jail Enforcement; signed 2016-06-28"
"nyecountysheriffu2019soffice","NEVADA","Nye County Sheriff<U+2019>s Office","ICE fact-sheet roster","2017-08-01","Jail Enforcement; signed 2017-04-20"
"capemaycountysheriffsoffice","NEW JERSEY","Cape May County Sheriffs Office","ICE fact-sheet roster","2017-08-01","Jail Enforcement; signed 2017-04-10"
"hudsoncountydepartmentofcorrections","NEW JERSEY","Hudson County Department of Corrections","ICE fact-sheet roster","2017-08-01","Jail Enforcement; signed 2016-07-22"
"monmouthcountysheriffsoffice","NEW JERSEY","Monmouth County Sheriff's Office","ICE fact-sheet roster","2017-08-01","Jail Enforcement; signed 2016-06-08"
"salemcountysheriffu2019soffice","NEW JERSEY","Salem County Sheriff<U+2019>s Office","ICE fact-sheet roster","2017-08-01","Jail Enforcement; signed 2016-12-08"
"cabarruscountysheriffsoffice","NORTH CAROLINA","Cabarrus County Sheriff's Office","ICE fact-sheet roster","2017-08-01","Jail Enforcement; signed 2016-06-28"
"gastoncountysheriffsoffice","NORTH CAROLINA","Gaston County Sheriff's Office","ICE fact-sheet roster","2017-08-01","Jail Enforcement; signed 2016-06-30"
"hendersoncountysheriffsoffice","NORTH CAROLINA","Henderson County Sheriff's Office","ICE fact-sheet roster","2017-08-01","Jail Enforcement; signed 2017-02-28"
"mecklenburgcountysheriffsoffice","NORTH CAROLINA","Mecklenburg County Sheriff's Office","ICE fact-sheet roster","2017-08-01","Jail Enforcement; signed 2017-02-28"
"wakecountysheriffsoffice","NORTH CAROLINA","Wake County Sheriff's Office","ICE fact-sheet roster","2017-08-01","Jail Enforcement; signed 2016-06-08"
"butlercountysheriffsoffice","OHIO","Butler County Sheriff's Office","ICE fact-sheet roster","2017-08-01","Jail Enforcement; signed 2016-09-30"
"tulsacountysheriffsoffice","OKLAHOMA","Tulsa County Sheriff's Office","ICE fact-sheet roster","2017-08-01","Jail Enforcement; signed 2016-06-23"
"charlestoncountysheriffsoffice","SOUTH CAROLINA","Charleston County Sheriff's Office","ICE fact-sheet roster","2017-08-01","Jail Enforcement; signed 2016-06-23"
"horrycountysheriffsoffice","SOUTH CAROLINA","Horry County Sheriff's Office","ICE fact-sheet roster","2017-08-01","Jail Enforcement; signed 2017-06-30"
"lexingtoncountysheriffsoffice","SOUTH CAROLINA","Lexington County Sheriff's Office","ICE fact-sheet roster","2017-08-01","Jail Enforcement; signed 2016-11-04"
"yorkcountysheriffsoffice","SOUTH CAROLINA","York County Sheriff's Office","ICE fact-sheet roster","2017-08-01","Jail Enforcement; signed 2016-06-28"
"knoxcountysheriffu2019soffice","TENNESSEE","Knox County Sheriff<U+2019>s Office","ICE fact-sheet roster","2017-08-01","Jail Enforcement; signed 2017-06-15"
"aransascountysheriffsoffice","TEXAS","Aransas County Sheriff's Office","ICE fact-sheet roster","2017-08-01","Jail Enforcement; signed 2017-06-30"
"calhouncountysheriffu2019soffice","TEXAS","Calhoun County Sheriff<U+2019>s Office","ICE fact-sheet roster","2017-08-01","Jail Enforcement; signed 2017-06-28"
"carrolltonpolicedepartment","TEXAS","Carrollton Police Department","ICE fact-sheet roster","2017-08-01","Jail Enforcement; signed 2016-06-13"
"chamberscountysheriffu2019soffice","TEXAS","Chambers County Sheriff<U+2019>s Office","ICE fact-sheet roster","2017-08-01","Jail Enforcement; signed 2017-07-17"
"dewittcountysheriffu2019soffice","TEXAS","DeWitt County Sheriff<U+2019>s Office","ICE fact-sheet roster","2017-08-01","Jail Enforcement; signed 2017-06-30"
"galvestoncountysheriffu2019soffice","TEXAS","Galveston County Sheriff<U+2019>s Office","ICE fact-sheet roster","2017-08-01","Jail Enforcement; signed 2017-06-30"
"goliadcountysheriffu2019soffice","TEXAS","Goliad County Sheriff<U+2019>s Office","ICE fact-sheet roster","2017-08-01","Jail Enforcement; signed 2017-06-26"
"lavacacountysheriffu2019soffice","TEXAS","Lavaca County Sheriff<U+2019>s Office","ICE fact-sheet roster","2017-08-01","Jail Enforcement; signed 2017-06-30"
"lubbockcountysheriffsoffice","TEXAS","Lubbock County Sheriff's Office","ICE fact-sheet roster","2017-08-01","Jail Enforcement; signed 2016-11-16"
"montgomerycountysheriffu2019soffice","TEXAS","Montgomery County Sheriff<U+2019>s Office","ICE fact-sheet roster","2017-08-01","Jail Enforcement; signed 2017-06-28"
"refugiocountysheriffu2019soffice","TEXAS","Refugio County Sheriff<U+2019>s Office","ICE fact-sheet roster","2017-08-01","Jail Enforcement; signed 2017-06-28"
"smithcountysheriffu2019soffice","TEXAS","Smith County Sheriff<U+2019>s Office","ICE fact-sheet roster","2017-08-01","Jail Enforcement; signed 2017-04-25"
"tarrantcountysheriffu2019soffice","TEXAS","Tarrant County Sheriff<U+2019>s Office","ICE fact-sheet roster","2017-08-01","Jail Enforcement; signed 2017-06-19"
"victoriacountysheriffu2019soffice","TEXAS","Victoria County Sheriff<U+2019>s Office","ICE fact-sheet roster","2017-08-01","Jail Enforcement; signed 2017-07-12"
"walkercountysheriffu2019soffice","TEXAS","Walker County Sheriff<U+2019>s Office","ICE fact-sheet roster","2017-08-01","Jail Enforcement; signed 2017-07-20"
"wallercountysheriffu2019soffice","TEXAS","Waller County Sheriff<U+2019>s Office","ICE fact-sheet roster","2017-08-01","Jail Enforcement; signed 2017-05-22"
"whartoncountysheriffu2019soffice","TEXAS","Wharton County Sheriff<U+2019>s Office","ICE fact-sheet roster","2017-08-01","Jail Enforcement; signed 2017-07-17"
"princewilliammanassasregionaladultdetentioncenter","VIRGINIA","Prince William-Manassas Regional Adult Detention Center","ICE fact-sheet roster","2017-08-01","Jail Enforcement; signed 2016-06-23"
"mesapolicedepartment","ARIZONA","City of Mesa Police Department","Kostandini et al. 2014 Table A1","c.2010-11 ICE roster","signed 2009-11-19"
"phoenixpolicedepartment","ARIZONA","City of Phoenix Police Department","Kostandini et al. 2014 Table A1","c.2010-11 ICE roster","signed 2008-03-10"
"florencepolicedepartment","ARIZONA","Florence Police Department","Kostandini et al. 2014 Table A1","c.2010-11 ICE roster","signed 2009-10-21"
"maricopacountysheriffsoffice","ARIZONA","Maricopa County Sheriff's Office","Kostandini et al. 2014 Table A1","c.2010-11 ICE roster","signed 2008-03-14"
"pimacountysheriffsoffice","ARIZONA","Pima County Sheriff's Office","Kostandini et al. 2014 Table A1","c.2010-11 ICE roster","signed 2008-03-10"
"yavapaicountysheriffsoffice","ARIZONA","Yavapai County Sheriff's Office","Kostandini et al. 2014 Table A1","c.2010-11 ICE roster","signed 2008-03-10"
"bentoncountysheriffsoffice","ARKANSAS","Benton County Sheriff's Office","Kostandini et al. 2014 Table A1","c.2010-11 ICE roster","signed 2007-09-26"
"springdalepolicedepartment","ARKANSAS","City of Springdale Police Department","Kostandini et al. 2014 Table A1","c.2010-11 ICE roster","signed 2007-09-26"
"rogerspolicedepartment","ARKANSAS","Rogers Police Department","Kostandini et al. 2014 Table A1","c.2010-11 ICE roster","signed 2007-09-25"
"washingtoncountysheriffsoffice","ARKANSAS","Washington County Sheriff's Office","Kostandini et al. 2014 Table A1","c.2010-11 ICE roster","signed 2007-09-26"
"losangelescountysheriffsoffice","CALIFORNIA","Los Angeles County Sheriff's Office","Kostandini et al. 2014 Table A1","c.2010-11 ICE roster","signed 2005-02-01"
"orangecountysheriffsoffice","CALIFORNIA","Orange County Sheriff's Office","Kostandini et al. 2014 Table A1","c.2010-11 ICE roster","signed 2006-11-02"
"riversidecountysheriffsoffice","CALIFORNIA","Riverside County Sheriff's Office","Kostandini et al. 2014 Table A1","c.2010-11 ICE roster","signed 2006-04-28"
"sanbernardinocountysheriffsoffice","CALIFORNIA","San Bernardino County Sheriff's Office","Kostandini et al. 2014 Table A1","c.2010-11 ICE roster","signed 2005-11-19"
"elpasocountysheriffsoffice","COLORADO","El Paso County Sheriff's Office","Kostandini et al. 2014 Table A1","c.2010-11 ICE roster","signed 2007-05-17"
"danburypolicedepartment","CONNECTICUT","City of Danbury Police Department","Kostandini et al. 2014 Table A1","c.2010-11 ICE roster","signed 2009-10-15"
"baycountysheriffsoffice","FLORIDA","Bay County Sheriff's Office","Kostandini et al. 2014 Table A1","c.2010-11 ICE roster","signed 2008-06-15"
"colliercountysheriffsoffice","FLORIDA","Collier County Sheriff's Office","Kostandini et al. 2014 Table A1","c.2010-11 ICE roster","signed 2007-08-06"
"jacksonvillesheriffsoffice","FLORIDA","Jacksonville Sheriff's Office","Kostandini et al. 2014 Table A1","c.2010-11 ICE roster","signed 2008-07-08"
"cobbcountysheriffsoffice","GEORGIA","Cobb County Sheriff's Office","Kostandini et al. 2014 Table A1","c.2010-11 ICE roster","signed 2007-02-13"
"gwinnettcountysheriffsoffice","GEORGIA","Gwinnett County Sheriff's Office","Kostandini et al. 2014 Table A1","c.2010-11 ICE roster","signed 2009-10-15"
"hallcountysheriffsoffice","GEORGIA","Hall County Sheriff's Office","Kostandini et al. 2014 Table A1","c.2010-11 ICE roster","signed 2008-02-29"
"whitfieldcountysheriffsoffice","GEORGIA","Whitfield County Sheriff's Office","Kostandini et al. 2014 Table A1","c.2010-11 ICE roster","signed 2008-02-04"
"frederickcountysheriffsoffice","MARYLAND","Frederick County Sheriff's Office","Kostandini et al. 2014 Table A1","c.2010-11 ICE roster","signed 2008-02-06"
"lasvegasmetropolitanpolicedepartment","NEVADA","Las Vegas Metropolitan Police Department","Kostandini et al. 2014 Table A1","c.2010-11 ICE roster","signed 2008-09-08"
"hudsoncountydepartmentofcorrections","NEW JERSEY","Hudson County Department of Corrections","Kostandini et al. 2014 Table A1","c.2010-11 ICE roster","signed 2008-08-11"
"monmouthcountysheriffsoffice","NEW JERSEY","Monmouth County Sheriff's Office","Kostandini et al. 2014 Table A1","c.2010-11 ICE roster","signed 2009-10-15"
"alamancecountysheriffsoffice","NORTH CAROLINA","Alamance County Sheriff's Office","Kostandini et al. 2014 Table A1","c.2010-11 ICE roster","signed 2007-01-10"
"cabarruscountysheriffsoffice","NORTH CAROLINA","Cabarrus County Sheriff's Office","Kostandini et al. 2014 Table A1","c.2010-11 ICE roster","signed 2007-08-02"
"durhampolicedepartment","NORTH CAROLINA","City of Durham Police Department","Kostandini et al. 2014 Table A1","c.2010-11 ICE roster","signed 2008-02-01"
"gastoncountysheriffsoffice","NORTH CAROLINA","Gaston County Sheriff's Office","Kostandini et al. 2014 Table A1","c.2010-11 ICE roster","signed 2007-02-22"
"hendersoncountysheriffsoffice","NORTH CAROLINA","Henderson County Sheriff's Office","Kostandini et al. 2014 Table A1","c.2010-11 ICE roster","signed 2008-06-25"
"mecklenburgcountysheriffsoffice","NORTH CAROLINA","Mecklenburg County Sheriff's Office","Kostandini et al. 2014 Table A1","c.2010-11 ICE roster","signed 2006-02-27"
"wakecountysheriffsoffice","NORTH CAROLINA","Wake County Sheriff's Office","Kostandini et al. 2014 Table A1","c.2010-11 ICE roster","signed 2008-06-25"
"butlercountysheriffsoffice","OHIO","Butler County Sheriff's Office","Kostandini et al. 2014 Table A1","c.2010-11 ICE roster","signed 2008-02-05"
"tulsacountysheriffsoffice","OKLAHOMA","Tulsa County Sheriff's Office","Kostandini et al. 2014 Table A1","c.2010-11 ICE roster","signed 2007-08-06"
"beaufortcountysheriffsoffice","SOUTH CAROLINA","Beaufort County Sheriff's Office","Kostandini et al. 2014 Table A1","c.2010-11 ICE roster","signed 2008-06-25"
"charlestoncountysheriffsoffice","SOUTH CAROLINA","Charleston County Sheriff's Office","Kostandini et al. 2014 Table A1","c.2010-11 ICE roster","signed 2009-11-09"
"lexingtoncountysheriffsoffice","SOUTH CAROLINA","Lexington County Sheriff's Office","Kostandini et al. 2014 Table A1","c.2010-11 ICE roster","signed 2010-08-19"
"yorkcountysheriffsoffice","SOUTH CAROLINA","York County Sheriff's Office","Kostandini et al. 2014 Table A1","c.2010-11 ICE roster","signed 2007-10-16"
"davidsoncountysheriffsoffice","TENNESSEE","Davidson County Sheriff's Office","Kostandini et al. 2014 Table A1","c.2010-11 ICE roster","signed 2007-02-21"
"carrolltonpolicedepartment","TEXAS","Carrollton Police Department","Kostandini et al. 2014 Table A1","c.2010-11 ICE roster","signed 2008-08-12"
"farmersbranchpolicedepartment","TEXAS","Farmers Branch Police Department","Kostandini et al. 2014 Table A1","c.2010-11 ICE roster","signed 2008-07-08"
"harriscountysheriffsoffice","TEXAS","Harris County Sheriff's Office","Kostandini et al. 2014 Table A1","c.2010-11 ICE roster","signed 2008-07-20"
"washingtoncountysheriffsoffice","UTAH","Washington County Sheriff's Office","Kostandini et al. 2014 Table A1","c.2010-11 ICE roster","signed 2008-09-22"
"webercountysheriffsoffice","UTAH","Weber County Sheriff's Office","Kostandini et al. 2014 Table A1","c.2010-11 ICE roster","signed 2008-09-22"
"herndonpolicedepartment","VIRGINIA","Herndon Police Department","Kostandini et al. 2014 Table A1","c.2010-11 ICE roster","signed 2007-03-21"
"loudouncountysheriffsoffice","VIRGINIA","Loudoun County Sheriff's Office","Kostandini et al. 2014 Table A1","c.2010-11 ICE roster","signed 2008-06-25"
"manassasparkpolicedepartment","VIRGINIA","Manassas Park Police Department","Kostandini et al. 2014 Table A1","c.2010-11 ICE roster","signed 2008-03-10"
"manassaspolicedepartment","VIRGINIA","Manassas Police Department","Kostandini et al. 2014 Table A1","c.2010-11 ICE roster","signed 2008-03-05"
"princewilliamcountypolicedepartment","VIRGINIA","Prince William County Police Department","Kostandini et al. 2014 Table A1","c.2010-11 ICE roster","signed 2008-02-26"
"princewilliamcountysheriffsoffice","VIRGINIA","Prince William County Sheriff's Office","Kostandini et al. 2014 Table A1","c.2010-11 ICE roster","signed 2008-02-26"
"princewilliammanassasregionaljail","VIRGINIA","Prince William-Manassas Regional Jail","Kostandini et al. 2014 Table A1","c.2010-11 ICE roster","signed 2007-07-09"
"rockinghamcountysheriffsoffice","VIRGINIA","Rockingham County Sheriff's Office","Kostandini et al. 2014 Table A1","c.2010-11 ICE roster","signed 2007-04-25"
"shenandoahcountysheriffsoffice","VIRGINIA","Shenandoah County Sheriff's Office","Kostandini et al. 2014 Table A1","c.2010-11 ICE roster","signed 2007-05-10"
"alabamadepartmentofpublicsafety","ALABAMA","Alabama Department of Public Safety","Kostandini et al. 2014 Table A1","c.2010-11 ICE roster","signed 2003-09-10"
"arizonadepartmentofcorrections","ARIZONA","Arizona Department of Corrections","Kostandini et al. 2014 Table A1","c.2010-11 ICE roster","signed 2005-09-16"
"arizonadepartmentofpublicsafety","ARIZONA","Arizona Department of Public Safety","Kostandini et al. 2014 Table A1","c.2010-11 ICE roster","signed 2007-04-15"
"coloradodepartmentofpublicsafety","COLORADO","Colorado Department of Public Safety","Kostandini et al. 2014 Table A1","c.2010-11 ICE roster","signed 2007-03-29"
"delawaredepartmentofcorrections","DELAWARE","Delaware Department of Corrections","Kostandini et al. 2014 Table A1","c.2010-11 ICE roster","signed 2009-10-15"
"floridadepartmentoflawenforcement","FLORIDA","Florida Department of Law Enforcement","Kostandini et al. 2014 Table A1","c.2010-11 ICE roster","signed 2002-07-02"
"georgiadepartmentofpublicsafety","GEORGIA","Georgia Department of Public Safety","Kostandini et al. 2014 Table A1","c.2010-11 ICE roster","signed 2007-07-27"
"minnesotadepartmentofpublicsafety","MINNESOTA","Minnesota Department of Public Safety","Kostandini et al. 2014 Table A1","c.2010-11 ICE roster","signed 2008-09-22"
"missouristatehighwaypatrol","MISSOURI","Missouri State Highway Patrol","Kostandini et al. 2014 Table A1","c.2010-11 ICE roster","signed 2008-06-25"
"newmexicodepartmentofcorrections","NEW MEXICO","New Mexico Department of Corrections","Kostandini et al. 2014 Table A1","c.2010-11 ICE roster","signed 2007-09-17"
"tennesseehighwaypatroldepartmentofsafety","TENNESSEE","Tennessee Highway Patrol / Department of Safety","Kostandini et al. 2014 Table A1","c.2010-11 ICE roster","signed 2008-06-25"
"alabamadepartmentofpublicsafety",,"Alabama Department of Public Safety","Yale WIRAC FOIA","2008-01-17","in ICE production"
"alamancecountynorthcarolina",,"Alamance County, North Carolina","Yale WIRAC FOIA","2008-01-17","in ICE production"
"arizonadepartmentofcorrections",,"Arizona Department of Corrections","Yale WIRAC FOIA","2008-01-17","in ICE production"
"arizonadepartmentofpublicsafety",,"Arizona Department of Public Safety","Yale WIRAC FOIA","2008-01-17","in ICE production"
"barnstablecountymassachusetts",,"Barnstable County, Massachusetts","Yale WIRAC FOIA","2008-01-17","in ICE production"
"bentoncountyarkansas",,"Benton County, Arkansas","Yale WIRAC FOIA","2008-01-17","in ICE production"
"cabarruscountynorthcarolina",,"Cabarrus County, North Carolina","Yale WIRAC FOIA","2008-01-17","in ICE production"
"cobbcountygeorgia",,"Cobb County, Georgia","Yale WIRAC FOIA","2008-01-17","in ICE production"
"colliercountyflorida",,"Collier County, Florida","Yale WIRAC FOIA","2008-01-17","in ICE production"
"coloradodepartmentofpublicsafety",,"Colorado Department of Public Safety","Yale WIRAC FOIA","2008-01-17","in ICE production"
"elpasotexas",,"El Paso, Texas","Yale WIRAC FOIA","2008-01-17","in ICE production"
"florida",,"Florida","Yale WIRAC FOIA","2008-01-17","in ICE production"
"framinghammassachusetts",,"Framingham, Massachusetts","Yale WIRAC FOIA","2008-01-17","in ICE production"
"gastoncountync",,"Gaston County, N.C","Yale WIRAC FOIA","2008-01-17","in ICE production"
"georgiadepartmentofpublicsafety",,"Georgia Department of Public Safety","Yale WIRAC FOIA","2008-01-17","in ICE production"
"herndonvirginia",,"Herndon, Virginia","Yale WIRAC FOIA","2008-01-17","in ICE production"
"hudsonnewhampshire",,"Hudson, New Hampshire","Yale WIRAC FOIA","2008-01-17","in ICE production"
"lacountycalifornia",,"L.A. County, California","Yale WIRAC FOIA","2008-01-17","in ICE production"
"maricopacountyarizona",,"Maricopa County, Arizona","Yale WIRAC FOIA","2008-01-17","in ICE production"
"massachusettsdepartmentofcorrections",,"Massachusetts Department of Corrections","Yale WIRAC FOIA","2008-01-17","in ICE production"
"mecklenburgcountynorthcarolina",,"Mecklenburg County, North Carolina","Yale WIRAC FOIA","2008-01-17","in ICE production"
"nashvilleanddavidsoncountytennessee",,"Nashville & Davidson County, Tennessee","Yale WIRAC FOIA","2008-01-17","in ICE production"
"newmexicocorrectionsdepartment",,"New Mexico Corrections Department","Yale WIRAC FOIA","2008-01-17","in ICE production"
"orangecountycalifornia",,"Orange County, California","Yale WIRAC FOIA","2008-01-17","in ICE production"
"princewilliammanassasregionaladultdetentioncentervirginia",,"Prince William - Manassas Regional Adult Detention Center, Virginia","Yale WIRAC FOIA","2008-01-17","in ICE production"
"riversidecountycalifornia",,"Riverside County, California","Yale WIRAC FOIA","2008-01-17","in ICE production"
"rockinghamcountyvirginia",,"Rockingham County, Virginia","Yale WIRAC FOIA","2008-01-17","in ICE production"
"rogersarkansas",,"Rogers, Arkansas","Yale WIRAC FOIA","2008-01-17","in ICE production"
"sanbernardinocountycalifornia",,"San Bernardino County, California","Yale WIRAC FOIA","2008-01-17","in ICE production"
"shenandoahcountyvirginia",,"Shenandoah County, Virginia","Yale WIRAC FOIA","2008-01-17","in ICE production"
"springdalearkansas",,"Springdale, Arkansas","Yale WIRAC FOIA","2008-01-17","in ICE production"
"tulsacountyoklahoma",,"Tulsa County, Oklahoma","Yale WIRAC FOIA","2008-01-17","in ICE production"
"washingtoncountyarkansas",,"Washington County, Arkansas","Yale WIRAC FOIA","2008-01-17","in ICE production"
"yorkcountysouthcarolina",,"York County, South Carolina","Yale WIRAC FOIA","2008-01-17","in ICE production"
