state,county,agency,facility_name,source,facility_source_type,facility_operator_name,facility_source_state_fips,facility_source_county_fips,facility_status,doc_match_tier,doc_research_reason,facility_address,facility_city,facility_county,facility_latitude,facility_longitude
Alaska,NA,Alaska Department of Corrections,Barrow City Jail,jails_prisons,JAILS,North Slope Borough Corrections,02,02185,1,doc_excluded_local_jail,source type indicates local/federal jail or non-DOC facility,1068 Kiogak Street,Barrow,North Slope Borough,NA,NA
Alaska,NA,Alaska Department of Corrections,Bristol Bay Borough Jail,jails_prisons,JAILS,The Bristol Bay Borough Police Department,02,02060,1,doc_excluded_local_jail,source type indicates local/federal jail or non-DOC facility,"Building 150, King Salmon AFB",King Salmon,Bristol Bay Borough,NA,NA
Alaska,NA,Alaska Department of Corrections,BRISTOL BAY BOROUGH POLICE DEPARTMENT / KING SALMON JAIL,hifld,LOCAL POLICE DEPARTMENT,NA,02,02060,OPEN,doc_excluded_local_jail,source type indicates local/federal jail or non-DOC facility,"SHOOTING RANGE ROAD, BUILDING 150",KING SALMON,Bristol Bay,58.690334331,-156.657896202
Alaska,NA,Alaska Department of Corrections,Cordova City Jail,jails_prisons,JAILS,Cordova Police Department,02,02261,1,doc_excluded_local_jail,source type indicates local/federal jail or non-DOC facility,602 Railroad Avenue,Cordova,Valdez-Cordova Census Area,NA,NA
Alaska,NA,Alaska Department of Corrections,Craig City Jail,jails_prisons,JAILS,City of Craig Police Department,02,02198,1,doc_excluded_local_jail,source type indicates local/federal jail or non-DOC facility,506 Second Street,Craig,Prince Of Wales-Hyder Census Area,NA,NA
Alaska,NA,Alaska Department of Corrections,CRAIG JAIL FACILITY,hifld_prisons,LOCAL,NA,02,02198,OPEN,doc_excluded_local_jail,source type indicates local/federal jail or non-DOC facility,506 SECOND ST,CRAIG,Prince Of Wales-Hyder,55.4757181933589,-133.15209198672846
Alaska,NA,Alaska Department of Corrections,DILLINGHAM CORRECTIONS FACILITY,hifld_prisons,LOCAL,NA,02,02070,OPEN,doc_excluded_local_jail,source type indicates local/federal jail or non-DOC facility,404 D STREET,DILLINGHAM,Dillingham,59.040906594058306,-158.46640016806134
Alaska,NA,Alaska Department of Corrections,Haines Rual Jail Facility,jails_prisons,JAILS,Hainesborough Police Department,02,02100,1,doc_excluded_local_jail,source type indicates local/federal jail or non-DOC facility,3rd & Haines Highway,Haines,Haines Borough,NA,NA
Alaska,NA,Alaska Department of Corrections,HOMER COMMUNITY JAIL,hifld_prisons,LOCAL,NA,02,02122,OPEN,doc_excluded_local_jail,source type indicates local/federal jail or non-DOC facility,625 GRUBSTAKE AVE,HOMER,Kenai Peninsula,59.6442324475877,-151.52904715059552
Alaska,NA,Alaska Department of Corrections,Homer City Jail,jails_prisons,JAILS,Homer Police Department,02,02122,1,doc_excluded_local_jail,source type indicates local/federal jail or non-DOC facility,4060 Heath Street,Homer,Kenai Peninsula Borough,NA,NA
Alaska,NA,Alaska Department of Corrections,KING SALMON JAIL,hifld_prisons,LOCAL,NA,02,02060,OPEN,doc_excluded_local_jail,source type indicates local/federal jail or non-DOC facility,628 DISPATCH ROAD,KING SALMON,Bristol Bay,58.689590636419894,-156.66047941141989
Alaska,NA,Alaska Department of Corrections,KODIAK JAIL,hifld_prisons,LOCAL,NA,02,02150,OPEN,doc_excluded_local_jail,source type indicates local/federal jail or non-DOC facility,2160 MILL BAY RD,KODIAK,Kodiak Island,57.80451602577703,-152.37295886051558
Alaska,NA,Alaska Department of Corrections,KOTZEBUE POLICE DEPARTMENT / KOTZEBUE JAIL,hifld,LOCAL POLICE DEPARTMENT,NA,02,02188,OPEN,doc_excluded_local_jail,source type indicates local/federal jail or non-DOC facility,258 3RD AVENUE,KOTZEBUE,Northwest Arctic,66.896508341,-162.592350617
Alaska,NA,Alaska Department of Corrections,KOTZEBUE REGIONAL JAIL,hifld_prisons,LOCAL,NA,02,02188,OPEN,doc_excluded_local_jail,source type indicates local/federal jail or non-DOC facility,258 D FOURTH AVE,KOTZEBUE,Northwest Arctic,66.89649852942853,-162.59241430222536
Alaska,NA,Alaska Department of Corrections,NORTH SLOPE BOROUGH CORRECTIONAL CENTER,hifld_prisons,COUNTY,NA,02,02185,OPEN,doc_excluded_local_jail,source type indicates local/federal jail or non-DOC facility,1068 KIOGAK STREET,UTQIAGVIK,North Slope,71.29173736778269,-156.7882256814879
Alaska,NA,Alaska Department of Corrections,Petersburg Community Jail,jails_prisons,JAILS,Petersburg Police Department,02,02195,1,doc_excluded_local_jail,source type indicates local/federal jail or non-DOC facility,14 S Nordic Drive,Petersburg,Petersburg Census Area,NA,NA
Alaska,NA,Alaska Department of Corrections,SAND POINT JAIL,hifld_prisons,LOCAL,NA,02,02013,NOT AVAILABLE,doc_excluded_local_jail,source type indicates local/federal jail or non-DOC facility,100 SAND POINT AVE,SAND POINT,Aleutians East,55.34084432232649,-160.49812712766266
Alaska,NA,Alaska Department of Corrections,SAND POINT POLICE DEPARTMENT / SAND POINT JAIL,hifld,LOCAL POLICE DEPARTMENT,NA,02,02013,OPEN,doc_excluded_local_jail,source type indicates local/federal jail or non-DOC facility,100 SAND POINT AVENUE,SAND POINT,Aleutians East,55.3410927,-160.4955525
Alaska,NA,Alaska Department of Corrections,SCAMMON BAY POLICE DEPARTMENT / SCAMMON BAY CITY JAIL,hifld,LOCAL POLICE DEPARTMENT,NA,02,02270,OPEN,doc_excluded_local_jail,source type indicates local/federal jail or non-DOC facility,FRONT STREET,SCAMMON BAY,Wade Hampton,61.843057914,-165.584267529
Alaska,NA,Alaska Department of Corrections,SEWARD COMMUNITY JAIL,hifld_prisons,LOCAL,NA,02,02122,OPEN,doc_excluded_local_jail,source type indicates local/federal jail or non-DOC facility,410 ADAMS STREET,SEWARD,Kenai Peninsula,60.10313388722261,-149.43927613674254
Alaska,NA,Alaska Department of Corrections,SEWARD POLICE DEPARTMENT / SEWARD COMMUNITY JAIL,hifld,LOCAL POLICE DEPARTMENT,NA,02,02122,OPEN,doc_excluded_local_jail,source type indicates local/federal jail or non-DOC facility,410 ADAMS STREET,SEWARD,Kenai Peninsula,60.1031743,-149.4391231
Alaska,NA,Alaska Department of Corrections,SITKA COMMUNITY JAIL,hifld_prisons,LOCAL,NA,02,02220,OPEN,doc_excluded_local_jail,source type indicates local/federal jail or non-DOC facility,304 LAKE ST #102,SITKA,Sitka,57.052621480744754,-135.33365553914106
Alaska,NA,Alaska Department of Corrections,Sitka City Jail,jails_prisons,JAILS,Sitka Police Department,02,02220,1,doc_excluded_local_jail,source type indicates local/federal jail or non-DOC facility,"304 Lake Street, Room 102",Sitka,Sitka City And Borough,NA,NA
Alaska,NA,Alaska Department of Corrections,UNALASKA CITY JAIL,hifld_prisons,LOCAL,NA,02,02016,OPEN,doc_excluded_local_jail,source type indicates local/federal jail or non-DOC facility,29 SAFETY WAY,UNALASKA,Aleutians West,53.87128884752166,-166.54196129242908
Alaska,NA,Alaska Department of Corrections,Valdez City Jail,jails_prisons,JAILS,Valdez Police Department,02,02261,1,doc_excluded_local_jail,source type indicates local/federal jail or non-DOC facility,212 Chenega Avenue,Valdez,Valdez-Cordova Census Area,NA,NA
Alaska,NA,Alaska Department of Corrections,WRANGELL CORRECTIONAL CENTER,hifld_prisons,LOCAL,NA,02,02275,OPEN,doc_excluded_local_jail,source type indicates local/federal jail or non-DOC facility,431 ZIMOVIA HIGHWAY,WRANGELL,Wrangell,56.46939490497009,-132.3777338452073
Alaska,NA,Alaska Department of Corrections,Wrangell City Jail,jails_prisons,JAILS,Wrangell Police Department,02,02275,1,doc_excluded_local_jail,source type indicates local/federal jail or non-DOC facility,431 Zimovia Highway,Wrangell,Wrangell City And Borough,NA,NA
Arizona,NA,Arizona Department of Corrections,APACHE COUNTY JAIL,hifld_prisons,COUNTY,NA,04,04001,OPEN,doc_excluded_local_jail,source type indicates local/federal jail or non-DOC facility,370 S WASHINGTON ST,ST. JOHNS,Apache,34.501874523827084,-109.36524353429876
Arizona,NA,Arizona Department of Corrections,APACHE COUNTY SHERIFFS OFFICE / APACHE COUNTY JAIL,hifld,SHERIFF'S OFFICE,NA,04,04001,OPEN,doc_excluded_local_jail,source type indicates local/federal jail or non-DOC facility,370 SOUTH WASHINGTON STREET,SAINT JOHNS,Apache,34.501734,-109.3652427
Arizona,NA,Arizona Department of Corrections,AVONDALE CITY DETENTION FACILITY,hifld_prisons,LOCAL,NA,04,04013,OPEN,doc_excluded_local_jail,source type indicates local/federal jail or non-DOC facility,519 E WESTERN AVE,AVONDALE,Maricopa,33.43504649659721,-112.34406877181645
Arizona,NA,Arizona Department of Corrections,Avondale City Jail,jails_prisons,JAILS,Avondale Police Department,04,04013,1,doc_excluded_local_jail,source type indicates local/federal jail or non-DOC facility,519 East Western Avenue,Avondale,Maricopa County,NA,NA
Arizona,NA,Arizona Department of Corrections,AVONDALE POLICE DEPARTMENT - OLD TOWN SUB STATION / AVONDALE CITY JAIL,hifld,LOCAL POLICE DEPARTMENT,NA,04,04013,OPEN,doc_excluded_local_jail,source type indicates local/federal jail or non-DOC facility,519 EAST WESTERN AVENUE,AVONDALE,Maricopa,33.4350578,-112.3440615
Arizona,NA,Arizona Department of Corrections,BUREAU OF INDIAN AFFAIRS - HOPI AGENCY,hifld_prisons,FEDERAL,NA,04,04017,OPEN,doc_excluded_local_jail,source type indicates local/federal jail or non-DOC facility,"STATE ROUTE 264, MILEPOST 396",KEAMS CANYON,Navajo,35.81288939594204,-110.19776684619828
Arizona,NA,Arizona Department of Corrections,CENTRAL ARIZONA FLORENCE CORRECTIONAL COMPLEX - FLORENCE CORRECTIONAL CENTER,hifld_prisons,FEDERAL,NA,04,04021,OPEN,doc_excluded_local_jail,source type indicates local/federal jail or non-DOC facility,1100 BOWLING RD,FLORENCE,Pinal,33.044270657418295,-111.37182769903144
Arizona,NA,Arizona Department of Corrections,CHINLE ADULT AND JUVENILE FACILITY,hifld_prisons,FEDERAL,NA,04,04001,OPEN,doc_excluded_local_jail,source type indicates local/federal jail or non-DOC facility,BLDG. 1330 NAVAJO RT 7,CHINLE,Apache,36.15089386878997,-109.5583892753705
Arizona,NA,Arizona Department of Corrections,COCHISE COUNTY JAIL - MAIN,hifld_prisons,COUNTY,NA,04,04003,OPEN,doc_excluded_local_jail,source type indicates local/federal jail or non-DOC facility,203 N JUDD DR,BISBEE,Cochise,31.433347525377826,-109.87092434569351
Arizona,NA,Arizona Department of Corrections,COCHISE COUNTY JAIL - SIERRA VISTA,hifld_prisons,COUNTY,NA,04,04003,OPEN,doc_excluded_local_jail,source type indicates local/federal jail or non-DOC facility,100 COLONIA DE SALUD,SIERRA VISTA,Cochise,31.55300321939629,-110.23332922970037
Arizona,NA,Arizona Department of Corrections,COCHISE COUNTY JAIL - WILLCOX,hifld_prisons,COUNTY,NA,04,04003,OPEN,doc_excluded_local_jail,source type indicates local/federal jail or non-DOC facility,450 S CURTISS AVE,WILLCOX,Cochise,32.24910025946618,-109.83561185034753
Arizona,NA,Arizona Department of Corrections,COCHISE COUNTY JUVENILE DETENTION CENTER,hifld_prisons,COUNTY,NA,04,04003,OPEN,doc_excluded_local_jail,source type indicates local/federal jail or non-DOC facility,100 COLONIA DE SALUD,SIERRA VISTA,Cochise,31.553891701501378,-110.23318362270916
Arizona,NA,Arizona Department of Corrections,COCHISE COUNTY SHERIFFS OFFICE,hifld,SHERIFF'S OFFICE,NA,04,04003,OPEN,doc_excluded_local_jail,source type indicates local/federal jail or non-DOC facility,205 NORTH JUDD DRIVE,BISBEE,Cochise,31.4328624,-109.871846
Arizona,NA,Arizona Department of Corrections,COCONINO COUNTY DETENTION - FLAGSTAFF FACILITY,hifld_prisons,COUNTY,NA,04,04005,OPEN,doc_excluded_local_jail,source type indicates local/federal jail or non-DOC facility,951 E SAWMILL RD,FLAGSTAFF,Coconino,35.187437114739275,-111.64092059012224
Arizona,NA,Arizona Department of Corrections,COCONINO COUNTY DETENTION - PAGE FACILITY,hifld_prisons,COUNTY,NA,04,04005,OPEN,doc_excluded_local_jail,source type indicates local/federal jail or non-DOC facility,713 TUNNEL RD,PAGE,Coconino,36.90912787368924,-111.4839118445523
Arizona,NA,Arizona Department of Corrections,Coconino County Jail,jails_prisons,JAILS,Coconino County Sheriffs Office,04,04005,1,doc_excluded_local_jail,source type indicates local/federal jail or non-DOC facility,951 East Sawmill Road,Flagstaff,Coconino County,NA,NA
Arizona,NA,Arizona Department of Corrections,COCONINO COUNTY JUVENILE DETENTION CENTER,hifld_prisons,COUNTY,NA,04,04005,OPEN,doc_excluded_local_jail,source type indicates local/federal jail or non-DOC facility,1001 E SAWMILL RD,FLAGSTAFF,Coconino,35.18908103864658,-111.64063382002465
Arizona,NA,Arizona Department of Corrections,COCONINO COUNTY SHERIFFS OFFICE,hifld,SHERIFF'S OFFICE,NA,04,04005,OPEN,doc_excluded_local_jail,source type indicates local/federal jail or non-DOC facility,911 EAST SAWMILL ROAD,FLAGSTAFF,Coconino,35.187641775,-111.640966405
Arizona,NA,Arizona Department of Corrections,DURANGO JUVENILE DETENTION FACILITY,hifld_prisons,COUNTY,NA,04,04013,OPEN,doc_excluded_local_jail,source type indicates local/federal jail or non-DOC facility,3131 WEST DURANGO STREET,PHOENIX,Maricopa,33.42822603980778,-112.12833878255364
Arizona,NA,Arizona Department of Corrections,ELOY DETENTION CENTER,hifld_prisons,FEDERAL,NA,04,04021,OPEN,doc_excluded_local_jail,source type indicates local/federal jail or non-DOC facility,1705 EAST HANNA ROAD,ELOY,Pinal,32.817695812466226,-111.52006847465485
Arizona,NA,Arizona Department of Corrections,FCI PHOENIX,hifld_prisons,FEDERAL,NA,04,04013,OPEN,doc_excluded_local_jail,source type indicates local/federal jail or non-DOC facility,37900 N 45TH AVE,PHOENIX,Maricopa,33.833910554535734,-112.16859555671236
Arizona,NA,Arizona Department of Corrections,FCI PHOENIX CAMP,hifld_prisons,FEDERAL,NA,04,04013,OPEN,doc_excluded_local_jail,source type indicates local/federal jail or non-DOC facility,37900 N 45TH AVE,PHOENIX,Maricopa,33.83270945283009,-112.16216925859082
Arizona,NA,Arizona Department of Corrections,FCI SAFFORD,hifld_prisons,FEDERAL,NA,04,04009,OPEN,doc_excluded_local_jail,source type indicates local/federal jail or non-DOC facility,1529 W HWY 366,SAFFORD,Graham,32.71707314368679,-109.72451461353532
Arizona,NA,Arizona Department of Corrections,FCI TUCSON,hifld_prisons,FEDERAL,NA,04,04019,OPEN,doc_excluded_local_jail,source type indicates local/federal jail or non-DOC facility,8901 S WILMOT RD,TUCSON,Pima,32.089570498474096,-110.85623975984693
Arizona,NA,Arizona Department of Corrections,FLORENCE SERVICE PROCESSING CENTER,hifld_prisons,FEDERAL,NA,04,04021,OPEN,doc_excluded_local_jail,source type indicates local/federal jail or non-DOC facility,3250 N PINAL PARKWAY,FLORENCE,Pinal,33.064049904117724,-111.38329559236361
Arizona,NA,Arizona Department of Corrections,Gila County Globe Jail,jails_prisons,JAILS,Gila County Sheriffs Office,04,04007,1,doc_excluded_local_jail,source type indicates local/federal jail or non-DOC facility,1100 South Street,Globe,Gila County,NA,NA
Arizona,NA,Arizona Department of Corrections,GILA COUNTY JAIL - GLOBE,hifld_prisons,COUNTY,NA,04,04007,OPEN,doc_excluded_local_jail,source type indicates local/federal jail or non-DOC facility,1100 SOUTH ST,GLOBE,Gila,33.39250667751632,-110.77430997807393
Arizona,NA,Arizona Department of Corrections,GILA COUNTY JAIL - PAYSON,hifld_prisons,COUNTY,NA,04,04007,OPEN,doc_excluded_local_jail,source type indicates local/federal jail or non-DOC facility,108 WEST MAIN STREET,PAYSON,Gila,34.23147221471901,-111.32591462504688
Arizona,NA,Arizona Department of Corrections,GILA COUNTY JUVENILE DETENTION CENTER,hifld_prisons,COUNTY,NA,04,04007,OPEN,doc_excluded_local_jail,source type indicates local/federal jail or non-DOC facility,1350 E ASH ST,GLOBE,Gila,33.394676891936214,-110.77095364357457
Arizona,NA,Arizona Department of Corrections,Gila County Payson Jail,jails_prisons,JAILS,Gila County Sheriffs Office,04,04007,1,doc_excluded_local_jail,source type indicates local/federal jail or non-DOC facility,108 West Main Street,Payson,Gila County,NA,NA
Arizona,NA,Arizona Department of Corrections,GILA COUNTY SHERIFFS OFFICE / GILA COUNTY JAIL - NORTH COUNTY,hifld,SHERIFF'S OFFICE,NA,04,04007,OPEN,doc_excluded_local_jail,source type indicates local/federal jail or non-DOC facility,108 WEST MAIN STREET,PAYSON,Gila,34.2313583,-111.3258659
Arizona,NA,Arizona Department of Corrections,GILA COUNTY SHERIFFS OFFICE / GILA COUNTY JAIL - SOUTH COUNTY,hifld,SHERIFF'S OFFICE,NA,04,04007,OPEN,doc_excluded_local_jail,source type indicates local/federal jail or non-DOC facility,1100 SOUTH STREET,GLOBE,Gila,33.3924857,-110.7742152
Arizona,NA,Arizona Department of Corrections,GILA COUNTY SHERIFFS OFFICE - ROOSEVELT SUBSTATION,hifld,SHERIFF'S OFFICE,NA,04,04007,OPEN,doc_excluded_local_jail,source type indicates local/federal jail or non-DOC facility,"STATE ROUTE 188, MILEPOST 143",ROOSEVELT,Gila,33.669708,-111.141402
Arizona,NA,Arizona Department of Corrections,GLENDALE POLICE DEPARTMENT / GLENDALE JAIL,hifld,LOCAL POLICE DEPARTMENT,NA,04,04013,OPEN,doc_excluded_local_jail,source type indicates local/federal jail or non-DOC facility,6835 NORTH 57TH DRIVE,GLENDALE,Maricopa,33.5375672,-112.1820534
Arizona,NA,Arizona Department of Corrections,GLENDALE CITY JAIL,hifld_prisons,LOCAL,NA,04,04013,OPEN,doc_excluded_local_jail,source type indicates local/federal jail or non-DOC facility,6835 NORTH 57 DRIVE,GLENDALE,Maricopa,33.53748476714256,-112.18207909917862
Arizona,NA,Arizona Department of Corrections,GRAHAM COUNTY ADULT DETENTION CENTER,hifld_prisons,COUNTY,NA,04,04009,OPEN,doc_excluded_local_jail,source type indicates local/federal jail or non-DOC facility,600 W GRAHAM CANAL RD,SAFFORD,Graham,32.85724055195883,-109.71440911286362
Arizona,NA,Arizona Department of Corrections,Greenlee County Correctional Facility,jails_prisons,JAILS,Greenlee County Sheriffs Office,04,04011,1,doc_excluded_local_jail,source type indicates local/federal jail or non-DOC facility,800 S Coronado Boulevard,Clifton,Greenlee County,NA,NA
Arizona,NA,Arizona Department of Corrections,GREENLEE COUNTY JAIL,hifld_prisons,COUNTY,NA,04,04011,OPEN,doc_excluded_local_jail,source type indicates local/federal jail or non-DOC facility,824 SOUTH CORONADO BOULEVARD,CLIFTON,Greenlee,33.037635280939554,-109.29705025292822
Arizona,NA,Arizona Department of Corrections,GREENLEE COUNTY SHERIFFS OFFICE,hifld,SHERIFF'S OFFICE,NA,04,04011,OPEN,doc_excluded_local_jail,source type indicates local/federal jail or non-DOC facility,824 SOUTH CORONADO BOULEVARD,CLIFTON,Greenlee,33.037656276,-109.29705834
Arizona,NA,Arizona Department of Corrections,HUALAPAI ADULT DETENTION CENTER,hifld_prisons,FEDERAL,NA,04,04015,OPEN,doc_excluded_local_jail,source type indicates local/federal jail or non-DOC facility,924 RODEO WAY,PEACH SPRINGS,Mohave,35.52649956113867,-113.42340189313131
Arizona,NA,Arizona Department of Corrections,HUALAPAI JUVENILE DETENTION AND REHABILITATION CENTER,hifld_prisons,FEDERAL,NA,04,04015,OPEN,doc_excluded_local_jail,source type indicates local/federal jail or non-DOC facility,108 HIGH VIEW DR,PEACH SPRINGS,Mohave,35.542335907777684,-113.41085200544707
Arizona,NA,Arizona Department of Corrections,KAYENTA ADULT AND JUVENILE FACILITY,hifld_prisons,FEDERAL,NA,04,04017,OPEN,doc_excluded_local_jail,source type indicates local/federal jail or non-DOC facility,US HWY 163,KAYENTA,Navajo,36.71438289979516,-110.25498541690604
Arizona,NA,Arizona Department of Corrections,LA PAZ COUNTY ADULT DETENTION FACILITY,hifld_prisons,COUNTY,NA,04,04012,OPEN,doc_excluded_local_jail,source type indicates local/federal jail or non-DOC facility,1111 ARIZONA AVENUE,PARKER,La Paz,34.145480963033144,-114.29028506395346
Arizona,NA,Arizona Department of Corrections,LA PAZ COUNTY SHERIFFS OFFICE,hifld,SHERIFF'S OFFICE,NA,04,04012,OPEN,doc_excluded_local_jail,source type indicates local/federal jail or non-DOC facility,1109 ARIZONA AVENUE,PARKER,La Paz,34.145717,-114.2903633
Arizona,NA,Arizona Department of Corrections,Maricopa County Durango Jail,jails_prisons,JAILS,Maricopa County Sheriffs Office,04,04013,1,doc_excluded_local_jail,source type indicates local/federal jail or non-DOC facility,3225 West Gibson Lane,Phoenix,Maricopa County,NA,NA
Arizona,NA,Arizona Department of Corrections,Maricopa County Estrella Jail,jails_prisons,JAILS,Maricopa County Sheriffs Office,04,04013,1,doc_excluded_local_jail,source type indicates local/federal jail or non-DOC facility,2939 West Durango Street,Phoenix,Maricopa County,NA,NA
Arizona,NA,Arizona Department of Corrections,Maricopa County Fourth Avenue Jail,jails_prisons,JAILS,Maricopa County Sheriffs Office,04,04013,1,doc_excluded_local_jail,source type indicates local/federal jail or non-DOC facility,201 South 4th Avenue,Phoenix,Maricopa County,NA,NA
Arizona,NA,Arizona Department of Corrections,MARICOPA COUNTY JAIL - 4TH AVENUE JAIL,hifld_prisons,COUNTY,NA,04,04013,OPEN,doc_excluded_local_jail,source type indicates local/federal jail or non-DOC facility,201 S 4TH AVE,PHOENIX,Maricopa,33.44552179812557,-112.0783504666644
Arizona,NA,Arizona Department of Corrections,MARICOPA COUNTY JAIL - 512 FACILITY,hifld_prisons,COUNTY,NA,04,04013,OPEN,doc_excluded_local_jail,source type indicates local/federal jail or non-DOC facility,2670 S 28TH DR,PHOENIX,Maricopa,33.423985281076064,-112.12207387040132
Arizona,NA,Arizona Department of Corrections,MARICOPA COUNTY JAIL - DURANGO JAIL,hifld_prisons,COUNTY,NA,04,04013,CLOSED,doc_excluded_local_jail,source type indicates local/federal jail or non-DOC facility,3225 W GIBSON LANE,PHOENIX,Maricopa,33.42626027710985,-112.12995161926558
Arizona,NA,Arizona Department of Corrections,MARICOPA COUNTY JAIL - ESTRELLA JAIL,hifld_prisons,COUNTY,NA,04,04013,OPEN,doc_excluded_local_jail,source type indicates local/federal jail or non-DOC facility,2939 W DURANGO ROAD,PHOENIX,Maricopa,33.42809958643814,-112.12383577876099
Arizona,NA,Arizona Department of Corrections,MARICOPA COUNTY JAIL - LOWER BUCKEYE JAIL,hifld_prisons,COUNTY,NA,04,04013,OPEN,doc_excluded_local_jail,source type indicates local/federal jail or non-DOC facility,3250 W LOWER BUCKEYE ROAD,PHOENIX,Maricopa,33.42438548891994,-112.13018836568713
Arizona,NA,Arizona Department of Corrections,MARICOPA COUNTY JAIL - TOWERS JAIL,hifld_prisons,COUNTY,NA,04,04013,OPEN,doc_excluded_local_jail,source type indicates local/federal jail or non-DOC facility,3127 W GIBSON LANE,PHOENIX,Maricopa,33.42611718149293,-112.12678335144172
Arizona,NA,Arizona Department of Corrections,MARICOPA COUNTY JAIL - WATKINS JAIL,hifld_prisons,COUNTY,NA,04,04013,OPEN,doc_excluded_local_jail,source type indicates local/federal jail or non-DOC facility,2680 S 28TH DR,PHOENIX,Maricopa,33.423416393405105,-112.1232505322301
Arizona,NA,Arizona Department of Corrections,Maricopa County Lower Buckeye Jail,jails_prisons,JAILS,Maricopa County Sheriffs Office,04,04013,1,doc_excluded_local_jail,source type indicates local/federal jail or non-DOC facility,3250 West Lower Buckeye Road,Phoenix,Maricopa County,NA,NA
Arizona,NA,Arizona Department of Corrections,MARICOPA COUNTY SHERIFFS OFFICE,hifld,SHERIFF'S OFFICE,NA,04,04013,OPEN,doc_excluded_local_jail,source type indicates local/federal jail or non-DOC facility,"100 WEST WASHINGTON STREET, 19TH FLOOR",PHOENIX,Maricopa,33.448669562,-112.075576059
Arizona,NA,Arizona Department of Corrections,MARICOPA COUNTY SHERIFFS OFFICE - DISTRICT 1,hifld,SHERIFF'S OFFICE,NA,04,04013,OPEN,doc_excluded_local_jail,source type indicates local/federal jail or non-DOC facility,1840 SOUTH LEWIS,MESA,Maricopa,33.3809027,-111.829829
Arizona,NA,Arizona Department of Corrections,MARICOPA COUNTY SHERIFFS OFFICE - DISTRICT 2,hifld,SHERIFF'S OFFICE,NA,04,04013,OPEN,doc_excluded_local_jail,source type indicates local/federal jail or non-DOC facility,920 EAST VAN BUREN STREET,AVONDALE,Maricopa,33.4505864,-112.3386937
Arizona,NA,Arizona Department of Corrections,MARICOPA COUNTY SHERIFFS DEPARTMENT - DISTRICT 7 FOUNTAIN HILLS,hifld,SHERIFF'S OFFICE,NA,04,04013,OPEN,doc_excluded_local_jail,source type indicates local/federal jail or non-DOC facility,16705 EAST AVENUE OF THE FOUNTAINS,FOUNTAIN HILLS,Maricopa,33.604705496,-111.721204195
Arizona,NA,Arizona Department of Corrections,Maricopa County Towers Jail,jails_prisons,JAILS,Maricopa County Sheriffs Office,04,04013,1,doc_excluded_local_jail,source type indicates local/federal jail or non-DOC facility,3127 West Gibson Lane,Phoenix,Maricopa County,NA,NA
Arizona,NA,Arizona Department of Corrections,Mohave County Adult Detention Facility,jails_prisons,JAILS,Mohave County Sheriffs Office,04,04015,1,doc_excluded_local_jail,source type indicates local/federal jail or non-DOC facility,501 West Highway 66,Kingman,Mohave County,NA,NA
Arizona,NA,Arizona Department of Corrections,MOHAVE COUNTY JAIL,hifld,LOCAL POLICE DEPARTMENT,NA,04,04015,OPEN,doc_excluded_local_jail,source type indicates local/federal jail or non-DOC facility,415 PINE STREET,KINGMAN,Mohave,35.1925545,-114.0521667
Arizona,NA,Arizona Department of Corrections,MOHAVE COUNTY JAIL ANNEX,hifld,LOCAL POLICE DEPARTMENT,NA,04,04015,OPEN,doc_excluded_local_jail,source type indicates local/federal jail or non-DOC facility,770 WEST BEALE STREET,KINGMAN,Mohave,35.1900811,-114.0657279
Arizona,NA,Arizona Department of Corrections,MOHAVE COUNTY JAIL / DETENTION,hifld_prisons,COUNTY,NA,04,04015,OPEN,doc_excluded_local_jail,source type indicates local/federal jail or non-DOC facility,501 S HIGHWAY 66,KINGMAN,Mohave,35.18666086331527,-114.06459623118846
Arizona,NA,Arizona Department of Corrections,MOHAVE COUNTY JUVENILE DETENTION FACILITY,hifld_prisons,COUNTY,NA,04,04015,OPEN,doc_excluded_local_jail,source type indicates local/federal jail or non-DOC facility,300 WEST ANDY DEVINE AVENUE,KINGMAN,Mohave,35.18856394890694,-114.06105621882409
Arizona,NA,Arizona Department of Corrections,MOHAVE COUNTY SHERIFFS OFFICE,hifld,SHERIFF'S OFFICE,NA,04,04015,OPEN,doc_excluded_local_jail,source type indicates local/federal jail or non-DOC facility,600 WEST BEALE STREET,KINGMAN,Mohave,35.189718202,-114.064643632
Arizona,NA,Arizona Department of Corrections,MOHAVE COUNTY SHERIFFS OFFICE - BEAVER DAM,hifld,SHERIFF'S OFFICE,NA,04,04015,OPEN,doc_excluded_local_jail,source type indicates local/federal jail or non-DOC facility,700 NORTH COUNTY HIGHWAY 91,BEAVER DAM,Mohave,36.9093774,-113.9288739
Arizona,NA,Arizona Department of Corrections,MOHAVE COUNTY SHERIFFS OFFICE - DISTRICT 2 SUBSTATION,hifld,SHERIFF'S OFFICE,NA,04,04015,OPEN,doc_excluded_local_jail,source type indicates local/federal jail or non-DOC facility,9880 VANDERSLICE ROAD,MOHAVE VALLEY,Mohave,34.8693635,-114.5621496
Arizona,NA,Arizona Department of Corrections,MOHAVE COUNTY SHERIFFS OFFICE - LAKE HAVASU DISTRICT 3 SUBSTATION,hifld,SHERIFF'S OFFICE,NA,04,04015,OPEN,doc_excluded_local_jail,source type indicates local/federal jail or non-DOC facility,3500 NORTH STATE ROUTE 95,LAKE HAVASU,Mohave,34.5390102,-114.3519349
Arizona,NA,Arizona Department of Corrections,Navajo County Detention Center,jails_prisons,JAILS,Navajo County Sheriffs Office,04,04017,1,doc_excluded_local_jail,source type indicates local/federal jail or non-DOC facility,100 East Code Talkers Drive,Holbrook,Navajo County,NA,NA
Arizona,NA,Arizona Department of Corrections,NAVAJO COUNTY JAIL,hifld_prisons,COUNTY,NA,04,04017,OPEN,doc_excluded_local_jail,source type indicates local/federal jail or non-DOC facility,100 E CODE TALKERS DRIVE,HOLBROOK,Navajo,34.870760428063335,-110.15489123554951
Arizona,NA,Arizona Department of Corrections,NAVAJO COUNTY JUVENILE DETENTION CENTER,hifld_prisons,COUNTY,NA,04,04017,OPEN,doc_excluded_local_jail,source type indicates local/federal jail or non-DOC facility,100 E CODE TALKERS DRIVE,HOLBROOK,Navajo,34.869804293787794,-110.15558081542723
Arizona,NA,Arizona Department of Corrections,NAVAJO COUNTY SHERIFFS OFFICE,hifld,SHERIFF'S OFFICE,NA,04,04017,OPEN,doc_excluded_local_jail,source type indicates local/federal jail or non-DOC facility,137 WEST ARIZONA STREET,HOLBROOK,Navajo,34.9025198,-110.1592579
Arizona,NA,Arizona Department of Corrections,PIMA COUNTY ADULT DETENTION CENTER,hifld_prisons,COUNTY,NA,04,04019,OPEN,doc_excluded_local_jail,source type indicates local/federal jail or non-DOC facility,1270 W SILVERLAKE RD,TUCSON,Pima,32.200613480994946,-110.99131901537982
Arizona,NA,Arizona Department of Corrections,Pima County Adult Detention Complex,jails_prisons,JAILS,Pima County Sheriffs Department,04,04019,1,doc_excluded_local_jail,source type indicates local/federal jail or non-DOC facility,1270 West Silverlake Road,Tucson,Pima County,NA,NA
Arizona,NA,Arizona Department of Corrections,PIMA COUNTY JAIL - AJO DISTRICT,hifld_prisons,COUNTY,NA,04,04019,OPEN,doc_excluded_local_jail,source type indicates local/federal jail or non-DOC facility,1249 W AJO WELL ROAD,AJO,Pima,32.38277458723798,-112.85730683190818
Arizona,NA,Arizona Department of Corrections,PIMA COUNTY JAIL - MINIMUM SECURITY FACILITY,hifld_prisons,COUNTY,NA,04,04019,CLOSED,doc_excluded_local_jail,source type indicates local/federal jail or non-DOC facility,1801 SOUTH MISSION ROAD,TUCSON,Pima,32.20074373438492,-110.99482922495108
Arizona,NA,Arizona Department of Corrections,PIMA COUNTY JUVENILE COURT CENTER,hifld_prisons,COUNTY,NA,04,04019,OPEN,doc_excluded_local_jail,source type indicates local/federal jail or non-DOC facility,2225 E AJO WAY,TUCSON,Pima,32.17946796918429,-110.93944566904884
Arizona,NA,Arizona Department of Corrections,PIMA COUNTY SHERIFFS OFFICE,hifld,SHERIFF'S OFFICE,NA,04,04019,OPEN,doc_excluded_local_jail,source type indicates local/federal jail or non-DOC facility,1750 EAST BENSON HIGHWAY,TUCSON,Pima,32.1710385,-110.946597
Arizona,NA,Arizona Department of Corrections,PIMA COUNTY SHERIFFS OFFICE - AJO DISTRICT OFFICE,hifld,SHERIFF'S OFFICE,NA,04,04019,OPEN,doc_excluded_local_jail,source type indicates local/federal jail or non-DOC facility,1249 AJO WELL ROAD,AJO,Pima,32.3826916,-112.8571946
Arizona,NA,Arizona Department of Corrections,PIMA COUNTY SHERIFFS OFFICE - CORONA DE TUCSON SATELLITE OFFICE,hifld,SHERIFF'S OFFICE,NA,04,04019,OPEN,doc_excluded_local_jail,source type indicates local/federal jail or non-DOC facility,16449 SOUTH HOUGHTON ROAD,CORONA DE TUCSON,Pima,31.9566822,-110.7717676
Arizona,NA,Arizona Department of Corrections,PIMA COUNTY SHERIFFS OFFICE - FOOTHILLS DISTRICT OFFICE,hifld,SHERIFF'S OFFICE,NA,04,04019,OPEN,doc_excluded_local_jail,source type indicates local/federal jail or non-DOC facility,7300 NORTH SHANNON ROAD,TUCSON,Pima,32.3398757,-111.0281314
Arizona,NA,Arizona Department of Corrections,PIMA COUNTY SHERIFFS OFFICE - GREEN VALLEY DISTRICT OFFICE,hifld,SHERIFF'S OFFICE,NA,04,04019,OPEN,doc_excluded_local_jail,source type indicates local/federal jail or non-DOC facility,601 NORTH LA CANADA DRIVE,GREEN VALLEY,Pima,31.8801955,-110.9965885
Arizona,NA,Arizona Department of Corrections,PIMA COUNTY SHERIFFS OFFICE - RINCON DISTRICT OFFICE,hifld,SHERIFF'S OFFICE,NA,04,04019,OPEN,doc_excluded_local_jail,source type indicates local/federal jail or non-DOC facility,8999 EAST TANQUE VERDE ROAD,TUCSON,Pima,32.2586278,-110.8001208
Arizona,NA,Arizona Department of Corrections,PIMA COUNTY SHERIFFS OFFICE - ROBLES RANCH SUBSTATION,hifld,SHERIFF'S OFFICE,NA,04,04019,OPEN,doc_excluded_local_jail,source type indicates local/federal jail or non-DOC facility,16140 WEST AJO HIGHWAY,TUCSON,Pima,32.0795197,-111.3095353
Arizona,NA,Arizona Department of Corrections,PIMA COUNTY SHERIFFS OFFICE - SAN XAVIER DISTRICT OFFICE,hifld,SHERIFF'S OFFICE,NA,04,04019,OPEN,doc_excluded_local_jail,source type indicates local/federal jail or non-DOC facility,2545 EAST AJO WAY,TUCSON,Pima,32.178515,-110.9339228
Arizona,NA,Arizona Department of Corrections,PIMA COUNTY SHERIFFS OFFICE - TUCSON MOUNTAIN DISTRICT OFFICE,hifld,SHERIFF'S OFFICE,NA,04,04019,OPEN,doc_excluded_local_jail,source type indicates local/federal jail or non-DOC facility,6261 NORTH SANDARIO ROAD,TUCSON,Pima,32.3184674,-111.2186428
Arizona,NA,Arizona Department of Corrections,PINAL COUNTY ADULT DETENTION CENTER,hifld_prisons,COUNTY,NA,04,04021,OPEN,doc_excluded_local_jail,source type indicates local/federal jail or non-DOC facility,971 JASON LOPEZ CIRCLE,FLORENCE,Pinal,33.039955315447585,-111.37569143797441
Arizona,NA,Arizona Department of Corrections,Pinal County Jail,jails_prisons,JAILS,Pinal County Sheriffs Office,04,04021,1,doc_excluded_local_jail,source type indicates local/federal jail or non-DOC facility,971 North Jason Lopez Circle,Florence,Pinal County,NA,NA
Arizona,NA,Arizona Department of Corrections,PINAL COUNTY SHERIFFS OFFICE - ARIZONA CITY SUBSTATION,hifld,SHERIFF'S OFFICE,NA,04,04021,OPEN,doc_excluded_local_jail,source type indicates local/federal jail or non-DOC facility,1370 SOUTH SUNLAND GIN ROAD,ARIZONA CITY,Pinal,32.7537298,-111.6716885
Arizona,NA,Arizona Department of Corrections,PINAL COUNTY SHERIFFS OFFICE - ORACLE SUBSTATION,hifld,SHERIFF'S OFFICE,NA,04,04021,OPEN,doc_excluded_local_jail,source type indicates local/federal jail or non-DOC facility,1470 NORTH JUSTICE DRIVE,ORACLE,Pinal,32.61409745,-110.764325246
Arizona,NA,Arizona Department of Corrections,PINAL COUNTY SHERIFFS OFFICE - QUEEN CREEK SUBSTATION,hifld,SHERIFF'S OFFICE,NA,04,04021,OPEN,doc_excluded_local_jail,source type indicates local/federal jail or non-DOC facility,"968 EAST HUNT HIGHWAY, SUITE 1",QUEEN CREEK,Pinal,33.15557031,-111.557298407
Arizona,NA,Arizona Department of Corrections,PINAL COUNTY SHERIFFS OFFICE - SADDLEBROOKE SUBSTATION,hifld,SHERIFF'S OFFICE,NA,04,04021,OPEN,doc_excluded_local_jail,source type indicates local/federal jail or non-DOC facility,63701 EAST SADDLEBROOKE BOULEVARD,SADDLEBROOKE,Pinal,32.535621247,-110.887727496
Arizona,NA,Arizona Department of Corrections,PINAL COUNTY YOUTH JUSTICE CENTER,hifld_prisons,COUNTY,NA,04,04021,OPEN,doc_excluded_local_jail,source type indicates local/federal jail or non-DOC facility,1410 EAST DIVERSION DAM ROAD,FLORENCE,Pinal,33.03921856645964,-111.37143480471121
Arizona,NA,Arizona Department of Corrections,SALT RIVER DEPARTMENT OF CORRECTIONS,hifld_prisons,FEDERAL,NA,04,04013,OPEN,doc_excluded_local_jail,source type indicates local/federal jail or non-DOC facility,3213 NORTH LONGMORE ROAD,SCOTTSDALE,Maricopa,33.48515862762599,-111.86409650422353
Arizona,NA,Arizona Department of Corrections,SAN CARLOS ADULT / JUVENILE DETENTION CENTER,hifld_prisons,FEDERAL,NA,04,04007,OPEN,doc_excluded_local_jail,source type indicates local/federal jail or non-DOC facility,INDIAN ROUTE 6 MP 10.5,SAN CARLOS,Gila,33.35990206017278,-110.48030879187611
Arizona,NA,Arizona Department of Corrections,Santa Cruz County Adult Detention Center,jails_prisons,JAILS,Santa Cruz County Sheriffs Office,04,04023,1,doc_excluded_local_jail,source type indicates local/federal jail or non-DOC facility,2170 North Congress Drive,Nogales,Santa Cruz County,NA,NA
Arizona,NA,Arizona Department of Corrections,SANTA CRUZ COUNTY JAIL,hifld_prisons,COUNTY,NA,04,04023,OPEN,doc_excluded_local_jail,source type indicates local/federal jail or non-DOC facility,2170 N CONGRESS DRIVE,NOGALES,Santa Cruz,31.37210055136874,-110.93763644895165
Arizona,NA,Arizona Department of Corrections,SANTA CRUZ COUNTY JUVENILE DETENTION CENTER,hifld_prisons,COUNTY,NA,04,04023,OPEN,doc_excluded_local_jail,source type indicates local/federal jail or non-DOC facility,2170 N CONGRESS DR,NOGALES,Santa Cruz,31.372551947818778,-110.9381572209296
Arizona,NA,Arizona Department of Corrections,SANTA CRUZ COUNTY SHERIFFS OFFICE,hifld,SHERIFF'S OFFICE,NA,04,04023,OPEN,doc_excluded_local_jail,source type indicates local/federal jail or non-DOC facility,1250 NORTH HOHOKAM DRIVE,NOGALES,Santa Cruz,31.3553822,-110.9278497
Arizona,NA,Arizona Department of Corrections,SCOTTSDALE CITY JAIL,hifld_prisons,LOCAL,NA,04,04013,OPEN,doc_excluded_local_jail,source type indicates local/federal jail or non-DOC facility,3700 N 75TH ST,SCOTTSDALE,Maricopa,33.49057477132184,-111.92024672329596
Arizona,NA,Arizona Department of Corrections,SOUTHEAST JUVENILE DETENTION FACILITY,hifld_prisons,COUNTY,NA,04,04013,NOT AVAILABLE,doc_excluded_local_jail,source type indicates local/federal jail or non-DOC facility,222 E JAVELINA AVE,MESA,Maricopa,33.381931340659136,-111.83065836909041
Arizona,NA,Arizona Department of Corrections,TEMPE CITY JAIL,hifld_prisons,LOCAL,NA,04,04013,OPEN,doc_excluded_local_jail,source type indicates local/federal jail or non-DOC facility,120 E 5TH STREET,TEMPE,Maricopa,33.4261547685388,-111.93749166855365
Arizona,NA,Arizona Department of Corrections,TEMPE POLICE DEPARTMENT - MAIN STATION / TEMPE CITY JAIL,hifld,LOCAL POLICE DEPARTMENT,NA,04,04013,OPEN,doc_excluded_local_jail,source type indicates local/federal jail or non-DOC facility,120 EAST 5TH STREET,TEMPE,Maricopa,33.425971,-111.9376671
Arizona,NA,Arizona Department of Corrections,TUBA CITY ADULT CORRECTIONS,hifld_prisons,FEDERAL,NA,04,04005,OPEN,doc_excluded_local_jail,source type indicates local/federal jail or non-DOC facility,240 S MAIN ST,TUBA CITY,Coconino,36.1280044997422,-111.23638148866506
Arizona,NA,Arizona Department of Corrections,USP TUCSON,hifld_prisons,FEDERAL,NA,04,04019,OPEN,doc_excluded_local_jail,source type indicates local/federal jail or non-DOC facility,9300 SOUTH WILMOT RD,TUCSON,Pima,32.08384223744909,-110.86710801313328
Arizona,NA,Arizona Department of Corrections,USP TUCSON CAMP,hifld_prisons,FEDERAL,NA,04,04019,OPEN,doc_excluded_local_jail,source type indicates local/federal jail or non-DOC facility,9300 SOUTH WILMOT RD,TUCSON,Pima,32.08116393990501,-110.86225190607374
Arizona,NA,Arizona Department of Corrections,WINDOW ROCK ADULT FACILITY,hifld_prisons,FEDERAL,NA,04,04001,OPEN,doc_excluded_local_jail,source type indicates local/federal jail or non-DOC facility,N RT 12 AND WINDOW ROCK BLVD,WINDOW ROCK,Apache,35.6734293383838,-109.05759057338675
Arizona,NA,Arizona Department of Corrections,Yavapai County Camp Verde Facility,jails_prisons,JAILS,Yavapai County Sheriffs Office,04,04025,1,doc_excluded_local_jail,source type indicates local/federal jail or non-DOC facility,2830 North Commonwealth Drive,Camp Verde,Yavapai County,NA,NA
Arizona,NA,Arizona Department of Corrections,YAVAPAI COUNTY DETENTION CENTER - CAMP VERDE,hifld_prisons,COUNTY,NA,04,04025,OPEN,doc_excluded_local_jail,source type indicates local/federal jail or non-DOC facility,2830 N COMMONWEALTH DRIVE,CAMP VERDE,Yavapai,34.61054392684316,-111.9165729655626
Arizona,NA,Arizona Department of Corrections,YAVAPAI COUNTY DETENTION CENTER - PRESCOTT,hifld_prisons,COUNTY,NA,04,04025,OPEN,doc_excluded_local_jail,source type indicates local/federal jail or non-DOC facility,1200 PRESCOTT LAKES PKWY,PRESCOTT,Yavapai,34.569926071082456,-112.42669441106885
Arizona,NA,Arizona Department of Corrections,YAVAPAI COUNTY DETENTION CENTER - PRESCOTT (OLD),hifld_prisons,COUNTY,NA,04,04025,CLOSED,doc_excluded_local_jail,source type indicates local/federal jail or non-DOC facility,255 E GURLEY ST,PRESCOTT,Yavapai,34.54148847753664,-112.46661000892159
Arizona,NA,Arizona Department of Corrections,YAVAPAI COUNTY JUVENILE DETENTION CENTER,hifld_prisons,COUNTY,NA,04,04025,OPEN,doc_excluded_local_jail,source type indicates local/federal jail or non-DOC facility,1100 PRESCOTT LAKES PARKWAY,PRESCOTT,Yavapai,34.56638462346171,-112.42482805353836
Arizona,NA,Arizona Department of Corrections,YAVAPAI COUNTY SHERIFFS OFFICE - HEADQUARTERS,hifld,SHERIFF'S OFFICE,NA,04,04025,OPEN,doc_excluded_local_jail,source type indicates local/federal jail or non-DOC facility,255 EAST GURLEY STREET,PRESCOTT,Yavapai,34.5415012,-112.4665698
Arizona,NA,Arizona Department of Corrections,YUMA COUNTY DETENTION CENTER,hifld_prisons,COUNTY,NA,04,04027,OPEN,doc_excluded_local_jail,source type indicates local/federal jail or non-DOC facility,200 W COURT ST,YUMA,Yuma,32.724668022519694,-114.62244960118845
Arizona,NA,Arizona Department of Corrections,YUMA COUNTY JUVENILE JUSTICE CENTER,hifld_prisons,COUNTY,NA,04,04027,OPEN,doc_excluded_local_jail,source type indicates local/federal jail or non-DOC facility,2440 WEST 28TH STREET,YUMA,Yuma,32.67779372683471,-114.64913783001562
Arkansas,Pulaksi County,Arkansas Department of Corrections,Arkansas County Detention Center,jails_prisons,JAILS,Arkansas County Sheriffs Office,05,05001,1,doc_excluded_local_jail,source type indicates local/federal jail or non-DOC facility,1000 Ricebelt Avenue,DeWitt,Arkansas County,NA,NA
Arkansas,Pulaksi County,Arkansas Department of Corrections,ARKANSAS COUNTY JAIL,hifld_prisons,COUNTY,NA,05,05001,OPEN,doc_excluded_local_jail,source type indicates local/federal jail or non-DOC facility,1000 RICEBELT AVENUE,DEWITT,Arkansas,34.27290688621681,-91.34500495233229
Arkansas,Pulaksi County,Arkansas Department of Corrections,ARKANSAS COUNTY SHERIFFS OFFICE,hifld,SHERIFF'S OFFICE,NA,05,05001,OPEN,doc_excluded_local_jail,source type indicates local/federal jail or non-DOC facility,312 SOUTH COLLEGE STREET,STUTTGART,Arkansas,34.4995796,-91.5516971
Arkansas,Pulaksi County,Arkansas Department of Corrections,ARKANSAS COUNTY SHERIFF - SOUTHERN DISTRICT,hifld,SHERIFF'S OFFICE,NA,05,05001,OPEN,doc_excluded_local_jail,source type indicates local/federal jail or non-DOC facility,1000 RICE BELT AVENUE,DEWITT,Arkansas,34.272232056,-91.344792244
Arkansas,Pulaksi County,Arkansas Department of Corrections,ASHLEY COUNTY DETENTION CENTER,hifld_prisons,COUNTY,NA,05,05003,OPEN,doc_excluded_local_jail,source type indicates local/federal jail or non-DOC facility,842 ASHLEY 12 WEST,HAMBURG,Ashley,33.22909559410553,-91.8135612262399
Arkansas,Pulaksi County,Arkansas Department of Corrections,Ashley County Jail,jails_prisons,JAILS,Ashley County Sheriffs Office,05,05003,1,doc_excluded_local_jail,source type indicates local/federal jail or non-DOC facility,842 Ashley 12 West,Hamburg,Ashley County,NA,NA
Arkansas,Pulaksi County,Arkansas Department of Corrections,ASHLEY COUNTY SHERIFFS OFFICE,hifld,SHERIFF'S OFFICE,NA,05,05003,OPEN,doc_excluded_local_jail,source type indicates local/federal jail or non-DOC facility,842 ASHLEY ROAD 12 WEST,HAMBURG,Ashley,33.229093399999996,-91.8133436
Arkansas,Pulaksi County,Arkansas Department of Corrections,Baxter County Jail,jails_prisons,JAILS,Baxter County Sheriffs Office,05,05005,1,doc_excluded_local_jail,source type indicates local/federal jail or non-DOC facility,904 Highway 62 West,Mountain Home,Baxter County,NA,NA
Arkansas,Pulaksi County,Arkansas Department of Corrections,BAXTER COUNTY JAIL / SHERIFF,hifld_prisons,COUNTY,NA,05,05005,OPEN,doc_excluded_local_jail,source type indicates local/federal jail or non-DOC facility,904 HWY 62 W,MOUNTAIN HOME,Baxter,36.33375302438738,-92.38736322857923
Arkansas,Pulaksi County,Arkansas Department of Corrections,BAXTER COUNTY SHERIFFS OFFICE,hifld,SHERIFF'S OFFICE,NA,05,05005,OPEN,doc_excluded_local_jail,source type indicates local/federal jail or non-DOC facility,904 UNITED STATES HIGHWAY 62 BUISNESS ROUTE SOUTHWEST,MOUNTAIN HOME,Baxter,36.333436646,-92.386822568
Arkansas,Pulaksi County,Arkansas Department of Corrections,Benton County Detention Facility,jails_prisons,JAILS,Benton County Sheriffs Office,05,05007,1,doc_excluded_local_jail,source type indicates local/federal jail or non-DOC facility,1300 SW 14th Street,Bentonville,Benton County,NA,NA
Arkansas,Pulaksi County,Arkansas Department of Corrections,BENTON COUNTY JAIL,hifld_prisons,COUNTY,NA,05,05007,OPEN,doc_excluded_local_jail,source type indicates local/federal jail or non-DOC facility,1300 SOUTHWEST 14TH STREET,BENTONVILLE,Benton,36.35980461543961,-94.22930955506052
Arkansas,Pulaksi County,Arkansas Department of Corrections,BENTON COUNTY JUVENILE DETENTION CENTER,hifld_prisons,COUNTY,NA,05,05007,OPEN,doc_excluded_local_jail,source type indicates local/federal jail or non-DOC facility,1301 SW MELISSA DR,BENTONVILLE,Benton,36.35996625790023,-94.22700631724736
Arkansas,Pulaksi County,Arkansas Department of Corrections,BENTON COUNTY SHERIFFS OFFICE,hifld,SHERIFF'S OFFICE,NA,05,05007,OPEN,doc_excluded_local_jail,source type indicates local/federal jail or non-DOC facility,1301 SOUTHWEST 14TH STREET,BENTONVILLE,Benton,36.359916817,-94.226951818
Arkansas,Pulaksi County,Arkansas Department of Corrections,BENTON COUNTY SHERIFFS OFFICE - BELLA VISTA DIVISION,hifld,SHERIFF'S OFFICE,NA,05,05007,OPEN,doc_excluded_local_jail,source type indicates local/federal jail or non-DOC facility,1300 SW 14TH ST,BELLA VISTA,Benton,36.359628,-94.229538
Arkansas,Pulaksi County,Arkansas Department of Corrections,BOONE COUNTY JAIL,hifld_prisons,COUNTY,NA,05,05009,OPEN,doc_excluded_local_jail,source type indicates local/federal jail or non-DOC facility,5800 LAW DRIVE,HARRISON,Boone,36.177333349676296,-93.0240065426103
Arkansas,Pulaksi County,Arkansas Department of Corrections,Boone County Law Enforcement Center,jails_prisons,JAILS,Boone County Sheriffs Office,05,05009,1,doc_excluded_local_jail,source type indicates local/federal jail or non-DOC facility,5800 Law Drive,Harrison,Boone County,NA,NA
Arkansas,Pulaksi County,Arkansas Department of Corrections,BOONE COUNTY SHERIFFS OFFICE,hifld,SHERIFF'S OFFICE,NA,05,05009,OPEN,doc_excluded_local_jail,source type indicates local/federal jail or non-DOC facility,400 EAST PROSPECT STREET,HARRISON,Boone,36.2329415,-93.1028619
Arkansas,Pulaksi County,Arkansas Department of Corrections,BRADLEY COUNTY SHERIFFS OFFICE,hifld,SHERIFF'S OFFICE,NA,05,05011,OPEN,doc_excluded_local_jail,source type indicates local/federal jail or non-DOC facility,107 NORTH MYRTLE STREET,WARREN,Bradley,33.614954151,-92.063688149
Arkansas,Pulaksi County,Arkansas Department of Corrections,Brinkley City Jail,jails_prisons,JAILS,Brinkley Police Department,05,05095,1,doc_excluded_local_jail,source type indicates local/federal jail or non-DOC facility,233 West Cedar Street,Brinkley,Monroe County,NA,NA
Arkansas,Pulaksi County,Arkansas Department of Corrections,Calhoun County Detention Center,jails_prisons,JAILS,Calhoun County Sheriffs Office,05,05013,1,doc_excluded_local_jail,source type indicates local/federal jail or non-DOC facility,449 9th Street,Hampton,Calhoun County,NA,NA
Arkansas,Pulaksi County,Arkansas Department of Corrections,CALHOUN COUNTY JAIL,hifld_prisons,COUNTY,NA,05,05013,OPEN,doc_excluded_local_jail,source type indicates local/federal jail or non-DOC facility,449 9TH STREET,HAMPTON,Calhoun,33.529982253540254,-92.45627930018534
Arkansas,Pulaksi County,Arkansas Department of Corrections,CALHOUN COUNTY SHERIFFS OFFICE,hifld,SHERIFF'S OFFICE,NA,05,05013,OPEN,doc_excluded_local_jail,source type indicates local/federal jail or non-DOC facility,449 9TH STREET,HAMPTON,Calhoun,33.5299139,-92.4562941
Arkansas,Pulaksi County,Arkansas Department of Corrections,CARROL COUNTY DETENTION CENTER,hifld_prisons,COUNTY,NA,05,05015,OPEN,doc_excluded_local_jail,source type indicates local/federal jail or non-DOC facility,205 HAILEY ROAD,BERRYVILLE,Carroll,36.355199890131686,-93.54664912197556
Arkansas,Pulaksi County,Arkansas Department of Corrections,Carroll County Detention Center,jails_prisons,JAILS,Carroll County Sheriffs Office,05,05015,1,doc_excluded_local_jail,source type indicates local/federal jail or non-DOC facility,205 Hailey Road,Berryville,Carroll County,NA,NA
Arkansas,Pulaksi County,Arkansas Department of Corrections,CARROLL COUNTY SHERIFFS OFFICE,hifld,SHERIFF'S OFFICE,NA,05,05015,OPEN,doc_excluded_local_jail,source type indicates local/federal jail or non-DOC facility,205 HAILEY ROAD,BERRYVILLE,Carroll,36.3554732,-93.5465338
Arkansas,Pulaksi County,Arkansas Department of Corrections,CHICOT COUNTY SHERIFFS OFFICE,hifld,SHERIFF'S OFFICE,NA,05,05017,OPEN,doc_excluded_local_jail,source type indicates local/federal jail or non-DOC facility,513 MAIN STREET,LAKE VILLAGE,Chicot,33.331473476,-91.285724613
Arkansas,Pulaksi County,Arkansas Department of Corrections,CLARK COUNTY JAIL,hifld_prisons,COUNTY,NA,05,05019,OPEN,doc_excluded_local_jail,source type indicates local/federal jail or non-DOC facility,406 SOUTH 5TH STREET,ARKADELPHIA,Clark,34.118306490678606,-93.05215631894829
Arkansas,Pulaksi County,Arkansas Department of Corrections,CLARK COUNTY SHERIFFS OFFICE,hifld,SHERIFF'S OFFICE,NA,05,05019,OPEN,doc_excluded_local_jail,source type indicates local/federal jail or non-DOC facility,406 SOUTH 5TH STREET,ARKADELPHIA,Clark,34.118299479,-93.052087246
Arkansas,Pulaksi County,Arkansas Department of Corrections,CLAY COUNTY DETENTION CENTER,hifld_prisons,COUNTY,NA,05,05021,OPEN,doc_excluded_local_jail,source type indicates local/federal jail or non-DOC facility,268 SOUTH 2ND AVE,PIGGOTT,Clay,36.38103730292972,-90.19224420835334
Arkansas,Pulaksi County,Arkansas Department of Corrections,Clay County Jail,jails_prisons,JAILS,Clay County Sheriffs Office,05,05021,1,doc_excluded_local_jail,source type indicates local/federal jail or non-DOC facility,268 South 2nd Avenue,Piggott,Clay County,NA,NA
Arkansas,Pulaksi County,Arkansas Department of Corrections,CLAY COUNTY SHERIFFS DEPARTMENT,hifld,SHERIFF'S OFFICE,NA,05,05021,OPEN,doc_excluded_local_jail,source type indicates local/federal jail or non-DOC facility,800 SOUTHWEST 2ND STREET,CORNING,Clay,36.404413417,-90.584752909
Arkansas,Pulaksi County,Arkansas Department of Corrections,CLEBURNE COUNTY DETENTION CENTER,hifld_prisons,COUNTY,NA,05,05023,OPEN,doc_excluded_local_jail,source type indicates local/federal jail or non-DOC facility,914 SOUTH 9TH STREET,HEBER SPRINGS,Cleburne,35.48363987858906,-92.04008552411885
Arkansas,Pulaksi County,Arkansas Department of Corrections,Cleburne County Jail,jails_prisons,JAILS,Cleburne County Sheriffs Office,05,05023,1,doc_excluded_local_jail,source type indicates local/federal jail or non-DOC facility,914 South 9th Street,Heber Springs,Cleburne County,NA,NA
Arkansas,Pulaksi County,Arkansas Department of Corrections,CLEBURNE COUNTY SHERIFFS OFFICE,hifld,SHERIFF'S OFFICE,NA,05,05023,OPEN,doc_excluded_local_jail,source type indicates local/federal jail or non-DOC facility,914 SOUTH 9TH STREET,HEBER SPRINGS,Cleburne,35.483512,-92.039929
Arkansas,Pulaksi County,Arkansas Department of Corrections,Cleveland County Jail,jails_prisons,JAILS,Cleveland County Sheriffs Office,05,05025,1,doc_excluded_local_jail,source type indicates local/federal jail or non-DOC facility,20 Magnolia Street,Rison,Cleveland County,NA,NA
Arkansas,Pulaksi County,Arkansas Department of Corrections,CLEVELAND COUNTY SHERIFFS OFFICE,hifld,SHERIFF'S OFFICE,NA,05,05025,OPEN,doc_excluded_local_jail,source type indicates local/federal jail or non-DOC facility,20 EAST MAGNOLIA STREET,RISON,Cleveland,33.9583301,-92.1896921
Arkansas,Pulaksi County,Arkansas Department of Corrections,COLUMBIA COUNTY DETENTION CENTER,hifld_prisons,COUNTY,NA,05,05027,OPEN,doc_excluded_local_jail,source type indicates local/federal jail or non-DOC facility,82 COLUMBIA ROAD 300,MAGNOLIA,Columbia,33.26457367128325,-93.26609710215467
Arkansas,Pulaksi County,Arkansas Department of Corrections,Columbia County Jail,jails_prisons,JAILS,Columbia County Sheriffs Office,05,05027,1,doc_excluded_local_jail,source type indicates local/federal jail or non-DOC facility,82 Columbia Road #300,Magnolia,Columbia County,NA,NA
Arkansas,Pulaksi County,Arkansas Department of Corrections,Conway County Detention Center,jails_prisons,JAILS,Conway County Sheriffs Office,05,05029,1,doc_excluded_local_jail,source type indicates local/federal jail or non-DOC facility,30 Southern Valley Drive,Morrilton,Conway County,NA,NA
Arkansas,Pulaksi County,Arkansas Department of Corrections,CONWAY COUNTY DETENTION FACILITY,hifld_prisons,COUNTY,NA,05,05029,OPEN,doc_excluded_local_jail,source type indicates local/federal jail or non-DOC facility,30 SOUTHERN VALLEY DRIVE,MORRILTON,Conway,35.15516690073344,-92.772594678923
Arkansas,Pulaksi County,Arkansas Department of Corrections,CONWAY COUNTY SHERIFFS OFFICE,hifld,SHERIFF'S OFFICE,NA,05,05029,OPEN,doc_excluded_local_jail,source type indicates local/federal jail or non-DOC facility,1823 STATE HIGHWAY 113,MORRILTON,Conway,35.1580389,-92.7664961
Arkansas,Pulaksi County,Arkansas Department of Corrections,CRAIGHEAD COUNTY DETENTION CENTER,hifld_prisons,COUNTY,NA,05,05031,OPEN,doc_excluded_local_jail,source type indicates local/federal jail or non-DOC facility,901 WILLETT RD,JONESBORO,Craighead,35.85570419092261,-90.73403380033211
Arkansas,Pulaksi County,Arkansas Department of Corrections,CRAIGHEAD COUNTY SHERIFFS OFFICE,hifld,SHERIFF'S OFFICE,NA,05,05031,OPEN,doc_excluded_local_jail,source type indicates local/federal jail or non-DOC facility,901 WILLETT ROAD,JONESBORO,Craighead,35.8555877,-90.7338883
Arkansas,Pulaksi County,Arkansas Department of Corrections,CRAIGHEAD COUNTY SHERIFFS OFFICE - EAST,hifld,SHERIFF'S OFFICE,NA,05,05031,OPEN,doc_excluded_local_jail,source type indicates local/federal jail or non-DOC facility,107 COBEAN BOULEVARD,LAKE CITY,Craighead,35.81997482,-90.444520255
Arkansas,Pulaksi County,Arkansas Department of Corrections,CRAWFORD COUNTY DETENTION CENTER,hifld_prisons,COUNTY,NA,05,05033,OPEN,doc_excluded_local_jail,source type indicates local/federal jail or non-DOC facility,4235 ALMA HIGHWAY,VAN BUREN,Crawford,35.45398253814566,-94.30637850744587
Arkansas,Pulaksi County,Arkansas Department of Corrections,CRAWFORD COUNTY SHERIFFS OFFICE,hifld,SHERIFF'S OFFICE,NA,05,05033,OPEN,doc_excluded_local_jail,source type indicates local/federal jail or non-DOC facility,317 MAIN STREET,VAN BUREN,Crawford,35.4345871,-94.3560806
Arkansas,Pulaksi County,Arkansas Department of Corrections,CRITTENDEN COUNTY DETENTION CENTER,hifld_prisons,COUNTY,NA,05,05035,OPEN,doc_excluded_local_jail,source type indicates local/federal jail or non-DOC facility,350 AFCO ROAD,WEST MEMPHIS,Crittenden,35.174596392118126,-90.19046514269701
Arkansas,Pulaksi County,Arkansas Department of Corrections,Crittenden County Jail,jails_prisons,JAILS,Crittenden County Sheriffs Office,05,05035,1,doc_excluded_local_jail,source type indicates local/federal jail or non-DOC facility,350 AFCO Road,West Memphis,Crittenden County,NA,NA
Arkansas,Pulaksi County,Arkansas Department of Corrections,CRITTENDEN COUNTY SHERIFFS OFFICE,hifld,SHERIFF'S OFFICE,NA,05,05035,OPEN,doc_excluded_local_jail,source type indicates local/federal jail or non-DOC facility,350 AFCO ROAD,WEST MEMPHIS,Crittenden,35.1748559,-90.1903907
Arkansas,Pulaksi County,Arkansas Department of Corrections,CROSS COUNTY JAIL,hifld_prisons,COUNTY,NA,05,05037,OPEN,doc_excluded_local_jail,source type indicates local/federal jail or non-DOC facility,704 EAST CANAL STREET,WYNNE,Cross,35.222337403925515,-90.78641438722187
Arkansas,Pulaksi County,Arkansas Department of Corrections,Cross County Jail and Detention Center,jails_prisons,JAILS,Cross County Sheriffs Office,05,05037,1,doc_excluded_local_jail,source type indicates local/federal jail or non-DOC facility,705 East Union Avenue,Wynne,Cross County,NA,NA
Arkansas,Pulaksi County,Arkansas Department of Corrections,CROSS COUNTY SHERIFFS OFFICE,hifld,SHERIFF'S OFFICE,NA,05,05037,OPEN,doc_excluded_local_jail,source type indicates local/federal jail or non-DOC facility,"705 EAST UNION AVENUE, ROOM 11",WYNNE,Cross,35.2231054,-90.7864529
Arkansas,Pulaksi County,Arkansas Department of Corrections,DALLAS COUNTY JAIL,hifld_prisons,COUNTY,NA,05,05039,OPEN,doc_excluded_local_jail,source type indicates local/federal jail or non-DOC facility,106 S CHARLOTTE STREET,FORDYCE,Dallas,33.813209352150736,-92.40571307120189
Arkansas,Pulaksi County,Arkansas Department of Corrections,DALLAS COUNTY SHERIFFS OFFICE,hifld,SHERIFF'S OFFICE,NA,05,05039,OPEN,doc_excluded_local_jail,source type indicates local/federal jail or non-DOC facility,106 SOUTH CHARLOTTE,FORDYCE,Dallas,33.8132521,-92.4060217
Arkansas,Pulaksi County,Arkansas Department of Corrections,DESHA COUNTY SHERIFFS OFFICE,hifld,SHERIFF'S OFFICE,NA,05,05041,OPEN,doc_excluded_local_jail,source type indicates local/federal jail or non-DOC facility,604 PRESIDENT STREET,ARKANSAS CITY,Desha,33.610198707,-91.201201816
Arkansas,Pulaksi County,Arkansas Department of Corrections,DREW COUNTY DETENTION FACILITY,hifld_prisons,COUNTY,NA,05,05043,OPEN,doc_excluded_local_jail,source type indicates local/federal jail or non-DOC facility,210 SOUTH MAIN STREET,MONTICELLO,Drew,33.627892474369744,-91.79191942899051
Arkansas,Pulaksi County,Arkansas Department of Corrections,DREW COUNTY SHERIFFS OFFICE,hifld,SHERIFF'S OFFICE,NA,05,05043,OPEN,doc_excluded_local_jail,source type indicates local/federal jail or non-DOC facility,210 SOUTH MAIN STREET,MONTICELLO,Drew,33.626943038,-91.791694135
Arkansas,Pulaksi County,Arkansas Department of Corrections,Dumas City Jail,jails_prisons,JAILS,Dumas Police Department,05,05041,1,doc_excluded_local_jail,source type indicates local/federal jail or non-DOC facility,149 East Waterman Street,Dumas,Desha County,NA,NA
Arkansas,Pulaksi County,Arkansas Department of Corrections,Faulkner County Detention Center,jails_prisons,JAILS,Faulkner County Sheriffs Office,05,05045,1,doc_excluded_local_jail,source type indicates local/federal jail or non-DOC facility,801 Locust Street,Conway,Faulkner County,NA,NA
Arkansas,Pulaksi County,Arkansas Department of Corrections,Faulkner County Detention Center Unit 2,jails_prisons,JAILS,Faulkner County Sheriffs Office,05,05045,1,doc_excluded_local_jail,source type indicates local/federal jail or non-DOC facility,500 South German Lane,Conway,Faulkner County,NA,NA
Arkansas,Pulaksi County,Arkansas Department of Corrections,FAULKNER COUNTY DETENTION CENTER UNIT I,hifld_prisons,COUNTY,NA,05,05045,OPEN,doc_excluded_local_jail,source type indicates local/federal jail or non-DOC facility,801 LOCUST ST,CONWAY,Faulkner,35.08840227438299,-92.4434088848116
Arkansas,Pulaksi County,Arkansas Department of Corrections,FAULKNER COUNTY DETENTION FACILITY UNIT II,hifld_prisons,COUNTY,NA,05,05045,OPEN,doc_excluded_local_jail,source type indicates local/federal jail or non-DOC facility,500 S GERMAN LN,CONWAY,Faulkner,35.073862121957816,-92.43945063453805
Arkansas,Pulaksi County,Arkansas Department of Corrections,FAULKNER COUNTY SHERIFFS OFFICE,hifld,SHERIFF'S OFFICE,NA,05,05045,OPEN,doc_excluded_local_jail,source type indicates local/federal jail or non-DOC facility,801 LOCUST STREET,CONWAY,Faulkner,35.088497,-92.4432706
Arkansas,Pulaksi County,Arkansas Department of Corrections,FCI FORREST CITY LOW,hifld_prisons,FEDERAL,NA,05,05123,OPEN,doc_excluded_local_jail,source type indicates local/federal jail or non-DOC facility,1400 DALE BUMPERS ROAD,FORREST CITY,St. Francis,34.98233922999546,-90.80306155847401
Arkansas,Pulaksi County,Arkansas Department of Corrections,FCI FORREST CITY LOW CAMP,hifld_prisons,FEDERAL,NA,05,05123,OPEN,doc_excluded_local_jail,source type indicates local/federal jail or non-DOC facility,1400 DALE BUMPERS ROAD,FORREST CITY,St. Francis,34.98054367783354,-90.79682654604629
Arkansas,Pulaksi County,Arkansas Department of Corrections,FCI FORREST CITY MEDIUM,hifld_prisons,FEDERAL,NA,05,05123,OPEN,doc_excluded_local_jail,source type indicates local/federal jail or non-DOC facility,1400 DALE BUMPERS ROAD,FORREST CITY,St. Francis,34.975288785505526,-90.79490323130489
Arkansas,Pulaksi County,Arkansas Department of Corrections,FRANKLIN COUNTY JAIL,hifld_prisons,COUNTY,NA,05,05047,OPEN,doc_excluded_local_jail,source type indicates local/federal jail or non-DOC facility,248 AIRPORT RD,OZARK,Franklin,35.515386972423464,-93.82559898329
Arkansas,Pulaksi County,Arkansas Department of Corrections,FRANKLIN COUNTY SHERIFFS OFFICE,hifld,SHERIFF'S OFFICE,NA,05,05047,OPEN,doc_excluded_local_jail,source type indicates local/federal jail or non-DOC facility,101 WEST MAIN STREET,OZARK,Franklin,35.4855264,-93.8257496
Arkansas,Pulaksi County,Arkansas Department of Corrections,FULTON COUNTY JAIL,hifld_prisons,COUNTY,NA,05,05049,OPEN,doc_excluded_local_jail,source type indicates local/federal jail or non-DOC facility,451 N MAIN ST,SALEM,Fulton,36.380365458370704,-91.81645633425013
Arkansas,Pulaksi County,Arkansas Department of Corrections,FULTON COUNTY SHERIFFS OFFICE,hifld,SHERIFF'S OFFICE,NA,05,05049,OPEN,doc_excluded_local_jail,source type indicates local/federal jail or non-DOC facility,114 WEST LOCUST STREET,SALEM,Fulton,36.370101284,-91.823279338
Arkansas,Pulaksi County,Arkansas Department of Corrections,GARLAND COUNTY DETENTION CENTER,hifld_prisons,COUNTY,NA,05,05051,OPEN,doc_excluded_local_jail,source type indicates local/federal jail or non-DOC facility,3564 ALBERT PIKE ROAD,HOT SPRINGS,Garland,34.51106957207951,-93.13947231965244
Arkansas,Pulaksi County,Arkansas Department of Corrections,GARLAND COUNTY JUVENILE DETENTION CENTER,hifld_prisons,COUNTY,NA,05,05051,CLOSED,doc_excluded_local_jail,source type indicates local/federal jail or non-DOC facility,222 WOODBINE,HOT SPRINGS,Garland,34.50373471136481,-93.05841706484611
Arkansas,Pulaksi County,Arkansas Department of Corrections,GARLAND COUNTY SHERIFFS OFFICE,hifld,SHERIFF'S OFFICE,NA,05,05051,OPEN,doc_excluded_local_jail,source type indicates local/federal jail or non-DOC facility,525 OUACHITA AVENUE,HOT SPRINGS,Garland,34.503870102,-93.059032562
Arkansas,Pulaksi County,Arkansas Department of Corrections,GRANT COUNTY SHERIFFS OFFICE,hifld,SHERIFF'S OFFICE,NA,05,05053,OPEN,doc_excluded_local_jail,source type indicates local/federal jail or non-DOC facility,101 WEST CENTER STREET,SHERIDAN,Grant,34.305449645,-92.400641173
Arkansas,Pulaksi County,Arkansas Department of Corrections,GREENE COUNTY DETENTION CENTER,hifld_prisons,COUNTY,NA,05,05055,OPEN,doc_excluded_local_jail,source type indicates local/federal jail or non-DOC facility,1809 N ROCKINGCHAIR RD,PARAGOULD,Greene,36.07994915582368,-90.54600109018565
Arkansas,Pulaksi County,Arkansas Department of Corrections,Greene County Jail,jails_prisons,JAILS,Greene County Sheriffs Office,05,05055,1,doc_excluded_local_jail,source type indicates local/federal jail or non-DOC facility,1809 Rockingchair Road,Paragould,Greene County,NA,NA
Arkansas,Pulaksi County,Arkansas Department of Corrections,GREENE COUNTY SHERIFFS OFFICE,hifld,SHERIFF'S OFFICE,NA,05,05055,OPEN,doc_excluded_local_jail,source type indicates local/federal jail or non-DOC facility,1809 NORTH ROCKINGCHAIR ROAD,PARAGOULD,Greene,36.079915749,-90.54595407
Arkansas,Pulaksi County,Arkansas Department of Corrections,HEMPSTEAD COUNTY JAIL,hifld_prisons,COUNTY,NA,05,05057,OPEN,doc_excluded_local_jail,source type indicates local/federal jail or non-DOC facility,312 S WASHINGTON ST,HOPE,Hempstead,33.66422070346282,-93.59900069792455
Arkansas,Pulaksi County,Arkansas Department of Corrections,HEMPSTEAD COUNTY SHERIFFS OFFICE,hifld,SHERIFF'S OFFICE,NA,05,05057,OPEN,doc_excluded_local_jail,source type indicates local/federal jail or non-DOC facility,312 SOUTH WASHINGTON STREET,HOPE,Hempstead,33.664318417,-93.598789898
Arkansas,Pulaksi County,Arkansas Department of Corrections,HOT SPRING COUNTY JAIL,hifld_prisons,COUNTY,NA,05,05059,OPEN,doc_excluded_local_jail,source type indicates local/federal jail or non-DOC facility,1 DETENTION LANE,MALVERN,Hot Spring,34.36208994949704,-92.78235860016574
Arkansas,Pulaksi County,Arkansas Department of Corrections,HOT SPRING COUNTY SHERIFFS OFFICE,hifld,SHERIFF'S OFFICE,NA,05,05059,OPEN,doc_excluded_local_jail,source type indicates local/federal jail or non-DOC facility,"215 EAST HIGHLAND AVENUE, SUITE 119",MALVERN,Hot Spring,34.355847032,-92.809015478
Arkansas,Pulaksi County,Arkansas Department of Corrections,HOWARD COUNTY DETENTION FACILITY,hifld_prisons,COUNTY,NA,05,05061,OPEN,doc_excluded_local_jail,source type indicates local/federal jail or non-DOC facility,101 ISAAC PERKINS BLVD,NASHVILLE,Howard,33.94783096215033,-93.84565743219635
Arkansas,Pulaksi County,Arkansas Department of Corrections,HOWARD COUNTY SHERIFFS OFFICE,hifld,SHERIFF'S OFFICE,NA,05,05061,OPEN,doc_excluded_local_jail,source type indicates local/federal jail or non-DOC facility,101 ISSAC PERKINS BOULEVARD,NASHVILLE,Howard,33.94783355,-93.845778365
Arkansas,Pulaksi County,Arkansas Department of Corrections,Independence County Detention Center,jails_prisons,JAILS,Independence County Sheriffs Department,05,05063,1,doc_excluded_local_jail,source type indicates local/federal jail or non-DOC facility,569 West Main Street,Batesville,Independence County,NA,NA
Arkansas,Pulaksi County,Arkansas Department of Corrections,INDEPENDENCE COUNTY DETENTION FACILITY,hifld_prisons,COUNTY,NA,05,05063,OPEN,doc_excluded_local_jail,source type indicates local/federal jail or non-DOC facility,569 W MAIN ST,BATESVILLE,Independence,35.76621564095093,-91.65979249712622
Arkansas,Pulaksi County,Arkansas Department of Corrections,INDEPENDENCE COUNTY SHERIFFS OFFICE,hifld,SHERIFF'S OFFICE,NA,05,05063,OPEN,doc_excluded_local_jail,source type indicates local/federal jail or non-DOC facility,1750 MYERS STREET,BATESVILLE,Independence,35.761873127,-91.634739013
Arkansas,Pulaksi County,Arkansas Department of Corrections,IZARD COUNTY DETENTION CENTER,hifld_prisons,COUNTY,NA,05,05065,OPEN,doc_excluded_local_jail,source type indicates local/federal jail or non-DOC facility,300 CIRCLE DR,MELBOURNE,Izard,36.05837133419935,-91.917994663139993
Arkansas,Pulaksi County,Arkansas Department of Corrections,Izard County Jail,jails_prisons,JAILS,Izard County Sheriffs Office,05,05065,1,doc_excluded_local_jail,source type indicates local/federal jail or non-DOC facility,300 Circle Drive,Melbourne,Izard County,NA,NA
Arkansas,Pulaksi County,Arkansas Department of Corrections,IZARD COUNTY SHERIFFS OFFICE,hifld,SHERIFF'S OFFICE,NA,05,05065,OPEN,doc_excluded_local_jail,source type indicates local/federal jail or non-DOC facility,300 CIRCLE DRIVE,MELBOURNE,Izard,36.058436718,-91.917905154
Arkansas,Pulaksi County,Arkansas Department of Corrections,JACKSON COUNTY JAIL,hifld_prisons,COUNTY,NA,05,05067,OPEN,doc_excluded_local_jail,source type indicates local/federal jail or non-DOC facility,3300 THEATER DR,NEWPORT,Jackson,35.636228989811755,-91.18436253908779
Arkansas,Pulaksi County,Arkansas Department of Corrections,JACKSON COUNTY SHERIFFS OFFICE,hifld,SHERIFF'S OFFICE,NA,05,05067,OPEN,doc_excluded_local_jail,source type indicates local/federal jail or non-DOC facility,615 2ND STREET,NEWPORT,Jackson,35.604786,-91.2848921
Arkansas,Pulaksi County,Arkansas Department of Corrections,JEFFERSON COUNTY JAIL,hifld_prisons,COUNTY,NA,05,05069,OPEN,doc_excluded_local_jail,source type indicates local/federal jail or non-DOC facility,300 E 2ND AVENUE,PINE BLUFF,Jefferson,34.22756361650927,-92.00051963001536
Arkansas,Pulaksi County,Arkansas Department of Corrections,JEFFERSON COUNTY SHERIFFS OFFICE,hifld,SHERIFF'S OFFICE,NA,05,05069,OPEN,doc_excluded_local_jail,source type indicates local/federal jail or non-DOC facility,101 EAST BARRAQUE STREET,PINE BLUFF,Jefferson,34.2296901,-92.0029693
Arkansas,Pulaksi County,Arkansas Department of Corrections,JOHNSON COUNTY DETENTION CENTER,hifld_prisons,COUNTY,NA,05,05071,OPEN,doc_excluded_local_jail,source type indicates local/federal jail or non-DOC facility,301 PORTER INDUSTRIAL ROAD,CLARKSVILLE,Johnson,35.456193552057144,-93.45838094465218
Arkansas,Pulaksi County,Arkansas Department of Corrections,JOHNSON COUNTY SHERIFFS OFFICE,hifld,SHERIFF'S OFFICE,NA,05,05071,OPEN,doc_excluded_local_jail,source type indicates local/federal jail or non-DOC facility,301 PORTER INDUSTRIAL ROAD,CLARKSVILLE,Johnson,35.456029017,-93.45832993
Arkansas,Pulaksi County,Arkansas Department of Corrections,LAFAYETTE COUNTY JAIL,hifld_prisons,COUNTY,NA,05,05073,OPEN,doc_excluded_local_jail,source type indicates local/federal jail or non-DOC facility,5 COURTHOUSE SQUARE,LEWISVILLE,Lafayette,33.357988158112256,-93.57712272557801
Arkansas,Pulaksi County,Arkansas Department of Corrections,LAFAYETTE COUNTY SHERIFFS OFFICE,hifld,SHERIFF'S OFFICE,NA,05,05073,OPEN,doc_excluded_local_jail,source type indicates local/federal jail or non-DOC facility,5 COURTHOUSE SQUARE,LEWISVILLE,Lafayette,33.358020844,-93.577075776
Arkansas,Pulaksi County,Arkansas Department of Corrections,Lake Village City Jail,jails_prisons,JAILS,Lake Village Police Department,05,05017,1,doc_excluded_local_jail,source type indicates local/federal jail or non-DOC facility,514 Church Street,Lake Village,Chicot County,NA,NA
Arkansas,Pulaksi County,Arkansas Department of Corrections,LANTZ LURRY JUVENILE DETENTION CENTER,hifld_prisons,COUNTY,NA,05,05091,CLOSED,doc_excluded_local_jail,source type indicates local/federal jail or non-DOC facility,2200 BANKS RD,TEXARKANA,Miller,33.443365860973024,-94.00747859330531
Arkansas,Pulaksi County,Arkansas Department of Corrections,LAWRENCE COUNTY JAIL / SHERIFF,hifld_prisons,COUNTY,NA,05,05075,OPEN,doc_excluded_local_jail,source type indicates local/federal jail or non-DOC facility,501 W ELM,WALNUT RIDGE,Lawrence,36.07059272243557,-90.9611472168001
Arkansas,Pulaksi County,Arkansas Department of Corrections,LAWRENCE COUNTY SHERIFFS OFFICE,hifld,SHERIFF'S OFFICE,NA,05,05075,OPEN,doc_excluded_local_jail,source type indicates local/federal jail or non-DOC facility,"315 WEST MAIN STREET, SUITE 15",WALNUT RIDGE,Lawrence,36.070047716,-90.958640392
Arkansas,Pulaksi County,Arkansas Department of Corrections,Lawrence County Sheriffs Office and Detention Center,jails_prisons,JAILS,Lawrence County Sheriffs Office,05,05075,1,doc_excluded_local_jail,source type indicates local/federal jail or non-DOC facility,501 West Elm,Walnut Ridge,Lawrence County,NA,NA
Arkansas,Pulaksi County,Arkansas Department of Corrections,LEE COUNTY JAIL,hifld_prisons,COUNTY,NA,05,05077,OPEN,doc_excluded_local_jail,source type indicates local/federal jail or non-DOC facility,15 E CHESNUT ST,MARIANNA,Lee,34.774821063349954,-90.75696886553047
Arkansas,Pulaksi County,Arkansas Department of Corrections,LEE COUNTY SHERIFFS OFFICE,hifld,SHERIFF'S OFFICE,NA,05,05077,OPEN,doc_excluded_local_jail,source type indicates local/federal jail or non-DOC facility,15 EAST CHESTNUT STREET,MARIANNA,Lee,34.774836049,-90.756977249
Arkansas,Pulaksi County,Arkansas Department of Corrections,LINCOLN COUNTY JAIL,hifld_prisons,COUNTY,NA,05,05079,OPEN,doc_excluded_local_jail,source type indicates local/federal jail or non-DOC facility,30270 STATE HWY 11 S,STAR CITY,Lincoln,33.925086555026084,-91.85669625946565
Arkansas,Pulaksi County,Arkansas Department of Corrections,LINCOLN COUNTY JAIL (OLD),hifld_prisons,COUNTY,NA,05,05079,CLOSED,doc_excluded_local_jail,source type indicates local/federal jail or non-DOC facility,300 S DREW ST,STAR CITY,Lincoln,33.939525601233,-91.84463620695318
Arkansas,Pulaksi County,Arkansas Department of Corrections,LINCOLN COUNTY SHERIFFS OFFICE,hifld,SHERIFF'S OFFICE,NA,05,05079,OPEN,doc_excluded_local_jail,source type indicates local/federal jail or non-DOC facility,"300 SOUTH DREW STREET, ROOM B103",STAR CITY,Lincoln,33.939819373,-91.844563367
Arkansas,Pulaksi County,Arkansas Department of Corrections,LITTLE RIVER COUNTY DETENTION CENTER,hifld_prisons,COUNTY,NA,05,05081,OPEN,doc_excluded_local_jail,source type indicates local/federal jail or non-DOC facility,2115 N CONSTITUTION AVE,ASHDOWN,Little River,33.691993892479516,-94.14106293342307
Arkansas,Pulaksi County,Arkansas Department of Corrections,Little River County Jail,jails_prisons,JAILS,Little River County Sheriffs Office,05,05081,1,doc_excluded_local_jail,source type indicates local/federal jail or non-DOC facility,351 North 2nd Street,Ashdown,Little River County,NA,NA
Arkansas,Pulaksi County,Arkansas Department of Corrections,LITTLE RIVER COUNTY JAIL (OLD),hifld_prisons,COUNTY,NA,05,05081,CLOSED,doc_excluded_local_jail,source type indicates local/federal jail or non-DOC facility,351 N. 2ND STREET,ASHDOWN,Little River,33.672225150230396,-94.13325612704121
Arkansas,Pulaksi County,Arkansas Department of Corrections,Logan County Detention Center,jails_prisons,JAILS,Logan County Sheriffs Office,05,05083,1,doc_excluded_local_jail,source type indicates local/federal jail or non-DOC facility,508 West Grober Street,Paris,Logan County,NA,NA
Arkansas,Pulaksi County,Arkansas Department of Corrections,LOGAN COUNTY JAIL,hifld_prisons,COUNTY,NA,05,05083,OPEN,doc_excluded_local_jail,source type indicates local/federal jail or non-DOC facility,201 S LOWDER ST,PARIS,Logan,35.28984968026245,-93.71288330430171
Arkansas,Pulaksi County,Arkansas Department of Corrections,LOGAN COUNTY SHERIFFS OFFICE,hifld,SHERIFF'S OFFICE,NA,05,05083,OPEN,doc_excluded_local_jail,source type indicates local/federal jail or non-DOC facility,508 WEST GROBER STREET,PARIS,Logan,35.288671164,-93.735543804
Arkansas,Pulaksi County,Arkansas Department of Corrections,Lonoke County Detention Center,jails_prisons,JAILS,Lonoke County Sheriffs Office,05,05085,1,doc_excluded_local_jail,source type indicates local/federal jail or non-DOC facility,440 Dee Dee Lane,Lonoke,Lonoke County,NA,NA
Arkansas,Pulaksi County,Arkansas Department of Corrections,LONOKE COUNTY JAIL,hifld_prisons,COUNTY,NA,05,05085,OPEN,doc_excluded_local_jail,source type indicates local/federal jail or non-DOC facility,440 DEE DEE LN,LONOKE,Lonoke,34.81295918181751,-91.88883251508112
Arkansas,Pulaksi County,Arkansas Department of Corrections,LONOKE COUNTY SHERIFFS OFFICE,hifld,SHERIFF'S OFFICE,NA,05,05085,OPEN,doc_excluded_local_jail,source type indicates local/federal jail or non-DOC facility,301 COURT STREET,LONOKE,Lonoke,34.786015575,-91.899562652
Arkansas,Pulaksi County,Arkansas Department of Corrections,MADISON COUNTY JAIL,hifld_prisons,COUNTY,NA,05,05087,OPEN,doc_excluded_local_jail,source type indicates local/federal jail or non-DOC facility,201 WEST MAIN STREET,HUNTSVILLE,Madison,36.08708723799928,-93.73659358598934
Arkansas,Pulaksi County,Arkansas Department of Corrections,MADISON COUNTY SHERIFFS OFFICE,hifld,SHERIFF'S OFFICE,NA,05,05087,OPEN,doc_excluded_local_jail,source type indicates local/federal jail or non-DOC facility,201 MAIN STREET,HUNTSVILLE,Madison,36.087072011,-93.736618148
Arkansas,Pulaksi County,Arkansas Department of Corrections,Marianna City Jail,jails_prisons,JAILS,Marianna Police Department,05,05077,1,doc_excluded_local_jail,source type indicates local/federal jail or non-DOC facility,35 South Poplar Street,Marianna,Lee County,NA,NA
Arkansas,Pulaksi County,Arkansas Department of Corrections,MARION COUNTY JAIL / SHERIFF,hifld_prisons,COUNTY,NA,05,05089,OPEN,doc_excluded_local_jail,source type indicates local/federal jail or non-DOC facility,221 RANDOLPH RD,YELLVILLE,Marion,36.24052114986216,-92.70022753226289
Arkansas,Pulaksi County,Arkansas Department of Corrections,Marion County Law Enforcement Center,jails_prisons,JAILS,Marion County Sheriffs Office,05,05089,1,doc_excluded_local_jail,source type indicates local/federal jail or non-DOC facility,491 Highway 62 West,Yellville,Marion County,NA,NA
Arkansas,Pulaksi County,Arkansas Department of Corrections,MARION COUNTY SHERIFFS OFFICE,hifld,SHERIFF'S OFFICE,NA,05,05089,OPEN,doc_excluded_local_jail,source type indicates local/federal jail or non-DOC facility,491 UNITED STATES HIGHWAY 62 WEST,YELLVILLE,Marion,36.230198484,-92.691055487
Arkansas,Pulaksi County,Arkansas Department of Corrections,McGehee Detention Center,jails_prisons,JAILS,McGehee Police Department,05,05041,1,doc_excluded_local_jail,source type indicates local/federal jail or non-DOC facility,2412 Highway 65 North,McGehee,Desha County,NA,NA
Arkansas,Pulaksi County,Arkansas Department of Corrections,MILLER COUNTY JAIL,hifld_prisons,COUNTY,NA,05,05091,OPEN,doc_excluded_local_jail,source type indicates local/federal jail or non-DOC facility,2300 EAST ST,TEXARKANA,Miller,33.40114759453764,-94.02218973498324
Arkansas,Pulaksi County,Arkansas Department of Corrections,MILLER COUNTY SHERIFFS OFFICE,hifld,SHERIFF'S OFFICE,NA,05,05091,OPEN,doc_excluded_local_jail,source type indicates local/federal jail or non-DOC facility,2300 EAST STREET,TEXARKANA,Miller,33.4012132,-94.0224926
Arkansas,Pulaksi County,Arkansas Department of Corrections,MISSISSIPPI COUNTY DETENTION CENTER,hifld_prisons,COUNTY,NA,05,05093,OPEN,doc_excluded_local_jail,source type indicates local/federal jail or non-DOC facility,685 N COUNTY RD 599,LUXORA,Mississippi,35.77653275061609,-89.96532206393259
Arkansas,Pulaksi County,Arkansas Department of Corrections,MISSISSIPPI COUNTY SHERIFFS OFFICE,hifld,SHERIFF'S OFFICE,NA,05,05093,OPEN,doc_excluded_local_jail,source type indicates local/federal jail or non-DOC facility,685 NORTH COUNTY ROAD 599,LUXORA,Mississippi,35.7766771,-89.9648832
Arkansas,Pulaksi County,Arkansas Department of Corrections,Monroe County Detention Center,jails_prisons,JAILS,Monroe County Sheriffs Department,05,05095,1,doc_excluded_local_jail,source type indicates local/federal jail or non-DOC facility,200 South Main Street,Clarendon,Monroe County,NA,NA
Arkansas,Pulaksi County,Arkansas Department of Corrections,MONROE COUNTY JAIL,hifld_prisons,COUNTY,NA,05,05095,OPEN,doc_excluded_local_jail,source type indicates local/federal jail or non-DOC facility,200 SOUTH MAIN STREET,CLARENDON,Monroe,34.69173100010802,-91.31418561294375
Arkansas,Pulaksi County,Arkansas Department of Corrections,MONROE COUNTY SHERIFFS OFFICE,hifld,SHERIFF'S OFFICE,NA,05,05095,OPEN,doc_excluded_local_jail,source type indicates local/federal jail or non-DOC facility,123 MADISON STREET,CLARENDON,Monroe,34.691816226,-91.314210318
Arkansas,Pulaksi County,Arkansas Department of Corrections,MONTGOMERY COUNTY JAIL,hifld_prisons,COUNTY,NA,05,05097,OPEN,doc_excluded_local_jail,source type indicates local/federal jail or non-DOC facility,225 FAIRGROUNDS RD,MOUNT IDA,Montgomery,34.54834066231294,-93.61139677951867
Arkansas,Pulaksi County,Arkansas Department of Corrections,MONTGOMERY COUNTY SHERIFFS OFFICE,hifld,SHERIFF'S OFFICE,NA,05,05097,OPEN,doc_excluded_local_jail,source type indicates local/federal jail or non-DOC facility,105 UNITED STATES HIGHWAY 270 EAST,MOUNT IDA,Montgomery,34.5578393,-93.6325882
Arkansas,Pulaksi County,Arkansas Department of Corrections,NEVADA COUNTY JAIL,hifld_prisons,COUNTY,NA,05,05099,OPEN,doc_excluded_local_jail,source type indicates local/federal jail or non-DOC facility,209 EAST 3RD ST,PRESCOTT,Nevada,33.79940379614464,-93.37965024119985
Arkansas,Pulaksi County,Arkansas Department of Corrections,NEVADA COUNTY SHERIFFS OFFICE,hifld,SHERIFF'S OFFICE,NA,05,05099,OPEN,doc_excluded_local_jail,source type indicates local/federal jail or non-DOC facility,215 EAST 3RD STREET NORTH,PRESCOTT,Nevada,33.7999174,-93.3805399
Arkansas,Pulaksi County,Arkansas Department of Corrections,NEWTON COUNTY JAIL,hifld_prisons,COUNTY,NA,05,05101,OPEN,doc_excluded_local_jail,source type indicates local/federal jail or non-DOC facility,401 NORTH SPRING ST,JASPER,Newton,36.009131605958544,-93.18686019578209
Arkansas,Pulaksi County,Arkansas Department of Corrections,NEWTON COUNTY SHERIFFS OFFICE,hifld,SHERIFF'S OFFICE,NA,05,05101,OPEN,doc_excluded_local_jail,source type indicates local/federal jail or non-DOC facility,300 NORTH SPRING STREET,JASPER,Newton,36.009135535,-93.186842759
Arkansas,Pulaksi County,Arkansas Department of Corrections,Osceola City Jail,jails_prisons,JAILS,Osceola Police Department,05,05093,1,doc_excluded_local_jail,source type indicates local/federal jail or non-DOC facility,401 W Keiser Avenue,Osceola,Mississippi County,NA,NA
Arkansas,Pulaksi County,Arkansas Department of Corrections,OUACHITA COUNTY JAIL,hifld_prisons,COUNTY,NA,05,05103,OPEN,doc_excluded_local_jail,source type indicates local/federal jail or non-DOC facility,109 GOODGAME ST,CAMDEN,Ouachita,33.55518853361641,-92.8267811501456
Arkansas,Pulaksi County,Arkansas Department of Corrections,OUACHITA COUNTY SHERIFFS OFFICE,hifld,SHERIFF'S OFFICE,NA,05,05103,OPEN,doc_excluded_local_jail,source type indicates local/federal jail or non-DOC facility,145 SCOTT ALLEY SOUTHWEST,CAMDEN,Ouachita,33.584539954,-92.829730352
Arkansas,Pulaksi County,Arkansas Department of Corrections,PERRY COUNTY DETENTION CENTER,hifld_prisons,COUNTY,NA,05,05105,OPEN,doc_excluded_local_jail,source type indicates local/federal jail or non-DOC facility,511 APLIN AVENUE,PERRYVILLE,Perry,35.00501331268726,-92.80475506464605
Arkansas,Pulaksi County,Arkansas Department of Corrections,PERRY COUNTY SHERIFFS OFFICE,hifld,SHERIFF'S OFFICE,NA,05,05105,OPEN,doc_excluded_local_jail,source type indicates local/federal jail or non-DOC facility,106 OAK STREET,PERRYVILLE,Perry,35.0051069,-92.8039232
Arkansas,Pulaksi County,Arkansas Department of Corrections,PHILLIPS COUNTY DETENTION CENTER,hifld_prisons,COUNTY,NA,05,05107,OPEN,doc_excluded_local_jail,source type indicates local/federal jail or non-DOC facility,1804 MARTIN LUTHER KING JR DR,HELENA,Phillips,34.510761761337235,-90.63054611378072
Arkansas,Pulaksi County,Arkansas Department of Corrections,PHILLIPS COUNTY SHERIFFS OFFICE,hifld,SHERIFF'S OFFICE,NA,05,05107,OPEN,doc_excluded_local_jail,source type indicates local/federal jail or non-DOC facility,201 PERRY STREET,HELENA,Phillips,34.5289917,-90.5852257
Arkansas,Pulaksi County,Arkansas Department of Corrections,PIKE COUNTY JAIL,hifld_prisons,COUNTY,NA,05,05109,OPEN,doc_excluded_local_jail,source type indicates local/federal jail or non-DOC facility,305 INDUSTRIAL PARK DR,MURFREESBORO,Pike,34.072102355291165,-93.68582633186327
Arkansas,Pulaksi County,Arkansas Department of Corrections,PIKE COUNTY SHERIFFS OFFICE,hifld,SHERIFF'S OFFICE,NA,05,05109,OPEN,doc_excluded_local_jail,source type indicates local/federal jail or non-DOC facility,204 MAUNEY STREET,MURFREESBORO,Pike,34.060144633,-93.691086425
Arkansas,Pulaksi County,Arkansas Department of Corrections,POINSETT COUNTY DETENTION CENTER,hifld_prisons,COUNTY,NA,05,05111,OPEN,doc_excluded_local_jail,source type indicates local/federal jail or non-DOC facility,1500 JUSTICE DR,HARRISBURG,Poinsett,35.58029265962612,-90.71604256002153
Arkansas,Pulaksi County,Arkansas Department of Corrections,POINSETT COUNTY SHERIFFS OFFICE,hifld,SHERIFF'S OFFICE,NA,05,05111,OPEN,doc_excluded_local_jail,source type indicates local/federal jail or non-DOC facility,1500 JUSTICE DRIVE,HARRISBURG,Poinsett,35.5801368,-90.7160348
Arkansas,Pulaksi County,Arkansas Department of Corrections,POLK COUNTY JAIL,hifld_prisons,COUNTY,NA,05,05113,OPEN,doc_excluded_local_jail,source type indicates local/federal jail or non-DOC facility,507 CHURCH AVE,MENA,Polk,34.58684595091719,-94.23955144330878
Arkansas,Pulaksi County,Arkansas Department of Corrections,POLK COUNTY SHERIFFS OFFICE,hifld,SHERIFF'S OFFICE,NA,05,05113,OPEN,doc_excluded_local_jail,source type indicates local/federal jail or non-DOC facility,507 CHURCH STREET,MENA,Polk,34.586651751,-94.239216451
Arkansas,Pulaksi County,Arkansas Department of Corrections,Pope County Detention Center,jails_prisons,JAILS,Pope County Detention Center,05,05115,1,doc_excluded_local_jail,source type indicates local/federal jail or non-DOC facility,10 County Complex,Russellville,Pope County,NA,NA
Arkansas,Pulaksi County,Arkansas Department of Corrections,POPE COUNTY JAIL,hifld_prisons,COUNTY,NA,05,05115,OPEN,doc_excluded_local_jail,source type indicates local/federal jail or non-DOC facility,3 EMERGENCY LN,RUSSELLVILLE,Pope,35.28007850992212,-93.10875290549434
Arkansas,Pulaksi County,Arkansas Department of Corrections,POPE COUNTY SHERIFFS OFFICE,hifld,SHERIFF'S OFFICE,NA,05,05115,OPEN,doc_excluded_local_jail,source type indicates local/federal jail or non-DOC facility,3 EMERGENCY LANE,RUSSELLVILLE,Pope,35.2800072,-93.1085251
Arkansas,Pulaksi County,Arkansas Department of Corrections,PRAIRIE COUNTY DETENTION CENTER,hifld_prisons,COUNTY,NA,05,05117,OPEN,doc_excluded_local_jail,source type indicates local/federal jail or non-DOC facility,200 COURT HOUSE SQUARE #101,DES ARC,Prairie,34.97788868945739,-91.49484364724132
Arkansas,Pulaksi County,Arkansas Department of Corrections,Prairie County Jail,jails_prisons,JAILS,Prairie County Sheriffs Office,05,05117,1,doc_excluded_local_jail,source type indicates local/federal jail or non-DOC facility,"200 Courthouse Square,  Suite 101",Des Arc,Prairie County,NA,NA
Arkansas,Pulaksi County,Arkansas Department of Corrections,PRAIRIE COUNTY SHERIFFS OFFICE,hifld,SHERIFF'S OFFICE,NA,05,05117,OPEN,doc_excluded_local_jail,source type indicates local/federal jail or non-DOC facility,200 COURTHOUSE SQUARE,DES ARC,Prairie,34.9775928,-91.4943725
Arkansas,Pulaksi County,Arkansas Department of Corrections,PULASKI COUNTY JUVENILE DETENTION FACILITY / COURT,hifld_prisons,COUNTY,NA,05,05119,OPEN,doc_excluded_local_jail,source type indicates local/federal jail or non-DOC facility,3001 W ROOSEVELT RD,LITTLE ROCK,Pulaski,34.7245741215162,-92.30813105714246
Arkansas,Pulaksi County,Arkansas Department of Corrections,PULASKI COUNTY REGIONAL DETENTION FACILITY,hifld_prisons,COUNTY,NA,05,05119,OPEN,doc_excluded_local_jail,source type indicates local/federal jail or non-DOC facility,3201 W ROOSEVELT RD,LITTLE ROCK,Pulaski,34.7233755859156,-92.3101478501075
Arkansas,Pulaksi County,Arkansas Department of Corrections,PULASKI COUNTY SHERIFF NORTHCENTER DISTRICT OFFICE,hifld,SHERIFF'S OFFICE,NA,05,05119,NOT AVAILABLE,doc_excluded_local_jail,source type indicates local/federal jail or non-DOC facility,1 BETH DRIVE,JACKSONVILLE,Pulaski,34.8680505,-92.1951353
Arkansas,Pulaksi County,Arkansas Department of Corrections,PULASKI COUNTY SHERIFF NORTHWEST DISTRICT OFFICE,hifld,SHERIFF'S OFFICE,NA,05,05119,OPEN,doc_excluded_local_jail,source type indicates local/federal jail or non-DOC facility,10403 MUNDO ROAD,NORTH LITTLE ROCK,Pulaski,34.8483461,-92.3386607
Arkansas,Pulaksi County,Arkansas Department of Corrections,PULASKI COUNTY SHERIFFS OFFICE,hifld,SHERIFF'S OFFICE,NA,05,05119,OPEN,doc_excluded_local_jail,source type indicates local/federal jail or non-DOC facility,2900 SOUTH WOODROW STREET,LITTLE ROCK,Pulaski,34.7237087,-92.3084813
Arkansas,Pulaksi County,Arkansas Department of Corrections,PULASKI COUNTY SHERIFFS DEPARTMENT NORTHSIDE BOOKING,hifld,SHERIFF'S OFFICE,NA,05,05119,OPEN,doc_excluded_local_jail,source type indicates local/federal jail or non-DOC facility,315 WEST 29TH STREET,NORTH LITTLE ROCK,Pulaski,34.7812943,-92.2704663
Arkansas,Pulaksi County,Arkansas Department of Corrections,PULASKI COUNTY SHERIFF SOUTHCENTER DISTRICT OFFICE,hifld,SHERIFF'S OFFICE,NA,05,05119,OPEN,doc_excluded_local_jail,source type indicates local/federal jail or non-DOC facility,10800 ARCH STREET,LITTLE ROCK,Pulaski,34.651336132,-92.306544743
Arkansas,Pulaksi County,Arkansas Department of Corrections,PULASKI COUNTY SHERIFF SOUTHEAST DISTRICT OFFICE,hifld,SHERIFF'S OFFICE,NA,05,05119,OPEN,doc_excluded_local_jail,source type indicates local/federal jail or non-DOC facility,3924 NEELY ROAD,LITTLE ROCK,Pulaski,34.6791282,-92.23802
Arkansas,Pulaksi County,Arkansas Department of Corrections,PULASKI COUNTY SHERIFF SOUTHWEST DISTRICT OFFICE,hifld,SHERIFF'S OFFICE,NA,05,05119,OPEN,doc_excluded_local_jail,source type indicates local/federal jail or non-DOC facility,25724 KANIS ROAD,LITTLE ROCK,Pulaski,34.7744988,-92.5426148
Arkansas,Pulaksi County,Arkansas Department of Corrections,RANDOLPH COUNTY JAIL,hifld_prisons,COUNTY,NA,05,05121,OPEN,doc_excluded_local_jail,source type indicates local/federal jail or non-DOC facility,1510 PACE ROAD,POCAHONTAS,Randolph,36.25065113189524,-90.94953777783692
Arkansas,Pulaksi County,Arkansas Department of Corrections,Randolph County Law Enforcement Detention Center,jails_prisons,JAILS,Randolph County Sheriffs Office,05,05121,1,doc_excluded_local_jail,source type indicates local/federal jail or non-DOC facility,1510 Pace Road,Pocahontas,Randolph County,NA,NA
Arkansas,Pulaksi County,Arkansas Department of Corrections,RANDOLPH COUNTY SHERIFFS OFFICE,hifld,SHERIFF'S OFFICE,NA,05,05121,OPEN,doc_excluded_local_jail,source type indicates local/federal jail or non-DOC facility,1510 PACE ROAD,POCAHONTAS,Randolph,36.250073612,-90.949317836
Arkansas,Pulaksi County,Arkansas Department of Corrections,SAINT FRANCIS COUNTY DETENTION CENTER,hifld_prisons,COUNTY,NA,05,05123,OPEN,doc_excluded_local_jail,source type indicates local/federal jail or non-DOC facility,2124 S WASHINGTON ST,FORREST CITY,St. Francis,34.98675929426901,-90.78398853170734
Arkansas,Pulaksi County,Arkansas Department of Corrections,St. Francis County Jail,jails_prisons,JAILS,St. Francis County Sheriffs Office,05,05123,1,doc_excluded_local_jail,source type indicates local/federal jail or non-DOC facility,313 South Izard Street,Forrest City,St. Francis County,NA,NA
Arkansas,Pulaksi County,Arkansas Department of Corrections,SAINT FRANCIS COUNTY SHERIFFS OFFICE,hifld,SHERIFF'S OFFICE,NA,05,05123,OPEN,doc_excluded_local_jail,source type indicates local/federal jail or non-DOC facility,313 SOUTH IZARD STREET,FORREST CITY,St. Francis,35.0077846,-90.7829942
Arkansas,Pulaksi County,Arkansas Department of Corrections,SALINE COUNTY DETENTION CENTER,hifld_prisons,COUNTY,NA,05,05125,OPEN,doc_excluded_local_jail,source type indicates local/federal jail or non-DOC facility,735 S NEELEY ST,BENTON,Saline,34.55615077105513,-92.57904540623636
Arkansas,Pulaksi County,Arkansas Department of Corrections,Saline County Detention Facility,jails_prisons,JAILS,Saline County Sheriffs Office,05,05125,1,doc_excluded_local_jail,source type indicates local/federal jail or non-DOC facility,735 S Neeley Street,Benton,Saline County,NA,NA
Arkansas,Pulaksi County,Arkansas Department of Corrections,SALINE COUNTY SHERIFFS OFFICE,hifld,SHERIFF'S OFFICE,NA,05,05125,OPEN,doc_excluded_local_jail,source type indicates local/federal jail or non-DOC facility,735 S NEELEY ST,BENTON,Saline,34.556135,-92.578768
Arkansas,Pulaksi County,Arkansas Department of Corrections,SCOTT COUNTY DETENTION CENTER,hifld_prisons,COUNTY,NA,05,05127,OPEN,doc_excluded_local_jail,source type indicates local/federal jail or non-DOC facility,100 W 1ST STREET,WALDRON,Scott,34.90089013774192,-94.09242025178807
Arkansas,Pulaksi County,Arkansas Department of Corrections,Scott County Jail,jails_prisons,JAILS,Scott County Detention Center,05,05127,1,doc_excluded_local_jail,source type indicates local/federal jail or non-DOC facility,100 West 1st Street,Waldron,Scott County,NA,NA
Arkansas,Pulaksi County,Arkansas Department of Corrections,SCOTT COUNTY SHERIFFS OFFICE,hifld,SHERIFF'S OFFICE,NA,05,05127,OPEN,doc_excluded_local_jail,source type indicates local/federal jail or non-DOC facility,100 WEST 1ST STREET,WALDRON,Scott,34.900876136,-94.092418397
Arkansas,Pulaksi County,Arkansas Department of Corrections,SEARCY COUNTY JAIL,hifld_prisons,COUNTY,NA,05,05129,OPEN,doc_excluded_local_jail,source type indicates local/federal jail or non-DOC facility,208 FACTORY ROAD,MARSHALL,Searcy,35.91188911079568,-92.65322485785124
Arkansas,Pulaksi County,Arkansas Department of Corrections,SEARCY COUNTY SHERIFFS OFFICE,hifld,SHERIFF'S OFFICE,NA,05,05129,OPEN,doc_excluded_local_jail,source type indicates local/federal jail or non-DOC facility,208 FACTORY ROAD,MARSHALL,Searcy,35.911464579,-92.653570541
Arkansas,Pulaksi County,Arkansas Department of Corrections,Sebastian County Adult Detention Center,jails_prisons,JAILS,Sebastian County Sheriffs Office,05,05131,1,doc_excluded_local_jail,source type indicates local/federal jail or non-DOC facility,801 South A Street,Fort Smith,Sebastian County,NA,NA
Arkansas,Pulaksi County,Arkansas Department of Corrections,SEBASTIAN COUNTY DETENTION CENTER (ADULT AND JUVENILE),hifld_prisons,COUNTY,NA,05,05131,OPEN,doc_excluded_local_jail,source type indicates local/federal jail or non-DOC facility,801 SOUTH A STREET,FORT SMITH,Sebastian,35.38277232368941,-94.42512758877545
Arkansas,Pulaksi County,Arkansas Department of Corrections,SEBASTIAN COUNTY SHERIFFS DEPARTMENT,hifld,SHERIFF'S OFFICE,NA,05,05131,OPEN,doc_excluded_local_jail,source type indicates local/federal jail or non-DOC facility,301 EAST CENTER STREET,GREENWOOD,Sebastian,35.211705238,-94.255378709
Arkansas,Pulaksi County,Arkansas Department of Corrections,SEVIER COUNTY DETENTION CENTER,hifld_prisons,COUNTY,NA,05,05133,OPEN,doc_excluded_local_jail,source type indicates local/federal jail or non-DOC facility,137 W ROBINSON RD,DE QUEEN,Sevier,34.059329621021,-94.33107501175112
Arkansas,Pulaksi County,Arkansas Department of Corrections,Sevier County Jail,jails_prisons,JAILS,Sevier County Sheriffs Office,05,05133,1,doc_excluded_local_jail,source type indicates local/federal jail or non-DOC facility,137 Robinson Road,DeQueen,Sevier County,NA,NA
Arkansas,Pulaksi County,Arkansas Department of Corrections,SEVIER COUNTY SHERIFFS OFFICE,hifld,SHERIFF'S OFFICE,NA,05,05133,OPEN,doc_excluded_local_jail,source type indicates local/federal jail or non-DOC facility,115 NORTH 3RD STREET,DE QUEEN,Sevier,34.037380568,-94.340890815
Arkansas,Pulaksi County,Arkansas Department of Corrections,SHARP COUNTY DETENTION CENTER,hifld_prisons,COUNTY,NA,05,05135,OPEN,doc_excluded_local_jail,source type indicates local/federal jail or non-DOC facility,84 ARNHART ST,ASH FLAT,Sharp,36.226866200762245,-91.6046855486472
Arkansas,Pulaksi County,Arkansas Department of Corrections,SHARP COUNTY DETENTION CENTER (OLD),hifld_prisons,COUNTY,NA,05,05135,CLOSED,doc_excluded_local_jail,source type indicates local/federal jail or non-DOC facility,30 A COURT STREET,ASH FLAT,Sharp,36.22797790544937,-91.60516705849764
Arkansas,Pulaksi County,Arkansas Department of Corrections,SHARP COUNTY SHERIFFS OFFICE,hifld,SHERIFF'S OFFICE,NA,05,05135,OPEN,doc_excluded_local_jail,source type indicates local/federal jail or non-DOC facility,30A COURT DRIVE,ASH FLAT,Sharp,36.227947,-91.6057657
Arkansas,Pulaksi County,Arkansas Department of Corrections,SHERIDAN DETENTION CENTER,hifld_prisons,LOCAL,NA,05,05053,OPEN,doc_excluded_local_jail,source type indicates local/federal jail or non-DOC facility,304 GATZKE DRIVE,SHERIDAN,Grant,34.30428752185675,-92.38963974553612
Arkansas,Pulaksi County,Arkansas Department of Corrections,SPRINGDALE CITY JAIL,hifld_prisons,LOCAL,NA,05,05143,OPEN,doc_excluded_local_jail,source type indicates local/federal jail or non-DOC facility,201 SPRING STREET,SPRINGDALE,Washington,36.18702799990496,-94.12923060607372
Arkansas,Pulaksi County,Arkansas Department of Corrections,Stone County Detention Facility,jails_prisons,JAILS,Stone County Sheriffs Office,05,05137,1,doc_excluded_local_jail,source type indicates local/federal jail or non-DOC facility,1009 Sheriffs Drive,Mountain View,Stone County,NA,NA
Arkansas,Pulaksi County,Arkansas Department of Corrections,STONE COUNTY JAIL,hifld_prisons,COUNTY,NA,05,05137,OPEN,doc_excluded_local_jail,source type indicates local/federal jail or non-DOC facility,1009 SHERIFFS DR,MOUNTAIN VIEW,Stone,35.868035417072356,-92.13045672869058
Arkansas,Pulaksi County,Arkansas Department of Corrections,STONE COUNTY SHERIFFS OFFICE,hifld,SHERIFF'S OFFICE,NA,05,05137,OPEN,doc_excluded_local_jail,source type indicates local/federal jail or non-DOC facility,1009 SHERIFF'S DRIVE,MOUNTAIN VIEW,Stone,35.86800931,-92.130426727
Arkansas,Pulaksi County,Arkansas Department of Corrections,Union County Criminal Justice Facility,jails_prisons,JAILS,Union County Sheriffs Office,05,05139,1,doc_excluded_local_jail,source type indicates local/federal jail or non-DOC facility,250 American Road,El Dorado,Union County,NA,NA
Arkansas,Pulaksi County,Arkansas Department of Corrections,UNION COUNTY DETENTION CENTER,hifld_prisons,COUNTY,NA,05,05139,OPEN,doc_excluded_local_jail,source type indicates local/federal jail or non-DOC facility,250 AMERICAN RD,EL DORADO,Union,33.20996561192623,-92.63334531219293
Arkansas,Pulaksi County,Arkansas Department of Corrections,UNION COUNTY SHERIFFS OFFICE,hifld,SHERIFF'S OFFICE,NA,05,05139,OPEN,doc_excluded_local_jail,source type indicates local/federal jail or non-DOC facility,250 AMERICAN ROAD,EL DORADO,Union,33.2098768,-92.6333209
Arkansas,Pulaksi County,Arkansas Department of Corrections,VAN BUREN COUNTY DETENTION CENTER,hifld_prisons,COUNTY,NA,05,05141,OPEN,doc_excluded_local_jail,source type indicates local/federal jail or non-DOC facility,184 DETENTION DR,CLINTON,Van Buren,35.57019181352705,-92.44933253204817
Arkansas,Pulaksi County,Arkansas Department of Corrections,VAN BUREN COUNTY SHERIFFS OFFICE,hifld,SHERIFF'S OFFICE,NA,05,05141,OPEN,doc_excluded_local_jail,source type indicates local/federal jail or non-DOC facility,184 DETENTION DRIVE,CLINTON,Van Buren,35.5702178,-92.4493731
Arkansas,Pulaksi County,Arkansas Department of Corrections,WASHINGTON COUNTY DETENTION CENTER,hifld_prisons,COUNTY,NA,05,05143,OPEN,doc_excluded_local_jail,source type indicates local/federal jail or non-DOC facility,1155 W CLYDESDALE DRIVE,FAYETTEVILLE,Washington,36.03348937473939,-94.17753489196201
Arkansas,Pulaksi County,Arkansas Department of Corrections,WASHINGTON COUNTY JUVENILE DETENTION CENTER,hifld_prisons,COUNTY,NA,05,05143,OPEN,doc_excluded_local_jail,source type indicates local/federal jail or non-DOC facility,885 CLYDESDALE DR,FAYETTEVILLE,Washington,36.033340911846665,-94.17431971169623
Arkansas,Pulaksi County,Arkansas Department of Corrections,WASHINGTON COUNTY SHERIFFS OFFICE,hifld,SHERIFF'S OFFICE,NA,05,05143,OPEN,doc_excluded_local_jail,source type indicates local/federal jail or non-DOC facility,1155 WEST CLYDESDALE DRIVE,FAYETTEVILLE,Washington,36.0333738,-94.1773259
Arkansas,Pulaksi County,Arkansas Department of Corrections,W.C. Brassell Adult Detention Center,jails_prisons,JAILS,Jefferson County Sheriffs Office,05,05069,1,doc_excluded_local_jail,source type indicates local/federal jail or non-DOC facility,300 E 2nd Avenue,Pine Bluff,Jefferson County,NA,NA
Arkansas,Pulaksi County,Arkansas Department of Corrections,WHITE COUNTY DETENTION CENTER,hifld_prisons,COUNTY,NA,05,05145,OPEN,doc_excluded_local_jail,source type indicates local/federal jail or non-DOC facility,1600 E BOOTH,SEARCY,White,35.22537295971282,-91.71836484104983
Arkansas,Pulaksi County,Arkansas Department of Corrections,WHITE RIVER JUVENILE DETENTION FACILITY,hifld_prisons,COUNTY,NA,05,05063,CLOSED,doc_excluded_local_jail,source type indicates local/federal jail or non-DOC facility,105 COUNTY YARD ROAD,BATESVILLE,Independence,35.79354117678527,-91.62541471229922
Arkansas,Pulaksi County,Arkansas Department of Corrections,WHITE COUNTY SHERIFFS OFFICE,hifld,SHERIFF'S OFFICE,NA,05,05145,OPEN,doc_excluded_local_jail,source type indicates local/federal jail or non-DOC facility,1600 EAST BOOTH ROAD,SEARCY,White,35.2252582,-91.7183775
Arkansas,Pulaksi County,Arkansas Department of Corrections,WOODRUFF COUNTY JAIL,hifld_prisons,COUNTY,NA,05,05147,OPEN,doc_excluded_local_jail,source type indicates local/federal jail or non-DOC facility,500 N 3RD ST,AUGUSTA,Woodruff,35.28757661147038,-91.36402088252399
Arkansas,Pulaksi County,Arkansas Department of Corrections,WOODRUFF COUNTY SHERIFFS OFFICE,hifld,SHERIFF'S OFFICE,NA,05,05147,OPEN,doc_excluded_local_jail,source type indicates local/federal jail or non-DOC facility,500 NORTH 3RD STREET,AUGUSTA,Woodruff,35.287566397,-91.364015459
Arkansas,Pulaksi County,Arkansas Department of Corrections,YELL COUNTY DETENTION FACILITY,hifld_prisons,COUNTY,NA,05,05149,OPEN,doc_excluded_local_jail,source type indicates local/federal jail or non-DOC facility,201 E 5TH ST,DANVILLE,Yell,35.057432814107536,-93.3930045352034
Arkansas,Pulaksi County,Arkansas Department of Corrections,YELL COUNTY JUVENILE DETENTION CENTER,hifld_prisons,COUNTY,NA,05,05149,CLOSED,doc_excluded_local_jail,source type indicates local/federal jail or non-DOC facility,203 EAST 4TH STREET,DANVILLE,Yell,35.05808771555916,-93.39325928975096
Arkansas,Pulaksi County,Arkansas Department of Corrections,YELL COUNTY SHERIFF - DARDANELL OFFICE,hifld,SHERIFF'S OFFICE,NA,05,05149,OPEN,doc_excluded_local_jail,source type indicates local/federal jail or non-DOC facility,106 UNION STREET,DARDANELLE,Yell,35.224159465,-93.156130654
Arkansas,Pulaksi County,Arkansas Department of Corrections,YELL COUNTY SHERIFFS OFFICE - DANVILLE OFFICE,hifld,SHERIFF'S OFFICE,NA,05,05149,OPEN,doc_excluded_local_jail,source type indicates local/federal jail or non-DOC facility,EAST 4TH STREET & MAIN STREET,DANVILLE,Yell,35.057395244,-93.393037048
Florida,NA,Florida Department of Corrections,ALACHUA COUNTY JAIL,hifld_prisons,COUNTY,NA,12,12001,OPEN,doc_excluded_local_jail,source type indicates local/federal jail or non-DOC facility,3333 NE 39TH AVE,GAINESVILLE,Alachua,29.677720939095785,-82.27962672982116
Florida,NA,Florida Department of Corrections,ALACHUA COUNTY SHERIFFS OFFICE,hifld,SHERIFF'S OFFICE,NA,12,12001,OPEN,doc_excluded_local_jail,source type indicates local/federal jail or non-DOC facility,2621 SOUTHEAST HAWTHORNE ROAD,GAINESVILLE,Alachua,29.6422578,-82.2907671
Florida,NA,Florida Department of Corrections,ALACHUA COUNTY SHERIFFS DEPARTMENT / ALACHUA COUNTY JAIL,hifld,SHERIFF'S OFFICE,NA,12,12001,OPEN,doc_excluded_local_jail,source type indicates local/federal jail or non-DOC facility,3333 NORTHEAST 39TH AVENUE,GAINESVILLE,Alachua,29.677825305,-82.279634329
Florida,NA,Florida Department of Corrections,ALACHUA COUNTY SHERIFFS OFFICE - CIVIL BUREAU,hifld,SHERIFF'S OFFICE,NA,12,12001,OPEN,doc_excluded_local_jail,source type indicates local/federal jail or non-DOC facility,"12 SOUTHEAST 1ST STREET, SUITE 148",GAINESVILLE,Alachua,29.6514324,-82.3242437
Florida,NA,Florida Department of Corrections,Baker County Detention Center,jails_prisons,JAILS,Baker County Sheriffs Office,12,12003,1,doc_excluded_local_jail,source type indicates local/federal jail or non-DOC facility,1 Sheriff's Office Drive,Macclenny,Baker County,NA,NA
Florida,NA,Florida Department of Corrections,BAKER COUNTY SHERIFFS DEPARTMENT,hifld,SHERIFF'S OFFICE,NA,12,12003,OPEN,doc_excluded_local_jail,source type indicates local/federal jail or non-DOC facility,56 NORTH 2ND STREET,MACCLENNY,Baker,30.2839677,-82.1178825
Florida,NA,Florida Department of Corrections,BAY COUNTY JAIL,hifld,LOCAL POLICE DEPARTMENT,NA,12,12005,OPEN,doc_excluded_local_jail,source type indicates local/federal jail or non-DOC facility,5600 NEHI ROAD,PANAMA CITY,Bay,30.22719,-85.5620175
Florida,NA,Florida Department of Corrections,Bay County Jail Facility,jails_prisons,JAILS,Bay County Jail Facility,12,12005,1,doc_excluded_local_jail,source type indicates local/federal jail or non-DOC facility,5700 Star Lane,Panama City,Bay County,NA,NA
Florida,NA,Florida Department of Corrections,BAY COUNTY SHERIFFS OFFICE,hifld,SHERIFF'S OFFICE,NA,12,12005,OPEN,doc_excluded_local_jail,source type indicates local/federal jail or non-DOC facility,3421 STATE HIGHWAY 77,PANAMA CITY,Bay,30.210473238,-85.651010903
Florida,NA,Florida Department of Corrections,BAY COUNTY SHERIFFS OFFICE - CALLAWAY CRIME PREVENTION OFFICE,hifld,SHERIFF'S OFFICE,NA,12,12005,NOT AVAILABLE,doc_excluded_local_jail,source type indicates local/federal jail or non-DOC facility,323 SOUTH BERTHE AVENUE,PANAMA CITY,Bay,30.1406606,-85.5742205
Florida,NA,Florida Department of Corrections,BAY COUNTY SHERIFFS OFFICE - NORTH END CRIME PREVENTION OFFICE,hifld,SHERIFF'S OFFICE,NA,12,12005,NOT AVAILABLE,doc_excluded_local_jail,source type indicates local/federal jail or non-DOC facility,15917 UNITED STATES HIGHWAY 231,YOUNGSTOWN,Bay,30.4351325,-85.4278457
Florida,NA,Florida Department of Corrections,BAY COUNTY SHERIFFS OFFICE - SOUTH PORT CRIME PREVENTION OFFICE,hifld,SHERIFF'S OFFICE,NA,12,12005,OPEN,doc_excluded_local_jail,source type indicates local/federal jail or non-DOC facility,7924 STATE HIGHWAY 77,SOUTHPORT,Bay,30.293840200000002,-85.6429545
Florida,NA,Florida Department of Corrections,BAY COUNTY SHERIFFS OFFICE - WEST END CRIME PREVENTION OFFICE,hifld,SHERIFF'S OFFICE,NA,12,12005,NOT AVAILABLE,doc_excluded_local_jail,source type indicates local/federal jail or non-DOC facility,20620 PANAMA CITY BEACH PARKWAY,PANAMA CITY BEACH,Bay,30.2546526,-85.9406041
Florida,NA,Florida Department of Corrections,BOOKING / RELEASE CENTER,hifld_prisons,COUNTY,NA,12,12095,OPEN,doc_excluded_local_jail,source type indicates local/federal jail or non-DOC facility,3855 S JOHN YOUNG PKWY,ORLANDO,Orange,28.503835286465918,-81.41641132759614
Florida,NA,Florida Department of Corrections,Bradford County Jail,jails_prisons,JAILS,Bradford County Sheriffs Office,12,12007,1,doc_excluded_local_jail,source type indicates local/federal jail or non-DOC facility,945 North Temple Avenue,Starke,Bradford County,NA,NA
Florida,NA,Florida Department of Corrections,BRADFORD COUNTY JAIL / SHERIFF,hifld_prisons,COUNTY,NA,12,12007,OPEN,doc_excluded_local_jail,source type indicates local/federal jail or non-DOC facility,945-A NORTH TEMPLE AVE,STARKE,Bradford,29.9542129553583,-82.10971832097768
Florida,NA,Florida Department of Corrections,BRADFORD COUNTY SHERIFFS DEPARTMENT / BRADFORD COUNTY JAIL,hifld,SHERIFF'S OFFICE,NA,12,12007,OPEN,doc_excluded_local_jail,source type indicates local/federal jail or non-DOC facility,945 NORTH TEMPLE AVENUE,STARKE,Bradford,29.9543079,-82.10955
Florida,NA,Florida Department of Corrections,Brevard County Jail,jails_prisons,JAILS,Brevard County Sheriffs Office Jail Complex,12,12009,1,doc_excluded_local_jail,source type indicates local/federal jail or non-DOC facility,860 Camp Road,Cocoa,Brevard County,NA,NA
Florida,NA,Florida Department of Corrections,BREVARD COUNTY JAIL COMPLEX,hifld_prisons,COUNTY,NA,12,12009,OPEN,doc_excluded_local_jail,source type indicates local/federal jail or non-DOC facility,860 CAMP RD,COCOA,Brevard,28.448452932170788,-80.78181395705747
Florida,NA,Florida Department of Corrections,BROWARD COUNTY MAIN JAIL,hifld_prisons,COUNTY,NA,12,12011,OPEN,doc_excluded_local_jail,source type indicates local/federal jail or non-DOC facility,555 SE 1ST AVE,FT. LAUDERDALE,Broward,26.116082162322147,-80.14228074912663
Florida,NA,Florida Department of Corrections,BROWARD COUNTY SHERIFFS OFFICE / BROWARD COUNTY JAIL,hifld,SHERIFF'S OFFICE,NA,12,12011,OPEN,doc_excluded_local_jail,source type indicates local/federal jail or non-DOC facility,555 SOUTHEAST 1ST AVENUE,FORT LAUDERDALE,Broward,26.1160132,-80.1424068
Florida,NA,Florida Department of Corrections,BROWARD COUNTY SHERIFFS OFFICE - CENTRAL BROWARD,hifld,SHERIFF'S OFFICE,NA,12,12011,OPEN,doc_excluded_local_jail,source type indicates local/federal jail or non-DOC facility,200 NORTHWEST 27TH AVENUE,FORT LAUDERDALE,Broward,26.124661622,-80.177412151
Florida,NA,Florida Department of Corrections,BROWARD COUNTY SHERIFFS OFFICE - COOPER CITY,hifld,SHERIFF'S OFFICE,NA,12,12011,OPEN,doc_excluded_local_jail,source type indicates local/federal jail or non-DOC facility,10580 STIRLING ROAD,HOLLYWOOD,Broward,26.0438238,-80.2871272
Florida,NA,Florida Department of Corrections,BROWARD COUNTY SHERIFFS OFFICE - COURTHOUSE SUBSTATION,hifld,SHERIFF'S OFFICE,NA,12,12011,OPEN,doc_excluded_local_jail,source type indicates local/federal jail or non-DOC facility,201 SOUTHEAST 6TH STREET,FORT LAUDERDALE,Broward,26.1152354,-80.1410514
Florida,NA,Florida Department of Corrections,BROWARD COUNTY SHERIFFS OFFICE - DANIA BEACH,hifld,SHERIFF'S OFFICE,NA,12,12011,OPEN,doc_excluded_local_jail,source type indicates local/federal jail or non-DOC facility,100 WEST DANIA BEACH BOULEVARD,DANIA BEACH,Broward,26.0518756,-80.1451886
Florida,NA,Florida Department of Corrections,BROWARD COUNTY SHERIFFS OFFICE - DEERFIELD BEACH,hifld,SHERIFF'S OFFICE,NA,12,12011,OPEN,doc_excluded_local_jail,source type indicates local/federal jail or non-DOC facility,300 NORTHEAST 2ND STREET,DEERFIELD BEACH,Broward,26.3202549,-80.0982339
Florida,NA,Florida Department of Corrections,BROWARD COUNTY SHERIFFS OFFICE - FORT LAUDERDALE INTERNATIONAL AIRPORT,hifld,SHERIFF'S OFFICE,NA,12,12011,OPEN,doc_excluded_local_jail,source type indicates local/federal jail or non-DOC facility,"200 TERMINAL DRIVE, TERMINAL 3",FORT LAUDERDALE,Broward,26.0731348,-80.146506
Florida,NA,Florida Department of Corrections,BROWARD COUNTY SHERIFFS OFFICE - LAUDERDALE BY THE SEA,hifld,SHERIFF'S OFFICE,NA,12,12011,OPEN,doc_excluded_local_jail,source type indicates local/federal jail or non-DOC facility,4501 OCEAN DRIVE,LAUDERDALE BY THE SEA,Broward,26.1926159,-80.0968393
Florida,NA,Florida Department of Corrections,BROWARD COUNTY SHERIFFS OFFICE - LAUDERDALE LAKES,hifld,SHERIFF'S OFFICE,NA,12,12011,OPEN,doc_excluded_local_jail,source type indicates local/federal jail or non-DOC facility,4300 NORTHWEST 36TH STREET,FORT LAUDERDALE,Broward,26.170068568,-80.207189817
Florida,NA,Florida Department of Corrections,BROWARD COUNTY SHERIFFS OFFICE - NORTH LAUDERDALE,hifld,SHERIFF'S OFFICE,NA,12,12011,OPEN,doc_excluded_local_jail,source type indicates local/federal jail or non-DOC facility,701 SOUTHWEST 7TH STREET,NORTH LAUDERDALE,Broward,26.2220329,-80.2213086
Florida,NA,Florida Department of Corrections,BROWARD COUNTY SHERIFFS OFFICE - OAKLAND PARK,hifld,SHERIFF'S OFFICE,NA,12,12011,OPEN,doc_excluded_local_jail,source type indicates local/federal jail or non-DOC facility,5399 N DIXIE HWY,OAKLAND PARK,Broward,26.194373,-80.133011
Florida,NA,Florida Department of Corrections,BROWARD COUNTY SHERIFFS OFFICE - POMPANO BEACH,hifld,SHERIFF'S OFFICE,NA,12,12011,OPEN,doc_excluded_local_jail,source type indicates local/federal jail or non-DOC facility,100 SOUTHWEST 3RD STREET,POMPANO BEACH,Broward,26.2258216,-80.1253844
Florida,NA,Florida Department of Corrections,BROWARD COUNTY SHERIFFS OFFICE - SOUTHWEST RANCHES,hifld,SHERIFF'S OFFICE,NA,12,12011,NOT AVAILABLE,doc_excluded_local_jail,source type indicates local/federal jail or non-DOC facility,6589 DYKES ROAD,DAVIE,Broward,26.0393236,-80.363063
Florida,NA,Florida Department of Corrections,BROWARD COUNTY SHERIFFS OFFICE - TAMARAC,hifld,SHERIFF'S OFFICE,NA,12,12011,OPEN,doc_excluded_local_jail,source type indicates local/federal jail or non-DOC facility,7515 NORTHWEST 88TH AVENUE,TAMARAC,Broward,26.2130942,-80.2719356
Florida,NA,Florida Department of Corrections,BROWARD COUNTY SHERIFFS OFFICE - WESTON,hifld,SHERIFF'S OFFICE,NA,12,12011,OPEN,doc_excluded_local_jail,source type indicates local/federal jail or non-DOC facility,17300 ROYAL PALM BOULEVARD,WESTON,Broward,26.0932907,-80.3811698
Florida,NA,Florida Department of Corrections,BROWARD TRANSITIONAL CENTER,hifld_prisons,FEDERAL,NA,12,12011,OPEN,doc_excluded_local_jail,source type indicates local/federal jail or non-DOC facility,3900 N POWERLINE RD,POMPANO BEACH,Broward,26.277260720681543,-80.15078664449887
Florida,NA,Florida Department of Corrections,CALHOUN COUNTY JAIL,hifld_prisons,COUNTY,NA,12,12013,OPEN,doc_excluded_local_jail,source type indicates local/federal jail or non-DOC facility,20776 CENTRAL AVENUE EAST,BLOUNTSTOWN,Calhoun,30.443924797933512,-85.04260250740127
Florida,NA,Florida Department of Corrections,CALHOUN COUNTY SHERIFFS DEPARTMENT / CALHOUN COUNTY JAIL,hifld,SHERIFF'S OFFICE,NA,12,12013,OPEN,doc_excluded_local_jail,source type indicates local/federal jail or non-DOC facility,20776 CENTRAL AVENUE,BLOUNTSTOWN,Calhoun,30.4434538,-85.0431492
Florida,NA,Florida Department of Corrections,CENTRAL COUNTY JAIL,hifld_prisons,COUNTY,NA,12,12105,OPEN,doc_excluded_local_jail,source type indicates local/federal jail or non-DOC facility,2390 BOB PHILLIPS RD,BARTOW,Polk,27.882139450203386,-81.81972358914935
Florida,NA,Florida Department of Corrections,CHARLOTTE COUNTY JAIL,hifld_prisons,COUNTY,NA,12,12015,OPEN,doc_excluded_local_jail,source type indicates local/federal jail or non-DOC facility,26601 AIRPORT RD,PUNTA GORDA,Charlotte,26.914283438121362,-82.00679060609761
Florida,NA,Florida Department of Corrections,CHARLOTTE COUNTY SHERIFFS DEPARTMENT,hifld,SHERIFF'S OFFICE,NA,12,12015,OPEN,doc_excluded_local_jail,source type indicates local/federal jail or non-DOC facility,7474 UTILITIES ROAD,PUNTA GORDA,Charlotte,26.921712044,-82.003244957
Florida,NA,Florida Department of Corrections,CHARLOTTE COUNTY SHERIFFS DEPARTMENT - MID COUNTY DISTRICT 2,hifld,SHERIFF'S OFFICE,NA,12,12015,OPEN,doc_excluded_local_jail,source type indicates local/federal jail or non-DOC facility,3280 TAMIAMI TRAIL,PORT CHARLOTTE,Charlotte,26.9838278,-82.097886935
Florida,NA,Florida Department of Corrections,CHARLOTTE COUNTY SHERIFFS DEPARTMENT - WEST COUNTY DISTRICT 1,hifld,SHERIFF'S OFFICE,NA,12,12015,OPEN,doc_excluded_local_jail,source type indicates local/federal jail or non-DOC facility,6868 SAN CASA DRIVE,ENGLEWOOD,Charlotte,26.9216599,-82.3125488
Florida,NA,Florida Department of Corrections,Citrus County Detention Facility - CCA,jails_prisons,JAILS,Citrus County Detention Facility - CCA,12,12017,1,doc_excluded_local_jail,source type indicates local/federal jail or non-DOC facility,2604 W Woodland Ridge Drive,Lecanto,Citrus County,NA,NA
Florida,NA,Florida Department of Corrections,CITRUS COUNTY SHERIFFS DEPARTMENT - COASTAL REGION SUBSTATION,hifld,SHERIFF'S OFFICE,NA,12,12017,NOT AVAILABLE,doc_excluded_local_jail,source type indicates local/federal jail or non-DOC facility,8177 WEST GROVER CLEVELAND BOULEVARD,HOMOSASSA,Citrus,28.8041118,-82.5695612
Florida,NA,Florida Department of Corrections,CITRUS COUNTY SHERIFFS DEPARTMENT - CRYSTAL RIVER SUBSTATION,hifld,SHERIFF'S OFFICE,NA,12,12017,OPEN,doc_excluded_local_jail,source type indicates local/federal jail or non-DOC facility,123 NORTHWEST UNITED STATES HIGHWAY 19,CRYSTAL RIVER,Citrus,28.9001121,-82.5949534
Florida,NA,Florida Department of Corrections,CITRUS COUNTY SHERIFFS DEPARTMENT - HEADQUARTERS,hifld,SHERIFF'S OFFICE,NA,12,12017,OPEN,doc_excluded_local_jail,source type indicates local/federal jail or non-DOC facility,1 DOCTOR MARTIN LUTHER KING JUNIOR AVENUE,INVERNESS,Citrus,28.8354605,-82.328212
Florida,NA,Florida Department of Corrections,CITRUS COUNTY SHERIFFS DEPARTMENT - RIDGE AREA SUBSTATION,hifld,SHERIFF'S OFFICE,NA,12,12017,OPEN,doc_excluded_local_jail,source type indicates local/federal jail or non-DOC facility,4095 NORTH LECANTO HIGHWAY,BEVERLY HILLS,Citrus,28.923031292,-82.463745658
Florida,NA,Florida Department of Corrections,CITRUS COUNTY SHERIFFS DEPARTMENT - RIVER REGION SUBSTATION,hifld,SHERIFF'S OFFICE,NA,12,12017,NOT AVAILABLE,doc_excluded_local_jail,source type indicates local/federal jail or non-DOC facility,11865 NORTH FLORIDA AVENUE,DUNNELLON,Citrus,29.0365507,-82.4600195
Florida,NA,Florida Department of Corrections,Clay County Jail,jails_prisons,JAILS,Clay County Sheriffs Office,12,12019,1,doc_excluded_local_jail,source type indicates local/federal jail or non-DOC facility,901 North Orange Avenue,Green Cove Springs,Clay County,NA,NA
Florida,NA,Florida Department of Corrections,CLAY COUNTY JAIL / SHERIFF,hifld_prisons,COUNTY,NA,12,12019,OPEN,doc_excluded_local_jail,source type indicates local/federal jail or non-DOC facility,901 NORTH ORANGE AVENUE,GREEN COVE SPRINGS,Clay,30.003442621519557,-81.68686501455053
Florida,NA,Florida Department of Corrections,CLAY COUNTY SHERIFFS OFFICE / CLAY COUNTY JAIL,hifld,SHERIFF'S OFFICE,NA,12,12019,OPEN,doc_excluded_local_jail,source type indicates local/federal jail or non-DOC facility,901 NORTH ORANGE AVENUE,GREEN COVE SPRINGS,Clay,30.0035693,-81.6869496
Florida,NA,Florida Department of Corrections,CLAY COUNTY SHERIFFS OFFICE - KEYSTONE HEIGHTS OPERATIONS CENTER,hifld,SHERIFF'S OFFICE,NA,12,12019,OPEN,doc_excluded_local_jail,source type indicates local/federal jail or non-DOC facility,555 SOUTH LAWRENCE BOULEVARD,KEYSTONE HEIGHTS,Clay,29.7809041,-82.0303578
Florida,NA,Florida Department of Corrections,CLAY COUNTY SHERIFFS OFFICE - MIDDLEBURG OPERATIONS CENTER,hifld,SHERIFF'S OFFICE,NA,12,12019,OPEN,doc_excluded_local_jail,source type indicates local/federal jail or non-DOC facility,1836 BLANDING BOULEVARD,MIDDLEBURG,Clay,30.103180813,-81.832551678
Florida,NA,Florida Department of Corrections,CLAY COUNTY SHERIFFS OFFICE - ORANGE PARK OPERATIONS CENTER,hifld,SHERIFF'S OFFICE,NA,12,12019,OPEN,doc_excluded_local_jail,source type indicates local/federal jail or non-DOC facility,212 BLANDING BOULEVARD,ORANGE PARK,Clay,30.1772211,-81.7448707
Florida,NA,Florida Department of Corrections,COLLIER COUNTY IMMOKALEE JAIL,hifld_prisons,COUNTY,NA,12,12021,OPEN,doc_excluded_local_jail,source type indicates local/federal jail or non-DOC facility,302 STOCKADE RD,IMMOKALEE,Collier,26.395525587124173,-81.41161202562517
Florida,NA,Florida Department of Corrections,Collier County Immokalee Jail Center,jails_prisons,JAILS,Collier County Sheriffs Office,12,12021,1,doc_excluded_local_jail,source type indicates local/federal jail or non-DOC facility,302 Stockade Road,Immokalee,Collier County,NA,NA
Florida,NA,Florida Department of Corrections,COLLIER COUNTY NAPLES JAIL,hifld_prisons,COUNTY,NA,12,12021,OPEN,doc_excluded_local_jail,source type indicates local/federal jail or non-DOC facility,3347 TAMIAMI TRAIL E,NAPLES,Collier,26.129077555017034,-81.76359445909821
Florida,NA,Florida Department of Corrections,COLLIER COUNTY SHERIFF / COLLIER COUNTY JAIL,hifld,SHERIFF'S OFFICE,NA,12,12021,OPEN,doc_excluded_local_jail,source type indicates local/federal jail or non-DOC facility,"3301 EAST TAMIAMI TRAIL, BUILDING J",NAPLES,Collier,26.1270613,-81.7658812
Florida,NA,Florida Department of Corrections,COLLIER COUNTY SHERIFFS OFFICE - DISTRICT 1 - NORTH NAPLES SUBSTATION,hifld,SHERIFF'S OFFICE,NA,12,12021,OPEN,doc_excluded_local_jail,source type indicates local/federal jail or non-DOC facility,776 VANDERBILT BEACH ROAD,NAPLES,Collier,26.2506766,-81.8058982
Florida,NA,Florida Department of Corrections,COLLIER COUNTY SHERIFFS OFFICE - DISTRICT 2 - GOLDEN GATE SUBSTATION,hifld,SHERIFF'S OFFICE,NA,12,12021,OPEN,doc_excluded_local_jail,source type indicates local/federal jail or non-DOC facility,4707 GOLDEN GATE PARKWAY,NAPLES,Collier,26.1831239,-81.7035826
Florida,NA,Florida Department of Corrections,COLLIER COUNTY SHERIFFS OFFICE - DISTRICT 3 - EAST NAPLES SUBSTATION,hifld,SHERIFF'S OFFICE,NA,12,12021,OPEN,doc_excluded_local_jail,source type indicates local/federal jail or non-DOC facility,11121 TAMIAMI TRAIL EAST,NAPLES,Collier,26.0907545,-81.7321469
Florida,NA,Florida Department of Corrections,COLLIER COUNTY SHERIFFS OFFICE - DISTRICT 4 - GOLDEN GATE ESTATES SUBSTATION,hifld,SHERIFF'S OFFICE,NA,12,12021,OPEN,doc_excluded_local_jail,source type indicates local/federal jail or non-DOC facility,1195 COUNTY ROAD 858,NAPLES,Collier,26.2930783,-81.5838642
Florida,NA,Florida Department of Corrections,COLLIER COUNTY SHERIFFS OFFICE - DISTRICT 6 - MARCO ISLAND SUBSTATION,hifld,SHERIFF'S OFFICE,NA,12,12021,OPEN,doc_excluded_local_jail,source type indicates local/federal jail or non-DOC facility,990 NORTH BARFIELD DRIVE,MARCO ISLAND,Collier,25.960452299,-81.7234137
Florida,NA,Florida Department of Corrections,COLLIER COUNTY SHERIFFS OFFICE - DISTRICT 8 - IMMOKALEE SUBSTATION,hifld,SHERIFF'S OFFICE,NA,12,12021,OPEN,doc_excluded_local_jail,source type indicates local/federal jail or non-DOC facility,112 SOUTH 1ST STREET,IMMOKALEE,Collier,26.4170548,-81.4167797
Florida,NA,Florida Department of Corrections,COLLIER COUNTY SHERIFFS OFFICE - SPECIAL OPERATIONS CENTER - AVIATION,hifld,SHERIFF'S OFFICE,NA,12,12021,OPEN,doc_excluded_local_jail,source type indicates local/federal jail or non-DOC facility,250 PATRIOT WAY,NAPLES,Collier,26.158128942,-81.77833939
Florida,NA,Florida Department of Corrections,Columbia County Detention Facility,jails_prisons,JAILS,Columbia County Sheriffs Office,12,12023,1,doc_excluded_local_jail,source type indicates local/federal jail or non-DOC facility,389 Northwest Quinten Street,Lake City,Columbia County,NA,NA
Florida,NA,Florida Department of Corrections,COLUMBIA COUNTY JAIL,hifld_prisons,COUNTY,NA,12,12023,OPEN,doc_excluded_local_jail,source type indicates local/federal jail or non-DOC facility,389 NORTHWEST QUINTEN STREET,LAKE CITY,Columbia,30.22082811288036,-82.64368417045016
Florida,NA,Florida Department of Corrections,COLUMBIA COUNTY SHERIFF - CIVIL DIVISION,hifld,SHERIFF'S OFFICE,NA,12,12023,OPEN,doc_excluded_local_jail,source type indicates local/federal jail or non-DOC facility,"173 NORTH HERNANDO STREET, COLUMBIA COUNTY COURTHOUSE",LAKE CITY,Columbia,30.190536554,-82.635873909
Florida,NA,Florida Department of Corrections,COLUMBIA COUNTY SHERIFF HEADQUARTERS,hifld,SHERIFF'S OFFICE,NA,12,12023,OPEN,doc_excluded_local_jail,source type indicates local/federal jail or non-DOC facility,4917 EAST UNITED STATES HIGHWAY 90,LAKE CITY,Columbia,30.190378308,-82.557536076
Florida,NA,Florida Department of Corrections,COLUMBIA COUNTY SHERIFFS OFFICE / COLUMBIA COUNTY JAIL,hifld,SHERIFF'S OFFICE,NA,12,12023,OPEN,doc_excluded_local_jail,source type indicates local/federal jail or non-DOC facility,NORTHWEST QUINTEN STREET,LAKE CITY,Columbia,30.220896921,-82.643523127
Florida,NA,Florida Department of Corrections,COLUMBIA COUNTY SHERIFF SUBSTATION,hifld,SHERIFF'S OFFICE,NA,12,12023,OPEN,doc_excluded_local_jail,source type indicates local/federal jail or non-DOC facility,STATE HIGHWAY 47 AND WEST RIGHTAWAY STREET,FORT WHITE,Columbia,29.921419465,-82.714140978
Florida,NA,Florida Department of Corrections,COLUMBIA COUNTY SHERIFF-WARRANTS DIVISION,hifld,SHERIFF'S OFFICE,NA,12,12023,OPEN,doc_excluded_local_jail,source type indicates local/federal jail or non-DOC facility,NORTHWEST QUINTEN STREET,LAKE CITY,Columbia,30.220396261,-82.643609591
Florida,NA,Florida Department of Corrections,COMMUNITY TRANSITION CENTER,hifld_prisons,LOCAL,NA,12,12031,OPEN,doc_excluded_local_jail,source type indicates local/federal jail or non-DOC facility,451 CATHERINE ST,JACKSONVILLE,Duval,30.327995366762817,-81.64888283015675
Florida,NA,Florida Department of Corrections,DESOTO COUNTY JAIL,hifld_prisons,COUNTY,NA,12,12027,OPEN,doc_excluded_local_jail,source type indicates local/federal jail or non-DOC facility,208 E CYPRESS ST,ARCADIA,Desoto,27.217011079300278,-81.85639145318362
Florida,NA,Florida Department of Corrections,DESOTO COUNTY SHERIFFS DEPARTMENT / DESOTO COUNTY JAIL,hifld,SHERIFF'S OFFICE,NA,12,12027,OPEN,doc_excluded_local_jail,source type indicates local/federal jail or non-DOC facility,208 EAST CYPRESS STREET,ARCADIA,Desoto,27.2170745,-81.8562912
Florida,NA,Florida Department of Corrections,DISTRICT 1 BROWARD COUNTY SHERIFFS OFFICE - PEMBROKE PARK / WEST PARK,hifld,SHERIFF'S OFFICE,NA,12,12011,OPEN,doc_excluded_local_jail,source type indicates local/federal jail or non-DOC facility,3201 WEST HALLANDALE BEACH BOULEVARD,HOLLYWOOD,Broward,25.9854538,-80.1758294
Florida,NA,Florida Department of Corrections,DIXIE COUNTY DETENTION FACILITY,hifld_prisons,COUNTY,NA,12,12029,OPEN,doc_excluded_local_jail,source type indicates local/federal jail or non-DOC facility,386 NE 255 STREET,CROSS CITY,Dixie,29.63253964248514,-83.09526070900414
Florida,NA,Florida Department of Corrections,Dixie County Jail,jails_prisons,JAILS,Dixie County Sheriffs Office,12,12029,1,doc_excluded_local_jail,source type indicates local/federal jail or non-DOC facility,386 NE 255th Street,Cross City,Dixie County,NA,NA
Florida,NA,Florida Department of Corrections,DIXIE COUNTY SHERIFFS OFFICE,hifld,SHERIFF'S OFFICE,NA,12,12029,OPEN,doc_excluded_local_jail,source type indicates local/federal jail or non-DOC facility,"214 STATE HIGHWAY 351 NORTHEAST, SUITE L",CROSS CITY,Dixie,29.6366257,-83.1229411
Florida,NA,Florida Department of Corrections,ESCAMBIA COUNTY MAIN JAIL,hifld_prisons,COUNTY,NA,12,12033,OPEN,doc_excluded_local_jail,source type indicates local/federal jail or non-DOC facility,2935 N L ST,PENSACOLA,Escambia,30.44356471161286,-87.23756080604169
Florida,NA,Florida Department of Corrections,Escambia County Road Prison,jails_prisons,JAILS,Escambia County Road Prison,12,12033,1,doc_excluded_local_jail,source type indicates local/federal jail or non-DOC facility,601  Highway 297-A,Cantonment,Escambia County,NA,NA
Florida,NA,Florida Department of Corrections,ESCAMBIA COUNTY SHERIFFS OFFICE - ADMINISTRATION,hifld,SHERIFF'S OFFICE,NA,12,12033,OPEN,doc_excluded_local_jail,source type indicates local/federal jail or non-DOC facility,1700 WEST LEONARD STREET,PENSACOLA,Escambia,30.4418982,-87.2349069
Florida,NA,Florida Department of Corrections,ESCAMBIA COUNTY SHERIFFS OFFICE - BIG LAGOON 2ND PRECINCT,hifld,SHERIFF'S OFFICE,NA,12,12033,OPEN,doc_excluded_local_jail,source type indicates local/federal jail or non-DOC facility,12950 GULF BEACH HIGHWAY,PENSACOLA,Escambia,30.319976732,-87.416665723
Florida,NA,Florida Department of Corrections,ESCAMBIA COUNTY SHERIFFS OFFICE - BROWNSVILLE PRECINCT,hifld,SHERIFF'S OFFICE,NA,12,12033,OPEN,doc_excluded_local_jail,source type indicates local/federal jail or non-DOC facility,2817 WEST CERVANTES STREET,PENSACOLA,Escambia,30.4209355,-87.2500099
Florida,NA,Florida Department of Corrections,ESCAMBIA COUNTY SHERIFFS OFFICE CANTONMENT - MOLINO 5TH PRECINCT,hifld,SHERIFF'S OFFICE,NA,12,12033,OPEN,doc_excluded_local_jail,source type indicates local/federal jail or non-DOC facility,5844 UNITED STATES HIGHWAY 29 NORTH,MOLINO,Escambia,30.706357,-87.3494368
Florida,NA,Florida Department of Corrections,ESCAMBIA COUNTY SHERIFFS OFFICE - CENTURY 6TH PRECINCT,hifld,SHERIFF'S OFFICE,NA,12,12033,OPEN,doc_excluded_local_jail,source type indicates local/federal jail or non-DOC facility,7500 NORTH CENTURY BOULEVARD,CENTURY,Escambia,30.9704371,-87.2660704
Florida,NA,Florida Department of Corrections,ESCAMBIA COUNTY SHERIFFS OFFICE - NORTH PENSACOLA 4TH PRECINCT,hifld,SHERIFF'S OFFICE,NA,12,12033,OPEN,doc_excluded_local_jail,source type indicates local/federal jail or non-DOC facility,97 WEST HOOD DRIVE,PENSACOLA,Escambia,30.526200969,-87.272524499
Florida,NA,Florida Department of Corrections,ESCAMBIA COUNTY SHERIFFS OFFICE PENSACOLA BEACH 1ST PRECINCT,hifld,SHERIFF'S OFFICE,NA,12,12033,OPEN,doc_excluded_local_jail,source type indicates local/federal jail or non-DOC facility,43 FORT PICKENS ROAD,PENSACOLA BEACH,Escambia,30.3312472,-87.1433786
Florida,NA,Florida Department of Corrections,ESCAMBIA COUNTY SHERIFFS OFFICE - SOUTH PENSACOLA 3RD PRECINCT,hifld,SHERIFF'S OFFICE,NA,12,12033,OPEN,doc_excluded_local_jail,source type indicates local/federal jail or non-DOC facility,3810 BARRANCAS AVENUE,PENSACOLA,Escambia,30.391172629,-87.267253762
Florida,NA,Florida Department of Corrections,ESCAMBIA COUNTY WORK ANNEX,hifld_prisons,COUNTY,NA,12,12033,OPEN,doc_excluded_local_jail,source type indicates local/federal jail or non-DOC facility,601 HIGHWAY 297-A,CANTONMENT,Escambia,30.59871007039337,-87.33180358158836
Florida,NA,Florida Department of Corrections,ESCAMBIA COUNTY WORK RELEASE FACILITY,hifld_prisons,COUNTY,NA,12,12033,OPEN,doc_excluded_local_jail,source type indicates local/federal jail or non-DOC facility,1211 W FAIRFIELD DR,PENSACOLA,Escambia,30.444499737966638,-87.23219668754449
Florida,NA,Florida Department of Corrections,Falkenberg Road Jail,jails_prisons,JAILS,Hillsborough County Sheriffs Office,12,12057,1,doc_excluded_local_jail,source type indicates local/federal jail or non-DOC facility,520 North Falkenburg Road,Tampa,Hillsborough County,NA,NA
Florida,NA,Florida Department of Corrections,FCI COLEMAN LOW,hifld_prisons,FEDERAL,NA,12,12119,OPEN,doc_excluded_local_jail,source type indicates local/federal jail or non-DOC facility,846 NE 54TH TERRACE,SUMTERVILLE,Sumter,28.770648288070614,-82.01175610958755
Florida,NA,Florida Department of Corrections,FCI COLEMAN LOW CAMP,hifld_prisons,FEDERAL,NA,12,12119,OPEN,doc_excluded_local_jail,source type indicates local/federal jail or non-DOC facility,846 NE 54TH TERRACE,SUMTERVILLE,Sumter,28.762793185903895,-82.01491906264506
Florida,NA,Florida Department of Corrections,FCI COLEMAN MEDIUM,hifld_prisons,FEDERAL,NA,12,12119,OPEN,doc_excluded_local_jail,source type indicates local/federal jail or non-DOC facility,846 NE 54TH TERRACE,SUMTERVILLE,Sumter,28.76625070204495,-82.00753863057308
Florida,NA,Florida Department of Corrections,FCI MARIANNA,hifld_prisons,FEDERAL,NA,12,12063,OPEN,doc_excluded_local_jail,source type indicates local/federal jail or non-DOC facility,3625 FCI RD,MARIANNA,Jackson,30.834601719791443,-85.19200130557982
Florida,NA,Florida Department of Corrections,FCI MARIANNA CAMP,hifld_prisons,FEDERAL,NA,12,12063,OPEN,doc_excluded_local_jail,source type indicates local/federal jail or non-DOC facility,3625 FCI RD,MARIANNA,Jackson,30.828098290183664,-85.19039955275402
Florida,NA,Florida Department of Corrections,FCI MIAMI,hifld_prisons,FEDERAL,NA,12,12086,OPEN,doc_excluded_local_jail,source type indicates local/federal jail or non-DOC facility,15801 SW 137TH AVE,MIAMI,Miami-Dade,25.61832697937416,-80.4103906278027
Florida,NA,Florida Department of Corrections,FCI MIAMI CAMP,hifld_prisons,FEDERAL,NA,12,12086,OPEN,doc_excluded_local_jail,source type indicates local/federal jail or non-DOC facility,15801 SW 137TH AVE,MIAMI,Miami-Dade,25.615178316247828,-80.41279296197682
Florida,NA,Florida Department of Corrections,FCI TALLAHASSEE AND DETENTION CENTER,hifld_prisons,FEDERAL,NA,12,12073,OPEN,doc_excluded_local_jail,source type indicates local/federal jail or non-DOC facility,501 CAPITAL CIRCLE NE,TALLAHASSEE,Leon,30.443880693279123,-84.22294795042096
Florida,NA,Florida Department of Corrections,FDC MIAMI,hifld_prisons,FEDERAL,NA,12,12086,OPEN,doc_excluded_local_jail,source type indicates local/federal jail or non-DOC facility,33 NE 4TH STREET,MIAMI,Miami-Dade,25.778489695197177,-80.19323746518107
Florida,NA,Florida Department of Corrections,FLAGLER COUNTY DETENTION FACILITY,hifld_prisons,COUNTY,NA,12,12035,OPEN,doc_excluded_local_jail,source type indicates local/federal jail or non-DOC facility,1002 JUSTICE LANE,BUNNELL,Flagler,29.452318768857833,-81.25659532510477
Florida,NA,Florida Department of Corrections,Flagler County - Inmate Facility,jails_prisons,JAILS,Flagler County Sheriffs Office,12,12035,1,doc_excluded_local_jail,source type indicates local/federal jail or non-DOC facility,1002 Justice Lane,Bunnell,Flagler County,NA,NA
Florida,NA,Florida Department of Corrections,FLAGLER COUNTY SHERIFFS OFFICE,hifld,SHERIFF'S OFFICE,NA,12,12035,OPEN,doc_excluded_local_jail,source type indicates local/federal jail or non-DOC facility,1001 JUSTICE LANE,BUNNELL,Flagler,29.4595842,-81.2609614
Florida,NA,Florida Department of Corrections,FPC PENSACOLA,hifld_prisons,FEDERAL,NA,12,12033,OPEN,doc_excluded_local_jail,source type indicates local/federal jail or non-DOC facility,110 RABY AVE,PENSACOLA,Escambia,30.463441095261096,-87.33919280729982
Florida,NA,Florida Department of Corrections,FRANKLIN COUNTY JAIL,hifld_prisons,COUNTY,NA,12,12037,OPEN,doc_excluded_local_jail,source type indicates local/federal jail or non-DOC facility,270 STATE RD 65,EASTPOINT,Franklin,29.77591237572584,-84.83088632552041
Florida,NA,Florida Department of Corrections,FRANKLIN COUNTY SHERIFFS DEPARTMENT / FRANKLIN COUNTY JAIL,hifld,SHERIFF'S OFFICE,NA,12,12037,OPEN,doc_excluded_local_jail,source type indicates local/federal jail or non-DOC facility,270 STATE ROAD 65,EASTPOINT,Franklin,29.7761062,-84.8308674
Florida,NA,Florida Department of Corrections,GADSDEN COUNTY CORRECTIONAL FACILITY,hifld_prisons,COUNTY,NA,12,12039,OPEN,doc_excluded_local_jail,source type indicates local/federal jail or non-DOC facility,2135 PAT THOMAS PKWY,QUINCY,Gadsden,30.554097007058374,-84.59074299089897
Florida,NA,Florida Department of Corrections,GADSDEN COUNTY SHERIFF DEPARTMENT,hifld,SHERIFF'S OFFICE,NA,12,12039,OPEN,doc_excluded_local_jail,source type indicates local/federal jail or non-DOC facility,339 EAST JEFFERSON STREET,QUINCY,Gadsden,30.5872618,-84.5712146
Florida,NA,Florida Department of Corrections,Gilchrist CountyJail,jails_prisons,JAILS,Gilchrist County Sheriffs Office,12,12041,1,doc_excluded_local_jail,source type indicates local/federal jail or non-DOC facility,9239 South US 129,Trenton,Gilchrist County,NA,NA
Florida,NA,Florida Department of Corrections,GILCHRIST COUNTY JAIL,hifld_prisons,COUNTY,NA,12,12041,OPEN,doc_excluded_local_jail,source type indicates local/federal jail or non-DOC facility,9239 S US HWY 129,TRENTON,Gilchrist,29.602396119248777,-82.81874823084463
Florida,NA,Florida Department of Corrections,GILCHRIST COUNTY SHERIFFS OFFICE / GILCHRIST COUNTY JAIL,hifld,SHERIFF'S OFFICE,NA,12,12041,OPEN,doc_excluded_local_jail,source type indicates local/federal jail or non-DOC facility,9239 SOUTH UNITED STATES HIGHWAY 129,TRENTON,Gilchrist,29.602518467,-82.818771866
Florida,NA,Florida Department of Corrections,Glades CountyJail,jails_prisons,JAILS,Glades County Sheriffs Office,12,12043,1,doc_excluded_local_jail,source type indicates local/federal jail or non-DOC facility,1297 SR-78 East,Moore Haven,Glades County,NA,NA
Florida,NA,Florida Department of Corrections,GLADES COUNTY DETENTION CENTER,hifld_prisons,FEDERAL,NA,12,12043,OPEN,doc_excluded_local_jail,source type indicates local/federal jail or non-DOC facility,1297 EAST STATE ROAD 78,MOORE HAVEN,Glades,26.838525367802895,-81.124413034907107
Florida,NA,Florida Department of Corrections,GLADES COUNTY JAIL,hifld_prisons,COUNTY,NA,12,12043,OPEN,doc_excluded_local_jail,source type indicates local/federal jail or non-DOC facility,598 AVE J,MOORE HAVEN,Glades,26.832319899088,-81.09767496397306
Florida,NA,Florida Department of Corrections,GLADES COUNTY SHERIFFS OFFICE / GLADES COUNTY JAIL,hifld,SHERIFF'S OFFICE,NA,12,12043,OPEN,doc_excluded_local_jail,source type indicates local/federal jail or non-DOC facility,1297 STATE ROUTE 78,MOORE HAVEN,Glades,26.8384534,-81.1242045
Florida,NA,Florida Department of Corrections,Gulf County Detention Facility,jails_prisons,JAILS,Gulf County Detention Facility,12,12045,1,doc_excluded_local_jail,source type indicates local/federal jail or non-DOC facility,1000 Cecil G. Costin Sr. Boulevard,Port St. Joe,Gulf County,NA,NA
Florida,NA,Florida Department of Corrections,GULF COUNTY JAIL,hifld_prisons,COUNTY,NA,12,12045,OPEN,doc_excluded_local_jail,source type indicates local/federal jail or non-DOC facility,1000 CECIL G COSTIN SR BLVD,PORT SAINT JOE,Gulf,29.814304754121324,-85.28972650203465
Florida,NA,Florida Department of Corrections,GULF COUNTY SHERIFFS DEPARTMENT / GULF COUNTY JAIL,hifld,SHERIFF'S OFFICE,NA,12,12045,OPEN,doc_excluded_local_jail,source type indicates local/federal jail or non-DOC facility,1000 CECIL G COSTIN SENIOR BOULEVARD,PORT SAINT JOE,Gulf,29.8147744,-85.2899845
Florida,NA,Florida Department of Corrections,GULF COUNTY SHERIFFS OFFICE - SUBSTATION,hifld,SHERIFF'S OFFICE,NA,12,12045,OPEN,doc_excluded_local_jail,source type indicates local/federal jail or non-DOC facility,310 NORTH STATE HIGHWAY 71,WEWAHITCHKA,Gulf,30.1157332,-85.1990866
Florida,NA,Florida Department of Corrections,Hamilton CountyJail,jails_prisons,JAILS,Hamilton County Sheriffs Office,12,12047,1,doc_excluded_local_jail,source type indicates local/federal jail or non-DOC facility,3995 County Road 51 North,Jasper,Hamilton County,NA,NA
Florida,NA,Florida Department of Corrections,HAMILTON COUNTY JAIL,hifld_prisons,COUNTY,NA,12,12047,OPEN,doc_excluded_local_jail,source type indicates local/federal jail or non-DOC facility,3995 COUNTY ROUTE 51 NORTH,JASPER,Hamilton,30.526335397429488,-82.9415024866234
Florida,NA,Florida Department of Corrections,HAMILTON COUNTY SHERIFFS OFFICE,hifld,SHERIFF'S OFFICE,NA,12,12047,OPEN,doc_excluded_local_jail,source type indicates local/federal jail or non-DOC facility,"207 1ST STREET NORTHEAST, ROOM 114",JASPER,Hamilton,30.5193025,-82.9459607
Florida,NA,Florida Department of Corrections,Hardee CountyJail,jails_prisons,JAILS,Hardee County Sheriffs Office,12,12049,1,doc_excluded_local_jail,source type indicates local/federal jail or non-DOC facility,900 E Summit Street,Wauchula,Hardee County,NA,NA
Florida,NA,Florida Department of Corrections,HARDEE COUNTY DETENTION FACILITY,hifld_prisons,COUNTY,NA,12,12049,OPEN,doc_excluded_local_jail,source type indicates local/federal jail or non-DOC facility,900 E SUMMIT ST,WAUCHULA,Hardee,27.543043806943583,-81.80190113595887
Florida,NA,Florida Department of Corrections,HARDEE COUNTY SHERIFFS DEPARTMENT / HARDEE COUNTY JAIL,hifld,SHERIFF'S OFFICE,NA,12,12049,OPEN,doc_excluded_local_jail,source type indicates local/federal jail or non-DOC facility,900 EAST SUMMIT STREET,WAUCHULA,Hardee,27.543058605,-81.802127846
Florida,NA,Florida Department of Corrections,HENDRY COUNTY JAIL,hifld_prisons,COUNTY,NA,12,12051,OPEN,doc_excluded_local_jail,source type indicates local/federal jail or non-DOC facility,101 S BRIDGE ST,LABELLE,Hendry,26.760392436543867,-81.43648832603894
Florida,NA,Florida Department of Corrections,HENDRY COUNTY SHERIFFS DEPARTMENT / HENDRY COUNTY JAIL,hifld,SHERIFF'S OFFICE,NA,12,12051,OPEN,doc_excluded_local_jail,source type indicates local/federal jail or non-DOC facility,101 SOUTH BRIDGE STREET,LABELLE,Hendry,26.7605325,-81.436628
Florida,NA,Florida Department of Corrections,HENDRY COUNTY SHERIFFS OFFICE - SUBSTATION,hifld,SHERIFF'S OFFICE,NA,12,12051,OPEN,doc_excluded_local_jail,source type indicates local/federal jail or non-DOC facility,712 EAST EL PASO AVENUE,CLEWISTON,Hendry,26.748575,-80.933829
Florida,NA,Florida Department of Corrections,HERNANDO COUNTY DETENTION CENTER,hifld_prisons,COUNTY,NA,12,12053,OPEN,doc_excluded_local_jail,source type indicates local/federal jail or non-DOC facility,16425 SPRING HILL DR,BROOKSVILLE,Hernando,28.483728754752885,-82.45140555869074
Florida,NA,Florida Department of Corrections,HERNANDO COUNTY SHERIFFS OFFICE - EASTSIDE SUBSTATION,hifld,SHERIFF'S OFFICE,NA,12,12053,OPEN,doc_excluded_local_jail,source type indicates local/federal jail or non-DOC facility,34240 CORTEZ BOULEVARD,DADE CITY,Hernando,28.5071115,-82.1792331
Florida,NA,Florida Department of Corrections,HERNANDO COUNTY SHERIFFS DEPARTMENT-HEADQUARTERS,hifld,SHERIFF'S OFFICE,NA,12,12053,OPEN,doc_excluded_local_jail,source type indicates local/federal jail or non-DOC facility,18900 CORTEZ BOULEVARD,BROOKSVILLE,Hernando,28.5472469,-82.4217855
Florida,NA,Florida Department of Corrections,HERNANDO COUNTY SHERIFFS OFFICE - HERNANDO BEACH SUBSTATION,hifld,SHERIFF'S OFFICE,NA,12,12053,OPEN,doc_excluded_local_jail,source type indicates local/federal jail or non-DOC facility,4139 SHOAL LINE BOULEVARD,SPRING HILL,Hernando,28.489653727,-82.650605287
Florida,NA,Florida Department of Corrections,HERNANDO COUNTY SHERIFFS OFFICE - MASARYKTOWN SUBSTATION,hifld,SHERIFF'S OFFICE,NA,12,12053,NOT AVAILABLE,doc_excluded_local_jail,source type indicates local/federal jail or non-DOC facility,399 BROAD STREET,MASARYKTOWN,Hernando,28.4422324,-82.4575848
Florida,NA,Florida Department of Corrections,HERNANDO COUNTY SHERIFFS OFFICE - SOUTH BROOKSVILLE SUBSTATION,hifld,SHERIFF'S OFFICE,NA,12,12053,OPEN,doc_excluded_local_jail,source type indicates local/federal jail or non-DOC facility,835 SCHOOL STREET,BROOKSVILLE,Hernando,28.5434858,-82.379304200000007
Florida,NA,Florida Department of Corrections,HERNANDO COUNTY SHERIFFS OFFICE - SPRING HILL SUBSTATION,hifld,SHERIFF'S OFFICE,NA,12,12053,OPEN,doc_excluded_local_jail,source type indicates local/federal jail or non-DOC facility,7499 FOREST OAKS BOULEVARD,SPRING HILL,Hernando,28.491389433,-82.5926991
Florida,NA,Florida Department of Corrections,Highlands CountySheriffs Office Detention Facility,jails_prisons,JAILS,Highlands County Sheriffs Office,12,12055,1,doc_excluded_local_jail,source type indicates local/federal jail or non-DOC facility,338 S Orange Street,Sebring,Highlands County,NA,NA
Florida,NA,Florida Department of Corrections,HIGHLANDS COUNTY DETENTION FACILITY,hifld_prisons,COUNTY,NA,12,12055,OPEN,doc_excluded_local_jail,source type indicates local/federal jail or non-DOC facility,338 S ORANGE ST,SEBRING,Highlands,27.493523940435225,-81.43592777896829
Florida,NA,Florida Department of Corrections,HIGHLANDS COUNTY SHERIFFS OFFICE,hifld,SHERIFF'S OFFICE,NA,12,12055,OPEN,doc_excluded_local_jail,source type indicates local/federal jail or non-DOC facility,434 FERNLEAF AVENUE,SEBRING,Highlands,27.493573034,-81.435942139
Florida,NA,Florida Department of Corrections,"HILLSBOROUGH COUNTY JAIL, FALKENBURG ROAD",hifld_prisons,COUNTY,NA,12,12057,OPEN,doc_excluded_local_jail,source type indicates local/federal jail or non-DOC facility,520 N FALKENBURG RD,TAMPA,Hillsborough,27.960510794207988,-82.33766543443028
Florida,NA,Florida Department of Corrections,"HILLSBOROUGH COUNTY JAIL, ORIENT ROAD",hifld_prisons,COUNTY,NA,12,12057,OPEN,doc_excluded_local_jail,source type indicates local/federal jail or non-DOC facility,1201 ORIENT RD,TAMPA,Hillsborough,27.9587442409546,-82.37131700294265
Florida,NA,Florida Department of Corrections,HILLSBOROUGH COUNTY SHERIFF - 13 JUDICIAL CIRCUIT COURT,hifld,SHERIFF'S OFFICE,NA,12,12057,OPEN,doc_excluded_local_jail,source type indicates local/federal jail or non-DOC facility,800 EAST TWIGGS STREET,TAMPA,Hillsborough,27.9510031,-82.4541922
Florida,NA,Florida Department of Corrections,HILLSBOROUGH COUNTY SHERIFFS DEPARTMENT DISTRICT 1- HEADQUARTERS,hifld,SHERIFF'S OFFICE,NA,12,12057,OPEN,doc_excluded_local_jail,source type indicates local/federal jail or non-DOC facility,14102 NORTH 20TH STREET,TAMPA,Hillsborough,28.0754033,-82.4371234
Florida,NA,Florida Department of Corrections,HILLSBOROUGH COUNTY SHERIFFS DEPARTMENT DISTRICT 1 - LUTZ SUBSTATION,hifld,SHERIFF'S OFFICE,NA,12,12057,NOT AVAILABLE,doc_excluded_local_jail,source type indicates local/federal jail or non-DOC facility,19002 1ST STREET SOUTHWEST,LUTZ,Hillsborough,28.150425471,-82.462542347
Florida,NA,Florida Department of Corrections,HILLSBOROUGH COUNTY SHERIFFS DEPARTMENT DISTRICT 1 - UNIVERSITY MALL COMMUNITY STATION,hifld,SHERIFF'S OFFICE,NA,12,12057,OPEN,doc_excluded_local_jail,source type indicates local/federal jail or non-DOC facility,"2200 FOWLER AVENUE EAST, 2242A UNIVERSITY MALL",TAMPA,Hillsborough,28.057274197,-82.434544252
Florida,NA,Florida Department of Corrections,HILLSBOROUGH COUNTY SHERIFFS DEPARTMENT DISTRICT 2,hifld,SHERIFF'S OFFICE,NA,12,12057,OPEN,doc_excluded_local_jail,source type indicates local/federal jail or non-DOC facility,2310 FALKENBURG ROAD NORTH,TAMPA,Hillsborough,27.96455,-82.3379367
Florida,NA,Florida Department of Corrections,HILLSBOROUGH COUNTY SHERIFFS DEPARTMENT DISTRICT 2 - DOVER COMMUNITY STATION,hifld,SHERIFF'S OFFICE,NA,12,12057,OPEN,doc_excluded_local_jail,source type indicates local/federal jail or non-DOC facility,3177 NORTH DOVER ROAD,DOVER,Hillsborough,27.993510902,-82.219488384
Florida,NA,Florida Department of Corrections,HILLSBOROUGH COUNTY SHERIFFS DEPARTMENT DISTRICT 2 - NUCCIO COMMUNITY STATION,hifld,SHERIFF'S OFFICE,NA,12,12057,NOT AVAILABLE,doc_excluded_local_jail,source type indicates local/federal jail or non-DOC facility,5811 NORTH 50TH STREET,TAMPA,Hillsborough,28.0020928,-82.4015983
Florida,NA,Florida Department of Corrections,HILLSBOROUGH COUNTY SHERIFFS DEPARTMENT DISTRICT 2 - PALM RIVER-CLAIRMEL COMMUNITY STATION,hifld,SHERIFF'S OFFICE,NA,12,12057,NOT AVAILABLE,doc_excluded_local_jail,source type indicates local/federal jail or non-DOC facility,7460 PALM RIVER ROAD,TAMPA,Hillsborough,27.942367043,-82.372562876
Florida,NA,Florida Department of Corrections,HILLSBOROUGH COUNTY SHERIFFS DEPARTMENT DISTRICT 2 - PLANT CITY COMMUNITY STATION,hifld,SHERIFF'S OFFICE,NA,12,12057,NOT AVAILABLE,doc_excluded_local_jail,source type indicates local/federal jail or non-DOC facility,302 NORTH MICHIGAN AVENUE,PLANT CITY,Hillsborough,28.017538,-82.1203158
Florida,NA,Florida Department of Corrections,HILLSBOROUGH COUNTY SHERIFFS DEPARTMENT DISTRICT 2 - SEFFNER COMMUNITY STATION,hifld,SHERIFF'S OFFICE,NA,12,12057,OPEN,doc_excluded_local_jail,source type indicates local/federal jail or non-DOC facility,1209 SOUTH KINGSWAY ROAD,SEFFNER,Hillsborough,27.985437296,-82.278492924
Florida,NA,Florida Department of Corrections,HILLSBOROUGH COUNTY SHERIFFS DEPARTMENT DISTRICT 3 - CARROLLWOOD COMMUNITY STATION,hifld,SHERIFF'S OFFICE,NA,12,12057,NOT AVAILABLE,doc_excluded_local_jail,source type indicates local/federal jail or non-DOC facility,13146 DALE MABRY HIGHWAY,TAMPA,Hillsborough,28.06742791,-82.506411362
Florida,NA,Florida Department of Corrections,HILLSBOROUGH COUNTY SHERIFFS DEPARTMENT DISTRICT 3 - CITRUS PARK COMMUNITY STATION,hifld,SHERIFF'S OFFICE,NA,12,12057,OPEN,doc_excluded_local_jail,source type indicates local/federal jail or non-DOC facility,8021 CITRUS PARK DRIVE,TAMPA,Hillsborough,28.06902787,-82.576613285
Florida,NA,Florida Department of Corrections,HILLSBOROUGH COUNTY SHERIFFS DEPARTMENT DISTRICT 3 - TOWN AND COUNTRY COMMUNITY STATION,hifld,SHERIFF'S OFFICE,NA,12,12057,OPEN,doc_excluded_local_jail,source type indicates local/federal jail or non-DOC facility,7519 WEST WATERS AVENUE,TAMPA,Hillsborough,28.027290319,-82.562774382
Florida,NA,Florida Department of Corrections,HILLSBOROUGH COUNTY SHERIFFS DEPARTMENT DISTRICT 3 - FOUNTAIN OAKS COMMUNITY STATION,hifld,SHERIFF'S OFFICE,NA,12,12057,NOT AVAILABLE,doc_excluded_local_jail,source type indicates local/federal jail or non-DOC facility,3671 WEST WATERS AVENUE,TAMPA,Hillsborough,28.0257152,-82.5044068
Florida,NA,Florida Department of Corrections,HILLSBOROUGH COUNTY SHERIFFS DEPARTMENT DISTRICT 3 - HEADQUARTERS,hifld,SHERIFF'S OFFICE,NA,12,12057,OPEN,doc_excluded_local_jail,source type indicates local/federal jail or non-DOC facility,7202 GUNN HIGHWAY,TAMPA,Hillsborough,28.0705669,-82.5708073
Florida,NA,Florida Department of Corrections,HILLSBOROUGH COUNTY SHERIFFS DEPARTMENT DISTRICT 3 - NORTHDALE COMMUNITY STATION,hifld,SHERIFF'S OFFICE,NA,12,12057,OPEN,doc_excluded_local_jail,source type indicates local/federal jail or non-DOC facility,15610 PREMIERE DRIVE,TAMPA,Hillsborough,28.095357033,-82.506248949
Florida,NA,Florida Department of Corrections,HILLSBOROUGH COUNTY SHERIFFS DEPARTMENT DISTRICT 3 - NORTHWEST COMMUNITY STATION,hifld,SHERIFF'S OFFICE,NA,12,12057,NOT AVAILABLE,doc_excluded_local_jail,source type indicates local/federal jail or non-DOC facility,13260 MCCORMICK DRIVE,TAMPA,Hillsborough,28.0600681,-82.6464786
Florida,NA,Florida Department of Corrections,HILLSBOROUGH COUNTY SHERIFFS DEPARTMENT DISTRICT 4 - APOLLO BEACH COMMUNITY STATION,hifld,SHERIFF'S OFFICE,NA,12,12057,NOT AVAILABLE,doc_excluded_local_jail,source type indicates local/federal jail or non-DOC facility,6494 UNITED STATES HIGHWAY 41 NORTH,APOLLO BEACH,Hillsborough,27.770974246,-82.392311918
Florida,NA,Florida Department of Corrections,HILLSBOROUGH COUNTY SHERIFFS DEPARTMENT DISTRICT 4 - BLOOMINGDALE COMMUNITY STATION,hifld,SHERIFF'S OFFICE,NA,12,12057,NOT AVAILABLE,doc_excluded_local_jail,source type indicates local/federal jail or non-DOC facility,4342 BELL SHOALS ROAD,VALRICO,Hillsborough,27.874464174,-82.268823163
Florida,NA,Florida Department of Corrections,HILLSBOROUGH COUNTY SHERIFFS DEPARTMENT DISTRICT 4 - GIBSONTON COMMUNITY STATION,hifld,SHERIFF'S OFFICE,NA,12,12057,OPEN,doc_excluded_local_jail,source type indicates local/federal jail or non-DOC facility,11072 UNITED STATES HIGHWAY 41 SOUTH,GIBSONTON,Hillsborough,27.841372656,-82.380720383
Florida,NA,Florida Department of Corrections,HILLSBOROUGH COUNTY SHERIFFS DEPARTMENT DISTRICT 4 - HEADQUARTERS,hifld,SHERIFF'S OFFICE,NA,12,12057,OPEN,doc_excluded_local_jail,source type indicates local/federal jail or non-DOC facility,508 33RD STREET SOUTHEAST,RUSKIN,Hillsborough,27.7147459,-82.3893006
Florida,NA,Florida Department of Corrections,HILLSBOROUGH COUNTY SHERIFFS DEPARTMENT DISTRICT 4 - PROGRESS VILLAGE COMMUNITY STATION,hifld,SHERIFF'S OFFICE,NA,12,12057,OPEN,doc_excluded_local_jail,source type indicates local/federal jail or non-DOC facility,7935 FLOWER AVENUE,TAMPA,Hillsborough,27.894557,-82.367067
Florida,NA,Florida Department of Corrections,HILLSBOROUGH COUNTY SHERIFFS DEPARTMENT DISTRICT 4 - RUSKIN COMMUNITY STATION,hifld,SHERIFF'S OFFICE,NA,12,12057,OPEN,doc_excluded_local_jail,source type indicates local/federal jail or non-DOC facility,712 WEST SHELL POINT ROAD,RUSKIN,Hillsborough,27.7204321,-82.4458381
Florida,NA,Florida Department of Corrections,HILLSBOROUGH COUNTY SHERIFFS DEPARTMENT DISTRICT 4 - SUN CITY SECURITY PATROL,hifld,SHERIFF'S OFFICE,NA,12,12057,OPEN,doc_excluded_local_jail,source type indicates local/federal jail or non-DOC facility,1005 NORTH PEBBLE BEACH BOULEVARD,SUN CITY CENTER,Hillsborough,27.7157716,-82.3523583
Florida,NA,Florida Department of Corrections,HILLSBOROUGH COUNTY SHERIFFS DEPARTMENT DISTRICT 4 - WIMAUMA COMMUNITY STATION,hifld,SHERIFF'S OFFICE,NA,12,12057,OPEN,doc_excluded_local_jail,source type indicates local/federal jail or non-DOC facility,201 12TH STREET,WIMAUMA,Hillsborough,27.718639615,-82.315032283
Florida,NA,Florida Department of Corrections,HILLSBOROUGH COUNTY SHERIFFS DEPARTMENT - OPERATIONS CENTER,hifld,SHERIFF'S OFFICE,NA,12,12057,OPEN,doc_excluded_local_jail,source type indicates local/federal jail or non-DOC facility,2008 EAST 8TH AVENUE,TAMPA,Hillsborough,27.9615715,-82.4359672
Florida,NA,Florida Department of Corrections,HILLSBOROUGH COUNTY WORK RELEASE CENTER,hifld_prisons,COUNTY,NA,12,12057,CLOSED,doc_excluded_local_jail,source type indicates local/federal jail or non-DOC facility,1800 ORIENT RD,TAMPA,Hillsborough,27.96008198849537,-82.37370585628418
Florida,NA,Florida Department of Corrections,Holmes CountyJail and Work Camp,jails_prisons,JAILS,Holmes County Sheriffs Office,12,12059,1,doc_excluded_local_jail,source type indicates local/federal jail or non-DOC facility,3207 Lonny Lindsey Drive,Bonifay,Holmes County,NA,NA
Florida,NA,Florida Department of Corrections,HOLMES COUNTY JAIL,hifld_prisons,COUNTY,NA,12,12059,OPEN,doc_excluded_local_jail,source type indicates local/federal jail or non-DOC facility,3207 LONNY LINDSEY RD,BONIFAY,Holmes,30.75136833987057,-85.66422364802905
Florida,NA,Florida Department of Corrections,HOLMES COUNTY SHERIFFS OFFICE,hifld,SHERIFF'S OFFICE,NA,12,12059,OPEN,doc_excluded_local_jail,source type indicates local/federal jail or non-DOC facility,211 NORTH OKLAHOMA STREET,BONIFAY,Holmes,30.793707149,-85.678790354
Florida,NA,Florida Department of Corrections,Indian River CountyJail,jails_prisons,JAILS,Indian River County Sheriffs Office,12,12061,1,doc_excluded_local_jail,source type indicates local/federal jail or non-DOC facility,4055 41st Avenue,Vero Beach,Indian River County,NA,NA
Florida,NA,Florida Department of Corrections,INDIAN RIVER COUNTY JAIL,hifld_prisons,COUNTY,NA,12,12061,OPEN,doc_excluded_local_jail,source type indicates local/federal jail or non-DOC facility,4055 41ST AVE,VERO BEACH,Indian River,27.66492680590256,-80.4267107652351
Florida,NA,Florida Department of Corrections,Jackson County Correctional Facility,jails_prisons,JAILS,Jackson County Correctional Facility,12,12063,1,doc_excluded_local_jail,source type indicates local/federal jail or non-DOC facility,2737 Penn Avenue,Marianna,Jackson County,NA,NA
Florida,NA,Florida Department of Corrections,JACKSON COUNTY JAIL,hifld_prisons,COUNTY,NA,12,12063,OPEN,doc_excluded_local_jail,source type indicates local/federal jail or non-DOC facility,2737 PENN AVE,MARIANNA,Jackson,30.76493469895813,-85.25837367432842
Florida,NA,Florida Department of Corrections,JACKSON COUNTY SHERIFFS OFFICE,hifld,SHERIFF'S OFFICE,NA,12,12063,OPEN,doc_excluded_local_jail,source type indicates local/federal jail or non-DOC facility,4012 LAFAYETTE STREET,MARIANNA,Jackson,30.7849287,-85.2615554
Florida,NA,Florida Department of Corrections,JEFFERSON COUNTY JAIL,hifld_prisons,COUNTY,NA,12,12065,OPEN,doc_excluded_local_jail,source type indicates local/federal jail or non-DOC facility,171 INDUSTRIAL PARK,MONTICELLO,Jefferson,30.50272074610105,-83.88126754739011
Florida,NA,Florida Department of Corrections,JEFFERSON COUNTY SHERIFFS DEPARTMENT / JEFFERSON COUNTY JAIL,hifld,SHERIFF'S OFFICE,NA,12,12065,OPEN,doc_excluded_local_jail,source type indicates local/federal jail or non-DOC facility,171 INDUSTRIAL PARK,MONTICELLO,Jefferson,30.502963,-83.8814302
Florida,NA,Florida Department of Corrections,JOHN E GOODE PRETRIAL DETENTION FACILITY,hifld_prisons,COUNTY,NA,12,12031,OPEN,doc_excluded_local_jail,source type indicates local/federal jail or non-DOC facility,500 E ADAMS ST,JACKSONVILLE,Duval,30.325694809749866,-81.65061950503593
Florida,NA,Florida Department of Corrections,JOHN E POLK CORRECTIONAL FACILITY,hifld_prisons,COUNTY,NA,12,12117,OPEN,doc_excluded_local_jail,source type indicates local/federal jail or non-DOC facility,211 ESLINGER WAY,SANFORD,Seminole,28.74753716588889,-81.2991609467204
Florida,NA,Florida Department of Corrections,Joseph V. Conte Facility,jails_prisons,JAILS,Broward Sheriffs Office,12,12011,1,doc_excluded_local_jail,source type indicates local/federal jail or non-DOC facility,1351 NW 27th Avenue,Pompano Beach,Broward County,NA,NA
Florida,NA,Florida Department of Corrections,KROME NORTH SERVICE PROCESSING CENTER,hifld_prisons,FEDERAL,NA,12,12086,OPEN,doc_excluded_local_jail,source type indicates local/federal jail or non-DOC facility,18201 SOUTHWEST 12TH STREET,MIAMI,Miami-Dade,25.755112126355435,-80.49066572507702
Florida,NA,Florida Department of Corrections,LAFAYETTE COUNTY JAIL,hifld_prisons,COUNTY,NA,12,12067,OPEN,doc_excluded_local_jail,source type indicates local/federal jail or non-DOC facility,178 NW CRAWFORD ST,MAYO,Lafayette,30.054875920186785,-83.17656387231273
Florida,NA,Florida Department of Corrections,LAKE COUNTY DETENTION CENTER,hifld_prisons,COUNTY,NA,12,12069,OPEN,doc_excluded_local_jail,source type indicates local/federal jail or non-DOC facility,551 W MAIN ST,TAVARES,Lake,28.801468163506424,-81.73278417171626
Florida,NA,Florida Department of Corrections,Lake County Jail,jails_prisons,JAILS,Lake County Sheriffs Office,12,12069,1,doc_excluded_local_jail,source type indicates local/federal jail or non-DOC facility,551 W Main Street,Tavares,Lake County,NA,NA
Florida,NA,Florida Department of Corrections,LAKE COUNTY SHERIFFS OFFICE,hifld,SHERIFF'S OFFICE,NA,12,12069,OPEN,doc_excluded_local_jail,source type indicates local/federal jail or non-DOC facility,360 WEST RUBY STREET,TAVARES,Lake,28.8014864,-81.7306198
Florida,NA,Florida Department of Corrections,Lee County Community Programs Unit,jails_prisons,JAILS,Lee County Sheriffs Office,12,12071,1,doc_excluded_local_jail,source type indicates local/federal jail or non-DOC facility,2501 Ortiz Avenue,Fort Myers,Lee County,NA,NA
Florida,NA,Florida Department of Corrections,LEE COUNTY CORE FACILITY,hifld_prisons,COUNTY,NA,12,12071,OPEN,doc_excluded_local_jail,source type indicates local/federal jail or non-DOC facility,2501 ORTIZ AVE,FORT MYERS,Lee,26.633326085114877,-81.80924487192806
Florida,NA,Florida Department of Corrections,LEE COUNTY JAIL,hifld,LOCAL POLICE DEPARTMENT,NA,12,12071,OPEN,doc_excluded_local_jail,source type indicates local/federal jail or non-DOC facility,2115 DOCTOR MARTIN LUTHER KING JUNIOR BOULEVARD,FORT MYERS,Lee,26.6414249,-81.8705009
Florida,NA,Florida Department of Corrections,LEE COUNTY SHERIFFS OFFICE,hifld,SHERIFF'S OFFICE,NA,12,12071,OPEN,doc_excluded_local_jail,source type indicates local/federal jail or non-DOC facility,14750 SIX MILE CYPRESS PARKWAY,FORT MYERS,Lee,26.528851,-81.8622612
Florida,NA,Florida Department of Corrections,LEE COUNTY SHERIFFS DEPARTMENT - ALPHA DISTRICT,hifld,SHERIFF'S OFFICE,NA,12,12071,OPEN,doc_excluded_local_jail,source type indicates local/federal jail or non-DOC facility,121 PONDELLA ROAD,NORTH FORT MYERS,Lee,26.6667586,-81.8849186
Florida,NA,Florida Department of Corrections,LEE COUNTY SHERIFFS DEPARTMENT - BONITA SPRINGS DISTRICT,hifld,SHERIFF'S OFFICE,NA,12,12071,OPEN,doc_excluded_local_jail,source type indicates local/federal jail or non-DOC facility,"10520 REYNOLDS STREET, BONITA POLICE ANNEX",BONITA SPRINGS,Lee,26.3401059,-81.7782978
Florida,NA,Florida Department of Corrections,LEE COUNTY SHERIFFS DEPARTMENT - BRAVO DISTRICT,hifld,SHERIFF'S OFFICE,NA,12,12071,OPEN,doc_excluded_local_jail,source type indicates local/federal jail or non-DOC facility,1301 HOMESTEAD ROAD,LEHIGH ACRES,Lee,26.6080129,-81.6521719
Florida,NA,Florida Department of Corrections,LEE COUNTY SHERIFFS DEPARTMENT - CHARLIE DISTRICT,hifld,SHERIFF'S OFFICE,NA,12,12071,NOT AVAILABLE,doc_excluded_local_jail,source type indicates local/federal jail or non-DOC facility,17105 SAN CARLOS BOULEVARD,FORT MYERS BEACH,Lee,26.4917627,-81.9411064
Florida,NA,Florida Department of Corrections,LEE COUNTY SHERIFFS DEPARTMENT - DELTA DISTRICT,hifld,SHERIFF'S OFFICE,NA,12,12071,NOT AVAILABLE,doc_excluded_local_jail,source type indicates local/federal jail or non-DOC facility,8951 BONITA BEACH ROAD,BONITA SPRINGS,Lee,26.3282301,-81.8035119
Florida,NA,Florida Department of Corrections,LEE COUNTY SHERIFFS DEPARTMENT - ECHO DISTRICT,hifld,SHERIFF'S OFFICE,NA,12,12071,OPEN,doc_excluded_local_jail,source type indicates local/federal jail or non-DOC facility,15650 PINE RIDGE ROAD,FORT MYERS,Lee,26.513937,-81.936256
Florida,NA,Florida Department of Corrections,LEE COUNTY SHERIFFS DEPARTMENT - ECHO DISTRICT SUBSTATION,hifld,SHERIFF'S OFFICE,NA,12,12071,OPEN,doc_excluded_local_jail,source type indicates local/federal jail or non-DOC facility,"3637 DOCTOR MARTIN LUTHER KING JUNIOR BOULEVARD, DUNLOP POLICE ANNEX UNIT 101",FORT MYERS,Lee,26.6426318,-81.8372927
Florida,NA,Florida Department of Corrections,LEE COUNTY SHERIFFS DEPARTMENT - GULF DISTRICT,hifld,SHERIFF'S OFFICE,NA,12,12071,OPEN,doc_excluded_local_jail,source type indicates local/federal jail or non-DOC facility,360 EAST RAILROAD AVENUE,BOCA GRANDE,Lee,26.7499163,-82.2609042
Florida,NA,Florida Department of Corrections,LEON COUNTY DETENTION CENTER,hifld_prisons,COUNTY,NA,12,12073,OPEN,doc_excluded_local_jail,source type indicates local/federal jail or non-DOC facility,535 APPLEYARD DR,TALLAHASSEE,Leon,30.43751523026817,-84.33531837976483
Florida,NA,Florida Department of Corrections,Leon County Detention Facility,jails_prisons,JAILS,Leon County Sheriffs Office,12,12073,1,doc_excluded_local_jail,source type indicates local/federal jail or non-DOC facility,535 Appleyard Drive,Tallahassee,Leon County,NA,NA
Florida,NA,Florida Department of Corrections,LEON COUNTY SHERIFF'S OFFICE,hifld,SHERIFF'S OFFICE,NA,12,12073,OPEN,doc_excluded_local_jail,source type indicates local/federal jail or non-DOC facility,2825 MUNICIPAL WAY,TALLAHASSEE,Leon,30.4394915,-84.3352884
Florida,NA,Florida Department of Corrections,Levy CountyJail,jails_prisons,JAILS,Levy County Sheriffs Office,12,12075,1,doc_excluded_local_jail,source type indicates local/federal jail or non-DOC facility,9150 NE 80th Avenue,Bronson,Levy County,NA,NA
Florida,NA,Florida Department of Corrections,LEVY COUNTY JAIL,hifld_prisons,COUNTY,NA,12,12075,OPEN,doc_excluded_local_jail,source type indicates local/federal jail or non-DOC facility,9150 NORTHEAST 80TH AVENUE,BRONSON,Levy,29.4652408911577,-82.64131994898437
Florida,NA,Florida Department of Corrections,LEVY COUNTY SHERIFFS DEPARTMENT / LEVY COUNTY JAIL,hifld,SHERIFF'S OFFICE,NA,12,12075,OPEN,doc_excluded_local_jail,source type indicates local/federal jail or non-DOC facility,9150 NORTHEAST 80TH AVENUE,BRONSON,Levy,29.4653085,-82.6407184
Florida,NA,Florida Department of Corrections,Liberty CountyJail,jails_prisons,JAILS,Liberty County Sheriffs Office,12,12077,1,doc_excluded_local_jail,source type indicates local/federal jail or non-DOC facility,12499 Northwest Pogo Street,Bristol,Liberty County,NA,NA
Florida,NA,Florida Department of Corrections,LIBERTY COUNTY JAIL,hifld_prisons,COUNTY,NA,12,12077,OPEN,doc_excluded_local_jail,source type indicates local/federal jail or non-DOC facility,12499 NW POGO ST,BRISTOL,Liberty,30.432494080425986,-84.97990483020408
Florida,NA,Florida Department of Corrections,LIBERTY COUNTY SHERIFFS DEPARTMENT / LIBERTY COUNTY JAIL,hifld,SHERIFF'S OFFICE,NA,12,12077,OPEN,doc_excluded_local_jail,source type indicates local/federal jail or non-DOC facility,12499 NORTHWEST POGO STREET,BRISTOL,Liberty,30.4322277,-84.9799951
Florida,NA,Florida Department of Corrections,MADISON COUNTY JAIL,hifld_prisons,COUNTY,NA,12,12079,OPEN,doc_excluded_local_jail,source type indicates local/federal jail or non-DOC facility,823 SW PINCKNEY ST,MADISON,Madison,30.46809726242086,-83.42217004860039
Florida,NA,Florida Department of Corrections,MADISON COUNTY SHERIFF'S OFFICE,hifld,SHERIFF'S OFFICE,NA,12,12079,OPEN,doc_excluded_local_jail,source type indicates local/federal jail or non-DOC facility,125 SW RANGE AVE,MADISON,Madison,30.469014953,-83.412452123
Florida,NA,Florida Department of Corrections,MADISON COUNTY SHERIFFS OFFICE / MADISON COUNTY JAIL,hifld,SHERIFF'S OFFICE,NA,12,12079,OPEN,doc_excluded_local_jail,source type indicates local/federal jail or non-DOC facility,823 WEST PINCKNEY STREET,MADISON,Madison,30.4679867,-83.4221554
Florida,NA,Florida Department of Corrections,MANATEE COUNTY CENTRAL JAIL,hifld_prisons,COUNTY,NA,12,12081,OPEN,doc_excluded_local_jail,source type indicates local/federal jail or non-DOC facility,14470 HARLEE RD,PALMETTO,Manatee,27.640970305586706,-82.53538171619358
Florida,NA,Florida Department of Corrections,Manatee County Jail,jails_prisons,JAILS,Manatee County Sheriffs Office,12,12081,1,doc_excluded_local_jail,source type indicates local/federal jail or non-DOC facility,14470 Harlee Road,Palmetto,Manatee County,NA,NA
Florida,NA,Florida Department of Corrections,MANATEE COUNTY SHERIFF MOUNTED POSSE,hifld,SHERIFF'S OFFICE,NA,12,12081,NOT AVAILABLE,doc_excluded_local_jail,source type indicates local/federal jail or non-DOC facility,2409 LENA ROAD,BRADENTON,Manatee,27.472728,-82.4562427
Florida,NA,Florida Department of Corrections,MANATEE COUNTY SHERIFFS OFFICE,hifld,SHERIFF'S OFFICE,NA,12,12081,OPEN,doc_excluded_local_jail,source type indicates local/federal jail or non-DOC facility,600 301 BOULEVARD WEST,BRADENTON,Manatee,27.469769104,-82.566780815
Florida,NA,Florida Department of Corrections,MANATEE COUNTY SHERIFFS OFFICE - ANNA MARIA,hifld,SHERIFF'S OFFICE,NA,12,12081,OPEN,doc_excluded_local_jail,source type indicates local/federal jail or non-DOC facility,10005 GULF DRIVE,ANNA MARIA,Manatee,27.527133586,-82.736162283
Florida,NA,Florida Department of Corrections,MANATEE COUNTY STOCKADE COMPLEX,hifld_prisons,COUNTY,NA,12,12081,NOT AVAILABLE,doc_excluded_local_jail,source type indicates local/federal jail or non-DOC facility,14494 HARLEE RD,PALMETTO,Manatee,27.64306071446778,-82.53868019238081
Florida,NA,Florida Department of Corrections,MARION COUNTY JAIL,hifld_prisons,COUNTY,NA,12,12083,OPEN,doc_excluded_local_jail,source type indicates local/federal jail or non-DOC facility,3290 NW 10TH ST,OCALA,Marion,29.195046442185212,-82.17560881101998
Florida,NA,Florida Department of Corrections,MARION COUNTY SHERIFFS DEPARTMENT - AVIATION UNIT,hifld,SHERIFF'S OFFICE,NA,12,12083,OPEN,doc_excluded_local_jail,source type indicates local/federal jail or non-DOC facility,1820 SOUTHWEST 60TH AVENUE,OCALA,Marion,29.1706484,-82.2193022
Florida,NA,Florida Department of Corrections,MARION COUNTY SHERIFFS DEPARTMENT - CIVIL DIVISION,hifld,SHERIFF'S OFFICE,NA,12,12083,OPEN,doc_excluded_local_jail,source type indicates local/federal jail or non-DOC facility,110 NORTHWEST 1ST AVENUE,OCALA,Marion,29.1882285,-82.1385945
Florida,NA,Florida Department of Corrections,MARION COUNTY SHERIFFS DEPARTMENT - FOREST DISTRICT,hifld,SHERIFF'S OFFICE,NA,12,12083,OPEN,doc_excluded_local_jail,source type indicates local/federal jail or non-DOC facility,16000 EAST STATE HIGHWAY 40,SILVER SPRINGS,Marion,29.180818249,-81.888184362
Florida,NA,Florida Department of Corrections,MARION COUNTY SHERIFFS DEPARTMENT - NORTHEAST DISTRICT OFFICE,hifld,SHERIFF'S OFFICE,NA,12,12083,OPEN,doc_excluded_local_jail,source type indicates local/federal jail or non-DOC facility,25056 EAST STATE HIGHWAY 316,SALT SPRINGS,Marion,29.3644598,-81.7397484
Florida,NA,Florida Department of Corrections,MARION COUNTY SHERIFFS DEPARTMENT - NORTH MULTI DISTRICT,hifld,SHERIFF'S OFFICE,NA,12,12083,OPEN,doc_excluded_local_jail,source type indicates local/federal jail or non-DOC facility,8311 NORTH UNITED STATES HIGHWAY 441,OCALA,Marion,29.2737108,-82.150698
Florida,NA,Florida Department of Corrections,MARION COUNTY SHERIFFS DEPARTMENT - OPERATIONS CENTER,hifld,SHERIFF'S OFFICE,NA,12,12083,OPEN,doc_excluded_local_jail,source type indicates local/federal jail or non-DOC facility,692 NORTHWEST 30TH AVENUE,OCALA,Marion,29.1920596,-82.1749952
Florida,NA,Florida Department of Corrections,MARION COUNTY SHERIFFS DEPARTMENT - SILVER SPRINGS SHORES DISTRICT,hifld,SHERIFF'S OFFICE,NA,12,12083,OPEN,doc_excluded_local_jail,source type indicates local/federal jail or non-DOC facility,501 WATER ROAD,OCALA,Marion,29.1035048,-82.01068897
Florida,NA,Florida Department of Corrections,MARION COUNTY SHERIFFS DEPARTMENT-SOUTH CENTRAL DISTRICT,hifld,SHERIFF'S OFFICE,NA,12,12083,OPEN,doc_excluded_local_jail,source type indicates local/federal jail or non-DOC facility,3260 SOUTHEAST 80TH STREET,OCALA,Marion,29.105374449,-82.091144782
Florida,NA,Florida Department of Corrections,MARION COUNTY SHERIFFS DEPARTMENT - SOUTHWEST DISTRICT,hifld,SHERIFF'S OFFICE,NA,12,12083,OPEN,doc_excluded_local_jail,source type indicates local/federal jail or non-DOC facility,9048 SOUTHWEST STATE HIGHWAY 200,OCALA,Marion,29.066751426,-82.269190584
Florida,NA,Florida Department of Corrections,Martin CountyJail,jails_prisons,JAILS,Martin County Sheriffs Office,12,12085,1,doc_excluded_local_jail,source type indicates local/federal jail or non-DOC facility,800 SE Monterey Road,Stuart,Martin County,NA,NA
Florida,NA,Florida Department of Corrections,MARTIN COUNTY JAIL,hifld_prisons,COUNTY,NA,12,12085,OPEN,doc_excluded_local_jail,source type indicates local/federal jail or non-DOC facility,800 SE MONTEREY RD,STUART,Martin,27.16963233262571,-80.24240113850958
Florida,NA,Florida Department of Corrections,MARTIN COUNTY SHERIFFS DEPARTMENT - INDIANTOWN SUBSTATION,hifld,SHERIFF'S OFFICE,NA,12,12085,OPEN,doc_excluded_local_jail,source type indicates local/federal jail or non-DOC facility,16550 SOUTHWEST WARFIELD BOULEVARD,INDIANTOWN,Martin,27.0285224,-80.4794078
Florida,NA,Florida Department of Corrections,MARTIN COUNTY SHERIFFS DEPARTMENT / MARTIN COUNTY CORRECTIONS,hifld,SHERIFF'S OFFICE,NA,12,12085,OPEN,doc_excluded_local_jail,source type indicates local/federal jail or non-DOC facility,800 SOUTHEAST MONTEREY ROAD,STUART,Martin,27.1700072,-80.2427868
Florida,NA,Florida Department of Corrections,Metro West Detention Center,jails_prisons,JAILS,Miami-Dade County Corrections and Rehabilitation Department,12,12086,1,doc_excluded_local_jail,source type indicates local/federal jail or non-DOC facility,13850 Northwest 41st Street,Miami,Miami-Dade County,NA,NA
Florida,NA,Florida Department of Corrections,MIAMI DADE COUNTY BOOT CAMP,hifld_prisons,COUNTY,NA,12,12086,OPEN,doc_excluded_local_jail,source type indicates local/federal jail or non-DOC facility,6950 NW 41ST ST,MIAMI,Miami-Dade,25.811167847049532,-80.31028310495026
Florida,NA,Florida Department of Corrections,MIAMI-DADE COUNTY METRO WEST DETENTION CENTER,hifld_prisons,COUNTY,NA,12,12086,OPEN,doc_excluded_local_jail,source type indicates local/federal jail or non-DOC facility,13850 NW 41ST ST,MIAMI,Miami-Dade,25.80944583028842,-80.41834676269447
Florida,NA,Florida Department of Corrections,MIAMI-DADE COUNTY POLICE DEPARTMENT - SHERIFF AND PORT SERVICES BUREAU,hifld,SHERIFF'S OFFICE,NA,12,12086,OPEN,doc_excluded_local_jail,source type indicates local/federal jail or non-DOC facility,140 WEST FLAGLER STREET,MIAMI,Miami-Dade,25.77376,-80.1966915
Florida,NA,Florida Department of Corrections,Monroe County Detention Center,jails_prisons,JAILS,Monroe County Sheriffs Office,12,12087,1,doc_excluded_local_jail,source type indicates local/federal jail or non-DOC facility,5501 College Road,Key West,Monroe County,NA,NA
Florida,NA,Florida Department of Corrections,Monroe County Detention Center Marathon,jails_prisons,JAILS,Monroe County Sheriffs Office,12,12087,1,doc_excluded_local_jail,source type indicates local/federal jail or non-DOC facility,3981 Ocean Terrace,Marathon,Monroe County,NA,NA
Florida,NA,Florida Department of Corrections,Monroe County Detention Center Plantation Key,jails_prisons,JAILS,Monroe County Sheriffs Office,12,12087,1,doc_excluded_local_jail,source type indicates local/federal jail or non-DOC facility,53 High Point Road,Plantation Key,Monroe County,NA,NA
Florida,NA,Florida Department of Corrections,MONROE COUNTY MAIN DETENTION CENTER,hifld_prisons,COUNTY,NA,12,12087,OPEN,doc_excluded_local_jail,source type indicates local/federal jail or non-DOC facility,5501 COLLEGE ROAD,KEY WEST,Monroe,24.576491984098446,-81.75150256583157
Florida,NA,Florida Department of Corrections,MONROE COUNTY MARATHON DETENTION FACILITY,hifld_prisons,COUNTY,NA,12,12087,OPEN,doc_excluded_local_jail,source type indicates local/federal jail or non-DOC facility,3981 OCEAN TERRACE,MARATHON,Monroe,24.71156679963405,-81.08782794239761
Florida,NA,Florida Department of Corrections,MONROE COUNTY PLANTATION KEY DETENTION FACILITY,hifld_prisons,COUNTY,NA,12,12087,OPEN,doc_excluded_local_jail,source type indicates local/federal jail or non-DOC facility,88770 OCERSEAS HWY,TAVERNIER,Monroe,24.979254068874695,-80.55065152284433
Florida,NA,Florida Department of Corrections,MONROE COUNTY SHERIFFS DEPARTMENT,hifld,SHERIFF'S OFFICE,NA,12,12087,OPEN,doc_excluded_local_jail,source type indicates local/federal jail or non-DOC facility,5525 COLLEGE ROAD,KEY WEST,Monroe,24.5772931,-81.7522492
Florida,NA,Florida Department of Corrections,MONROE COUNTY SHERIFF OFFICE - SECTOR 7,hifld,SHERIFF'S OFFICE,NA,12,12087,OPEN,doc_excluded_local_jail,source type indicates local/federal jail or non-DOC facility,"50 HIGH POINT ROAD, SUITE 100",TAVERNIER,Monroe,24.9808039,-80.5518441
Florida,NA,Florida Department of Corrections,MONROE COUNTY SHERIFFS DEPARTMENT - FREEMAN SUBSTATION,hifld,SHERIFF'S OFFICE,NA,12,12087,OPEN,doc_excluded_local_jail,source type indicates local/federal jail or non-DOC facility,20950 OVERSEAS HIGHWAY,SUMMERLAND KEY,Monroe,24.6644129,-81.5061613
Florida,NA,Florida Department of Corrections,MONROE COUNTY SHERIFFS OFFICE - MARATHON SUBSTATION,hifld,SHERIFF'S OFFICE,NA,12,12087,OPEN,doc_excluded_local_jail,source type indicates local/federal jail or non-DOC facility,3103 OVERSEAS HIGHWAY,MARATHON,Monroe,24.710371,-81.0962493
Florida,NA,Florida Department of Corrections,MONTGOMERY CORRECTIONAL CENTER,hifld_prisons,COUNTY,NA,12,12031,OPEN,doc_excluded_local_jail,source type indicates local/federal jail or non-DOC facility,4727 LANNIE RD,JACKSONVILLE,Duval,30.53931233312691,-81.72625417263338
Florida,NA,Florida Department of Corrections,Naples Jail Center,jails_prisons,JAILS,Collier County Sheriffs Office,12,12021,1,doc_excluded_local_jail,source type indicates local/federal jail or non-DOC facility,3347 Tamiami Trail,Naples,Collier County,NA,NA
Florida,NA,Florida Department of Corrections,Nassau County Detention Facility,jails_prisons,JAILS,Nassau County Sheriffs Office,12,12089,1,doc_excluded_local_jail,source type indicates local/federal jail or non-DOC facility,76212 Nicholas Cutinna Road,Yulee,Nassau County,NA,NA
Florida,NA,Florida Department of Corrections,NASSAU COUNTY JAIL AND DETENTION CENTER,hifld_prisons,COUNTY,NA,12,12089,OPEN,doc_excluded_local_jail,source type indicates local/federal jail or non-DOC facility,76212 NICHOLAS CUTINHA ROAD,YULEE,Nassau,30.611015569184087,-81.63102904487714
Florida,NA,Florida Department of Corrections,NASSAU COUNTY SHERIFFS DEPARTMENT,hifld,SHERIFF'S OFFICE,NA,12,12089,OPEN,doc_excluded_local_jail,source type indicates local/federal jail or non-DOC facility,76001 BOBBY MOORE CIRCLE,YULEE,Nassau,30.6223595,-81.6351502
Florida,NA,Florida Department of Corrections,NORTH BROWARD BUREAU,hifld_prisons,COUNTY,NA,12,12011,OPEN,doc_excluded_local_jail,source type indicates local/federal jail or non-DOC facility,1550 NW 30TH AVE,POMPANO BEACH,Broward,26.2480460861523,-80.16271930110918
Florida,NA,Florida Department of Corrections,North Broward Detention Center,jails_prisons,JAILS,Broward Sheriffs Office,12,12011,1,doc_excluded_local_jail,source type indicates local/federal jail or non-DOC facility,1550 NW 30th Avenue,Pompano Beach,Broward County,NA,NA
Florida,NA,Florida Department of Corrections,OKALOOSA COUNTY JAIL,hifld_prisons,COUNTY,NA,12,12091,OPEN,doc_excluded_local_jail,source type indicates local/federal jail or non-DOC facility,1200 E JAMES LEE BLVD,CRESTVIEW,Okaloosa,30.763124016714738,-86.55804848467908
Florida,NA,Florida Department of Corrections,OKALOOSA COUNTY SHERIFFS DEPARTMENT,hifld,SHERIFF'S OFFICE,NA,12,12091,OPEN,doc_excluded_local_jail,source type indicates local/federal jail or non-DOC facility,50 2ND STREET,SHALIMAR,Okaloosa,30.4421669,-86.5791371
Florida,NA,Florida Department of Corrections,Okeechobee CountyJail,jails_prisons,JAILS,Okeechobee County Sheriffs Office,12,12093,1,doc_excluded_local_jail,source type indicates local/federal jail or non-DOC facility,504 NW 4th Street,Okeechobee,Okeechobee County,NA,NA
Florida,NA,Florida Department of Corrections,OKEECHOBEE COUNTY JAIL,hifld_prisons,COUNTY,NA,12,12093,OPEN,doc_excluded_local_jail,source type indicates local/federal jail or non-DOC facility,504 NW 4TH ST,OKEECHOBEE,Okeechobee,27.24764470993291,-80.83607894258587
Florida,NA,Florida Department of Corrections,OKEECHOBEE COUNTY SHERIFFS DEPARTMENT / OKEECHOBEE COUNTY JAIL,hifld,SHERIFF'S OFFICE,NA,12,12093,OPEN,doc_excluded_local_jail,source type indicates local/federal jail or non-DOC facility,504 NORTHWEST 4TH STREET,OKEECHOBEE,Okeechobee,27.2474923,-80.8360201
Florida,NA,Florida Department of Corrections,Orange County Corrections Department,jails_prisons,JAILS,Orange County Corrections Department,12,12095,1,doc_excluded_local_jail,source type indicates local/federal jail or non-DOC facility,"3723 Vision Boulevard, 4th Floor",Orlando,Orange County,NA,NA
Florida,NA,Florida Department of Corrections,"ORANGE COUNTY DETENTION CENTER, GENESIS FACILITY",hifld_prisons,COUNTY,NA,12,12095,OPEN,doc_excluded_local_jail,source type indicates local/federal jail or non-DOC facility,3723 VISION BLVD,ORLANDO,Orange,28.50361507548622,-81.41505284352354
Florida,NA,Florida Department of Corrections,"ORANGE COUNTY DETENTION CENTER, HORIZON FACILITY",hifld_prisons,COUNTY,NA,12,12095,OPEN,doc_excluded_local_jail,source type indicates local/federal jail or non-DOC facility,3723 VISION BLVD,ORLANDO,Orange,28.50413815516037,-81.41533489152532
Florida,NA,Florida Department of Corrections,"ORANGE COUNTY DETENTION CENTER, MAIN FACILITY",hifld_prisons,COUNTY,NA,12,12095,OPEN,doc_excluded_local_jail,source type indicates local/federal jail or non-DOC facility,3723 VISION BLVD,ORLANDO,Orange,28.505610859073844,-81.41431573778682
Florida,NA,Florida Department of Corrections,"ORANGE COUNTY DETENTION CENTER, PHOENIX FACILITY",hifld_prisons,COUNTY,NA,12,12095,OPEN,doc_excluded_local_jail,source type indicates local/federal jail or non-DOC facility,3723 VISION BLVD,ORLANDO,Orange,28.50287854173323,-81.41638767805159
Florida,NA,Florida Department of Corrections,ORANGE COUNTY FEMALE DETENTION CENTER,hifld_prisons,COUNTY,NA,12,12095,OPEN,doc_excluded_local_jail,source type indicates local/federal jail or non-DOC facility,3723 VISION BLVD,ORLANDO,Orange,28.505531983748277,-81.41652532070562
Florida,NA,Florida Department of Corrections,"ORANGE COUNTY JAIL, WHITCOMB FACILITY",hifld_prisons,COUNTY,NA,12,12095,OPEN,doc_excluded_local_jail,source type indicates local/federal jail or non-DOC facility,3855 S JOHN YOUNG PKWY,ORLANDO,Orange,28.504522569275643,-81.41669985083828
Florida,NA,Florida Department of Corrections,ORANGE COUNTY SHERIFFS OFFICE,hifld,SHERIFF'S OFFICE,NA,12,12095,OPEN,doc_excluded_local_jail,source type indicates local/federal jail or non-DOC facility,2500 WEST COLONIAL DRIVE,ORLANDO,Orange,28.5514727,-81.4115947
Florida,NA,Florida Department of Corrections,ORANGE COUNTY WORK RELEASE CENTER,hifld_prisons,COUNTY,NA,12,12095,OPEN,doc_excluded_local_jail,source type indicates local/federal jail or non-DOC facility,130 W KALEY ST,ORLANDO,Orange,28.51943667803858,-81.38022348539529
Florida,NA,Florida Department of Corrections,Orient Road Jail,jails_prisons,JAILS,Hillsborough County Sheriffs Office,12,12057,1,doc_excluded_local_jail,source type indicates local/federal jail or non-DOC facility,1201 Orient Road,Tampa,Hillsborough County,NA,NA
Florida,NA,Florida Department of Corrections,OSCEOLA COUNTY CORRECTIONAL FACILITY,hifld_prisons,COUNTY,NA,12,12097,OPEN,doc_excluded_local_jail,source type indicates local/federal jail or non-DOC facility,402 SIMPSON RD,KISSIMMEE,Osceola,28.29573569656196,-81.35251653746124
Florida,NA,Florida Department of Corrections,Osceola County Corrections Department,jails_prisons,JAILS,Osceola County Corrections Department,12,12097,1,doc_excluded_local_jail,source type indicates local/federal jail or non-DOC facility,402 Simpson Road,Kissimmee,Osceola County,NA,NA
Florida,NA,Florida Department of Corrections,OSCEOLA COUNTY SHERIFF,hifld,SHERIFF'S OFFICE,NA,12,12097,OPEN,doc_excluded_local_jail,source type indicates local/federal jail or non-DOC facility,2601 EAST IRLO BRONSON MEMORIAL HIGHWAY,KISSIMMEE,Osceola,28.2716767,-81.3367821
Florida,NA,Florida Department of Corrections,PALM BEACH COUNTY CENTRAL DETENTION CENTER,hifld_prisons,COUNTY,NA,12,12099,CLOSED,doc_excluded_local_jail,source type indicates local/federal jail or non-DOC facility,673 FAIRGROUNDS RD,WEST PALM BEACH,Palm Beach,26.686166850232965,-80.19354412705431
Florida,NA,Florida Department of Corrections,PALM BEACH COUNTY MAIN DETENTION CENTER,hifld_prisons,COUNTY,NA,12,12099,OPEN,doc_excluded_local_jail,source type indicates local/federal jail or non-DOC facility,3228 GUN CLUB RD,WEST PALM BEACH,Palm Beach,26.670711542798916,-80.0923486088728
Florida,NA,Florida Department of Corrections,PALM BEACH COUNTY SHERIFFS OFFICE - AIRPORT,hifld,SHERIFF'S OFFICE,NA,12,12099,OPEN,doc_excluded_local_jail,source type indicates local/federal jail or non-DOC facility,"1000 JAMES L TURNAGE BOULEVARD, PALM BEACH INTERNATIONAL AIRPORT",WEST PALM BEACH,Palm Beach,26.6885148,-80.0902271
Florida,NA,Florida Department of Corrections,PALM BEACH COUNTY SHERIFFS OFFICE - BOCA RATON,hifld,SHERIFF'S OFFICE,NA,12,12099,OPEN,doc_excluded_local_jail,source type indicates local/federal jail or non-DOC facility,17091 UNITED STATES HIGHWAY 441,BOCA RATON,Palm Beach,26.409658,-80.205332
Florida,NA,Florida Department of Corrections,PALM BEACH COUNTY SHERIFFS OFFICE - DELRAY BEACH,hifld,SHERIFF'S OFFICE,NA,12,12099,OPEN,doc_excluded_local_jail,source type indicates local/federal jail or non-DOC facility,345 SOUTH CONGRESS AVENUE,DELRAY BEACH,Palm Beach,26.4551333,-80.0926264
Florida,NA,Florida Department of Corrections,PALM BEACH COUNTY SHERIFFS OFFICE - LAKE PARK,hifld,SHERIFF'S OFFICE,NA,12,12099,OPEN,doc_excluded_local_jail,source type indicates local/federal jail or non-DOC facility,700 6TH STREET,LAKE PARK,Palm Beach,26.799022,-80.0643952
Florida,NA,Florida Department of Corrections,PALM BEACH COUNTY SHERIFFS OFFICE - MANGONIA PARK,hifld,SHERIFF'S OFFICE,NA,12,12099,OPEN,doc_excluded_local_jail,source type indicates local/federal jail or non-DOC facility,1755 EAST TIFFANY DRIVE,MANGONIA PARK,Palm Beach,26.7554894,-80.0819984
Florida,NA,Florida Department of Corrections,PALM BEACH COUNTY SHERIFFS OFFICE - NORTH COUNTY,hifld,SHERIFF'S OFFICE,NA,12,12099,OPEN,doc_excluded_local_jail,source type indicates local/federal jail or non-DOC facility,8130 NORTH JOG ROAD,WEST PALM BEACH,Palm Beach,26.798129993,-80.136885596
Florida,NA,Florida Department of Corrections,PALM BEACH COUNTY SHERIFFS OFFICE - PAHOKEE,hifld,SHERIFF'S OFFICE,NA,12,12099,OPEN,doc_excluded_local_jail,source type indicates local/federal jail or non-DOC facility,115 EAST MAIN STREET,PAHOKEE,Palm Beach,26.8244165,-80.6655173
Florida,NA,Florida Department of Corrections,PALM BEACH COUNTY SHERIFFS OFFICE / PALM BEACH COUNTY JAIL,hifld,SHERIFF'S OFFICE,NA,12,12099,OPEN,doc_excluded_local_jail,source type indicates local/federal jail or non-DOC facility,3228 GUN CLUB ROAD,WEST PALM BEACH,Palm Beach,26.6702009,-80.0924829
Florida,NA,Florida Department of Corrections,PALM BEACH COUNTY SHERIFFS OFFICE - PINE TRAIL SATELLITE,hifld,SHERIFF'S OFFICE,NA,12,12099,OPEN,doc_excluded_local_jail,source type indicates local/federal jail or non-DOC facility,1867A NORTH MILITARY TRAIL,WEST PALM BEACH,Palm Beach,26.704255199,-80.112173153
Florida,NA,Florida Department of Corrections,PALM BEACH COUNTY SHERIFFS OFFICE - ROYAL PALM BEACH,hifld,SHERIFF'S OFFICE,NA,12,12099,OPEN,doc_excluded_local_jail,source type indicates local/federal jail or non-DOC facility,11498 OKEECHOBEE BOULEVARD,ROYAL PALM BEACH,Palm Beach,26.705571761,-80.227179767
Florida,NA,Florida Department of Corrections,PALM BEACH COUNTY SHERIFFS OFFICE - SOUTH BAY SUBSTATION,hifld,SHERIFF'S OFFICE,NA,12,12099,OPEN,doc_excluded_local_jail,source type indicates local/federal jail or non-DOC facility,335 SOUTHWEST 2ND AVENUE,SOUTH BAY,Palm Beach,26.6612924,-80.7134286
Florida,NA,Florida Department of Corrections,PALM BEACH COUNTY SHERIFFS OFFICE - STOCKADE,hifld,SHERIFF'S OFFICE,NA,12,12099,OPEN,doc_excluded_local_jail,source type indicates local/federal jail or non-DOC facility,673 WEST FAIRGROUNDS ROAD,WEST PALM BEACH,Palm Beach,26.68623164,-80.192892891
Florida,NA,Florida Department of Corrections,PALM BEACH COUNTY SHERIFFS OFFICE - WELLINGTON,hifld,SHERIFF'S OFFICE,NA,12,12099,OPEN,doc_excluded_local_jail,source type indicates local/federal jail or non-DOC facility,38840 STATE ROAD 80,BELLE GLADE,Palm Beach,26.7250115,-80.6650321
Florida,NA,Florida Department of Corrections,PALM BEACH COUNTY WEST DETENTION CENTER,hifld_prisons,COUNTY,NA,12,12099,OPEN,doc_excluded_local_jail,source type indicates local/federal jail or non-DOC facility,38811 JAMES WHEELER WAY,BELLE GLADE,Palm Beach,26.724482429756574,-80.66520525448388
Florida,NA,Florida Department of Corrections,PASCO COUNTY DETENTION CENTER,hifld_prisons,COUNTY,NA,12,12101,OPEN,doc_excluded_local_jail,source type indicates local/federal jail or non-DOC facility,20101 CENTRAL BLVD,LAND O'LAKES,Pasco,28.307634625660437,-82.48363240465771
Florida,NA,Florida Department of Corrections,Pasco County Land O Lakes Detention Facility,jails_prisons,JAILS,Pasco Sheriffs Office,12,12101,1,doc_excluded_local_jail,source type indicates local/federal jail or non-DOC facility,20101 Central Boulevard,Land O' Lakes,Pasco County,NA,NA
Florida,NA,Florida Department of Corrections,PASCO COUNTY SHERIFF'S OFFICE,hifld_prisons,COUNTY,NA,12,12101,NOT AVAILABLE,doc_excluded_local_jail,source type indicates local/federal jail or non-DOC facility,8700 CITIZEN DR,NEW PORT RICHEY,Pasco,28.26708817880273,-82.67066133296562
Florida,NA,Florida Department of Corrections,PASCO COUNTY SHERIFFS DEPARTMENT - DISTRICT 2,hifld,SHERIFF'S OFFICE,NA,12,12101,OPEN,doc_excluded_local_jail,source type indicates local/federal jail or non-DOC facility,36409 STATE ROAD 52,DADE CITY,Pasco,28.3485608,-82.2134265
Florida,NA,Florida Department of Corrections,PASCO COUNTY SHERIFFS DEPARTMENT / PASCO COUNTY JAIL,hifld,SHERIFF'S OFFICE,NA,12,12101,OPEN,doc_excluded_local_jail,source type indicates local/federal jail or non-DOC facility,20101 CENTRAL BOULEVARD,LAND O' LAKES,Pasco,28.3075497,-82.4836714
Florida,NA,Florida Department of Corrections,PAUL REIN DETENTION FACILITY,hifld_prisons,COUNTY,NA,12,12011,OPEN,doc_excluded_local_jail,source type indicates local/federal jail or non-DOC facility,2421 NW 16TH ST,POMPANO BEACH,Broward,26.25005936287698,-80.15714253596609
Florida,NA,Florida Department of Corrections,Paul Rein Facility,jails_prisons,JAILS,Broward Sheriffs Office,12,12011,1,doc_excluded_local_jail,source type indicates local/federal jail or non-DOC facility,2421 NW 16th Street,Pompano Beach,Broward County,NA,NA
Florida,NA,Florida Department of Corrections,PINELLAS COUNTY JAIL,hifld_prisons,COUNTY,NA,12,12103,OPEN,doc_excluded_local_jail,source type indicates local/federal jail or non-DOC facility,14400 49TH ST N,CLEARWATER,Pinellas,27.902664487766764,-82.70509686972328
Florida,NA,Florida Department of Corrections,PINELLAS COUNTY SHERIFF - NORTH DISTRICT STATION,hifld,SHERIFF'S OFFICE,NA,12,12103,OPEN,doc_excluded_local_jail,source type indicates local/federal jail or non-DOC facility,737 LOUDEN AVENUE,DUNEDIN,Pinellas,28.0116685,-82.7843988
Florida,NA,Florida Department of Corrections,PINELLAS COUNTY SHERIFFS OFFICE,hifld,SHERIFF'S OFFICE,NA,12,12103,OPEN,doc_excluded_local_jail,source type indicates local/federal jail or non-DOC facility,10750 ULMERTON ROAD,LARGO,Pinellas,27.893456046,-82.790164325
Florida,NA,Florida Department of Corrections,POLK COUNTY PROCESSING CENTER,hifld_prisons,COUNTY,NA,12,12105,OPEN,doc_excluded_local_jail,source type indicates local/federal jail or non-DOC facility,7101 DE CASTRO RD,WINTER HAVEN,Polk,28.012627630202683,-81.84390056188144
Florida,NA,Florida Department of Corrections,POLK COUNTY SHERIFFS OFFICE,hifld,SHERIFF'S OFFICE,NA,12,12105,OPEN,doc_excluded_local_jail,source type indicates local/federal jail or non-DOC facility,455 NORTH BROADWAY AVENUE,BARTOW,Polk,27.8987522,-81.8437813
Florida,NA,Florida Department of Corrections,POLK COUNTY SHERIFFS OFFICE - CENTRAL DISTRICT,hifld,SHERIFF'S OFFICE,NA,12,12105,OPEN,doc_excluded_local_jail,source type indicates local/federal jail or non-DOC facility,3635 AVENUE G NORTHWEST,WINTER HAVEN,Polk,28.0299961,-81.771431
Florida,NA,Florida Department of Corrections,POLK COUNTY SHERIFFS OFFICE - EAGLE LAKE,hifld,SHERIFF'S OFFICE,NA,12,12105,OPEN,doc_excluded_local_jail,source type indicates local/federal jail or non-DOC facility,75 NORTH 7TH STREET,EAGLE LAKE,Polk,27.9773712,-81.7541533
Florida,NA,Florida Department of Corrections,POLK COUNTY SHERIFFS OFFICE - FORT MEADE,hifld,SHERIFF'S OFFICE,NA,12,12105,OPEN,doc_excluded_local_jail,source type indicates local/federal jail or non-DOC facility,15 1ST STREET NORTHWEST,FORT MEADE,Polk,27.753046863,-81.802304577
Florida,NA,Florida Department of Corrections,POLK COUNTY SHERIFFS OFFICE - FROSTPROOF,hifld,SHERIFF'S OFFICE,NA,12,12105,OPEN,doc_excluded_local_jail,source type indicates local/federal jail or non-DOC facility,111 WEST 1ST STREET,FROSTPROOF,Polk,27.7443079,-81.5322921
Florida,NA,Florida Department of Corrections,POLK COUNTY SHERIFFS OFFICE - LAKE WALES SUBSTATION,hifld,SHERIFF'S OFFICE,NA,12,12105,OPEN,doc_excluded_local_jail,source type indicates local/federal jail or non-DOC facility,860 THOMPSON NURSERY ROAD,LAKE WALES,Polk,27.957330877,-81.624150947
Florida,NA,Florida Department of Corrections,POLK COUNTY SHERIFFS OFFICE - NORTHEAST DISTRICT,hifld,SHERIFF'S OFFICE,NA,12,12105,OPEN,doc_excluded_local_jail,source type indicates local/federal jail or non-DOC facility,45589 UNITED STATES HIGHWAY 27,DAVENPORT,Polk,28.245426,-81.6519
Florida,NA,Florida Department of Corrections,POLK COUNTY SHERIFFS OFFICE - NORTHWEST DISTRICT,hifld,SHERIFF'S OFFICE,NA,12,12105,OPEN,doc_excluded_local_jail,source type indicates local/federal jail or non-DOC facility,1045 WEDGEWOOD ESTATES BOULEVARD,LAKELAND,Polk,28.0972332,-81.9710745
Florida,NA,Florida Department of Corrections,POLK COUNTY SHERIFFS OFFICE - POLK CITY,hifld,SHERIFF'S OFFICE,NA,12,12105,OPEN,doc_excluded_local_jail,source type indicates local/federal jail or non-DOC facility,123 BROADWAY BOULEVARD,POLK CITY,Polk,28.182712049,-81.822850498
Florida,NA,Florida Department of Corrections,POLK COUNTY SHERIFFS OFFICE - SOUTHWEST DISTRICT,hifld,SHERIFF'S OFFICE,NA,12,12105,OPEN,doc_excluded_local_jail,source type indicates local/federal jail or non-DOC facility,4120 UNITED STATES HIGHWAY 98 SOUTH,LAKELAND,Polk,27.9912315,-81.8944584
Florida,NA,Florida Department of Corrections,PRE-TRIAL DETENTION CENTER,hifld_prisons,COUNTY,NA,12,12086,OPEN,doc_excluded_local_jail,source type indicates local/federal jail or non-DOC facility,1321 NW 13TH ST,MIAMI,Miami-Dade,25.786762803486553,-80.21679592196088
Florida,NA,Florida Department of Corrections,Putnam CountyJail,jails_prisons,JAILS,Putnam County Sheriffs Office,12,12107,1,doc_excluded_local_jail,source type indicates local/federal jail or non-DOC facility,130 Orie Griffin Boulevard,Palatka,Putnam County,NA,NA
Florida,NA,Florida Department of Corrections,PUTNAM COUNTY JAIL,hifld_prisons,COUNTY,NA,12,12107,OPEN,doc_excluded_local_jail,source type indicates local/federal jail or non-DOC facility,130 ORIE GRIFFIN BLVD,PALATKA,Putnam,29.66862710315802,-81.66236706701012
Florida,NA,Florida Department of Corrections,PUTNAM COUNTY SHERIFFS DEPARTMENT / PUTNAM COUNTY JAIL,hifld,SHERIFF'S OFFICE,NA,12,12107,OPEN,doc_excluded_local_jail,source type indicates local/federal jail or non-DOC facility,130 ORIE GRIFFIN BOULEVARD,PALATKA,Putnam,29.6683619,-81.6618392
Florida,NA,Florida Department of Corrections,St. Johns CountyJail,jails_prisons,JAILS,St. Johns County Sheriffs Office,12,12109,1,doc_excluded_local_jail,source type indicates local/federal jail or non-DOC facility,3955 Lewis Speedway,St. Augustine,St. Johns County,NA,NA
Florida,NA,Florida Department of Corrections,ST. JOHNS COUNTY DETENTION CENTER,hifld_prisons,COUNTY,NA,12,12109,OPEN,doc_excluded_local_jail,source type indicates local/federal jail or non-DOC facility,4015 LEWIS SPEEDWAY,ST. AUGUSTINE,St. Johns,29.940333630528674,-81.3385068875039
Florida,NA,Florida Department of Corrections,SAINT JOHNS COUNTY SHERIFFS OFFICE / SAINT JOHNS COUNTY JAIL,hifld,SHERIFF'S OFFICE,NA,12,12109,OPEN,doc_excluded_local_jail,source type indicates local/federal jail or non-DOC facility,"4015 LEWIS SPEEDWAY, 3955 LEWIS SPEEDWAY",SAINT AUGUSTINE,St. Johns,29.9403618,-81.3384719
Florida,NA,Florida Department of Corrections,St. Johns County Sheriffs Office Work Release Center,jails_prisons,JAILS,St. Johns County Sheriffs Office,12,12109,1,doc_excluded_local_jail,source type indicates local/federal jail or non-DOC facility,3955 Lewis Speedway,St. Augustine,St. Johns County,NA,NA
Florida,NA,Florida Department of Corrections,ST. LUCIE COUNTY JAIL,hifld_prisons,COUNTY,NA,12,12111,OPEN,doc_excluded_local_jail,source type indicates local/federal jail or non-DOC facility,900 N ROCK RD,FORT PIERCE,St. Lucie,27.453384258174726,-80.41012115070829
Florida,NA,Florida Department of Corrections,SAINT LUCIE COUNTY SHERIFFS OFFICE,hifld,SHERIFF'S OFFICE,NA,12,12111,OPEN,doc_excluded_local_jail,source type indicates local/federal jail or non-DOC facility,4700 WEST MIDWAY ROAD,FORT PIERCE,St. Lucie,27.3753577,-80.3729579
Florida,NA,Florida Department of Corrections,Santa Rosa CountyJail,jails_prisons,JAILS,Santa Rosa County Sheriffs Office,12,12113,1,doc_excluded_local_jail,source type indicates local/federal jail or non-DOC facility,5755 East Milton Road,Milton,Santa Rosa County,NA,NA
Florida,NA,Florida Department of Corrections,SANTA ROSA COUNTY JAIL,hifld_prisons,COUNTY,NA,12,12113,OPEN,doc_excluded_local_jail,source type indicates local/federal jail or non-DOC facility,5755 E MILTON RD,MILTON,Santa Rosa,30.643591338373408,-86.97450306942955
Florida,NA,Florida Department of Corrections,SANTA ROSA COUNTY SHERIFF DISTRICT 1 SUBSTATION,hifld,SHERIFF'S OFFICE,NA,12,12113,OPEN,doc_excluded_local_jail,source type indicates local/federal jail or non-DOC facility,1322 COLLEGE PARKWAY,GULF BREEZE,Santa Rosa,30.3854487,-87.0868217
Florida,NA,Florida Department of Corrections,SANTA ROSA COUNTY SHERIFF DISTRICT 2 SUBSTATION,hifld,SHERIFF'S OFFICE,NA,12,12113,OPEN,doc_excluded_local_jail,source type indicates local/federal jail or non-DOC facility,8597 HIGH SCHOOL BOULEVARD,NAVARRE,Santa Rosa,30.4221687,-86.8629052
Florida,NA,Florida Department of Corrections,SANTA ROSA COUNTY SHERIFF DISTRICT 3 SUBSTATION,hifld,SHERIFF'S OFFICE,NA,12,12113,OPEN,doc_excluded_local_jail,source type indicates local/federal jail or non-DOC facility,4775 PACE PATRIOT BLVD,PACE,Santa Rosa,30.610001,-87.156464
Florida,NA,Florida Department of Corrections,SANTA ROSA COUNTY SHERIFF DISTRICT 5 SUBSTATION,hifld,SHERIFF'S OFFICE,NA,12,12113,OPEN,doc_excluded_local_jail,source type indicates local/federal jail or non-DOC facility,3695 STATE HIGHWAY 4,JAY,Santa Rosa,30.952707,-87.1602116
Florida,NA,Florida Department of Corrections,SANTA ROSA COUNTY SHERIFFS DEPARTMENT / SANTA ROSA COUNTY JAIL,hifld,SHERIFF'S OFFICE,NA,12,12113,OPEN,doc_excluded_local_jail,source type indicates local/federal jail or non-DOC facility,5755 EAST MILTON ROAD,MILTON,Santa Rosa,30.6433464,-86.9741984
Florida,NA,Florida Department of Corrections,SARASOTA COUNTY JAIL,hifld_prisons,COUNTY,NA,12,12115,OPEN,doc_excluded_local_jail,source type indicates local/federal jail or non-DOC facility,2020 MAIN STREET,SARASOTA,Sarasota,27.336054015298746,-82.52947917383159
Florida,NA,Florida Department of Corrections,SARASOTA NORTH COUNTY SHERIFFS DEPARTMENT / SARASOTA NORTH COUNTY JAIL,hifld,SHERIFF'S OFFICE,NA,12,12115,OPEN,doc_excluded_local_jail,source type indicates local/federal jail or non-DOC facility,2020 MAIN STREET,SARASOTA,Sarasota,27.3361695,-82.5296443
Florida,NA,Florida Department of Corrections,SARASOTA COUNTY SHERIFFS OFFICE DISTRICT 3 - SOUTH,hifld,SHERIFF'S OFFICE,NA,12,12115,OPEN,doc_excluded_local_jail,source type indicates local/federal jail or non-DOC facility,4531 STATE ROAD 776,VENICE,Sarasota,27.0440682,-82.4011963
Florida,NA,Florida Department of Corrections,SEMINOLE COUNTY JUVENILE DETENTION CENTER,hifld_prisons,COUNTY,NA,12,12117,OPEN,doc_excluded_local_jail,source type indicates local/federal jail or non-DOC facility,200 ESLINGER WAY,SANFORD,Seminole,28.74871373792719,-81.29792480697898
Florida,NA,Florida Department of Corrections,SEMINOLE COUNTY SHERIFFS DEPARTMENT AND DEPARTMENT OF PUBLIC SAFETY,hifld,SHERIFF'S OFFICE,NA,12,12117,OPEN,doc_excluded_local_jail,source type indicates local/federal jail or non-DOC facility,100 NORTH BUSH BOULEVARD,SANFORD,Seminole,28.7480643,-81.294697
Florida,NA,Florida Department of Corrections,SEMINOLE COUNTY SHERIFFS OFFICE EAST REGION OFFICE,hifld,SHERIFF'S OFFICE,NA,12,12117,OPEN,doc_excluded_local_jail,source type indicates local/federal jail or non-DOC facility,1225 EAST BROADWAY STREET,OVIEDO,Seminole,28.6700267,-81.1885349
Florida,NA,Florida Department of Corrections,SEMINOLE COUNTY SHERIFFS OFFICE NORTH REGION - LAKE MARY OFFICE,hifld,SHERIFF'S OFFICE,NA,12,12117,OPEN,doc_excluded_local_jail,source type indicates local/federal jail or non-DOC facility,3677 LAKE EMMA ROAD,LAKE MARY,Seminole,28.764955,-81.350045
Florida,NA,Florida Department of Corrections,SEMINOLE COUNTY SHERIFFS OFFICE NORTH REGION - SANFORD OFFICE,hifld,SHERIFF'S OFFICE,NA,12,12117,NOT AVAILABLE,doc_excluded_local_jail,source type indicates local/federal jail or non-DOC facility,3822 SOUTH ORLANDO DRIVE,SANFORD,Seminole,28.7563926,-81.2894826
Florida,NA,Florida Department of Corrections,SEMINOLE COUNTY SHERIFFS OFFICE SOUTH REGION - ALTAMONTE SPRINGS OFFICE,hifld,SHERIFF'S OFFICE,NA,12,12117,OPEN,doc_excluded_local_jail,source type indicates local/federal jail or non-DOC facility,120 WEST PINEVIEW STREET,ALTAMONTE SPRINGS,Seminole,28.679647,-81.389876
Florida,NA,Florida Department of Corrections,SEMINOLE COUNTY SHERIFFS OFFICE SOUTH REGION - HUNT CLUB,hifld,SHERIFF'S OFFICE,NA,12,12117,NOT AVAILABLE,doc_excluded_local_jail,source type indicates local/federal jail or non-DOC facility,494 SOUTH HUNT CLUB BOULEVARD,APOPKA,Seminole,28.6732348,-81.4514081
Florida,NA,Florida Department of Corrections,SOUTH COUNTY JAIL,hifld_prisons,COUNTY,NA,12,12105,OPEN,doc_excluded_local_jail,source type indicates local/federal jail or non-DOC facility,1103 US HWY 98 W,FROSTPROOF,Polk,27.731098565773046,-81.59351169126279
Florida,NA,Florida Department of Corrections,SUMTER COUNTY DETENTION CENTER,hifld_prisons,COUNTY,NA,12,12119,OPEN,doc_excluded_local_jail,source type indicates local/federal jail or non-DOC facility,219 E ANDERSON AVE,BUSHNELL,Sumter,28.66223587363517,-82.1090969156868
Florida,NA,Florida Department of Corrections,SUMTER COUNTY SHERIFF'S OFFICE,hifld,SHERIFF'S OFFICE,NA,12,12119,OPEN,doc_excluded_local_jail,source type indicates local/federal jail or non-DOC facility,225 EAST MCCOLLUM AVENUE,BUSHNELL,Sumter,28.663704673,-82.109943304
Florida,NA,Florida Department of Corrections,SUMTER COUNTY SHERIFFS DEPARTMENT - SUBSTATION,hifld,SHERIFF'S OFFICE,NA,12,12119,OPEN,doc_excluded_local_jail,source type indicates local/federal jail or non-DOC facility,2010 NORTH COUNTY ROAD 470,LAKE PANASOFFKEE,Sumter,28.785928046,-82.129331047
Florida,NA,Florida Department of Corrections,SUMTER COUNTY SHERIFFS OFFICE - WILDWOOD ANNEX,hifld,SHERIFF'S OFFICE,NA,12,12119,OPEN,doc_excluded_local_jail,source type indicates local/federal jail or non-DOC facility,362 SHOPPING CENTER DRIVE,WILDWOOD,Sumter,28.862774613,-82.018726465
Florida,NA,Florida Department of Corrections,Suwanee CountyJail,jails_prisons,JAILS,Suwannee County Sheriffs Office,12,12121,1,doc_excluded_local_jail,source type indicates local/federal jail or non-DOC facility,305 Pine Avenue SW,Live Oak,Suwannee County,NA,NA
Florida,NA,Florida Department of Corrections,SUWANNEE COUNTY JAIL,hifld_prisons,COUNTY,NA,12,12121,OPEN,doc_excluded_local_jail,source type indicates local/federal jail or non-DOC facility,305 PINE AVE,LIVE OAK,Suwannee,30.29509081087575,-82.98586477473245
Florida,NA,Florida Department of Corrections,SUWANNEE COUNTY SHERIFFS OFFICE,hifld,SHERIFF'S OFFICE,NA,12,12121,OPEN,doc_excluded_local_jail,source type indicates local/federal jail or non-DOC facility,200 SOUTH OHIO AVENUE,LIVE OAK,Suwannee,30.2955878,-82.9851183
Florida,NA,Florida Department of Corrections,Taylor CountyJail,jails_prisons,JAILS,Taylor County Sheriffs Office,12,12123,1,doc_excluded_local_jail,source type indicates local/federal jail or non-DOC facility,589 Highway 27 East,Perry,Taylor County,NA,NA
Florida,NA,Florida Department of Corrections,TAYLOR COUNTY JAIL,hifld_prisons,COUNTY,NA,12,12123,OPEN,doc_excluded_local_jail,source type indicates local/federal jail or non-DOC facility,589 US HWY 27 E,PERRY,Taylor,30.109946196523936,-83.57359730158045
Florida,NA,Florida Department of Corrections,TAYLOR COUNTY SHERIFFS OFFICE,hifld,SHERIFF'S OFFICE,NA,12,12123,OPEN,doc_excluded_local_jail,source type indicates local/federal jail or non-DOC facility,"108 NORTH JEFFERSON STREET, SUITE 103",PERRY,Taylor,30.1175267,-83.5817323
Florida,NA,Florida Department of Corrections,TURNER GUILFORD KNIGHT CORRECTIONAL CENTER,hifld_prisons,COUNTY,NA,12,12086,OPEN,doc_excluded_local_jail,source type indicates local/federal jail or non-DOC facility,7000 NW 41ST ST,MIAMI,Miami-Dade,25.81025164398825,-80.31182279976899
Florida,NA,Florida Department of Corrections,Union CountyJail,jails_prisons,JAILS,Union County Sheriffs Office,12,12125,1,doc_excluded_local_jail,source type indicates local/federal jail or non-DOC facility,50 NW 1st Street,Lake Butler,Union County,NA,NA
Florida,NA,Florida Department of Corrections,UNION COUNTY JAIL,hifld_prisons,COUNTY,NA,12,12125,OPEN,doc_excluded_local_jail,source type indicates local/federal jail or non-DOC facility,50 NW 1ST STREET,LAKE BUTLER,Union,30.023554342710504,-82.33855401348933
Florida,NA,Florida Department of Corrections,UNION COUNTY SHERIFFS DEPARTMENT / UNION COUNTY JAIL,hifld,SHERIFF'S OFFICE,NA,12,12125,OPEN,doc_excluded_local_jail,source type indicates local/federal jail or non-DOC facility,50 NORTHWEST 1ST STREET,LAKE BUTLER,Union,30.0235552,-82.3385054
Florida,NA,Florida Department of Corrections,USP COLEMAN I,hifld_prisons,FEDERAL,NA,12,12119,OPEN,doc_excluded_local_jail,source type indicates local/federal jail or non-DOC facility,846 NE 54TH TERRACE,SUMTERVILLE,Sumter,28.77379049533176,-82.0044525403108
Florida,NA,Florida Department of Corrections,USP COLEMAN II,hifld_prisons,FEDERAL,NA,12,12119,OPEN,doc_excluded_local_jail,source type indicates local/federal jail or non-DOC facility,846 NE 54TH TERRACE,SUMTERVILLE,Sumter,28.76428851815817,-82.00005484116294
Florida,NA,Florida Department of Corrections,VOLUSIA COUNTY BRANCH JAIL,hifld_prisons,COUNTY,NA,12,12127,OPEN,doc_excluded_local_jail,source type indicates local/federal jail or non-DOC facility,1300 RED JOHN DR,DAYTONA BEACH,Volusia,29.141249379527245,-81.1495666025514
Florida,NA,Florida Department of Corrections,VOLUSIA COUNTY CORRECTIONAL FACILITY,hifld_prisons,COUNTY,NA,12,12127,OPEN,doc_excluded_local_jail,source type indicates local/federal jail or non-DOC facility,1354 INDIAN LAKE RD,DAYTONA BEACH,Volusia,29.138693378757427,-81.14680864630158
Florida,NA,Florida Department of Corrections,VOLUSIA COUNTY SHERIFF - CIVIL DIVISION,hifld,SHERIFF'S OFFICE,NA,12,12127,OPEN,doc_excluded_local_jail,source type indicates local/federal jail or non-DOC facility,101 CANAL STREET,NEW SMYRNA BEACH,Volusia,29.0257628,-80.9213051
Florida,NA,Florida Department of Corrections,VOLUSIA COUNTY SHERIFF'S OFFICE,hifld,SHERIFF'S OFFICE,NA,12,12127,OPEN,doc_excluded_local_jail,source type indicates local/federal jail or non-DOC facility,123 WEST INDIANA AVENUE,DELAND,Volusia,29.029516168,-81.305028274
Florida,NA,Florida Department of Corrections,VOLUSIA COUNTY SHERIFFS DEPARTMENT - AIRPORT SUBSTATION,hifld,SHERIFF'S OFFICE,NA,12,12127,OPEN,doc_excluded_local_jail,source type indicates local/federal jail or non-DOC facility,700 CATALINA DRIVE,DAYTONA BEACH,Volusia,29.1847056,-81.0608128
Florida,NA,Florida Department of Corrections,VOLUSIA COUNTY SHERIFFS DEPARTMENT - AVIATION,hifld,SHERIFF'S OFFICE,NA,12,12127,OPEN,doc_excluded_local_jail,source type indicates local/federal jail or non-DOC facility,951 SINGLETON DRIVE,DE LAND,Volusia,29.0601945,-81.2861945
Florida,NA,Florida Department of Corrections,VOLUSIA COUNTY SHERIFF'S OFFICE - BEACH PATROL,hifld,SPECIAL JURISDICTION,NA,12,12127,OPEN,doc_excluded_local_jail,source type indicates local/federal jail or non-DOC facility,515 SOUTH ATLANTIC AVENUE,DAYTONA BEACH,Volusia,29.218758331,-81.00354424
Florida,NA,Florida Department of Corrections,VOLUSIA COUNTY SHERIFFS DEPARTMENT - CIVIL DIVISION,hifld,SHERIFF'S OFFICE,NA,12,12127,OPEN,doc_excluded_local_jail,source type indicates local/federal jail or non-DOC facility,"250 NORTH BEACH STREET, SUITE 119",DAYTONA BEACH,Volusia,29.2154507,-81.0216552
Florida,NA,Florida Department of Corrections,VOLUSIA COUNTY SHERIFFS DEPARTMENT - COMMUNICATIONS,hifld,SHERIFF'S OFFICE,NA,12,12127,OPEN,doc_excluded_local_jail,source type indicates local/federal jail or non-DOC facility,3825 TIGER BAY ROAD,DAYTONA BEACH,Volusia,29.146449657,-81.14888124
Florida,NA,Florida Department of Corrections,VOLUSIA COUNTY SHERIFFS DEPARTMENT - COURTHOUSE ANNEX,hifld,SHERIFF'S OFFICE,NA,12,12127,OPEN,doc_excluded_local_jail,source type indicates local/federal jail or non-DOC facility,125 EAST ORANGE AVENUE,DAYTONA BEACH,Volusia,29.2108031,-81.0138555
Florida,NA,Florida Department of Corrections,VOLUSIA COUNTY SHERIFFS DEPARTMENT - DE LAND,hifld,SPECIAL JURISDICTION,NA,12,12127,OPEN,doc_excluded_local_jail,source type indicates local/federal jail or non-DOC facility,101 NORTH ALABAMA AVENUE,DE LAND,Volusia,29.029247021,-81.299749508
Florida,NA,Florida Department of Corrections,VOLUSIA COUNTY SHERIFFS DEPARTMENT - DISTRICT 3,hifld,SHERIFF'S OFFICE,NA,12,12127,OPEN,doc_excluded_local_jail,source type indicates local/federal jail or non-DOC facility,"1435 US HWY 1, SUITE D-3",HOLLY HILL,Volusia,29.330169,-81.121731
Florida,NA,Florida Department of Corrections,VOLUSIA COUNTY SHERIFFS DEPARTMENT - DISTRICT 4,hifld,SHERIFF'S OFFICE,NA,12,12127,OPEN,doc_excluded_local_jail,source type indicates local/federal jail or non-DOC facility,16941 PROVIDENCE BLVD,DELTONA,Volusia,28.906735,-81.225344
Florida,NA,Florida Department of Corrections,VOLUSIA COUNTY SHERIFFS DEPARTMENT - DISTRICT 6,hifld,SHERIFF'S OFFICE,NA,12,12127,OPEN,doc_excluded_local_jail,source type indicates local/federal jail or non-DOC facility,94 SOUTH UNITED STATES HIGHWAY 17-92,DEBARY,Volusia,28.884066608,-81.308004788
Florida,NA,Florida Department of Corrections,VOLUSIA COUNTY SHERIFFS DEPARTMENT LAW ENFORCEMENT SERVICES DIVISION - DISTRICT 2,hifld,SHERIFF'S OFFICE,NA,12,12127,OPEN,doc_excluded_local_jail,source type indicates local/federal jail or non-DOC facility,1706 SOUTH WOODLAND BOULEVARD,DE LAND,Volusia,28.998410745,-81.304742885
Florida,NA,Florida Department of Corrections,Wakulla CountyJail,jails_prisons,JAILS,Wakulla County Sheriffs Office,12,12129,1,doc_excluded_local_jail,source type indicates local/federal jail or non-DOC facility,15 Oak Street,Crawfordville,Wakulla County,NA,NA
Florida,NA,Florida Department of Corrections,WAKULLA COUNTY DETENTION FACILITY,hifld_prisons,COUNTY,NA,12,12129,OPEN,doc_excluded_local_jail,source type indicates local/federal jail or non-DOC facility,15 OAK ST,CRAWFORDVILLE,Wakulla,30.197159697708578,-84.37708348637362
Florida,NA,Florida Department of Corrections,WAKULLA COUNTY SHERIFFS DEPARTMENT / WAKULLA COUNTY JAIL,hifld,SHERIFF'S OFFICE,NA,12,12129,OPEN,doc_excluded_local_jail,source type indicates local/federal jail or non-DOC facility,15 OAK STREET,CRAWFORDVILLE,Wakulla,30.1965971,-84.3772057
Florida,NA,Florida Department of Corrections,Walton CountyJail,jails_prisons,JAILS,Walton County Jail,12,12131,1,doc_excluded_local_jail,source type indicates local/federal jail or non-DOC facility,796 Triple G Road,De Funiak Springs,Walton County,NA,NA
Florida,NA,Florida Department of Corrections,WALTON COUNTY JAIL,hifld_prisons,COUNTY,NA,12,12131,OPEN,doc_excluded_local_jail,source type indicates local/federal jail or non-DOC facility,796 TRIPLE G ROAD,DEFUNIAK SPRINGS,Walton,30.783506460027294,-86.10328969568566
Florida,NA,Florida Department of Corrections,WALTON COUNTY SHERIFFS DEPARTMENT - FREEPORT SUBSTATION,hifld,SHERIFF'S OFFICE,NA,12,12131,OPEN,doc_excluded_local_jail,source type indicates local/federal jail or non-DOC facility,423 MADISON STREET,FREEPORT,Walton,30.4919918,-86.1376956
Florida,NA,Florida Department of Corrections,WALTON COUNTY SHERIFFS DEPARTMENT - HEADQUARTERS,hifld,SHERIFF'S OFFICE,NA,12,12131,OPEN,doc_excluded_local_jail,source type indicates local/federal jail or non-DOC facility,752 TRIPLE G ROAD,DE FUNIAK SPRINGS,Walton,30.782635893,-86.104440105
Florida,NA,Florida Department of Corrections,WALTON COUNTY SHERIFFS DEPARTMENT - PAXTON SUBSTATION,hifld,SHERIFF'S OFFICE,NA,12,12131,OPEN,doc_excluded_local_jail,source type indicates local/federal jail or non-DOC facility,21527 UNITED STATES HIGHWAY 331,PAXTON,Walton,30.9684707,-86.3020984
Florida,NA,Florida Department of Corrections,WALTON COUNTY SHERIFFS DEPARTMENT - SANTA ROSA BEACH SUBSTATION,hifld,SHERIFF'S OFFICE,NA,12,12131,OPEN,doc_excluded_local_jail,source type indicates local/federal jail or non-DOC facility,133 SHERIFFS DRIVE,SANTA ROSA BEACH,Walton,30.3723082,-86.1788134
Florida,NA,Florida Department of Corrections,Washington CountyJail,jails_prisons,JAILS,Washington County Sheriffs Office,12,12133,1,doc_excluded_local_jail,source type indicates local/federal jail or non-DOC facility,1100 Brickyard Road,Chipley,Washington County,NA,NA
Florida,NA,Florida Department of Corrections,WASHINGTON COUNTY JAIL,hifld_prisons,COUNTY,NA,12,12133,OPEN,doc_excluded_local_jail,source type indicates local/federal jail or non-DOC facility,1100 BRICKYARD RD,CHIPLEY,Washington,30.765375973450205,-85.52262452647062
Florida,NA,Florida Department of Corrections,WASHINGTON COUNTY SHERIFFS OFFICE,hifld,SHERIFF'S OFFICE,NA,12,12133,OPEN,doc_excluded_local_jail,source type indicates local/federal jail or non-DOC facility,"1293 JACKSON AVENUE, BUILDING 400",CHIPLEY,Washington,30.778813527,-85.541582522
Florida,NA,Florida Department of Corrections,WOMEN'S DETENTION CENTER,hifld_prisons,COUNTY,NA,12,12086,CLOSED,doc_excluded_local_jail,source type indicates local/federal jail or non-DOC facility,1401 NW 7TH AVE,MIAMI,Miami-Dade,25.788205365644604,-80.20647736038516
Georgia,NA,Georgia Department of Corrections,ACWORTH DETENTION CENTER,hifld_prisons,LOCAL,NA,13,13067,OPEN,doc_excluded_local_jail,source type indicates local/federal jail or non-DOC facility,4400 ACWORTH INDUSTRIAL DR NW,ACWORTH,Cobb,34.06031056823374,-84.6602902189028
Georgia,NA,Georgia Department of Corrections,ALCOVY DIVERSION CENTER,hifld_prisons,COUNTY,NA,13,13297,NOT AVAILABLE,doc_excluded_local_jail,source type indicates local/federal jail or non-DOC facility,1417 S MADISON AVE,MONROE,Walton,33.772165071220506,-83.69956251415049
Georgia,NA,Georgia Department of Corrections,Appling CountyJail,jails_prisons,JAILS,Appling County Sheriffs Office,13,13001,1,doc_excluded_local_jail,source type indicates local/federal jail or non-DOC facility,"560 Barnes Street, #B",Baxley,Appling County,NA,NA
Georgia,NA,Georgia Department of Corrections,APPLING COUNTY JAIL,hifld_prisons,COUNTY,NA,13,13001,OPEN,doc_excluded_local_jail,source type indicates local/federal jail or non-DOC facility,560 BARNES STREET,BAXLEY,Appling,31.784017608591025,-82.35851019015409
Georgia,NA,Georgia Department of Corrections,APPLING COUNTY SHERIFFS OFFICE / APPLING COUNTY JAIL,hifld,SHERIFF'S OFFICE,NA,13,13001,OPEN,doc_excluded_local_jail,source type indicates local/federal jail or non-DOC facility,560 BARNES STREET,BAXLEY,Appling,31.783588723,-82.358490406
Georgia,NA,Georgia Department of Corrections,Athens-Clarke County Correctional Institution,jails_prisons,JAILS,Athens-Clarke County Correctional Institution,13,13059,1,doc_excluded_local_jail,source type indicates local/federal jail or non-DOC facility,2825 County Farm Road,Athens,Clarke County,NA,NA
Georgia,NA,Georgia Department of Corrections,Athens Clarke Diversion Center,jails_prisons,JAILS,Athens-Clarke County Diversion Center,13,13059,2,doc_excluded_local_jail,source type indicates local/federal jail or non-DOC facility,2725 Lexington Road,Athens,Clarke County,NA,NA
Georgia,NA,Georgia Department of Corrections,Atkinson CountyJail,jails_prisons,JAILS,Atkinson County Sheriffs Office,13,13003,1,doc_excluded_local_jail,source type indicates local/federal jail or non-DOC facility,20 Smith Avenue West,Pearson,Atkinson County,NA,NA
Georgia,NA,Georgia Department of Corrections,ATKINSON COUNTY JAIL,hifld_prisons,COUNTY,NA,13,13003,OPEN,doc_excluded_local_jail,source type indicates local/federal jail or non-DOC facility,20 SMITH AVE W,PEARSON,Atkinson,31.29574190955123,-82.8535312935383
Georgia,NA,Georgia Department of Corrections,ATKINSON COUNTY SHERIFFS OFFICE / ATKINSON COUNTY JAIL,hifld,SHERIFF'S OFFICE,NA,13,13003,OPEN,doc_excluded_local_jail,source type indicates local/federal jail or non-DOC facility,200 WEST SMITH AVENUE,PEARSON,Atkinson,31.295715864,-82.853576855
Georgia,NA,Georgia Department of Corrections,ATLANTA CITY DETENTION CENTER,hifld_prisons,COUNTY,NA,13,13121,OPEN,doc_excluded_local_jail,source type indicates local/federal jail or non-DOC facility,254 PEACHTREE ST SW,ATLANTA,Fulton,33.74725632494364,-84.39538970771936
Georgia,NA,Georgia Department of Corrections,BACON COUNTY JAIL,hifld_prisons,COUNTY,NA,13,13005,OPEN,doc_excluded_local_jail,source type indicates local/federal jail or non-DOC facility,307 SOUTH DIXON STREET,ALMA,Bacon,31.540608293435017,-82.46953436968646
Georgia,NA,Georgia Department of Corrections,BACON COUNTY SHERIFFS OFFICE / BACON COUNTY JAIL,hifld,SHERIFF'S OFFICE,NA,13,13005,OPEN,doc_excluded_local_jail,source type indicates local/federal jail or non-DOC facility,307 SOUTH DIXON STREET,ALMA,Bacon,31.5407821,-82.4692513
Georgia,NA,Georgia Department of Corrections,BAKER COUNTY SHERIFFS OFFICE,hifld,SHERIFF'S OFFICE,NA,13,13007,OPEN,doc_excluded_local_jail,source type indicates local/federal jail or non-DOC facility,"167 BAKER PLACE, BAKER COUNTY COURTHOUSE",NEWTON,Baker,31.317863442,-84.342230464
Georgia,NA,Georgia Department of Corrections,BAKER COUNTY SHERIFFS OFFICE / BAKER COUNTY JAIL,hifld,SHERIFF'S OFFICE,NA,13,13007,OPEN,doc_excluded_local_jail,source type indicates local/federal jail or non-DOC facility,STATE HIGHWAY 200,NEWTON,Baker,31.286932,-84.4130549
Georgia,NA,Georgia Department of Corrections,BALDWIN COUNTY JAIL,hifld_prisons,COUNTY,NA,13,13009,OPEN,doc_excluded_local_jail,source type indicates local/federal jail or non-DOC facility,119 OLD MONTICELLO ROAD NW,MILLEDGEVILLE,Baldwin,33.0814775206608,-83.30508029388798
Georgia,NA,Georgia Department of Corrections,BALDWIN COUNTY SHERIFF'S OFFICE,hifld,SHERIFF'S OFFICE,NA,13,13009,OPEN,doc_excluded_local_jail,source type indicates local/federal jail or non-DOC facility,119 OLD MONTICELLO ROAD NORTHWEST,MILLEDGEVILLE,Baldwin,33.081426013,-83.305484731
Georgia,NA,Georgia Department of Corrections,Banks CountyJail,jails_prisons,JAILS,Banks County Sheriffs Office,13,13011,1,doc_excluded_local_jail,source type indicates local/federal jail or non-DOC facility,160 Windmill Farm Road,Homer,Banks County,NA,NA
Georgia,NA,Georgia Department of Corrections,BANKS COUNTY JAIL / SHERIFF,hifld_prisons,COUNTY,NA,13,13011,OPEN,doc_excluded_local_jail,source type indicates local/federal jail or non-DOC facility,160 WINDMILL FARM ROAD,HOMER,Banks,34.31406243894011,-83.47125324602399
Georgia,NA,Georgia Department of Corrections,BANKS COUNTY SHERIFFS OFFICE / BANKS COUNTY JAIL,hifld,SHERIFF'S OFFICE,NA,13,13011,OPEN,doc_excluded_local_jail,source type indicates local/federal jail or non-DOC facility,160 WINDMILL FARM ROAD,HOMER,Banks,34.3139451,-83.4715006
Georgia,NA,Georgia Department of Corrections,BARROW COUNTY DETENTION CENTER,hifld_prisons,COUNTY,NA,13,13013,OPEN,doc_excluded_local_jail,source type indicates local/federal jail or non-DOC facility,652 BARROW PARK DRIVE,WINDER,Barrow,34.001091079218405,-83.76136405426547
Georgia,NA,Georgia Department of Corrections,BARROW COUNTY SHERIFFS OFFICE,hifld,SHERIFF'S OFFICE,NA,13,13013,OPEN,doc_excluded_local_jail,source type indicates local/federal jail or non-DOC facility,30 NORTH BROAD STREET,WINDER,Barrow,33.9922232,-83.7218131
Georgia,NA,Georgia Department of Corrections,Bartow CountyDetention Facility,jails_prisons,JAILS,Bartow County Sheriffs Office,13,13015,1,doc_excluded_local_jail,source type indicates local/federal jail or non-DOC facility,104 Zena Drive,Cartersville,Bartow County,NA,NA
Georgia,NA,Georgia Department of Corrections,BARTOW COUNTY JAIL,hifld_prisons,COUNTY,NA,13,13015,OPEN,doc_excluded_local_jail,source type indicates local/federal jail or non-DOC facility,104 ZENA DRIVE,CARTERSVILLE,Bartow,34.19132860790165,-84.77747184311323
Georgia,NA,Georgia Department of Corrections,BARTOW COUNTY SHERIFF / BARTOW COUNTY JAIL,hifld,SHERIFF'S OFFICE,NA,13,13015,OPEN,doc_excluded_local_jail,source type indicates local/federal jail or non-DOC facility,104 ZENA DRIVE,CARTERSVILLE,Bartow,34.1914406,-84.7778592
Georgia,NA,Georgia Department of Corrections,BEN HILL COUNTY JAIL,hifld_prisons,COUNTY,NA,13,13017,OPEN,doc_excluded_local_jail,source type indicates local/federal jail or non-DOC facility,255 APPOMATTOX ROAD,FITZGERALD,Ben Hill,31.695817525660352,-83.25779533878405
Georgia,NA,Georgia Department of Corrections,BEN HILL COUNTY SHERIFFS OFFICE / BEN HILL COUNTY JAIL,hifld,SHERIFF'S OFFICE,NA,13,13017,OPEN,doc_excluded_local_jail,source type indicates local/federal jail or non-DOC facility,255 APPOMATTOX ROAD,FITZGERALD,Ben Hill,31.695648029,-83.257735003
Georgia,NA,Georgia Department of Corrections,Berrien CountyJail,jails_prisons,JAILS,Berrien County Sheriffs Office,13,13019,1,doc_excluded_local_jail,source type indicates local/federal jail or non-DOC facility,500 County Farm Road,Nashville,Berrien County,NA,NA
Georgia,NA,Georgia Department of Corrections,BERRIEN COUNTY JAIL,hifld_prisons,COUNTY,NA,13,13019,OPEN,doc_excluded_local_jail,source type indicates local/federal jail or non-DOC facility,500 COUNTY FARM ROAD,NASHVILLE,Berrien,31.192982620496746,-83.26448800389285
Georgia,NA,Georgia Department of Corrections,BERRIEN COUNTY SHERIFFS OFFICE / BERRIEN COUNTY JAIL,hifld,SHERIFF'S OFFICE,NA,13,13019,OPEN,doc_excluded_local_jail,source type indicates local/federal jail or non-DOC facility,500 COUNTY FARM ROAD,NASHVILLE,Berrien,31.1925913,-83.264468
Georgia,NA,Georgia Department of Corrections,Bibb CountyLaw Enforcement Center,jails_prisons,JAILS,Bibb County Sheriffs Office,13,13021,1,doc_excluded_local_jail,source type indicates local/federal jail or non-DOC facility,668 Oglethorpe Street,Macon,"Bibb County, Jones County",NA,NA
Georgia,NA,Georgia Department of Corrections,BIBB COUNTY DETENTION CENTER,hifld_prisons,COUNTY,NA,13,13021,OPEN,doc_excluded_local_jail,source type indicates local/federal jail or non-DOC facility,645 HAZEL STREET,MACON,Bibb,32.828036595429126,-83.63667289897381
Georgia,NA,Georgia Department of Corrections,BIBB COUNTY JAIL,hifld_prisons,COUNTY,NA,13,13021,OPEN,doc_excluded_local_jail,source type indicates local/federal jail or non-DOC facility,668 OGLETHORPE ST,MACON,Bibb,32.829098825165296,-83.63708208668554
Georgia,NA,Georgia Department of Corrections,BIBB COUNTY SHERIFFS OFFICE,hifld,SHERIFF'S OFFICE,NA,13,13021,OPEN,doc_excluded_local_jail,source type indicates local/federal jail or non-DOC facility,668 OGLETHORPE STREET,MACON,Bibb,32.8291853,-83.6373152
Georgia,NA,Georgia Department of Corrections,BLECKLEY COUNTY JAIL,hifld_prisons,COUNTY,NA,13,13023,OPEN,doc_excluded_local_jail,source type indicates local/federal jail or non-DOC facility,345 STATE HIGHWAY 87 BYPASS NORTH,COCHRAN,Bleckley,32.414380113566615,-83.3521822335363
Georgia,NA,Georgia Department of Corrections,BLECKLEY COUNTY SHERIFFS OFFICE,hifld,SHERIFF'S OFFICE,NA,13,13023,OPEN,doc_excluded_local_jail,source type indicates local/federal jail or non-DOC facility,112 NORTH SECOND STREET,COCHRAN,Bleckley,32.387560537,-83.355234763
Georgia,NA,Georgia Department of Corrections,BOWDON POLICE DEPARTMENT / BOWDON CITY JAIL,hifld,LOCAL POLICE DEPARTMENT,NA,13,13045,OPEN,doc_excluded_local_jail,source type indicates local/federal jail or non-DOC facility,136 CITY HALL AVENUE,BOWDON,Carroll,33.5378721,-85.2518658
Georgia,NA,Georgia Department of Corrections,BOWDON CITY JAIL,hifld_prisons,LOCAL,NA,13,13045,OPEN,doc_excluded_local_jail,source type indicates local/federal jail or non-DOC facility,136 CITY HALL AVENUE,BOWDON,Carroll,33.53784999557015,-85.25187613290387
Georgia,NA,Georgia Department of Corrections,Brantley CountyJail,jails_prisons,JAILS,Brantley County Sheriffs Office,13,13025,1,doc_excluded_local_jail,source type indicates local/federal jail or non-DOC facility,95 John Wilson Street,Nahunta,Brantley County,NA,NA
Georgia,NA,Georgia Department of Corrections,BRANTLEY COUNTY JAIL,hifld_prisons,COUNTY,NA,13,13025,OPEN,doc_excluded_local_jail,source type indicates local/federal jail or non-DOC facility,95 JOHN WILSON STREET,NAHUNTA,Brantley,31.219638953260414,-81.9803947379488
Georgia,NA,Georgia Department of Corrections,BRANTLEY COUNTY SHERIFFS DEPARTMENT / BRANTLEY COUNTY JAIL,hifld,SHERIFF'S OFFICE,NA,13,13025,OPEN,doc_excluded_local_jail,source type indicates local/federal jail or non-DOC facility,104 EAST CLEVELAND STREET,NAHUNTA,Brantley,31.219174,-81.980207
Georgia,NA,Georgia Department of Corrections,Brooks CountyJail,jails_prisons,JAILS,Brooks County Sheriffs Office,13,13027,1,doc_excluded_local_jail,source type indicates local/federal jail or non-DOC facility,1003 Holloway Drive,Quitman,Brooks County,NA,NA
Georgia,NA,Georgia Department of Corrections,BROOKS COUNTY JAIL,hifld_prisons,COUNTY,NA,13,13027,OPEN,doc_excluded_local_jail,source type indicates local/federal jail or non-DOC facility,1003 HOLLOWAY DRIVE,QUITMAN,Brooks,30.78741597276131,-83.54748352796885
Georgia,NA,Georgia Department of Corrections,BROOKS COUNTY SHERIFFS DEPARTMENT,hifld,SHERIFF'S OFFICE,NA,13,13027,OPEN,doc_excluded_local_jail,source type indicates local/federal jail or non-DOC facility,1 SCREVEN STREET,QUITMAN,Brooks,30.787633,-83.547551
Georgia,NA,Georgia Department of Corrections,Bryan CountyJail,jails_prisons,JAILS,Bryan County Sheriffs Office,13,13031,1,doc_excluded_local_jail,source type indicates local/federal jail or non-DOC facility,95 Sargent Robert W. Crapse Drive,Pembroke,Bryan County,NA,NA
Georgia,NA,Georgia Department of Corrections,BRYAN COUNTY JAIL,hifld_prisons,COUNTY,NA,13,13029,OPEN,doc_excluded_local_jail,source type indicates local/federal jail or non-DOC facility,95 SGT. ROBERT W. CRAPSE DR,PEMBROKE,Bryan,32.13463389176617,-81.61826303086272
Georgia,NA,Georgia Department of Corrections,BRYAN COUNTY SHERIFF / BRYAN COUNTY JAIL,hifld,SHERIFF'S OFFICE,NA,13,13029,OPEN,doc_excluded_local_jail,source type indicates local/federal jail or non-DOC facility,PUBLIC SAFETY WAY,PEMBROKE,Bryan,32.134499,-81.6185362
Georgia,NA,Georgia Department of Corrections,BRYAN COUNTY SHERIFFS DEPARTMENT SUBSTATION,hifld,SHERIFF'S OFFICE,NA,13,13029,OPEN,doc_excluded_local_jail,source type indicates local/federal jail or non-DOC facility,9934 FORD AVENUE,RICHMOND HILL,Bryan,31.917760803,-81.354602482
Georgia,NA,Georgia Department of Corrections,BULLOCH COUNTY CORRECTIONAL INSTITUTE,hifld_prisons,COUNTY,NA,13,13031,OPEN,doc_excluded_local_jail,source type indicates local/federal jail or non-DOC facility,17301 UNITED STATES HIGHWAY 301 NORTH,STATESBORO,Bulloch,32.46686029829184,-81.76719344310499
Georgia,NA,Georgia Department of Corrections,Bulloch County Correctional Institution,jails_prisons,JAILS,Bulloch County Correctional Institution,13,13031,1,doc_excluded_local_jail,source type indicates local/federal jail or non-DOC facility,17301 US Highway 301 North,Statesboro,Bulloch County,NA,NA
Georgia,NA,Georgia Department of Corrections,Bulloch CountyJail,jails_prisons,JAILS,Bulloch County Sheriffs Office,13,13031,1,doc_excluded_local_jail,source type indicates local/federal jail or non-DOC facility,17257 US Highway 301 North,Statesboro,Bulloch County,NA,NA
Georgia,NA,Georgia Department of Corrections,BULLOCH COUNTY JAIL,hifld_prisons,COUNTY,NA,13,13031,OPEN,doc_excluded_local_jail,source type indicates local/federal jail or non-DOC facility,17257 UNITED STATES HIGHWAY 301 NORTH,STATESBORO,Bulloch,32.46558942039409,-81.7673397453537
Georgia,NA,Georgia Department of Corrections,BULLOCH COUNTY SHERIFFS OFFICE / BULLOCH COUNTY JAIL,hifld,SHERIFF'S OFFICE,NA,13,13031,OPEN,doc_excluded_local_jail,source type indicates local/federal jail or non-DOC facility,17257 UNITED STATES HIGHWAY 301 NORTH,STATESBORO,Bulloch,32.4656545,-81.7669065
Georgia,NA,Georgia Department of Corrections,Burke CountyDetention Center,jails_prisons,JAILS,Burke County Sheriffs Office,13,13033,1,doc_excluded_local_jail,source type indicates local/federal jail or non-DOC facility,225 Highway 24 South,Waynesboro,Burke County,NA,NA
Georgia,NA,Georgia Department of Corrections,BURKE COUNTY JAIL,hifld_prisons,COUNTY,NA,13,13033,OPEN,doc_excluded_local_jail,source type indicates local/federal jail or non-DOC facility,225 STATE HIGHWAY 24 SOUTH,WAYNESBORO,Burke,33.07557233710425,-81.99580084524108
Georgia,NA,Georgia Department of Corrections,BURKE COUNTY SHERIFFS OFFICE,hifld,SHERIFF'S OFFICE,NA,13,13033,OPEN,doc_excluded_local_jail,source type indicates local/federal jail or non-DOC facility,225 STATE HIGHWAY 24 SOUTH,WAYNESBORO,Burke,33.075161121,-81.995890345
Georgia,NA,Georgia Department of Corrections,BUTTS COUNTY JAIL,hifld_prisons,COUNTY,NA,13,13035,OPEN,doc_excluded_local_jail,source type indicates local/federal jail or non-DOC facility,835 ERNEST BILES DR,JACKSON,Butts,33.294844022752045,-83.94622082561892
Georgia,NA,Georgia Department of Corrections,BUTTS COUNTY SHERIFFS OFFICE / BUTTS COUNTY JAIL,hifld,SHERIFF'S OFFICE,NA,13,13035,OPEN,doc_excluded_local_jail,source type indicates local/federal jail or non-DOC facility,835 ERNEST BILES DRIVE,JACKSON,Butts,33.2944581,-83.9464211
Georgia,NA,Georgia Department of Corrections,Calhoun CountyJail,jails_prisons,JAILS,Calhoun County Sheriffs Office,13,13037,1,doc_excluded_local_jail,source type indicates local/federal jail or non-DOC facility,28959 N  Bermuda,Morgan,Calhoun County,NA,NA
Georgia,NA,Georgia Department of Corrections,CALHOUN COUNTY JAIL,hifld_prisons,COUNTY,NA,13,13037,OPEN,doc_excluded_local_jail,source type indicates local/federal jail or non-DOC facility,28959 NORTH BERMUDA STREET,MORGAN,Calhoun,31.539178978040276,-84.59990511432865
Georgia,NA,Georgia Department of Corrections,CALHOUN COUNTY SHERIFFS OFFICE,hifld,SHERIFF'S OFFICE,NA,13,13037,OPEN,doc_excluded_local_jail,source type indicates local/federal jail or non-DOC facility,66 COURT STREET,MORGAN,Calhoun,31.5383145,-84.5992923
Georgia,NA,Georgia Department of Corrections,CAMDEN COUNTY DETENTION FACILITY,hifld_prisons,COUNTY,NA,13,13039,OPEN,doc_excluded_local_jail,source type indicates local/federal jail or non-DOC facility,209 EAST 4TH STREET,WOODBINE,Camden,30.967167648726264,-81.72134432351466
Georgia,NA,Georgia Department of Corrections,Camden County Public Safety Facility,jails_prisons,JAILS,Camden County Sheriffs Office,13,13039,1,doc_excluded_local_jail,source type indicates local/federal jail or non-DOC facility,209 East 4th Street,Woodbine,Camden County,NA,NA
Georgia,NA,Georgia Department of Corrections,CAMDEN COUNTY SHERIFFS DEPARTMENT / CAMDEN COUNTY JAIL,hifld,SHERIFF'S OFFICE,NA,13,13039,OPEN,doc_excluded_local_jail,source type indicates local/federal jail or non-DOC facility,"203 EAST 4TH STREET, CAMDEN COUNTY PUBLIC SAFETY COMPLEX",WOODBINE,Camden,30.9673947,-81.7211705
Georgia,NA,Georgia Department of Corrections,CAMDEN COUNTY SHERIFFS DEPARTMENT - SUBSTATION,hifld,SHERIFF'S OFFICE,NA,13,13039,OPEN,doc_excluded_local_jail,source type indicates local/federal jail or non-DOC facility,6350 STATE HIGHWAY 40 EAST,SAINT MARYS,Camden,30.774621484,-81.61965734
Georgia,NA,Georgia Department of Corrections,Candler CountyJail,jails_prisons,JAILS,Candler County Sheriffs Office,13,13043,1,doc_excluded_local_jail,source type indicates local/federal jail or non-DOC facility,1015 E Hiawatha Street,Metter,Candler County,NA,NA
Georgia,NA,Georgia Department of Corrections,CANDLER COUNTY DETENTION CENTER,hifld_prisons,COUNTY,NA,13,13043,OPEN,doc_excluded_local_jail,source type indicates local/federal jail or non-DOC facility,1015 EAST HIAWATHA STREET,METTER,Candler,32.39152652052314,-82.04161376048238
Georgia,NA,Georgia Department of Corrections,CARROLL COUNTY CORRECTIONAL INSTITUTION,hifld_prisons,COUNTY,NA,13,13045,OPEN,doc_excluded_local_jail,source type indicates local/federal jail or non-DOC facility,96 HORSLEY MILL ROAD,CARROLLTON,Carroll,33.578882508761545,-85.0464523344291
Georgia,NA,Georgia Department of Corrections,CARROLL COUNTY JAIL,hifld_prisons,COUNTY,NA,13,13045,OPEN,doc_excluded_local_jail,source type indicates local/federal jail or non-DOC facility,1000 NEWNAN ROAD,CARROLLTON,Carroll,33.56883416812188,-85.04674386118226
Georgia,NA,Georgia Department of Corrections,Carroll County Prison,jails_prisons,JAILS,Carroll County Correctional Institution,13,13045,1,doc_excluded_local_jail,source type indicates local/federal jail or non-DOC facility,96 Horsley Mill Road,Carrollton,Carroll County,NA,NA
Georgia,NA,Georgia Department of Corrections,CARROLL COUNTY SHERIFFS OFFICE,hifld,SHERIFF'S OFFICE,NA,13,13045,OPEN,doc_excluded_local_jail,source type indicates local/federal jail or non-DOC facility,1000 NEWNAN ROAD,CARROLLTON,Carroll,33.5686653,-85.0463783
Georgia,NA,Georgia Department of Corrections,Catoosa CountyJail,jails_prisons,JAILS,Catoosa County Sheriffs Office,13,13047,1,doc_excluded_local_jail,source type indicates local/federal jail or non-DOC facility,5842 Highway 41,Ringgold,Catoosa County,NA,NA
Georgia,NA,Georgia Department of Corrections,CATOOSA COUNTY JAIL,hifld_prisons,COUNTY,NA,13,13047,OPEN,doc_excluded_local_jail,source type indicates local/federal jail or non-DOC facility,5842 US HWY 41,RINGGOLD,Catoosa,34.929276287209184,-85.13468088500741
Georgia,NA,Georgia Department of Corrections,CATOOSA COUNTY SHERIFFS OFFICE / CATOOSA COUNTY JAIL,hifld,SHERIFF'S OFFICE,NA,13,13047,OPEN,doc_excluded_local_jail,source type indicates local/federal jail or non-DOC facility,5842 UNITED STATES HIGHWAY 41,RINGGOLD,Catoosa,34.9292858,-85.1347707
Georgia,NA,Georgia Department of Corrections,CHAMBLEE CITY POLICE DEPARTMENT / CHAMBLEE CITY JAIL,hifld,LOCAL POLICE DEPARTMENT,NA,13,13089,OPEN,doc_excluded_local_jail,source type indicates local/federal jail or non-DOC facility,3518 BROAD STREET,CHAMBLEE,Dekalb,33.895001,-84.2992426
Georgia,NA,Georgia Department of Corrections,CHAMBLEE CITY JAIL,hifld_prisons,LOCAL,NA,13,13089,OPEN,doc_excluded_local_jail,source type indicates local/federal jail or non-DOC facility,3518 BROAD STREET,CHAMBLEE,Dekalb,33.8951169953313,-84.29927379843636
Georgia,NA,Georgia Department of Corrections,Charles B. Webster Detention Center,jails_prisons,JAILS,Richmond County Sheriffs Office,13,13245,1,doc_excluded_local_jail,source type indicates local/federal jail or non-DOC facility,1941 Phinizy Road,Augusta,Richmond County,NA,NA
Georgia,NA,Georgia Department of Corrections,CHARLES DURST DETENTION CENTER,hifld_prisons,COUNTY,NA,13,13279,OPEN,doc_excluded_local_jail,source type indicates local/federal jail or non-DOC facility,357 NORTHWEST BROAD STREET,LYONS,Toombs,32.202577061099774,-82.32997400784674
Georgia,NA,Georgia Department of Corrections,CHARLTON COUNTY JAIL,hifld_prisons,COUNTY,NA,13,13049,OPEN,doc_excluded_local_jail,source type indicates local/federal jail or non-DOC facility,100 SOUTH THIRD STREET,FOLKSTON,Charlton,30.832615069479488,-82.00419821007384
Georgia,NA,Georgia Department of Corrections,CHARLTON COUNTY SHERIFFS DEPARTMENT / CHARLTON COUNTY HOLDING FACILITY,hifld,SHERIFF'S OFFICE,NA,13,13049,OPEN,doc_excluded_local_jail,source type indicates local/federal jail or non-DOC facility,100 3RD STREET,FOLKSTON,Charlton,30.832543278,-82.004440706
Georgia,NA,Georgia Department of Corrections,Chatham County Adult Detention Center,jails_prisons,JAILS,Chatham County Sheriff Office,13,13051,1,doc_excluded_local_jail,source type indicates local/federal jail or non-DOC facility,1050 Carl Griffin Drive,Savannah,Chatham County,NA,NA
Georgia,NA,Georgia Department of Corrections,CHATHAM COUNTY JAIL,hifld_prisons,COUNTY,NA,13,13051,OPEN,doc_excluded_local_jail,source type indicates local/federal jail or non-DOC facility,1050 CARL GRIFFIN DR,SAVANNAH,Chatham,32.066488122772945,-81.16820619435445
Georgia,NA,Georgia Department of Corrections,CHATHAM COUNTY SHERIFFS DEPARTMENT / CHATHAM COUNTY JAIL,hifld,SHERIFF'S OFFICE,NA,13,13051,OPEN,doc_excluded_local_jail,source type indicates local/federal jail or non-DOC facility,1050 CARL GRIFFIN DRIVE,SAVANNAH,Chatham,32.0667401,-81.1679647
Georgia,NA,Georgia Department of Corrections,CHATTAHOOCHEE COUNTY JAIL,hifld_prisons,COUNTY,NA,13,13053,OPEN,doc_excluded_local_jail,source type indicates local/federal jail or non-DOC facility,379 BROAD ST.,CUSSETA,Chattahoochee,32.30642804577212,-84.77656738236729
Georgia,NA,Georgia Department of Corrections,CHATTAHOOCHEE COUNTY SHERIFFS DEPARTMENT / CHATTAHOOCHEE COUNTY JAIL,hifld,SHERIFF'S OFFICE,NA,13,13053,OPEN,doc_excluded_local_jail,source type indicates local/federal jail or non-DOC facility,379 BROAD STREET,CUSSETA,Chattahoochee,32.306456503,-84.776552229
Georgia,NA,Georgia Department of Corrections,Chattooga CountyJail,jails_prisons,JAILS,Chattooga County Sheriffs Office,13,13055,1,doc_excluded_local_jail,source type indicates local/federal jail or non-DOC facility,35 West Washington Street,Summerville,Chattooga County,NA,NA
Georgia,NA,Georgia Department of Corrections,CHATTOOGA COUNTY JAIL / SHERIFF,hifld_prisons,COUNTY,NA,13,13055,OPEN,doc_excluded_local_jail,source type indicates local/federal jail or non-DOC facility,35 W WASHINGTON ST,SUMMERVILLE,Chattooga,34.48061198099363,-85.34875718910405
Georgia,NA,Georgia Department of Corrections,CHATTOOGA COUNTY SHERIFFS DEPARTMENT / CHATTOOGA COUNTY JAIL,hifld,SHERIFF'S OFFICE,NA,13,13055,OPEN,doc_excluded_local_jail,source type indicates local/federal jail or non-DOC facility,35 WEST WASHINGTON STREET,SUMMERVILLE,Chattooga,34.4806442,-85.3485016
Georgia,NA,Georgia Department of Corrections,CHEROKEE COUNTY ADULT DETENTION CENTER,hifld_prisons,COUNTY,NA,13,13057,OPEN,doc_excluded_local_jail,source type indicates local/federal jail or non-DOC facility,498 CHATTIN DRIVE,CANTON,Cherokee,34.19503559497567,-84.49204597377737
Georgia,NA,Georgia Department of Corrections,Cherokee CountyJail,jails_prisons,JAILS,Cherokee County Sheriffs Office,13,13057,1,doc_excluded_local_jail,source type indicates local/federal jail or non-DOC facility,498 Chattin Drive,Canton,Cherokee County,NA,NA
Georgia,NA,Georgia Department of Corrections,CHEROKEE COUNTY SHERIFFS DEPARTMENT / CHEROKEE COUNTY JAIL,hifld,SHERIFF'S OFFICE,NA,13,13057,OPEN,doc_excluded_local_jail,source type indicates local/federal jail or non-DOC facility,498 CHATTIN DRIVE,CANTON,Cherokee,34.195133279,-84.49242479
Georgia,NA,Georgia Department of Corrections,CHEROKEE COUNTY SHERIFFS DEPARTMENT - FREEHOME PRECINCT,hifld,SHERIFF'S OFFICE,NA,13,13057,OPEN,doc_excluded_local_jail,source type indicates local/federal jail or non-DOC facility,2253 FREEHOME HIGHWAY,CANTON,Cherokee,34.236550111,-84.289243975
Georgia,NA,Georgia Department of Corrections,CHEROKEE COUNTY SHERIFFS OFFICE - TRAFFIC ENFORCEMENT UNIT,hifld,SHERIFF'S OFFICE,NA,13,13057,OPEN,doc_excluded_local_jail,source type indicates local/federal jail or non-DOC facility,1190 EVENFLO DRIVE,BALL GROUND,Cherokee,34.290677634,-84.42330342
Georgia,NA,Georgia Department of Corrections,CLARKE COUNTY CORRECTIONAL INSTITUTION,hifld_prisons,COUNTY,NA,13,13059,OPEN,doc_excluded_local_jail,source type indicates local/federal jail or non-DOC facility,2825 COUNTY FARM ROAD,ATHENS,Clarke,33.944722979153205,-83.33031430749342
Georgia,NA,Georgia Department of Corrections,CLARKE COUNTY JAIL,hifld_prisons,COUNTY,NA,13,13059,OPEN,doc_excluded_local_jail,source type indicates local/federal jail or non-DOC facility,3015 LEXINGTON ROAD,ATHENS,Clarke,33.94533719809096,-83.32813636846554
Georgia,NA,Georgia Department of Corrections,CLARKE COUNTY SHERIFFS OFFICE,hifld,SHERIFF'S OFFICE,NA,13,13059,OPEN,doc_excluded_local_jail,source type indicates local/federal jail or non-DOC facility,325 EAST WASHINGTON STREET,ATHENS,Clarke,33.9600973,-83.3746121
Georgia,NA,Georgia Department of Corrections,CLAXTON POLICE DEPARTMENT / CLAXTON CITY JAIL,hifld,LOCAL POLICE DEPARTMENT,NA,13,13109,OPEN,doc_excluded_local_jail,source type indicates local/federal jail or non-DOC facility,204 WEST RAILROAD AVENUE,CLAXTON,Evans,32.1606044,-81.9086973
Georgia,NA,Georgia Department of Corrections,CLAXTON CITY JAIL,hifld_prisons,LOCAL,NA,13,13109,OPEN,doc_excluded_local_jail,source type indicates local/federal jail or non-DOC facility,204 WEST RAILROAD AVENUE,CLAXTON,Evans,32.160556750913365,-81.90863399833583
Georgia,NA,Georgia Department of Corrections,CLAY COUNTY JAIL,hifld_prisons,COUNTY,NA,13,13061,OPEN,doc_excluded_local_jail,source type indicates local/federal jail or non-DOC facility,124 THOMAS STREET,FORT GAINES,Clay,31.604194816615234,-85.04857029246945
Georgia,NA,Georgia Department of Corrections,CLAY COUNTY SHERIFFS DEPARTMENT,hifld,SHERIFF'S OFFICE,NA,13,13061,OPEN,doc_excluded_local_jail,source type indicates local/federal jail or non-DOC facility,124 THOMAS STREET,FORT GAINES,Clay,31.604214586,-85.047881283
Georgia,NA,Georgia Department of Corrections,Clayton County Correctional Institution,jails_prisons,JAILS,Clayton County Correctional Institution,13,13063,1,doc_excluded_local_jail,source type indicates local/federal jail or non-DOC facility,11420 S.L.R. Boulevard,Lovejoy,Clayton County,NA,NA
Georgia,NA,Georgia Department of Corrections,CLAYTON COUNTY JAIL,hifld_prisons,COUNTY,NA,13,13063,OPEN,doc_excluded_local_jail,source type indicates local/federal jail or non-DOC facility,9157 TARA BOULEVARD,JONESBORO,Clayton,33.50521068095126,-84.35864244349496
Georgia,NA,Georgia Department of Corrections,CLAYTON COUNTY PRISON,hifld_prisons,COUNTY,NA,13,13063,OPEN,doc_excluded_local_jail,source type indicates local/federal jail or non-DOC facility,11420 SLR BLVD,LOVEJOY,Clayton,33.44312058883354,-84.30270743274686
Georgia,NA,Georgia Department of Corrections,CLAYTON COUNTY SHERIFFS DEPARTMENT / CLAYTON COUNTY JAIL,hifld,SHERIFF'S OFFICE,NA,13,13063,OPEN,doc_excluded_local_jail,source type indicates local/federal jail or non-DOC facility,9157 TARA BOULEVARD,JONESBORO,Clayton,33.506536534,-84.357551012
Georgia,NA,Georgia Department of Corrections,CLINCH COUNTY JAIL,hifld_prisons,COUNTY,NA,13,13065,OPEN,doc_excluded_local_jail,source type indicates local/federal jail or non-DOC facility,115 COURT SQUARE,HOMERVILLE,Clinch,31.03682120121467,-82.74879028832811
Georgia,NA,Georgia Department of Corrections,CLINCH COUNTY SHERIFFS DEPARTMENT,hifld,SHERIFF'S OFFICE,NA,13,13065,OPEN,doc_excluded_local_jail,source type indicates local/federal jail or non-DOC facility,115 COURT SQUARE,HOMERVILLE,Clinch,31.036804054,-82.74880386
Georgia,NA,Georgia Department of Corrections,COBB COUNTY DETENTION CENTER,hifld_prisons,COUNTY,NA,13,13067,OPEN,doc_excluded_local_jail,source type indicates local/federal jail or non-DOC facility,1825 COUNTY SERVICES PKWY,MARIETTA,Cobb,33.908117865534244,-84.57818436260008
Georgia,NA,Georgia Department of Corrections,COBB COUNTY SHERIFFS OFFICE,hifld,SHERIFF'S OFFICE,NA,13,13067,OPEN,doc_excluded_local_jail,source type indicates local/federal jail or non-DOC facility,185 ROSWELL STREET,MARIETTA,Cobb,33.9525038,-84.5477091
Georgia,NA,Georgia Department of Corrections,Cobb County Sheriffs Office Jail & Prison Unit,jails_prisons,JAILS,Cobb County Sheriffs Office,13,13067,1,doc_excluded_local_jail,source type indicates local/federal jail or non-DOC facility,"1825 County Services Parkway, SW",Marietta,Cobb County,NA,NA
Georgia,NA,Georgia Department of Corrections,COBB COUNTY DEPARTMENT OF PUBLIC SAFETY - TRAINING CENTER,hifld,PRIMARY STATE AGENCY,NA,13,13067,OPEN,doc_excluded_local_jail,source type indicates local/federal jail or non-DOC facility,2109 VALOR DRIVE,MARIETTA,Cobb,33.9035726,-84.5766317
Georgia,NA,Georgia Department of Corrections,COBB COUNTY WORK RELEASE CENTER,hifld_prisons,COUNTY,NA,13,13067,OPEN,doc_excluded_local_jail,source type indicates local/federal jail or non-DOC facility,1825 COUNTY SERVICES PKWY,MARIETTA,Cobb,33.90835313892268,-84.58087496528069
Georgia,NA,Georgia Department of Corrections,Coffee CountyJail,jails_prisons,JAILS,Coffee County Sheriffs Office,13,13069,1,doc_excluded_local_jail,source type indicates local/federal jail or non-DOC facility,825 Thompson Drive,Douglas,Coffee County,NA,NA
Georgia,NA,Georgia Department of Corrections,COFFEE COUNTY JAIL,hifld_prisons,COUNTY,NA,13,13069,OPEN,doc_excluded_local_jail,source type indicates local/federal jail or non-DOC facility,825 THOMPSON DRIVE,DOUGLAS,Coffee,31.50414949740459,-82.89201382644325
Georgia,NA,Georgia Department of Corrections,COFFEE COUNTY SHERIFFS DEPARTMENT / COFFEE COUNTY JAIL,hifld,SHERIFF'S OFFICE,NA,13,13069,OPEN,doc_excluded_local_jail,source type indicates local/federal jail or non-DOC facility,225 BRYAN STREET WEST,DOUGLAS,Coffee,31.5070027,-82.852153
Georgia,NA,Georgia Department of Corrections,COLLEGE CITY POLICE DEPARTMENT / COLLEGE PARK CITY JAIL,hifld,LOCAL POLICE DEPARTMENT,NA,13,13121,OPEN,doc_excluded_local_jail,source type indicates local/federal jail or non-DOC facility,3717 COLLEGE STREET,COLLEGE PARK,Fulton,33.6540556,-84.451747
Georgia,NA,Georgia Department of Corrections,COLLEGE PARK POLICE DEPARTMENT,hifld_prisons,LOCAL,NA,13,13121,OPEN,doc_excluded_local_jail,source type indicates local/federal jail or non-DOC facility,3717 COLLEGE STREET,COLLEGE PARK,Fulton,33.65399842454355,-84.45186343260275
Georgia,NA,Georgia Department of Corrections,COLQUITT COUNTY CORRECTIONAL INSTITUTION,hifld_prisons,COUNTY,NA,13,13071,OPEN,doc_excluded_local_jail,source type indicates local/federal jail or non-DOC facility,200 SOUTH VANDENBERG DRIVE,MOULTRIE,Colquitt,31.129730816487598,-83.70786593877544
Georgia,NA,Georgia Department of Corrections,COLQUITT COUNTY JAIL,hifld_prisons,COUNTY,NA,13,13071,OPEN,doc_excluded_local_jail,source type indicates local/federal jail or non-DOC facility,200 VETERANS PARKWAY NORTH,MOULTRIE,Colquitt,31.182051666513075,-83.76093094518066
Georgia,NA,Georgia Department of Corrections,Colquitt County Prison,jails_prisons,JAILS,Colquitt County Prison,13,13071,1,doc_excluded_local_jail,source type indicates local/federal jail or non-DOC facility,200 South Vandenberg Drive,Moultrie,Colquitt County,NA,NA
Georgia,NA,Georgia Department of Corrections,COLQUITT COUNTY SHERIFFS OFFICE / COLQUITT COUNTY JAIL,hifld,SHERIFF'S OFFICE,NA,13,13071,OPEN,doc_excluded_local_jail,source type indicates local/federal jail or non-DOC facility,200 VETERANS PARKWAY,MOULTRIE,Colquitt,31.182373,-83.7611606
Georgia,NA,Georgia Department of Corrections,Columbia County Detention Center,jails_prisons,JAILS,Columbia County Sheriffs Office,13,13073,1,doc_excluded_local_jail,source type indicates local/federal jail or non-DOC facility,2273 County Camp Road,Appling,Columbia County,NA,NA
Georgia,NA,Georgia Department of Corrections,COLUMBIA COUNTY JAIL,hifld_prisons,COUNTY,NA,13,13073,OPEN,doc_excluded_local_jail,source type indicates local/federal jail or non-DOC facility,2273 COUNTY CAMP ROAD,APPLING,Columbia,33.53567223406905,-82.30715235228278
Georgia,NA,Georgia Department of Corrections,COLUMBIA COUNTY SCHOOLS PUBLIC SAFETY,hifld,SPECIAL JURISDICTION,NA,13,13073,OPEN,doc_excluded_local_jail,source type indicates local/federal jail or non-DOC facility,533 BLUE RIDGE DRIVE,EVANS,Columbia,33.537722,-82.101047
Georgia,NA,Georgia Department of Corrections,COLUMBIA COUNTY SHERIFFS DEPARTMENT / COLUMBIA COUNTY JAIL,hifld,SHERIFF'S OFFICE,NA,13,13073,OPEN,doc_excluded_local_jail,source type indicates local/federal jail or non-DOC facility,2273 COUNTY CAMP ROAD,APPLING,Columbia,33.5356122,-82.3075049
Georgia,NA,Georgia Department of Corrections,COLUMBIA COUNTY SHERIFFS OFFICE - SUBSTATION,hifld,SHERIFF'S OFFICE,NA,13,13073,OPEN,doc_excluded_local_jail,source type indicates local/federal jail or non-DOC facility,650 RONALD REAGAN DRIVE,EVANS,Columbia,33.5452269,-82.1310783
Georgia,NA,Georgia Department of Corrections,Cook CountyJail,jails_prisons,JAILS,Cook County Sheriffs Office,13,13075,1,doc_excluded_local_jail,source type indicates local/federal jail or non-DOC facility,1000 County Farm Road,Adel,Cook County,NA,NA
Georgia,NA,Georgia Department of Corrections,COOK COUNTY JAIL / SHERIFF,hifld_prisons,COUNTY,NA,13,13075,OPEN,doc_excluded_local_jail,source type indicates local/federal jail or non-DOC facility,1000 COUNTY FARM ROAD,ADEL,Cook,31.1253211808427,-83.43802066365987
Georgia,NA,Georgia Department of Corrections,COOK COUNTY SHERIFFS DEPARTMENT / COOK COUNTY JAIL,hifld,SHERIFF'S OFFICE,NA,13,13075,OPEN,doc_excluded_local_jail,source type indicates local/federal jail or non-DOC facility,1000 COUNTY FARM ROAD,ADEL,Cook,31.1250772,-83.4380066
Georgia,NA,Georgia Department of Corrections,Coweta County Jail,jails_prisons,JAILS,Coweta County Sheriffs Office,13,13077,2,doc_excluded_local_jail,source type indicates local/federal jail or non-DOC facility,560 Greison Trail,Newnan,Coweta County,NA,NA
Georgia,NA,Georgia Department of Corrections,COWETA COUNTY JAIL / SHERIFF,hifld_prisons,COUNTY,NA,13,13077,OPEN,doc_excluded_local_jail,source type indicates local/federal jail or non-DOC facility,560 GREISON TRAIL,NEWNAN,Coweta,33.38167980459461,-84.7834129925895
Georgia,NA,Georgia Department of Corrections,COWETA COUNTY PRISON,hifld_prisons,COUNTY,NA,13,13077,OPEN,doc_excluded_local_jail,source type indicates local/federal jail or non-DOC facility,101 SELT ROAD,NEWNAN,Coweta,33.39536116795333,-84.82112949462508
Georgia,NA,Georgia Department of Corrections,COWETA COUNTY SHERIFFS OFFICE / COWETA COUNTY JAIL,hifld,SHERIFF'S OFFICE,NA,13,13077,OPEN,doc_excluded_local_jail,source type indicates local/federal jail or non-DOC facility,560 GREISON TRAIL,NEWNAN,Coweta,33.3818646,-84.7834085
Georgia,NA,Georgia Department of Corrections,COWETA COUNTY SHERIFFS OFFICE - EAST PRECINCT,hifld,SHERIFF'S OFFICE,NA,13,13077,OPEN,doc_excluded_local_jail,source type indicates local/federal jail or non-DOC facility,55 LITERARY LANE,NEWNAN,Coweta,33.385919993,-84.67128441
Georgia,NA,Georgia Department of Corrections,Crawford CountyJail,jails_prisons,JAILS,Crawford County Sheriffs Office,13,13079,1,doc_excluded_local_jail,source type indicates local/federal jail or non-DOC facility,21 Hortman Mill Road,Knoxville,Crawford County,NA,NA
Georgia,NA,Georgia Department of Corrections,CRAWFORD COUNTY JAIL / SHERIFF,hifld_prisons,COUNTY,NA,13,13079,OPEN,doc_excluded_local_jail,source type indicates local/federal jail or non-DOC facility,21 HORTMAN MILL ROAD,KNOXVILLE,Crawford,32.72332946541163,-83.99757398412406
Georgia,NA,Georgia Department of Corrections,CRAWFORD COUNTY SHERIFFS DEPARTMENT / CRAWFORD COUNTY JAIL,hifld,SHERIFF'S OFFICE,NA,13,13079,OPEN,doc_excluded_local_jail,source type indicates local/federal jail or non-DOC facility,21 HORTMAN MILL ROAD,KNOXVILLE,Crawford,32.723329098,-83.99759666
Georgia,NA,Georgia Department of Corrections,Crisp CountyJail,jails_prisons,JAILS,Crisp County Sheriffs Office,13,13081,1,doc_excluded_local_jail,source type indicates local/federal jail or non-DOC facility,196 GA Highway 300 South,Cordele,Crisp County,NA,NA
Georgia,NA,Georgia Department of Corrections,CRISP COUNTY DETENTION CENTER,hifld_prisons,COUNTY,NA,13,13081,OPEN,doc_excluded_local_jail,source type indicates local/federal jail or non-DOC facility,196 GA HWY 300 SOUTH,CORDELE,Crisp,31.924874923809757,-83.77821490534812
Georgia,NA,Georgia Department of Corrections,CRISP COUNTY SHERIFFS DEPARTMENT / CRISP COUNTY JAIL,hifld,SHERIFF'S OFFICE,NA,13,13081,OPEN,doc_excluded_local_jail,source type indicates local/federal jail or non-DOC facility,197 STATE HIGHWAY 300 SOUTH,CORDELE,Crisp,31.9247599,-83.7783298
Georgia,NA,Georgia Department of Corrections,CUMMING POLICE DEPARTMENT / CUMMING CITY JAIL,hifld,LOCAL POLICE DEPARTMENT,NA,13,13117,OPEN,doc_excluded_local_jail,source type indicates local/federal jail or non-DOC facility,301 VETERANS MEMORIAL BOULEVARD,CUMMING,Forsyth,34.2033598,-84.1405434
Georgia,NA,Georgia Department of Corrections,CUMMING CITY JAIL,hifld_prisons,LOCAL,NA,13,13117,OPEN,doc_excluded_local_jail,source type indicates local/federal jail or non-DOC facility,301 VETERANS MEMORIAL BLVD.,CUMMING,Forsyth,34.203356893308396,-84.14061082947151
Georgia,NA,Georgia Department of Corrections,Cuthbert City Jail,jails_prisons,JAILS,Cuthbert Police Department,13,13243,1,doc_excluded_local_jail,source type indicates local/federal jail or non-DOC facility,24 Court Street,Cuthbert,Randolph County,NA,NA
Georgia,NA,Georgia Department of Corrections,Dade CountyJail,jails_prisons,JAILS,Dade County Sheriffs Office,13,13083,1,doc_excluded_local_jail,source type indicates local/federal jail or non-DOC facility,75 Case Avenue,Trenton,Dade County,NA,NA
Georgia,NA,Georgia Department of Corrections,DADE COUNTY JAIL,hifld_prisons,COUNTY,NA,13,13083,OPEN,doc_excluded_local_jail,source type indicates local/federal jail or non-DOC facility,75 CASE AVE.,TRENTON,Dade,34.8726789514122,-85.51053517103574
Georgia,NA,Georgia Department of Corrections,DADE COUNTY SHERIFFS OFFICE / DADE COUNTY JAIL,hifld,SHERIFF'S OFFICE,NA,13,13083,OPEN,doc_excluded_local_jail,source type indicates local/federal jail or non-DOC facility,75 CASE AVENUE,TRENTON,Dade,34.8726794,-85.5104861
Georgia,NA,Georgia Department of Corrections,Dawson CountyJail,jails_prisons,JAILS,Dawson County Sheriffs Office,13,13085,1,doc_excluded_local_jail,source type indicates local/federal jail or non-DOC facility,19 Tucker Avenue,Dawsonville,Dawson County,NA,NA
Georgia,NA,Georgia Department of Corrections,DAWSON COUNTY DETENTION CENTER,hifld_prisons,COUNTY,NA,13,13085,OPEN,doc_excluded_local_jail,source type indicates local/federal jail or non-DOC facility,19 TUCKER AVE,DAWSONVILLE,Dawson,34.422546135356775,-84.1200206670089
Georgia,NA,Georgia Department of Corrections,DAWSON COUNTY SHERIFFS OFFICE / DAWSON COUNTY JAIL,hifld,SHERIFF'S OFFICE,NA,13,13085,OPEN,doc_excluded_local_jail,source type indicates local/federal jail or non-DOC facility,19 TUCKER AVENUE,DAWSONVILLE,Dawson,34.422329023,-84.119927426
Georgia,NA,Georgia Department of Corrections,DECATUR COUNTY CORRECTIONAL INSTITUTION,hifld_prisons,COUNTY,NA,13,13087,OPEN,doc_excluded_local_jail,source type indicates local/federal jail or non-DOC facility,1153 AIRPORT ROAD,BAINBRIDGE,Decatur,30.907751784404454,-84.60333236906796
Georgia,NA,Georgia Department of Corrections,Decatur CountyJail,jails_prisons,JAILS,Decatur County Sheriffs Office,13,13087,1,doc_excluded_local_jail,source type indicates local/federal jail or non-DOC facility,912 Spring Creek Road,Bainbridge,Decatur County,NA,NA
Georgia,NA,Georgia Department of Corrections,DECATUR COUNTY JAIL,hifld_prisons,COUNTY,NA,13,13087,OPEN,doc_excluded_local_jail,source type indicates local/federal jail or non-DOC facility,912 SPRING CREEK ROAD,BAINBRIDGE,Decatur,30.908147184104898,-84.6004395409738
Georgia,NA,Georgia Department of Corrections,Decatur County Prison,jails_prisons,JAILS,Decatur County Prison,13,13087,1,doc_excluded_local_jail,source type indicates local/federal jail or non-DOC facility,1153 Airport Road,Bainbridge,Decatur County,NA,NA
Georgia,NA,Georgia Department of Corrections,DECATUR COUNTY SHERIFFS DEPARTMENT / DECATUR COUNTY JAIL,hifld,SHERIFF'S OFFICE,NA,13,13087,OPEN,doc_excluded_local_jail,source type indicates local/federal jail or non-DOC facility,912 SPRING CREEK ROAD,BAINBRIDGE,Decatur,30.9077502,-84.6008893
Georgia,NA,Georgia Department of Corrections,DEKALB COUNTY JAIL,hifld_prisons,COUNTY,NA,13,13089,OPEN,doc_excluded_local_jail,source type indicates local/federal jail or non-DOC facility,4425 MEMORIAL DRIVE,DECATUR,Dekalb,33.775659366773226,-84.24443183362256
Georgia,NA,Georgia Department of Corrections,DEKALB COUNTY SCHOOLS DEPT. OF PUBLIC SAFETY,hifld,SPECIAL JURISDICTION,NA,13,13089,OPEN,doc_excluded_local_jail,source type indicates local/federal jail or non-DOC facility,5861 MEMORIAL DRIVE,STONE MOUNTAIN,Dekalb,33.798516819,-84.197753056
Georgia,NA,Georgia Department of Corrections,DEKALB COUNTY SHERIFFS OFFICE / DEKALB COUNTY JAIL,hifld,SHERIFF'S OFFICE,NA,13,13089,OPEN,doc_excluded_local_jail,source type indicates local/federal jail or non-DOC facility,4415 MEMORIAL DRIVE,DECATUR,Dekalb,33.7757445,-84.2445268
Georgia,NA,Georgia Department of Corrections,DODGE COUNTY JAIL,hifld_prisons,COUNTY,NA,13,13091,OPEN,doc_excluded_local_jail,source type indicates local/federal jail or non-DOC facility,85 INDUSTRIAL BLVD,EASTMAN,Dodge,32.18105596644302,-83.15966678611596
Georgia,NA,Georgia Department of Corrections,Dodge County Law Enforcement Center,jails_prisons,JAILS,Dodge County Sheriffs Office,13,13091,1,doc_excluded_local_jail,source type indicates local/federal jail or non-DOC facility,85 Industrial Boulevard,Eastman,Dodge County,NA,NA
Georgia,NA,Georgia Department of Corrections,DODGE COUNTY SHERIFFS DEPARTMENT / DODGE COUNTY JAIL,hifld,SHERIFF'S OFFICE,NA,13,13091,OPEN,doc_excluded_local_jail,source type indicates local/federal jail or non-DOC facility,85 INDUSTRIAL BLVD,EASTMAN,Dodge,32.181151897,-83.159507183
Georgia,NA,Georgia Department of Corrections,DOOLY COUNTY JAIL,hifld_prisons,COUNTY,NA,13,13093,OPEN,doc_excluded_local_jail,source type indicates local/federal jail or non-DOC facility,576 PINEHURST HAWKINSVILLE ROAD,PINEHURST,Dooly,32.19230959667214,-83.75357678991001
Georgia,NA,Georgia Department of Corrections,Dooly County Justice Center,jails_prisons,JAILS,Dooly County Office of the Sheriff,13,13093,1,doc_excluded_local_jail,source type indicates local/federal jail or non-DOC facility,576 Pinehurst/Hawkinsville Road,Pinehurst,Dooly County,NA,NA
Georgia,NA,Georgia Department of Corrections,DOOLY COUNTY SHERIFFS OFFICE / DOOLY COUNTY JAIL,hifld,SHERIFF'S OFFICE,NA,13,13093,OPEN,doc_excluded_local_jail,source type indicates local/federal jail or non-DOC facility,576 PINEHURST HAWKINSVILLE ROAD,PINEHURST,Dooly,32.192608,-83.7534093
Georgia,NA,Georgia Department of Corrections,DORAVILLE CITY POLICE DEPARTMENT / DORAVILLE CITY JAIL,hifld,LOCAL POLICE DEPARTMENT,NA,13,13089,OPEN,doc_excluded_local_jail,source type indicates local/federal jail or non-DOC facility,3760 PARK AVENUE,DORAVILLE,Dekalb,33.9006856,-84.2791792
Georgia,NA,Georgia Department of Corrections,DORAVILLE CITY JAIL,hifld_prisons,LOCAL,NA,13,13089,OPEN,doc_excluded_local_jail,source type indicates local/federal jail or non-DOC facility,3750 PARK AVENUE,DORAVILLE,Dekalb,33.90057849073427,-84.27927927444586
Georgia,NA,Georgia Department of Corrections,Dougherty CountyJail,jails_prisons,JAILS,Dougherty County Sheriffs Office,13,13095,1,doc_excluded_local_jail,source type indicates local/federal jail or non-DOC facility,1302 Evelyn Avenue,Albany,Dougherty County,NA,NA
Georgia,NA,Georgia Department of Corrections,DOUGHERTY COUNTY JAIL,hifld_prisons,COUNTY,NA,13,13095,OPEN,doc_excluded_local_jail,source type indicates local/federal jail or non-DOC facility,1302 EVELYN AVE,ALBANY,Dougherty,31.593843840073582,-84.12133375794603
Georgia,NA,Georgia Department of Corrections,DOUGHERTY COUNTY SHERIFFS OFFICE,hifld,SHERIFF'S OFFICE,NA,13,13095,OPEN,doc_excluded_local_jail,source type indicates local/federal jail or non-DOC facility,225 PINE AVENUE,ALBANY,Dougherty,31.5790625,-84.1523574
Georgia,NA,Georgia Department of Corrections,DOUGLAS COUNTY JAIL,hifld_prisons,COUNTY,NA,13,13097,OPEN,doc_excluded_local_jail,source type indicates local/federal jail or non-DOC facility,8470 EARL D LEE BLVD,DOUGLASVILLE,Douglas,33.7468486961207,-84.7222545262369
Georgia,NA,Georgia Department of Corrections,DOUGLAS COUNTY SHERIFF / DOUGLAS COUNTY JAIL,hifld,SHERIFF'S OFFICE,NA,13,13097,OPEN,doc_excluded_local_jail,source type indicates local/federal jail or non-DOC facility,6840 WEST CHURCH STREET,DOUGLASVILLE,Douglas,33.7481517,-84.753248
Georgia,NA,Georgia Department of Corrections,DOUGLAS COUNTY SHERIFF - LITHIA PRECINCT,hifld,SHERIFF'S OFFICE,NA,13,13097,OPEN,doc_excluded_local_jail,source type indicates local/federal jail or non-DOC facility,1046 OAK RIDGE ROAD,AUSTELL,Douglas,33.7832332,-84.6084433
Georgia,NA,Georgia Department of Corrections,D RAY JAMES CORRECTIONAL FACILITY,hifld_prisons,FEDERAL,NA,13,13049,OPEN,doc_excluded_local_jail,source type indicates local/federal jail or non-DOC facility,3262 HIGHWAY 252,FOLKSTON,Charlton,30.873672250119167,-81.97910017883036
Georgia,NA,Georgia Department of Corrections,EARLY COUNTY DEPARTMENT OF PUBLIC SAFETY,hifld,SHERIFF'S OFFICE,NA,13,13099,OPEN,doc_excluded_local_jail,source type indicates local/federal jail or non-DOC facility,18610 EAST SOUTH BOULEVARD,BLAKELY,Early,31.3650434,-84.9266658
Georgia,NA,Georgia Department of Corrections,EARLY COUNTY JAIL,hifld_prisons,COUNTY,NA,13,13099,OPEN,doc_excluded_local_jail,source type indicates local/federal jail or non-DOC facility,18610 EAST SOUTH BOULEVARD,BLAKELY,Early,31.364811017864533,-84.92666415219684
Georgia,NA,Georgia Department of Corrections,EARLY COUNTY SHERIFF - COURTHOUSE LOCATION,hifld,SHERIFF'S OFFICE,NA,13,13099,OPEN,doc_excluded_local_jail,source type indicates local/federal jail or non-DOC facility,111 COURT SQUARE,BLAKELY,Early,31.377675937,-84.934015669
Georgia,NA,Georgia Department of Corrections,East Point City Jail,jails_prisons,JAILS,East Point Police Department,13,13121,1,doc_excluded_local_jail,source type indicates local/federal jail or non-DOC facility,2727 East Point Street,East Point,Fulton County,NA,NA
Georgia,NA,Georgia Department of Corrections,ECHOLS COUNTY SHERIFFS OFFICE,hifld,SHERIFF'S OFFICE,NA,13,13101,OPEN,doc_excluded_local_jail,source type indicates local/federal jail or non-DOC facility,109 GENERAL DELOACH ROAD,STATENVILLE,Echols,30.702978675,-83.027783503
Georgia,NA,Georgia Department of Corrections,EFFINGHAM COUNTY JAIL,hifld_prisons,COUNTY,NA,13,13103,OPEN,doc_excluded_local_jail,source type indicates local/federal jail or non-DOC facility,130 W 1ST STREET EXTENSION,SPRINGFIELD,Effingham,32.36520364556384,-81.31660427151786
Georgia,NA,Georgia Department of Corrections,EFFINGHAM COUNTY PRISON,hifld_prisons,COUNTY,NA,13,13103,OPEN,doc_excluded_local_jail,source type indicates local/federal jail or non-DOC facility,321 HIGHWAY 119 S,SPRINGFIELD,Effingham,32.365730447873624,-81.31727413065407
Georgia,NA,Georgia Department of Corrections,EFFINGHAM COUNTY SHERIFFS DEPARTMENT / EFFINGHAM COUNTY JAIL,hifld,SHERIFF'S OFFICE,NA,13,13103,OPEN,doc_excluded_local_jail,source type indicates local/federal jail or non-DOC facility,130 1ST STREET EXTENSION,SPRINGFIELD,Effingham,32.3646766,-81.316720900000007
Georgia,NA,Georgia Department of Corrections,EFFINGHAM COUNTY SHERIFFS DEPARTMENT SHAWNEE SUBSTATION,hifld,SHERIFF'S OFFICE,NA,13,13103,OPEN,doc_excluded_local_jail,source type indicates local/federal jail or non-DOC facility,4636 STATE HIGHWAY 21 NORTH,SPRINGFIELD,Effingham,32.452203001,-81.391889276
Georgia,NA,Georgia Department of Corrections,ELBERT COUNTY DETENTION,hifld_prisons,COUNTY,NA,13,13105,OPEN,doc_excluded_local_jail,source type indicates local/federal jail or non-DOC facility,26 WEST CHURCH STREET,ELBERTON,Elbert,34.11005296653656,-82.8696438668313
Georgia,NA,Georgia Department of Corrections,Elbert County Jail,jails_prisons,JAILS,Elbert County Sheriffs Office,13,13105,1,doc_excluded_local_jail,source type indicates local/federal jail or non-DOC facility,26 West Church Street,Elberton,Elbert County,NA,NA
Georgia,NA,Georgia Department of Corrections,ELBERT COUNTY SHERIFFS DEPARTMENT,hifld,SHERIFF'S OFFICE,NA,13,13105,OPEN,doc_excluded_local_jail,source type indicates local/federal jail or non-DOC facility,47 FOREST AVENUE,ELBERTON,Elbert,34.110896884,-82.871727036
Georgia,NA,Georgia Department of Corrections,EMANUEL COUNTY JAIL,hifld_prisons,COUNTY,NA,13,13107,OPEN,doc_excluded_local_jail,source type indicates local/federal jail or non-DOC facility,769 KITE ROAD,SWAINSBORO,Emanuel,32.61051970631237,-82.36731140480784
Georgia,NA,Georgia Department of Corrections,EMANUEL COUNTY SHERIFFS OFFICE,hifld,SHERIFF'S OFFICE,NA,13,13107,OPEN,doc_excluded_local_jail,source type indicates local/federal jail or non-DOC facility,125 SOUTH MAIN STREET,SWAINSBORO,Emanuel,32.596478821,-82.333044354
Georgia,NA,Georgia Department of Corrections,Evans County Jail,jails_prisons,JAILS,Evans County Sheriffs Office,13,13109,1,doc_excluded_local_jail,source type indicates local/federal jail or non-DOC facility,123 West Main Street,Claxton,Evans County,NA,NA
Georgia,NA,Georgia Department of Corrections,EVANS COUNTY SHERIFF DEPARTMENT,hifld,SHERIFF'S OFFICE,NA,13,13109,OPEN,doc_excluded_local_jail,source type indicates local/federal jail or non-DOC facility,123 WEST MAIN STREET,CLAXTON,Evans,32.1617748,-81.9075782
Georgia,NA,Georgia Department of Corrections,Fannin County Jail,jails_prisons,JAILS,Fannin County Sheriffs Office,13,13111,1,doc_excluded_local_jail,source type indicates local/federal jail or non-DOC facility,645 West First Street,Blue Ridge,Fannin County,NA,NA
Georgia,NA,Georgia Department of Corrections,FANNIN COUNTY JAIL / SHERIFF,hifld_prisons,COUNTY,NA,13,13111,OPEN,doc_excluded_local_jail,source type indicates local/federal jail or non-DOC facility,645 WEST 1ST STREET,BLUE RIDGE,Fannin,34.864534691681655,-84.32713863608079
Georgia,NA,Georgia Department of Corrections,FANNIN COUNTY SHERIFFS OFFICE / FANNIN COUNTY JAIL,hifld,SHERIFF'S OFFICE,NA,13,13111,OPEN,doc_excluded_local_jail,source type indicates local/federal jail or non-DOC facility,645 WEST 1ST STREET,BLUE RIDGE,Fannin,34.8645751,-84.3270508
Georgia,NA,Georgia Department of Corrections,FAYETTE COUNTY JAIL,hifld_prisons,COUNTY,NA,13,13113,OPEN,doc_excluded_local_jail,source type indicates local/federal jail or non-DOC facility,145 JOHNSON AVENUE,FAYETTEVILLE,Fayette,33.44393497391553,-84.45076902329528
Georgia,NA,Georgia Department of Corrections,FAYETTE COUNTY SHERIFFS OFFICE / FAYETTE COUNTY JAIL,hifld,SHERIFF'S OFFICE,NA,13,13113,OPEN,doc_excluded_local_jail,source type indicates local/federal jail or non-DOC facility,155 JOHNSON AVENUE,FAYETTEVILLE,Fayette,33.4440164,-84.4510695
Georgia,NA,Georgia Department of Corrections,FCI JESUP,hifld_prisons,FEDERAL,NA,13,13305,OPEN,doc_excluded_local_jail,source type indicates local/federal jail or non-DOC facility,2600 HIGHWAY 301 SOUTH,JESUP,Wayne,31.563885191413057,-81.90243442566548
Georgia,NA,Georgia Department of Corrections,FCI JESUP CAMP,hifld_prisons,FEDERAL,NA,13,13305,OPEN,doc_excluded_local_jail,source type indicates local/federal jail or non-DOC facility,2600 HIGHWAY 301 SOUTH,JESUP,Wayne,31.566232446535892,-81.89887825954746
Georgia,NA,Georgia Department of Corrections,FLOYD COUNTY JAIL,hifld,SHERIFF'S OFFICE,NA,13,13115,OPEN,doc_excluded_local_jail,source type indicates local/federal jail or non-DOC facility,2526 NEW CALHOUN HIGHWAY,ROME,Floyd,34.2801327,-85.1416914
Georgia,NA,Georgia Department of Corrections,FLOYD COUNTY PRISON,hifld_prisons,COUNTY,NA,13,13115,OPEN,doc_excluded_local_jail,source type indicates local/federal jail or non-DOC facility,329 BLACKS BLUFF ROAD,ROME,Floyd,34.21982692833182,-85.20013498567496
Georgia,NA,Georgia Department of Corrections,FLOYD COUNTY SHERIFFS OFFICE,hifld,SHERIFF'S OFFICE,NA,13,13115,OPEN,doc_excluded_local_jail,source type indicates local/federal jail or non-DOC facility,"3 GOVERNMENT PLAZA, SUITE 110",ROME,Floyd,34.2555191,-85.1719258
Georgia,NA,Georgia Department of Corrections,Floyd County Work Release Center,jails_prisons,JAILS,Floyd County Work Release Center,13,13115,1,doc_excluded_local_jail,source type indicates local/federal jail or non-DOC facility,324 Blacks Bluff Road,Rome,Floyd County,NA,NA
Georgia,NA,Georgia Department of Corrections,FOLKSTON ICE PROCESSING CENTER ANNEX,hifld_prisons,FEDERAL,NA,13,13049,OPEN,doc_excluded_local_jail,source type indicates local/federal jail or non-DOC facility,3224 HIGHWAY 252,FOLKSTON,Charlton,30.87631459807159,-81.97825913514237
Georgia,NA,Georgia Department of Corrections,FOLKSTON ICE PROCESSING CENTER MAIN,hifld_prisons,FEDERAL,NA,13,13049,OPEN,doc_excluded_local_jail,source type indicates local/federal jail or non-DOC facility,3026 HWY 252 E,FOLKSTON,Charlton,30.87127782308419,-81.98112047580993
Georgia,NA,Georgia Department of Corrections,FORSYTH COUNTY JAIL,hifld_prisons,COUNTY,NA,13,13117,OPEN,doc_excluded_local_jail,source type indicates local/federal jail or non-DOC facility,202 VETERANS MEMORIAL BLVD,CUMMING,Forsyth,34.2055864739528,-84.13862640094925
Georgia,NA,Georgia Department of Corrections,Franklin County Detention Center,jails_prisons,JAILS,Franklin County Sheriffs Office,13,13119,1,doc_excluded_local_jail,source type indicates local/federal jail or non-DOC facility,1 James Little Street,Carnesville,Franklin County,NA,NA
Georgia,NA,Georgia Department of Corrections,FRANKLIN COUNTY JAIL,hifld_prisons,COUNTY,NA,13,13119,OPEN,doc_excluded_local_jail,source type indicates local/federal jail or non-DOC facility,1 JAMES LITTLE STREET,CARNESVILLE,Franklin,34.36924173732847,-83.24220136015313
Georgia,NA,Georgia Department of Corrections,FRANKLIN COUNTY SHERIFFS DEPARTMENT / FRANKLIN COUNTY JAIL,hifld,SHERIFF'S OFFICE,NA,13,13119,OPEN,doc_excluded_local_jail,source type indicates local/federal jail or non-DOC facility,1 JAMES LITTLE STREET,CARNESVILLE,Franklin,34.369164,-83.2421501
Georgia,NA,Georgia Department of Corrections,FSL JESUP,hifld_prisons,FEDERAL,NA,13,13305,OPEN,doc_excluded_local_jail,source type indicates local/federal jail or non-DOC facility,2600 HIGHWAY 301 SOUTH,JESUP,Wayne,31.559969605618335,-81.90598398409334
Georgia,NA,Georgia Department of Corrections,FULTON COUNTY ANNEX JAIL,hifld,LOCAL POLICE DEPARTMENT,NA,13,13121,OPEN,doc_excluded_local_jail,source type indicates local/federal jail or non-DOC facility,"2565 OLD MILTON PARKWAY, ALPHARETTA PUBLIC SAFETY",ALPHARETTA,Fulton,34.068876279,-84.28471127
Georgia,NA,Georgia Department of Corrections,FULTON COUNTY JAIL,hifld_prisons,COUNTY,NA,13,13121,OPEN,doc_excluded_local_jail,source type indicates local/federal jail or non-DOC facility,901 RICE ST,ATLANTA,Fulton,33.77883105858521,-84.42343961405085
Georgia,NA,Georgia Department of Corrections,Fulton County Jail - Alpharetta Annex,jails_prisons,JAILS,Fulton County Sheriffs Office,13,13121,2,doc_excluded_local_jail,source type indicates local/federal jail or non-DOC facility,2565 Old Milton Parkway,Alpharetta,"Dekalb County, Fulton County",NA,NA
Georgia,NA,Georgia Department of Corrections,Fulton County Jail - Marietta Annex,jails_prisons,JAILS,Fulton County Sheriffs Office,13,13121,2,doc_excluded_local_jail,source type indicates local/federal jail or non-DOC facility,"901 Rice Street, NW",Atlanta,"Dekalb County, Fulton County",NA,NA
Georgia,NA,Georgia Department of Corrections,FULTON COUNTY NORTH ANNEX JAIL,hifld_prisons,COUNTY,NA,13,13121,OPEN,doc_excluded_local_jail,source type indicates local/federal jail or non-DOC facility,2565 OLD MILTON PKWY,ALPHARETTA,Fulton,34.06887231929169,-84.28469897423503
Georgia,NA,Georgia Department of Corrections,FULTON COUNTY SHERIFFS OFFICE,hifld,SHERIFF'S OFFICE,NA,13,13121,OPEN,doc_excluded_local_jail,source type indicates local/federal jail or non-DOC facility,185 CENTRAL AVENUE SOUTHWEST,ATLANTA,Fulton,33.750447778,-84.390752975
Georgia,NA,Georgia Department of Corrections,GILMER COUNTY DETENTION CENTER,hifld_prisons,COUNTY,NA,13,13123,OPEN,doc_excluded_local_jail,source type indicates local/federal jail or non-DOC facility,106 BRETT DICKEY MEMORIAL DRIVE,ELIJAY,Gilmer,34.658042729919956,-84.44547885258916
Georgia,NA,Georgia Department of Corrections,GILMER COUNTY SHERIFF,hifld,SHERIFF'S OFFICE,NA,13,13123,OPEN,doc_excluded_local_jail,source type indicates local/federal jail or non-DOC facility,1 BROAD STREET,ELLIJAY,Gilmer,34.695123232,-84.483314062
Georgia,NA,Georgia Department of Corrections,GLASCOCK COUNTY SHERIFFS OFFICE,hifld,SHERIFF'S OFFICE,NA,13,13125,OPEN,doc_excluded_local_jail,source type indicates local/federal jail or non-DOC facility,74 EAST MAIN STREET,GIBSON,Glascock,33.2331133,-82.5945967
Georgia,NA,Georgia Department of Corrections,GLYNN COUNTY DETENTION CENTER,hifld_prisons,COUNTY,NA,13,13127,OPEN,doc_excluded_local_jail,source type indicates local/federal jail or non-DOC facility,100 SULPHUR SPRINGS RD,BRUNSWICK,Glynn,31.190059968231093,-81.50563728909636
Georgia,NA,Georgia Department of Corrections,GORDON COUNTY JAIL,hifld_prisons,COUNTY,NA,13,13129,OPEN,doc_excluded_local_jail,source type indicates local/federal jail or non-DOC facility,2700 US 41 NORTH,CALHOUN,Gordon,34.57158658890664,-84.94170385691902
Georgia,NA,Georgia Department of Corrections,Gordon County Sheriffs Office,jails_prisons,JAILS,Gordon County Sheriffs Office,13,13129,1,doc_excluded_local_jail,source type indicates local/federal jail or non-DOC facility,2700 US Highway 41 North,Calhoun,Gordon County,NA,NA
Georgia,NA,Georgia Department of Corrections,GORDON COUNTY SHERIFFS DEPARTMENT / GORDON COUNTY JAIL,hifld,SHERIFF'S OFFICE,NA,13,13129,OPEN,doc_excluded_local_jail,source type indicates local/federal jail or non-DOC facility,101 PIEDMONT STREET,CALHOUN,Gordon,34.5023531,-84.9502142
Georgia,NA,Georgia Department of Corrections,GRADY DETENTION CENTER,hifld_prisons,LOCAL,NA,13,13121,OPEN,doc_excluded_local_jail,source type indicates local/federal jail or non-DOC facility,80 JESSE HILL JR DR SE,ATLANTA,Fulton,33.7517439174757,-84.38202478819504
Georgia,NA,Georgia Department of Corrections,GRADY COUNTY JAIL / SHERIFF,hifld_prisons,COUNTY,NA,13,13131,OPEN,doc_excluded_local_jail,source type indicates local/federal jail or non-DOC facility,115 16TH AVENUE NORTHEAST,CAIRO,Grady,30.895041532914572,-84.20275534104483
Georgia,NA,Georgia Department of Corrections,GRADY COUNTY SHERIFFS DEPARTMENT / GRADY COUNTY JAIL,hifld,SHERIFF'S OFFICE,NA,13,13131,OPEN,doc_excluded_local_jail,source type indicates local/federal jail or non-DOC facility,115 16TH AVENUE NORTHEAST,CAIRO,Grady,30.8953237,-84.2027939
Georgia,NA,Georgia Department of Corrections,GREENE COUNTY JAIL / SHERIFF,hifld_prisons,COUNTY,NA,13,13133,OPEN,doc_excluded_local_jail,source type indicates local/federal jail or non-DOC facility,1201 KEVIN ROBERTS WAY,GREENSBORO,Greene,33.56710975220951,-83.19148691253466
Georgia,NA,Georgia Department of Corrections,Greene County Law Enforcement Center,jails_prisons,JAILS,Greene County Sheriffs Office,13,13133,1,doc_excluded_local_jail,source type indicates local/federal jail or non-DOC facility,1201 Kevin Roberts Way,Greensboro,Greene County,NA,NA
Georgia,NA,Georgia Department of Corrections,GREENE COUNTY SHERIFFS OFFICE / GREENE COUNTY JAIL,hifld,SHERIFF'S OFFICE,NA,13,13133,OPEN,doc_excluded_local_jail,source type indicates local/federal jail or non-DOC facility,1201 INDUSTRIAL BOULEVARD,GREENSBORO,Greene,33.5671771,-83.191308
Georgia,NA,Georgia Department of Corrections,GROVETOWN DEPARTMENT OF PUBLIC SAFETY / GROVETOWN CITY JAIL,hifld,LOCAL POLICE DEPARTMENT,NA,13,13073,OPEN,doc_excluded_local_jail,source type indicates local/federal jail or non-DOC facility,306 EAST ROBINSON AVENUE,GROVETOWN,Columbia,33.4476652,-82.1911611
Georgia,NA,Georgia Department of Corrections,GROVETOWN CITY JAIL,hifld_prisons,LOCAL,NA,13,13073,OPEN,doc_excluded_local_jail,source type indicates local/federal jail or non-DOC facility,306 EAST ROBINSON AVENUE,GROVETOWN,Columbia,33.44772668025322,-82.19124574177926
Georgia,NA,Georgia Department of Corrections,GWINNETT COUNTY COMPREHENSIVE CORRECTIONAL COMPLEX,hifld_prisons,COUNTY,NA,13,13135,OPEN,doc_excluded_local_jail,source type indicates local/federal jail or non-DOC facility,750 HI HOPE ROAD,LAWRENCEVILLE,Gwinnett,33.98498580765553,-83.97477784313568
Georgia,NA,Georgia Department of Corrections,Gwinnett County Department of Correction - Comprehensive Correctional Complex,jails_prisons,JAILS,Gwinnett County Department of Correction,13,13135,2,doc_excluded_local_jail,source type indicates local/federal jail or non-DOC facility,750 Hi-Hope Road,Lawrenceville,Gwinnett County,NA,NA
Georgia,NA,Georgia Department of Corrections,GWINNETT COUNTY DETENTION CENTER,hifld_prisons,COUNTY,NA,13,13135,OPEN,doc_excluded_local_jail,source type indicates local/federal jail or non-DOC facility,2900 UNIVERSITY PARKWAY NE,LAWRENCEVILLE,Gwinnett,33.98282426909524,-83.97866943862364
Georgia,NA,Georgia Department of Corrections,Gwinnett County Jail,jails_prisons,JAILS,Gwinnett County Sheriffs Office,13,13135,1,doc_excluded_local_jail,source type indicates local/federal jail or non-DOC facility,2900 University Parkway,Lawrenceville,Gwinnett County,NA,NA
Georgia,NA,Georgia Department of Corrections,HABERSHAM COUNTY DETENTION CENTER,hifld_prisons,COUNTY,NA,13,13137,OPEN,doc_excluded_local_jail,source type indicates local/federal jail or non-DOC facility,1000 DETENTION DRIVE,CLARKESVILLE,Habersham,34.611152174117144,-83.53359718631363
Georgia,NA,Georgia Department of Corrections,Habersham County Jail,jails_prisons,JAILS,Habersham County Sheriffs Office,13,13137,1,doc_excluded_local_jail,source type indicates local/federal jail or non-DOC facility,1000 Detention Drive,Clarksville,Habersham County,NA,NA
Georgia,NA,Georgia Department of Corrections,HABERSHAM COUNTY SHERIFFS OFFICE / HABERSHAM COUNTY JAIL,hifld,SHERIFF'S OFFICE,NA,13,13137,OPEN,doc_excluded_local_jail,source type indicates local/federal jail or non-DOC facility,1000 DETENTION DRIVE,CLARKESVILLE,Habersham,34.6111549,-83.5336409
Georgia,NA,Georgia Department of Corrections,HALL COUNTY CORRECTIONAL INSTITUTION,hifld_prisons,COUNTY,NA,13,13139,OPEN,doc_excluded_local_jail,source type indicates local/federal jail or non-DOC facility,1694 BARBER ROAD,GAINESVILLE,Hall,34.239783745271126,-83.8137194994791
Georgia,NA,Georgia Department of Corrections,HALL COUNTY JAIL,hifld_prisons,COUNTY,NA,13,13139,OPEN,doc_excluded_local_jail,source type indicates local/federal jail or non-DOC facility,1700 BARBER ROAD,GAINESVILLE,Hall,34.23821239348334,-83.81255408931969
Georgia,NA,Georgia Department of Corrections,HALL COUNTY SHERIFFS OFFICE,hifld,SHERIFF'S OFFICE,NA,13,13139,OPEN,doc_excluded_local_jail,source type indicates local/federal jail or non-DOC facility,610 MAIN STREET,GAINESVILLE,Hall,34.2950358,-83.8250711
Georgia,NA,Georgia Department of Corrections,HANCOCK COUNTY JAIL,hifld_prisons,COUNTY,NA,13,13141,OPEN,doc_excluded_local_jail,source type indicates local/federal jail or non-DOC facility,67 SPRING STREET,SPARTA,Hancock,33.27950265676093,-82.97528580501566
Georgia,NA,Georgia Department of Corrections,HANCOCK COUNTY SHERIFFS DEPARTMENT / HANCOCK COUNTY JAIL,hifld,SHERIFF'S OFFICE,NA,13,13141,OPEN,doc_excluded_local_jail,source type indicates local/federal jail or non-DOC facility,67 SPRING STREET,SPARTA,Hancock,33.2795331,-82.9755007
Georgia,NA,Georgia Department of Corrections,HARALSON COUNTY DETENTION FACILITY,hifld_prisons,COUNTY,NA,13,13143,OPEN,doc_excluded_local_jail,source type indicates local/federal jail or non-DOC facility,224 HOLLY ST,BUCHANAN,Haralson,33.80167338174903,-85.18028274894164
Georgia,NA,Georgia Department of Corrections,Haralson County Jail,jails_prisons,JAILS,Haralson County Sheriffs Office,13,13143,1,doc_excluded_local_jail,source type indicates local/federal jail or non-DOC facility,224 Holly Street,Buchanan,Haralson County,NA,NA
Georgia,NA,Georgia Department of Corrections,HARALSON COUNTY SHERIFF'S OFFICE,hifld_prisons,COUNTY,NA,13,13143,OPEN,doc_excluded_local_jail,source type indicates local/federal jail or non-DOC facility,137 HAYES-GLASS DR,BREMEN,Haralson,33.71648738373869,-85.16591919113569
Georgia,NA,Georgia Department of Corrections,HARALSON COUNTY SHERIFFS OFFICE / HARALSON COUNTY JAIL,hifld,SHERIFF'S OFFICE,NA,13,13143,OPEN,doc_excluded_local_jail,source type indicates local/federal jail or non-DOC facility,224 HOLLY STREET,BUCHANAN,Haralson,33.801801478,-85.1804401
Georgia,NA,Georgia Department of Corrections,HARLEM DEPARTMENT OF PUBLIC SAFETY / JAIL,hifld_prisons,LOCAL,NA,13,13073,OPEN,doc_excluded_local_jail,source type indicates local/federal jail or non-DOC facility,180 NORTH LOUISVILLE STREET,HARLEM,Columbia,33.41494097198502,-82.31302761787937
Georgia,NA,Georgia Department of Corrections,HARRIS COUNTY CORRECTIONAL INSTITUTION,hifld_prisons,COUNTY,NA,13,13145,OPEN,doc_excluded_local_jail,source type indicates local/federal jail or non-DOC facility,9982 HIGHWAY 116,HAMILTON,Harris,32.764472674191296,-84.86400694384164
Georgia,NA,Georgia Department of Corrections,Harris County Jail,jails_prisons,JAILS,Harris County Sheriffs Office,13,13145,1,doc_excluded_local_jail,source type indicates local/federal jail or non-DOC facility,9825 GA Highway 116,Hamilton,Harris County,NA,NA
Georgia,NA,Georgia Department of Corrections,HARRIS COUNTY JAIL / SHERIFF,hifld_prisons,COUNTY,NA,13,13145,OPEN,doc_excluded_local_jail,source type indicates local/federal jail or non-DOC facility,9825 STATE HIGHWAY 116,HAMILTON,Harris,32.76448168002329,-84.8662240227807
Georgia,NA,Georgia Department of Corrections,Harris County Prison,jails_prisons,JAILS,Harris County Prison,13,13145,1,doc_excluded_local_jail,source type indicates local/federal jail or non-DOC facility,9982 Highway 116,Hamilton,Harris County,NA,NA
Georgia,NA,Georgia Department of Corrections,HARRIS COUNTY SHERIFFS OFFICE / HARRIS COUNTY JAIL,hifld,SHERIFF'S OFFICE,NA,13,13145,OPEN,doc_excluded_local_jail,source type indicates local/federal jail or non-DOC facility,9825 STATE HIGHWAY 116,HAMILTON,Harris,32.7643635,-84.8662342
Georgia,NA,Georgia Department of Corrections,HART COUNTY JAIL,hifld_prisons,COUNTY,NA,13,13147,OPEN,doc_excluded_local_jail,source type indicates local/federal jail or non-DOC facility,115 NORTH CAROLINA STREET,HARTWELL,Hart,34.35524036889051,-82.93326370596257
Georgia,NA,Georgia Department of Corrections,HART COUNTY SHERIFFS OFFICE / HART COUNTY JAIL,hifld,SHERIFF'S OFFICE,NA,13,13147,OPEN,doc_excluded_local_jail,source type indicates local/federal jail or non-DOC facility,155 NORTH CAROLINA STREET,HARTWELL,Hart,34.355238168,-82.933260706
Georgia,NA,Georgia Department of Corrections,HARTWELL POLICE DEPARTMENT / HARTWELL CITY JAIL,hifld,LOCAL POLICE DEPARTMENT,NA,13,13147,OPEN,doc_excluded_local_jail,source type indicates local/federal jail or non-DOC facility,500 EAST HOWELL STREET,HARTWELL,Hart,34.3516539,-82.9304187
Georgia,NA,Georgia Department of Corrections,HARTWELL CITY JAIL,hifld_prisons,LOCAL,NA,13,13147,OPEN,doc_excluded_local_jail,source type indicates local/federal jail or non-DOC facility,500 EAST HOWELL STREET,HARTWELL,Hart,34.35177356136324,-82.93019956882921
Georgia,NA,Georgia Department of Corrections,Heard County Jail,jails_prisons,JAILS,Heard County Sheriffs Department,13,13149,1,doc_excluded_local_jail,source type indicates local/federal jail or non-DOC facility,11820 Highway 100,Franklin,Heard County,NA,NA
Georgia,NA,Georgia Department of Corrections,HEARD COUNTY JAIL / SHERIFF,hifld_prisons,COUNTY,NA,13,13149,OPEN,doc_excluded_local_jail,source type indicates local/federal jail or non-DOC facility,11820 HIGHWAY 100 NORTH,FRANKLIN,Heard,33.29227593701719,-85.11677762291532
Georgia,NA,Georgia Department of Corrections,HEARD COUNTY SHERIFFS OFFICE / HEARD COUNTY JAIL,hifld,SHERIFF'S OFFICE,NA,13,13149,OPEN,doc_excluded_local_jail,source type indicates local/federal jail or non-DOC facility,11820 STATE HIGHWAY 100 NORTH,FRANKLIN,Heard,33.292202263,-85.116790477
Georgia,NA,Georgia Department of Corrections,HENRY COUNTY JAIL,hifld_prisons,COUNTY,NA,13,13151,OPEN,doc_excluded_local_jail,source type indicates local/federal jail or non-DOC facility,120 HENRY PARKWAY,MCDONOUGH,Henry,33.42304595357123,-84.16840246675245
Georgia,NA,Georgia Department of Corrections,HENRY COUNTY JAIL ANNEX,hifld_prisons,COUNTY,NA,13,13151,OPEN,doc_excluded_local_jail,source type indicates local/federal jail or non-DOC facility,505 HAMPTON ROAD,MCDONOUGH,Henry,33.434728352124466,-84.16201514380762
Georgia,NA,Georgia Department of Corrections,HENRY COUNTY SHERIFFS DEPARTMENT / HENRY COUNTY JAIL,hifld,SHERIFF'S OFFICE,NA,13,13151,OPEN,doc_excluded_local_jail,source type indicates local/federal jail or non-DOC facility,120 HENRY PARKWAY,MCDONOUGH,Henry,33.4226456,-84.1689484
Georgia,NA,Georgia Department of Corrections,HOUSTON COUNTY DETENTION CENTER,hifld_prisons,COUNTY,NA,13,13153,OPEN,doc_excluded_local_jail,source type indicates local/federal jail or non-DOC facility,203 PERRY PARKWAY,WARNER ROBINS,Houston,32.46789411433063,-83.70274981211318
Georgia,NA,Georgia Department of Corrections,Houston County Jail,jails_prisons,JAILS,Houston County Sheriffs Office,13,13153,1,doc_excluded_local_jail,source type indicates local/federal jail or non-DOC facility,203 N Perry Parkway,Perry,"Houston County, Peach County",NA,NA
Georgia,NA,Georgia Department of Corrections,HOUSTON COUNTY SHERIFFS OFFICE,hifld,SHERIFF'S OFFICE,NA,13,13153,OPEN,doc_excluded_local_jail,source type indicates local/federal jail or non-DOC facility,202 CARL VINSON PARKWAY,WARNER ROBINS,Houston,32.596874762,-83.663213962
Georgia,NA,Georgia Department of Corrections,IRWIN COUNTY DETENTION CENTER,hifld_prisons,COUNTY,NA,13,13155,OPEN,doc_excluded_local_jail,source type indicates local/federal jail or non-DOC facility,132 COTTON DRIVE,OCILLA,Irwin,31.58032287993522,-83.25538756928559
Georgia,NA,Georgia Department of Corrections,IRWIN COUNTY SHERIFFS DEPARTMENT,hifld,SHERIFF'S OFFICE,NA,13,13155,OPEN,doc_excluded_local_jail,source type indicates local/federal jail or non-DOC facility,400 SOUTH IRWIN AVENUE,OCILLA,Irwin,31.590995555,-83.250222675
Georgia,NA,Georgia Department of Corrections,JACKSON COUNTY CORRECTIONAL INSTITUTION,hifld_prisons,COUNTY,NA,13,13157,OPEN,doc_excluded_local_jail,source type indicates local/federal jail or non-DOC facility,265 I.W. DAVIS ROAD,JEFFERSON,Jackson,34.15197171572828,-83.5573144692522
Georgia,NA,Georgia Department of Corrections,Jackson County Detention Center,jails_prisons,JAILS,Jackson County Sheriffs Office,13,13157,1,doc_excluded_local_jail,source type indicates local/federal jail or non-DOC facility,555 Stan Evans Drive,Jefferson,Jackson County,NA,NA
Georgia,NA,Georgia Department of Corrections,JACKSON COUNTY JAIL / SHERIFF,hifld_prisons,COUNTY,NA,13,13157,OPEN,doc_excluded_local_jail,source type indicates local/federal jail or non-DOC facility,555 STAN EVANS DR,JEFFERSON,Jackson,34.14162087589451,-83.55870802634242
Georgia,NA,Georgia Department of Corrections,JACKSON COUNTY SHERIFFS OFFICE / JACKSON COUNTY JAIL,hifld,SHERIFF'S OFFICE,NA,13,13157,OPEN,doc_excluded_local_jail,source type indicates local/federal jail or non-DOC facility,268 CURTIS H SPENCE DRIVE,JEFFERSON,Jackson,34.1445575,-83.55558908
Georgia,NA,Georgia Department of Corrections,JASPER COUNTY JAIL,hifld_prisons,COUNTY,NA,13,13159,OPEN,doc_excluded_local_jail,source type indicates local/federal jail or non-DOC facility,1551 STATE HIGHWAY 212 WEST,MONTICELLO,Jasper,33.31757191699519,-83.71666908831988
Georgia,NA,Georgia Department of Corrections,JASPER COUNTY SHERIFFS OFFICE / JASPER COUNTY JAIL,hifld,SHERIFF'S OFFICE,NA,13,13159,OPEN,doc_excluded_local_jail,source type indicates local/federal jail or non-DOC facility,1551 STATE HIGHWAY 212 WEST,MONTICELLO,Jasper,33.3177878,-83.716752
Georgia,NA,Georgia Department of Corrections,JEFF DAVIS COUNTY DETENTION CENTER,hifld_prisons,COUNTY,NA,13,13161,OPEN,doc_excluded_local_jail,source type indicates local/federal jail or non-DOC facility,4 SOUTH WILLIAM STREET,HAZLEHURST,Jeff Davis,31.867445884801864,-82.59928498053952
Georgia,NA,Georgia Department of Corrections,Jeff Davis County Jail,jails_prisons,JAILS,Jeff Davis County Sheriffs Office,13,13161,1,doc_excluded_local_jail,source type indicates local/federal jail or non-DOC facility,4 South Williams Street,Hazlehurst,Jeff Davis County,NA,NA
Georgia,NA,Georgia Department of Corrections,JEFF DAVIS COUNTY SHERIFFS OFFICE,hifld,SHERIFF'S OFFICE,NA,13,13161,OPEN,doc_excluded_local_jail,source type indicates local/federal jail or non-DOC facility,15 PUBLIC SAFETY DRIVE,HAZLEHURST,Jeff Davis,31.8620914,-82.5997798
Georgia,NA,Georgia Department of Corrections,JEFFERSON COUNTY CORRECTIONAL INSTITUTION,hifld_prisons,COUNTY,NA,13,13163,OPEN,doc_excluded_local_jail,source type indicates local/federal jail or non-DOC facility,1159 CLARKS MILL ROAD,LOUISVILLE,Jefferson,33.021098346462324,-82.40712913713445
Georgia,NA,Georgia Department of Corrections,JEFFERSON COUNTY JAIL,hifld_prisons,COUNTY,NA,13,13163,OPEN,doc_excluded_local_jail,source type indicates local/federal jail or non-DOC facility,911 CLARKS MILL ROAD,LOUISVILLE,Jefferson,33.019818480026096,-82.40644006851377
Georgia,NA,Georgia Department of Corrections,Jefferson County Prison,jails_prisons,JAILS,Jefferson County Prison,13,13163,1,doc_excluded_local_jail,source type indicates local/federal jail or non-DOC facility,1159 Clarks Mill Road,Louisville,Jefferson County,NA,NA
Georgia,NA,Georgia Department of Corrections,JEFFERSON COUNTY SHERIFFS OFFICE / JEFFERSON COUNTY JAIL,hifld,SHERIFF'S OFFICE,NA,13,13163,OPEN,doc_excluded_local_jail,source type indicates local/federal jail or non-DOC facility,911 CLARKS MILL ROAD,LOUISVILLE,Jefferson,33.0198192,-82.4060401
Georgia,NA,Georgia Department of Corrections,JENKINS COUNTY JAIL,hifld_prisons,COUNTY,NA,13,13165,OPEN,doc_excluded_local_jail,source type indicates local/federal jail or non-DOC facility,112 SOUTH MASONIC AVENUE,MILLEN,Jenkins,32.80157967796993,-81.9365947291624
Georgia,NA,Georgia Department of Corrections,JENKINS COUNTY SHERIFFS DEPARTMENT / JENKINS COUNTY JAIL,hifld,SHERIFF'S OFFICE,NA,13,13165,OPEN,doc_excluded_local_jail,source type indicates local/federal jail or non-DOC facility,112 SOUTH MASONIC STREET,MILLEN,Jenkins,32.8016483,-81.9366391
Georgia,NA,Georgia Department of Corrections,JOHNSON COUNTY JAIL,hifld_prisons,COUNTY,NA,13,13167,OPEN,doc_excluded_local_jail,source type indicates local/federal jail or non-DOC facility,230 DONOVAN HARRISON ROAD,WRIGHTSVILLE,Johnson,32.741035330687986,-82.7058790306309
Georgia,NA,Georgia Department of Corrections,JOHNSON COUNTY SHERIFFS DEPARTMENT / JOHNSON COUNTY JAIL,hifld,SHERIFF'S OFFICE,NA,13,13167,OPEN,doc_excluded_local_jail,source type indicates local/federal jail or non-DOC facility,"230 DONOVAN-HARRISON ROAD, JOHNSON COUNTY LAW ENFORCEMENT CENTER",WRIGHTSVILLE,Johnson,32.741080759,-82.706007959
Georgia,NA,Georgia Department of Corrections,JONES COUNTY JAIL,hifld_prisons,COUNTY,NA,13,13169,OPEN,doc_excluded_local_jail,source type indicates local/federal jail or non-DOC facility,123 HOLMES HAWKINS DRIVE,GRAY,Jones,33.00557929904481,-83.53211029331149
Georgia,NA,Georgia Department of Corrections,JONES COUNTY SHERIFFS DEPARTMENT / JONES COUNTY JAIL,hifld,SHERIFF'S OFFICE,NA,13,13169,OPEN,doc_excluded_local_jail,source type indicates local/federal jail or non-DOC facility,123 HOLMES HAWKINS DRIVE,GRAY,Jones,33.0054399,-83.5321128
Georgia,NA,Georgia Department of Corrections,KENNESAW POLICE DEPARTMENT,hifld_prisons,LOCAL,NA,13,13067,OPEN,doc_excluded_local_jail,source type indicates local/federal jail or non-DOC facility,2539 J O STEPHENSON AVE.,KENNESAW,Cobb,34.02313445265854,-84.6167483444098
Georgia,NA,Georgia Department of Corrections,LAMAR COUNTY JAIL,hifld_prisons,COUNTY,NA,13,13171,OPEN,doc_excluded_local_jail,source type indicates local/federal jail or non-DOC facility,121 ROBERTA DRIVE,BARNESVILLE,Lamar,33.04307470863179,-84.17146187939483
Georgia,NA,Georgia Department of Corrections,LAMAR COUNTY SHERIFFS OFFICE / LAMAR COUNTY JAIL,hifld,SHERIFF'S OFFICE,NA,13,13171,OPEN,doc_excluded_local_jail,source type indicates local/federal jail or non-DOC facility,"121 ROBERTA DRIVE, WALLER DETENTION CENTER",BARNESVILLE,Lamar,33.0428735,-84.1713373
Georgia,NA,Georgia Department of Corrections,LANIER COUNTY SHERIFFS DEPARTMENT,hifld,SHERIFF'S OFFICE,NA,13,13173,OPEN,doc_excluded_local_jail,source type indicates local/federal jail or non-DOC facility,100 MAIN STREET,LAKELAND,Lanier,31.0415441,-83.0756119
Georgia,NA,Georgia Department of Corrections,LAURENS COUNTY JAIL,hifld_prisons,COUNTY,NA,13,13175,OPEN,doc_excluded_local_jail,source type indicates local/federal jail or non-DOC facility,511 SOUTHERN PINES ROAD,DUBLIN,Laurens,32.496536288683075,-82.92261227912807
Georgia,NA,Georgia Department of Corrections,LAURENS COUNTY SHERIFFS DEPARTMENT / LAURENS COUNTY JAIL,hifld,SHERIFF'S OFFICE,NA,13,13175,OPEN,doc_excluded_local_jail,source type indicates local/federal jail or non-DOC facility,"511 SOUTHERN PINES ROAD, LAW ENFORCEMENT CENTER",DUBLIN,Laurens,32.4966938,-82.9224043
Georgia,NA,Georgia Department of Corrections,LEE COUNTYJAIL,hifld_prisons,COUNTY,NA,13,13177,OPEN,doc_excluded_local_jail,source type indicates local/federal jail or non-DOC facility,119 PINEWOOD RD,LEESBURG,Lee,31.76412259482814,-84.18880869338906
Georgia,NA,Georgia Department of Corrections,Lee County Jail,jails_prisons,JAILS,Lee County Sheriffs Office,13,13177,1,doc_excluded_local_jail,source type indicates local/federal jail or non-DOC facility,119 Pinewood Road,Leesburg,Lee County,NA,NA
Georgia,NA,Georgia Department of Corrections,LEE COUNTY SHERIFFS DEPARTMENT / LEE COUNTY JAIL,hifld,SHERIFF'S OFFICE,NA,13,13177,OPEN,doc_excluded_local_jail,source type indicates local/federal jail or non-DOC facility,119 PINEWOOD ROAD,LEESBURG,Lee,31.7643977,-84.1887629
Georgia,NA,Georgia Department of Corrections,LIBERTY COUNTY JAIL,hifld,LOCAL POLICE DEPARTMENT,NA,13,13179,OPEN,doc_excluded_local_jail,source type indicates local/federal jail or non-DOC facility,180 PAUL SIKES DRIVE,HINESVILLE,Liberty,31.7853893,-81.6379776
Georgia,NA,Georgia Department of Corrections,LIBERTY COUNTY SHERIFF'S OFFICE,hifld,SHERIFF'S OFFICE,NA,13,13179,OPEN,doc_excluded_local_jail,source type indicates local/federal jail or non-DOC facility,201 S MAIN ST,HINESVILLE,Liberty,31.846580743,-81.597144051
Georgia,NA,Georgia Department of Corrections,LINCOLN COUNTY JAIL,hifld_prisons,COUNTY,NA,13,13181,OPEN,doc_excluded_local_jail,source type indicates local/federal jail or non-DOC facility,145 SCHOOL STREET,LINCOLNTON,Lincoln,33.794203083248924,-82.47589523485789
Georgia,NA,Georgia Department of Corrections,LINCOLN COUNTY SHERIFFS DEPARTMENT / LINCOLN COUNTY JAIL,hifld,SHERIFF'S OFFICE,NA,13,13181,OPEN,doc_excluded_local_jail,source type indicates local/federal jail or non-DOC facility,145 SCHOOL STREET,LINCOLNTON,Lincoln,33.794165479,-82.47573621
Georgia,NA,Georgia Department of Corrections,LITHONIA POLICE DEPARTMENT / LITHONIA JAIL,hifld,LOCAL POLICE DEPARTMENT,NA,13,13089,OPEN,doc_excluded_local_jail,source type indicates local/federal jail or non-DOC facility,6980 MAIN STREET,LITHONIA,Dekalb,33.712206681,-84.106105697
Georgia,NA,Georgia Department of Corrections,LONG COUNTY SHERIFFS OFFICE,hifld,SHERIFF'S OFFICE,NA,13,13183,OPEN,doc_excluded_local_jail,source type indicates local/federal jail or non-DOC facility,6 EAST MCDONALD STREET,LUDOWICI,Long,31.708137814,-81.741256572
Georgia,NA,Georgia Department of Corrections,LOWNDES COUNTY JAIL,hifld_prisons,COUNTY,NA,13,13185,OPEN,doc_excluded_local_jail,source type indicates local/federal jail or non-DOC facility,120 PRISON FARM RD,VALDOSTA,Lowndes,30.808343317896373,-83.27139754019623
Georgia,NA,Georgia Department of Corrections,LOWNDES COUNTY SHERIFFS OFFICE / LOWNDES COUNTY JAIL,hifld,SHERIFF'S OFFICE,NA,13,13185,OPEN,doc_excluded_local_jail,source type indicates local/federal jail or non-DOC facility,120 PRISON FARM ROAD,VALDOSTA,Lowndes,30.8081294,-83.2706177
Georgia,NA,Georgia Department of Corrections,LUMBER CITY JAIL,hifld_prisons,LOCAL,NA,13,13271,OPEN,doc_excluded_local_jail,source type indicates local/federal jail or non-DOC facility,39 MAIN STREET,LUMBER CITY,Telfair,31.930574283390744,-82.68465570728976
Georgia,NA,Georgia Department of Corrections,LUMBER CITY POLICE DEPARTMENT / LUMBER CITY JAIL,hifld,LOCAL POLICE DEPARTMENT,NA,13,13271,OPEN,doc_excluded_local_jail,source type indicates local/federal jail or non-DOC facility,39 MAIN STREET,LUMBER CITY,Telfair,31.9305289,-82.6846033
Georgia,NA,Georgia Department of Corrections,LUMPKIN COUNTY DETENTION CENTER,hifld_prisons,COUNTY,NA,13,13187,OPEN,doc_excluded_local_jail,source type indicates local/federal jail or non-DOC facility,385 EAST MAIN ST.,DAHLONEGA,Lumpkin,34.53589124412303,-83.97986085355505
Georgia,NA,Georgia Department of Corrections,Lumpkin County Jail,jails_prisons,JAILS,Lumpkin County Sheriffs Office,13,13187,1,doc_excluded_local_jail,source type indicates local/federal jail or non-DOC facility,385 East Main Street,Dahlonega,Lumpkin County,NA,NA
Georgia,NA,Georgia Department of Corrections,MACON COUNTY JAIL,hifld_prisons,COUNTY,NA,13,13193,OPEN,doc_excluded_local_jail,source type indicates local/federal jail or non-DOC facility,117 CRESCENT STREET,OGLETHORPE,Macon,32.29384881761771,-84.05949659909551
Georgia,NA,Georgia Department of Corrections,MACON COUNTY SHERIFFS OFFICE / MACON COUNTY JAIL,hifld,SHERIFF'S OFFICE,NA,13,13193,OPEN,doc_excluded_local_jail,source type indicates local/federal jail or non-DOC facility,117 CRESCENT STREET,OGLETHORPE,Macon,32.2937981,-84.0595013
Georgia,NA,Georgia Department of Corrections,MADISON COUNTY DETENTION CENTER,hifld_prisons,COUNTY,NA,13,13195,OPEN,doc_excluded_local_jail,source type indicates local/federal jail or non-DOC facility,1436 STATE HIGHWAY 98 WEST,DANIELSVILLE,Madison,34.146518348473464,-83.23554920207454
Georgia,NA,Georgia Department of Corrections,Madison County Jail,jails_prisons,JAILS,Madison County Sheriffs Office,13,13195,1,doc_excluded_local_jail,source type indicates local/federal jail or non-DOC facility,1436 Highway 98 W,Danielsville,Madison County,NA,NA
Georgia,NA,Georgia Department of Corrections,Manchester City Jail,jails_prisons,JAILS,Manchester City Police Department,13,13199,1,doc_excluded_local_jail,source type indicates local/federal jail or non-DOC facility,120 West 2nd Street,Manchester,"Meriwether County, Talbot County",NA,NA
Georgia,NA,Georgia Department of Corrections,MARION COUNTY JAIL,hifld_prisons,COUNTY,NA,13,13197,OPEN,doc_excluded_local_jail,source type indicates local/federal jail or non-DOC facility,388 GEORGIA HIGHWAY 41,BUENA VISTA,Marion,32.33158631530518,-84.52750763857605
Georgia,NA,Georgia Department of Corrections,McDuffie County Jail,jails_prisons,JAILS,McDuffie County Sheriffs Office,13,13189,1,doc_excluded_local_jail,source type indicates local/federal jail or non-DOC facility,751 Public Safety Drive,Thomson,Mcduffie County,NA,NA
Georgia,NA,Georgia Department of Corrections,MCDUFFIE COUNTY JAIL / SHERIFF,hifld_prisons,COUNTY,NA,13,13189,OPEN,doc_excluded_local_jail,source type indicates local/federal jail or non-DOC facility,751 PUBLIC SAFETY DRIVE,THOMSON,Mcduffie,33.45656954537686,-82.48229331647858
Georgia,NA,Georgia Department of Corrections,MCDUFFIE COUNTY SHERIFF / MCDUFFIE COUNTY JAIL,hifld,SHERIFF'S OFFICE,NA,13,13189,OPEN,doc_excluded_local_jail,source type indicates local/federal jail or non-DOC facility,751 PUBLIC SAFETY DRIVE,THOMSON,Mcduffie,33.456636198,-82.482508947
Georgia,NA,Georgia Department of Corrections,MCDUFFIE COUNTY SHERIFFS OFFICE - SUBSTATION,hifld,SHERIFF'S OFFICE,NA,13,13189,OPEN,doc_excluded_local_jail,source type indicates local/federal jail or non-DOC facility,4590 AUGUSTA HIGHWAY,DEARING,Mcduffie,33.413027346,-82.385256484
Georgia,NA,Georgia Department of Corrections,MCINTOSH COUNTY DETENTION CENTER,hifld_prisons,COUNTY,NA,13,13191,OPEN,doc_excluded_local_jail,source type indicates local/federal jail or non-DOC facility,12317 GEORGIA HIGHWAY 251,DARIEN,Mcintosh,31.408867524748437,-81.45596083984069
Georgia,NA,Georgia Department of Corrections,McIntosh County Jail,jails_prisons,JAILS,McIntosh County Sheriffs Office,13,13191,1,doc_excluded_local_jail,source type indicates local/federal jail or non-DOC facility,12317 Highway 251,Darien,Mcintosh County,NA,NA
Georgia,NA,Georgia Department of Corrections,MCINTOSH COUNTY SHERIFFS DEPARTMENT - SUBSTATION,hifld,SHERIFF'S OFFICE,NA,13,13191,NOT AVAILABLE,doc_excluded_local_jail,source type indicates local/federal jail or non-DOC facility,UNITED STATES HIGHWAY 17 AND PINE HARBOR ROAD,EULONIA,Mcintosh,31.555697,-81.4215903
Georgia,NA,Georgia Department of Corrections,MCRAE CORRECTIONAL FACILITY,hifld_prisons,FEDERAL,NA,13,13271,CLOSED,doc_excluded_local_jail,source type indicates local/federal jail or non-DOC facility,112 JIM HAMMOCK DRIVE,MCRAE,Telfair,32.050070422011785,-82.87157721137326
Georgia,NA,Georgia Department of Corrections,Meriwether County Detention Center,jails_prisons,JAILS,Meriwether County Sheriffs Office,13,13199,1,doc_excluded_local_jail,source type indicates local/federal jail or non-DOC facility,17400 Roosevelt Highway,Greenville,Meriwether County,NA,NA
Georgia,NA,Georgia Department of Corrections,MERIWETHER COUNTY JAIL,hifld_prisons,COUNTY,NA,13,13199,OPEN,doc_excluded_local_jail,source type indicates local/federal jail or non-DOC facility,17400 ROOSEVELT HIGHWAY,GREENVILLE,Meriwether,33.04415875431043,-84.7113696262688
Georgia,NA,Georgia Department of Corrections,MERIWETHER COUNTY SHERIFFS OFFICE / MERIWETHER COUNTY JAIL,hifld,SHERIFF'S OFFICE,NA,13,13199,OPEN,doc_excluded_local_jail,source type indicates local/federal jail or non-DOC facility,17400 ROOSEVELT HIGHWAY,GREENVILLE,Meriwether,33.044242326,-84.711379314
Georgia,NA,Georgia Department of Corrections,Milledgeville City Jail,jails_prisons,JAILS,Milledgeville Police Department,13,13009,1,doc_excluded_local_jail,source type indicates local/federal jail or non-DOC facility,125 W McIntosh Street,Milledgeville,Baldwin County,NA,NA
Georgia,NA,Georgia Department of Corrections,Miller County Jail,jails_prisons,JAILS,Miller County Sheriffs Office,13,13201,1,doc_excluded_local_jail,source type indicates local/federal jail or non-DOC facility,300 West Pine Street,Colquitt,Miller County,NA,NA
Georgia,NA,Georgia Department of Corrections,MILLER COUNTY JAIL / SHERIFF,hifld_prisons,COUNTY,NA,13,13201,OPEN,doc_excluded_local_jail,source type indicates local/federal jail or non-DOC facility,300 WEST PINE STREET,COLQUITT,Miller,31.174927310623982,-84.73865843523394
Georgia,NA,Georgia Department of Corrections,MILLER COUNTY SHERIFFS DEPARTMENT / MILLER COUNTY JAIL,hifld,SHERIFF'S OFFICE,NA,13,13201,OPEN,doc_excluded_local_jail,source type indicates local/federal jail or non-DOC facility,300 WEST PINE STREET,COLQUITT,Miller,31.174762228,-84.738447476
Georgia,NA,Georgia Department of Corrections,CITY OF MILTON LAW ENFORCEMENT,hifld,LOCAL POLICE DEPARTMENT,NA,13,13121,OPEN,doc_excluded_local_jail,source type indicates local/federal jail or non-DOC facility,13000 DEERFIELD PARKWAY,ALPHARETTA,Fulton,34.0970758,-84.2654704
Georgia,NA,Georgia Department of Corrections,MITCHELL COUNTY CORRECTIONAL INSTITUTE,hifld_prisons,COUNTY,NA,13,13205,OPEN,doc_excluded_local_jail,source type indicates local/federal jail or non-DOC facility,4838 STATE HWY 37 E,CAMILLA,Mitchell,31.232809328992975,-84.17997682471429
Georgia,NA,Georgia Department of Corrections,MITCHELL COUNTY JUSTICE CENTER,hifld_prisons,COUNTY,NA,13,13205,OPEN,doc_excluded_local_jail,source type indicates local/federal jail or non-DOC facility,4815 STATE HWY 37 E,CAMILLA,Mitchell,31.230810533621224,-84.17898996657033
Georgia,NA,Georgia Department of Corrections,Mitchell County Prison,jails_prisons,JAILS,Mitchell County Prison,13,13205,1,doc_excluded_local_jail,source type indicates local/federal jail or non-DOC facility,4838 Highway 37 East,Camilla,Mitchell County,NA,NA
Georgia,NA,Georgia Department of Corrections,MONROE COUNTY JAIL,hifld_prisons,COUNTY,NA,13,13207,OPEN,doc_excluded_local_jail,source type indicates local/federal jail or non-DOC facility,145 L CARY BITTICK DR,FORSYTH,Monroe,33.05477694639717,-83.96288387569238
Georgia,NA,Georgia Department of Corrections,MONROE COUNTY SHERIFFS OFFICE / MONROE COUNTY JAIL,hifld,SHERIFF'S OFFICE,NA,13,13207,OPEN,doc_excluded_local_jail,source type indicates local/federal jail or non-DOC facility,145 L CARY BITTICK DRIVE,FORSYTH,Monroe,33.0548839,-83.962935304
Georgia,NA,Georgia Department of Corrections,MONTGOMERY COUNTY JAIL,hifld_prisons,COUNTY,NA,13,13209,OPEN,doc_excluded_local_jail,source type indicates local/federal jail or non-DOC facility,208 BROAD ST,MT VERNON,Montgomery,32.17491430860882,-82.59362679071985
Georgia,NA,Georgia Department of Corrections,MONTGOMERY COUNTY SHERIFFS OFFICE,hifld,SHERIFF'S OFFICE,NA,13,13209,OPEN,doc_excluded_local_jail,source type indicates local/federal jail or non-DOC facility,208 BROAD STREET,MOUNT VERNON,Montgomery,32.174890831,-82.593637286
Georgia,NA,Georgia Department of Corrections,MORGAN COUNTY PUBLIC SAFETY COMPLEX,hifld_prisons,COUNTY,NA,13,13211,OPEN,doc_excluded_local_jail,source type indicates local/federal jail or non-DOC facility,1380 MONTICELLO RD.,MADISON,Morgan,33.56780287834926,-83.4921546938579
Georgia,NA,Georgia Department of Corrections,MORGAN COUNTY SHERIFFS DEPARTMENT / MORGAN COUNTY JAIL,hifld,SHERIFF'S OFFICE,NA,13,13211,OPEN,doc_excluded_local_jail,source type indicates local/federal jail or non-DOC facility,2380 ATHENS HIGHWAY,MADISON,Morgan,33.627123,-83.4518402
Georgia,NA,Georgia Department of Corrections,MURRAY COUNTY JAIL,hifld_prisons,COUNTY,NA,13,13213,OPEN,doc_excluded_local_jail,source type indicates local/federal jail or non-DOC facility,810 1/2 GI MADDOX PARKWAY,CHATSWORTH,Murray,34.780838631740224,-84.78685364433446
Georgia,NA,Georgia Department of Corrections,Murray County Sheriffs Office,jails_prisons,JAILS,Murray County Sheriffs Office,13,13213,1,doc_excluded_local_jail,source type indicates local/federal jail or non-DOC facility,810 1/2 G.I. Maddox Parkway,Chatsworth,Murray County,NA,NA
Georgia,NA,Georgia Department of Corrections,MURRAY COUNTY SHERIFFS DEPARTMENT / MURRAY COUNTY JAIL,hifld,SHERIFF'S OFFICE,NA,13,13213,OPEN,doc_excluded_local_jail,source type indicates local/federal jail or non-DOC facility,810 1/2 GI MADDOX PARKWAY,CHATSWORTH,Murray,34.7811108,-84.7863979
Georgia,NA,Georgia Department of Corrections,MUSCOGEE COUNTY JAIL,hifld_prisons,COUNTY,NA,13,13215,OPEN,doc_excluded_local_jail,source type indicates local/federal jail or non-DOC facility,700 E 10TH STREET,COLUMBUS,Muscogee,32.463813603657606,-84.98375971111881
Georgia,NA,Georgia Department of Corrections,MUSCOGEE COUNTY PRISON,hifld_prisons,COUNTY,NA,13,13215,OPEN,doc_excluded_local_jail,source type indicates local/federal jail or non-DOC facility,7175 SACERDOTE LANE,COLUMBUS,Muscogee,32.4969223867676,-84.86117615098237
Georgia,NA,Georgia Department of Corrections,MUSCOGEE COUNTY SHERIFFS OFFICE,hifld,SHERIFF'S OFFICE,NA,13,13215,OPEN,doc_excluded_local_jail,source type indicates local/federal jail or non-DOC facility,"100 10TH STREET, 4TH FLOOR",COLUMBUS,Muscogee,32.463485823,-84.99153912
Georgia,NA,Georgia Department of Corrections,Newton County Jail,jails_prisons,JAILS,Newton County Sheriffs Office,13,13217,1,doc_excluded_local_jail,source type indicates local/federal jail or non-DOC facility,15151 Alcovy Road,Covington,Newton County,NA,NA
Georgia,NA,Georgia Department of Corrections,NEWTON COUNTY LAW ENFORCEMENT CENTER,hifld_prisons,COUNTY,NA,13,13217,OPEN,doc_excluded_local_jail,source type indicates local/federal jail or non-DOC facility,15151 ALCOVY ROAD NE,COVINGTON,Newton,33.629197196216985,-83.83145701625547
Georgia,NA,Georgia Department of Corrections,Oconee County Jail,jails_prisons,JAILS,Oconee County Sheriffs Office,13,13219,1,doc_excluded_local_jail,source type indicates local/federal jail or non-DOC facility,1140 Experimental Station Road,Watkinsville,Oconee County,NA,NA
Georgia,NA,Georgia Department of Corrections,OCONEE COUNTY JAIL / SHERIFF,hifld_prisons,COUNTY,NA,13,13219,OPEN,doc_excluded_local_jail,source type indicates local/federal jail or non-DOC facility,1110 EXPERIMENT STATION ROAD,WATKINSVILLE,Oconee,33.86800056833685,-83.41458597021713
Georgia,NA,Georgia Department of Corrections,OCONEE COUNTY SHERIFFS DEPARTMENT / OCONEE COUNTY JAIL,hifld,SHERIFF'S OFFICE,NA,13,13219,OPEN,doc_excluded_local_jail,source type indicates local/federal jail or non-DOC facility,1140 EXPERIMENT STATION ROAD,WATKINSVILLE,Oconee,33.867796338,-83.414674956
Georgia,NA,Georgia Department of Corrections,OGLETHORPE COUNTY LAW ENFORCEMENT CENTER,hifld_prisons,COUNTY,NA,13,13221,OPEN,doc_excluded_local_jail,source type indicates local/federal jail or non-DOC facility,115 BUDDY FAUST ROAD,CRAWFORD,Oglethorpe,33.89491770665908,-83.12129622647029
Georgia,NA,Georgia Department of Corrections,Oglethorpe County Sheriffs Office Jail,jails_prisons,JAILS,Oglethorpe County Sheriffs Office,13,13221,1,doc_excluded_local_jail,source type indicates local/federal jail or non-DOC facility,115 Buddy Faust Rd,Crawford,Oglethorpe County,NA,NA
Georgia,NA,Georgia Department of Corrections,PAULDING COUNTY DETENTION CENTER,hifld_prisons,COUNTY,NA,13,13223,OPEN,doc_excluded_local_jail,source type indicates local/federal jail or non-DOC facility,190 CONSTITUTION BOULEVARD,DALLAS,Paulding,33.918933188222205,-84.84834027576068
Georgia,NA,Georgia Department of Corrections,PAULDING COUNTY DETENTION CENTER (OLD),hifld_prisons,COUNTY,NA,13,13223,CLOSED,doc_excluded_local_jail,source type indicates local/federal jail or non-DOC facility,25 INDUSTRIAL WAY NORTH,DALLAS,Paulding,33.94299314193774,-84.81858629196495
Georgia,NA,Georgia Department of Corrections,PAULDING COUNTY SHERIFFS OFFICE,hifld,SHERIFF'S OFFICE,NA,13,13223,OPEN,doc_excluded_local_jail,source type indicates local/federal jail or non-DOC facility,247 INDUSTRIAL WAY NORTH,DALLAS,Paulding,33.9448269,-84.8175511
Georgia,NA,Georgia Department of Corrections,PEACH COUNTY JAIL,hifld_prisons,COUNTY,NA,13,13225,OPEN,doc_excluded_local_jail,source type indicates local/federal jail or non-DOC facility,1007 SPRUCE STREET EXTENSION,FORT VALLEY,Peach,32.548655359077365,-83.87720862767631
Georgia,NA,Georgia Department of Corrections,Peach County Law Enforcement Center,jails_prisons,JAILS,Peach County Sheriffs Office,13,13225,1,doc_excluded_local_jail,source type indicates local/federal jail or non-DOC facility,1007 Spruce Street,Fort Valley,Peach County,NA,NA
Georgia,NA,Georgia Department of Corrections,PICKENS COUNTY ADULT DETENTION CENTER,hifld_prisons,COUNTY,NA,13,13227,OPEN,doc_excluded_local_jail,source type indicates local/federal jail or non-DOC facility,2985 CAMP ROAD,JASPER,Pickens,34.453976141860565,-84.44759928556489
Georgia,NA,Georgia Department of Corrections,Pickens County Jail,jails_prisons,JAILS,Pickens County Sheriffs Office,13,13227,1,doc_excluded_local_jail,source type indicates local/federal jail or non-DOC facility,2985 Camp Road,Jasper,Pickens County,NA,NA
Georgia,NA,Georgia Department of Corrections,PICKENS COUNTY SHERIFFS OFFICE / PICKENS COUNTY JAIL,hifld,SHERIFF'S OFFICE,NA,13,13227,OPEN,doc_excluded_local_jail,source type indicates local/federal jail or non-DOC facility,2985 CAMP ROAD,JASPER,Pickens,34.454123,-84.447933
Georgia,NA,Georgia Department of Corrections,PIERCE COUNTY JAIL,hifld_prisons,COUNTY,NA,13,13229,OPEN,doc_excluded_local_jail,source type indicates local/federal jail or non-DOC facility,300 PIERCE INDUSTRIAL BOULEVARD,BLACKSHEAR,Pierce,31.301999951291332,-82.23279272065372
Georgia,NA,Georgia Department of Corrections,PIERCE COUNTY SHERIFFS OFFICE / PIERCE COUNTY JAIL,hifld,SHERIFF'S OFFICE,NA,13,13229,OPEN,doc_excluded_local_jail,source type indicates local/federal jail or non-DOC facility,300 PIERCE INDUSTRIAL BOULEVARD,BLACKSHEAR,Pierce,31.3022459,-82.2331037
Georgia,NA,Georgia Department of Corrections,Pike County Jail,jails_prisons,JAILS,Pike County Sheriffs Office,13,13231,1,doc_excluded_local_jail,source type indicates local/federal jail or non-DOC facility,89 Jackson Street,Zebulon,Pike County,NA,NA
Georgia,NA,Georgia Department of Corrections,PIKE COUNTY JAIL / SHERIFF,hifld_prisons,COUNTY,NA,13,13231,OPEN,doc_excluded_local_jail,source type indicates local/federal jail or non-DOC facility,89 JACKSON STREET,ZEBULON,Pike,33.103368182548145,-84.34213474086327
Georgia,NA,Georgia Department of Corrections,PIKE COUNTY SHERIFFS DEPARTMENT / PIKE COUNTY JAIL,hifld,SHERIFF'S OFFICE,NA,13,13231,OPEN,doc_excluded_local_jail,source type indicates local/federal jail or non-DOC facility,89 JACKSON STREET,ZEBULON,Pike,33.1033002,-84.3422069
Georgia,NA,Georgia Department of Corrections,Polk County Jail,jails_prisons,JAILS,Polk County Sheriffs Office,13,13233,1,doc_excluded_local_jail,source type indicates local/federal jail or non-DOC facility,1676 Rockmart Highway,Cedartown,Polk County,NA,NA
Georgia,NA,Georgia Department of Corrections,POLK COUNTY JAIL / SHERIFF,hifld_prisons,COUNTY,NA,13,13233,OPEN,doc_excluded_local_jail,source type indicates local/federal jail or non-DOC facility,1676 ROCKMART HIGHWAY,CEDARTOWN,Polk,34.01524426953519,-85.21723776483799
Georgia,NA,Georgia Department of Corrections,POLK COUNTY SHERIFFS OFFICE / POLK COUNTY JAIL,hifld,SHERIFF'S OFFICE,NA,13,13233,OPEN,doc_excluded_local_jail,source type indicates local/federal jail or non-DOC facility,1676 ROCKMART HIGHWAY,CEDARTOWN,Polk,34.0154533,-85.2174219
Georgia,NA,Georgia Department of Corrections,PULASKI COUNTY JAIL,hifld_prisons,COUNTY,NA,13,13235,OPEN,doc_excluded_local_jail,source type indicates local/federal jail or non-DOC facility,34 BADGE BOULEVARD,HAWKINSVILLE,Pulaski,32.30611521969691,-83.4724002631001
Georgia,NA,Georgia Department of Corrections,PULASKI COUNTY SHERIFFS OFFICE,hifld,SHERIFF'S OFFICE,NA,13,13235,OPEN,doc_excluded_local_jail,source type indicates local/federal jail or non-DOC facility,350 COMMERCE STREET,HAWKINSVILLE,Pulaski,32.2829906,-83.4690214
Georgia,NA,Georgia Department of Corrections,PUTNAM COUNTY JAIL,hifld_prisons,COUNTY,NA,13,13237,OPEN,doc_excluded_local_jail,source type indicates local/federal jail or non-DOC facility,111 RIDLEY DRIVE,EATONTON,Putnam,33.30575527337703,-83.39106540970475
Georgia,NA,Georgia Department of Corrections,PUTNAM COUNTY SHERIFFS DEPARTMENT / PUTNAM COUNTY JAIL,hifld,SHERIFF'S OFFICE,NA,13,13237,OPEN,doc_excluded_local_jail,source type indicates local/federal jail or non-DOC facility,111 RIDLEY DRIVE,EATONTON,Putnam,33.3058435,-83.3906748
Georgia,NA,Georgia Department of Corrections,QUITMAN COUNTY SHERIFFS OFFICE,hifld,SHERIFF'S OFFICE,NA,13,13239,OPEN,doc_excluded_local_jail,source type indicates local/federal jail or non-DOC facility,111 MAIN STREET,GEORGETOWN,Quitman,31.886152706,-85.109255521
Georgia,NA,Georgia Department of Corrections,RABUN COUNTY DETENTION CENTER,hifld_prisons,COUNTY,NA,13,13241,OPEN,doc_excluded_local_jail,source type indicates local/federal jail or non-DOC facility,175 BOEN CREEK ROAD,TIGER,Rabun,34.81155966863823,-83.41730514617294
Georgia,NA,Georgia Department of Corrections,Rabun County Jail,jails_prisons,JAILS,Rabun County Sheriffs Office,13,13241,1,doc_excluded_local_jail,source type indicates local/federal jail or non-DOC facility,175 Boen Creek Road,Tiger,Rabun County,NA,NA
Georgia,NA,Georgia Department of Corrections,RABUN COUNTY SHERIFFS OFFICE,hifld,SHERIFF'S OFFICE,NA,13,13241,OPEN,doc_excluded_local_jail,source type indicates local/federal jail or non-DOC facility,"25 COURTHOUSE SQUARE, SUITE 301",CLAYTON,Rabun,34.8790537,-83.4032561
Georgia,NA,Georgia Department of Corrections,RANDOLPH COUNTY JAIL,hifld_prisons,COUNTY,NA,13,13243,OPEN,doc_excluded_local_jail,source type indicates local/federal jail or non-DOC facility,216 RECREATION CAMP RD,CUTHBERT,Randolph,31.792904417486362,-84.7574124222449
Georgia,NA,Georgia Department of Corrections,RANDOLPH COUNTY SHERIFFS OFFICE / RANDOLPH COUNTY JAIL,hifld,SHERIFF'S OFFICE,NA,13,13243,OPEN,doc_excluded_local_jail,source type indicates local/federal jail or non-DOC facility,101 PEACHTREE STREET,CUTHBERT,Randolph,31.792936,-84.757395
Georgia,NA,Georgia Department of Corrections,RICHMOND COUNTY CHARLES B WEBSTER DETENTION CENTER,hifld_prisons,COUNTY,NA,13,13245,OPEN,doc_excluded_local_jail,source type indicates local/federal jail or non-DOC facility,1941 PHINIZY RD,AUGUSTA,Richmond,33.38858629147051,-82.01540218132712
Georgia,NA,Georgia Department of Corrections,RICHMOND COUNTY CORRECTIONAL INSTITUTION,hifld_prisons,COUNTY,NA,13,13245,OPEN,doc_excluded_local_jail,source type indicates local/federal jail or non-DOC facility,2314 TOBACCO RD,AUGUSTA,Richmond,33.373325138686845,-82.03920130327393
Georgia,NA,Georgia Department of Corrections,RICHMOND COUNTY SHERIFFS OFFICE - DANIEL VILLAGE SUBSTATION,hifld,SHERIFF'S OFFICE,NA,13,13245,OPEN,doc_excluded_local_jail,source type indicates local/federal jail or non-DOC facility,2803 WRIGHTSBORO ROAD,AUGUSTA,Richmond,33.470580954,-82.03551009
Georgia,NA,Georgia Department of Corrections,RICHMOND COUNTY SHERIFFS OFFICE / RICHMOND COUNTY JAIL,hifld,SHERIFF'S OFFICE,NA,13,13245,OPEN,doc_excluded_local_jail,source type indicates local/federal jail or non-DOC facility,"401 WALTON WAY, B 275",AUGUSTA,Richmond,33.4660608,-81.9600455
Georgia,NA,Georgia Department of Corrections,RICHMOND COUNTY SHERIFFS OFFICE - SOUTHGATE PLAZA SUBSTATION,hifld,SHERIFF'S OFFICE,NA,13,13245,NOT AVAILABLE,doc_excluded_local_jail,source type indicates local/federal jail or non-DOC facility,1631 GORDON HIGHWAY,AUGUSTA,Richmond,33.4393707,-82.0149158
Georgia,NA,Georgia Department of Corrections,RICHMOND COUNTY SHERIFFS OFFICE SUBSTATION,hifld,SHERIFF'S OFFICE,NA,13,13245,NOT AVAILABLE,doc_excluded_local_jail,source type indicates local/federal jail or non-DOC facility,807 EISENHOWER DRIVE,AUGUSTA,Richmond,33.5060841,-82.0154316
Georgia,NA,Georgia Department of Corrections,ROBERT A DEYTON DETENTION FACILITY,hifld_prisons,FEDERAL,NA,13,13063,OPEN,doc_excluded_local_jail,source type indicates local/federal jail or non-DOC facility,11866 HASTINGS BRIDGE RD,LOVEJOY,Clayton,33.43496418633706,-84.30549782595217
Georgia,NA,Georgia Department of Corrections,ROCHELLE CITY JAIL,hifld_prisons,LOCAL,NA,13,13315,OPEN,doc_excluded_local_jail,source type indicates local/federal jail or non-DOC facility,410 STEPHENS STREET,ROCHELLE,Wilcox,31.950025091604644,-83.44966402474462
Georgia,NA,Georgia Department of Corrections,ROCHELLE CITY POLICE DEPARTMENT / ROCHELLE CITY JAIL,hifld,LOCAL POLICE DEPARTMENT,NA,13,13315,OPEN,doc_excluded_local_jail,source type indicates local/federal jail or non-DOC facility,410 STEPHENS STREET,ROCHELLE,Wilcox,31.9502712,-83.4494496
Georgia,NA,Georgia Department of Corrections,ROCKDALE COUNTY JAIL,hifld_prisons,COUNTY,NA,13,13247,OPEN,doc_excluded_local_jail,source type indicates local/federal jail or non-DOC facility,2385 SIGMAN INDUSTRIAL COURT,CONYERS,Rockdale,33.687270265883036,-84.05887659165936
Georgia,NA,Georgia Department of Corrections,ROCKDALE COUNTY SHERIFFS OFFICE / ROCKDALE COUNTY JAIL,hifld,SHERIFF'S OFFICE,NA,13,13247,OPEN,doc_excluded_local_jail,source type indicates local/federal jail or non-DOC facility,911 CHAMBERS DRIVE NORTHWEST,CONYERS,Rockdale,33.6869998,-84.0581883
Georgia,NA,Georgia Department of Corrections,ROYSTON CITY JAIL,hifld_prisons,LOCAL,NA,13,13119,OPEN,doc_excluded_local_jail,source type indicates local/federal jail or non-DOC facility,830 CHURCH STREET,ROYSTON,Franklin,34.28464341543253,-83.11017450891934
Georgia,NA,Georgia Department of Corrections,ROYSTON POLICE DEPARTMENT / ROYSTON CITY JAIL,hifld,LOCAL POLICE DEPARTMENT,NA,13,13119,OPEN,doc_excluded_local_jail,source type indicates local/federal jail or non-DOC facility,830 CHURCH STREET,ROYSTON,Franklin,34.2847394,-83.1102141
Georgia,NA,Georgia Department of Corrections,SCHLEY COUNTY DETENTION FACILITY,hifld_prisons,COUNTY,NA,13,13249,OPEN,doc_excluded_local_jail,source type indicates local/federal jail or non-DOC facility,48 PECAN STREET,ELLAVILLE,Schley,32.23904541972732,-84.31009987324656
Georgia,NA,Georgia Department of Corrections,Schley County Jail,jails_prisons,JAILS,Schley County Sheriffs Office,13,13249,1,doc_excluded_local_jail,source type indicates local/federal jail or non-DOC facility,48 North Pecan Street,Ellaville,Schley County,NA,NA
Georgia,NA,Georgia Department of Corrections,SCHLEY COUNTY SHERIFFS OFFICE / SCHLEY COUNTY JAIL,hifld,SHERIFF'S OFFICE,NA,13,13249,OPEN,doc_excluded_local_jail,source type indicates local/federal jail or non-DOC facility,48 NORTH PECAN STREET,ELLAVILLE,Schley,32.239050476,-84.309994395
Georgia,NA,Georgia Department of Corrections,SCREVEN COUNTY CORRECTIONAL INSTITUTION,hifld_prisons,COUNTY,NA,13,13251,OPEN,doc_excluded_local_jail,source type indicates local/federal jail or non-DOC facility,859 ROCKYFORD ROAD,SYLVANIA,Screven,32.750259989191676,-81.67027866004342
Georgia,NA,Georgia Department of Corrections,SCREVEN COUNTY JAIL,hifld_prisons,COUNTY,NA,13,13251,OPEN,doc_excluded_local_jail,source type indicates local/federal jail or non-DOC facility,202 ROCKY FORD ROAD,SYLVANIA,Screven,32.75105499064379,-81.65001183476859
Georgia,NA,Georgia Department of Corrections,SCREVEN COUNTY SHERIFFS DEPARTMENT / SCREVEN COUNTY JAIL,hifld,SHERIFF'S OFFICE,NA,13,13251,OPEN,doc_excluded_local_jail,source type indicates local/federal jail or non-DOC facility,202 ROCKY FORD ROAD,SYLVANIA,Screven,32.75082205,-81.649935599
Georgia,NA,Georgia Department of Corrections,Seminole County Jail,jails_prisons,JAILS,Seminole County Sheriffs Office,13,13253,1,doc_excluded_local_jail,source type indicates local/federal jail or non-DOC facility,208 Court Street,Donalsonville,Seminole County,NA,NA
Georgia,NA,Georgia Department of Corrections,SEMINOLE COUNTY JAIL / SHERIFF,hifld_prisons,COUNTY,NA,13,13253,OPEN,doc_excluded_local_jail,source type indicates local/federal jail or non-DOC facility,208 COURT STREET,DONALSONVILLE,Seminole,31.041910525162834,-84.88519647701695
Georgia,NA,Georgia Department of Corrections,SEMINOLE COUNTY SHERIFFS OFFICE / SEMINOLE COUNTY JAIL,hifld,SHERIFF'S OFFICE,NA,13,13253,OPEN,doc_excluded_local_jail,source type indicates local/federal jail or non-DOC facility,208 COURT STREET,DONALSONVILLE,Seminole,31.0418589,-84.8850642
Georgia,NA,Georgia Department of Corrections,SMYRNA JAIL,hifld_prisons,LOCAL,NA,13,13067,OPEN,doc_excluded_local_jail,source type indicates local/federal jail or non-DOC facility,2646 ATLANTA RD,SMYRNA,Cobb,33.888131511257264,-84.51672677567177
Georgia,NA,Georgia Department of Corrections,SMYRNA POLICE DEPARTMENT / SMYRNA CITY JAIL,hifld,LOCAL POLICE DEPARTMENT,NA,13,13067,OPEN,doc_excluded_local_jail,source type indicates local/federal jail or non-DOC facility,2646 ATLANTA ROAD,SMYRNA,Cobb,33.8881996,-84.516635
Georgia,NA,Georgia Department of Corrections,SOUTH FULTON MUNICIPAL REGIONAL JAIL,hifld_prisons,LOCAL,NA,13,13121,OPEN,doc_excluded_local_jail,source type indicates local/federal jail or non-DOC facility,6500 WATSON ST,UNION CITY,Fulton,33.578103371169746,-84.55235787556487
Georgia,NA,Georgia Department of Corrections,SPALDING COUNTY CORRECTIONAL INSTITUTION,hifld_prisons,COUNTY,NA,13,13255,OPEN,doc_excluded_local_jail,source type indicates local/federal jail or non-DOC facility,295 JUSTICE BLVD,GRIFFIN,Spalding,33.23601743844935,-84.29297556597463
Georgia,NA,Georgia Department of Corrections,SPALDING COUNTY JAIL,hifld_prisons,COUNTY,NA,13,13255,OPEN,doc_excluded_local_jail,source type indicates local/federal jail or non-DOC facility,401 JUSTICE BOULEVARD,GRIFFIN,Spalding,33.237970993230036,-84.29327938729296
Georgia,NA,Georgia Department of Corrections,SPALDING COUNTY SHERIFFS DEPARTMENT / SPALDING COUNTY JAIL,hifld,SHERIFF'S OFFICE,NA,13,13255,OPEN,doc_excluded_local_jail,source type indicates local/federal jail or non-DOC facility,401 JUSTICE BOULEVARD,GRIFFIN,Spalding,33.237836,-84.2927661
Georgia,NA,Georgia Department of Corrections,STEPHENS COUNTY JAIL,hifld_prisons,COUNTY,NA,13,13257,OPEN,doc_excluded_local_jail,source type indicates local/federal jail or non-DOC facility,1677 SCENIC DRIVE,TOCCOA,Stephens,34.59933548135304,-83.31739572425212
Georgia,NA,Georgia Department of Corrections,STEPHENS COUNTY SHERIFFS OFFICE,hifld,SHERIFF'S OFFICE,NA,13,13257,OPEN,doc_excluded_local_jail,source type indicates local/federal jail or non-DOC facility,"205 NORTH ALEXANDER STREET, SUITE 205",TOCCOA,Stephens,34.5797637,-83.3319885
Georgia,NA,Georgia Department of Corrections,STEWART DETENTION CENTER,hifld_prisons,FEDERAL,NA,13,13259,OPEN,doc_excluded_local_jail,source type indicates local/federal jail or non-DOC facility,146 CCA ROAD,LUMPKIN,Stewart,32.03562702669278,-84.77197992599659
Georgia,NA,Georgia Department of Corrections,STEWART COUNTY SHERIFFS OFFICE,hifld,SHERIFF'S OFFICE,NA,13,13259,OPEN,doc_excluded_local_jail,source type indicates local/federal jail or non-DOC facility,1980 BROAD ST,LUMPKIN,Stewart,32.050683946,-84.790880014
Georgia,NA,Georgia Department of Corrections,Sumter County Correctional Institute,jails_prisons,JAILS,Sumter County Correctional Institute,13,13261,1,doc_excluded_local_jail,source type indicates local/federal jail or non-DOC facility,346 McMath Mill Road,Americus,Sumter County,NA,NA
Georgia,NA,Georgia Department of Corrections,SUMTER COUNTY CORRECTIONAL INSTITUTION,hifld_prisons,COUNTY,NA,13,13261,OPEN,doc_excluded_local_jail,source type indicates local/federal jail or non-DOC facility,346 MCMATH MILL ROAD,AMERICUS,Sumter,32.07352241242745,-84.27646094208984
Georgia,NA,Georgia Department of Corrections,SUMTER COUNTY JAIL,hifld_prisons,COUNTY,NA,13,13261,OPEN,doc_excluded_local_jail,source type indicates local/federal jail or non-DOC facility,352 MCMATH MILL ROAD,AMERICUS,Sumter,32.074089373306215,-84.27716298471849
Georgia,NA,Georgia Department of Corrections,TALBOT COUNTY JAIL,hifld_prisons,COUNTY,NA,13,13263,OPEN,doc_excluded_local_jail,source type indicates local/federal jail or non-DOC facility,188 JACKSON AVENUE,TALBOTTON,Talbot,32.677372012542534,-84.53864868884054
Georgia,NA,Georgia Department of Corrections,TALBOT COUNTY JAIL (OLD),hifld_prisons,COUNTY,NA,13,13263,CLOSED,doc_excluded_local_jail,source type indicates local/federal jail or non-DOC facility,44 NORTH WASHINGTON AVENUE,TALBOTTON,Talbot,32.6782514996223,-84.5397390039743
Georgia,NA,Georgia Department of Corrections,TALIAFERRO COUNTY JAIL,hifld_prisons,COUNTY,NA,13,13265,OPEN,doc_excluded_local_jail,source type indicates local/federal jail or non-DOC facility,758 WARRENTON ROAD SOUTHEAST,CRAWFORDVILLE,Taliaferro,33.550141350298624,-82.87808847228037
Georgia,NA,Georgia Department of Corrections,TALIAFERRO COUNTY SHERIFFS OFFICE,hifld,SHERIFF'S OFFICE,NA,13,13265,OPEN,doc_excluded_local_jail,source type indicates local/federal jail or non-DOC facility,113 MONUMENT STREET,CRAWFORDVILLE,Taliaferro,33.5546238,-82.8965949
Georgia,NA,Georgia Department of Corrections,TATTNALL COUNTY JAIL,hifld_prisons,COUNTY,NA,13,13267,OPEN,doc_excluded_local_jail,source type indicates local/federal jail or non-DOC facility,108 BRAZELL ST,REIDSVILLE,Tattnall,32.08763139600003,-82.12000440674358
Georgia,NA,Georgia Department of Corrections,TATTNALL COUNTY SHERIFFS OFFICE / TATTNALL COUNTY JAIL,hifld,SHERIFF'S OFFICE,NA,13,13267,OPEN,doc_excluded_local_jail,source type indicates local/federal jail or non-DOC facility,1 COURTHOUSE SQUARE,REIDSVILLE,Tattnall,32.087607707,-82.120042926
Georgia,NA,Georgia Department of Corrections,TAYLOR COUNTY JAIL,hifld_prisons,COUNTY,NA,13,13269,OPEN,doc_excluded_local_jail,source type indicates local/federal jail or non-DOC facility,5 N IVY STREET,BUTLER,Taylor,32.55807030225503,-84.23713627646484
Georgia,NA,Georgia Department of Corrections,TAYLOR COUNTY SHERIFFS OFFICE / TAYLOR COUNTY JAIL,hifld,SHERIFF'S OFFICE,NA,13,13269,OPEN,doc_excluded_local_jail,source type indicates local/federal jail or non-DOC facility,5 NORTH IVY STREET,BUTLER,Taylor,32.5575991,-84.2367767
Georgia,NA,Georgia Department of Corrections,TELFAIR COUNTY JAIL,hifld,LOCAL POLICE DEPARTMENT,NA,13,13271,OPEN,doc_excluded_local_jail,source type indicates local/federal jail or non-DOC facility,124 EAST OAK STREET,MCRAE,Telfair,32.0673314,-82.8971195
Georgia,NA,Georgia Department of Corrections,TELFAIR COUNTY SHERIFFS OFFICE,hifld,SHERIFF'S OFFICE,NA,13,13271,OPEN,doc_excluded_local_jail,source type indicates local/federal jail or non-DOC facility,128 EAST OAK STREET,MCRAE,Telfair,32.067149018,-82.896617115
Georgia,NA,Georgia Department of Corrections,TERRELL COUNTY CORRECTIONAL INSTITUTION,hifld_prisons,COUNTY,NA,13,13273,OPEN,doc_excluded_local_jail,source type indicates local/federal jail or non-DOC facility,3110 ALBANY HIGHWAY,DAWSON,Terrell,31.74202029491624,-84.41417794773638
Georgia,NA,Georgia Department of Corrections,TERRELL COUNTY JAIL,hifld_prisons,COUNTY,NA,13,13273,OPEN,doc_excluded_local_jail,source type indicates local/federal jail or non-DOC facility,3108 ALBANY HIGHWAY,DAWSON,Terrell,31.742324713947436,-84.4149734241775
Georgia,NA,Georgia Department of Corrections,Terrell County Prison,jails_prisons,JAILS,Terrell County Prison,13,13273,1,doc_excluded_local_jail,source type indicates local/federal jail or non-DOC facility,3110 Albany Highway,Dawson,Terrell County,NA,NA
Georgia,NA,Georgia Department of Corrections,TERRELL COUNTY SHERIFFS OFFICE,hifld,SHERIFF'S OFFICE,NA,13,13273,OPEN,doc_excluded_local_jail,source type indicates local/federal jail or non-DOC facility,3108 ALBANY HIGHWAY,DAWSON,Terrell,31.742426,-84.414837
Georgia,NA,Georgia Department of Corrections,THOMAS COUNTY DETENTION CENTER,hifld_prisons,COUNTY,NA,13,13275,OPEN,doc_excluded_local_jail,source type indicates local/federal jail or non-DOC facility,921 SMITH AVENUE,THOMASVILLE,Thomas,30.836880516166982,-83.96206105789268
Georgia,NA,Georgia Department of Corrections,Thomas County Jail,jails_prisons,JAILS,Thomas County Sheriffs Office,13,13275,1,doc_excluded_local_jail,source type indicates local/federal jail or non-DOC facility,921 Smith Avenue,Thomasville,Thomas County,NA,NA
Georgia,NA,Georgia Department of Corrections,Tift County Jail,jails_prisons,JAILS,Tift County Sheriffs Office,13,13277,1,doc_excluded_local_jail,source type indicates local/federal jail or non-DOC facility,500 Morgan Drive,Tifton,Tift County,NA,NA
Georgia,NA,Georgia Department of Corrections,TIFT COUNTY JAIL / SHERIFF,hifld_prisons,COUNTY,NA,13,13277,OPEN,doc_excluded_local_jail,source type indicates local/federal jail or non-DOC facility,500 MORGAN DRIVE,TIFTON,Tift,31.454274959515807,-83.51767692009447
Georgia,NA,Georgia Department of Corrections,TIFT COUNTY SHERIFFS DEPARTMENT / TIFT COUNTY JAIL,hifld,SHERIFF'S OFFICE,NA,13,13277,OPEN,doc_excluded_local_jail,source type indicates local/federal jail or non-DOC facility,500 MORGAN DRIVE,TIFTON,Tift,31.4545567,-83.5177283
Georgia,NA,Georgia Department of Corrections,Toombs County Jail,jails_prisons,JAILS,Toombs County Sheriffs Office,13,13279,1,doc_excluded_local_jail,source type indicates local/federal jail or non-DOC facility,357 NW Broad Street,Lyons,Toombs County,NA,NA
Georgia,NA,Georgia Department of Corrections,TOWNS COUNTY DETENTION CENTER,hifld_prisons,COUNTY,NA,13,13281,OPEN,doc_excluded_local_jail,source type indicates local/federal jail or non-DOC facility,4070 A STATE HIGHWAY 339,YOUNG HARRIS,Towns,34.98398552675951,-83.82870836395429
Georgia,NA,Georgia Department of Corrections,TOWNS COUNTY SHERIFFS OFFICE,hifld,SHERIFF'S OFFICE,NA,13,13281,OPEN,doc_excluded_local_jail,source type indicates local/federal jail or non-DOC facility,4070-A STATE HIGHWAY 339,YOUNG HARRIS,Towns,34.9841155,-83.8288484
Georgia,NA,Georgia Department of Corrections,TREUTLEN COUNTY JAIL,hifld_prisons,COUNTY,NA,13,13283,OPEN,doc_excluded_local_jail,source type indicates local/federal jail or non-DOC facility,530 CASCADE CIR,SOPERTON,Treutlen,32.36253992895283,-82.60019823271824
Georgia,NA,Georgia Department of Corrections,TREUTLEN COUNTY SHERIFFS DEPARTMENT / TREUTLEN COUNTY JAIL,hifld,SHERIFF'S OFFICE,NA,13,13283,OPEN,doc_excluded_local_jail,source type indicates local/federal jail or non-DOC facility,530 CASCADE CIRCLE,SOPERTON,Treutlen,32.36265,-82.60023
Georgia,NA,Georgia Department of Corrections,TROUP COUNTY CORRECTIONAL INSTITUTION,hifld_prisons,COUNTY,NA,13,13285,OPEN,doc_excluded_local_jail,source type indicates local/federal jail or non-DOC facility,2508 HAMILTON RD,LAGRANGE,Troup,32.98819892586734,-85.00339666114826
Georgia,NA,Georgia Department of Corrections,TROUP COUNTY JAIL,hifld_prisons,COUNTY,NA,13,13285,OPEN,doc_excluded_local_jail,source type indicates local/federal jail or non-DOC facility,130 SAM WALKER DR,LAGRANGE,Troup,32.988113680330585,-85.00671224839658
Georgia,NA,Georgia Department of Corrections,TROUP COUNTY SHERIFFS DEPARTMENT / TROUP COUNTY JAIL,hifld,SHERIFF'S OFFICE,NA,13,13285,OPEN,doc_excluded_local_jail,source type indicates local/federal jail or non-DOC facility,130 SAM WALKER DRIVE,LAGRANGE,Troup,32.988333643,-85.003494208
Georgia,NA,Georgia Department of Corrections,Troup County Work Release Program,jails_prisons,JAILS,Troup County Sheriffs Office,13,13285,1,doc_excluded_local_jail,source type indicates local/federal jail or non-DOC facility,144 Sam Walker Drive,Lagrange,Troup County,NA,NA
Georgia,NA,Georgia Department of Corrections,TURNER COUNTY JAIL,hifld_prisons,COUNTY,NA,13,13287,OPEN,doc_excluded_local_jail,source type indicates local/federal jail or non-DOC facility,1301 INDUSTRIAL DRIVE,ASHBURN,Turner,31.686348419741137,-83.63937529828131
Georgia,NA,Georgia Department of Corrections,TURNER COUNTY SHERIFFS DEPARTMENT / TURNER COUNTY JAIL,hifld,SHERIFF'S OFFICE,NA,13,13287,OPEN,doc_excluded_local_jail,source type indicates local/federal jail or non-DOC facility,1301 INDUSTRIAL DRIVE,ASHBURN,Turner,31.686132,-83.6394032
Georgia,NA,Georgia Department of Corrections,TWIGGS COUNTY JAIL,hifld_prisons,COUNTY,NA,13,13289,OPEN,doc_excluded_local_jail,source type indicates local/federal jail or non-DOC facility,37 NORTH ASH STREET,JEFFERSONVILLE,Twiggs,32.687623235529735,-83.34497013411519
Georgia,NA,Georgia Department of Corrections,TWIGGS COUNTY SHERIFFS OFFICE,hifld,SHERIFF'S OFFICE,NA,13,13289,OPEN,doc_excluded_local_jail,source type indicates local/federal jail or non-DOC facility,47 NORTH ASH STREET,JEFFERSONVILLE,Twiggs,32.687602455,-83.344917166
Georgia,NA,Georgia Department of Corrections,Union County Jail,jails_prisons,JAILS,Union County Sheriffs Office,13,13291,1,doc_excluded_local_jail,source type indicates local/federal jail or non-DOC facility,378 Beasley Street,Blairsville,Union County,NA,NA
Georgia,NA,Georgia Department of Corrections,UNION COUNTY JAIL / SHERIFF,hifld_prisons,COUNTY,NA,13,13291,OPEN,doc_excluded_local_jail,source type indicates local/federal jail or non-DOC facility,378 BEASLEY STREET,BLAIRSVILLE,Union,34.87342888368488,-83.94084105727339
Georgia,NA,Georgia Department of Corrections,UNION COUNTY SHERIFFS OFFICE / UNION COUNTY JAIL,hifld,SHERIFF'S OFFICE,NA,13,13291,OPEN,doc_excluded_local_jail,source type indicates local/federal jail or non-DOC facility,378 BEASLEY STREET,BLAIRSVILLE,Union,34.8735617,-83.940812
Georgia,NA,Georgia Department of Corrections,UPSON COUNTY JAIL,hifld_prisons,COUNTY,NA,13,13293,OPEN,doc_excluded_local_jail,source type indicates local/federal jail or non-DOC facility,235 AVIATION DRIVE,THOMASTON,Upson,32.93767038500461,-84.34060688526168
Georgia,NA,Georgia Department of Corrections,UPSON COUNTY SHERIFFS OFFICE / UPSON COUNTY JAIL,hifld,SHERIFF'S OFFICE,NA,13,13293,OPEN,doc_excluded_local_jail,source type indicates local/federal jail or non-DOC facility,235 AVIATION DRIVE,THOMASTON,Upson,32.9378897,-84.3401909
Georgia,NA,Georgia Department of Corrections,USP ATLANTA,hifld_prisons,FEDERAL,NA,13,13121,OPEN,doc_excluded_local_jail,source type indicates local/federal jail or non-DOC facility,601 MCDONOUGH BLVD SE,ATLANTA,Fulton,33.71070017929139,-84.3689792299155
Georgia,NA,Georgia Department of Corrections,USP ATLANTA CAMP,hifld_prisons,FEDERAL,NA,13,13121,NOT AVAILABLE,doc_excluded_local_jail,source type indicates local/federal jail or non-DOC facility,601 MCDONOUGH BLVD SE,ATLANTA,Fulton,33.70895206147381,-84.36381147040869
Georgia,NA,Georgia Department of Corrections,VILLA RICA CITY JAIL,hifld_prisons,LOCAL,NA,13,13045,OPEN,doc_excluded_local_jail,source type indicates local/federal jail or non-DOC facility,101 MAIN STREET,VILLA RICA,Carroll,33.73171827322308,-84.91833265853802
Georgia,NA,Georgia Department of Corrections,VILLA RICA POLICE DEPARTMENT / VILLA RICA CITY JAIL,hifld,LOCAL POLICE DEPARTMENT,NA,13,13045,OPEN,doc_excluded_local_jail,source type indicates local/federal jail or non-DOC facility,101 MAIN STREET,VILLA RICA,Carroll,33.731766109,-84.91840267
Georgia,NA,Georgia Department of Corrections,Walker County Jail,jails_prisons,JAILS,Walker County Sheriffs Office,13,13295,1,doc_excluded_local_jail,source type indicates local/federal jail or non-DOC facility,105 South Duke Street,LaFayette,Walker County,NA,NA
Georgia,NA,Georgia Department of Corrections,WALKER COUNTY JAIL / SHERIFF,hifld_prisons,COUNTY,NA,13,13295,OPEN,doc_excluded_local_jail,source type indicates local/federal jail or non-DOC facility,105 SOUTH DUKE STREET,LAFAYETTE,Walker,34.70444936856196,-85.27988157029009
Georgia,NA,Georgia Department of Corrections,WALKER COUNTY SHERIFFS DEPARTMENT / WALKER COUNTY JAIL,hifld,SHERIFF'S OFFICE,NA,13,13295,OPEN,doc_excluded_local_jail,source type indicates local/federal jail or non-DOC facility,105 SOUTH DUKE STREET,LAFAYETTE,Walker,34.704436228,-85.280089604
Georgia,NA,Georgia Department of Corrections,WALTON COUNTY JAIL,hifld_prisons,COUNTY,NA,13,13297,OPEN,doc_excluded_local_jail,source type indicates local/federal jail or non-DOC facility,1425 S MADISON AVE,MONROE,Walton,33.77076785841241,-83.69940564344797
Georgia,NA,Georgia Department of Corrections,WALTON COUNTY SHERIFFS DEPARTMENT / WALTON COUNTY JAIL,hifld,SHERIFF'S OFFICE,NA,13,13297,OPEN,doc_excluded_local_jail,source type indicates local/federal jail or non-DOC facility,1425 SOUTH MADISON AVENUE,MONROE,Walton,33.7708181,-83.6993524
Georgia,NA,Georgia Department of Corrections,WARE COUNTY JAIL,hifld_prisons,COUNTY,NA,13,13299,OPEN,doc_excluded_local_jail,source type indicates local/federal jail or non-DOC facility,3487 HARRIS ROAD,WAYCROSS,Ware,31.261212960561576,-82.40361527171768
Georgia,NA,Georgia Department of Corrections,WARE COUNTY SHERIFFS OFFICE / WARE COUNTY JAIL,hifld,SHERIFF'S OFFICE,NA,13,13299,OPEN,doc_excluded_local_jail,source type indicates local/federal jail or non-DOC facility,3487 HARRIS ROAD,WAYCROSS,Ware,31.260693643,-82.40328164
Georgia,NA,Georgia Department of Corrections,WARREN COUNTY JAIL,hifld_prisons,COUNTY,NA,13,13301,OPEN,doc_excluded_local_jail,source type indicates local/federal jail or non-DOC facility,169 NORTH HIGHWAY 80,WARRENTON,Warren,33.410045439460035,-82.6530148956243
Georgia,NA,Georgia Department of Corrections,WARREN COUNTY SHERIFFS OFFICE,hifld,SHERIFF'S OFFICE,NA,13,13301,OPEN,doc_excluded_local_jail,source type indicates local/federal jail or non-DOC facility,169 STATE HIGHWAY 80,WARRENTON,Warren,33.410001,-82.652979
Georgia,NA,Georgia Department of Corrections,WASHINGTON COUNTY JAIL,hifld_prisons,COUNTY,NA,13,13303,OPEN,doc_excluded_local_jail,source type indicates local/federal jail or non-DOC facility,733 KAOLIN ROAD,SANDERSVILLE,Washington,32.959492722854236,-82.82883275194204
Georgia,NA,Georgia Department of Corrections,WAYNE COUNTY JAIL,hifld_prisons,COUNTY,NA,13,13305,OPEN,doc_excluded_local_jail,source type indicates local/federal jail or non-DOC facility,1892 S MACON ST,JESUP,Wayne,31.58640493438957,-81.90810104601708
Georgia,NA,Georgia Department of Corrections,WAYNE COUNTY SHERIFFS OFFICE,hifld,SHERIFF'S OFFICE,NA,13,13305,OPEN,doc_excluded_local_jail,source type indicates local/federal jail or non-DOC facility,266 E WALNUT ST,JESUP,Wayne,31.603853893,-81.879321642
Georgia,NA,Georgia Department of Corrections,WEBSTER COUNTY SHERIFFS OFFICE,hifld,SHERIFF'S OFFICE,NA,13,13307,OPEN,doc_excluded_local_jail,source type indicates local/federal jail or non-DOC facility,175 MONTGOMERY STREET,PRESTON,Webster,32.066628553,-84.537051875
Georgia,NA,Georgia Department of Corrections,WHEELER COUNTY JAIL,hifld_prisons,COUNTY,NA,13,13309,OPEN,doc_excluded_local_jail,source type indicates local/federal jail or non-DOC facility,21 WEST FOREST AVENUE,ALAMO,Wheeler,32.14832625178219,-82.78278710305314
Georgia,NA,Georgia Department of Corrections,WHEELER COUNTY SHERIFFS OFFICE / WHEELER COUNTY JAIL,hifld,SHERIFF'S OFFICE,NA,13,13309,OPEN,doc_excluded_local_jail,source type indicates local/federal jail or non-DOC facility,21 WEST FOREST AVENUE,ALAMO,Wheeler,32.1483875,-82.7827316
Georgia,NA,Georgia Department of Corrections,WHITE COUNTY DETENTION CENTER,hifld_prisons,COUNTY,NA,13,13311,OPEN,doc_excluded_local_jail,source type indicates local/federal jail or non-DOC facility,1210 HULSEY ROAD,CLEVELAND,White,34.61761819640508,-83.75661574867762
Georgia,NA,Georgia Department of Corrections,White County Jail,jails_prisons,JAILS,White County Sheriffs Office,13,13311,1,doc_excluded_local_jail,source type indicates local/federal jail or non-DOC facility,1210 Hulsey Road,Cleveland,White County,NA,NA
Georgia,NA,Georgia Department of Corrections,WHITE COUNTY SHERIFFS DEPARTMENT / WHITE COUNTY JAIL,hifld,SHERIFF'S OFFICE,NA,13,13311,OPEN,doc_excluded_local_jail,source type indicates local/federal jail or non-DOC facility,1210 HULSEY ROAD,CLEVELAND,White,34.6168678,-83.7559219
Georgia,NA,Georgia Department of Corrections,WHITFIELD COUNTY DETENTION CENTER,hifld_prisons,COUNTY,NA,13,13313,OPEN,doc_excluded_local_jail,source type indicates local/federal jail or non-DOC facility,805 PROFESSIONAL BOULEVARD,DALTON,Whitfield,34.793653465507816,-84.9799503220815
Georgia,NA,Georgia Department of Corrections,Whitfield County Jail,jails_prisons,JAILS,Whitfield County Sheriffs Office,13,13313,1,doc_excluded_local_jail,source type indicates local/federal jail or non-DOC facility,805 Professional Boulevard,Dalton,Whitfield County,NA,NA
Georgia,NA,Georgia Department of Corrections,WHITFIELD COUNTY SHERIFFS OFFICE / WHITFIELD COUNTY JAIL,hifld,SHERIFF'S OFFICE,NA,13,13313,OPEN,doc_excluded_local_jail,source type indicates local/federal jail or non-DOC facility,805 PROFESSIONAL BOULEVARD,DALTON,Whitfield,34.7937773,-84.9798359
Georgia,NA,Georgia Department of Corrections,WILCOX COUNTY JAIL,hifld_prisons,COUNTY,NA,13,13315,OPEN,doc_excluded_local_jail,source type indicates local/federal jail or non-DOC facility,123 EAST MAIN STREET,ABBEVILLE,Wilcox,31.992615497032826,-83.30572124245677
Georgia,NA,Georgia Department of Corrections,WILCOX COUNTY SHERIFFS DEPARTMENT / WILCOX COUNTY JAIL,hifld,SHERIFF'S OFFICE,NA,13,13315,OPEN,doc_excluded_local_jail,source type indicates local/federal jail or non-DOC facility,126 MAIN STREET EAST,ABBEVILLE,Wilcox,31.99266182,-83.305836167
Georgia,NA,Georgia Department of Corrections,WILKES COUNTY JAIL / SHERIFF,hifld_prisons,COUNTY,NA,13,13317,OPEN,doc_excluded_local_jail,source type indicates local/federal jail or non-DOC facility,225 ANDREW DRIVE,WASHINGTON,Wilkes,33.72181164042664,-82.7222569640673
Georgia,NA,Georgia Department of Corrections,WILKES COUNTY SHERIFFS OFFICE / WILKES COUNTY JAIL,hifld,SHERIFF'S OFFICE,NA,13,13317,OPEN,doc_excluded_local_jail,source type indicates local/federal jail or non-DOC facility,225 ANDREW DRIVE,WASHINGTON,Wilkes,33.721813827,-82.722420602
Georgia,NA,Georgia Department of Corrections,WILKINSON COUNTY JAIL,hifld_prisons,COUNTY,NA,13,13319,OPEN,doc_excluded_local_jail,source type indicates local/federal jail or non-DOC facility,108 BACON STREET,IRWINTON,Wilkinson,32.80956516861549,-83.17374709515468
Georgia,NA,Georgia Department of Corrections,WORTH COUNTY JAIL,hifld_prisons,COUNTY,NA,13,13321,OPEN,doc_excluded_local_jail,source type indicates local/federal jail or non-DOC facility,201 NORTH MAIN STREET,SYLVESTER,Worth,31.52807176814917,-83.8365475455623
Georgia,NA,Georgia Department of Corrections,WORTH COUNTY SHERIFFS DEPARTMENT / WORTH COUNTY JAIL,hifld,SHERIFF'S OFFICE,NA,13,13321,OPEN,doc_excluded_local_jail,source type indicates local/federal jail or non-DOC facility,"201 NORTH MAIN STREET, ROOM 14",SYLVESTER,Worth,31.5279889,-83.8365238
Indiana,Putnam County,Indiana Department of Corrections,ADAMS COUNTY JAIL,hifld_prisons,COUNTY,NA,18,18001,OPEN,doc_excluded_local_jail,source type indicates local/federal jail or non-DOC facility,911 W PEACEKEEPERS WAY,DECATUR,Adams,40.80972188446746,-84.93025077721826
Indiana,Putnam County,Indiana Department of Corrections,ADAMS COUNTY SHERIFFS DEPARTMENT / ADAMS COUNTY JAIL,hifld,SHERIFF'S OFFICE,NA,18,18001,OPEN,doc_excluded_local_jail,source type indicates local/federal jail or non-DOC facility,313 SOUTH FIRST STREET,DECATUR,Adams,40.8274701,-84.9208751
Indiana,Putnam County,Indiana Department of Corrections,ALLEN COUNTY JAIL,hifld_prisons,COUNTY,NA,18,18003,OPEN,doc_excluded_local_jail,source type indicates local/federal jail or non-DOC facility,417 S CALHOUN ST,FT WAYNE,Allen,41.08339224837481,-85.1399268073265
Indiana,Putnam County,Indiana Department of Corrections,ALLEN COUNTY JUVENILE CENTER,hifld_prisons,COUNTY,NA,18,18003,OPEN,doc_excluded_local_jail,source type indicates local/federal jail or non-DOC facility,2929 WELLS ST,FORT WAYNE,Allen,41.10362044276731,-85.14851415572396
Indiana,Putnam County,Indiana Department of Corrections,ALLEN COUNTY SHERIFFS DEPARTMENT,hifld,SHERIFF'S OFFICE,NA,18,18003,OPEN,doc_excluded_local_jail,source type indicates local/federal jail or non-DOC facility,"715 SOUTH CALHOUN STREET, ROOM 101 COURTHOUSE",FORT WAYNE,Allen,41.079801811,-85.139365195
Indiana,Putnam County,Indiana Department of Corrections,ALLEN COUNTY SHERIFFS DEPARTMENT STATION 4B,hifld,SHERIFF'S OFFICE,NA,18,18003,NOT AVAILABLE,doc_excluded_local_jail,source type indicates local/federal jail or non-DOC facility,12535 LIMA ROAD,FORT WAYNE,Allen,41.1959214,-85.1732332
Indiana,Putnam County,Indiana Department of Corrections,BARTHOLOMEW COUNTY JAIL,hifld_prisons,COUNTY,NA,18,18005,OPEN,doc_excluded_local_jail,source type indicates local/federal jail or non-DOC facility,543 2ND ST,COLUMBUS,Bartholomew,39.1998152720462,-85.91899560616797
Indiana,Putnam County,Indiana Department of Corrections,BARTHOLOMEW COUNTY JUVENILE DETENTION FACILITY,hifld_prisons,COUNTY,NA,18,18005,OPEN,doc_excluded_local_jail,source type indicates local/federal jail or non-DOC facility,2350 ILLINOIS ST,COLUMBUS,Bartholomew,39.19642757264356,-85.89678159920992
Indiana,Putnam County,Indiana Department of Corrections,BARTHOLOMEW COUNTY SHERIFF OFFICE / BARTHOLOMEW COUNTY JAIL,hifld,SHERIFF'S OFFICE,NA,18,18005,OPEN,doc_excluded_local_jail,source type indicates local/federal jail or non-DOC facility,543 2ND STREET,COLUMBUS,Bartholomew,39.1999316,-85.9191338
Indiana,Putnam County,Indiana Department of Corrections,BENTON COUNTY JAIL,hifld_prisons,COUNTY,NA,18,18007,OPEN,doc_excluded_local_jail,source type indicates local/federal jail or non-DOC facility,105 SOUTH LINCOLN AVE,FOWLER,Benton,40.61715332201046,-87.31589191748229
Indiana,Putnam County,Indiana Department of Corrections,BENTON COUNTY SHERIFFS DEPARTMENT / BENTON COUNTY JAIL,hifld,SHERIFF'S OFFICE,NA,18,18007,OPEN,doc_excluded_local_jail,source type indicates local/federal jail or non-DOC facility,105 SOUTH LINCOLN AVENUE,FOWLER,Benton,40.617083,-87.3160009
Indiana,Putnam County,Indiana Department of Corrections,BLACKFORD COUNTY JAIL,hifld_prisons,COUNTY,NA,18,18009,OPEN,doc_excluded_local_jail,source type indicates local/federal jail or non-DOC facility,64 N 500 E,HARTFORD CITY,Blackford,40.45056314024604,-85.27730953442024
Indiana,Putnam County,Indiana Department of Corrections,BLACKFORD COUNTY SHERIFFS OFFICE / BLACKFORD COUNTY JAIL,hifld,SHERIFF'S OFFICE,NA,18,18009,OPEN,doc_excluded_local_jail,source type indicates local/federal jail or non-DOC facility,64 NORTH COUNTY ROAD 500 EAST,HARTFORD CITY,Blackford,40.45064542,-85.277277653
Indiana,Putnam County,Indiana Department of Corrections,BOONE COUNTY JAIL,hifld_prisons,COUNTY,NA,18,18011,OPEN,doc_excluded_local_jail,source type indicates local/federal jail or non-DOC facility,1905 INDIANAPOLIS AVE,LEBANON,Boone,40.03320976258329,-86.449534642988
Indiana,Putnam County,Indiana Department of Corrections,BOONE COUNTY SHERIFFS OFFICE / BOONE COUNTY JAIL,hifld,SHERIFF'S OFFICE,NA,18,18011,OPEN,doc_excluded_local_jail,source type indicates local/federal jail or non-DOC facility,1905 INDIANAPOLIS AVENUE,LEBANON,Boone,40.0331354,-86.4494931
Indiana,Putnam County,Indiana Department of Corrections,BROWN COUNTY JAIL,hifld_prisons,COUNTY,NA,18,18013,OPEN,doc_excluded_local_jail,source type indicates local/federal jail or non-DOC facility,55 E STATE RD 46,NASHVILLE,Brown,39.201633342927984,-86.24375007033937
Indiana,Putnam County,Indiana Department of Corrections,BROWN COUNTY SHERIFFS OFFICE,hifld,SHERIFF'S OFFICE,NA,18,18013,OPEN,doc_excluded_local_jail,source type indicates local/federal jail or non-DOC facility,55 STATE ROAD 46 EAST,NASHVILLE,Brown,39.2016254,-86.243743201
Indiana,Putnam County,Indiana Department of Corrections,CARROLL COUNTY JAIL,hifld_prisons,COUNTY,NA,18,18015,OPEN,doc_excluded_local_jail,source type indicates local/federal jail or non-DOC facility,310 WEST MAIN ST,DELPHI,Carroll,40.584786005335594,-86.67668888814609
Indiana,Putnam County,Indiana Department of Corrections,CARROLL COUNTY SHERIFF / CARROLL COUNTY JAIL,hifld,SHERIFF'S OFFICE,NA,18,18015,OPEN,doc_excluded_local_jail,source type indicates local/federal jail or non-DOC facility,310 WEST MAIN STREET,DELPHI,Carroll,40.5847773,-86.676670901
Indiana,Putnam County,Indiana Department of Corrections,CASS COUNTY JAIL,hifld_prisons,COUNTY,NA,18,18017,OPEN,doc_excluded_local_jail,source type indicates local/federal jail or non-DOC facility,100 COURT PARK,LOGANSPORT,Cass,40.75543107394101,-86.36689710058194
Indiana,Putnam County,Indiana Department of Corrections,CASS/PULASKI COMMUNITY CORRECTIONS,hifld_prisons,COUNTY,NA,18,18017,OPEN,doc_excluded_local_jail,source type indicates local/federal jail or non-DOC facility,520 HIGH STREET,LOGANSPORT,Cass,40.75693293165518,-86.36407749134726
Indiana,Putnam County,Indiana Department of Corrections,CASS COUNTY SHERIFFS DEPARTMENT,hifld,SHERIFF'S OFFICE,NA,18,18017,OPEN,doc_excluded_local_jail,source type indicates local/federal jail or non-DOC facility,100 COURT PARK,LOGANSPORT,Cass,40.755226,-86.3669297
Indiana,Putnam County,Indiana Department of Corrections,Clark County Jail,jails_prisons,JAILS,Clark County Sheriffs Office,18,18019,1,doc_excluded_local_jail,source type indicates local/federal jail or non-DOC facility,501 E Court Avenue,Jeffersonville,Clark County,NA,NA
Indiana,Putnam County,Indiana Department of Corrections,CLARK COUNTY SHERIFF DEPARTMENT / CLARK COUNTY JAIL,hifld,SHERIFF'S OFFICE,NA,18,18019,OPEN,doc_excluded_local_jail,source type indicates local/federal jail or non-DOC facility,501 EAST COURT AVENUE,JEFFERSONVILLE,Clark,38.277835531,-85.737230045
Indiana,Putnam County,Indiana Department of Corrections,Clay County Justice Center,jails_prisons,JAILS,Clay County Justice Center & Sheriff Office,18,18021,1,doc_excluded_local_jail,source type indicates local/federal jail or non-DOC facility,611 East Jackson Street,Brazil,Clay County,NA,NA
Indiana,Putnam County,Indiana Department of Corrections,CLAY COUNTY SHERIFFS DEPARTMENT / CLAY COUNTY JAIL,hifld,SHERIFF'S OFFICE,NA,18,18021,OPEN,doc_excluded_local_jail,source type indicates local/federal jail or non-DOC facility,611 EAST JACKSON STREET,BRAZIL,Clay,39.523702501,-87.1190716
Indiana,Putnam County,Indiana Department of Corrections,CLEMENTINE B. BARTHOLD JUVENILE DETENTION CENTER,hifld_prisons,COUNTY,NA,18,18019,OPEN,doc_excluded_local_jail,source type indicates local/federal jail or non-DOC facility,609 MEIGS AVE,JEFFERSONVILLE,Clark,38.277779951188705,-85.73685797534164
Indiana,Putnam County,Indiana Department of Corrections,CLINTON COUNTY JAIL,hifld_prisons,COUNTY,NA,18,18023,OPEN,doc_excluded_local_jail,source type indicates local/federal jail or non-DOC facility,301 EAST WALNUT ST,FRANKFORT,Clinton,40.27923177182437,-86.50877622135559
Indiana,Putnam County,Indiana Department of Corrections,CLINTON COUNTY SHERIFFS OFFICE / CLINTON COUNTY JAIL,hifld,SHERIFF'S OFFICE,NA,18,18023,OPEN,doc_excluded_local_jail,source type indicates local/federal jail or non-DOC facility,301 EAST WALNUT STREET,FRANKFORT,Clinton,40.2791955,-86.508749601
Indiana,Putnam County,Indiana Department of Corrections,CRAWFORD COUNTY JAIL,hifld_prisons,COUNTY,NA,18,18025,OPEN,doc_excluded_local_jail,source type indicates local/federal jail or non-DOC facility,715 JUDICIAL PLAZA DRIVE,ENGLISH,Crawford,38.35281547030512,-86.44662682191209
Indiana,Putnam County,Indiana Department of Corrections,CRAWFORD COUNTY SHERIFFS DEPARTMENT / CRAWFORD COUNTY SHERIFFS DEPARTMENT JAIL,hifld,SHERIFF'S OFFICE,NA,18,18025,OPEN,doc_excluded_local_jail,source type indicates local/federal jail or non-DOC facility,715 JUDICIAL PLAZA DRIVE,ENGLISH,Crawford,38.3527557,-86.4466329
Indiana,Putnam County,Indiana Department of Corrections,Daviess County Jail,jails_prisons,JAILS,Daviess County Sheriffs Office,18,18027,1,doc_excluded_local_jail,source type indicates local/federal jail or non-DOC facility,101 NE 4th Street,Washington,Daviess County,NA,NA
Indiana,Putnam County,Indiana Department of Corrections,DAVIESS COUNTY SECURITY CENTER,hifld_prisons,COUNTY,NA,18,18027,OPEN,doc_excluded_local_jail,source type indicates local/federal jail or non-DOC facility,101 NE 4TH ST,WASHINGTON,Daviess,38.65818849722774,-87.17192256789735
Indiana,Putnam County,Indiana Department of Corrections,DAVIESS COUNTY SHERIFF OFFICE / DAVIESS COUNTY SECURITY CENTER,hifld,SHERIFF'S OFFICE,NA,18,18027,OPEN,doc_excluded_local_jail,source type indicates local/federal jail or non-DOC facility,101 NORTHEAST 4TH STREET,WASHINGTON,Daviess,38.65810958,-87.171942723
Indiana,Putnam County,Indiana Department of Corrections,Dearborn County Jail,jails_prisons,JAILS,Dearborn County Sheriffs Office,18,18029,1,doc_excluded_local_jail,source type indicates local/federal jail or non-DOC facility,301 West High Street,Lawrenceburg,Dearborn County,NA,NA
Indiana,Putnam County,Indiana Department of Corrections,DEARBORN COUNTY JUVENILE DETENTION CENTER,hifld_prisons,COUNTY,NA,18,18029,OPEN,doc_excluded_local_jail,source type indicates local/federal jail or non-DOC facility,219 W HIGH ST,LAWRENCEBURG,Dearborn,39.090873863303486,-84.85030983646304
Indiana,Putnam County,Indiana Department of Corrections,DEARBORN COUNTY LAW ENFORCEMENT CENTER,hifld_prisons,COUNTY,NA,18,18029,OPEN,doc_excluded_local_jail,source type indicates local/federal jail or non-DOC facility,301 W HIGH ST,LAWRENCEBURG,Dearborn,39.09094746266282,-84.85097157161474
Indiana,Putnam County,Indiana Department of Corrections,DEARBORN COUNTY SHERIFFS DEPARTMENT,hifld,SHERIFF'S OFFICE,NA,18,18029,OPEN,doc_excluded_local_jail,source type indicates local/federal jail or non-DOC facility,301 WEST HIGH STREET,LAWRENCEBURG,Dearborn,39.0910259,-84.8509589
Indiana,Putnam County,Indiana Department of Corrections,DECATUR COUNTY JAIL,hifld_prisons,COUNTY,NA,18,18031,OPEN,doc_excluded_local_jail,source type indicates local/federal jail or non-DOC facility,601 S IRELAND ST,GREENSBURG,Decatur,39.331438397011226,-85.48975238877584
Indiana,Putnam County,Indiana Department of Corrections,DECATUR COUNTY SHERIFFS DEPARTMENT,hifld,SHERIFF'S OFFICE,NA,18,18031,OPEN,doc_excluded_local_jail,source type indicates local/federal jail or non-DOC facility,315 SOUTH IRELAND STREET,GREENSBURG,Decatur,39.332590179,-85.489775332
Indiana,Putnam County,Indiana Department of Corrections,DEKALB COUNTY JAIL,hifld_prisons,COUNTY,NA,18,18033,OPEN,doc_excluded_local_jail,source type indicates local/federal jail or non-DOC facility,215 EAST 8TH STREET,AUBURN,Dekalb,41.36612932141365,-85.05381645078151
Indiana,Putnam County,Indiana Department of Corrections,DE KALB COUNTY SHERIFFS DEPARTMENT / DE KALB COUNTY JAIL,hifld,SHERIFF'S OFFICE,NA,18,18033,OPEN,doc_excluded_local_jail,source type indicates local/federal jail or non-DOC facility,215 EAST 8TH STREET,AUBURN,Dekalb,41.3662204,-85.053542199
Indiana,Putnam County,Indiana Department of Corrections,DELAWARE COUNTY JAIL,hifld_prisons,COUNTY,NA,18,18035,OPEN,doc_excluded_local_jail,source type indicates local/federal jail or non-DOC facility,100 W WASHINGTON ST,MUNCIE,Delaware,40.195064623236306,-85.3871020719199
Indiana,Putnam County,Indiana Department of Corrections,Delaware County Justice Center,jails_prisons,JAILS,Delaware County Sheriffs Office,18,18035,1,doc_excluded_local_jail,source type indicates local/federal jail or non-DOC facility,100 W Washington Street,Muncie,Delaware County,NA,NA
Indiana,Putnam County,Indiana Department of Corrections,DELAWARE COUNTY JUVENILE DETENTION CENTER,hifld_prisons,COUNTY,NA,18,18035,OPEN,doc_excluded_local_jail,source type indicates local/federal jail or non-DOC facility,3412 W KILGORE AVE,MUNCIE,Delaware,40.18223365692765,-85.42644875337902
Indiana,Putnam County,Indiana Department of Corrections,DELAWARE COUNTY SHERIFF / DELAWARE COUNTY JAIL,hifld,SHERIFF'S OFFICE,NA,18,18035,OPEN,doc_excluded_local_jail,source type indicates local/federal jail or non-DOC facility,"100 WEST WASHINGTON STREET, DELAWARE COUNTY JUSTICE CENTER",MUNCIE,Delaware,40.1950575,-85.3871134
Indiana,Putnam County,Indiana Department of Corrections,DUBOIS COUNTY JAIL,hifld_prisons,COUNTY,NA,18,18037,OPEN,doc_excluded_local_jail,source type indicates local/federal jail or non-DOC facility,255 BRUCKE STRASSE,JASPER,Dubois,38.384363956394786,-86.9279668372219
Indiana,Putnam County,Indiana Department of Corrections,DUBOIS COUNTY SHERIFFS DEPARTMENT / DUBOIS COUNTY JAIL,hifld,SHERIFF'S OFFICE,NA,18,18037,OPEN,doc_excluded_local_jail,source type indicates local/federal jail or non-DOC facility,255 BRUCKE STRASSE,JASPER,Dubois,38.384794,-86.9279798
Indiana,Putnam County,Indiana Department of Corrections,Elkhart County Correctional Complex,jails_prisons,JAILS,Elkhart County Sheriffs Department,18,18039,1,doc_excluded_local_jail,source type indicates local/federal jail or non-DOC facility,26861 County Road 26,Elkhart,Elkhart County,NA,NA
Indiana,Putnam County,Indiana Department of Corrections,ELKHART COUNTY CORRECTIONS CENTER,hifld_prisons,COUNTY,NA,18,18039,OPEN,doc_excluded_local_jail,source type indicates local/federal jail or non-DOC facility,26861 C.R. 26,ELKHART,Elkhart,41.62512945298934,-85.9812815211961
Indiana,Putnam County,Indiana Department of Corrections,ELKHART COUNTY SHERIFF DEPARTMENT,hifld,SHERIFF'S OFFICE,NA,18,18039,OPEN,doc_excluded_local_jail,source type indicates local/federal jail or non-DOC facility,26861 COUNTY ROAD 26,GOSHEN,Elkhart,41.624259,-85.978647
Indiana,Putnam County,Indiana Department of Corrections,ELKHART COUNTY WORK RELEASE,hifld_prisons,COUNTY,NA,18,18039,OPEN,doc_excluded_local_jail,source type indicates local/federal jail or non-DOC facility,201 N COTTAGE AVE,GOSHEN,Elkhart,41.58837911678072,-85.83014919312323
Indiana,Putnam County,Indiana Department of Corrections,FAYETTE COUNTY JAIL,hifld_prisons,COUNTY,NA,18,18041,OPEN,doc_excluded_local_jail,source type indicates local/federal jail or non-DOC facility,123 WEST FOURTH STREET,CONNERSVILLE,Fayette,39.64049759979514,-85.14124575644972
Indiana,Putnam County,Indiana Department of Corrections,FAYETTE COUNTY SHERIFFS DEPARTMENT / FAYETTE COUNTY JAIL,hifld,SHERIFF'S OFFICE,NA,18,18041,OPEN,doc_excluded_local_jail,source type indicates local/federal jail or non-DOC facility,123 WEST FOURTH STREET,CONNERSVILLE,Fayette,39.6404531,-85.141139
Indiana,Putnam County,Indiana Department of Corrections,FCI TERRE HAUTE,hifld_prisons,FEDERAL,NA,18,18167,OPEN,doc_excluded_local_jail,source type indicates local/federal jail or non-DOC facility,4200 BUREAU RD N,TERRE HAUTE,Vigo,39.41702842419046,-87.45117206347058
Indiana,Putnam County,Indiana Department of Corrections,FCI TERRE HAUTE CAMP,hifld_prisons,FEDERAL,NA,18,18167,OPEN,doc_excluded_local_jail,source type indicates local/federal jail or non-DOC facility,4200 BUREAU RD N,TERRE HAUTE,Vigo,39.41104430049551,-87.456844030963
Indiana,Putnam County,Indiana Department of Corrections,FLOYD COUNTY JAIL,hifld_prisons,COUNTY,NA,18,18043,OPEN,doc_excluded_local_jail,source type indicates local/federal jail or non-DOC facility,311 HAUSS SQUARE,NEW ALBANY,Floyd,38.28451830586548,-85.82540992995659
Indiana,Putnam County,Indiana Department of Corrections,FLOYD COUNTY SHERIFF DEPARTMENT / FLOYD COUNTY JAIL,hifld,SHERIFF'S OFFICE,NA,18,18043,OPEN,doc_excluded_local_jail,source type indicates local/federal jail or non-DOC facility,"311 HAUSS SQUARE, CRIMINAL JUSTICE CENTER",NEW ALBANY,Floyd,38.2844935,-85.825392201
Indiana,Putnam County,Indiana Department of Corrections,FORT WAYNE ALLEN COUNTY AIRPORT AUTHORITY AND PUBLIC SAFETY,hifld,SPECIAL JURISDICTION,NA,18,18003,OPEN,doc_excluded_local_jail,source type indicates local/federal jail or non-DOC facility,3808 WINTERS ROAD,FORT WAYNE,Allen,40.9748795,-85.1858893
Indiana,Putnam County,Indiana Department of Corrections,FOUNTAIN COUNTY JAIL,hifld_prisons,COUNTY,NA,18,18045,OPEN,doc_excluded_local_jail,source type indicates local/federal jail or non-DOC facility,439 E 50 S,VEEDERSBURG,Fountain,40.117681941015555,-87.24072876967425
Indiana,Putnam County,Indiana Department of Corrections,FOUNTAIN COUNTY JAIL (OLD),hifld_prisons,COUNTY,NA,18,18045,CLOSED,doc_excluded_local_jail,source type indicates local/federal jail or non-DOC facility,216 UNION STREET,COVINGTON,Fountain,40.135197826890476,-87.39775616451492
Indiana,Putnam County,Indiana Department of Corrections,FOUNTAIN COUNTY SHERIFFS DEPARTMENT / FOUNTAIN COUNTY JAIL,hifld,SHERIFF'S OFFICE,NA,18,18045,OPEN,doc_excluded_local_jail,source type indicates local/federal jail or non-DOC facility,216 UNION STREET,COVINGTON,Fountain,40.1352022,-87.3977369
Indiana,Putnam County,Indiana Department of Corrections,FRANKLIN COUNTY JAIL / SHERIFF,hifld_prisons,COUNTY,NA,18,18047,OPEN,doc_excluded_local_jail,source type indicates local/federal jail or non-DOC facility,371 MAIN STREET,BROOKVILLE,Franklin,39.41826416345364,-85.01241010498651
Indiana,Putnam County,Indiana Department of Corrections,Franklin County Section Center,jails_prisons,JAILS,Franklin County Sheriffs Department,18,18047,1,doc_excluded_local_jail,source type indicates local/federal jail or non-DOC facility,371 Main Street,Brookville,Franklin County,NA,NA
Indiana,Putnam County,Indiana Department of Corrections,FRANKLIN COUNTY SHERIFF DEPARTMENT / FRANKLIN COUNTY JAIL,hifld,SHERIFF'S OFFICE,NA,18,18047,OPEN,doc_excluded_local_jail,source type indicates local/federal jail or non-DOC facility,371 MAIN STREET,BROOKVILLE,Franklin,39.418300915,-85.012435992
Indiana,Putnam County,Indiana Department of Corrections,FULTON COUNTY JAIL,hifld_prisons,COUNTY,NA,18,18049,OPEN,doc_excluded_local_jail,source type indicates local/federal jail or non-DOC facility,2006 SWEETGUM RD,ROCHESTER,Fulton,41.05195216502157,-86.23191368237481
Indiana,Putnam County,Indiana Department of Corrections,FULTON COUNTY JAIL (OLD),hifld_prisons,COUNTY,NA,18,18049,CLOSED,doc_excluded_local_jail,source type indicates local/federal jail or non-DOC facility,815 MADISON ST,ROCHESTER,Fulton,41.06554386559891,-86.21400987684169
Indiana,Putnam County,Indiana Department of Corrections,FULTON COUNTY SHERIFF DEPARTMENT,hifld,SHERIFF'S OFFICE,NA,18,18049,OPEN,doc_excluded_local_jail,source type indicates local/federal jail or non-DOC facility,200 EAST 8TH STREET,ROCHESTER,Fulton,41.065593474,-86.214085559
Indiana,Putnam County,Indiana Department of Corrections,GIBSON COUNTY JAIL,hifld_prisons,COUNTY,NA,18,18051,OPEN,doc_excluded_local_jail,source type indicates local/federal jail or non-DOC facility,112 E EMERSON ST,PRINCETON,Gibson,38.3575207227116,-87.56707272573043
Indiana,Putnam County,Indiana Department of Corrections,GIBSON COUNTY SHERIFFS DEPARTMENT / GIBSON COUNTY JAIL,hifld,SHERIFF'S OFFICE,NA,18,18051,OPEN,doc_excluded_local_jail,source type indicates local/federal jail or non-DOC facility,112 EAST EMERSON STREET,PRINCETON,Gibson,38.357422852,-87.567230048
Indiana,Putnam County,Indiana Department of Corrections,GRANT COUNTY JAIL,hifld_prisons,COUNTY,NA,18,18053,OPEN,doc_excluded_local_jail,source type indicates local/federal jail or non-DOC facility,214 EAST 4TH ST,MARION,Grant,40.55757836193966,-85.6580619143904
Indiana,Putnam County,Indiana Department of Corrections,GRANT COUNTY JUVENILE DETENTION CENTER,hifld_prisons,COUNTY,NA,18,18053,OPEN,doc_excluded_local_jail,source type indicates local/federal jail or non-DOC facility,501 SOUTH ADAMS ST,MARION,Grant,40.556452103389766,-85.65803216210504
Indiana,Putnam County,Indiana Department of Corrections,Grant County Security Complex,jails_prisons,JAILS,Grant County Sheriffs Office,18,18053,1,doc_excluded_local_jail,source type indicates local/federal jail or non-DOC facility,214 East 4th Street,Marion,Grant County,NA,NA
Indiana,Putnam County,Indiana Department of Corrections,GRANT COUNTY SHERIFFS DEPARTMENT / GRANT COUNTY JAIL,hifld,SHERIFF'S OFFICE,NA,18,18053,OPEN,doc_excluded_local_jail,source type indicates local/federal jail or non-DOC facility,214 EAST 4TH STREET,MARION,Grant,40.557584435,-85.657978757
Indiana,Putnam County,Indiana Department of Corrections,GREENE COUNTY JAIL,hifld_prisons,COUNTY,NA,18,18055,OPEN,doc_excluded_local_jail,source type indicates local/federal jail or non-DOC facility,204 COUNTY ROAD 70 EAST,BLOOMFIELD,Greene,39.02455365796553,-86.92797380935399
Indiana,Putnam County,Indiana Department of Corrections,GREENE COUNTY SHERIFF / GREENE COUNTY JAIL,hifld,SHERIFF'S OFFICE,NA,18,18055,OPEN,doc_excluded_local_jail,source type indicates local/federal jail or non-DOC facility,204 COUNTY ROAD 70 EAST,BLOOMFIELD,Greene,39.0244697,-86.9283571
Indiana,Putnam County,Indiana Department of Corrections,HAMILTON COUNTY COMMUNITY CORRECTIONS,hifld_prisons,COUNTY,NA,18,18057,OPEN,doc_excluded_local_jail,source type indicates local/federal jail or non-DOC facility,18104 CUMBERLAND ROAD,NOBLESVILLE,Hamilton,40.05152678005326,-85.99438429586185
Indiana,Putnam County,Indiana Department of Corrections,HAMILTON COUNTY JAIL,hifld,LOCAL POLICE DEPARTMENT,NA,18,18057,OPEN,doc_excluded_local_jail,source type indicates local/federal jail or non-DOC facility,18102 CUMBERLAND ROAD,NOBLESVILLE,Hamilton,40.052165317,-85.99316753
Indiana,Putnam County,Indiana Department of Corrections,HAMILTON COUNTY JUVENILE DETENTION CENTER,hifld_prisons,COUNTY,NA,18,18057,OPEN,doc_excluded_local_jail,source type indicates local/federal jail or non-DOC facility,18106 CUMBERLAND RD,NOBLESVILLE,Hamilton,40.053154782366185,-85.99416661530324
Indiana,Putnam County,Indiana Department of Corrections,HAMILTON COUNTY SHERIFFS DEPARTMENT,hifld,SHERIFF'S OFFICE,NA,18,18057,OPEN,doc_excluded_local_jail,source type indicates local/federal jail or non-DOC facility,18100 CUMBERLAND ROAD,NOBLESVILLE,Hamilton,40.052253,-85.992902201
Indiana,Putnam County,Indiana Department of Corrections,HAMMOND JAIL,hifld_prisons,LOCAL,NA,18,18089,OPEN,doc_excluded_local_jail,source type indicates local/federal jail or non-DOC facility,509 DOUGLAS ST,HAMMOND,Lake,41.615708137739304,-87.51603095880081
Indiana,Putnam County,Indiana Department of Corrections,HANCOCK COUNTY COMMUNITY CORRECTIONS,hifld_prisons,COUNTY,NA,18,18059,OPEN,doc_excluded_local_jail,source type indicates local/federal jail or non-DOC facility,123 E MAIN ST,GREENFIELD,Hancock,39.78484132281173,-85.76714746549577
Indiana,Putnam County,Indiana Department of Corrections,HANCOCK COUNTY JAIL,hifld_prisons,COUNTY,NA,18,18059,OPEN,doc_excluded_local_jail,source type indicates local/federal jail or non-DOC facility,398 MALCOLM GRASS WAY,GREENFIELD,Hancock,39.79150442645259,-85.72010146003876
Indiana,Putnam County,Indiana Department of Corrections,HANCOCK COUNTY SHERIFFS DEPARTMENT / HANCOCK COUNTY JAIL,hifld,SHERIFF'S OFFICE,NA,18,18059,OPEN,doc_excluded_local_jail,source type indicates local/federal jail or non-DOC facility,123 EAST MAIN STREET,GREENFIELD,Hancock,39.7847143,-85.76744
Indiana,Putnam County,Indiana Department of Corrections,HARRISON COUNTY JAIL,hifld_prisons,COUNTY,NA,18,18061,OPEN,doc_excluded_local_jail,source type indicates local/federal jail or non-DOC facility,1445 GARDNER LANE,CORYDON,Harrison,38.223028120736245,-86.14332169800457
Indiana,Putnam County,Indiana Department of Corrections,HARRISON COUNTY SHERIFFS DEPARTMENT / HARRISON COUNTY JAIL,hifld,SHERIFF'S OFFICE,NA,18,18061,OPEN,doc_excluded_local_jail,source type indicates local/federal jail or non-DOC facility,1445 GARDNER LANE,CORYDON,Harrison,38.223036701,-86.1431572
Indiana,Putnam County,Indiana Department of Corrections,HENDRICKS COUNTY JAIL,hifld_prisons,COUNTY,NA,18,18063,OPEN,doc_excluded_local_jail,source type indicates local/federal jail or non-DOC facility,189 E CAMPUS BLVD,DANVILLE,Hendricks,39.758310059402966,-86.50147490805377
Indiana,Putnam County,Indiana Department of Corrections,HENDRICKS COUNTY JAIL (OLD),hifld_prisons,COUNTY,NA,18,18063,CLOSED,doc_excluded_local_jail,source type indicates local/federal jail or non-DOC facility,925 E MAIN ST,DANVILLE,Hendricks,39.75854253932568,-86.50398688299462
Indiana,Putnam County,Indiana Department of Corrections,HENDRICKS COUNTY SHERIFFS DEPARTMENT / HENDRICKS COUNTY JAIL,hifld,SHERIFF'S OFFICE,NA,18,18063,OPEN,doc_excluded_local_jail,source type indicates local/federal jail or non-DOC facility,925 EAST MAIN STREET,DANVILLE,Hendricks,39.758532899,-86.5038566
Indiana,Putnam County,Indiana Department of Corrections,HENDRICKS COUNTY WORK RELEASE FACILITY,hifld_prisons,COUNTY,NA,18,18063,OPEN,doc_excluded_local_jail,source type indicates local/federal jail or non-DOC facility,200 E CAMPUS BLVD,DANVILLE,Hendricks,39.75741953733267,-86.50265862126088
Indiana,Putnam County,Indiana Department of Corrections,HENRY COUNTY JAIL,hifld_prisons,COUNTY,NA,18,18065,OPEN,doc_excluded_local_jail,source type indicates local/federal jail or non-DOC facility,1033 RON LAMPE WAY,NEW CASTLE,Henry,39.96025719395207,-85.36815762797494
Indiana,Putnam County,Indiana Department of Corrections,HENRY COUNTY SHERIFFS OFFICE / HENRY COUNTY JAIL,hifld,SHERIFF'S OFFICE,NA,18,18065,OPEN,doc_excluded_local_jail,source type indicates local/federal jail or non-DOC facility,127 NORTH 12TH STREET,NEW CASTLE,Henry,39.932114332,-85.372347874
Indiana,Putnam County,Indiana Department of Corrections,HOWARD COUNTY CRIMINAL JUSTICE CENTER,hifld_prisons,COUNTY,NA,18,18067,OPEN,doc_excluded_local_jail,source type indicates local/federal jail or non-DOC facility,1800 W MARKLAND AVE,KOKOMO,Howard,40.477190091904774,-86.15667805990014
Indiana,Putnam County,Indiana Department of Corrections,HUNTINGTON COUNTY JAIL,hifld_prisons,COUNTY,NA,18,18069,OPEN,doc_excluded_local_jail,source type indicates local/federal jail or non-DOC facility,332 E STATE ST,HUNTINGTON,Huntington,40.88076043080524,-85.49128557816513
Indiana,Putnam County,Indiana Department of Corrections,HUNTINGTON COUNTY SHERIFFS OFFICE / HUNTINGTON COUNTY JAIL,hifld,SHERIFF'S OFFICE,NA,18,18069,OPEN,doc_excluded_local_jail,source type indicates local/federal jail or non-DOC facility,332 EAST STATE STREET,HUNTINGTON,Huntington,40.880674927,-85.491252295
Indiana,Putnam County,Indiana Department of Corrections,Jackson County Jail,jails_prisons,JAILS,Jackson County Sheriffs Department,18,18071,1,doc_excluded_local_jail,source type indicates local/federal jail or non-DOC facility,150 East SR 250,Brownstown,Jackson County,NA,NA
Indiana,Putnam County,Indiana Department of Corrections,JACKSON COUNTY JAIL / SHERIFF,hifld_prisons,COUNTY,NA,18,18071,OPEN,doc_excluded_local_jail,source type indicates local/federal jail or non-DOC facility,150 EAST STATE ROAD 250,BROWNSTOWN,Jackson,38.87462422667772,-86.03643030324915
Indiana,Putnam County,Indiana Department of Corrections,JACKSON COUNTY JUVENILE DETENTION CENTER,hifld_prisons,COUNTY,NA,18,18071,OPEN,doc_excluded_local_jail,source type indicates local/federal jail or non-DOC facility,150 EAST STATE ROAD 250,BROWNSTOWN,Jackson,38.874269476879434,-86.03586508781642
Indiana,Putnam County,Indiana Department of Corrections,JACKSON COUNTY SHERIFFS OFFICE / JACKSON COUNTY JAIL,hifld,SHERIFF'S OFFICE,NA,18,18071,OPEN,doc_excluded_local_jail,source type indicates local/federal jail or non-DOC facility,150 EAST STATE ROAD 250,BROWNSTOWN,Jackson,38.8744699,-86.0362864
Indiana,Putnam County,Indiana Department of Corrections,JASPER COUNTY COMMUNITY CORRECTIONS,hifld_prisons,COUNTY,NA,18,18073,OPEN,doc_excluded_local_jail,source type indicates local/federal jail or non-DOC facility,2420 WEST CLARK STREET,RENSSELAER,Jasper,40.94140385726872,-87.18422985786442
Indiana,Putnam County,Indiana Department of Corrections,JASPER COUNTY DETENTION CENTER,hifld_prisons,COUNTY,NA,18,18073,OPEN,doc_excluded_local_jail,source type indicates local/federal jail or non-DOC facility,2171 NORTH MCKINLEY AVENUE,RENSSELAER,Jasper,40.95872519086103,-87.14976018788433
Indiana,Putnam County,Indiana Department of Corrections,Jasper County Jail,jails_prisons,JAILS,Jasper County Sheriffs Office,18,18073,1,doc_excluded_local_jail,source type indicates local/federal jail or non-DOC facility,2171 N McKinley Avenue,Rensselaer,Jasper County,NA,NA
Indiana,Putnam County,Indiana Department of Corrections,JASPER COUNTY SHERIFFS OFFICE / JASPER COUNTY JAIL,hifld,SHERIFF'S OFFICE,NA,18,18073,OPEN,doc_excluded_local_jail,source type indicates local/federal jail or non-DOC facility,2171 NORTH MCKINLEY AVENUE,RENSSELAER,Jasper,40.95874545,-87.149862343
Indiana,Putnam County,Indiana Department of Corrections,JAY COUNTY JAIL,hifld_prisons,COUNTY,NA,18,18075,OPEN,doc_excluded_local_jail,source type indicates local/federal jail or non-DOC facility,224 WEST WATER STREET,PORTLAND,Jay,40.43275326009918,-84.98009075460237
Indiana,Putnam County,Indiana Department of Corrections,JAY COUNTY SHERIFF DEPARTMENT / JAY COUNTY JAIL,hifld,SHERIFF'S OFFICE,NA,18,18075,OPEN,doc_excluded_local_jail,source type indicates local/federal jail or non-DOC facility,224 WEST WATER STREET,PORTLAND,Jay,40.4325566,-84.9799995
Indiana,Putnam County,Indiana Department of Corrections,JEFFERSON COUNTY JAIL,hifld_prisons,COUNTY,NA,18,18077,OPEN,doc_excluded_local_jail,source type indicates local/federal jail or non-DOC facility,1150 JA BERRY LANE,MADISON,Jefferson,38.786343057553445,-85.41197083501152
Indiana,Putnam County,Indiana Department of Corrections,JEFFERSON COUNTY JAIL (OLD),hifld_prisons,COUNTY,NA,18,18077,CLOSED,doc_excluded_local_jail,source type indicates local/federal jail or non-DOC facility,317 SOUTH WALNUT STREET,MADISON,Jefferson,38.735821029728086,-85.37623670852028
Indiana,Putnam County,Indiana Department of Corrections,JEFFERSON COUNTY SHERIFFS DEPARTMENT / JEFFERSON COUNTY JAIL,hifld,SHERIFF'S OFFICE,NA,18,18077,OPEN,doc_excluded_local_jail,source type indicates local/federal jail or non-DOC facility,317 SOUTH WALNUT STREET,MADISON,Jefferson,38.7359255,-85.3762192
Indiana,Putnam County,Indiana Department of Corrections,JENNINGS COUNTY JAIL,hifld_prisons,COUNTY,NA,18,18079,OPEN,doc_excluded_local_jail,source type indicates local/federal jail or non-DOC facility,925 SOUTH STATE STREET,NORTH VERNON,Jennings,38.994024321844705,-85.61813551566581
Indiana,Putnam County,Indiana Department of Corrections,JENNINGS COUNTY SHERIFF DEPARTMENT / JENNINGS COUNTY JAIL,hifld,SHERIFF'S OFFICE,NA,18,18079,OPEN,doc_excluded_local_jail,source type indicates local/federal jail or non-DOC facility,925 SOUTH STATE STREET,NORTH VERNON,Jennings,38.9940914,-85.618206901
Indiana,Putnam County,Indiana Department of Corrections,JOHNSON COUNTY COMMUNITY CORRECTIONS,hifld_prisons,COUNTY,NA,18,18081,OPEN,doc_excluded_local_jail,source type indicates local/federal jail or non-DOC facility,1071 HOSPITAL RD,FRANKLIN,Johnson,39.477079864258116,-86.07518551372625
Indiana,Putnam County,Indiana Department of Corrections,Johnson County Jail,jails_prisons,JAILS,Johnson County Sheriffs Office,18,18081,1,doc_excluded_local_jail,source type indicates local/federal jail or non-DOC facility,1091 Hospital Road,Franklin,Johnson County,NA,NA
Indiana,Putnam County,Indiana Department of Corrections,JOHNSON COUNTY JAIL / LAW ENFORCEMENT CENTER,hifld_prisons,COUNTY,NA,18,18081,OPEN,doc_excluded_local_jail,source type indicates local/federal jail or non-DOC facility,1091 HOSPITAL RD,FRANKLIN,Johnson,39.47640580957966,-86.076120378093
Indiana,Putnam County,Indiana Department of Corrections,JOHNSON COUNTY JUVENILE DETENTION CENTER,hifld_prisons,COUNTY,NA,18,18081,OPEN,doc_excluded_local_jail,source type indicates local/federal jail or non-DOC facility,1121 HOSPITAL RD,FRANKLIN,Johnson,39.47724565471621,-86.0769820903672
Indiana,Putnam County,Indiana Department of Corrections,JOHNSON COUNTY SHERIFF DEPARTMENT / JOHNSON COUNTY JAIL,hifld,SHERIFF'S OFFICE,NA,18,18081,OPEN,doc_excluded_local_jail,source type indicates local/federal jail or non-DOC facility,1091 HOSPITAL ROAD,FRANKLIN,Johnson,39.476463701,-86.0761189
Indiana,Putnam County,Indiana Department of Corrections,Knox County Jail,jails_prisons,JAILS,Knox County Sheriffs Department,18,18083,1,doc_excluded_local_jail,source type indicates local/federal jail or non-DOC facility,2375 South Old Decker Road,Vincennes,Knox County,NA,NA
Indiana,Putnam County,Indiana Department of Corrections,KNOX COUNTY SHERIFF DEPARTMENT / KNOX COUNTY JAIL,hifld,SHERIFF'S OFFICE,NA,18,18083,OPEN,doc_excluded_local_jail,source type indicates local/federal jail or non-DOC facility,2375 OLD DECKER ROAD,VINCENNES,Knox,38.6409612,-87.5263054
Indiana,Putnam County,Indiana Department of Corrections,KNOX COUNTY SHERIFF'S DEPARTMENT,hifld_prisons,COUNTY,NA,18,18083,OPEN,doc_excluded_local_jail,source type indicates local/federal jail or non-DOC facility,2375 S OLD DECKER ROAD,VINCENNES,Knox,38.64101650026789,-87.52639033140736
Indiana,Putnam County,Indiana Department of Corrections,KOSCIUSKO COUNTY JAIL,hifld_prisons,COUNTY,NA,18,18085,OPEN,doc_excluded_local_jail,source type indicates local/federal jail or non-DOC facility,221 W MAIN ST,WARSAW,Kosciusko,41.23861132960919,-85.85867453410954
Indiana,Putnam County,Indiana Department of Corrections,KOSCIUSKO COUNTY SHERIFFS DEPARTMENT / KOSCIUSKO COUNTY JAIL,hifld,SHERIFF'S OFFICE,NA,18,18085,OPEN,doc_excluded_local_jail,source type indicates local/federal jail or non-DOC facility,221 WEST MAIN STREET,WARSAW,Kosciusko,41.2386207,-85.858634
Indiana,Putnam County,Indiana Department of Corrections,LAGRANGE COUNTY JAIL,hifld_prisons,COUNTY,NA,18,18087,OPEN,doc_excluded_local_jail,source type indicates local/federal jail or non-DOC facility,0875 S SR 9,LAGRANGE,Lagrange,41.62953035996103,-85.4147446412741
Indiana,Putnam County,Indiana Department of Corrections,LAGRANGE COUNTY SHERIFFS DEPARTMENT,hifld,SHERIFF'S OFFICE,NA,18,18087,OPEN,doc_excluded_local_jail,source type indicates local/federal jail or non-DOC facility,875 SOUTH STATE ROAD 9,LAGRANGE,Lagrange,41.6295195,-85.414805701
Indiana,Putnam County,Indiana Department of Corrections,LAKE COUNTY COMMUNITY CORRECTIONS,hifld_prisons,COUNTY,NA,18,18089,OPEN,doc_excluded_local_jail,source type indicates local/federal jail or non-DOC facility,2600 WEST 93RD AVENUE,CROWN POINT,Lake,41.450458266715934,-87.36762520786947
Indiana,Putnam County,Indiana Department of Corrections,LAKE COUNTY JAIL,hifld_prisons,COUNTY,NA,18,18089,OPEN,doc_excluded_local_jail,source type indicates local/federal jail or non-DOC facility,2293 N MAIN ST,CROWN POINT,Lake,41.44797722443773,-87.37160313245728
Indiana,Putnam County,Indiana Department of Corrections,LAKE COUNTY JUVENILE JUSTICE COMPLEX,hifld_prisons,COUNTY,NA,18,18089,OPEN,doc_excluded_local_jail,source type indicates local/federal jail or non-DOC facility,3000 W 93RD AVE,CROWN POINT,Lake,41.45133081860574,-87.37188956025682
Indiana,Putnam County,Indiana Department of Corrections,LAKE COUNTY SHERIFF DEPARTMENT - EAST CHICAGO,hifld,SHERIFF'S OFFICE,NA,18,18089,OPEN,doc_excluded_local_jail,source type indicates local/federal jail or non-DOC facility,3711 MAIN STREET,EAST CHICAGO,Lake,41.64564,-87.4447184
Indiana,Putnam County,Indiana Department of Corrections,LAKE COUNTY SHERIFF DEPARTMENT - GARY,hifld,SHERIFF'S OFFICE,NA,18,18089,OPEN,doc_excluded_local_jail,source type indicates local/federal jail or non-DOC facility,400 BROADWAY,GARY,Lake,41.603520387,-87.33806502
Indiana,Putnam County,Indiana Department of Corrections,LAKE COUNTY SHERIFF DEPARTMENT - HAMMOND,hifld,SHERIFF'S OFFICE,NA,18,18089,OPEN,doc_excluded_local_jail,source type indicates local/federal jail or non-DOC facility,232 EAST RUSSELL STREET,HAMMOND,Lake,41.6165848,-87.520406500000007
Indiana,Putnam County,Indiana Department of Corrections,LAKE COUNTY SHERIFF DEPARTMENT / LAKE COUNTY JAIL,hifld,SHERIFF'S OFFICE,NA,18,18089,OPEN,doc_excluded_local_jail,source type indicates local/federal jail or non-DOC facility,2293 NORTH MAIN STREET,CROWN POINT,Lake,41.448003055,-87.371201178
Indiana,Putnam County,Indiana Department of Corrections,LAPORTE COUNTY DOROTHY S. CROWLEY JUVENILE SERVICE CENTER,hifld_prisons,COUNTY,NA,18,18091,OPEN,doc_excluded_local_jail,source type indicates local/federal jail or non-DOC facility,364 SOUTH ZIGLER RD,LAPORTE,Laporte,41.60177467235078,-86.74892895419592
Indiana,Putnam County,Indiana Department of Corrections,LAPORTE COUNTY JAIL,hifld_prisons,COUNTY,NA,18,18091,OPEN,doc_excluded_local_jail,source type indicates local/federal jail or non-DOC facility,809 STATE ST,LA PORTE,Laporte,41.612062309840766,-86.72292259569335
Indiana,Putnam County,Indiana Department of Corrections,LA PORTE COUNTY SHERIFF OFFICE / LA PORTE COUNTY JAIL,hifld,SHERIFF'S OFFICE,NA,18,18091,OPEN,doc_excluded_local_jail,source type indicates local/federal jail or non-DOC facility,809 STATE STREET,LA PORTE,Laporte,41.612193791,-86.723089913
Indiana,Putnam County,Indiana Department of Corrections,Lawrence County Jail,jails_prisons,JAILS,Lawrence County Sheriffs Office,18,18093,1,doc_excluded_local_jail,source type indicates local/federal jail or non-DOC facility,1420 I Street,Bedford,Lawrence County,NA,NA
Indiana,Putnam County,Indiana Department of Corrections,LAWRENCE COUNTY SECURITY CENTER / JAIL,hifld_prisons,COUNTY,NA,18,18093,OPEN,doc_excluded_local_jail,source type indicates local/federal jail or non-DOC facility,1420 I ST,BEDFORD,Lawrence,38.862474002664065,-86.48234174789724
Indiana,Putnam County,Indiana Department of Corrections,LAWRENCE COUNTY SHERIFFS DEPARTMENT / LAWRENCE COUNTY JAIL,hifld,SHERIFF'S OFFICE,NA,18,18093,OPEN,doc_excluded_local_jail,source type indicates local/federal jail or non-DOC facility,1420 I STREET,BEDFORD,Lawrence,38.8624841,-86.4823144
Indiana,Putnam County,Indiana Department of Corrections,Madison County Detention Center,jails_prisons,JAILS,Madison County Sheriffs Department,18,18095,1,doc_excluded_local_jail,source type indicates local/federal jail or non-DOC facility,720 Central Avenue,Anderson,Madison County,NA,NA
Indiana,Putnam County,Indiana Department of Corrections,MADISON COUNTY JAIL,hifld_prisons,COUNTY,NA,18,18095,OPEN,doc_excluded_local_jail,source type indicates local/federal jail or non-DOC facility,720 CENTRAL AVE,ANDERSON,Madison,40.108336091531875,-85.67658129285125
Indiana,Putnam County,Indiana Department of Corrections,MADISON COUNTY SHERIFFS DEPARTMENT / MADISON COUNTY JAIL,hifld,SHERIFF'S OFFICE,NA,18,18095,OPEN,doc_excluded_local_jail,source type indicates local/federal jail or non-DOC facility,720 CENTRAL AVENUE,ANDERSON,Madison,40.108472405,-85.676637054
Indiana,Putnam County,Indiana Department of Corrections,MADISON COUNTY YOUTH CENTER,hifld_prisons,COUNTY,NA,18,18095,OPEN,doc_excluded_local_jail,source type indicates local/federal jail or non-DOC facility,3420 MOUNDS RD,ANDERSON,Madison,40.09128129323971,-85.63214640733223
Indiana,Putnam County,Indiana Department of Corrections,MARION COUNTY COMMUNITY CORRECTIONS CENTER,hifld_prisons,COUNTY,NA,18,18097,OPEN,doc_excluded_local_jail,source type indicates local/federal jail or non-DOC facility,200 E WASHINGTON ST,INDIANAPOLIS,Marion,39.76798814128839,-86.15353365024527
Indiana,Putnam County,Indiana Department of Corrections,MARION COUNTY JAIL,hifld_prisons,COUNTY,NA,18,18097,OPEN,doc_excluded_local_jail,source type indicates local/federal jail or non-DOC facility,40 S ALABAMA ST,INDIANAPOLIS,Marion,39.76592774076066,-86.15361027612245
Indiana,Putnam County,Indiana Department of Corrections,Marion County Jail II,jails_prisons,JAILS,Marion County Jail II - CoreCivic,18,18097,1,doc_excluded_local_jail,source type indicates local/federal jail or non-DOC facility,730 East Washington Street,Indianapolis,Marion County,NA,NA
Indiana,Putnam County,Indiana Department of Corrections,MARION COUNTY JUVENILE DETENTION CENTER,hifld_prisons,COUNTY,NA,18,18097,OPEN,doc_excluded_local_jail,source type indicates local/federal jail or non-DOC facility,2451 N. KEYSTONE AVE,INDIANAPOLIS,Marion,39.80199650544408,-86.12030592563185
Indiana,Putnam County,Indiana Department of Corrections,MARION COUNTY SHERIFFS DEPARTMENT / MARION COUNTY JAIL,hifld,SHERIFF'S OFFICE,NA,18,18097,OPEN,doc_excluded_local_jail,source type indicates local/federal jail or non-DOC facility,40 SOUTH ALABAMA STREET,INDIANAPOLIS,Marion,39.7659146,-86.1531748
Indiana,Putnam County,Indiana Department of Corrections,MARSHALL COUNTY JAIL,hifld_prisons,COUNTY,NA,18,18099,OPEN,doc_excluded_local_jail,source type indicates local/federal jail or non-DOC facility,1400 PIONEER DRIVE,PLYMOUTH,Marshall,41.35145284479039,-86.34544989690717
Indiana,Putnam County,Indiana Department of Corrections,MARSHALL COUNTY SHERIFFS DEPARTMENT,hifld,SHERIFF'S OFFICE,NA,18,18099,OPEN,doc_excluded_local_jail,source type indicates local/federal jail or non-DOC facility,1400 PIONEER DRIVE,PLYMOUTH,Marshall,41.351506884,-86.345698066
Indiana,Putnam County,Indiana Department of Corrections,MARTIN COUNTY SECURITY CENTER,hifld_prisons,COUNTY,NA,18,18101,OPEN,doc_excluded_local_jail,source type indicates local/federal jail or non-DOC facility,318 CAPITAL AVE,SHOALS,Martin,38.66971835243842,-86.79640827797445
Indiana,Putnam County,Indiana Department of Corrections,MARTIN COUNTY SHERIFFS DEPARTMENT,hifld,SHERIFF'S OFFICE,NA,18,18101,OPEN,doc_excluded_local_jail,source type indicates local/federal jail or non-DOC facility,318 CAPITAL AVENUE,SHOALS,Martin,38.6697031,-86.7963914
Indiana,Putnam County,Indiana Department of Corrections,MIAMI COUNTY JAIL,hifld_prisons,COUNTY,NA,18,18103,OPEN,doc_excluded_local_jail,source type indicates local/federal jail or non-DOC facility,1104 W 200 N,PERU,Miami,40.79432727379545,-86.09653494732368
Indiana,Putnam County,Indiana Department of Corrections,MIAMI COUNTY SHERIFFS DEPARTMENT,hifld,SHERIFF'S OFFICE,NA,18,18103,OPEN,doc_excluded_local_jail,source type indicates local/federal jail or non-DOC facility,35 COURT STREET,PERU,Miami,40.754901578,-86.068305603
Indiana,Putnam County,Indiana Department of Corrections,MICHAEL L. BECHER ADULT CORRECTIONAL COMPLEX,hifld_prisons,COUNTY,NA,18,18019,OPEN,doc_excluded_local_jail,source type indicates local/federal jail or non-DOC facility,501 E COURT AVE,JEFFERSONVILLE,Clark,38.27777495884955,-85.7375835065431
Indiana,Putnam County,Indiana Department of Corrections,MONROE COUNTY CORRECTIONAL CENTER,hifld_prisons,COUNTY,NA,18,18105,OPEN,doc_excluded_local_jail,source type indicates local/federal jail or non-DOC facility,301 N COLLEGE AVE,BLOOMINGTON,Monroe,39.169085675249406,-86.53517866785299
Indiana,Putnam County,Indiana Department of Corrections,Monroe County Jail,jails_prisons,JAILS,Monroe County Sheriffs Office,18,18105,1,doc_excluded_local_jail,source type indicates local/federal jail or non-DOC facility,301 North College Avenue,Bloomington,Monroe County,NA,NA
Indiana,Putnam County,Indiana Department of Corrections,MONTGOMERY COUNTY JAIL,hifld_prisons,COUNTY,NA,18,18107,OPEN,doc_excluded_local_jail,source type indicates local/federal jail or non-DOC facility,600 MEMORIAL DR,CRAWFORDSVILLE,Montgomery,40.05699123626614,-86.89254020858282
Indiana,Putnam County,Indiana Department of Corrections,MONTGOMERY COUNTY SHERIFF / MONTGOMERY COUNTY JAIL,hifld,SHERIFF'S OFFICE,NA,18,18107,OPEN,doc_excluded_local_jail,source type indicates local/federal jail or non-DOC facility,600 MEMORIAL DRIVE,CRAWFORDSVILLE,Montgomery,40.056731322,-86.892845532
Indiana,Putnam County,Indiana Department of Corrections,MORGAN COUNTY JAIL,hifld_prisons,COUNTY,NA,18,18109,OPEN,doc_excluded_local_jail,source type indicates local/federal jail or non-DOC facility,160 N PARK AVE,MARTINSVILLE,Morgan,39.42931740687938,-86.44013101556412
Indiana,Putnam County,Indiana Department of Corrections,MORGAN COUNTY SHERIFF / MORGAN COUNTY JAIL,hifld,SHERIFF'S OFFICE,NA,18,18109,OPEN,doc_excluded_local_jail,source type indicates local/federal jail or non-DOC facility,160 NORTH PARK AVENUE,MARTINSVILLE,Morgan,39.4291004,-86.4397882
Indiana,Putnam County,Indiana Department of Corrections,NEWTON COUNTY JAIL,hifld_prisons,COUNTY,NA,18,18111,OPEN,doc_excluded_local_jail,source type indicates local/federal jail or non-DOC facility,304 EAST SEYMOUR STREET,KENTLAND,Newton,40.76835123390894,-87.44444151420394
Indiana,Putnam County,Indiana Department of Corrections,NEWTON COUNTY SHERIFFS DEPARTMENT / NEWTON COUNTY JAIL,hifld,SHERIFF'S OFFICE,NA,18,18111,OPEN,doc_excluded_local_jail,source type indicates local/federal jail or non-DOC facility,304 EAST SEYMOUR STREET,KENTLAND,Newton,40.7683549,-87.4444309
Indiana,Putnam County,Indiana Department of Corrections,NOBLE COUNTY JAIL,hifld_prisons,COUNTY,NA,18,18113,OPEN,doc_excluded_local_jail,source type indicates local/federal jail or non-DOC facility,210 S 7TH ST,ALBION,Noble,41.3947974577744,-85.4092487873542
Indiana,Putnam County,Indiana Department of Corrections,NOBLE COUNTY SHERIFFS DEPARTMENT / NOBLE COUNTY JAIL,hifld,SHERIFF'S OFFICE,NA,18,18113,OPEN,doc_excluded_local_jail,source type indicates local/federal jail or non-DOC facility,210 SOUTH 7TH STREET,ALBION,Noble,41.394663834,-85.409450017
Indiana,Putnam County,Indiana Department of Corrections,OHIO COUNTY SHERIFF DEPARTMENT,hifld,SHERIFF'S OFFICE,NA,18,18115,OPEN,doc_excluded_local_jail,source type indicates local/federal jail or non-DOC facility,123 SOUTH MULBERRY STREET,RISING SUN,Ohio,38.950089043,-84.856608476
Indiana,Putnam County,Indiana Department of Corrections,ORANGE COUNTY JAIL,hifld_prisons,COUNTY,NA,18,18117,OPEN,doc_excluded_local_jail,source type indicates local/federal jail or non-DOC facility,205 EAST MAIN STREET,PAOLI,Orange,38.55565602859513,-86.46630862368785
Indiana,Putnam County,Indiana Department of Corrections,ORANGE COUNTY SHERIFF DEPARTMENT / ORANGE COUNTY JAIL,hifld,SHERIFF'S OFFICE,NA,18,18117,OPEN,doc_excluded_local_jail,source type indicates local/federal jail or non-DOC facility,205 EAST MAIN STREET,PAOLI,Orange,38.5557126,-86.466373
Indiana,Putnam County,Indiana Department of Corrections,OWEN COUNTY JAIL,hifld_prisons,COUNTY,NA,18,18119,OPEN,doc_excluded_local_jail,source type indicates local/federal jail or non-DOC facility,291 VANDALIA AVENUE,SPENCER,Owen,39.288696042469056,-86.77308747046847
Indiana,Putnam County,Indiana Department of Corrections,OWEN COUNTY SHERIFF DEPARTMENT / OWEN COUNTY JAIL,hifld,SHERIFF'S OFFICE,NA,18,18119,OPEN,doc_excluded_local_jail,source type indicates local/federal jail or non-DOC facility,291 VANDALIA AVENUE,SPENCER,Owen,39.2887267,-86.7730643
Indiana,Putnam County,Indiana Department of Corrections,PARKE COUNTY JAIL,hifld_prisons,COUNTY,NA,18,18121,OPEN,doc_excluded_local_jail,source type indicates local/federal jail or non-DOC facility,458 W STRAWBERRY RD,ROCKVILLE,Parke,39.77560423785377,-87.24473566015014
Indiana,Putnam County,Indiana Department of Corrections,PARKE COUNTY SHERIFF DEPARTMENT / PARKE COUNTY JAIL,hifld,SHERIFF'S OFFICE,NA,18,18121,OPEN,doc_excluded_local_jail,source type indicates local/federal jail or non-DOC facility,458 WEST STRAWBERRY ROAD,ROCKVILLE,Parke,39.7754983,-87.2448355
Indiana,Putnam County,Indiana Department of Corrections,PERRY COUNTY DETENTION CENTER,hifld_prisons,COUNTY,NA,18,18123,OPEN,doc_excluded_local_jail,source type indicates local/federal jail or non-DOC facility,2211 HERRMAN STREET,TELL CITY,Perry,37.96079158344503,-86.75033537732133
Indiana,Putnam County,Indiana Department of Corrections,Perry County Jail,jails_prisons,JAILS,Perry County Detention Center and Sheriffs Office,18,18123,1,doc_excluded_local_jail,source type indicates local/federal jail or non-DOC facility,2211 Herrman Street,Tell City,Perry County,NA,NA
Indiana,Putnam County,Indiana Department of Corrections,PERRY COUNTY SHERIFF / PERRY COUNTY JAIL,hifld,SHERIFF'S OFFICE,NA,18,18123,OPEN,doc_excluded_local_jail,source type indicates local/federal jail or non-DOC facility,119 SOUTH 7TH STREET,CANNELTON,Perry,37.912444487,-86.741030078
Indiana,Putnam County,Indiana Department of Corrections,Pike County Jail,jails_prisons,JAILS,Pike County Sheriffs Office,18,18125,1,doc_excluded_local_jail,source type indicates local/federal jail or non-DOC facility,100 S 4th Street,Petersburg,Pike County,NA,NA
Indiana,Putnam County,Indiana Department of Corrections,PIKE COUNTY JAIL / SHERIFF,hifld_prisons,COUNTY,NA,18,18125,OPEN,doc_excluded_local_jail,source type indicates local/federal jail or non-DOC facility,100 SOUTH 4TH STREET,PETERSBURG,Pike,38.48949343213051,-87.28153977362506
Indiana,Putnam County,Indiana Department of Corrections,PIKE COUNTY SHERIFFS OFFICE / PIKE COUNTY SECURITY CENTER,hifld,SHERIFF'S OFFICE,NA,18,18125,OPEN,doc_excluded_local_jail,source type indicates local/federal jail or non-DOC facility,100 SOUTH 4TH STREET,PETERSBURG,Pike,38.4894712,-87.2815527
Indiana,Putnam County,Indiana Department of Corrections,PORTER COUNTY JAIL,hifld_prisons,COUNTY,NA,18,18127,OPEN,doc_excluded_local_jail,source type indicates local/federal jail or non-DOC facility,2755 STATE RD 49,VALPARAISO,Porter,41.4430815054929,-87.02463433900176
Indiana,Putnam County,Indiana Department of Corrections,PORTER COUNTY JUVENILE SERVICE CENTER,hifld_prisons,COUNTY,NA,18,18127,OPEN,doc_excluded_local_jail,source type indicates local/federal jail or non-DOC facility,1660 S STATE ROAD 2,VALPARAISO,Porter,41.45410080196094,-87.07161416153023
Indiana,Putnam County,Indiana Department of Corrections,PORTER COUNTY SHERIFFS DEPARTMENT / PORTER COUNTY JAIL,hifld,SHERIFF'S OFFICE,NA,18,18127,OPEN,doc_excluded_local_jail,source type indicates local/federal jail or non-DOC facility,2755 STATE ROUTE 49,VALPARAISO,Porter,41.442961522,-87.024841001
Indiana,Putnam County,Indiana Department of Corrections,Posey County Jail,jails_prisons,JAILS,Posey County Sheriffs Office,18,18129,1,doc_excluded_local_jail,source type indicates local/federal jail or non-DOC facility,1201 ODonnel Road,Mount Vernon,Posey County,NA,NA
Indiana,Putnam County,Indiana Department of Corrections,POSEY COUNTY JAIL / SHERIFF,hifld_prisons,COUNTY,NA,18,18129,OPEN,doc_excluded_local_jail,source type indicates local/federal jail or non-DOC facility,1201 ODONNELL RD,MOUNT VERNON,Posey,37.93671727481027,-87.91017605431925
Indiana,Putnam County,Indiana Department of Corrections,POSEY COUNTY SHERIFF / POSEY COUNTY JAIL,hifld,SHERIFF'S OFFICE,NA,18,18129,OPEN,doc_excluded_local_jail,source type indicates local/federal jail or non-DOC facility,1201 ODONNELL ROAD,MOUNT VERNON,Posey,37.936701,-87.910529399
Indiana,Putnam County,Indiana Department of Corrections,PULASKI COUNTY JAIL,hifld_prisons,COUNTY,NA,18,18131,OPEN,doc_excluded_local_jail,source type indicates local/federal jail or non-DOC facility,110 EAST MERIDIAN STREET,WINAMAC,Pulaski,41.050168491042676,-86.60313422040574
Indiana,Putnam County,Indiana Department of Corrections,PULASKI COUNTY SHERIFFS DEPARTMENT / PULASKI COUNTY JAIL,hifld,SHERIFF'S OFFICE,NA,18,18131,OPEN,doc_excluded_local_jail,source type indicates local/federal jail or non-DOC facility,110 EAST MERIDIAN STREET,WINAMAC,Pulaski,41.050257996,-86.603167655
Indiana,Putnam County,Indiana Department of Corrections,PUTNAM COUNTY JAIL,hifld_prisons,COUNTY,NA,18,18133,OPEN,doc_excluded_local_jail,source type indicates local/federal jail or non-DOC facility,13 KEIGHTLY RD,GREENCASTLE,Putnam,39.63343632066632,-86.85469227613021
Indiana,Putnam County,Indiana Department of Corrections,PUTNAM COUNTY SHERIFFS,hifld,SHERIFF'S OFFICE,NA,18,18133,OPEN,doc_excluded_local_jail,source type indicates local/federal jail or non-DOC facility,13 KEIGHTLY ROAD,GREENCASTLE,Putnam,39.6335432,-86.8546955
Indiana,Putnam County,Indiana Department of Corrections,RANDOLPH COUNTY JAIL / SHERIFF,hifld_prisons,COUNTY,NA,18,18135,OPEN,doc_excluded_local_jail,source type indicates local/federal jail or non-DOC facility,155 EAST SOUTH STREET,WINCHESTER,Randolph,40.170795887000054,-84.98031090149999
Indiana,Putnam County,Indiana Department of Corrections,RANDOLPH COUNTY SHERIFF,hifld,SHERIFF'S OFFICE,NA,18,18135,OPEN,doc_excluded_local_jail,source type indicates local/federal jail or non-DOC facility,155 EAST SOUTH STREET,WINCHESTER,Randolph,40.1707308,-84.9802668
Indiana,Putnam County,Indiana Department of Corrections,Ripley County Jail,jails_prisons,JAILS,Ripley County Sheriffs Office,18,18137,1,doc_excluded_local_jail,source type indicates local/federal jail or non-DOC facility,210 North Monroe Street,Versailles,Ripley County,NA,NA
Indiana,Putnam County,Indiana Department of Corrections,RIPLEY COUNTY JAIL / SHERIFF,hifld_prisons,COUNTY,NA,18,18137,OPEN,doc_excluded_local_jail,source type indicates local/federal jail or non-DOC facility,210 N MONROE ST,VERSAILLES,Ripley,39.072521662344656,-85.24913557818391
Indiana,Putnam County,Indiana Department of Corrections,RIPLEY COUNTY SHERIFFS OFFICE,hifld,SHERIFF'S OFFICE,NA,18,18137,OPEN,doc_excluded_local_jail,source type indicates local/federal jail or non-DOC facility,210 NORTH MONROE STREET,VERSAILLES,Ripley,39.072433649,-85.249348502
Indiana,Putnam County,Indiana Department of Corrections,ROBERT J KINSEY YOUTH CENTER,hifld_prisons,COUNTY,NA,18,18067,OPEN,doc_excluded_local_jail,source type indicates local/federal jail or non-DOC facility,701 S BERKLEY ROAD,KOKOMO,Howard,40.47925580216628,-86.15731587248855
Indiana,Putnam County,Indiana Department of Corrections,Rush County Jail,jails_prisons,JAILS,Rush County Sheriffs Office,18,18139,1,doc_excluded_local_jail,source type indicates local/federal jail or non-DOC facility,131 East 1st Street,Rushville,Rush County,NA,NA
Indiana,Putnam County,Indiana Department of Corrections,RUSH COUNTY SHERIFFS OFFICE,hifld,SHERIFF'S OFFICE,NA,18,18139,OPEN,doc_excluded_local_jail,source type indicates local/federal jail or non-DOC facility,131 EAST FIRST STREET,RUSHVILLE,Rush,39.607301399,-85.4437798
Indiana,Putnam County,Indiana Department of Corrections,ST JOSEPH COUNTY JAIL,hifld_prisons,COUNTY,NA,18,18141,OPEN,doc_excluded_local_jail,source type indicates local/federal jail or non-DOC facility,401 W SAMPLE ST,SOUTH BEND,St. Joseph,41.66632119940424,-86.25482519297624
Indiana,Putnam County,Indiana Department of Corrections,ST JOSEPH COUNTY JUVENILE JUSTICE CENTER,hifld_prisons,COUNTY,NA,18,18141,OPEN,doc_excluded_local_jail,source type indicates local/federal jail or non-DOC facility,1000 S MICHIGAN ST,SOUTH BEND,St. Joseph,41.66394366464221,-86.24812523780513
Indiana,Putnam County,Indiana Department of Corrections,SAINT JOSEPH COUNTY POLICE DEPARTMENT / SAINT JOSEPH COUNTY JAIL,hifld,SHERIFF'S OFFICE,NA,18,18141,OPEN,doc_excluded_local_jail,source type indicates local/federal jail or non-DOC facility,401 WEST SAMPLE STREET,SOUTH BEND,St. Joseph,41.666134918,-86.254498148
Indiana,Putnam County,Indiana Department of Corrections,SAINT JOSEPH COUNTY SHERIFF - PATROL DIVISION,hifld,SHERIFF'S OFFICE,NA,18,18141,NOT AVAILABLE,doc_excluded_local_jail,source type indicates local/federal jail or non-DOC facility,4817 LINCOLNWAY WEST,SOUTH BEND,St. Joseph,41.6978091,-86.3093644
Indiana,Putnam County,Indiana Department of Corrections,SCOTT COUNTY JAIL,hifld_prisons,COUNTY,NA,18,18143,OPEN,doc_excluded_local_jail,source type indicates local/federal jail or non-DOC facility,111 SOUTH FIRST STREET,SCOTTSBURG,Scott,38.68432537266606,-85.76838484242285
Indiana,Putnam County,Indiana Department of Corrections,SCOTT COUNTY SHERIFFS DEPARTMENT / SCOTT COUNTY JAIL,hifld,SHERIFF'S OFFICE,NA,18,18143,OPEN,doc_excluded_local_jail,source type indicates local/federal jail or non-DOC facility,111 SOUTH FIRST STREET,SCOTTSBURG,Scott,38.6843271,-85.76857
Indiana,Putnam County,Indiana Department of Corrections,SHELBY COUNTY JAIL,hifld_prisons,COUNTY,NA,18,18145,OPEN,doc_excluded_local_jail,source type indicates local/federal jail or non-DOC facility,107 W TAYLOR ST,SHELBYVILLE,Shelby,39.52053620434768,-85.77857588038012
Indiana,Putnam County,Indiana Department of Corrections,SHELBY COUNTY SHERIFFS DEPARTMENT / SHELBY COUNTY JAIL,hifld,SHERIFF'S OFFICE,NA,18,18145,OPEN,doc_excluded_local_jail,source type indicates local/federal jail or non-DOC facility,107 WEST TAYLOR STREET,SHELBYVILLE,Shelby,39.5205781,-85.7785536
Indiana,Putnam County,Indiana Department of Corrections,SOUTHWEST INDIANA REGIONAL YOUTH VILLAGE,hifld_prisons,COUNTY,NA,18,18083,OPEN,doc_excluded_local_jail,source type indicates local/federal jail or non-DOC facility,2290 SOUTH THEOBALD LANE,VINCENNES,Knox,38.643807239373245,-87.51830923500765
Indiana,Putnam County,Indiana Department of Corrections,SPENCER COUNTY JAIL,hifld_prisons,COUNTY,NA,18,18147,OPEN,doc_excluded_local_jail,source type indicates local/federal jail or non-DOC facility,120 NORTH 2ND STREET,ROCKPORT,Spencer,37.88398305115401,-87.04667935108861
Indiana,Putnam County,Indiana Department of Corrections,SPENCER COUNTY SHERIFFS DEPARTMENT / SPENCER COUNTY JAIL,hifld,SHERIFF'S OFFICE,NA,18,18147,OPEN,doc_excluded_local_jail,source type indicates local/federal jail or non-DOC facility,120 NORTH 2ND STREET,ROCKPORT,Spencer,37.8839681,-87.0466919
Indiana,Putnam County,Indiana Department of Corrections,Starke County Jail,jails_prisons,JAILS,Starke County Sheriffs Office,18,18149,1,doc_excluded_local_jail,source type indicates local/federal jail or non-DOC facility,5435 East State Road 8,Knox,Starke County,NA,NA
Indiana,Putnam County,Indiana Department of Corrections,STARKE COUNTY JUSTICE CENTER,hifld_prisons,COUNTY,NA,18,18149,OPEN,doc_excluded_local_jail,source type indicates local/federal jail or non-DOC facility,5435 E STATE ROAD 8,KNOX,Starke,41.28675264140337,-86.59349195033738
Indiana,Putnam County,Indiana Department of Corrections,STARKE COUNTY SHERIFF DEPARTMENT,hifld,SHERIFF'S OFFICE,NA,18,18149,OPEN,doc_excluded_local_jail,source type indicates local/federal jail or non-DOC facility,108 NORTH PEARL STREET,KNOX,Starke,41.298937,-86.6216008
Indiana,Putnam County,Indiana Department of Corrections,STEUBEN COUNTY JAIL,hifld_prisons,COUNTY,NA,18,18151,OPEN,doc_excluded_local_jail,source type indicates local/federal jail or non-DOC facility,206 E GALE ST,ANGOLA,Steuben,41.63367779582719,-84.99749518957442
Indiana,Putnam County,Indiana Department of Corrections,STEUBEN COUNTY SHERIFF DEPARTMENT / STEUBEN COUNTY JAIL,hifld,SHERIFF'S OFFICE,NA,18,18151,OPEN,doc_excluded_local_jail,source type indicates local/federal jail or non-DOC facility,206 EAST GALE STREET,ANGOLA,Steuben,41.6337832,-84.9974924
Indiana,Putnam County,Indiana Department of Corrections,SULLIVAN COUNTY JAIL,hifld_prisons,COUNTY,NA,18,18153,OPEN,doc_excluded_local_jail,source type indicates local/federal jail or non-DOC facility,77 E JUSTICE DR,SULLIVAN,Sullivan,39.13022069842648,-87.40732632798597
Indiana,Putnam County,Indiana Department of Corrections,SULLIVAN COUNTY JAIL (OLD),hifld_prisons,COUNTY,NA,18,18153,CLOSED,doc_excluded_local_jail,source type indicates local/federal jail or non-DOC facility,24 S STATE ST,SULLIVAN,Sullivan,39.09495260953633,-87.40625654620385
Indiana,Putnam County,Indiana Department of Corrections,SULLIVAN COUNTY SHERIFF DEPARTMENT / SULLIVAN COUNTY JAIL,hifld,SHERIFF'S OFFICE,NA,18,18153,OPEN,doc_excluded_local_jail,source type indicates local/federal jail or non-DOC facility,24 SOUTH STATE STREET,SULLIVAN,Sullivan,39.094883062,-87.406225777
Indiana,Putnam County,Indiana Department of Corrections,SWITZERLAND COUNTY JAIL,hifld_prisons,COUNTY,NA,18,18155,OPEN,doc_excluded_local_jail,source type indicates local/federal jail or non-DOC facility,405 LIBERTY STREET,VEVAY,Switzerland,38.747793876113306,-85.06957911510355
Indiana,Putnam County,Indiana Department of Corrections,TIPPECANOE COUNTY JAIL,hifld_prisons,COUNTY,NA,18,18157,OPEN,doc_excluded_local_jail,source type indicates local/federal jail or non-DOC facility,2640 DUNCAN RD,LAFAYETTE,Tippecanoe,40.44811023413292,-86.8822418399248
Indiana,Putnam County,Indiana Department of Corrections,TIPPECANOE COUNTY SHERIFF DEPARTMENT / TIPPECANOE COUNTY JAIL,hifld,SHERIFF'S OFFICE,NA,18,18157,OPEN,doc_excluded_local_jail,source type indicates local/federal jail or non-DOC facility,2640 DUNCAN ROAD,LAFAYETTE,Tippecanoe,40.447934924,-86.881800827
Indiana,Putnam County,Indiana Department of Corrections,TIPPECANOE COUNTY WORK RELEASE,hifld_prisons,COUNTY,NA,18,18157,OPEN,doc_excluded_local_jail,source type indicates local/federal jail or non-DOC facility,2800 N. 9TH STREET,LAFAYETTE,Tippecanoe,40.45763797322445,-86.87620996786748
Indiana,Putnam County,Indiana Department of Corrections,TIPTON COUNTY JAIL,hifld_prisons,COUNTY,NA,18,18159,OPEN,doc_excluded_local_jail,source type indicates local/federal jail or non-DOC facility,2300 W OLD SR 28,TIPTON,Tipton,40.28030381659843,-86.05721246364563
Indiana,Putnam County,Indiana Department of Corrections,TIPTON COUNTY JAIL (OLD),hifld_prisons,COUNTY,NA,18,18159,CLOSED,doc_excluded_local_jail,source type indicates local/federal jail or non-DOC facility,121 WEST MADISON STREET,TIPTON,Tipton,40.28065917511621,-86.04235156597426
Indiana,Putnam County,Indiana Department of Corrections,TIPTON COUNTY SHERIFF DEPARTMENT / TIPTON COUNTY JAIL,hifld,SHERIFF'S OFFICE,NA,18,18159,OPEN,doc_excluded_local_jail,source type indicates local/federal jail or non-DOC facility,121 WEST MADISON STREET,TIPTON,Tipton,40.280644329,-86.04230727
Indiana,Putnam County,Indiana Department of Corrections,UNION COUNTY JAIL,hifld_prisons,COUNTY,NA,18,18161,OPEN,doc_excluded_local_jail,source type indicates local/federal jail or non-DOC facility,106 EAST UNION STREET,LIBERTY,Union,39.6351510472992,-84.9275802858109
Indiana,Putnam County,Indiana Department of Corrections,UNION COUNTY SHERIFF DEPARTMENT / UNION COUNTY JAIL,hifld,SHERIFF'S OFFICE,NA,18,18161,OPEN,doc_excluded_local_jail,source type indicates local/federal jail or non-DOC facility,106 EAST UNION STREET,LIBERTY,Union,39.635260761,-84.927682735
Indiana,Putnam County,Indiana Department of Corrections,USP TERRE HAUTE,hifld_prisons,FEDERAL,NA,18,18167,OPEN,doc_excluded_local_jail,source type indicates local/federal jail or non-DOC facility,4700 BUREAU RD S,TERRE HAUTE,Vigo,39.40758135072829,-87.45452497624657
Indiana,Putnam County,Indiana Department of Corrections,VANDERBURGH COUNTY DETENTION FACILITY,hifld_prisons,COUNTY,NA,18,18163,OPEN,doc_excluded_local_jail,source type indicates local/federal jail or non-DOC facility,3500 N HARLAN AVE,EVANSVILLE,Vanderburgh,38.01160996040829,-87.54285302757991
Indiana,Putnam County,Indiana Department of Corrections,Vanderburgh County Jail,jails_prisons,JAILS,Vanderburgh County Sheriffs Office,18,18163,1,doc_excluded_local_jail,source type indicates local/federal jail or non-DOC facility,3500 N Harlan Avenue,Evansville,Vanderburgh County,NA,NA
Indiana,Putnam County,Indiana Department of Corrections,VANDERBURGH COUNTY SHERIFFS DEPARTMENT / VANDERBURGH COUNTY JAIL,hifld,SHERIFF'S OFFICE,NA,18,18163,OPEN,doc_excluded_local_jail,source type indicates local/federal jail or non-DOC facility,3500 NORTH HARLAN AVENUE,EVANSVILLE,Vanderburgh,38.01144776,-87.54209219
Indiana,Putnam County,Indiana Department of Corrections,Vermillion County Jail,jails_prisons,JAILS,Vermillion County Sheriffs Office,18,18165,1,doc_excluded_local_jail,source type indicates local/federal jail or non-DOC facility,1888 S State Road 63,Newport,Vermillion County,NA,NA
Indiana,Putnam County,Indiana Department of Corrections,VERMILLION COUNTY JAIL / SHERIFF,hifld_prisons,COUNTY,NA,18,18165,OPEN,doc_excluded_local_jail,source type indicates local/federal jail or non-DOC facility,1888 SOUTH STATE ROAD 63,NEWPORT,Vermillion,39.85392516246561,-87.40911781352597
Indiana,Putnam County,Indiana Department of Corrections,VERMILLION COUNTY SHERIFF DEPARTMENT / VERMILLION COUNTY JAIL,hifld,SHERIFF'S OFFICE,NA,18,18165,OPEN,doc_excluded_local_jail,source type indicates local/federal jail or non-DOC facility,1888 SOUTH STATE ROAD 63,CAYUGA,Vermillion,39.853971301,-87.4090489
Indiana,Putnam County,Indiana Department of Corrections,VIGO COUNTY JAIL,hifld_prisons,COUNTY,NA,18,18167,OPEN,doc_excluded_local_jail,source type indicates local/federal jail or non-DOC facility,600 WEST HONEY CREEK DR,TERRE HAUTE,Vigo,39.42625298921711,-87.42733975563573
Indiana,Putnam County,Indiana Department of Corrections,VIGO COUNTY JAIL (OLD),hifld_prisons,COUNTY,NA,18,18167,CLOSED,doc_excluded_local_jail,source type indicates local/federal jail or non-DOC facility,201 CHERRY ST,TERRE HAUTE,Vigo,39.4667730945589,-87.4147419524203
Indiana,Putnam County,Indiana Department of Corrections,VIGO COUNTY JUVENILE CENTER,hifld_prisons,COUNTY,NA,18,18167,OPEN,doc_excluded_local_jail,source type indicates local/federal jail or non-DOC facility,202 CRAWFORD ST,TERRA HAUTE,Vigo,39.459694498583566,-87.41516191298794
Indiana,Putnam County,Indiana Department of Corrections,VIGO COUNTY SHERIFF DEPARTMENT / VIGO COUNTY JAIL,hifld,SHERIFF'S OFFICE,NA,18,18167,OPEN,doc_excluded_local_jail,source type indicates local/federal jail or non-DOC facility,201 CHERRY STREET,TERRE HAUTE,Vigo,39.466797643,-87.414558219
Indiana,Putnam County,Indiana Department of Corrections,VIGO COUNTY WORK RELEASE,hifld_prisons,COUNTY,NA,18,18167,OPEN,doc_excluded_local_jail,source type indicates local/federal jail or non-DOC facility,104 S. FIRST STREET,TERRA HAUTE,Vigo,39.465014780718505,-87.4161896896373
Indiana,Putnam County,Indiana Department of Corrections,WABASH COUNTY JAIL,hifld_prisons,COUNTY,NA,18,18169,OPEN,doc_excluded_local_jail,source type indicates local/federal jail or non-DOC facility,79 WEST MAIN STREET,WABASH,Wabash,40.79754180961631,-85.82200853139102
Indiana,Putnam County,Indiana Department of Corrections,WABASH COUNTY SHERIFFS DEPARTMENT / WABASH COUNTY JAIL,hifld,SHERIFF'S OFFICE,NA,18,18169,OPEN,doc_excluded_local_jail,source type indicates local/federal jail or non-DOC facility,79 WEST MAIN STREET,WABASH,Wabash,40.7975353,-85.821976
Indiana,Putnam County,Indiana Department of Corrections,WARREN COUNTY JAIL,hifld_prisons,COUNTY,NA,18,18171,OPEN,doc_excluded_local_jail,source type indicates local/federal jail or non-DOC facility,29 EAST 2ND STREET,WILLIAMSPORT,Warren,40.28779090893974,-87.29327794873073
Indiana,Putnam County,Indiana Department of Corrections,WARREN COUNTY SHERIFFS DEPARTMENT / WARREN COUNTY JAIL,hifld,SHERIFF'S OFFICE,NA,18,18171,OPEN,doc_excluded_local_jail,source type indicates local/federal jail or non-DOC facility,29 EAST 2ND STREET,WILLIAMSPORT,Warren,40.2877962,-87.2932604
Indiana,Putnam County,Indiana Department of Corrections,Warrick County Jail,jails_prisons,JAILS,Warrick County Sheriffs Office,18,18173,1,doc_excluded_local_jail,source type indicates local/federal jail or non-DOC facility,100 W State Road 62,Boonville,Warrick County,NA,NA
Indiana,Putnam County,Indiana Department of Corrections,WARRICK COUNTY SECURITY CENTER,hifld_prisons,COUNTY,NA,18,18173,OPEN,doc_excluded_local_jail,source type indicates local/federal jail or non-DOC facility,100 W STATE RD 62,BOONVILLE,Warrick,38.04049986606667,-87.24857911786874
Indiana,Putnam County,Indiana Department of Corrections,WARRICK COUNTY SHERIFFS OFFICE / WARRICK COUNTY SECURITY CENTER,hifld,SHERIFF'S OFFICE,NA,18,18173,OPEN,doc_excluded_local_jail,source type indicates local/federal jail or non-DOC facility,100 WEST STATE ROAD 62,BOONVILLE,Warrick,38.0404778,-87.2485009
Indiana,Putnam County,Indiana Department of Corrections,WASHINGTON COUNTY DETENTION CENTER,hifld_prisons,COUNTY,NA,18,18175,OPEN,doc_excluded_local_jail,source type indicates local/federal jail or non-DOC facility,801 JACKSON STREET,SALEM,Washington,38.597027821275574,-86.09238390765469
Indiana,Putnam County,Indiana Department of Corrections,Washington County Jail,jails_prisons,JAILS,Washington County Sheriffs Office,18,18175,1,doc_excluded_local_jail,source type indicates local/federal jail or non-DOC facility,801 Jackson Street,Salem,Washington County,NA,NA
Indiana,Putnam County,Indiana Department of Corrections,WAYNE COUNTY CORRECTIONAL CENTER,hifld_prisons,COUNTY,NA,18,18177,OPEN,doc_excluded_local_jail,source type indicates local/federal jail or non-DOC facility,200 E MAIN ST,RICHMOND,Wayne,39.829815457978206,-84.89817063932603
Indiana,Putnam County,Indiana Department of Corrections,Wayne County Jail,jails_prisons,JAILS,Wayne County Sheriffs Office,18,18177,1,doc_excluded_local_jail,source type indicates local/federal jail or non-DOC facility,200 East Main Street,Richmond,Wayne County,NA,NA
Indiana,Putnam County,Indiana Department of Corrections,WELLS COUNTY JAIL,hifld_prisons,COUNTY,NA,18,18179,OPEN,doc_excluded_local_jail,source type indicates local/federal jail or non-DOC facility,1615 WEST WESTERN AVENUE,BLUFFTON,Wells,40.73399547111384,-85.19464385968575
Indiana,Putnam County,Indiana Department of Corrections,WELLS COUNTY SHERIFFS OFFICE / WELLS COUNTY JAIL,hifld,SHERIFF'S OFFICE,NA,18,18179,OPEN,doc_excluded_local_jail,source type indicates local/federal jail or non-DOC facility,1615 WEST WESTERN AVENUE,BLUFFTON,Wells,40.7336481,-85.1946392
Indiana,Putnam County,Indiana Department of Corrections,WHITE COUNTY JAIL,hifld_prisons,COUNTY,NA,18,18181,OPEN,doc_excluded_local_jail,source type indicates local/federal jail or non-DOC facility,915 W HANAWALT RD,MONTICELLO,White,40.75165769396458,-86.77620581495333
Indiana,Putnam County,Indiana Department of Corrections,WHITE COUNTY SHERIFFS OFFICE WHITE COUNTY JAIL,hifld,SHERIFF'S OFFICE,NA,18,18181,OPEN,doc_excluded_local_jail,source type indicates local/federal jail or non-DOC facility,915 WEST HANAWALT STREET,MONTICELLO,White,40.751715349,-86.776078291
Indiana,Putnam County,Indiana Department of Corrections,WHITLEY COUNTY JAIL,hifld_prisons,COUNTY,NA,18,18183,OPEN,doc_excluded_local_jail,source type indicates local/federal jail or non-DOC facility,101 WEST MARKET STREET,COLUMBIA CITY,Whitley,41.15557419780465,-85.48880514350675
Indiana,Putnam County,Indiana Department of Corrections,WHITLEY COUNTY SHERIFF DEPARTMENT / WHITLEY COUNTY JAIL,hifld,SHERIFF'S OFFICE,NA,18,18183,OPEN,doc_excluded_local_jail,source type indicates local/federal jail or non-DOC facility,101 WEST MARKET STREET,COLUMBIA CITY,Whitley,41.1555586,-85.488799701
Indiana,Putnam County,Indiana Department of Corrections,WHITLEY COUNTY WORK RELEASE,hifld_prisons,COUNTY,NA,18,18183,OPEN,doc_excluded_local_jail,source type indicates local/federal jail or non-DOC facility,351 W. PLAZA DRIVE,COLUMBIA CITY,Whitley,41.16988340736756,-85.4939994222249
Indiana,Putnam County,Indiana Department of Corrections,YOUTH CARE CENTER,hifld_prisons,COUNTY,NA,18,18163,OPEN,doc_excluded_local_jail,source type indicates local/federal jail or non-DOC facility,727 CHESTNUT,EVANSVILLE,Vanderburgh,37.97089153880355,-87.56488209177593
Louisiana,#Na,Louisiana Department of Public Safety & Corrections,ACADIA PARISH CORRECTIONS FACILITY,hifld_prisons,COUNTY,NA,22,22001,OPEN,doc_excluded_local_jail,source type indicates local/federal jail or non-DOC facility,1037 CAPITOL AVE,CROWLEY,Acadia,30.20690814352591,-92.39860317432762
Louisiana,#Na,Louisiana Department of Public Safety & Corrections,Acadia Parish Justice Center,jails_prisons,JAILS,Acadia Parish Sheriffs Office,22,22001,1,doc_excluded_local_jail,source type indicates local/federal jail or non-DOC facility,1037 Capital Avenue,Crowley,Acadia Parish,NA,NA
Louisiana,#Na,Louisiana Department of Public Safety & Corrections,ACADIA PARISH SHERIFFS DEPARTMENT,hifld,SHERIFF'S OFFICE,NA,22,22001,OPEN,doc_excluded_local_jail,source type indicates local/federal jail or non-DOC facility,500 NORTHEAST COURT CIRCLE,CROWLEY,Acadia,30.2144611,-92.3735878
Louisiana,#Na,Louisiana Department of Public Safety & Corrections,ACADIA PARISH SHERIFFS DEPARTMENT / ACADIA PARISH JAIL,hifld,SHERIFF'S OFFICE,NA,22,22001,OPEN,doc_excluded_local_jail,source type indicates local/federal jail or non-DOC facility,1037 CAPITOL AVENUE,CROWLEY,Acadia,30.207629686,-92.398647634
Louisiana,#Na,Louisiana Department of Public Safety & Corrections,ALEXANDRIA STAGING FACILITY,hifld_prisons,FEDERAL,NA,22,22079,OPEN,doc_excluded_local_jail,source type indicates local/federal jail or non-DOC facility,96 GEORGE THOMPSON DR,ALEXANDRIA,Rapides,31.31784174291872,-92.53638253738524
Louisiana,#Na,Louisiana Department of Public Safety & Corrections,Allen Parish Public Safety Complex,jails_prisons,JAILS,Allen Parish Sheriffs Office,22,22003,1,doc_excluded_local_jail,source type indicates local/federal jail or non-DOC facility,7340 Highway 26 West,Oberlin,Allen Parish,NA,NA
Louisiana,#Na,Louisiana Department of Public Safety & Corrections,ALLEN PARISH SHERIFFS DEPARTMENT,hifld,SHERIFF'S OFFICE,NA,22,22003,OPEN,doc_excluded_local_jail,source type indicates local/federal jail or non-DOC facility,601 COURT STREET,OBERLIN,Allen,30.6201371,-92.7721708
Louisiana,#Na,Louisiana Department of Public Safety & Corrections,ALLEN PARISH SHERIFFS DEPARTMENT - ELIZABETH SUBSTATION,hifld,SHERIFF'S OFFICE,NA,22,22003,OPEN,doc_excluded_local_jail,source type indicates local/federal jail or non-DOC facility,209 EAST MAIN STREET,ELIZABETH,Allen,30.8684693,-92.7941426
Louisiana,#Na,Louisiana Department of Public Safety & Corrections,ALLEN PARISH SHERIFFS DEPARTMENT - REEVES SUBSTATION,hifld,SHERIFF'S OFFICE,NA,22,22003,OPEN,doc_excluded_local_jail,source type indicates local/federal jail or non-DOC facility,18276 UNITED STATES HIGHWAY 190,REEVES,Allen,30.519724262,-93.046208541
Louisiana,#Na,Louisiana Department of Public Safety & Corrections,Amite City Jail,jails_prisons,JAILS,Amite City Police Department,22,22105,1,doc_excluded_local_jail,source type indicates local/federal jail or non-DOC facility,101 Oak Street,Amite,Tangipahoa Parish,NA,NA
Louisiana,#Na,Louisiana Department of Public Safety & Corrections,Ascension Correctional Center,jails_prisons,JAILS,Ascension Parish Sheriffs Office,22,22005,1,doc_excluded_local_jail,source type indicates local/federal jail or non-DOC facility,2384 Lemanville Cutoff Road,Donaldsonville,Ascension Parish,NA,NA
Louisiana,#Na,Louisiana Department of Public Safety & Corrections,ASCENSION PARISH JAIL,hifld_prisons,COUNTY,NA,22,22005,OPEN,doc_excluded_local_jail,source type indicates local/federal jail or non-DOC facility,2384 LEMANVILLE CUTOFF RD,DONALDSONVILLE,Ascension,30.09727620259718,-90.93751740666677
Louisiana,#Na,Louisiana Department of Public Safety & Corrections,ASCENSION PARISH SHERIFFS DEPARTMENT,hifld,SHERIFF'S OFFICE,NA,22,22005,OPEN,doc_excluded_local_jail,source type indicates local/federal jail or non-DOC facility,300 HOUMAS STREET,DONALDSONVILLE,Ascension,30.104461828,-90.990626886
Louisiana,#Na,Louisiana Department of Public Safety & Corrections,ASCENSION PARISH SHERIFFS DEPARTMENT - GONZALES,hifld,SHERIFF'S OFFICE,NA,22,22005,OPEN,doc_excluded_local_jail,source type indicates local/federal jail or non-DOC facility,828 SOUTH IRMA BOULEVARD,GONZALES,Ascension,30.226598614,-90.912596775
Louisiana,#Na,Louisiana Department of Public Safety & Corrections,ASSUMPTION PARISH DETENTION CENTER,hifld_prisons,COUNTY,NA,22,22007,OPEN,doc_excluded_local_jail,source type indicates local/federal jail or non-DOC facility,233 HWY 1008,NAPOLEONVILLE,Assumption,29.935891960910116,-91.03386198605018
Louisiana,#Na,Louisiana Department of Public Safety & Corrections,ASSUMPTION PARISH SHERIFFS DEPARTMENT,hifld,SHERIFF'S OFFICE,NA,22,22007,OPEN,doc_excluded_local_jail,source type indicates local/federal jail or non-DOC facility,112 FRANKLIN AVENUE,NAPOLEONVILLE,Assumption,29.941116,-91.0243248
Louisiana,#Na,Louisiana Department of Public Safety & Corrections,ASSUMPTION PARISH SHERIFFS DEPARTMENT - SUBSTATION,hifld,SHERIFF'S OFFICE,NA,22,22007,OPEN,doc_excluded_local_jail,source type indicates local/federal jail or non-DOC facility,4024 STATE HIGHWAY 70 SOUTH,PIERRE PART,Assumption,29.937221492,-91.213141325
Louisiana,#Na,Louisiana Department of Public Safety & Corrections,AVOYELLES MARKSVILLE DETENTION CENTER,hifld_prisons,COUNTY,NA,22,22009,OPEN,doc_excluded_local_jail,source type indicates local/federal jail or non-DOC facility,675 GOVERNMENT ST,MARKSVILLE,Avoyelles,31.115243135096037,-92.06661999390495
Louisiana,#Na,Louisiana Department of Public Safety & Corrections,Avoyelles Parish Womens Correctional Center-DC3,jails_prisons,JAILS,Avoyelles Parish Sheriffs Department,22,22009,1,doc_excluded_local_jail,source type indicates local/federal jail or non-DOC facility,350 Choupique Road,Cottonport,Avoyelles Parish,NA,NA
Louisiana,#Na,Louisiana Department of Public Safety & Corrections,AVOYELLES SIMMSPORT DETENTION CENTER,hifld_prisons,COUNTY,NA,22,22009,NOT AVAILABLE,doc_excluded_local_jail,source type indicates local/federal jail or non-DOC facility,620 S MARTIN LUTHER KING DR,SIMMSPORT,Avoyelles,30.971477648580855,-91.81195643753874
Louisiana,#Na,Louisiana Department of Public Safety & Corrections,AVOYELLES WOMEN'S CORRECTIONAL CENTER,hifld_prisons,COUNTY,NA,22,22009,OPEN,doc_excluded_local_jail,source type indicates local/federal jail or non-DOC facility,640 CHOUPIQUE LN,COTTONPORT,Avoyelles,30.97566986480082,-92.05078614640006
Louisiana,#Na,Louisiana Department of Public Safety & Corrections,BASILE POLICE DEPARTMENT / BASILE TOWN JAIL,hifld,LOCAL POLICE DEPARTMENT,NA,22,22039,OPEN,doc_excluded_local_jail,source type indicates local/federal jail or non-DOC facility,1316 SOUTH RYAN AVENUE,BASILE,Evangeline,30.484834271,-92.592330909
Louisiana,#Na,Louisiana Department of Public Safety & Corrections,BASILE CITY JAIL,hifld_prisons,LOCAL,NA,22,22039,OPEN,doc_excluded_local_jail,source type indicates local/federal jail or non-DOC facility,1316 SOUTH RYAN AVENUE,BASILE,Evangeline,30.4848244210931,-92.59240004006317
Louisiana,#Na,Louisiana Department of Public Safety & Corrections,BAYOU CORRECTIONAL CENTER,hifld_prisons,COUNTY,NA,22,22065,OPEN,doc_excluded_local_jail,source type indicates local/federal jail or non-DOC facility,196 OLD HWY 65 S,TALLULAH,Madison,32.39343697402382,-91.20475960750043
Louisiana,#Na,Louisiana Department of Public Safety & Corrections,BAYOU DORCHEAT CORRECTIONAL CENTER,hifld_prisons,COUNTY,NA,22,22119,OPEN,doc_excluded_local_jail,source type indicates local/federal jail or non-DOC facility,1455 BRAVO BLVD,MINDEN,Webster,32.566800727331184,-93.41140607763633
Louisiana,#Na,Louisiana Department of Public Safety & Corrections,Bayou Dorcheat Correctional & Webster Parish Jail,jails_prisons,JAILS,Webster Parish Sheriffs Office,22,22119,1,doc_excluded_local_jail,source type indicates local/federal jail or non-DOC facility,1455 Bravo Boulevard,Minden,Webster Parish,NA,NA
Louisiana,#Na,Louisiana Department of Public Safety & Corrections,BEAUREGARD PARISH JAIL,hifld_prisons,COUNTY,NA,22,22011,OPEN,doc_excluded_local_jail,source type indicates local/federal jail or non-DOC facility,412 BOLIVAR BISHOP DR,DERIDDER,Beauregard,30.84148766012528,-93.28382462324589
Louisiana,#Na,Louisiana Department of Public Safety & Corrections,BEAUREGARD PARISH SHERIFFS OFFICE / BEAUREGARD PARISH JAIL,hifld,SHERIFF'S OFFICE,NA,22,22011,OPEN,doc_excluded_local_jail,source type indicates local/federal jail or non-DOC facility,412 MAYEAUX DRIVE,DERIDDER,Beauregard,30.8418589,-93.2838846
Louisiana,#Na,Louisiana Department of Public Safety & Corrections,BELLE CHASSE LOCKUP,hifld_prisons,COUNTY,NA,22,22075,NOT AVAILABLE,doc_excluded_local_jail,source type indicates local/federal jail or non-DOC facility,104 AVENUE G,BELLE CHASSE,Plaquemines,29.856787288922764,-89.98215082870439
Louisiana,#Na,Louisiana Department of Public Safety & Corrections,Berwick Police Jail,jails_prisons,JAILS,Berwick Police Department,22,22101,1,doc_excluded_local_jail,source type indicates local/federal jail or non-DOC facility,3225 Third Street,Berwick,St. Mary Parish,NA,NA
Louisiana,#Na,Louisiana Department of Public Safety & Corrections,BIENVILLE PARISH JAIL,hifld_prisons,COUNTY,NA,22,22013,OPEN,doc_excluded_local_jail,source type indicates local/federal jail or non-DOC facility,100 COURTHOUSE DRIVE,ARCADIA,Bienville,32.547173979879254,-92.92536843567197
Louisiana,#Na,Louisiana Department of Public Safety & Corrections,BIENVILLE PARISH SHERIFFS OFFICE / BIENVILLE PARISH JAIL,hifld,SHERIFF'S OFFICE,NA,22,22013,OPEN,doc_excluded_local_jail,source type indicates local/federal jail or non-DOC facility,100 COURTHOUSE DRIVE,ARCADIA,Bienville,32.547157708,-92.925409365
Louisiana,#Na,Louisiana Department of Public Safety & Corrections,Bogalusa City Jail,jails_prisons,JAILS,Bogalusa City Police Department,22,22117,1,doc_excluded_local_jail,source type indicates local/federal jail or non-DOC facility,111 Memphis Street,Bogalusa,Washington Parish,NA,NA
Louisiana,#Na,Louisiana Department of Public Safety & Corrections,BOSSIER CITY JAIL,hifld_prisons,LOCAL,NA,22,22015,OPEN,doc_excluded_local_jail,source type indicates local/federal jail or non-DOC facility,620 BENTON RD,BOSSIER CITY,Bossier,32.52556788129956,-93.71311390528648
Louisiana,#Na,Louisiana Department of Public Safety & Corrections,BOSSIER MAXIMUM SECURITY FACILITY,hifld_prisons,COUNTY,NA,22,22015,OPEN,doc_excluded_local_jail,source type indicates local/federal jail or non-DOC facility,2985 OLD PLAIN DEALING RD,PLAIN DEALING,Bossier,32.839531619421685,-93.74841524223244
Louisiana,#Na,Louisiana Department of Public Safety & Corrections,BOSSIER MEDIUM SECURITY FACILITY,hifld_prisons,COUNTY,NA,22,22015,OPEN,doc_excluded_local_jail,source type indicates local/federal jail or non-DOC facility,2984 OLD PLAIN DEALING RD,PLAIN DEALING,Bossier,32.838907081619546,-93.74608071899853
Louisiana,#Na,Louisiana Department of Public Safety & Corrections,BOSSIER PARISH JAIL,hifld_prisons,COUNTY,NA,22,22015,NOT AVAILABLE,doc_excluded_local_jail,source type indicates local/federal jail or non-DOC facility,204 BURT BLVD,BENTON,Bossier,32.679988635328996,-93.74362842675693
Louisiana,#Na,Louisiana Department of Public Safety & Corrections,BOSSIER PARISH JUVENILE DETENTION CENTER,hifld_prisons,COUNTY,NA,22,22015,NOT AVAILABLE,doc_excluded_local_jail,source type indicates local/federal jail or non-DOC facility,4813 SHED RD,BOSSIER CITY,Bossier,32.54651548582938,-93.6677597698816
Louisiana,#Na,Louisiana Department of Public Safety & Corrections,Bossier Parish Maximum Security Facility,jails_prisons,JAILS,Bossier Parish Sheriffs Office,22,22015,1,doc_excluded_local_jail,source type indicates local/federal jail or non-DOC facility,2985 Old Plain Dealing Road,Plain Dealing,Bossier Parish,NA,NA
Louisiana,#Na,Louisiana Department of Public Safety & Corrections,BOSSIER PARISH MINIMUM SECURITY FACILITY,hifld_prisons,COUNTY,NA,22,22015,CLOSED,doc_excluded_local_jail,source type indicates local/federal jail or non-DOC facility,2960 OLD PLAIN DEALING RD,PLAIN DEALING,Bossier,32.83295612455346,-93.74692332669264
Louisiana,#Na,Louisiana Department of Public Safety & Corrections,Bossier Parish Reentry facility,jails_prisons,JAILS,Bossier Parish Sheriffs Office,22,22015,1,doc_excluded_local_jail,source type indicates local/federal jail or non-DOC facility,181 McCauley Road,Plain Dealing,Bossier Parish,NA,NA
Louisiana,#Na,Louisiana Department of Public Safety & Corrections,BOSSIER PARISH SHERIFFS OFFICE - BENTON - SUBSTATION,hifld,SHERIFF'S OFFICE,NA,22,22015,OPEN,doc_excluded_local_jail,source type indicates local/federal jail or non-DOC facility,7076 STATE HIGHWAY 3,BENTON,Bossier,32.731457439,-93.733038436
Louisiana,#Na,Louisiana Department of Public Safety & Corrections,BOSSIER PARISH SHERIFFS OFFICE / BOSSIER PARISH JAIL,hifld,SHERIFF'S OFFICE,NA,22,22015,OPEN,doc_excluded_local_jail,source type indicates local/federal jail or non-DOC facility,204 BURT BOULEVARD,BENTON,Bossier,32.679883,-93.743366
Louisiana,#Na,Louisiana Department of Public Safety & Corrections,BOSSIER PARISH SHERIFFS OFFICE - VIKING DRIVE - SUBSTATION,hifld,SHERIFF'S OFFICE,NA,22,22015,OPEN,doc_excluded_local_jail,source type indicates local/federal jail or non-DOC facility,2510 VIKING DRIVE,BOSSIER CITY,Bossier,32.554616941,-93.719184269
Louisiana,#Na,Louisiana Department of Public Safety & Corrections,Bossier Sheriff Correctional Facility,jails_prisons,JAILS,Bossier Parish Sheriffs Office,22,22015,1,doc_excluded_local_jail,source type indicates local/federal jail or non-DOC facility,2984 Old Plain Dealing Road,Plain Dealing,Bossier Parish,NA,NA
Louisiana,#Na,Louisiana Department of Public Safety & Corrections,BOSSIER TRANSITIONAL WORK PROGRAM,hifld_prisons,COUNTY,NA,22,22015,OPEN,doc_excluded_local_jail,source type indicates local/federal jail or non-DOC facility,181 MCCAULEY RD,PLAIN DEALING,Bossier,32.84374176073694,-93.75192107754566
Louisiana,#Na,Louisiana Department of Public Safety & Corrections,CADDO CORRECTIONAL CENTER,hifld_prisons,COUNTY,NA,22,22017,OPEN,doc_excluded_local_jail,source type indicates local/federal jail or non-DOC facility,1101 FORUM DR,SHREVEPORT,Caddo,32.53238614857537,-93.78137191767314
Louisiana,#Na,Louisiana Department of Public Safety & Corrections,Caddo Parish Correctional Center,jails_prisons,JAILS,Caddo Parish Sheriffs Office,22,22017,1,doc_excluded_local_jail,source type indicates local/federal jail or non-DOC facility,1101 Forum Drive,Shreveport,"Bossier Parish, Caddo Parish",NA,NA
Louisiana,#Na,Louisiana Department of Public Safety & Corrections,CADDO PARISH JUVENILE DETENTION CENTER,hifld_prisons,COUNTY,NA,22,22017,OPEN,doc_excluded_local_jail,source type indicates local/federal jail or non-DOC facility,1835 SPRING ST,SHREVEPORT,Caddo,32.502995437868115,-93.72953946250207
Louisiana,#Na,Louisiana Department of Public Safety & Corrections,CADDO PARISH SHERIFFS OFFICE - COURTHOUSE,hifld,SHERIFF'S OFFICE,NA,22,22017,OPEN,doc_excluded_local_jail,source type indicates local/federal jail or non-DOC facility,"501 TEXAS STREET, ROOM 101",SHREVEPORT,Caddo,32.5120439,-93.7496939
Louisiana,#Na,Louisiana Department of Public Safety & Corrections,CADDO PARISH SHERIFFS OFFICE - GOVERNMENT PLAZA,hifld,SHERIFF'S OFFICE,NA,22,22017,OPEN,doc_excluded_local_jail,source type indicates local/federal jail or non-DOC facility,"505 TRAVIS STREET, SUITE 700",SHREVEPORT,Caddo,32.5131148,-93.7508239
Louisiana,#Na,Louisiana Department of Public Safety & Corrections,CADDO PARISH SHERIFFS OFFICE - OIL CITY SUBSTATION,hifld,SHERIFF'S OFFICE,NA,22,22017,OPEN,doc_excluded_local_jail,source type indicates local/federal jail or non-DOC facility,11411 STATE HIGHWAY 1,OIL CITY,Caddo,32.727351162,-93.970629106
Louisiana,#Na,Louisiana Department of Public Safety & Corrections,CADDO PARISH SHERIFFS OFFICE - SOUTH SUBSTATION,hifld,SHERIFF'S OFFICE,NA,22,22017,OPEN,doc_excluded_local_jail,source type indicates local/federal jail or non-DOC facility,3268 STAGE COACH ROAD,KEITHVILLE,Caddo,32.371962,-93.823931
Louisiana,#Na,Louisiana Department of Public Safety & Corrections,CADDO PARISH SHERIFFS OFFICE - SUBSTATION,hifld,SHERIFF'S OFFICE,NA,22,22017,OPEN,doc_excluded_local_jail,source type indicates local/federal jail or non-DOC facility,4910 NORTH MARKET STREET,SHREVEPORT,Caddo,32.5884785,-93.8145219
Louisiana,#Na,Louisiana Department of Public Safety & Corrections,CADDO PARISH SHERIFFS OFFICE - TRAINING ACADEMY,hifld,SHERIFF'S OFFICE,NA,22,22017,OPEN,doc_excluded_local_jail,source type indicates local/federal jail or non-DOC facility,15639 STATE HIGHWAY 1,SHREVEPORT,Caddo,32.2486893,-93.4996684
Louisiana,#Na,Louisiana Department of Public Safety & Corrections,Caddo Parish Work Release Center,jails_prisons,JAILS,Caddo Parish Sheriffs Office,22,22017,1,doc_excluded_local_jail,source type indicates local/federal jail or non-DOC facility,1101 Forum Drive,Shreveport,"Bossier Parish, Caddo Parish",NA,NA
Louisiana,#Na,Louisiana Department of Public Safety & Corrections,CALCASIEU CORRECTIONAL CENTER,hifld_prisons,COUNTY,NA,22,22019,OPEN,doc_excluded_local_jail,source type indicates local/federal jail or non-DOC facility,5410 E BROAD ST,LAKE CHARLES,Calcasieu,30.225794408849044,-93.14145741536069
Louisiana,#Na,Louisiana Department of Public Safety & Corrections,Calcasieu Parish Correctional Center,jails_prisons,JAILS,Calcasieu Parish Sheriffs Office,22,22019,1,doc_excluded_local_jail,source type indicates local/federal jail or non-DOC facility,5410 East Broad Street,Lake Charles,Calcasieu Parish,NA,NA
Louisiana,#Na,Louisiana Department of Public Safety & Corrections,CALCASIEU PARISH JUVENILE DETENTION CENTER,hifld_prisons,COUNTY,NA,22,22019,OPEN,doc_excluded_local_jail,source type indicates local/federal jail or non-DOC facility,3615 E PRIEN LAKE RD,LAKE CHARLES,Calcasieu,30.20014405545258,-93.1629391007651
Louisiana,#Na,Louisiana Department of Public Safety & Corrections,CALCASIEU PARISH SHERIFFS DEPARTMENT,hifld,SHERIFF'S OFFICE,NA,22,22019,OPEN,doc_excluded_local_jail,source type indicates local/federal jail or non-DOC facility,5400 EAST BROAD STREET,LAKE CHARLES,Calcasieu,30.2270933,-93.141241
Louisiana,#Na,Louisiana Department of Public Safety & Corrections,CALCASIEU SHERIFF'S PRISON,hifld_prisons,COUNTY,NA,22,22019,OPEN,doc_excluded_local_jail,source type indicates local/federal jail or non-DOC facility,5300 E BROAD ST,LAKE CHARLES,Calcasieu,30.225627744496375,-93.14373912924515
Louisiana,#Na,Louisiana Department of Public Safety & Corrections,CALDWELL CORRECTIONAL CENTER,hifld_prisons,COUNTY,NA,22,22021,OPEN,doc_excluded_local_jail,source type indicates local/federal jail or non-DOC facility,671 STATE HWY 845,GRAYSON,Caldwell,32.0366696099336,-92.13750010686174
Louisiana,#Na,Louisiana Department of Public Safety & Corrections,CALDWELL PARISH DETENTION CENTER,hifld_prisons,COUNTY,NA,22,22021,OPEN,doc_excluded_local_jail,source type indicates local/federal jail or non-DOC facility,701 STATE HWY 845,GRAYSON,Caldwell,32.03732667117573,-92.13715973488962
Louisiana,#Na,Louisiana Department of Public Safety & Corrections,CALDWELL PARISH JAIL,hifld_prisons,COUNTY,NA,22,22021,OPEN,doc_excluded_local_jail,source type indicates local/federal jail or non-DOC facility,201 MAIN STREET,COLUMBIA,Caldwell,32.10547493712568,-92.07457621390556
Louisiana,#Na,Louisiana Department of Public Safety & Corrections,CALDWELL PARISH SHERIFFS OFFICE / CALDWELL PARISH JAIL,hifld,SHERIFF'S OFFICE,NA,22,22021,OPEN,doc_excluded_local_jail,source type indicates local/federal jail or non-DOC facility,201 MAIN STREET,COLUMBIA,Caldwell,32.1054243,-92.0745824
Louisiana,#Na,Louisiana Department of Public Safety & Corrections,CAMERON PARISH JAIL,hifld_prisons,COUNTY,NA,22,22023,OPEN,doc_excluded_local_jail,source type indicates local/federal jail or non-DOC facility,124 RECREATION CENTER LANE,CAMERON,Cameron,29.80067668630768,-93.32346910165265
Louisiana,#Na,Louisiana Department of Public Safety & Corrections,CAMERON PARISH SHERIFFS DEPARTMENT / CAMERON PARISH JAIL,hifld,SHERIFF'S OFFICE,NA,22,22023,OPEN,doc_excluded_local_jail,source type indicates local/federal jail or non-DOC facility,119 SMITH CIRCLE,CAMERON,Cameron,29.7985309,-93.3249712
Louisiana,#Na,Louisiana Department of Public Safety & Corrections,CATAHOULA CORRECTIONAL CENTER,hifld_prisons,COUNTY,NA,22,22025,OPEN,doc_excluded_local_jail,source type indicates local/federal jail or non-DOC facility,499 OLD COLUMBIA RD,HARRISONBURG,Catahoula,31.774902664250884,-91.83703161859968
Louisiana,#Na,Louisiana Department of Public Safety & Corrections,CATAHOULA PARISH JAIL,hifld_prisons,COUNTY,NA,22,22025,OPEN,doc_excluded_local_jail,source type indicates local/federal jail or non-DOC facility,301 BUSHLEY ST,HARRISONBURG,Catahoula,31.771609628389466,-91.82149221096174
Louisiana,#Na,Louisiana Department of Public Safety & Corrections,CATAHOULA PARISH SHERIFFS DEPARTMENT / CATAHOULA PARISH JAIL,hifld,SHERIFF'S OFFICE,NA,22,22025,OPEN,doc_excluded_local_jail,source type indicates local/federal jail or non-DOC facility,301 BUSHLEY STREET,HARRISONBURG,Catahoula,31.7717446,-91.8214811
Louisiana,#Na,Louisiana Department of Public Safety & Corrections,CEDARWOOD FEMALE WORK RELEASE FACILITY,hifld_prisons,LOCAL,NA,22,22019,OPEN,doc_excluded_local_jail,source type indicates local/federal jail or non-DOC facility,1101 CANVASBACK STREET,LAKE CHARLES,Calcasieu,30.225327099110032,-93.15962558436846
Louisiana,#Na,Louisiana Department of Public Safety & Corrections,CENTRAL LOUISIANA ICE PROCESSING CENTER,hifld_prisons,FEDERAL,NA,22,22059,OPEN,doc_excluded_local_jail,source type indicates local/federal jail or non-DOC facility,830 PINEHILL RD,JENA,Lasalle,31.708652030861664,-92.15263385576024
Louisiana,#Na,Louisiana Department of Public Safety & Corrections,Church Point Police Jail,jails_prisons,JAILS,Church Point Police Department,22,22001,1,doc_excluded_local_jail,source type indicates local/federal jail or non-DOC facility,427 North Main Street,Church Point,Acadia Parish,NA,NA
Louisiana,#Na,Louisiana Department of Public Safety & Corrections,Claiborne Parish Detention Center,jails_prisons,JAILS,Claiborne Parish Sheriffs Office - Detention Center,22,22027,1,doc_excluded_local_jail,source type indicates local/federal jail or non-DOC facility,1415 State Rte 520,Homer,Claiborne Parish,NA,NA
Louisiana,#Na,Louisiana Department of Public Safety & Corrections,CLAIBORNE PARISH DETENTION CENTER-MALE,hifld_prisons,COUNTY,NA,22,22027,OPEN,doc_excluded_local_jail,source type indicates local/federal jail or non-DOC facility,1415 STATE HWY 520,HOMER,Claiborne,32.854922953915306,-93.04512270962402
Louisiana,#Na,Louisiana Department of Public Safety & Corrections,CLAIBORNE PARISH JAIL (OLD),hifld_prisons,COUNTY,NA,22,22027,CLOSED,doc_excluded_local_jail,source type indicates local/federal jail or non-DOC facility,613 E MAIN ST,HOMER,Claiborne,32.79294952939806,-93.05489847544793
Louisiana,#Na,Louisiana Department of Public Safety & Corrections,CLAIBORNE PARISH SHERIFFS DEPARTMENT / CLAIBORNE PARISH JAIL - WOMEN,hifld,SHERIFF'S OFFICE,NA,22,22027,OPEN,doc_excluded_local_jail,source type indicates local/federal jail or non-DOC facility,613 EAST MAIN STREET,HOMER,Claiborne,32.79294061,-93.054888116
Louisiana,#Na,Louisiana Department of Public Safety & Corrections,CONCORDIA PARISH CORRECTIONAL FACILITY,hifld_prisons,COUNTY,NA,22,22029,OPEN,doc_excluded_local_jail,source type indicates local/federal jail or non-DOC facility,26356 STATE HWY 15,FERRIDAY,Concordia,31.593188194734218,-91.55847456701976
Louisiana,#Na,Louisiana Department of Public Safety & Corrections,CONCORDIA PARISH CORRECTIONAL FACILITY II,hifld_prisons,COUNTY,NA,22,22029,OPEN,doc_excluded_local_jail,source type indicates local/federal jail or non-DOC facility,5223 US HWY 84,VIDALIA,Concordia,31.58556849372963,-91.49485562375877
Louisiana,#Na,Louisiana Department of Public Safety & Corrections,Concordia Parish Correctional Facility and Work Release,jails_prisons,JAILS,Concordia Parish Sheriffs Office - Correctional Facility and Work Release,22,22029,2,doc_excluded_local_jail,source type indicates local/federal jail or non-DOC facility,26356 Highway 15,Ferriday,Concordia Parish,NA,NA
Louisiana,#Na,Louisiana Department of Public Safety & Corrections,CONCORDIA PARISH JAIL,hifld_prisons,COUNTY,NA,22,22029,OPEN,doc_excluded_local_jail,source type indicates local/federal jail or non-DOC facility,4001 CARTER ST,VIDALIA,Concordia,31.575209981406903,-91.45801651995903
Louisiana,#Na,Louisiana Department of Public Safety & Corrections,Concordia Parish River Correctional Facility,jails_prisons,JAILS,Concordia Parish Sheriffs Office -River Correctional Center,22,22029,1,doc_excluded_local_jail,source type indicates local/federal jail or non-DOC facility,26362 Highway 15,Ferriday,Concordia Parish,NA,NA
Louisiana,#Na,Louisiana Department of Public Safety & Corrections,CONCORDIA PARISH SHERIFFS DEPARTMENT / CONCORDIA PARISH JAIL,hifld,SHERIFF'S OFFICE,NA,22,22029,OPEN,doc_excluded_local_jail,source type indicates local/federal jail or non-DOC facility,4001 CARTER STREET,VIDALIA,Concordia,31.5752849,-91.4579871
Louisiana,#Na,Louisiana Department of Public Safety & Corrections,De Quincy City Jail,jails_prisons,JAILS,DeQuincy Police Department,22,22019,1,doc_excluded_local_jail,source type indicates local/federal jail or non-DOC facility,101 South Pine Street,Dequincy,Calcasieu Parish,NA,NA
Louisiana,#Na,Louisiana Department of Public Safety & Corrections,DESOTO PARISH DETENTION CENTER,hifld_prisons,COUNTY,NA,22,22031,OPEN,doc_excluded_local_jail,source type indicates local/federal jail or non-DOC facility,205 FRANKLIN STREET,MANSFIELD,De Soto,32.039779060438484,-93.70954797608883
Louisiana,#Na,Louisiana Department of Public Safety & Corrections,DE SOTO PARISH SHERIFFS DEPARTMENT-SUBSTATION,hifld,SHERIFF'S OFFICE,NA,22,22031,OPEN,doc_excluded_local_jail,source type indicates local/federal jail or non-DOC facility,109 NORTH 2ND STREET,LOGANSPORT,De Soto,31.973085253,-94.005308815
Louisiana,#Na,Louisiana Department of Public Safety & Corrections,EAST BATON ROUGE PARISH SHERIFFS DEPARTMENT / EAST BATON ROUGE PARISH JAIL,hifld,SHERIFF'S OFFICE,NA,22,22033,OPEN,doc_excluded_local_jail,source type indicates local/federal jail or non-DOC facility,300 NORTH BOULEVARD,BATON ROUGE,East Baton Rouge,30.44685273,-91.187172562
Louisiana,#Na,Louisiana Department of Public Safety & Corrections,EAST BATON ROUGE PRISON,hifld_prisons,COUNTY,NA,22,22033,OPEN,doc_excluded_local_jail,source type indicates local/federal jail or non-DOC facility,2867 BRIG. GENERAL ISAAC SMITH AVE,SCOTLANDVILLE,East Baton Rouge,30.534277071504754,-91.16368674965916
Louisiana,#Na,Louisiana Department of Public Safety & Corrections,EAST CARROLL DETENTION CENTER,hifld_prisons,COUNTY,NA,22,22035,NOT AVAILABLE,doc_excluded_local_jail,source type indicates local/federal jail or non-DOC facility,219 HOLLYBROOK RD,LAKE PROVIDENCE,East Carroll,32.73482892415203,-91.18311896315781
Louisiana,#Na,Louisiana Department of Public Safety & Corrections,EAST CARROLL PARISH SHERIFFS DEPARTMENT,hifld,SHERIFF'S OFFICE,NA,22,22035,OPEN,doc_excluded_local_jail,source type indicates local/federal jail or non-DOC facility,400 1ST STREET,LAKE PROVIDENCE,East Carroll,32.8037552,-91.1733297
Louisiana,#Na,Louisiana Department of Public Safety & Corrections,EAST FELICIANA PARISH JAIL / WORK RELEASE,hifld_prisons,COUNTY,NA,22,22037,OPEN,doc_excluded_local_jail,source type indicates local/federal jail or non-DOC facility,12306 HAYNES ST,CLINTON,East Feliciana,30.848855980915243,-91.00899475717651
Louisiana,#Na,Louisiana Department of Public Safety & Corrections,EAST FELICIANA PARISH SHERIFFS DEPARTMENT,hifld,SHERIFF'S OFFICE,NA,22,22037,OPEN,doc_excluded_local_jail,source type indicates local/federal jail or non-DOC facility,11315 BANK STREET,CLINTON,East Feliciana,30.866274241,-91.018418143
Louisiana,#Na,Louisiana Department of Public Safety & Corrections,Eunice City Jail,jails_prisons,JAILS,Eunice Police Department,22,22097,1,doc_excluded_local_jail,source type indicates local/federal jail or non-DOC facility,300 South 2nd Street,Eunice,"Acadia Parish, St. Landry Parish",NA,NA
Louisiana,#Na,Louisiana Department of Public Safety & Corrections,EVANGELINE PARISH JAIL,hifld_prisons,COUNTY,NA,22,22039,OPEN,doc_excluded_local_jail,source type indicates local/federal jail or non-DOC facility,200 COURT ST,VILLE PLATTE,Evangeline,30.688381218250722,-92.2793783226884
Louisiana,#Na,Louisiana Department of Public Safety & Corrections,EVANGELINE PARISH SHERIFFS DEPARTMENT,hifld,SHERIFF'S OFFICE,NA,22,22039,OPEN,doc_excluded_local_jail,source type indicates local/federal jail or non-DOC facility,200 COURT STREET,VILLE PLATTE,Evangeline,30.6884346,-92.2793721
Louisiana,#Na,Louisiana Department of Public Safety & Corrections,FCI OAKDALE I,hifld_prisons,FEDERAL,NA,22,22003,OPEN,doc_excluded_local_jail,source type indicates local/federal jail or non-DOC facility,1507 EAST WHATLEY ROAD,OAKDALE,Allen,30.828419114783607,-92.6407037336939
Louisiana,#Na,Louisiana Department of Public Safety & Corrections,FCI OAKDALE II,hifld_prisons,FEDERAL,NA,22,22003,OPEN,doc_excluded_local_jail,source type indicates local/federal jail or non-DOC facility,2105 EAST WHATLEY ROAD,OAKDALE,Allen,30.820595823023037,-92.64063825610722
Louisiana,#Na,Louisiana Department of Public Safety & Corrections,FCI OAKDALE II CAMP,hifld_prisons,FEDERAL,NA,22,22003,OPEN,doc_excluded_local_jail,source type indicates local/federal jail or non-DOC facility,2105 EAST WHATLEY,OAKDALE,Allen,30.823815712632825,-92.64208178640928
Louisiana,#Na,Louisiana Department of Public Safety & Corrections,FCI POLLOCK,hifld_prisons,FEDERAL,NA,22,22043,OPEN,doc_excluded_local_jail,source type indicates local/federal jail or non-DOC facility,1000 AIRBASE RD,POLLOCK,Grant,31.466928259683527,-92.44637061480046
Louisiana,#Na,Louisiana Department of Public Safety & Corrections,FLORIDA PARISHES JUVENILE DETENTION CENTER,hifld_prisons,COUNTY,NA,22,22105,OPEN,doc_excluded_local_jail,source type indicates local/federal jail or non-DOC facility,28528 HIGHWAY 190,COVINGTON,Tangipahoa,30.501396377415187,-90.2450961048682
Louisiana,#Na,Louisiana Department of Public Safety & Corrections,Franklin Police Jail,jails_prisons,JAILS,City of Franklin Police Department,22,22101,1,doc_excluded_local_jail,source type indicates local/federal jail or non-DOC facility,508 Second Street,Franklin,St. Mary Parish,NA,NA
Louisiana,#Na,Louisiana Department of Public Safety & Corrections,FRANKLIN PARISH DETENTION CENTER,hifld_prisons,COUNTY,NA,22,22041,OPEN,doc_excluded_local_jail,source type indicates local/federal jail or non-DOC facility,388 NATURES ACRES RD,WINNSBORO,Franklin,32.18843685942079,-91.64902094602387
Louisiana,#Na,Louisiana Department of Public Safety & Corrections,FRANKLIN PARISH SHERIFFS DEPARTMENT,hifld,SHERIFF'S OFFICE,NA,22,22041,OPEN,doc_excluded_local_jail,source type indicates local/federal jail or non-DOC facility,6556 MAIN STREET,WINNSBORO,Franklin,32.165985398,-91.713654141
Louisiana,#Na,Louisiana Department of Public Safety & Corrections,GRANT PARISH DETENTION CENTER,hifld_prisons,COUNTY,NA,22,22043,OPEN,doc_excluded_local_jail,source type indicates local/federal jail or non-DOC facility,485 RICHARDSON DRIVE,COLFAX,Grant,31.520133427261232,-92.69652784536066
Louisiana,#Na,Louisiana Department of Public Safety & Corrections,Grant Parish Jail,jails_prisons,JAILS,Grant Parish Sheriffs Office - Detention Facility,22,22043,1,doc_excluded_local_jail,source type indicates local/federal jail or non-DOC facility,485 Richardson Drive,Colfax,Grant Parish,NA,NA
Louisiana,#Na,Louisiana Department of Public Safety & Corrections,GRANT PARISH SHERIFFS DEPARTMENT,hifld,SHERIFF'S OFFICE,NA,22,22043,OPEN,doc_excluded_local_jail,source type indicates local/federal jail or non-DOC facility,205 CYPRESS STREET,COLFAX,Grant,31.5159419,-92.7122011
Louisiana,#Na,Louisiana Department of Public Safety & Corrections,GREEN OAKS JUVENILE DETENTION,hifld_prisons,COUNTY,NA,22,22073,OPEN,doc_excluded_local_jail,source type indicates local/federal jail or non-DOC facility,4820 SOUTH GRAND STREET,MONROE,Ouachita,32.45020307659104,-92.10996465633302
Louisiana,#Na,Louisiana Department of Public Safety & Corrections,HAMMOND POLICE DEPARTMENT / HAMMOND CITY JAIL,hifld,LOCAL POLICE DEPARTMENT,NA,22,22105,OPEN,doc_excluded_local_jail,source type indicates local/federal jail or non-DOC facility,303 EAST THOMAS STREET,HAMMOND,Tangipahoa,30.505079262,-90.458198408
Louisiana,#Na,Louisiana Department of Public Safety & Corrections,HAMMOND CITY JAIL,hifld_prisons,LOCAL,NA,22,22105,OPEN,doc_excluded_local_jail,source type indicates local/federal jail or non-DOC facility,303 EAST THOMAS STREET,HAMMOND,Tangipahoa,30.505122382027764,-90.45819291854443
Louisiana,#Na,Louisiana Department of Public Safety & Corrections,IBERIA PARISH CRIMINAL JUSTICE FACILITY,hifld_prisons,COUNTY,NA,22,22045,OPEN,doc_excluded_local_jail,source type indicates local/federal jail or non-DOC facility,3618 BROKEN ARROW RD,NEW IBERIA,Iberia,30.02076208338878,-91.88982238082214
Louisiana,#Na,Louisiana Department of Public Safety & Corrections,Iberia Parish Jail,jails_prisons,JAILS,Iberia Parish Sheriffs Office,22,22045,1,doc_excluded_local_jail,source type indicates local/federal jail or non-DOC facility,3618 Broken Arrow Road,New Iberia,Iberia Parish,NA,NA
Louisiana,#Na,Louisiana Department of Public Safety & Corrections,IBERIA PARISH SHERIFFS DEPARTMENT,hifld,SHERIFF'S OFFICE,NA,22,22045,OPEN,doc_excluded_local_jail,source type indicates local/federal jail or non-DOC facility,"300 IBERIA STREET, SUITE 120",NEW IBERIA,Iberia,30.0044889,-91.8210459
Louisiana,#Na,Louisiana Department of Public Safety & Corrections,IBERIA PARISH WORK RELEASE CENTER,hifld_prisons,COUNTY,NA,22,22045,NOT AVAILABLE,doc_excluded_local_jail,source type indicates local/federal jail or non-DOC facility,3701 BROKEN ARROW ROAD,NEW IBERIA,Iberia,30.02109745603827,-91.89273778256528
Louisiana,#Na,Louisiana Department of Public Safety & Corrections,IBERVILLE PARISH JAIL,hifld,LOCAL POLICE DEPARTMENT,NA,22,22047,OPEN,doc_excluded_local_jail,source type indicates local/federal jail or non-DOC facility,59605 BAYOU ROAD,PLAQUEMINE,Iberville,30.2713119,-91.2585011
Louisiana,#Na,Louisiana Department of Public Safety & Corrections,IBERVILLE PARISH SHERIFFS DEPARTMENT,hifld,SHERIFF'S OFFICE,NA,22,22047,OPEN,doc_excluded_local_jail,source type indicates local/federal jail or non-DOC facility,58050 MERIAM STREET,PLAQUEMINE,Iberville,30.2872868,-91.2357077
Louisiana,#Na,Louisiana Department of Public Safety & Corrections,IDA COUNTY SHERIFF'S OFFICE,hifld,LOCAL POLICE DEPARTMENT,NA,22,22017,OPEN,doc_excluded_local_jail,source type indicates local/federal jail or non-DOC facility,401 MOOREHEAD STREET,IDA GROVE,Caddo,33.004380457,-93.893981178
Louisiana,#Na,Louisiana Department of Public Safety & Corrections,Jackson Parish Correctional Facility,jails_prisons,JAILS,Jackson Parish Correctional Center,22,22049,1,doc_excluded_local_jail,source type indicates local/federal jail or non-DOC facility,327 Industrial Drive,Jonesboro,Jackson Parish,NA,NA
Louisiana,#Na,Louisiana Department of Public Safety & Corrections,JACKSON PARISH SHERIFF DEPARTMENT / JACKSON PARISH JAIL,hifld,SHERIFF'S OFFICE,NA,22,22049,OPEN,doc_excluded_local_jail,source type indicates local/federal jail or non-DOC facility,"500 EAST COURT STREET, ROOM 100",JONESBORO,Jackson,32.2402368,-92.7159918
Louisiana,#Na,Louisiana Department of Public Safety & Corrections,JEFFERSON DAVIS PARISH JAIL,hifld_prisons,COUNTY,NA,22,22053,OPEN,doc_excluded_local_jail,source type indicates local/federal jail or non-DOC facility,1704 SHANKLAND AVE,JENNINGS,Jefferson Davis,30.2339464205957,-92.6796282800804
Louisiana,#Na,Louisiana Department of Public Safety & Corrections,JEFFERSON DAVIS PARISH JAIL (OLD),hifld_prisons,COUNTY,NA,22,22053,CLOSED,doc_excluded_local_jail,source type indicates local/federal jail or non-DOC facility,321 EAST PLAQUEMINE STREET,JENNINGS,Jefferson Davis,30.2231503219342,-92.655687342986
Louisiana,#Na,Louisiana Department of Public Safety & Corrections,JEFFERSON PARISH CORRECTIONAL CENTER,hifld_prisons,COUNTY,NA,22,22051,OPEN,doc_excluded_local_jail,source type indicates local/federal jail or non-DOC facility,100 DOLHONDE ST,GRETNA,Jefferson,29.91535870942347,-90.06845709766729
Louisiana,#Na,Louisiana Department of Public Safety & Corrections,Jefferson Parish Jail,jails_prisons,JAILS,Jefferson Parish Sheriffs Office,22,22051,1,doc_excluded_local_jail,source type indicates local/federal jail or non-DOC facility,100 Dolhonde Street,Gretna,Jefferson Parish,NA,NA
Louisiana,#Na,Louisiana Department of Public Safety & Corrections,JEFFERSON PARISH SHERIFF'S OFFICE,hifld,SHERIFF'S OFFICE,NA,22,22051,OPEN,doc_excluded_local_jail,source type indicates local/federal jail or non-DOC facility,1233 WESTBANK EXPRESSWAY,HARVEY,Jefferson,29.906176791,-90.064249254
Louisiana,#Na,Louisiana Department of Public Safety & Corrections,KENNER CITY JAIL,hifld_prisons,LOCAL,NA,22,22051,OPEN,doc_excluded_local_jail,source type indicates local/federal jail or non-DOC facility,500 VETERANS BLVD,KENNER,Jefferson,30.00646878744047,-90.2641717061733
Louisiana,#Na,Louisiana Department of Public Safety & Corrections,LAFAYETTE COMMUNITY CORRECTIONS CENTER,hifld_prisons,COUNTY,NA,22,22055,NOT AVAILABLE,doc_excluded_local_jail,source type indicates local/federal jail or non-DOC facility,100 POYDRAS STREET,LAFAYETTE,Lafayette,30.234223337843805,-92.02710658574544
Louisiana,#Na,Louisiana Department of Public Safety & Corrections,LAFAYETTE JUVENILE DETENTION CENTER,hifld_prisons,COUNTY,NA,22,22055,OPEN,doc_excluded_local_jail,source type indicates local/federal jail or non-DOC facility,1613 SURREY STREET,LAFAYETTE,Lafayette,30.215039671586368,-91.99084028417566
Louisiana,#Na,Louisiana Department of Public Safety & Corrections,LAFAYETTE PARISH CORRECTIONAL CENTER,hifld_prisons,COUNTY,NA,22,22055,OPEN,doc_excluded_local_jail,source type indicates local/federal jail or non-DOC facility,916 LAFAYETTE ST,LAFAYETTE,Lafayette,30.223544234994296,-92.0213977371999
Louisiana,#Na,Louisiana Department of Public Safety & Corrections,LAFAYETTE PARISH SHERIFFS DEPARTMENT,hifld,SHERIFF'S OFFICE,NA,22,22055,OPEN,doc_excluded_local_jail,source type indicates local/federal jail or non-DOC facility,316 WEST MAIN STREET,LAFAYETTE,Lafayette,30.2231079,-92.0216074
Louisiana,#Na,Louisiana Department of Public Safety & Corrections,LAFAYETTE TRANSITIONAL WORK PROGRAM,hifld_prisons,COUNTY,NA,22,22055,NOT AVAILABLE,doc_excluded_local_jail,source type indicates local/federal jail or non-DOC facility,1825 W. WILLOW,SCOTT,Lafayette,30.242174893097612,-92.05505477534908
Louisiana,#Na,Louisiana Department of Public Safety & Corrections,LAFOURCHE PARISH DETENTION CENTER,hifld_prisons,COUNTY,NA,22,22057,OPEN,doc_excluded_local_jail,source type indicates local/federal jail or non-DOC facility,2594 VETERANS BLVD,THIBODAUX,Lafourche,29.768338268507073,-90.84835969628347
Louisiana,#Na,Louisiana Department of Public Safety & Corrections,LAFOURCHE PARISH DETENTION CENTER (OLD),hifld_prisons,COUNTY,NA,22,22057,CLOSED,doc_excluded_local_jail,source type indicates local/federal jail or non-DOC facility,952 HIGHWAY 3185,THIBODAUX,Lafourche,29.76773878545355,-90.8466120310473
Louisiana,#Na,Louisiana Department of Public Safety & Corrections,LAFOURCHE PARISH JUVENILE JUSTICE FACILITY,hifld_prisons,COUNTY,NA,22,22057,NOT AVAILABLE,doc_excluded_local_jail,source type indicates local/federal jail or non-DOC facility,2525 VETERANS BOULEVARD,THIBODAUX,Lafourche,29.774101011050348,-90.84429005343954
Louisiana,#Na,Louisiana Department of Public Safety & Corrections,LAFOURCHE PARISH SHERIFFS DEPARTMENT,hifld,SHERIFF'S OFFICE,NA,22,22057,OPEN,doc_excluded_local_jail,source type indicates local/federal jail or non-DOC facility,200 CANAL BOULEVARD,THIBODAUX,Lafourche,29.797976461,-90.818596307000007
Louisiana,#Na,Louisiana Department of Public Safety & Corrections,LAFOURCHE WORK RELEASE CENTER,hifld_prisons,COUNTY,NA,22,22057,OPEN,doc_excluded_local_jail,source type indicates local/federal jail or non-DOC facility,1156 HWY 90 E,RACELAND,Lafourche,29.741071447560156,-90.55596806818848
Louisiana,#Na,Louisiana Department of Public Safety & Corrections,LASALLE CORRECTIONAL CENTER,hifld_prisons,COUNTY,NA,22,22059,OPEN,doc_excluded_local_jail,source type indicates local/federal jail or non-DOC facility,15976 US HWY 165,OLLA,Lasalle,31.850977541394162,-92.28499629470467
Louisiana,#Na,Louisiana Department of Public Safety & Corrections,La Salle Parish Jail,jails_prisons,JAILS,La Salle Parish Sheriffs Office,22,22059,1,doc_excluded_local_jail,source type indicates local/federal jail or non-DOC facility,1050 Courthouse Street,Jena,La Salle Parish,NA,NA
Louisiana,#Na,Louisiana Department of Public Safety & Corrections,LA SALLE PARISH SHERIFFS OFFICE,hifld,SHERIFF'S OFFICE,NA,22,22059,OPEN,doc_excluded_local_jail,source type indicates local/federal jail or non-DOC facility,1050 COURTHOUSE STREET,JENA,Lasalle,31.6855421,-92.1323946
Louisiana,#Na,Louisiana Department of Public Safety & Corrections,Leesville City Jail,jails_prisons,JAILS,Leesville Police Department,22,22115,1,doc_excluded_local_jail,source type indicates local/federal jail or non-DOC facility,101 West Lee Street,Leesville,Vernon Parish,NA,NA
Louisiana,#Na,Louisiana Department of Public Safety & Corrections,LINCOLN PARISH DETENTION CENTER,hifld_prisons,COUNTY,NA,22,22061,OPEN,doc_excluded_local_jail,source type indicates local/federal jail or non-DOC facility,170 ROAD CAMP RD,RUSTON,Lincoln,32.56060254127506,-92.60945227668876
Louisiana,#Na,Louisiana Department of Public Safety & Corrections,LINCOLN PARISH SHERIFFS DEPARTMENT,hifld,SHERIFF'S OFFICE,NA,22,22061,OPEN,doc_excluded_local_jail,source type indicates local/federal jail or non-DOC facility,100 WEST TEXAS AVENUE,RUSTON,Lincoln,32.5270804,-92.6387997
Louisiana,#Na,Louisiana Department of Public Safety & Corrections,LIVINGSTON PARISH DETENTION CENTER,hifld_prisons,COUNTY,NA,22,22063,OPEN,doc_excluded_local_jail,source type indicates local/federal jail or non-DOC facility,28445 CHARLIE WATTS RD,LIVINGSTON,Livingston,30.479749290002044,-90.75394466735233
Louisiana,#Na,Louisiana Department of Public Safety & Corrections,LIVINGSTON PARISH JAIL COMPLEX,hifld,LOCAL POLICE DEPARTMENT,NA,22,22063,OPEN,doc_excluded_local_jail,source type indicates local/federal jail or non-DOC facility,28445 CHARLEY WATTS ROAD,LIVINGSTON,Livingston,30.479685652,-90.753607119
Louisiana,#Na,Louisiana Department of Public Safety & Corrections,LIVINGSTON PARISH SHERIFFS DEPARTMENT,hifld,SHERIFF'S OFFICE,NA,22,22063,OPEN,doc_excluded_local_jail,source type indicates local/federal jail or non-DOC facility,20180 IOWA STREET,LIVINGSTON,Livingston,30.4989717,-90.7502433
Louisiana,#Na,Louisiana Department of Public Safety & Corrections,L. ROBERT RIVARDE MEMORIAL HOME,hifld_prisons,COUNTY,NA,22,22051,OPEN,doc_excluded_local_jail,source type indicates local/federal jail or non-DOC facility,1550 GRETNA BOULEVARD,HARVEY,Jefferson,29.8914337438203,-90.05691418368723
Louisiana,#Na,Louisiana Department of Public Safety & Corrections,LT. SHERMAN WALKER CORRECTIONAL FACILITY,hifld_prisons,COUNTY,NA,22,22095,OPEN,doc_excluded_local_jail,source type indicates local/federal jail or non-DOC facility,100 DEPUTY BARTON GRANIER DR,LAPLACE,St. John The Baptist,30.072250648738972,-90.50592298249124
Louisiana,#Na,Louisiana Department of Public Safety & Corrections,Madison Correctional Center,jails_prisons,JAILS,Madison Correctional Center,22,22065,1,doc_excluded_local_jail,source type indicates local/federal jail or non-DOC facility,158 Treatment Plant Road,Tallulah,Madison Parish,NA,NA
Louisiana,#Na,Louisiana Department of Public Safety & Corrections,MADISON PARISH CORRECTIONAL CENTER,hifld_prisons,COUNTY,NA,22,22065,OPEN,doc_excluded_local_jail,source type indicates local/federal jail or non-DOC facility,158 TREATMENT PLANT RD,TALLULAH,Madison,32.393867880753724,-91.20928514259921
Louisiana,#Na,Louisiana Department of Public Safety & Corrections,MADISON PARISH DENTENTION CENTER,hifld_prisons,COUNTY,NA,22,22065,OPEN,doc_excluded_local_jail,source type indicates local/federal jail or non-DOC facility,158 TREATMENT PLANT RD,TALLULAH,Madison,32.3950548731436,-91.20833375424444
Louisiana,#Na,Louisiana Department of Public Safety & Corrections,MADISON PARISH JAIL,hifld_prisons,COUNTY,NA,22,22065,OPEN,doc_excluded_local_jail,source type indicates local/federal jail or non-DOC facility,404 EAST GREEN STREET,TALLULAH,Madison,32.40911660528934,-91.18723009882012
Louisiana,#Na,Louisiana Department of Public Safety & Corrections,MADISON PARISH LA TRANSITIONAL CENTER FOR WOMEN,hifld_prisons,COUNTY,NA,22,22065,OPEN,doc_excluded_local_jail,source type indicates local/federal jail or non-DOC facility,1005 WEST GREEN STREET,TALLULAH,Madison,32.415578450662295,-91.20469781428866
Louisiana,#Na,Louisiana Department of Public Safety & Corrections,MADISON PARISH SHERIFFS DEPARTMENT,hifld,SHERIFF'S OFFICE,NA,22,22065,OPEN,doc_excluded_local_jail,source type indicates local/federal jail or non-DOC facility,100 NORTH CEDAR STREET,TALLULAH,Madison,32.40826227,-91.18739083
Louisiana,#Na,Louisiana Department of Public Safety & Corrections,Mamou City Jail,jails_prisons,JAILS,Mamou City Police Department,22,22039,1,doc_excluded_local_jail,source type indicates local/federal jail or non-DOC facility,501 Main Street,Mamou,Evangeline Parish,NA,NA
Louisiana,#Na,Louisiana Department of Public Safety & Corrections,Marksville Detention Center-DC1,jails_prisons,JAILS,Avoyelles Parish Sheriffs Department,22,22009,1,doc_excluded_local_jail,source type indicates local/federal jail or non-DOC facility,675 Government Street,Marksville,Avoyelles Parish,NA,NA
Louisiana,#Na,Louisiana Department of Public Safety & Corrections,MOREHOUSE PARISH ANNEX,hifld_prisons,COUNTY,NA,22,22067,OPEN,doc_excluded_local_jail,source type indicates local/federal jail or non-DOC facility,4729 EUGENE WARE RD,BASTROP,Morehouse,32.781516326204134,-91.93973158510049
Louisiana,#Na,Louisiana Department of Public Safety & Corrections,MOREHOUSE PARISH DETENTION CENTER,hifld_prisons,COUNTY,NA,22,22067,OPEN,doc_excluded_local_jail,source type indicates local/federal jail or non-DOC facility,6444 PATEY RD,COLLINSTON,Morehouse,32.683003671322105,-91.8503669003903
Louisiana,#Na,Louisiana Department of Public Safety & Corrections,MOREHOUSE PARISH JAIL,hifld_prisons,COUNTY,NA,22,22067,OPEN,doc_excluded_local_jail,source type indicates local/federal jail or non-DOC facility,250 E WALNUT ST,BASTROP,Morehouse,32.77493744734161,-91.912740484334
Louisiana,#Na,Louisiana Department of Public Safety & Corrections,Morehouse Parish Jail/Annex,jails_prisons,JAILS,Morehouse Parish Sheriffs Office,22,22067,1,doc_excluded_local_jail,source type indicates local/federal jail or non-DOC facility,351 S Franklin Street,Bastrop,Morehouse Parish,NA,NA
Louisiana,#Na,Louisiana Department of Public Safety & Corrections,MOREHOUSE PARISH SHERIFFS DEPARTMENT,hifld,SHERIFF'S OFFICE,NA,22,22067,OPEN,doc_excluded_local_jail,source type indicates local/federal jail or non-DOC facility,351 SOUTH FRANKLIN STREET,BASTROP,Morehouse,32.7757475,-91.9127927
Louisiana,#Na,Louisiana Department of Public Safety & Corrections,MORGAN CITY CORRECTIONS FACILITY,hifld_prisons,LOCAL,NA,22,22101,OPEN,doc_excluded_local_jail,source type indicates local/federal jail or non-DOC facility,723 MYRTLE STREET,MORGAN CITY,St. Mary,29.69476230997118,-91.18808390535747
Louisiana,#Na,Louisiana Department of Public Safety & Corrections,Morgan City Jail,jails_prisons,JAILS,Morgan City Police Department,22,22101,1,doc_excluded_local_jail,source type indicates local/federal jail or non-DOC facility,723 Myrtle Street,Morgan City,"St. Martin Parish, St. Mary Parish",NA,NA
Louisiana,#Na,Louisiana Department of Public Safety & Corrections,Natchitoches Detention Center,jails_prisons,JAILS,Natchitoches Parish Sheriffs Office,22,22069,1,doc_excluded_local_jail,source type indicates local/federal jail or non-DOC facility,299 Edwina Drive,Natchitoches,Natchitoches Parish,NA,NA
Louisiana,#Na,Louisiana Department of Public Safety & Corrections,NATCHITOCHES PARISH DETENTION CENTER,hifld_prisons,COUNTY,NA,22,22069,OPEN,doc_excluded_local_jail,source type indicates local/federal jail or non-DOC facility,299 EDWINA DR,NATCHITOCHES,Natchitoches,31.732380719858536,-93.10109499864424
Louisiana,#Na,Louisiana Department of Public Safety & Corrections,NATCHITOCHES PARISH SHERIFFS OFFICE,hifld,SHERIFF'S OFFICE,NA,22,22069,OPEN,doc_excluded_local_jail,source type indicates local/federal jail or non-DOC facility,200 CHURCH STREET,NATCHITOCHES,Natchitoches,31.761378976,-93.088349146
Louisiana,#Na,Louisiana Department of Public Safety & Corrections,NATCHITOCHES PARISH WORK RELEASE FACILITY,hifld_prisons,COUNTY,NA,22,22069,OPEN,doc_excluded_local_jail,source type indicates local/federal jail or non-DOC facility,299 EDWINA DR,NATCHITOCHES,Natchitoches,31.731611511941075,-93.1006229701494
Louisiana,#Na,Louisiana Department of Public Safety & Corrections,NELSON COLEMAN CORRECTIONAL CENTER,hifld_prisons,COUNTY,NA,22,22089,OPEN,doc_excluded_local_jail,source type indicates local/federal jail or non-DOC facility,5061 STATE HWY 3127,KILLONA,St. Charles,29.992322634243173,-90.50257144633487
Louisiana,#Na,Louisiana Department of Public Safety & Corrections,OAKDALE CITY JAIL,hifld_prisons,LOCAL,NA,22,22003,OPEN,doc_excluded_local_jail,source type indicates local/federal jail or non-DOC facility,118 10TH STREET,OAKDALE,Allen,30.816462157555378,-92.66180010678417
Louisiana,#Na,Louisiana Department of Public Safety & Corrections,OAKDALE POLICE DEPARTMENT / OAKDALE CITY JAIL,hifld,LOCAL POLICE DEPARTMENT,NA,22,22003,OPEN,doc_excluded_local_jail,source type indicates local/federal jail or non-DOC facility,118 10TH STREET,OAKDALE,Allen,30.8164225,-92.661891
Louisiana,#Na,Louisiana Department of Public Safety & Corrections,ORLEANS JUSTICE CENTER,hifld_prisons,COUNTY,NA,22,22071,OPEN,doc_excluded_local_jail,source type indicates local/federal jail or non-DOC facility,2800 PERDIDO ST,NEW ORLEANS,Orleans,29.960103373631025,-90.09525542437405
Louisiana,#Na,Louisiana Department of Public Safety & Corrections,Orleans Justice System,jails_prisons,JAILS,Orleans Parish Sheriffs Office,22,22071,1,doc_excluded_local_jail,source type indicates local/federal jail or non-DOC facility,2800 Perdido Street,New Orleans,Orleans Parish,NA,NA
Louisiana,#Na,Louisiana Department of Public Safety & Corrections,ORLEANS PARISH CIVIL SHERIFFS OFFICE,hifld,SHERIFF'S OFFICE,NA,22,22071,OPEN,doc_excluded_local_jail,source type indicates local/federal jail or non-DOC facility,"421 LOYOLA AVENUE, SUITE 403",NEW ORLEANS,Orleans,29.9513572,-90.0761877
Louisiana,#Na,Louisiana Department of Public Safety & Corrections,ORLEANS PARISH CRIMINAL SHERIFFS OFFICE,hifld,SHERIFF'S OFFICE,NA,22,22071,OPEN,doc_excluded_local_jail,source type indicates local/federal jail or non-DOC facility,2800 GRAVIER STREET,NEW ORLEANS,Orleans,29.9610943,-90.0931906
Louisiana,#Na,Louisiana Department of Public Safety & Corrections,OUACHITA PARISH CORRECTIONAL CENTER,hifld_prisons,COUNTY,NA,22,22073,OPEN,doc_excluded_local_jail,source type indicates local/federal jail or non-DOC facility,4801 US HWY 165 BY-PASS S,MONROE,Ouachita,32.45468192602344,-92.07901491048622
Louisiana,#Na,Louisiana Department of Public Safety & Corrections,OUACHITA PARISH SHERIFFS OFFICE,hifld,SHERIFF'S OFFICE,NA,22,22073,OPEN,doc_excluded_local_jail,source type indicates local/federal jail or non-DOC facility,"400 SAINT JOHN STREET, SUITE 301",MONROE,Ouachita,32.498650935,-92.115694229
Louisiana,#Na,Louisiana Department of Public Safety & Corrections,Ouachita Parish Transitional Work Program,jails_prisons,JAILS,Ouachita Parish Sheriffs Office - Transitional Work Program,22,22073,1,doc_excluded_local_jail,source type indicates local/federal jail or non-DOC facility,4801 South Grand Street,Monroe,Ouachita Parish,NA,NA
Louisiana,#Na,Louisiana Department of Public Safety & Corrections,OUACHITA PARISH WORK RELEASE FACILITY,hifld_prisons,COUNTY,NA,22,22073,NOT AVAILABLE,doc_excluded_local_jail,source type indicates local/federal jail or non-DOC facility,4801 SOUTH GRAND STREET,MONROE,Ouachita,32.451754178420636,-92.10917434418668
Louisiana,#Na,Louisiana Department of Public Safety & Corrections,Patterson City Jail,jails_prisons,JAILS,Patterson Police Department,22,22101,1,doc_excluded_local_jail,source type indicates local/federal jail or non-DOC facility,1314 Main Street,Patterson,St. Mary Parish,NA,NA
Louisiana,#Na,Louisiana Department of Public Safety & Corrections,PLAQUEMINES PARISH DETENTION CENTER,hifld_prisons,COUNTY,NA,22,22075,OPEN,doc_excluded_local_jail,source type indicates local/federal jail or non-DOC facility,16801 HWY 15,DAVANT,Plaquemines,29.59857163179092,-89.82457557210482
Louisiana,#Na,Louisiana Department of Public Safety & Corrections,PLAQUEMINES PARISH SHERIFFS OFFICE,hifld,SHERIFF'S OFFICE,NA,22,22075,OPEN,doc_excluded_local_jail,source type indicates local/federal jail or non-DOC facility,301 MAIN STREET,BELLE CHASSE,Plaquemines,29.8568444,-89.9835302
Louisiana,#Na,Louisiana Department of Public Safety & Corrections,POINTE COUPEE PARISH DETENTION CENTER,hifld_prisons,COUNTY,NA,22,22077,OPEN,doc_excluded_local_jail,source type indicates local/federal jail or non-DOC facility,10933 CAJUN II RD,NEW ROADS,Pointe Coupee,30.746962206979983,-91.38363162841651
Louisiana,#Na,Louisiana Department of Public Safety & Corrections,POINTE COUPEE PARISH SHERIFFS OFFICE,hifld,SHERIFF'S OFFICE,NA,22,22077,OPEN,doc_excluded_local_jail,source type indicates local/federal jail or non-DOC facility,215 EAST MAIN STREET,NEW ROADS,Pointe Coupee,30.694088,-91.4326291
Louisiana,#Na,Louisiana Department of Public Safety & Corrections,Rapides Parish Detention Center,jails_prisons,JAILS,Rapides Parish Sheriffs Office,22,22079,1,doc_excluded_local_jail,source type indicates local/federal jail or non-DOC facility,700 Murray Street,Alexandria,Rapides Parish,NA,NA
Louisiana,#Na,Louisiana Department of Public Safety & Corrections,Rapides Parish Detention Center #2,jails_prisons,JAILS,Rapides Parish Sheriffs Office,22,22079,1,doc_excluded_local_jail,source type indicates local/federal jail or non-DOC facility,400 John Allison Drive,Alexandria,Rapides Parish,NA,NA
Louisiana,#Na,Louisiana Department of Public Safety & Corrections,Rapides Parish Detention Center #3,jails_prisons,JAILS,Rapides Parish Sheriffs Office,22,22079,1,doc_excluded_local_jail,source type indicates local/federal jail or non-DOC facility,7400 Academy Drive,Alexandria,Rapides Parish,NA,NA
Louisiana,#Na,Louisiana Department of Public Safety & Corrections,RAPIDES PARISH DETENTION CENTER I,hifld_prisons,COUNTY,NA,22,22079,OPEN,doc_excluded_local_jail,source type indicates local/federal jail or non-DOC facility,701 MURRAY STREET,ALEXANDRIA,Rapides,31.308656783117208,-92.44702901158021
Louisiana,#Na,Louisiana Department of Public Safety & Corrections,RAPIDES PARISH DETENTION CENTER II,hifld_prisons,COUNTY,NA,22,22079,OPEN,doc_excluded_local_jail,source type indicates local/federal jail or non-DOC facility,400 B JOHN ALLISON DR,ALEXANDRIA,Rapides,31.300774091284417,-92.52251973345015
Louisiana,#Na,Louisiana Department of Public Safety & Corrections,RAPIDES PARISH DETENTION CENTER III,hifld_prisons,COUNTY,NA,22,22079,OPEN,doc_excluded_local_jail,source type indicates local/federal jail or non-DOC facility,7400 ACADEMY DR,ALEXANDRIA,Rapides,31.301325127048763,-92.52104720191747
Louisiana,#Na,Louisiana Department of Public Safety & Corrections,RAPIDES PARISH SHERIFFS OFFICE / RAPIDES PARISH JAIL,hifld,SHERIFF'S OFFICE,NA,22,22079,OPEN,doc_excluded_local_jail,source type indicates local/federal jail or non-DOC facility,"701 MURRAY STREET, PO BOX 1510",ALEXANDRIA,Rapides,31.3086529,-92.4470594
Louisiana,#Na,Louisiana Department of Public Safety & Corrections,RAPIDES PARISH TRANSITIONAL WORK PROGRAM,hifld_prisons,COUNTY,NA,22,22079,OPEN,doc_excluded_local_jail,source type indicates local/federal jail or non-DOC facility,400-C JOHN ALLISON DRIVE,ALEXANDRIA,Rapides,31.302676640657996,-92.52192361348683
Louisiana,#Na,Louisiana Department of Public Safety & Corrections,Rapides Parish Work Release Facility,jails_prisons,JAILS,Rapides Parish Sheriffs Office,22,22079,1,doc_excluded_local_jail,source type indicates local/federal jail or non-DOC facility,400-C John Allison Drive,Alexandria,Rapides Parish,NA,NA
Louisiana,#Na,Louisiana Department of Public Safety & Corrections,RAYNE CITY JAIL,hifld_prisons,LOCAL,NA,22,22001,OPEN,doc_excluded_local_jail,source type indicates local/federal jail or non-DOC facility,200 OAK STREET,RAYNE,Acadia,30.24800852824687,-92.27031341771851
Louisiana,#Na,Louisiana Department of Public Safety & Corrections,RAYNE POLICE DEPARTMENT / RAYNE CITY JAIL,hifld,LOCAL POLICE DEPARTMENT,NA,22,22001,OPEN,doc_excluded_local_jail,source type indicates local/federal jail or non-DOC facility,200 OAK STREET,RAYNE,Acadia,30.248018723,-92.270152929
Louisiana,#Na,Louisiana Department of Public Safety & Corrections,RED RIVER PARISH JAIL,hifld_prisons,COUNTY,NA,22,22081,OPEN,doc_excluded_local_jail,source type indicates local/federal jail or non-DOC facility,615 EAST CARROLL DRIVE,COUSHATTA,Red River,32.01422079946942,-93.34029326698321
Louisiana,#Na,Louisiana Department of Public Safety & Corrections,RED RIVER PARISH SHERIFFS DEPARTMENT / RED RIVER PARISH JAIL,hifld,SHERIFF'S OFFICE,NA,22,22081,OPEN,doc_excluded_local_jail,source type indicates local/federal jail or non-DOC facility,615 EAST CARROLL STREET,COUSHATTA,Red River,32.0142028,-93.3402303
Louisiana,#Na,Louisiana Department of Public Safety & Corrections,RICHLAND PARISH DETENTION CENTER-UNIT I,hifld_prisons,COUNTY,NA,22,22083,OPEN,doc_excluded_local_jail,source type indicates local/federal jail or non-DOC facility,474 HWY 15,RAYVILLE,Richland,32.38815808914059,-91.96566948176668
Louisiana,#Na,Louisiana Department of Public Safety & Corrections,RICHLAND PARISH DETENTION CENTER-UNIT II,hifld_prisons,COUNTY,NA,22,22083,OPEN,doc_excluded_local_jail,source type indicates local/federal jail or non-DOC facility,414 HWY 15,RAYVILLE,Richland,32.38861053713169,-91.96677372235435
Louisiana,#Na,Louisiana Department of Public Safety & Corrections,RICHLAND PARISH SHERIFF,hifld,SHERIFF'S OFFICE,NA,22,22083,OPEN,doc_excluded_local_jail,source type indicates local/federal jail or non-DOC facility,"708 JULIA STREET, SUITE 113",RAYVILLE,Richland,32.476824625,-91.75919945
Louisiana,#Na,Louisiana Department of Public Safety & Corrections,Riverbend Detention Center,jails_prisons,JAILS,East Carroll Parish Sheriffs Office,22,22035,1,doc_excluded_local_jail,source type indicates local/federal jail or non-DOC facility,9450 Highway 65 South,Lake Providence,East Carroll Parish,NA,NA
Louisiana,#Na,Louisiana Department of Public Safety & Corrections,RIVERBEND DETENTION CENTER (FEMALE),hifld_prisons,COUNTY,NA,22,22035,OPEN,doc_excluded_local_jail,source type indicates local/federal jail or non-DOC facility,9482 HWY 65 S,LAKE PROVIDENCE,East Carroll,32.77729194601882,-91.17943622292294
Louisiana,#Na,Louisiana Department of Public Safety & Corrections,RIVERBEND DETENTION CENTER (MALE),hifld_prisons,COUNTY,NA,22,22035,OPEN,doc_excluded_local_jail,source type indicates local/federal jail or non-DOC facility,9450 HWY 65 S,LAKE PROVIDENCE,East Carroll,32.77789619645415,-91.1800519279343
Louisiana,#Na,Louisiana Department of Public Safety & Corrections,RIVER CORRECTIONAL CENTER,hifld_prisons,FEDERAL,NA,22,22029,OPEN,doc_excluded_local_jail,source type indicates local/federal jail or non-DOC facility,26362 HWY 15,FERRIDAY,Concordia,31.59710016812204,-91.55835112863934
Louisiana,#Na,Louisiana Department of Public Safety & Corrections,ROSEDALE POLICE DEPARTMENT / ROSEDALE VILLAGE JAIL,hifld,LOCAL POLICE DEPARTMENT,NA,22,22047,OPEN,doc_excluded_local_jail,source type indicates local/federal jail or non-DOC facility,76535 STATE ROUTE 76,ROSEDALE,Iberville,30.4414671,-91.4525638
Louisiana,#Na,Louisiana Department of Public Safety & Corrections,SABINE PARISH DETENTION CENTER,hifld_prisons,COUNTY,NA,22,22085,OPEN,doc_excluded_local_jail,source type indicates local/federal jail or non-DOC facility,384 DETENTION CENTER RD,MANY,Sabine,31.559235062515487,-93.45961581183367
Louisiana,#Na,Louisiana Department of Public Safety & Corrections,SABINE PARISH SHERIFFS DEPARTMENT / SABINE PARISH WOMENS JAIL,hifld,SHERIFF'S OFFICE,NA,22,22085,OPEN,doc_excluded_local_jail,source type indicates local/federal jail or non-DOC facility,400 SOUTH CAPITOL STREET,MANY,Sabine,31.567342646,-93.483771514
Louisiana,#Na,Louisiana Department of Public Safety & Corrections,SABINE PARISH WOMEN'S JAIL,hifld_prisons,COUNTY,NA,22,22085,OPEN,doc_excluded_local_jail,source type indicates local/federal jail or non-DOC facility,400 CAPITOL STREET,MANY,Sabine,31.56732163014703,-93.48383505429702
Louisiana,#Na,Louisiana Department of Public Safety & Corrections,ST. BERNARD PARISH PRISON,hifld_prisons,COUNTY,NA,22,22087,OPEN,doc_excluded_local_jail,source type indicates local/federal jail or non-DOC facility,1900 PARIS RD,CHALMETTE,St. Bernard,29.935922196434184,-89.9674982907879
Louisiana,#Na,Louisiana Department of Public Safety & Corrections,SAINT BERNARDS PARISH SHERIFFS DEPARTMENT,hifld,SHERIFF'S OFFICE,NA,22,22087,OPEN,doc_excluded_local_jail,source type indicates local/federal jail or non-DOC facility,9000 WEST SAINT BERNARD HIGHWAY,CHALMETTE,St. Bernard,29.941334554,-89.973575171
Louisiana,#Na,Louisiana Department of Public Safety & Corrections,SAINT CHARLES PARISH SHERIFFS DEPARTMENT,hifld,SHERIFF'S OFFICE,NA,22,22089,OPEN,doc_excluded_local_jail,source type indicates local/federal jail or non-DOC facility,15045 RIVER ROAD,HAHNVILLE,St. Charles,29.9637814,-90.4065549
Louisiana,#Na,Louisiana Department of Public Safety & Corrections,ST. HELENA PARISH JAIL,hifld_prisons,COUNTY,NA,22,22091,OPEN,doc_excluded_local_jail,source type indicates local/federal jail or non-DOC facility,387 SITMAN STREET,GREENSBURG,St. Helena,30.82909728429234,-90.66719515140268
Louisiana,#Na,Louisiana Department of Public Safety & Corrections,SAINT HELENA PARISH SHERIFFS DEPARTMENT / SAINT HELENA PARISH JAIL,hifld,SHERIFF'S OFFICE,NA,22,22091,OPEN,doc_excluded_local_jail,source type indicates local/federal jail or non-DOC facility,387 SITMAN STREET,GREENSBURG,St. Helena,30.8289762,-90.6673078
Louisiana,#Na,Louisiana Department of Public Safety & Corrections,ST. JAMES PARISH DETENTION CENTER,hifld_prisons,COUNTY,NA,22,22093,OPEN,doc_excluded_local_jail,source type indicates local/federal jail or non-DOC facility,5800 STATE HWY 44,CONVENT,St. James,29.994344052664886,-90.81750970488585
Louisiana,#Na,Louisiana Department of Public Safety & Corrections,St. James Parish Jail,jails_prisons,JAILS,St. James Parish Sheriffs Office,22,22093,1,doc_excluded_local_jail,source type indicates local/federal jail or non-DOC facility,5800 Highway 44,Convent,St. James Parish,NA,NA
Louisiana,#Na,Louisiana Department of Public Safety & Corrections,ST. JOHN THE BAPTIST PARISH JAIL / SHERIFF,hifld_prisons,COUNTY,NA,22,22095,OPEN,doc_excluded_local_jail,source type indicates local/federal jail or non-DOC facility,100 DEP. BARTON GRANIER DR,LAPLACE,St. John The Baptist,30.072109253750565,-90.49962565488542
Louisiana,#Na,Louisiana Department of Public Safety & Corrections,SAINT JOHN THE BAPTIST PARISH SHERIFFS OFFICE / SAINT JOHN THE BAPTIST PARISH JAIL,hifld,SHERIFF'S OFFICE,NA,22,22095,OPEN,doc_excluded_local_jail,source type indicates local/federal jail or non-DOC facility,1801 WEST AIRLINE HIGHWAY,LAPLACE,St. John The Baptist,30.0722426,-90.4996587
Louisiana,#Na,Louisiana Department of Public Safety & Corrections,SAINT JOHN THE BAPTIST PARISH SHERIFF OFFICE SUBSTATION - EDGAR,hifld,SHERIFF'S OFFICE,NA,22,22095,OPEN,doc_excluded_local_jail,source type indicates local/federal jail or non-DOC facility,2393 STATE HIGHWAY 18,EDGARD,St. John The Baptist,30.0452686,-90.5596188
Louisiana,#Na,Louisiana Department of Public Safety & Corrections,SAINT JOHN THE BAPTIST PARISH SHERIFF OFFICE SUBSTATION - GARYVILLE,hifld,SHERIFF'S OFFICE,NA,22,22095,OPEN,doc_excluded_local_jail,source type indicates local/federal jail or non-DOC facility,492 HISTORIC MAIN STREET,GARYVILLE,St. John The Baptist,30.056973,-90.6175348
Louisiana,#Na,Louisiana Department of Public Safety & Corrections,St. John Parish Correctional Center,jails_prisons,JAILS,St. John Parish Sheriffs Office,22,22095,1,doc_excluded_local_jail,source type indicates local/federal jail or non-DOC facility,100 Deputy Barton Granier Drive,La Place,St. John The Baptist Parish,NA,NA
Louisiana,#Na,Louisiana Department of Public Safety & Corrections,ST. LANDRY PARISH JAIL,hifld_prisons,COUNTY,NA,22,22097,OPEN,doc_excluded_local_jail,source type indicates local/federal jail or non-DOC facility,108 SOUTH MARKET STREET,OPELOUSAS,St. Landry,30.534112147499744,-92.08442077049193
Louisiana,#Na,Louisiana Department of Public Safety & Corrections,SAINT LANDRY PARISH SHERIFFS DEPARTMENT / SAINT LANDRY PARISH JAIL,hifld,SHERIFF'S OFFICE,NA,22,22097,OPEN,doc_excluded_local_jail,source type indicates local/federal jail or non-DOC facility,108 SOUTH MARKET STREET,OPELOUSAS,St. Landry,30.5340845,-92.084475
Louisiana,#Na,Louisiana Department of Public Safety & Corrections,ST MARTIN DEPORRES WORK RELEASE FACILITY - MALES,hifld_prisons,LOCAL,NA,22,22019,OPEN,doc_excluded_local_jail,source type indicates local/federal jail or non-DOC facility,1101 CANVASBACK STREET,LAKE CHARLES,Calcasieu,30.224356797128372,-93.15964041684575
Louisiana,#Na,Louisiana Department of Public Safety & Corrections,ST. MARTIN PARISH CORRECTIONAL CENTER I,hifld_prisons,COUNTY,NA,22,22099,OPEN,doc_excluded_local_jail,source type indicates local/federal jail or non-DOC facility,400 ST MARTIN ST,ST MARTINVILLE,St. Martin,30.119941110298058,-91.82957839926195
Louisiana,#Na,Louisiana Department of Public Safety & Corrections,St. Martin Parish Correctional Center Jail 1,jails_prisons,JAILS,St. Martin Parish Sheriffs Office,22,22099,1,doc_excluded_local_jail,source type indicates local/federal jail or non-DOC facility,400 Saint Martin Street,St. Martinville,St. Martin Parish,NA,NA
Louisiana,#Na,Louisiana Department of Public Safety & Corrections,ST. MARTIN PARISH CORRECTIONAL (SUB-STATION),hifld_prisons,COUNTY,NA,22,22099,NOT AVAILABLE,doc_excluded_local_jail,source type indicates local/federal jail or non-DOC facility,437 W MILLS AVE,BREAUX BRIDGE,St. Martin,30.27551376068517,-91.9168752299252
Louisiana,#Na,Louisiana Department of Public Safety & Corrections,ST. MARY LAW ENFORCEMENT CENTER,hifld_prisons,COUNTY,NA,22,22101,OPEN,doc_excluded_local_jail,source type indicates local/federal jail or non-DOC facility,9311 HWY 90 WEST SOUTH FRONTAGE,CENTERVILLE,St. Mary,29.745474192280575,-91.44299432750526
Louisiana,#Na,Louisiana Department of Public Safety & Corrections,St. Mary Parish Law Enforcement Center,jails_prisons,JAILS,St. Mary Parish Sheriffs Office,22,22101,1,doc_excluded_local_jail,source type indicates local/federal jail or non-DOC facility,9311 Highway 90 West,Centerville,St. Mary Parish,NA,NA
Louisiana,#Na,Louisiana Department of Public Safety & Corrections,SAINT MARY PARISH SHERIFFS OFFICE,hifld,SHERIFF'S OFFICE,NA,22,22101,OPEN,doc_excluded_local_jail,source type indicates local/federal jail or non-DOC facility,"500 MAIN STREET, 4TH FLOOR",FRANKLIN,St. Mary,29.7912207,-91.4994213
Louisiana,#Na,Louisiana Department of Public Safety & Corrections,ST. TAMMANY PARISH JAIL,hifld_prisons,COUNTY,NA,22,22103,OPEN,doc_excluded_local_jail,source type indicates local/federal jail or non-DOC facility,1200 CHAMPAGNE ST,COVINGTON,St. Tammany,30.492580417580815,-90.10642330929936
Louisiana,#Na,Louisiana Department of Public Safety & Corrections,SAINT TAMMANY PARISH SHERIFFS OFFICE,hifld,SHERIFF'S OFFICE,NA,22,22103,OPEN,doc_excluded_local_jail,source type indicates local/federal jail or non-DOC facility,701 NORTH COLUMBIA STREET,COVINGTON,St. Tammany,30.4802799,-90.0962067
Louisiana,#Na,Louisiana Department of Public Safety & Corrections,SHREVEPORT CITY JAIL,hifld_prisons,LOCAL,NA,22,22017,OPEN,doc_excluded_local_jail,source type indicates local/federal jail or non-DOC facility,755 HOPE ST,SHREVEPORT,Caddo,32.50385793843891,-93.75571699038532
Louisiana,#Na,Louisiana Department of Public Safety & Corrections,Slidell City Jail,jails_prisons,JAILS,Slidell Police Department,22,22103,1,doc_excluded_local_jail,source type indicates local/federal jail or non-DOC facility,2112 Sgt. Alfred Drive,Slidell,St. Tammany Parish,NA,NA
Louisiana,#Na,Louisiana Department of Public Safety & Corrections,South Lafourche Sub Station,jails_prisons,JAILS,Lafourche Parish Sheriffs Office,22,22057,2,doc_excluded_local_jail,source type indicates local/federal jail or non-DOC facility,102 West 91 Street,Cuttoff,Lafourche Parish,NA,NA
Louisiana,#Na,Louisiana Department of Public Safety & Corrections,SOUTH LOUISIANA ICE PROCESSING CENTER,hifld_prisons,FEDERAL,NA,22,22039,OPEN,doc_excluded_local_jail,source type indicates local/federal jail or non-DOC facility,3843 STAGG AVE,BASILE,Evangeline,30.487373255989684,-92.58314152873993
Louisiana,#Na,Louisiana Department of Public Safety & Corrections,Sulphur City Jail,jails_prisons,JAILS,Sulphur Police Department,22,22019,1,doc_excluded_local_jail,source type indicates local/federal jail or non-DOC facility,500-B N Huntington Street,Sulphur,Calcasieu Parish,NA,NA
Louisiana,#Na,Louisiana Department of Public Safety & Corrections,TANGIPAHOA PARISH PRISON,hifld_prisons,COUNTY,NA,22,22105,OPEN,doc_excluded_local_jail,source type indicates local/federal jail or non-DOC facility,101 CAMPO LANE,AMITE,Tangipahoa,30.72978916258737,-90.52138985233191
Louisiana,#Na,Louisiana Department of Public Safety & Corrections,TANGIPAHOA PARISH SHERIFFS OFFICE,hifld,SHERIFF'S OFFICE,NA,22,22105,OPEN,doc_excluded_local_jail,source type indicates local/federal jail or non-DOC facility,313 EAST OAK STREET,AMITE,Tangipahoa,30.7271227,-90.5041558
Louisiana,#Na,Louisiana Department of Public Safety & Corrections,TANGIPAHOA PARISH SHERIFFS SUBSTATION,hifld,SHERIFF'S OFFICE,NA,22,22105,OPEN,doc_excluded_local_jail,source type indicates local/federal jail or non-DOC facility,15475 CLUB DELUXE ROAD,HAMMOND,Tangipahoa,30.476905525,-90.467922066
Louisiana,#Na,Louisiana Department of Public Safety & Corrections,TENSAS PARISH DETENTION CENTER,hifld_prisons,COUNTY,NA,22,22107,OPEN,doc_excluded_local_jail,source type indicates local/federal jail or non-DOC facility,8606 HWY 65,WATERPROOF,Tensas,31.8087044399063,-91.39692323176288
Louisiana,#Na,Louisiana Department of Public Safety & Corrections,TENSAS PARISH SHERIFFS DEPARTMENT / TENSAS PARISH JAIL,hifld,SHERIFF'S OFFICE,NA,22,22107,OPEN,doc_excluded_local_jail,source type indicates local/federal jail or non-DOC facility,203 HANCOCK,SAINT JOSEPH,Tensas,31.9145134,-91.2370671
Louisiana,#Na,Louisiana Department of Public Safety & Corrections,TERREBONNE CRIMINAL JUSTICE COMPLEX,hifld_prisons,COUNTY,NA,22,22109,OPEN,doc_excluded_local_jail,source type indicates local/federal jail or non-DOC facility,3211 GRAND CAILLOU RD,HOUMA,Terrebonne,29.520017365941747,-90.67377179390301
Louisiana,#Na,Louisiana Department of Public Safety & Corrections,TERREBONNE PARISH ANNEX JAIL,hifld_prisons,COUNTY,NA,22,22109,OPEN,doc_excluded_local_jail,source type indicates local/federal jail or non-DOC facility,7857 MAIN ST.,HOUMA,Terrebonne,29.5957522001832,-90.72225057672644
Louisiana,#Na,Louisiana Department of Public Safety & Corrections,Terrebonne Parish Criminal Justice Complex - Female Jail,jails_prisons,JAILS,Terrebonne Parish Criminal Justice Complex,22,22109,1,doc_excluded_local_jail,source type indicates local/federal jail or non-DOC facility,3181 Grand Caillou Road,Houma,Terrebonne Parish,NA,NA
Louisiana,#Na,Louisiana Department of Public Safety & Corrections,Terrebonne Parish Jail,jails_prisons,JAILS,Terrebonne Parish Criminal Justice Complex,22,22109,1,doc_excluded_local_jail,source type indicates local/federal jail or non-DOC facility,3211 Grand Caillou Road,Houma,Terrebonne Parish,NA,NA
Louisiana,#Na,Louisiana Department of Public Safety & Corrections,TERREBONNE PARISH JUVENILE JUSTICE COMPLEX,hifld_prisons,COUNTY,NA,22,22109,OPEN,doc_excluded_local_jail,source type indicates local/federal jail or non-DOC facility,180 GOVERNMENT STREET,GRAY,Terrebonne,29.688857260881708,-90.78207090574645
Louisiana,#Na,Louisiana Department of Public Safety & Corrections,TERREBONNE PARISH SHERIFF'S OFFICE,hifld,SHERIFF'S OFFICE,NA,22,22109,OPEN,doc_excluded_local_jail,source type indicates local/federal jail or non-DOC facility,"7856 W MAIN ST, PO BOX 1670",HOUMA,Terrebonne,29.595707,-90.722309
Louisiana,#Na,Louisiana Department of Public Safety & Corrections,TRANSITIONAL WORKFORCE CENTER,hifld_prisons,COUNTY,NA,22,22071,OPEN,doc_excluded_local_jail,source type indicates local/federal jail or non-DOC facility,3200 PERDIDO ST,NEW ORLEANS,Orleans,29.962183194755426,-90.0989365113271
Louisiana,#Na,Louisiana Department of Public Safety & Corrections,Transitional Work Program Facility,jails_prisons,JAILS,Lafourche Parish Sheriffs Office,22,22057,2,doc_excluded_local_jail,source type indicates local/federal jail or non-DOC facility,115 Highway 90 East,Raceland,Lafourche Parish,NA,NA
Louisiana,#Na,Louisiana Department of Public Safety & Corrections,UNION PARISH DETENTION CENTER,hifld_prisons,COUNTY,NA,22,22111,OPEN,doc_excluded_local_jail,source type indicates local/federal jail or non-DOC facility,707 RODEO CIRCLE,FARMERVILLE,Union,32.76880308433581,-92.41236783612162
Louisiana,#Na,Louisiana Department of Public Safety & Corrections,UNION PARISH SHERIFF DEPARTMENT,hifld,SHERIFF'S OFFICE,NA,22,22111,OPEN,doc_excluded_local_jail,source type indicates local/federal jail or non-DOC facility,"100 EAST BAYOU STREET, SUITE 101",FARMERVILLE,Union,32.7736691,-92.4049143
Louisiana,#Na,Louisiana Department of Public Safety & Corrections,USP POLLOCK,hifld_prisons,FEDERAL,NA,22,22043,OPEN,doc_excluded_local_jail,source type indicates local/federal jail or non-DOC facility,1000 AIRBASE RD,POLLOCK,Grant,31.469764133880684,-92.43848118645737
Louisiana,#Na,Louisiana Department of Public Safety & Corrections,USP POLLOCK CAMP,hifld_prisons,FEDERAL,NA,22,22043,OPEN,doc_excluded_local_jail,source type indicates local/federal jail or non-DOC facility,1000 AIRBASE RD,POLLOCK,Grant,31.466132933076764,-92.43632812347406
Louisiana,#Na,Louisiana Department of Public Safety & Corrections,VERMILION PARISH JAIL,hifld,LOCAL POLICE DEPARTMENT,NA,22,22113,OPEN,doc_excluded_local_jail,source type indicates local/federal jail or non-DOC facility,14202 SAVOY ROAD,ABBEVILLE,Vermilion,29.9468796,-92.0920471
Louisiana,#Na,Louisiana Department of Public Safety & Corrections,VERMILION PARISH SHERIFFS DEPARTMENT,hifld,SHERIFF'S OFFICE,NA,22,22113,OPEN,doc_excluded_local_jail,source type indicates local/federal jail or non-DOC facility,101 SOUTH STATE STREET,ABBEVILLE,Vermilion,29.973614614,-92.135579884
Louisiana,#Na,Louisiana Department of Public Safety & Corrections,Vermillion Parish Law Enforcement Center,jails_prisons,JAILS,Vermillion Parish Sheriffs Office,22,22113,1,doc_excluded_local_jail,source type indicates local/federal jail or non-DOC facility,14202 Allen Bares Jr. Road,Abbeville,Vermilion Parish,NA,NA
Louisiana,#Na,Louisiana Department of Public Safety & Corrections,VERNON PARISH JAIL,hifld_prisons,COUNTY,NA,22,22115,OPEN,doc_excluded_local_jail,source type indicates local/federal jail or non-DOC facility,1203 S 4TH ST,LEESVILLE,Vernon,31.132218363870262,-93.26439412289352
Louisiana,#Na,Louisiana Department of Public Safety & Corrections,VERNON PARISH SHERIFFS DEPARTMENT / VERNON PARISH JAIL,hifld,SHERIFF'S OFFICE,NA,22,22115,OPEN,doc_excluded_local_jail,source type indicates local/federal jail or non-DOC facility,203 SOUTH THIRD STREET,LEESVILLE,Vernon,31.142236582,-93.260421056
Louisiana,#Na,Louisiana Department of Public Safety & Corrections,Ville Platte Jail,jails_prisons,JAILS,Ville Platte Police Department,22,22039,1,doc_excluded_local_jail,source type indicates local/federal jail or non-DOC facility,114 Armand Street,Ville Platte,Evangeline Parish,NA,NA
Louisiana,#Na,Louisiana Department of Public Safety & Corrections,WASHINGTON PARISH JAIL,hifld_prisons,COUNTY,NA,22,22117,OPEN,doc_excluded_local_jail,source type indicates local/federal jail or non-DOC facility,1002 MAIN ST,FRANKLINTON,Washington,30.843516401594716,-90.15625596697373
Louisiana,#Na,Louisiana Department of Public Safety & Corrections,WASHINGTON PARISH SHERIFFS DEPARTMENT / WASHINGTON PARISH JAIL,hifld,SHERIFF'S OFFICE,NA,22,22117,OPEN,doc_excluded_local_jail,source type indicates local/federal jail or non-DOC facility,1002 MAIN STREET,FRANKLINTON,Washington,30.84366239,-90.156128546
Louisiana,#Na,Louisiana Department of Public Safety & Corrections,WEBSTER PARISH SHERIFFS DEPARTMENT,hifld,SHERIFF'S OFFICE,NA,22,22119,OPEN,doc_excluded_local_jail,source type indicates local/federal jail or non-DOC facility,410 MAIN STREET,MINDEN,Webster,32.613735454,-93.288269463
Louisiana,#Na,Louisiana Department of Public Safety & Corrections,Welsh City Jail,jails_prisons,JAILS,Welsh Police Department,22,22053,1,doc_excluded_local_jail,source type indicates local/federal jail or non-DOC facility,201 W South Street,Welsh,Jefferson Davis Parish,NA,NA
Louisiana,#Na,Louisiana Department of Public Safety & Corrections,WEST BATON ROUGE PARISH DETENTION CENTER,hifld_prisons,COUNTY,NA,22,22121,OPEN,doc_excluded_local_jail,source type indicates local/federal jail or non-DOC facility,1150 NORTHWEST DR,PORT ALLEN,West Baton Rouge,30.501363905275756,-91.21626701379996
Louisiana,#Na,Louisiana Department of Public Safety & Corrections,WEST BATON ROUGE PARISH JAIL,hifld,SHERIFF'S OFFICE,NA,22,22121,OPEN,doc_excluded_local_jail,source type indicates local/federal jail or non-DOC facility,1150 NORTHWEST DRIVE,PORT ALLEN,West Baton Rouge,30.501331,-91.2163777
Louisiana,#Na,Louisiana Department of Public Safety & Corrections,WEST BATON ROUGE PARISH SHERIFFS DEPARTMENT,hifld,SHERIFF'S OFFICE,NA,22,22121,OPEN,doc_excluded_local_jail,source type indicates local/federal jail or non-DOC facility,850 8TH STREET,PORT ALLEN,West Baton Rouge,30.4599861,-91.2092997
Louisiana,#Na,Louisiana Department of Public Safety & Corrections,West Baton Rouge Work Release,jails_prisons,JAILS,West Baton Rouge Parish Sheriffs Office,22,22121,1,doc_excluded_local_jail,source type indicates local/federal jail or non-DOC facility,1155 NW Drive,Port Allen,West Baton Rouge Parish,NA,NA
Louisiana,#Na,Louisiana Department of Public Safety & Corrections,WEST BATON ROUGE WORK RELEASE FACILITY,hifld_prisons,COUNTY,NA,22,22121,OPEN,doc_excluded_local_jail,source type indicates local/federal jail or non-DOC facility,1155 NORTHWEST DR,PORT ALLEN,West Baton Rouge,30.50006849863547,-91.2154740695888
Louisiana,#Na,Louisiana Department of Public Safety & Corrections,WEST CARROLL DETENTION CENTER,hifld_prisons,COUNTY,NA,22,22123,NOT AVAILABLE,doc_excluded_local_jail,source type indicates local/federal jail or non-DOC facility,180 CAPITAL BANK DR,EPPS,West Carroll,32.59927444990966,-91.48398535432446
Louisiana,#Na,Louisiana Department of Public Safety & Corrections,WEST CARROLL PARISH JAIL,hifld_prisons,COUNTY,NA,22,22123,OPEN,doc_excluded_local_jail,source type indicates local/federal jail or non-DOC facility,305 EAST MAIN STREET,OAK GROVE,West Carroll,32.86038966737727,-91.38745772338473
Louisiana,#Na,Louisiana Department of Public Safety & Corrections,WEST CARROLL PARISH SHERIFFS DEPARTMENT / WEST CARROLL PARISH JAIL,hifld,SHERIFF'S OFFICE,NA,22,22123,OPEN,doc_excluded_local_jail,source type indicates local/federal jail or non-DOC facility,305 EAST MAIN STREET,OAK GROVE,West Carroll,32.8605329,-91.3874973
Louisiana,#Na,Louisiana Department of Public Safety & Corrections,WEST FELICIANA PARISH DETENTION CENTER,hifld_prisons,COUNTY,NA,22,22125,OPEN,doc_excluded_local_jail,source type indicates local/federal jail or non-DOC facility,4834 FELICIANA ST,ST. FRANCISVILLE,West Feliciana,30.77798568561768,-91.38330692321767
Louisiana,#Na,Louisiana Department of Public Safety & Corrections,West Feliciana Parish Jail,jails_prisons,JAILS,West Feliciana Parish Sheriffs Office,22,22125,1,doc_excluded_local_jail,source type indicates local/federal jail or non-DOC facility,4834 Feliciana Street,St. Francisville,West Feliciana Parish,NA,NA
Louisiana,#Na,Louisiana Department of Public Safety & Corrections,WEST FELICIANA PARISH SHERIFFS OFFICE,hifld,SHERIFF'S OFFICE,NA,22,22125,OPEN,doc_excluded_local_jail,source type indicates local/federal jail or non-DOC facility,4789 PROSPERITY STREET,SAINT FRANCISVILLE,West Feliciana,30.775018633,-91.386308451
Louisiana,#Na,Louisiana Department of Public Safety & Corrections,WEST FELICIANA PARISH TRANSITIONAL WORK PROGRAM,hifld_prisons,COUNTY,NA,22,22125,OPEN,doc_excluded_local_jail,source type indicates local/federal jail or non-DOC facility,9942 WEST FELICIANA PARKWAY,ST. FRANCISVILLE,West Feliciana,30.805170156189345,-91.37986500583924
Louisiana,#Na,Louisiana Department of Public Safety & Corrections,West Monroe Correctional Center,jails_prisons,JAILS,West Monroe Correction Center,22,22073,1,doc_excluded_local_jail,source type indicates local/federal jail or non-DOC facility,2301 N 7th Street,West Monroe,Ouachita Parish,NA,NA
Louisiana,#Na,Louisiana Department of Public Safety & Corrections,WEST MONROE CORRECTIONAL FACILITY,hifld_prisons,LOCAL,NA,22,22073,OPEN,doc_excluded_local_jail,source type indicates local/federal jail or non-DOC facility,2301 NORTH 7TH STREET,WEST MONROE,Ouachita,32.520157143347845,-92.14871243237276
Louisiana,#Na,Louisiana Department of Public Safety & Corrections,WHITE CASTLE TOWN JAIL,hifld_prisons,LOCAL,NA,22,22047,OPEN,doc_excluded_local_jail,source type indicates local/federal jail or non-DOC facility,32535 BOWIE STREET,WHITE CASTLE,Iberville,30.169380833421755,-91.14663813759897
Louisiana,#Na,Louisiana Department of Public Safety & Corrections,WHITE CASTLE POLICE DEPARTMENT / WHITE CASTLE TOWN JAIL,hifld,LOCAL POLICE DEPARTMENT,NA,22,22047,OPEN,doc_excluded_local_jail,source type indicates local/federal jail or non-DOC facility,32535 BOWIE STREET,WHITE CASTLE,Iberville,30.1692197,-91.1467836
Louisiana,#Na,Louisiana Department of Public Safety & Corrections,Winnfield City Jail,jails_prisons,JAILS,Winnfield Police Department,22,22127,1,doc_excluded_local_jail,source type indicates local/federal jail or non-DOC facility,405 South Jones Street,Winnfield,Winn Parish,NA,NA
Louisiana,#Na,Louisiana Department of Public Safety & Corrections,WINN PARISH DETENTION CENTER,hifld_prisons,COUNTY,NA,22,22127,OPEN,doc_excluded_local_jail,source type indicates local/federal jail or non-DOC facility,460 THOMAS MILL RD,WINNFIELD,Winn,31.94751282742366,-92.6486344162142
Louisiana,#Na,Louisiana Department of Public Safety & Corrections,Winn Parish Jail,jails_prisons,JAILS,Winn Parish Sheriffs Office,22,22127,1,doc_excluded_local_jail,source type indicates local/federal jail or non-DOC facility,"119 West Main, Room 106",Winnfield,Winn Parish,NA,NA
Louisiana,#Na,Louisiana Department of Public Safety & Corrections,WINN PARISH SHERIFFS DEPARTMENT / WINN PARISH JAIL,hifld,SHERIFF'S OFFICE,NA,22,22127,OPEN,doc_excluded_local_jail,source type indicates local/federal jail or non-DOC facility,119 WEST MAIN STREET,WINNFIELD,Winn,31.9263671,-92.6391189
Louisiana,#Na,Louisiana Department of Public Safety & Corrections,YOUTH STUDY CENTER,hifld_prisons,COUNTY,NA,22,22071,OPEN,doc_excluded_local_jail,source type indicates local/federal jail or non-DOC facility,1100 MILTON ST,NEW ORLEANS,Orleans,29.99405617393061,-90.0842836758977
Massachusetts,NA,Massachusetts Department of Corrections,BARNSTABLE COUNTY CORRECTIONAL FACILITY,hifld_prisons,COUNTY,NA,25,25001,OPEN,doc_excluded_local_jail,source type indicates local/federal jail or non-DOC facility,6000 SHERIFFS PLACE,BOURNE,Barnstable,41.67753545680383,-70.57151400482982
Massachusetts,NA,Massachusetts Department of Corrections,BERKSHIRE COUNTY JAIL AND HOUSE OF CORRECTION,hifld_prisons,COUNTY,NA,25,25003,OPEN,doc_excluded_local_jail,source type indicates local/federal jail or non-DOC facility,467 CHESHIRE ROAD,PITTSFIELD,Berkshire,42.486455261836184,-73.20973973229206
Massachusetts,NA,Massachusetts Department of Corrections,Berkshire County Jail & House of Corrections,jails_prisons,JAILS,Berkshire County Sheriffs Office,25,25003,1,doc_excluded_local_jail,source type indicates local/federal jail or non-DOC facility,467 Cheshire Road,Pittsfield,Berkshire County,NA,NA
Massachusetts,NA,Massachusetts Department of Corrections,BERKSHIRE COUNTY SHERIFF / BERKSHIRE COUNTY JAIL,hifld,SHERIFF'S OFFICE,NA,25,25003,OPEN,doc_excluded_local_jail,source type indicates local/federal jail or non-DOC facility,467 CHESHIRE ROAD,PITTSFIELD,Berkshire,42.4862592,-73.2097578
Massachusetts,NA,Massachusetts Department of Corrections,BOSTON POLICE DEPARTMENT HEADQUARTERS,hifld_prisons,LOCAL,NA,25,25025,OPEN,doc_excluded_local_jail,source type indicates local/federal jail or non-DOC facility,1 SCHROEDER PLAZA,BOSTON,Suffolk,42.334158830709264,-71.09073793135896
Massachusetts,NA,Massachusetts Department of Corrections,BRISTOL COUNTY ASH STREET JAIL AND REGIONAL LOCK-UP,hifld_prisons,COUNTY,NA,25,25005,OPEN,doc_excluded_local_jail,source type indicates local/federal jail or non-DOC facility,226 ASH STREET,NEW BEDFORD,Bristol,41.63371910089051,-70.9346890780609
Massachusetts,NA,Massachusetts Department of Corrections,BRISTOL COUNTY HOUSE OF CORRECTION AND JAIL,hifld_prisons,COUNTY,NA,25,25005,OPEN,doc_excluded_local_jail,source type indicates local/federal jail or non-DOC facility,400 FAUNCE CORNER ROAD,NORTH DARTMOUTH,Bristol,41.66522592096555,-70.9959389587395
Massachusetts,NA,Massachusetts Department of Corrections,"Bristol County House of Corrections, Jail, & Female Facility",jails_prisons,JAILS,Bristol County Sheriffs Office,25,25005,1,doc_excluded_local_jail,source type indicates local/federal jail or non-DOC facility,400 Faunce Corner Road,North Dartmouth,Bristol County,NA,NA
Massachusetts,NA,Massachusetts Department of Corrections,BRISTOL COUNTY SHERIFFS OFFICE / BRISTOL COUNTY JAIL AND HOUSE OF CORRECTION,hifld,SHERIFF'S OFFICE,NA,25,25005,OPEN,doc_excluded_local_jail,source type indicates local/federal jail or non-DOC facility,400 FAUNCE CORNER ROAD,NORTH DARTMOUTH,Bristol,41.6660073,-70.9954315
Massachusetts,NA,Massachusetts Department of Corrections,BRISTOL COUNTY SHERIFF'S OFFICE JUVENILE LOCK UP,hifld_prisons,COUNTY,NA,25,25005,NOT AVAILABLE,doc_excluded_local_jail,source type indicates local/federal jail or non-DOC facility,323 MILL STREET,NEW BEDFORD,Bristol,41.636947774438454,-70.94143590533058
Massachusetts,NA,Massachusetts Department of Corrections,BRISTOL COUNTY SHERIFF'S OFFICE WOMEN'S CENTER,hifld_prisons,COUNTY,NA,25,25005,OPEN,doc_excluded_local_jail,source type indicates local/federal jail or non-DOC facility,400 FAUNCE CORNER ROAD,NORTH DARTMOUTH,Bristol,41.666928126661716,-70.99522286294342
Massachusetts,NA,Massachusetts Department of Corrections,C. CARLOS CARREIRO IMMIGRATION DETENTION CENTER,hifld_prisons,COUNTY,NA,25,25005,NOT AVAILABLE,doc_excluded_local_jail,source type indicates local/federal jail or non-DOC facility,400 FAUNCE CORNER ROAD,NORTH DARTMOUTH,Bristol,41.66725389124367,-70.99360456290233
Massachusetts,NA,Massachusetts Department of Corrections,DUKES COUNTY HOUSE OF CORRECTION AND JAIL,hifld_prisons,COUNTY,NA,25,25007,OPEN,doc_excluded_local_jail,source type indicates local/federal jail or non-DOC facility,149 MAIN STREET,EDGARTOWN,Dukes,41.39173305661457,-70.51944496025851
Massachusetts,NA,Massachusetts Department of Corrections,Dukes County Jail & House of Corrections,jails_prisons,JAILS,Dukes County Sheriffs Office,25,25007,1,doc_excluded_local_jail,source type indicates local/federal jail or non-DOC facility,149 Main Street,Edgartown,Dukes County,NA,NA
Massachusetts,NA,Massachusetts Department of Corrections,DUKES COUNTY SHERIFFS OFFICE / DUKES COUNTY JAIL AND HOUSE OF CORRECTION,hifld,SHERIFF'S OFFICE,NA,25,25007,OPEN,doc_excluded_local_jail,source type indicates local/federal jail or non-DOC facility,149 MAIN STREET,EDGARTOWN,Dukes,41.3916319,-70.5194751
Massachusetts,NA,Massachusetts Department of Corrections,ESSEX COUNTY CORRECTIONAL FACILITY,hifld_prisons,COUNTY,NA,25,25009,OPEN,doc_excluded_local_jail,source type indicates local/federal jail or non-DOC facility,20 MANNING AVE,MIDDLETON,Essex,42.59776729613257,-70.98694356880529
Massachusetts,NA,Massachusetts Department of Corrections,ESSEX COUNTY PRE-RELEASE AND RE-ENTRY CENTER,hifld_prisons,COUNTY,NA,25,25009,OPEN,doc_excluded_local_jail,source type indicates local/federal jail or non-DOC facility,165 MARSTON STREET,LAWRENCE,Essex,42.714395472414225,-71.13561923907338
Massachusetts,NA,Massachusetts Department of Corrections,ESSEX COUNTY SHERIFFS DEPARTMENT SECURE ALTERNATIVE LOCKUP PROGRAM,hifld,SHERIFF'S OFFICE,NA,25,25009,OPEN,doc_excluded_local_jail,source type indicates local/federal jail or non-DOC facility,165 MARSTON STREET,LAWRENCE,Essex,42.7141628,-71.1358318
Massachusetts,NA,Massachusetts Department of Corrections,Essex County Women in Transition,jails_prisons,JAILS,Essex County Sheriffs Department,25,25009,1,doc_excluded_local_jail,source type indicates local/federal jail or non-DOC facility,197 Rear Elm Street,Salisbury,Essex County,NA,NA
Massachusetts,NA,Massachusetts Department of Corrections,ESSEX COUNTY WOMEN IN TRANSITION CENTER,hifld_prisons,COUNTY,NA,25,25009,OPEN,doc_excluded_local_jail,source type indicates local/federal jail or non-DOC facility,197 ELM STREET,SALISBURY,Essex,42.84330112166384,-70.894914863541
Massachusetts,NA,Massachusetts Department of Corrections,FMC DEVENS,hifld_prisons,FEDERAL,NA,25,25027,OPEN,doc_excluded_local_jail,source type indicates local/federal jail or non-DOC facility,42 PATTON ROAD,DEVENS,Worcester,42.52538939626798,-71.62068109939867
Massachusetts,NA,Massachusetts Department of Corrections,FMC DEVENS CAMP,hifld_prisons,FEDERAL,NA,25,25027,OPEN,doc_excluded_local_jail,source type indicates local/federal jail or non-DOC facility,42 PATTON ROAD,DEVENS,Worcester,42.52822843669901,-71.62057872469522
Massachusetts,NA,Massachusetts Department of Corrections,FRANKLIN COUNTY JAIL AND HOUSE OF CORRECTION,hifld_prisons,COUNTY,NA,25,25011,OPEN,doc_excluded_local_jail,source type indicates local/federal jail or non-DOC facility,160 ELM STREET,GREENFIELD,Franklin,42.596611490459075,-72.61319806626761
Massachusetts,NA,Massachusetts Department of Corrections,Franklin County Jail & House of Corrections,jails_prisons,JAILS,Franklin County Sheriffs Office,25,25011,1,doc_excluded_local_jail,source type indicates local/federal jail or non-DOC facility,160 Elm Street,Greenfield,Franklin County,NA,NA
Massachusetts,NA,Massachusetts Department of Corrections,FRANKLIN COUNTY SHERIFFS OFFICE / FRANKLIN COUNTY JAIL,hifld,SHERIFF'S OFFICE,NA,25,25011,OPEN,doc_excluded_local_jail,source type indicates local/federal jail or non-DOC facility,160 ELM STREET,GREENFIELD,Franklin,42.596388,-72.6125665
Massachusetts,NA,Massachusetts Department of Corrections,GIRLS SECURE DETENTION UNIT - BROCKTON,hifld_prisons,COUNTY,NA,25,25023,OPEN,doc_excluded_local_jail,source type indicates local/federal jail or non-DOC facility,320 MAIN ST,BROCKTON,Plymouth,42.07903780609555,-71.01926631399064
Massachusetts,NA,Massachusetts Department of Corrections,HAMPDEN COUNTY CORRECTIONAL CENTER,hifld_prisons,COUNTY,NA,25,25013,OPEN,doc_excluded_local_jail,source type indicates local/federal jail or non-DOC facility,627 RANDALL ROAD,LUDLOW,Hampden,42.20339552355813,-72.51259830349306
Massachusetts,NA,Massachusetts Department of Corrections,HAMPDEN COUNTY PRE-RELEASE CENTER,hifld_prisons,COUNTY,NA,25,25013,NOT AVAILABLE,doc_excluded_local_jail,source type indicates local/federal jail or non-DOC facility,325 ALABAMA STREET,LUDLOW,Hampden,42.20166856696079,-72.509484984707
Massachusetts,NA,Massachusetts Department of Corrections,HAMPSHIRE COUNTY JAIL AND HOUSE OF CORRECTION,hifld_prisons,COUNTY,NA,25,25015,OPEN,doc_excluded_local_jail,source type indicates local/federal jail or non-DOC facility,205 ROCKY HILL ROAD,NORTHAMPTON,Hampshire,42.30844838964526,-72.6598918507202
Massachusetts,NA,Massachusetts Department of Corrections,Hampshire County Jail & House of Corrections,jails_prisons,JAILS,Hampshire County Sheriffs Office,25,25015,1,doc_excluded_local_jail,source type indicates local/federal jail or non-DOC facility,205 Rocky Hill Road,Northampton,Hampshire County,NA,NA
Massachusetts,NA,Massachusetts Department of Corrections,HAMPSHIRE COUNTY SHERIFFS OFFICE / HAMPSHIRE COUNTY JAIL AND HOUSE OF CORRECTION,hifld,SHERIFF'S OFFICE,NA,25,25015,OPEN,doc_excluded_local_jail,source type indicates local/federal jail or non-DOC facility,205 ROCKY HILL ROAD,NORTHAMPTON,Hampshire,42.3076082,-72.6591907
Massachusetts,NA,Massachusetts Department of Corrections,Lawrence Correctional Alternative Center,jails_prisons,JAILS,Essex County Sheriffs Department,25,25009,1,doc_excluded_local_jail,source type indicates local/federal jail or non-DOC facility,165 Marston Street,Lawerence,Essex County,NA,NA
Massachusetts,NA,Massachusetts Department of Corrections,MIDDLESEX COUNTY JAIL AND HOUSE OF CORRECTION,hifld_prisons,COUNTY,NA,25,25017,OPEN,doc_excluded_local_jail,source type indicates local/federal jail or non-DOC facility,269 TREBLE COVE RD,BILLERICA,Middlesex,42.55599933682144,-71.3031672862773
Massachusetts,NA,Massachusetts Department of Corrections,Middlesex County Jail & House of Corrections,jails_prisons,JAILS,Middlesex Sheriffs Office,25,25017,1,doc_excluded_local_jail,source type indicates local/federal jail or non-DOC facility,269 Treble Cove Road,Billerica,Middlesex County,NA,NA
Massachusetts,NA,Massachusetts Department of Corrections,MIDDLESEX COUNTY SHERIFFS OFFICE - CAMBRIDGE,hifld,SHERIFF'S OFFICE,NA,25,25017,OPEN,doc_excluded_local_jail,source type indicates local/federal jail or non-DOC facility,271 CAMBRIDGE STREET,CAMBRIDGE,Middlesex,42.371317622,-71.080540008
Massachusetts,NA,Massachusetts Department of Corrections,MIDDLESEX COUNTY SHERIFFS OFFICE - FRAMINGHAM,hifld,SHERIFF'S OFFICE,NA,25,25017,OPEN,doc_excluded_local_jail,source type indicates local/federal jail or non-DOC facility,188 CONCORD STREET,FRAMINGHAM,Middlesex,42.2800829,-71.4165019
Massachusetts,NA,Massachusetts Department of Corrections,MIDDLESEX COUNTY SHERIFFS OFFICE - LOWELL,hifld,SHERIFF'S OFFICE,NA,25,25017,OPEN,doc_excluded_local_jail,source type indicates local/federal jail or non-DOC facility,321 CENTRAL STREET,LOWELL,Middlesex,42.641036412,-71.308274078
Massachusetts,NA,Massachusetts Department of Corrections,TOWN AND COUNTY OF NANTUCKET SHERIFFS OFFICE,hifld,SHERIFF'S OFFICE,NA,25,25019,OPEN,doc_excluded_local_jail,source type indicates local/federal jail or non-DOC facility,16 BROAD STREET,NANTUCKET,Nantucket,41.2850814,-70.0989353
Massachusetts,NA,Massachusetts Department of Corrections,NORFOLK COUNTY JAIL AND HOUSE OF CORRECTION,hifld_prisons,COUNTY,NA,25,25021,OPEN,doc_excluded_local_jail,source type indicates local/federal jail or non-DOC facility,200 WEST ST,DEDHAM,Norfolk,42.26023615026209,-71.20870210331125
Massachusetts,NA,Massachusetts Department of Corrections,Norfolk Sheriffs Office,jails_prisons,JAILS,Norfolk Sheriffs Office,25,25021,1,doc_excluded_local_jail,source type indicates local/federal jail or non-DOC facility,200 West Street,Dedham,Norfolk County,NA,NA
Massachusetts,NA,Massachusetts Department of Corrections,Plymouth County House of Corrections & Jail,jails_prisons,JAILS,Plymouth County Sheriffs Department,25,25023,1,doc_excluded_local_jail,source type indicates local/federal jail or non-DOC facility,26  Long Pond Road,Plymouth,Plymouth County,NA,NA
Massachusetts,NA,Massachusetts Department of Corrections,PLYMOUTH COUNTY SHERIFFS DEPARTMENT,hifld,SHERIFF'S OFFICE,NA,25,25023,OPEN,doc_excluded_local_jail,source type indicates local/federal jail or non-DOC facility,24 LONG POND ROAD,PLYMOUTH,Plymouth,41.9316751,-70.6536417
Massachusetts,NA,Massachusetts Department of Corrections,SOUTH BAY HOUSE OF CORRECTION,hifld_prisons,COUNTY,NA,25,25025,OPEN,doc_excluded_local_jail,source type indicates local/federal jail or non-DOC facility,20 BRADSTON ST,BOSTON,Suffolk,42.3343413993824,-71.06784445658099
Massachusetts,NA,Massachusetts Department of Corrections,SPECTRUM MEN'S FACILITY,hifld_prisons,LOCAL,NA,25,25021,OPEN,doc_excluded_local_jail,source type indicates local/federal jail or non-DOC facility,861 MAIN ST,WEYMOUTH,Norfolk,42.17569933554183,-70.95602184213766
Massachusetts,NA,Massachusetts Department of Corrections,SPRINGFIELD POLICE DEPARTMENT - HAMPDEN COUNTY HALL OF JUSTICE,hifld,LOCAL POLICE DEPARTMENT,NA,25,25013,OPEN,doc_excluded_local_jail,source type indicates local/federal jail or non-DOC facility,50 STATE STREET,SPRINGFIELD,Hampden,42.0997243,-72.589262
Massachusetts,NA,Massachusetts Department of Corrections,Suffolk County Jail,jails_prisons,JAILS,Suffolk County Sheriffs Department - Nashua Street Jail,25,25025,1,doc_excluded_local_jail,source type indicates local/federal jail or non-DOC facility,200 Nashua Street,Boston,Suffolk County,NA,NA
Massachusetts,NA,Massachusetts Department of Corrections,SUFFOLK COUNTY JAIL AT NASHUA STREET,hifld_prisons,COUNTY,NA,25,25025,OPEN,doc_excluded_local_jail,source type indicates local/federal jail or non-DOC facility,200 NASHUA ST,BOSTON,Suffolk,42.36711552344968,-71.06617045833912
Massachusetts,NA,Massachusetts Department of Corrections,WESTERN MASSACHUSETTS RECOVERY AND WELLNESS CENTER,hifld_prisons,COUNTY,NA,25,25013,OPEN,doc_excluded_local_jail,source type indicates local/federal jail or non-DOC facility,155 MILL STREET,SPRINGFIELD,Hampden,42.09247515650291,-72.57406784761017
Massachusetts,NA,Massachusetts Department of Corrections,WESTERN MASSACHUSETTS REGIONAL WOMEN'S CORRECTIONAL CENTER,hifld_prisons,COUNTY,NA,25,25013,OPEN,doc_excluded_local_jail,source type indicates local/federal jail or non-DOC facility,701 CENTER STREET,CHICOPEE,Hampden,42.12919425919566,-72.61059521203217
Massachusetts,NA,Massachusetts Department of Corrections,Western Massachusetts Regional Womens Correctional Center (WCC),jails_prisons,JAILS,Hampden County Correctional Center,25,25013,1,doc_excluded_local_jail,source type indicates local/federal jail or non-DOC facility,701 Center Street,Chicopee,Hampden County,NA,NA
Massachusetts,NA,Massachusetts Department of Corrections,WORCESTER COUNTY HOUSE OF CORRECTION / JAIL,hifld_prisons,COUNTY,NA,25,25027,OPEN,doc_excluded_local_jail,source type indicates local/federal jail or non-DOC facility,5 PAUL X TIVNAN DR,WEST BOYLSTON,Worcester,42.321947207611885,-71.7685484475404
Massachusetts,NA,Massachusetts Department of Corrections,Worcester County Jail & House of Corrections,jails_prisons,JAILS,Worcester County Sheriffs Office,25,25027,1,doc_excluded_local_jail,source type indicates local/federal jail or non-DOC facility,5 Paul X. Tivnan Drive,West Boylston,Worcester County,NA,NA
Massachusetts,NA,Massachusetts Department of Corrections,WORCESTER COUNTY SHERIFFS OFFICE / WORCESTER COUNTY JAIL AND HOUSE OF CORRECTION,hifld,SHERIFF'S OFFICE,NA,25,25027,OPEN,doc_excluded_local_jail,source type indicates local/federal jail or non-DOC facility,5 PAUL X TIVNAN DRIVE,WEST BOYLSTON,Worcester,42.3231197,-71.76879
Mississippi,Hinds County,Mississippi Department of Corrections,ADAMS COUNTY CORRECTIONAL CENETER,hifld_prisons,FEDERAL,NA,28,28001,OPEN,doc_excluded_local_jail,source type indicates local/federal jail or non-DOC facility,20 HOBO FORK RD,NATCHEZ,Adams,31.557622603107603,-91.2211712556388
Mississippi,Hinds County,Mississippi Department of Corrections,ADAMS COUNTY JAIL,hifld_prisons,COUNTY,NA,28,28001,OPEN,doc_excluded_local_jail,source type indicates local/federal jail or non-DOC facility,306 STATE STREET,NATCHEZ,Adams,31.559525821841998,-91.40515934339753
Mississippi,Hinds County,Mississippi Department of Corrections,ADAMS COUNTY JUVENILE DETENTION CENTER,hifld_prisons,COUNTY,NA,28,28001,OPEN,doc_excluded_local_jail,source type indicates local/federal jail or non-DOC facility,320 STATE STREET,NATCHEZ,Adams,31.559044256069146,-91.40463605928322
Mississippi,Hinds County,Mississippi Department of Corrections,ADAMS COUNTY SHERIFFS DEPARTMENT / ADAMS COUNTY JAIL,hifld,SHERIFF'S OFFICE,NA,28,28001,OPEN,doc_excluded_local_jail,source type indicates local/federal jail or non-DOC facility,306 STATE STREET,NATCHEZ,Adams,31.5595264,-91.405126
Mississippi,Hinds County,Mississippi Department of Corrections,ALCORN COUNTY JUVENILE DETENTION,hifld_prisons,COUNTY,NA,28,28003,OPEN,doc_excluded_local_jail,source type indicates local/federal jail or non-DOC facility,2861 SOUTH HARPER ROAD,CORINTH,Alcorn,34.90943444557627,-88.55653969259326
Mississippi,Hinds County,Mississippi Department of Corrections,ALCORN COUNTY REGIONAL CORRECTIONAL FACILITY,hifld_prisons,COUNTY,NA,28,28003,OPEN,doc_excluded_local_jail,source type indicates local/federal jail or non-DOC facility,2839 SOUTH HARPER RD,CORINTH,Alcorn,34.909772319503446,-88.55249111267409
Mississippi,Hinds County,Mississippi Department of Corrections,ALCORN COUNTY SHERIFF'S DEPARTMENT / SANFORD WHITEHURST JAIL,hifld,SHERIFF'S OFFICE,NA,28,28003,OPEN,doc_excluded_local_jail,source type indicates local/federal jail or non-DOC facility,305 SOUTH FULTON DRIVE,CORINTH,Alcorn,34.9293882,-88.5238701
Mississippi,Hinds County,Mississippi Department of Corrections,AMITE COUNTY JAIL,hifld_prisons,COUNTY,NA,28,28005,OPEN,doc_excluded_local_jail,source type indicates local/federal jail or non-DOC facility,243 SOUTH BROAD STREET,LIBERTY,Amite,31.156586528208397,-90.81066189525497
Mississippi,Hinds County,Mississippi Department of Corrections,AMITE COUNTY SHERIFFS DEPARTMENT / AMITE COUNTY JAIL,hifld,SHERIFF'S OFFICE,NA,28,28005,OPEN,doc_excluded_local_jail,source type indicates local/federal jail or non-DOC facility,243 SOUTH BROAD STREET,LIBERTY,Amite,31.156599,-90.8106183
Mississippi,Hinds County,Mississippi Department of Corrections,ATTALA COUNTY JAIL,hifld_prisons,COUNTY,NA,28,28007,OPEN,doc_excluded_local_jail,source type indicates local/federal jail or non-DOC facility,102 RIDGEWOOD CIRCLE,KOSCIUSKO,Attala,33.06771442840904,-89.59764491371025
Mississippi,Hinds County,Mississippi Department of Corrections,ATTALA COUNTY JAIL (OLD),hifld_prisons,COUNTY,NA,28,28007,CLOSED,doc_excluded_local_jail,source type indicates local/federal jail or non-DOC facility,112 WEST ADAMS STREET,KOSCIUSKO,Attala,33.059756239056334,-89.5906795527601
Mississippi,Hinds County,Mississippi Department of Corrections,ATTALA COUNTY SHERIFFS DEPARTMENT / ATTALA COUNTY JAIL,hifld,SHERIFF'S OFFICE,NA,28,28007,OPEN,doc_excluded_local_jail,source type indicates local/federal jail or non-DOC facility,112 WEST ADAMS STREET,KOSCIUSKO,Attala,33.0597125,-89.5907607
Mississippi,Hinds County,Mississippi Department of Corrections,BENTON COUNTY JAIL,hifld_prisons,COUNTY,NA,28,28009,OPEN,doc_excluded_local_jail,source type indicates local/federal jail or non-DOC facility,16670 BOUNDARY DR,ASHLAND,Benton,34.8396871533979,-89.18529019224174
Mississippi,Hinds County,Mississippi Department of Corrections,BENTON COUNTY JAIL (OLD),hifld_prisons,COUNTY,NA,28,28009,CLOSED,doc_excluded_local_jail,source type indicates local/federal jail or non-DOC facility,368 RIPLEY AVENUE,ASHLAND,Benton,34.83308089768469,-89.18221196287338
Mississippi,Hinds County,Mississippi Department of Corrections,BENTON COUNTY SHERIFFS DEPARTMENT / BENTON COUNTY JAIL,hifld,SHERIFF'S OFFICE,NA,28,28009,OPEN,doc_excluded_local_jail,source type indicates local/federal jail or non-DOC facility,368 RIPLEY AVENUE,ASHLAND,Benton,34.8331194,-89.1821878
Mississippi,Hinds County,Mississippi Department of Corrections,BILLY MCGEE LAW ENFORCEMENT COMPLEX,hifld_prisons,COUNTY,NA,28,28035,OPEN,doc_excluded_local_jail,source type indicates local/federal jail or non-DOC facility,55 ARENA DR,HATTIESBURG,Forrest,31.25428423589671,-89.27595616379595
Mississippi,Hinds County,Mississippi Department of Corrections,BOLIVAR COUNTY JUVENILE TEMPORARY HOLDING FACILITY,hifld_prisons,COUNTY,NA,28,28011,OPEN,doc_excluded_local_jail,source type indicates local/federal jail or non-DOC facility,801 MAIN STREET,ROSEDALE,Bolivar,33.85371716994814,-91.02704180810292
Mississippi,Hinds County,Mississippi Department of Corrections,BOLIVAR COUNTY REGIONAL CORRECTIONAL FACILITY,hifld_prisons,COUNTY,NA,28,28011,OPEN,doc_excluded_local_jail,source type indicates local/federal jail or non-DOC facility,2792 HWY 8 W,CLEVELAND,Bolivar,33.768747145340996,-90.8046236184676
Mississippi,Hinds County,Mississippi Department of Corrections,BOLIVAR COUNTY SHERIFFS DEPARTMENT,hifld,SHERIFF'S OFFICE,NA,28,28011,OPEN,doc_excluded_local_jail,source type indicates local/federal jail or non-DOC facility,2792 STATE HIGHWAY 8 WEST,CLEVELAND,Bolivar,33.7689965,-90.8049977
Mississippi,Hinds County,Mississippi Department of Corrections,CALHOUN COUNTY JAIL,hifld_prisons,COUNTY,NA,28,28013,OPEN,doc_excluded_local_jail,source type indicates local/federal jail or non-DOC facility,178 SOUTH MURPHREE STREET,PITTSBORO,Calhoun,33.93452793494968,-89.33615484729492
Mississippi,Hinds County,Mississippi Department of Corrections,CALHOUN COUNTY SHERIFFS DEPARTMENT,hifld,SHERIFF'S OFFICE,NA,28,28013,OPEN,doc_excluded_local_jail,source type indicates local/federal jail or non-DOC facility,178 SOUTH MURPHREE STREET,PITTSBORO,Calhoun,33.9346041,-89.3360379
Mississippi,Hinds County,Mississippi Department of Corrections,Carroll-Montgomery County/Regional Correctional Facility,jails_prisons,JAILS,MDOC Division of Institutions - Carroll/Montgomery Regional Correctional Facility,28,28015,1,doc_excluded_local_jail,source type indicates local/federal jail or non-DOC facility,33714 Highway 35,Vaiden,Carroll County,NA,NA
Mississippi,Hinds County,Mississippi Department of Corrections,CARROLL COUNTY REGIONAL CORRECTIONAL FACILITY,hifld_prisons,COUNTY,NA,28,28015,OPEN,doc_excluded_local_jail,source type indicates local/federal jail or non-DOC facility,33714 MS HWY 35,VAIDEN,Carroll,33.33754675427939,-89.77247002848807
Mississippi,Hinds County,Mississippi Department of Corrections,CARROLL COUNTY SHERIFFS DEPARTMENT,hifld,SHERIFF'S OFFICE,NA,28,28015,OPEN,doc_excluded_local_jail,source type indicates local/federal jail or non-DOC facility,105 EAST WASHINGTON STREET,CARROLLTON,Carroll,33.508438835,-89.919025857
Mississippi,Hinds County,Mississippi Department of Corrections,Chickasaw County Jail,jails_prisons,JAILS,Chickasaw County Sheriffs Office,28,28017,2,doc_excluded_local_jail,source type indicates local/federal jail or non-DOC facility,130 Lancaster Circle,Houston,Chickasaw County,NA,NA
Mississippi,Hinds County,Mississippi Department of Corrections,CHICKASAW COUNTY REGIONAL CORRECTIONAL FACILITY,hifld_prisons,COUNTY,NA,28,28017,OPEN,doc_excluded_local_jail,source type indicates local/federal jail or non-DOC facility,120 LANCASTER CIRCLE,HOUSTON,Chickasaw,33.92069565738813,-89.02224393573373
Mississippi,Hinds County,Mississippi Department of Corrections,CHICKASAW COUNTY SHERIFFS DEPARTMENT / CHICKASAW COUNTY JAIL,hifld,SHERIFF'S OFFICE,NA,28,28017,OPEN,doc_excluded_local_jail,source type indicates local/federal jail or non-DOC facility,130 LANCASTER CIRCLE,HOUSTON,Chickasaw,33.9209932,-89.0224793
Mississippi,Hinds County,Mississippi Department of Corrections,CHOCTAW COUNTY JAIL,hifld_prisons,COUNTY,NA,28,28019,OPEN,doc_excluded_local_jail,source type indicates local/federal jail or non-DOC facility,122 JAILHOUSE RD,ACKERMAN,Choctaw,33.31441956217068,-89.18407031149282
Mississippi,Hinds County,Mississippi Department of Corrections,CHOCTAW COUNTY SHERIFFS DEPARTMENT,hifld,SHERIFF'S OFFICE,NA,28,28019,OPEN,doc_excluded_local_jail,source type indicates local/federal jail or non-DOC facility,122 JAILHOUSE ROAD,ACKERMAN,Choctaw,33.3144505,-89.1842042
Mississippi,Hinds County,Mississippi Department of Corrections,CLAIBORNE COUNTY DETENTION CENTER,hifld_prisons,COUNTY,NA,28,28021,OPEN,doc_excluded_local_jail,source type indicates local/federal jail or non-DOC facility,410 MARKET STREET,PORT GIBSON,Claiborne,31.962539890178576,-90.98456536933932
Mississippi,Hinds County,Mississippi Department of Corrections,Claiborne County Jail,jails_prisons,JAILS,Claiborne County Sheriffs Office,28,28021,1,doc_excluded_local_jail,source type indicates local/federal jail or non-DOC facility,410 Main Street,Port Gibson,Claiborne County,NA,NA
Mississippi,Hinds County,Mississippi Department of Corrections,CLARKE COUNTY JAIL,hifld_prisons,COUNTY,NA,28,28023,OPEN,doc_excluded_local_jail,source type indicates local/federal jail or non-DOC facility,444 WEST DONALD STREET,QUITMAN,Clarke,32.041398927171876,-88.73489356345183
Mississippi,Hinds County,Mississippi Department of Corrections,CLARKE COUNTY SHERIFFS DEPARTMENT / CLARKE COUNTY JAIL,hifld,SHERIFF'S OFFICE,NA,28,28023,OPEN,doc_excluded_local_jail,source type indicates local/federal jail or non-DOC facility,444 WEST DONALD STREET,QUITMAN,Clarke,32.0412817,-88.7347685
Mississippi,Hinds County,Mississippi Department of Corrections,CLAY COUNTY JAIL,hifld_prisons,COUNTY,NA,28,28025,OPEN,doc_excluded_local_jail,source type indicates local/federal jail or non-DOC facility,330 W BROAD ST,WEST POINT,Clay,33.604365744855315,-88.65297575956164
Mississippi,Hinds County,Mississippi Department of Corrections,CLAY COUNTY SHERIFFS DEPARTMENT / CLAY COUNTY JAIL,hifld,SHERIFF'S OFFICE,NA,28,28025,OPEN,doc_excluded_local_jail,source type indicates local/federal jail or non-DOC facility,330 WEST BROAD STREET,WEST POINT,Clay,33.6044408,-88.6528718
Mississippi,Hinds County,Mississippi Department of Corrections,COAHOMA COUNTY JAIL,hifld_prisons,COUNTY,NA,28,28027,OPEN,doc_excluded_local_jail,source type indicates local/federal jail or non-DOC facility,1 JUSTICE DR,CLARKSDALE,Coahoma,34.18047255049715,-90.55258925119583
Mississippi,Hinds County,Mississippi Department of Corrections,COAHOMA COUNTY SHERIFFS DEPARTMENT / COAHOMA COUNTY JAIL,hifld,SHERIFF'S OFFICE,NA,28,28027,OPEN,doc_excluded_local_jail,source type indicates local/federal jail or non-DOC facility,63 SUNFLOWER AVENUE,CLARKSDALE,Coahoma,34.204672,-90.5771806
Mississippi,Hinds County,Mississippi Department of Corrections,Collins City Jail,jails_prisons,JAILS,Collins Police Department,28,28031,1,doc_excluded_local_jail,source type indicates local/federal jail or non-DOC facility,202 South Arrington Avenue,Collins,Covington County,NA,NA
Mississippi,Hinds County,Mississippi Department of Corrections,COPIAH COUNTY DETENTION CENTER,hifld_prisons,COUNTY,NA,28,28029,OPEN,doc_excluded_local_jail,source type indicates local/federal jail or non-DOC facility,20030 STATE HIGHWAY 51,GALLMAN,Copiah,31.92320037035821,-90.3935461323547
Mississippi,Hinds County,Mississippi Department of Corrections,Covington County Correctional Center,jails_prisons,JAILS,Covington County Sheriffs Office,28,28031,1,doc_excluded_local_jail,source type indicates local/federal jail or non-DOC facility,1107 Main Street,Collins,Covington County,NA,NA
Mississippi,Hinds County,Mississippi Department of Corrections,COVINGTON COUNTY JAIL,hifld_prisons,COUNTY,NA,28,28031,OPEN,doc_excluded_local_jail,source type indicates local/federal jail or non-DOC facility,1107 MAIN ST,COLLINS,Covington,31.63790670639632,-89.56929353744624
Mississippi,Hinds County,Mississippi Department of Corrections,COVINGTON COUNTY SHERIFFS DEPARTMENT / COVINGTON COUNTY JAIL,hifld,SHERIFF'S OFFICE,NA,28,28031,OPEN,doc_excluded_local_jail,source type indicates local/federal jail or non-DOC facility,203 1ST STREET,COLLINS,Covington,31.6447237,-89.5552954
Mississippi,Hinds County,Mississippi Department of Corrections,DE SOTO COUNTY ADULT DETENTION FACILITY,hifld_prisons,COUNTY,NA,28,28033,OPEN,doc_excluded_local_jail,source type indicates local/federal jail or non-DOC facility,3425 INDUSTRIAL DR. WEST,HERNANDO,Desoto,34.8096930983564,-89.98390603712753
Mississippi,Hinds County,Mississippi Department of Corrections,Desoto County Detention Center,jails_prisons,JAILS,DeSoto County Sheriffs Department,28,28033,1,doc_excluded_local_jail,source type indicates local/federal jail or non-DOC facility,3425 Industrial Drive West,Hernando,Desoto County,NA,NA
Mississippi,Hinds County,Mississippi Department of Corrections,DE SOTO COUNTY JUVENILE DETENTION FACILITY,hifld_prisons,COUNTY,NA,28,28033,OPEN,doc_excluded_local_jail,source type indicates local/federal jail or non-DOC facility,311 W SOUTH ST,HERNANDO,Desoto,34.821217333013756,-89.9950566126554
Mississippi,Hinds County,Mississippi Department of Corrections,DESOTO COUNTY SHERIFFS DEPARTMENT NARCOTICS DIVISION,hifld,SHERIFF'S OFFICE,NA,28,28033,OPEN,doc_excluded_local_jail,source type indicates local/federal jail or non-DOC facility,40 EAST ROBINSON STREET,HERNANDO,Desoto,34.828526599999996,-89.9893699
Mississippi,Hinds County,Mississippi Department of Corrections,FCI YAZOO CITY LOW,hifld_prisons,FEDERAL,NA,28,28163,OPEN,doc_excluded_local_jail,source type indicates local/federal jail or non-DOC facility,2225 HALEY BARBOUR PARKWAY,YAZOO CITY,Yazoo,32.888484158962164,-90.43217012437285
Mississippi,Hinds County,Mississippi Department of Corrections,FCI YAZOO CITY LOW CAMP,hifld_prisons,FEDERAL,NA,28,28163,OPEN,doc_excluded_local_jail,source type indicates local/federal jail or non-DOC facility,2225 HALEY BARBOUR PARKWAY,YAZOO CITY,Yazoo,32.88900016321783,-90.43932389209694
Mississippi,Hinds County,Mississippi Department of Corrections,FCI YAZOO CITY MEDIUM,hifld_prisons,FEDERAL,NA,28,28163,OPEN,doc_excluded_local_jail,source type indicates local/federal jail or non-DOC facility,2225 HALEY BARBOUR PARKWAY,YAZOO CITY,Yazoo,32.884055341791075,-90.43966572034135
Mississippi,Hinds County,Mississippi Department of Corrections,Forrest County Jail,jails_prisons,JAILS,Forrest County Sheriffs Office,28,28035,1,doc_excluded_local_jail,source type indicates local/federal jail or non-DOC facility,55 Arena Drive,Hattiesburg,"Forrest County, Lamar County",NA,NA
Mississippi,Hinds County,Mississippi Department of Corrections,FORREST COUNTY JUVENILE DETENTION CENTER,hifld_prisons,COUNTY,NA,28,28035,OPEN,doc_excluded_local_jail,source type indicates local/federal jail or non-DOC facility,110 ALCORN AVENUE,HATTIESBURG,Forrest,31.316335405298087,-89.28186077861099
Mississippi,Hinds County,Mississippi Department of Corrections,FORREST COUNTY SHERIFFS DEPARTMENT / FORREST COUNTY JAIL,hifld,SHERIFF'S OFFICE,NA,28,28035,OPEN,doc_excluded_local_jail,source type indicates local/federal jail or non-DOC facility,"316 FORREST STREET, EUGENE LAMAR WALTERS LAW COMPLEX",HATTIESBURG,Forrest,31.3265704,-89.2918486
Mississippi,Hinds County,Mississippi Department of Corrections,FRANKLIN COUNTY JAIL,hifld_prisons,COUNTY,NA,28,28037,OPEN,doc_excluded_local_jail,source type indicates local/federal jail or non-DOC facility,36 MAIN STREET EAST,MEADVILLE,Franklin,31.47210670896121,-90.89314681074733
Mississippi,Hinds County,Mississippi Department of Corrections,FRANKLIN COUNTY SHERIFFS DEPARTMENT / FRANKLIN COUNTY JAIL,hifld,SHERIFF'S OFFICE,NA,28,28037,OPEN,doc_excluded_local_jail,source type indicates local/federal jail or non-DOC facility,36 MAIN STREET EAST,MEADVILLE,Franklin,31.4721776,-90.8930973
Mississippi,Hinds County,Mississippi Department of Corrections,GEORGE-GREENE COUNTY REGIONAL CORRECTIONAL FACILITY,hifld_prisons,COUNTY,NA,28,28039,OPEN,doc_excluded_local_jail,source type indicates local/federal jail or non-DOC facility,154 INDUSTRIAL PARK RD,LUCEDALE,George,30.93037592373686,-88.58691025159374
Mississippi,Hinds County,Mississippi Department of Corrections,GEORGE COUNTY SHERIFFS DEPARTMENT,hifld,SHERIFF'S OFFICE,NA,28,28039,OPEN,doc_excluded_local_jail,source type indicates local/federal jail or non-DOC facility,355 COX STREET,LUCEDALE,George,30.9234883,-88.5899394
Mississippi,Hinds County,Mississippi Department of Corrections,GREENE COUNTY JAIL,hifld_prisons,COUNTY,NA,28,28041,OPEN,doc_excluded_local_jail,source type indicates local/federal jail or non-DOC facility,300 LAFAYETTE AVENUE,LEAKESVILLE,Greene,31.153974986565476,-88.55104759816939
Mississippi,Hinds County,Mississippi Department of Corrections,GREENE COUNTY SHERIFFS DEPARTMENT / GREENE COUNTY JAIL,hifld,SHERIFF'S OFFICE,NA,28,28041,OPEN,doc_excluded_local_jail,source type indicates local/federal jail or non-DOC facility,300 LAFAYETTE AVENUE,LEAKESVILLE,Greene,31.1539487,-88.5509764
Mississippi,Hinds County,Mississippi Department of Corrections,GREENVILLE POLICE DEPARTMENT / GREENVILLE CITY JAIL,hifld,LOCAL POLICE DEPARTMENT,NA,28,28151,OPEN,doc_excluded_local_jail,source type indicates local/federal jail or non-DOC facility,216 MAIN STREET,GREENVILLE,Washington,33.4118035,-91.0640683
Mississippi,Hinds County,Mississippi Department of Corrections,GREENVILLE CITY JAIL,hifld_prisons,LOCAL,NA,28,28151,OPEN,doc_excluded_local_jail,source type indicates local/federal jail or non-DOC facility,216 MAIN STREET,GREENVILLE,Washington,33.411809901515866,-91.0640814499037
Mississippi,Hinds County,Mississippi Department of Corrections,GRENADA COUNTY JAIL,hifld_prisons,COUNTY,NA,28,28043,OPEN,doc_excluded_local_jail,source type indicates local/federal jail or non-DOC facility,37 DOAK STREET,GRENADA,Grenada,33.78584985572491,-89.80351002260899
Mississippi,Hinds County,Mississippi Department of Corrections,GRENADA COUNTY SHERIFFS DEPARTMENT,hifld,SHERIFF'S OFFICE,NA,28,28043,OPEN,doc_excluded_local_jail,source type indicates local/federal jail or non-DOC facility,35 DOAK STREET,GRENADA,Grenada,33.785871,-89.803658
Mississippi,Hinds County,Mississippi Department of Corrections,HANCOCK COUNTY ADULT DETENTION CENTER,hifld_prisons,COUNTY,NA,28,28045,OPEN,doc_excluded_local_jail,source type indicates local/federal jail or non-DOC facility,8450 HIGHWAY 90 BAY,ST. LOUIS,Hancock,30.30308839596476,-89.47653078643246
Mississippi,Hinds County,Mississippi Department of Corrections,Hancock County Jail,jails_prisons,JAILS,Hancock County Sheriffs Office,28,28045,1,doc_excluded_local_jail,source type indicates local/federal jail or non-DOC facility,8450 Highway 90,Bay Saint Louis,Hancock County,NA,NA
Mississippi,Hinds County,Mississippi Department of Corrections,HANCOCK COUNTY SHERIFFS DEPARTMENT,hifld,SHERIFF'S OFFICE,NA,28,28045,OPEN,doc_excluded_local_jail,source type indicates local/federal jail or non-DOC facility,17531 STATE HIGHWAY 603,KILN,Hancock,30.4241849,-89.4354042
Mississippi,Hinds County,Mississippi Department of Corrections,HARRISON COUNTY ADULT DETENTION CENTER,hifld_prisons,COUNTY,NA,28,28047,OPEN,doc_excluded_local_jail,source type indicates local/federal jail or non-DOC facility,10451 LARKIN SMITH DR,GULFORT,Harrison,30.439243010129548,-89.05469434141939
Mississippi,Hinds County,Mississippi Department of Corrections,HARRISON COUNTY JUVENILE DETENTION CENTER,hifld_prisons,COUNTY,NA,28,28047,OPEN,doc_excluded_local_jail,source type indicates local/federal jail or non-DOC facility,765 MCELROY STREET,BILOXI,Harrison,30.398106643786246,-88.88783307371324
Mississippi,Hinds County,Mississippi Department of Corrections,HARRISON COUNTY SHERIFF'S OFFICE,hifld,SHERIFF'S OFFICE,NA,28,28047,OPEN,doc_excluded_local_jail,source type indicates local/federal jail or non-DOC facility,1801 23RD AVE,GULFPORT,Harrison,30.372252536,-89.090742929
Mississippi,Hinds County,Mississippi Department of Corrections,HENLEY YOUNG JUVENILE JUSTICE CENTER,hifld_prisons,COUNTY,NA,28,28049,OPEN,doc_excluded_local_jail,source type indicates local/federal jail or non-DOC facility,940 EAST MCDOWELL ROAD,JACKSON,Hinds,32.26991357514423,-90.19825770949701
Mississippi,Hinds County,Mississippi Department of Corrections,"Hinds County Detention Center, Jail, and Penal Farm",jails_prisons,JAILS,Hinds County Sheriffs Office,28,28049,1,doc_excluded_local_jail,source type indicates local/federal jail or non-DOC facility,1450 County Farm Road,Raymond,"Hinds County, Madison County, Rankin County",NA,NA
Mississippi,Hinds County,Mississippi Department of Corrections,HINDS COUNTY JACKSON DETENTION CENTER,hifld_prisons,COUNTY,NA,28,28049,OPEN,doc_excluded_local_jail,source type indicates local/federal jail or non-DOC facility,407 E PASCAGOULA ST,JACKSON,Hinds,32.29668099945825,-90.1828426901
Mississippi,Hinds County,Mississippi Department of Corrections,HINDS COUNTY RAYMOND DETENTION CENTER,hifld_prisons,COUNTY,NA,28,28049,OPEN,doc_excluded_local_jail,source type indicates local/federal jail or non-DOC facility,1450 COUNTY FARM RD,RAYMOND,Hinds,32.2468814739795,-90.4008640822982
Mississippi,Hinds County,Mississippi Department of Corrections,HINDS COUNTY SHERIFFS - BYRAM SUBSTATION,hifld,SHERIFF'S OFFICE,NA,28,28049,OPEN,doc_excluded_local_jail,source type indicates local/federal jail or non-DOC facility,"5791 TERRY ROAD, SUITE 201",BYRAM,Hinds,32.188052,-90.2602663
Mississippi,Hinds County,Mississippi Department of Corrections,HINDS COUNTY SHERIFFS DEPARTMENT - RAYMOND PATROL DIVISION,hifld,SHERIFF'S OFFICE,NA,28,28049,OPEN,doc_excluded_local_jail,source type indicates local/federal jail or non-DOC facility,126 WEST COURT STREET,RAYMOND,Hinds,32.2607941,-90.4227454
Mississippi,Hinds County,Mississippi Department of Corrections,Hollandale City Jail,jails_prisons,JAILS,Hollandale Police Department,28,28151,1,doc_excluded_local_jail,source type indicates local/federal jail or non-DOC facility,200 East Avenue,Hollandale,Washington County,NA,NA
Mississippi,Hinds County,Mississippi Department of Corrections,HOLMES-HUMPHREYS COUNTY REGIONAL CORRECTIONAL FACILITY,hifld_prisons,COUNTY,NA,28,28051,OPEN,doc_excluded_local_jail,source type indicates local/federal jail or non-DOC facility,23234 HWY 12 E,LEXINGTON,Holmes,33.10591844704837,-90.02500712554387
Mississippi,Hinds County,Mississippi Department of Corrections,HOLMES COUNTY SHERIFFS DEPARTMENT,hifld,SHERIFF'S OFFICE,NA,28,28051,OPEN,doc_excluded_local_jail,source type indicates local/federal jail or non-DOC facility,23240 STATE HIGHWAY 12 EAST,LEXINGTON,Holmes,33.106288,-90.0243811
Mississippi,Hinds County,Mississippi Department of Corrections,HUMPHREYS COUNTY JAIL,hifld_prisons,COUNTY,NA,28,28053,OPEN,doc_excluded_local_jail,source type indicates local/federal jail or non-DOC facility,107 SOUTH HAYDEN STREET,BELZONI,Humphreys,33.17457555440419,-90.48860824917004
Mississippi,Hinds County,Mississippi Department of Corrections,HUMPHREYS COUNTY SHERIFFS DEPARTMENT / HUMPHREYS COUNTY JAIL,hifld,SHERIFF'S OFFICE,NA,28,28053,OPEN,doc_excluded_local_jail,source type indicates local/federal jail or non-DOC facility,106 CASTLEMAN STREET,BELZONI,Humphreys,33.1750978,-90.4882346
Mississippi,Hinds County,Mississippi Department of Corrections,Issaquena County Jail and Correctional Facility,jails_prisons,JAILS,Issaquena County Correctional Facility,28,28055,1,doc_excluded_local_jail,source type indicates local/federal jail or non-DOC facility,22746 Highway 1,Mayersville,Issaquena County,NA,NA
Mississippi,Hinds County,Mississippi Department of Corrections,ISSAQUENA COUNTY REGIONAL CORRECTIONAL FACILITY,hifld_prisons,COUNTY,NA,28,28055,OPEN,doc_excluded_local_jail,source type indicates local/federal jail or non-DOC facility,22746 MS HWY 1,MAYERSVILLE,Issaquena,32.90018139668501,-91.04858067653848
Mississippi,Hinds County,Mississippi Department of Corrections,ISSAQUENA COUNTY SHERIFFS DEPARTMENT,hifld,SHERIFF'S OFFICE,NA,28,28055,OPEN,doc_excluded_local_jail,source type indicates local/federal jail or non-DOC facility,129 COURT STREET,MAYERSVILLE,Issaquena,32.9025877,-91.0525987
Mississippi,Hinds County,Mississippi Department of Corrections,ITAWAMBA COUNTY JAIL,hifld_prisons,COUNTY,NA,28,28057,OPEN,doc_excluded_local_jail,source type indicates local/federal jail or non-DOC facility,102 JOE STAUB RD,FULTON,Itawamba,34.25711462782195,-88.41949060469656
Mississippi,Hinds County,Mississippi Department of Corrections,ITAWAMBA COUNTY SHERIFFS DEPARTMENT,hifld,SHERIFF'S OFFICE,NA,28,28057,OPEN,doc_excluded_local_jail,source type indicates local/federal jail or non-DOC facility,304 WEST WIYGUL STREET,FULTON,Itawamba,34.273174724,-88.409751745
Mississippi,Hinds County,Mississippi Department of Corrections,JACKSON COUNTY ADULT DETENTION CENTER,hifld_prisons,COUNTY,NA,28,28059,OPEN,doc_excluded_local_jail,source type indicates local/federal jail or non-DOC facility,65 BRUCE EVANS DR.,PASCAGOULA,Jackson,30.373041068012586,-88.5466889265702
Mississippi,Hinds County,Mississippi Department of Corrections,JACKSON COUNTY SHERIFFS DEPARTMENT,hifld,SHERIFF'S OFFICE,NA,28,28059,OPEN,doc_excluded_local_jail,source type indicates local/federal jail or non-DOC facility,"3104 MAGNOLIA STREET, PO BOX 998",PASCAGOULA,Jackson,30.3656729,-88.5589154
Mississippi,Hinds County,Mississippi Department of Corrections,JACKSON COUNTY SHERIFFS DEPARTMENT - SUBSTATION,hifld,SHERIFF'S OFFICE,NA,28,28059,OPEN,doc_excluded_local_jail,source type indicates local/federal jail or non-DOC facility,"6904 NORTH WASHINGTON AVENUE, PUBLIC SERVICE COMPLEX",OCEAN SPRINGS,Jackson,30.442731916,-88.837447547
Mississippi,Hinds County,Mississippi Department of Corrections,JACKSON COUNTY YOUTH DETENTION CENTER,hifld_prisons,COUNTY,NA,28,28059,OPEN,doc_excluded_local_jail,source type indicates local/federal jail or non-DOC facility,4903 TELEPHONE RD,PASCAGOULA,Jackson,30.381850504704378,-88.5375689135706
Mississippi,Hinds County,Mississippi Department of Corrections,Jasper County Jail,jails_prisons,JAILS,Jasper County Sheriffs Office,28,28061,1,doc_excluded_local_jail,source type indicates local/federal jail or non-DOC facility,29 West 8th Avenue,Bay Springs,Jasper County,NA,NA
Mississippi,Hinds County,Mississippi Department of Corrections,JASPER COUNTY JAIL / SHERIFF,hifld_prisons,COUNTY,NA,28,28061,OPEN,doc_excluded_local_jail,source type indicates local/federal jail or non-DOC facility,29 WEST 8TH AVENUE,BAY SPRINGS,Jasper,31.973922233967738,-89.29050709771344
Mississippi,Hinds County,Mississippi Department of Corrections,JASPER COUNTY SHERIFFS OFFICE / JASPER COUNTY JAIL,hifld,SHERIFF'S OFFICE,NA,28,28061,OPEN,doc_excluded_local_jail,source type indicates local/federal jail or non-DOC facility,29 WEST 8TH AVENUE,BAY SPRINGS,Jasper,31.974298238,-89.290575425
Mississippi,Hinds County,Mississippi Department of Corrections,JEFFERSON DAVIS COUNTY JAIL,hifld_prisons,COUNTY,NA,28,28065,OPEN,doc_excluded_local_jail,source type indicates local/federal jail or non-DOC facility,2330 COLUMBIA AVENUE,PRENTISS,Jefferson Davis,31.60071663503069,-89.86552039684281
Mississippi,Hinds County,Mississippi Department of Corrections,JEFFERSON DAVIS COUNTY SHERIFFS DEPARTMENT / JEFFERSON DAVIS COUNTY JAIL,hifld,SHERIFF'S OFFICE,NA,28,28065,OPEN,doc_excluded_local_jail,source type indicates local/federal jail or non-DOC facility,2330 COLUMBIA AVENUE,PRENTISS,Jefferson Davis,31.6007359,-89.8654139
Mississippi,Hinds County,Mississippi Department of Corrections,Jefferson-Franklin County/ Correctional Facility,jails_prisons,JAILS,Jefferson County Sheriffs Office - Jefferson-Franklin Correctional Facility,28,28063,1,doc_excluded_local_jail,source type indicates local/federal jail or non-DOC facility,279 Highway 33,Fayette,Jefferson County,NA,NA
Mississippi,Hinds County,Mississippi Department of Corrections,JEFFERSON-FRANKLIN COUNTY REGIONAL CORRECTIONAL FACILITY,hifld_prisons,COUNTY,NA,28,28063,OPEN,doc_excluded_local_jail,source type indicates local/federal jail or non-DOC facility,279 HWY 33,FAYETTE,Jefferson,31.700705664834516,-91.07479295873101
Mississippi,Hinds County,Mississippi Department of Corrections,Jefferson County Jail,jails_prisons,JAILS,Jefferson County Sheriffs Office - Jefferson County Jail,28,28063,1,doc_excluded_local_jail,source type indicates local/federal jail or non-DOC facility,255 Highway 33,Fayette,Jefferson County,NA,NA
Mississippi,Hinds County,Mississippi Department of Corrections,JEFFERSON COUNTY SHERIFFS DEPARTMENT,hifld,SHERIFF'S OFFICE,NA,28,28063,OPEN,doc_excluded_local_jail,source type indicates local/federal jail or non-DOC facility,255 STATE HIGHWAY 33,FAYETTE,Jefferson,31.7014838,-91.0748284
Mississippi,Hinds County,Mississippi Department of Corrections,JONES COUNTY ADULT DETENTION CENTER,hifld_prisons,COUNTY,NA,28,28067,OPEN,doc_excluded_local_jail,source type indicates local/federal jail or non-DOC facility,5178 STATE HWY 11 N,ELLISVILLE,Jones,31.628987457997106,-89.18214322648743
Mississippi,Hinds County,Mississippi Department of Corrections,JONES COUNTY JUVENILE DETENTION CENTER,hifld_prisons,COUNTY,NA,28,28067,OPEN,doc_excluded_local_jail,source type indicates local/federal jail or non-DOC facility,5178 STATE HWY 11 N,ELLISVILLE,Jones,31.628049151033327,-89.18231155179534
Mississippi,Hinds County,Mississippi Department of Corrections,JONES COUNTY SHERIFFS DEPARTMENT,hifld,SHERIFF'S OFFICE,NA,28,28067,OPEN,doc_excluded_local_jail,source type indicates local/federal jail or non-DOC facility,419 YATES AVENUE,LAUREL,Jones,31.6942678,-89.1307293
Mississippi,Hinds County,Mississippi Department of Corrections,KEMPER-NESHOBA COUNTY REGIONAL CORRECTIONAL FACILITY,hifld_prisons,COUNTY,NA,28,28069,OPEN,doc_excluded_local_jail,source type indicates local/federal jail or non-DOC facility,374 STENNIS INDUSTRIAL PARK RD,DEKALB,Kemper,32.77048177892736,-88.68436064278485
Mississippi,Hinds County,Mississippi Department of Corrections,KEMPER COUNTY SHERIFFS DEPARTMENT,hifld,SHERIFF'S OFFICE,NA,28,28069,OPEN,doc_excluded_local_jail,source type indicates local/federal jail or non-DOC facility,14489 STATE HIGHWAY 16 WEST,DE KALB,Kemper,32.7773314,-88.6775979
Mississippi,Hinds County,Mississippi Department of Corrections,LAFAYETTE COUNTY JAIL,hifld_prisons,COUNTY,NA,28,28071,OPEN,doc_excluded_local_jail,source type indicates local/federal jail or non-DOC facility,711 JACKSON AVENUE,OXFORD,Lafayette,34.36797675516773,-89.52233674511854
Mississippi,Hinds County,Mississippi Department of Corrections,LAFAYETTE COUNTY SHERIFFS DEPARTMENT / LAFAYETTE COUNTY JAIL,hifld,SHERIFF'S OFFICE,NA,28,28071,OPEN,doc_excluded_local_jail,source type indicates local/federal jail or non-DOC facility,711 JACKSON AVENUE,OXFORD,Lafayette,34.3678967,-89.5222781
Mississippi,Hinds County,Mississippi Department of Corrections,LAMAR COUNTY JAIL,hifld_prisons,COUNTY,NA,28,28073,OPEN,doc_excluded_local_jail,source type indicates local/federal jail or non-DOC facility,205 MAIN STREET,PURVIS,Lamar,31.144464058563052,-89.41346211725629
Mississippi,Hinds County,Mississippi Department of Corrections,LAMAR COUNTY SHERIFFS DEPARTMENT / LAMAR COUNTY JAIL,hifld,SHERIFF'S OFFICE,NA,28,28073,OPEN,doc_excluded_local_jail,source type indicates local/federal jail or non-DOC facility,"205 MAIN STREET, SUITE B",PURVIS,Lamar,31.1444292,-89.4134228
Mississippi,Hinds County,Mississippi Department of Corrections,LAUDERDALE COUNTY DETENTION FACILITY,hifld_prisons,COUNTY,NA,28,28075,OPEN,doc_excluded_local_jail,source type indicates local/federal jail or non-DOC facility,2001 5TH ST,MERIDIAN,Lauderdale,32.3648812150606,-88.6976690692361
Mississippi,Hinds County,Mississippi Department of Corrections,LAUDERDALE COUNTY JUVENILE DETENTION CENTER,hifld_prisons,COUNTY,NA,28,28075,OPEN,doc_excluded_local_jail,source type indicates local/federal jail or non-DOC facility,5400 20TH ST EXTENSION,MERIDIAN,Lauderdale,32.37766691646506,-88.73268946864579
Mississippi,Hinds County,Mississippi Department of Corrections,LAWRENCE COUNTY JAIL,hifld_prisons,COUNTY,NA,28,28077,OPEN,doc_excluded_local_jail,source type indicates local/federal jail or non-DOC facility,1565 FE SELLERS HIGHWAY,MONTICELLO,Lawrence,31.536268879956967,-90.1073708983779
Mississippi,Hinds County,Mississippi Department of Corrections,LAWRENCE COUNTY SHERIFFS OFFICE / LAWRENCE COUNTY JAIL,hifld,SHERIFF'S OFFICE,NA,28,28077,OPEN,doc_excluded_local_jail,source type indicates local/federal jail or non-DOC facility,1565 FE SELLERS HIGHWAY,MONTICELLO,Lawrence,31.536331274,-90.107519416
Mississippi,Hinds County,Mississippi Department of Corrections,Leake County Correctional Facility,jails_prisons,JAILS,MDOC Division of Institutions - Leake County Correctional Facility,28,28079,1,doc_excluded_local_jail,source type indicates local/federal jail or non-DOC facility,399 C.O. Brooks Street,Carthage,Leake County,NA,NA
Mississippi,Hinds County,Mississippi Department of Corrections,LEAKE COUNTY REGIONAL CORRECTIONAL FACILITY,hifld_prisons,COUNTY,NA,28,28079,OPEN,doc_excluded_local_jail,source type indicates local/federal jail or non-DOC facility,399 C O BROOKS ST,CARTHAGE,Leake,32.73333398876822,-89.52348482525616
Mississippi,Hinds County,Mississippi Department of Corrections,LEAKE COUNTY SHERIFFS OFFICE,hifld,SHERIFF'S OFFICE,NA,28,28079,OPEN,doc_excluded_local_jail,source type indicates local/federal jail or non-DOC facility,316 C O BROOKS STREET,CARTHAGE,Leake,32.7342891,-89.5230954
Mississippi,Hinds County,Mississippi Department of Corrections,Lee County Jail,jails_prisons,JAILS,Lee County Sheriffs Office,28,28081,1,doc_excluded_local_jail,source type indicates local/federal jail or non-DOC facility,510 North Commerce Street,Tupelo,Lee County,NA,NA
Mississippi,Hinds County,Mississippi Department of Corrections,LEE COUNTY SHERIFFS DEPARTMENT / LEE COUNTY - TUPELO ADULT JAIL,hifld,SHERIFF'S OFFICE,NA,28,28081,OPEN,doc_excluded_local_jail,source type indicates local/federal jail or non-DOC facility,510 NORTH COMMERCE STREET,TUPELO,Lee,34.2641235,-88.6989178
Mississippi,Hinds County,Mississippi Department of Corrections,LEE COUNTY - TUPELO ADULT JAIL,hifld_prisons,COUNTY,NA,28,28081,OPEN,doc_excluded_local_jail,source type indicates local/federal jail or non-DOC facility,510 N COMMERCE ST,TUPELO,Lee,34.26406874247064,-88.69885774034199
Mississippi,Hinds County,Mississippi Department of Corrections,LEE COUNTY-TUPELO JUVENILE DETENTION CENTER,hifld_prisons,COUNTY,NA,28,28081,OPEN,doc_excluded_local_jail,source type indicates local/federal jail or non-DOC facility,510 N COMMERCE ST,TUPELO,Lee,34.263351807910276,-88.69932152924608
Mississippi,Hinds County,Mississippi Department of Corrections,Lee County Work Center,jails_prisons,JAILS,Lee County Sheriffs Office,28,28081,1,doc_excluded_local_jail,source type indicates local/federal jail or non-DOC facility,301 North Front Street,Tupelo,Lee County,NA,NA
Mississippi,Hinds County,Mississippi Department of Corrections,LEFLORE COUNTY JAIL,hifld_prisons,COUNTY,NA,28,28083,OPEN,doc_excluded_local_jail,source type indicates local/federal jail or non-DOC facility,3600 COUNTY RD,SIDON,Leflore,33.48034957641924,-90.21013682918374
Mississippi,Hinds County,Mississippi Department of Corrections,LEFLORE COUNTY JUVENILE DETENTION,hifld_prisons,COUNTY,NA,28,28083,OPEN,doc_excluded_local_jail,source type indicates local/federal jail or non-DOC facility,307 WEST MARKET STREET,GREENWOOD,Leflore,33.51981346114796,-90.18438664756374
Mississippi,Hinds County,Mississippi Department of Corrections,LEFLORE COUNTY SHERIFFS DEPARTMENT / LEFLORE COUNTY JAIL,hifld,SHERIFF'S OFFICE,NA,28,28083,OPEN,doc_excluded_local_jail,source type indicates local/federal jail or non-DOC facility,3600 COUNTY ROAD 540,GREENWOOD,Leflore,33.480379013,-90.210120515
Mississippi,Hinds County,Mississippi Department of Corrections,LINCOLN COUNTY JAIL,hifld_prisons,COUNTY,NA,28,28085,OPEN,doc_excluded_local_jail,source type indicates local/federal jail or non-DOC facility,215 JUSTICE STREET,BROOKHAVEN,Lincoln,31.57630615979981,-90.44097074305884
Mississippi,Hinds County,Mississippi Department of Corrections,LINCOLN COUNTY SHERIFF'S DEPARTMENT / LINCOLN COUNTY JAIL,hifld,SHERIFF'S OFFICE,NA,28,28085,OPEN,doc_excluded_local_jail,source type indicates local/federal jail or non-DOC facility,215 JUSTICE STREET,BROOKHAVEN,Lincoln,31.5763887,-90.4412395
Mississippi,Hinds County,Mississippi Department of Corrections,LOWNDES COUNTY ADULT DETENTION CENTER,hifld_prisons,COUNTY,NA,28,28087,OPEN,doc_excluded_local_jail,source type indicates local/federal jail or non-DOC facility,527 MARTIN LUTHER KING JUNIOR DRIVE,COLUMBUS,Lowndes,33.49386526841168,-88.40165140036109
Mississippi,Hinds County,Mississippi Department of Corrections,Lowndes County Jail,jails_prisons,JAILS,Lowndes County Sheriffs Office,28,28087,1,doc_excluded_local_jail,source type indicates local/federal jail or non-DOC facility,527 Martin Luther King Jr. Drive South,Columbus,Lowndes County,NA,NA
Mississippi,Hinds County,Mississippi Department of Corrections,LOWNDES COUNTY JUVENILE DETENTION CENTER,hifld_prisons,COUNTY,NA,28,28087,OPEN,doc_excluded_local_jail,source type indicates local/federal jail or non-DOC facility,1602 COLLEGE STREET,COLUMBUS,Lowndes,33.495705403650796,-88.41376119039126
Mississippi,Hinds County,Mississippi Department of Corrections,LOWNDES COUNTY SHERIFFS DEPARTMENT / LOWNDES COUNTY JAIL,hifld,SHERIFF'S OFFICE,NA,28,28087,OPEN,doc_excluded_local_jail,source type indicates local/federal jail or non-DOC facility,527 MARTIN LUTHER KING JUNIOR DRIVE SOUTH,COLUMBUS,Lowndes,33.4934659,-88.4015778
Mississippi,Hinds County,Mississippi Department of Corrections,MADISON COUNTY DETENTION CENTER,hifld_prisons,COUNTY,NA,28,28089,OPEN,doc_excluded_local_jail,source type indicates local/federal jail or non-DOC facility,2935 US HWY 51,CANTON,Madison,32.58712170199073,-90.04567426199507
Mississippi,Hinds County,Mississippi Department of Corrections,Marion County Regional Correctional Facility,jails_prisons,JAILS,Marion County Regional Correctional Facility,28,28091,1,doc_excluded_local_jail,source type indicates local/federal jail or non-DOC facility,503 South Main Street,Columbia,Marion County,NA,NA
Mississippi,Hinds County,Mississippi Department of Corrections,MARION COUNTY SHERIFFS DEPARTMENT,hifld,SHERIFF'S OFFICE,NA,28,28091,OPEN,doc_excluded_local_jail,source type indicates local/federal jail or non-DOC facility,219 BROAD STREET,COLUMBIA,Marion,31.2510472,-89.8363297
Mississippi,Hinds County,Mississippi Department of Corrections,MARION-WALTHALL COUNTY REGIONAL CORRECTIONAL FACILITY,hifld_prisons,COUNTY,NA,28,28091,OPEN,doc_excluded_local_jail,source type indicates local/federal jail or non-DOC facility,503 S MAIN ST,COLUMBIA,Marion,31.249489046540994,-89.83684982604383
Mississippi,Hinds County,Mississippi Department of Corrections,MARSHALL COUNTY JAIL,hifld_prisons,COUNTY,NA,28,28093,OPEN,doc_excluded_local_jail,source type indicates local/federal jail or non-DOC facility,819 WEST STREET,HOLLY SPRINGS,Marshall,34.79338037491986,-89.43896144142528
Mississippi,Hinds County,Mississippi Department of Corrections,MARSHALL COUNTY SHERIFFS DEPARTMENT / MARSHALL COUNTY JAIL,hifld,SHERIFF'S OFFICE,NA,28,28093,OPEN,doc_excluded_local_jail,source type indicates local/federal jail or non-DOC facility,819 WEST STREET,HOLLY SPRINGS,Marshall,34.793299,-89.4392517
Mississippi,Hinds County,Mississippi Department of Corrections,MONROE COUNTY DETENTION CENTER,hifld_prisons,COUNTY,NA,28,28095,OPEN,doc_excluded_local_jail,source type indicates local/federal jail or non-DOC facility,700 NORTH MERIDIAN STREET,ABERDEEN,Monroe,33.832362278753294,-88.54285309164058
Mississippi,Hinds County,Mississippi Department of Corrections,Monroe County Jail,jails_prisons,JAILS,Monroe County Sheriffs Office,28,28095,1,doc_excluded_local_jail,source type indicates local/federal jail or non-DOC facility,700 North Meridian Street,Aberdeen,Monroe County,NA,NA
Mississippi,Hinds County,Mississippi Department of Corrections,MONROE COUNTY SHERIFFS DEPARTMENT / MONROE COUNTY JAIL,hifld,SHERIFF'S OFFICE,NA,28,28095,OPEN,doc_excluded_local_jail,source type indicates local/federal jail or non-DOC facility,700 NORTH MERIDIAN STREET,ABERDEEN,Monroe,33.832324,-88.5428789
Mississippi,Hinds County,Mississippi Department of Corrections,MONTGOMERY COUNTY SHERIFFS DEPARTMENT,hifld,SHERIFF'S OFFICE,NA,28,28097,OPEN,doc_excluded_local_jail,source type indicates local/federal jail or non-DOC facility,614 SUMMIT STREET,WINONA,Montgomery,33.484199,-89.7381309
Mississippi,Hinds County,Mississippi Department of Corrections,Neshoba County Detention Center,jails_prisons,JAILS,Neshoba County Sheriffs Office,28,28099,1,doc_excluded_local_jail,source type indicates local/federal jail or non-DOC facility,920 Chestnut Street,Philadelphia,Neshoba County,NA,NA
Mississippi,Hinds County,Mississippi Department of Corrections,NESHOBA COUNTY LAW ENFORCEMENT CENTER,hifld_prisons,COUNTY,NA,28,28099,OPEN,doc_excluded_local_jail,source type indicates local/federal jail or non-DOC facility,920 CHESTNUT ST,PHILADELPHIA,Neshoba,32.780457211044855,-89.12634897206017
Mississippi,Hinds County,Mississippi Department of Corrections,NESHOBA COUNTY SHERIFF'S OFFICE,hifld,SHERIFF'S OFFICE,NA,28,28099,OPEN,doc_excluded_local_jail,source type indicates local/federal jail or non-DOC facility,401 E BEACON ST,PHILADELPHIA,Neshoba,32.771337128,-89.110441225
Mississippi,Hinds County,Mississippi Department of Corrections,NEWTON COUNTY JAIL,hifld_prisons,COUNTY,NA,28,28101,OPEN,doc_excluded_local_jail,source type indicates local/federal jail or non-DOC facility,300 ACCESS ROAD,DECATUR,Newton,32.42331348274902,-89.10648981808173
Mississippi,Hinds County,Mississippi Department of Corrections,NEWTON COUNTY SHERIFFS DEPARTMENT / NEWTON COUNTY JAIL,hifld,SHERIFF'S OFFICE,NA,28,28101,OPEN,doc_excluded_local_jail,source type indicates local/federal jail or non-DOC facility,300 ACCESS ROAD,DECATUR,Newton,32.4233492,-89.1064446
Mississippi,Hinds County,Mississippi Department of Corrections,NOXUBEE COUNTY JAIL,hifld_prisons,COUNTY,NA,28,28103,OPEN,doc_excluded_local_jail,source type indicates local/federal jail or non-DOC facility,103 INDUSTRIAL PARK ROAD,MACON,Noxubee,33.11845942616412,-88.56849428252431
Mississippi,Hinds County,Mississippi Department of Corrections,NOXUBEE COUNTY SHERIFFS DEPARTMENT,hifld,SHERIFF'S OFFICE,NA,28,28103,OPEN,doc_excluded_local_jail,source type indicates local/federal jail or non-DOC facility,505 SOUTH JEFFERSON STREET,MACON,Noxubee,33.1056968,-88.5605963
Mississippi,Hinds County,Mississippi Department of Corrections,OKTIBBEHA COUNTY JAIL,hifld_prisons,COUNTY,NA,28,28105,OPEN,doc_excluded_local_jail,source type indicates local/federal jail or non-DOC facility,111 DR. D.L. CONNER DR,STARKVILLE,Oktibbeha,33.46495853366797,-88.8169409411039
Mississippi,Hinds County,Mississippi Department of Corrections,Oktibbeha County Jail (New Jail),jails_prisons,JAILS,Oktibbeha County Sheriffs Department,28,28105,1,doc_excluded_local_jail,source type indicates local/federal jail or non-DOC facility,111 D. L. Conner Drive,Starkville,Oktibbeha County,NA,NA
Mississippi,Hinds County,Mississippi Department of Corrections,Oktibbeha County Jail (Old Jail),jails_prisons,JAILS,Oktibbeha County Sheriffs Department,28,28105,1,doc_excluded_local_jail,source type indicates local/federal jail or non-DOC facility,100 Jefferson Street,Starkville,Oktibbeha County,NA,NA
Mississippi,Hinds County,Mississippi Department of Corrections,OKTIBBEHA COUNTY SHERIFFS DEPARTMENT/OKTIBBEHA COUNTY JAIL,hifld,SHERIFF'S OFFICE,NA,28,28105,OPEN,doc_excluded_local_jail,source type indicates local/federal jail or non-DOC facility,111 DOCTOR DOUGLAS L CONNER DRIVE,STARKVILLE,Oktibbeha,33.4649685,-88.8167789
Mississippi,Hinds County,Mississippi Department of Corrections,PANOLA COUNTY JAIL,hifld_prisons,COUNTY,NA,28,28107,OPEN,doc_excluded_local_jail,source type indicates local/federal jail or non-DOC facility,300 JAMES RUDD RD,BATESVILLE,Panola,34.361178900211286,-89.8893857929327
Mississippi,Hinds County,Mississippi Department of Corrections,PANOLA COUNTY SHERIFFS DEPARTMENT / PANOLA COUNTY JAIL,hifld,SHERIFF'S OFFICE,NA,28,28107,OPEN,doc_excluded_local_jail,source type indicates local/federal jail or non-DOC facility,300 JAMES RUDD DRIVE,BATESVILLE,Panola,34.3611098,-89.8894337
Mississippi,Hinds County,Mississippi Department of Corrections,PEARL RIVER COUNTY JAIL,hifld_prisons,COUNTY,NA,28,28109,OPEN,doc_excluded_local_jail,source type indicates local/federal jail or non-DOC facility,171 SAVANNAH MILLARD ROAD,POPLARVILLE,Pearl River,30.723705391681808,-89.58040010357337
Mississippi,Hinds County,Mississippi Department of Corrections,PEARL RIVER COUNTY SHERIFFS DEPARTMENT / PEARL RIVER COUNTY JAIL,hifld,SHERIFF'S OFFICE,NA,28,28109,OPEN,doc_excluded_local_jail,source type indicates local/federal jail or non-DOC facility,171 SAVANNAH MILLARD ROAD,POPLARVILLE,Pearl River,30.7234379,-89.5804683
Mississippi,Hinds County,Mississippi Department of Corrections,Perry County Jail,jails_prisons,JAILS,Perry County Sheriffs Office,28,28111,1,doc_excluded_local_jail,source type indicates local/federal jail or non-DOC facility,103 First Street West,New Augusta,Perry County,NA,NA
Mississippi,Hinds County,Mississippi Department of Corrections,PERRY COUNTY JAIL / SHERIFF,hifld_prisons,COUNTY,NA,28,28111,OPEN,doc_excluded_local_jail,source type indicates local/federal jail or non-DOC facility,103 1ST STREET WEST,NEW AUGUSTA,Perry,31.204817304125275,-89.03552181057869
Mississippi,Hinds County,Mississippi Department of Corrections,PERRY COUNTY SHERIFFS DEPARTMENT / PERRY COUNTY JAIL,hifld,SHERIFF'S OFFICE,NA,28,28111,OPEN,doc_excluded_local_jail,source type indicates local/federal jail or non-DOC facility,103 1ST STREET WEST,NEW AUGUSTA,Perry,31.2047632,-89.0353427
Mississippi,Hinds County,Mississippi Department of Corrections,Picayune City Jail,jails_prisons,JAILS,Picayune Police Department,28,28109,1,doc_excluded_local_jail,source type indicates local/federal jail or non-DOC facility,328 South Main Street,Picayune,Pearl River County,NA,NA
Mississippi,Hinds County,Mississippi Department of Corrections,PIKE COUNTY JAIL,hifld_prisons,COUNTY,NA,28,28113,OPEN,doc_excluded_local_jail,source type indicates local/federal jail or non-DOC facility,2019 JESSE HALL MEMORIAL RD,MAGNOLIA,Pike,31.17369536931724,-90.4535007207456
Mississippi,Hinds County,Mississippi Department of Corrections,PIKE COUNTY SHERIFFS DEPARTMENT / PIKE COUNTY JAIL,hifld,SHERIFF'S OFFICE,NA,28,28113,OPEN,doc_excluded_local_jail,source type indicates local/federal jail or non-DOC facility,2109 JESSE HALL MEMORIAL ROAD,MAGNOLIA,Pike,31.1736596,-90.4533172
Mississippi,Hinds County,Mississippi Department of Corrections,PONTOTOC COUNTY JAIL,hifld_prisons,COUNTY,NA,28,28115,OPEN,doc_excluded_local_jail,source type indicates local/federal jail or non-DOC facility,490 HIGHWAY 6 W,PONTOTOC,Pontotoc,34.253585288027246,-89.03001354776552
Mississippi,Hinds County,Mississippi Department of Corrections,PONTOTOC COUNTY SHERIFFS DEPARTMENT / PONTOTOC COUNTY JAIL,hifld,SHERIFF'S OFFICE,NA,28,28115,OPEN,doc_excluded_local_jail,source type indicates local/federal jail or non-DOC facility,490 WEST STATE HIGHWAY 6,PONTOTOC,Pontotoc,34.2537778,-89.030213
Mississippi,Hinds County,Mississippi Department of Corrections,PRENTISS COUNTY JAIL,hifld_prisons,COUNTY,NA,28,28117,OPEN,doc_excluded_local_jail,source type indicates local/federal jail or non-DOC facility,1901B EAST CHAMBERS DRIVE,BOONEVILLE,Prentiss,34.65888203772752,-88.535193868468
Mississippi,Hinds County,Mississippi Department of Corrections,PRENTISS COUNTY SHERIFFS DEPARTMENT / PRENTISS COUNTY JAIL,hifld,SHERIFF'S OFFICE,NA,28,28117,OPEN,doc_excluded_local_jail,source type indicates local/federal jail or non-DOC facility,"1901 EAST CHAMBERS DRIVE, PRENTISS COUNTY JUSTICE CRIMINAL CENTER",BOONEVILLE,Prentiss,34.6587661,-88.5348252
Mississippi,Hinds County,Mississippi Department of Corrections,Quitman County Jail,jails_prisons,JAILS,Quitman County Sheriffs Office,28,28119,1,doc_excluded_local_jail,source type indicates local/federal jail or non-DOC facility,233 Chestnut Street,Marks,Quitman County,NA,NA
Mississippi,Hinds County,Mississippi Department of Corrections,QUITMAN COUNTY JAIL / SHERIFF,hifld_prisons,COUNTY,NA,28,28119,OPEN,doc_excluded_local_jail,source type indicates local/federal jail or non-DOC facility,233 CHESTNUT STREET,MARKS,Quitman,34.259432316555134,-90.27005611883108
Mississippi,Hinds County,Mississippi Department of Corrections,QUITMAN COUNTY SHERIFFS OFFICE / QUITMAN COUNTY JAIL,hifld,SHERIFF'S OFFICE,NA,28,28119,OPEN,doc_excluded_local_jail,source type indicates local/federal jail or non-DOC facility,233 CHESTNUT STREET,MARKS,Quitman,34.2592794,-90.2701338
Mississippi,Hinds County,Mississippi Department of Corrections,RANKIN COUNTY JAIL,hifld_prisons,COUNTY,NA,28,28121,OPEN,doc_excluded_local_jail,source type indicates local/federal jail or non-DOC facility,221 N TIMBER ST,BRANDON,Rankin,32.274718708318034,-89.98580138186237
Mississippi,Hinds County,Mississippi Department of Corrections,RANKIN COUNTY JUVENILE JUSTICE CENTER,hifld_prisons,COUNTY,NA,28,28121,OPEN,doc_excluded_local_jail,source type indicates local/federal jail or non-DOC facility,100 COURT COVE,PELAHATCHIE,Rankin,32.31171549163155,-89.82522948210999
Mississippi,Hinds County,Mississippi Department of Corrections,RANKIN COUNTY SHERIFFS OFFICE / RANKIN COUNTY JAIL,hifld,SHERIFF'S OFFICE,NA,28,28121,OPEN,doc_excluded_local_jail,source type indicates local/federal jail or non-DOC facility,221 NORTH TIMBER STREET,BRANDON,Rankin,32.2745495,-89.9858875
Mississippi,Hinds County,Mississippi Department of Corrections,SCOTT COUNTY JAIL,hifld_prisons,COUNTY,NA,28,28123,OPEN,doc_excluded_local_jail,source type indicates local/federal jail or non-DOC facility,531 AIRPORT ROAD,FOREST,Scott,32.35392398831935,-89.48571391779518
Mississippi,Hinds County,Mississippi Department of Corrections,SCOTT COUNTY JUVENILE HOLDING FACILITY,hifld_prisons,COUNTY,NA,28,28123,OPEN,doc_excluded_local_jail,source type indicates local/federal jail or non-DOC facility,531 AIRPORT ROAD,FOREST,Scott,32.35532918279721,-89.48582706985883
Mississippi,Hinds County,Mississippi Department of Corrections,SCOTT COUNTY SHERIFFS DEPARTMENT / SCOTT COUNTY JAIL,hifld,SHERIFF'S OFFICE,NA,28,28123,OPEN,doc_excluded_local_jail,source type indicates local/federal jail or non-DOC facility,531 AIRPORT ROAD,FOREST,Scott,32.3550053,-89.4857649
Mississippi,Hinds County,Mississippi Department of Corrections,SHARKEY COUNTY SHERIFFS DEPARTMENT,hifld,SHERIFF'S OFFICE,NA,28,28125,OPEN,doc_excluded_local_jail,source type indicates local/federal jail or non-DOC facility,120 LOCUST STREET,ROLLING FORK,Sharkey,32.9078421,-90.8771481
Mississippi,Hinds County,Mississippi Department of Corrections,SIMPSON COUNTY ADULT DETENTION CENTER,hifld_prisons,COUNTY,NA,28,28127,OPEN,doc_excluded_local_jail,source type indicates local/federal jail or non-DOC facility,120 CEMETERY ST,MENDENHALL,Simpson,31.960053502521006,-89.86051490434917
Mississippi,Hinds County,Mississippi Department of Corrections,SIMPSON COUNTY SHERIFFS DEPARTMENT / SIMPSON COUNTY JAIL,hifld,SHERIFF'S OFFICE,NA,28,28127,OPEN,doc_excluded_local_jail,source type indicates local/federal jail or non-DOC facility,111 WEST PINE AVENUE,MENDENHALL,Simpson,31.9635334,-89.8702267
Mississippi,Hinds County,Mississippi Department of Corrections,SMITH COUNTY JAIL,hifld_prisons,COUNTY,NA,28,28129,OPEN,doc_excluded_local_jail,source type indicates local/federal jail or non-DOC facility,150 COURT HOUSE SQUARE,RALEIGH,Smith,32.03400287867559,-89.52464843797858
Mississippi,Hinds County,Mississippi Department of Corrections,SMITH COUNTY SHERIFFS DEPARTMENT / SMITH COUNTY JAIL,hifld,SHERIFF'S OFFICE,NA,28,28129,OPEN,doc_excluded_local_jail,source type indicates local/federal jail or non-DOC facility,150 COURT HOUSE SQUARE,RALEIGH,Smith,32.0340629,-89.5233782
Mississippi,Hinds County,Mississippi Department of Corrections,STONE COUNTY REGIONAL CORRECTIONAL FACILITY,hifld_prisons,COUNTY,NA,28,28131,OPEN,doc_excluded_local_jail,source type indicates local/federal jail or non-DOC facility,1420 INDUSTRIAL PARK RD,WIGGINS,Stone,30.836192815189023,-89.13456298829462
Mississippi,Hinds County,Mississippi Department of Corrections,SUNFLOWER COUNTY JAIL,hifld_prisons,COUNTY,NA,28,28133,OPEN,doc_excluded_local_jail,source type indicates local/federal jail or non-DOC facility,1300 ALLEN ROAD,INDIANOLA,Sunflower,33.44834076883434,-90.62988072572358
Mississippi,Hinds County,Mississippi Department of Corrections,SUNFLOWER COUNTY SHERIFFS DEPARTMENT / SUNFLOWER COUNTY JAIL,hifld,SHERIFF'S OFFICE,NA,28,28133,OPEN,doc_excluded_local_jail,source type indicates local/federal jail or non-DOC facility,1300 ALLEN ROAD,INDIANOLA,Sunflower,33.4482415,-90.6298755
Mississippi,Hinds County,Mississippi Department of Corrections,Tallahatchie County Correctional Facility - CCA,jails_prisons,JAILS,Tallahatchie County Correctional Facility - CoreCivic,28,28135,1,doc_excluded_local_jail,source type indicates local/federal jail or non-DOC facility,415 US Highway 49 South,Tutwiler,Tallahatchie County,NA,NA
Mississippi,Hinds County,Mississippi Department of Corrections,TALLAHATCHIE COUNTY JAIL,hifld_prisons,COUNTY,NA,28,28135,OPEN,doc_excluded_local_jail,source type indicates local/federal jail or non-DOC facility,206 JAILHOUSE STREET,SUMNER,Tallahatchie,33.97017103696256,-90.37116507317891
Mississippi,Hinds County,Mississippi Department of Corrections,Tallahatchie County Jail Number 2,jails_prisons,JAILS,Tallahatchie County Sheriffs Office,28,28135,1,doc_excluded_local_jail,source type indicates local/federal jail or non-DOC facility,206 Jail House Street,Sumner,Tallahatchie County,NA,NA
Mississippi,Hinds County,Mississippi Department of Corrections,TALLAHATCHIE COUNTY SHERIFFS DEPARTMENT,hifld,SHERIFF'S OFFICE,NA,28,28135,OPEN,doc_excluded_local_jail,source type indicates local/federal jail or non-DOC facility,205 SOUTH PLEASANT STREET,CHARLESTON,Tallahatchie,34.0053985,-90.0548984
Mississippi,Hinds County,Mississippi Department of Corrections,TATE COUNTY JAIL,hifld_prisons,COUNTY,NA,28,28137,OPEN,doc_excluded_local_jail,source type indicates local/federal jail or non-DOC facility,1 JUSTICE DRIVE,SENATOBIA,Tate,34.61147018736686,-89.9933408437123
Mississippi,Hinds County,Mississippi Department of Corrections,TATE COUNTY SHERIFFS DEPARTMENT / TATE COUNTY JAIL,hifld,SHERIFF'S OFFICE,NA,28,28137,OPEN,doc_excluded_local_jail,source type indicates local/federal jail or non-DOC facility,1 JUSTICE DRIVE,SENATOBIA,Tate,34.6116384,-89.9933389
Mississippi,Hinds County,Mississippi Department of Corrections,TIPPAH COUNTY JAIL,hifld_prisons,COUNTY,NA,28,28139,OPEN,doc_excluded_local_jail,source type indicates local/federal jail or non-DOC facility,205 WEST SPRING STREET,RIPLEY,Tippah,34.730624904783795,-88.95034233626764
Mississippi,Hinds County,Mississippi Department of Corrections,TIPPAH COUNTY SHERIFFS DEPARTMENT / TIPPAH COUNTY JAIL,hifld,SHERIFF'S OFFICE,NA,28,28139,OPEN,doc_excluded_local_jail,source type indicates local/federal jail or non-DOC facility,205 WEST SPRING STREET,RIPLEY,Tippah,34.7306517,-88.9502541
Mississippi,Hinds County,Mississippi Department of Corrections,TISHOMINGO COUNTY JAIL,hifld_prisons,COUNTY,NA,28,28141,OPEN,doc_excluded_local_jail,source type indicates local/federal jail or non-DOC facility,1208 BETTYDALE DRIVE,IUKA,Tishomingo,34.81207664266668,-88.20118972576738
Mississippi,Hinds County,Mississippi Department of Corrections,TISHOMINGO COUNTY SHERIFFS DEPARTMENT / TISHOMINGO COUNTY JAIL,hifld,SHERIFF'S OFFICE,NA,28,28141,OPEN,doc_excluded_local_jail,source type indicates local/federal jail or non-DOC facility,1111 MARIA LANE,IUKA,Tishomingo,34.812055,-88.201292
Mississippi,Hinds County,Mississippi Department of Corrections,Tunica County Detention Center,jails_prisons,JAILS,Tunica County Sheriffs Office,28,28143,1,doc_excluded_local_jail,source type indicates local/federal jail or non-DOC facility,5126 Old Mhoonlanding Road,Tunica,Tunica County,NA,NA
Mississippi,Hinds County,Mississippi Department of Corrections,TUNICA COUNTY JAIL,hifld_prisons,COUNTY,NA,28,28143,OPEN,doc_excluded_local_jail,source type indicates local/federal jail or non-DOC facility,5126 OLD MHOON LANDING ROAD,TUNICA,Tunica,34.69925965624713,-90.38437433290142
Mississippi,Hinds County,Mississippi Department of Corrections,TUNICA COUNTY SHERIFFS DEPARTMENT / TUNICA COUNTY JAIL,hifld,SHERIFF'S OFFICE,NA,28,28143,OPEN,doc_excluded_local_jail,source type indicates local/federal jail or non-DOC facility,5126 OLD MHOON LANDING ROAD,TUNICA,Tunica,34.6994498,-90.3842829
Mississippi,Hinds County,Mississippi Department of Corrections,UNION COUNTY JAIL,hifld_prisons,COUNTY,NA,28,28145,OPEN,doc_excluded_local_jail,source type indicates local/federal jail or non-DOC facility,300 CARTER AVE,NEW ALBANY,Union,34.490934187428586,-89.01071662483686
Mississippi,Hinds County,Mississippi Department of Corrections,UNION COUNTY SHERIFFS DEPARTMENT / UNION COUNTY JAIL,hifld,SHERIFF'S OFFICE,NA,28,28145,OPEN,doc_excluded_local_jail,source type indicates local/federal jail or non-DOC facility,300 CARTER AVENUE,NEW ALBANY,Union,34.4910039,-89.0109979
Mississippi,Hinds County,Mississippi Department of Corrections,USP YAZOO CITY,hifld_prisons,FEDERAL,NA,28,28163,OPEN,doc_excluded_local_jail,source type indicates local/federal jail or non-DOC facility,2225 HALEY BARBOUR PARKWAY,YAZOO CITY,Yazoo,32.89176222477708,-90.44593840994915
Mississippi,Hinds County,Mississippi Department of Corrections,WALTHALL COUNTY JAIL,hifld_prisons,COUNTY,NA,28,28147,OPEN,doc_excluded_local_jail,source type indicates local/federal jail or non-DOC facility,807 MAGNOLIA AVENUE,TYLERTOWN,Walthall,31.117315834388144,-90.14221905384136
Mississippi,Hinds County,Mississippi Department of Corrections,WALTHALL COUNTY SHERIFFS DEPARTMENT / WALTHALL COUNTY JAIL,hifld,SHERIFF'S OFFICE,NA,28,28147,OPEN,doc_excluded_local_jail,source type indicates local/federal jail or non-DOC facility,807 MAGNOLIA AVENUE,TYLERTOWN,Walthall,31.1169558,-90.1418881
Mississippi,Hinds County,Mississippi Department of Corrections,WARREN COUNTY JAIL,hifld_prisons,COUNTY,NA,28,28149,OPEN,doc_excluded_local_jail,source type indicates local/federal jail or non-DOC facility,1000 GROVE STREET,VICKSBURG,Warren,32.35123039112061,-90.87774670007244
Mississippi,Hinds County,Mississippi Department of Corrections,WARREN COUNTY JUVENILE DETENTION CENTER,hifld_prisons,COUNTY,NA,28,28149,OPEN,doc_excluded_local_jail,source type indicates local/federal jail or non-DOC facility,1100 GROVE STREET,VICKSBURG,Warren,32.35075380861696,-90.87690109775853
Mississippi,Hinds County,Mississippi Department of Corrections,WARREN COUNTY SHERIFFS DEPARTMENT / WARREN COUNTY JAIL,hifld,SHERIFF'S OFFICE,NA,28,28149,OPEN,doc_excluded_local_jail,source type indicates local/federal jail or non-DOC facility,1000 GROVE STREET,VICKSBURG,Warren,32.351310601,-90.877820145
Mississippi,Hinds County,Mississippi Department of Corrections,WASHINGTON COUNTY JAIL,hifld_prisons,COUNTY,NA,28,28151,OPEN,doc_excluded_local_jail,source type indicates local/federal jail or non-DOC facility,903 WEST ALEXANDER STREET,GREENVILLE,Washington,33.40848472776438,-91.05198797651879
Mississippi,Hinds County,Mississippi Department of Corrections,WASHINGTON COUNTY JUVENILE JUSTICE CENTER,hifld_prisons,COUNTY,NA,28,28151,OPEN,doc_excluded_local_jail,source type indicates local/federal jail or non-DOC facility,3330 UNITED STATES HIGHWAY 82 EAST,GREENVILLE,Washington,33.401516860081905,-91.0033190204047
Mississippi,Hinds County,Mississippi Department of Corrections,WASHINGTON COUNTY REGIONAL CORRECTIONAL FACILITY,hifld_prisons,COUNTY,NA,28,28151,OPEN,doc_excluded_local_jail,source type indicates local/federal jail or non-DOC facility,60 STOKES KING ROAD,GREENVILLE,Washington,33.33414116506857,-91.1360151492492
Mississippi,Hinds County,Mississippi Department of Corrections,WASHINGTON COUNTY SHERIFFS DEPARTMENT / WASHINGTON COUNTY JAIL,hifld,SHERIFF'S OFFICE,NA,28,28151,OPEN,doc_excluded_local_jail,source type indicates local/federal jail or non-DOC facility,903 WEST ALEXANDER STREET,GREENVILLE,Washington,33.4084265,-91.0518789
Mississippi,Hinds County,Mississippi Department of Corrections,WAYNE COUNTY ADULT DETENTION FACILITY,hifld_prisons,COUNTY,NA,28,28153,OPEN,doc_excluded_local_jail,source type indicates local/federal jail or non-DOC facility,613 COURT ST,WAYNESBORO,Wayne,31.676793929335258,-88.64945392534653
Mississippi,Hinds County,Mississippi Department of Corrections,Wayne County Jail,jails_prisons,JAILS,Wayne County Sheriffs Department,28,28153,1,doc_excluded_local_jail,source type indicates local/federal jail or non-DOC facility,613 Court Street,Waynesboro,Wayne County,NA,NA
Mississippi,Hinds County,Mississippi Department of Corrections,WEBSTER COUNTY JAIL,hifld_prisons,COUNTY,NA,28,28155,OPEN,doc_excluded_local_jail,source type indicates local/federal jail or non-DOC facility,87 GOVERNMENT AVE,EUPORA,Webster,33.53539276115342,-89.2636614067883
Mississippi,Hinds County,Mississippi Department of Corrections,WEBSTER COUNTY SHERIFFS DEPARTMENT / WEBSTER COUNTY JAIL,hifld,SHERIFF'S OFFICE,NA,28,28155,OPEN,doc_excluded_local_jail,source type indicates local/federal jail or non-DOC facility,87 GOVERNMENT AVENUE,EUPORA,Webster,33.5353747,-89.263627
Mississippi,Hinds County,Mississippi Department of Corrections,WILKINSON COUNTY JAIL,hifld_prisons,COUNTY,NA,28,28157,OPEN,doc_excluded_local_jail,source type indicates local/federal jail or non-DOC facility,1389 US HIGHWAY 61 SOUTH,WOODVILLE,Wilkinson,31.085820453540084,-91.29991568028431
Mississippi,Hinds County,Mississippi Department of Corrections,WILKINSON COUNTY SHERIFFS OFFICE,hifld,SHERIFF'S OFFICE,NA,28,28157,OPEN,doc_excluded_local_jail,source type indicates local/federal jail or non-DOC facility,1389 UNITED STATES HIGHWAY 61 SOUTH,WOODVILLE,Wilkinson,31.0859815,-91.300145
Mississippi,Hinds County,Mississippi Department of Corrections,WINSTON-CHOCTAW COUNTY REGIONAL CORRECTIONAL FACILITY,hifld_prisons,COUNTY,NA,28,28159,OPEN,doc_excluded_local_jail,source type indicates local/federal jail or non-DOC facility,22062 MS HWY 25 N,LOUISVILLE,Winston,33.16954161629675,-89.0552831104873
Mississippi,Hinds County,Mississippi Department of Corrections,WINSTON COUNTY SHERIFFS DEPARTMENT,hifld,SHERIFF'S OFFICE,NA,28,28159,OPEN,doc_excluded_local_jail,source type indicates local/federal jail or non-DOC facility,115 SOUTH COURT AVENUE,LOUISVILLE,Winston,33.123217691,-89.054543318
Mississippi,Hinds County,Mississippi Department of Corrections,YALOBUSHA COUNTY JAIL,hifld_prisons,COUNTY,NA,28,28161,OPEN,doc_excluded_local_jail,source type indicates local/federal jail or non-DOC facility,11803 HWY 32,WATER VALLEY,Yalobusha,34.131315066585046,-89.63582651648059
Mississippi,Hinds County,Mississippi Department of Corrections,YALOBUSHA COUNTY SHERIFFS DEPARTMENT / YALOBUSHA COUNTY JAIL,hifld,SHERIFF'S OFFICE,NA,28,28161,OPEN,doc_excluded_local_jail,source type indicates local/federal jail or non-DOC facility,109 CALHOUN STREET,WATER VALLEY,Yalobusha,34.150921,-89.6306323
Mississippi,Hinds County,Mississippi Department of Corrections,YAZOO COUNTY JUVENILE JUSTICE CENTER,hifld_prisons,COUNTY,NA,28,28163,OPEN,doc_excluded_local_jail,source type indicates local/federal jail or non-DOC facility,217 SOUTH WASHINGTON STREET,YAZOO CITY,Yazoo,32.845319295779184,-90.41316579619337
Mississippi,Hinds County,Mississippi Department of Corrections,YAZOO COUNTY REGIONAL CORRECTIONAL FACILITY,hifld_prisons,COUNTY,NA,28,28163,OPEN,doc_excluded_local_jail,source type indicates local/federal jail or non-DOC facility,154 ROOSEVELT HUDSON DRIVE,YAZOO CITY,Yazoo,32.84814502354244,-90.43082614120253
Mississippi,Hinds County,Mississippi Department of Corrections,YAZOO COUNTY SHERIFFS DEPARTMENT,hifld,SHERIFF'S OFFICE,NA,28,28163,OPEN,doc_excluded_local_jail,source type indicates local/federal jail or non-DOC facility,211 EAST BROADWAY STREET,YAZOO CITY,Yazoo,32.847008,-90.4121853
Nebraska,Lincoln County,Nebraska Department of Correctional Services,Adams County Jail,jails_prisons,JAILS,Adams County Sheriffs Department,31,31001,1,doc_excluded_local_jail,source type indicates local/federal jail or non-DOC facility,500 W 4th Street,Hastings,Adams County,NA,NA
Nebraska,Lincoln County,Nebraska Department of Correctional Services,ADAMS COUNTY JAIL / SHERIFF,hifld_prisons,COUNTY,NA,31,31001,OPEN,doc_excluded_local_jail,source type indicates local/federal jail or non-DOC facility,500 WEST 4TH STREET,HASTINGS,Adams,40.5875497606821,-98.3880646857511
Nebraska,Lincoln County,Nebraska Department of Correctional Services,ADAMS COUNTY SHERIFFS OFFICE / ADAMS COUNTY JAIL,hifld,SHERIFF'S OFFICE,NA,31,31001,OPEN,doc_excluded_local_jail,source type indicates local/federal jail or non-DOC facility,"500 WEST 4TH STREET, SUITE 126",HASTINGS,Adams,40.5875019,-98.3880623
Nebraska,Lincoln County,Nebraska Department of Correctional Services,Antelope County Jail,jails_prisons,JAILS,Antelope County Sheriffs Department,31,31003,1,doc_excluded_local_jail,source type indicates local/federal jail or non-DOC facility,1102 L Street,Neligh,Antelope County,NA,NA
Nebraska,Lincoln County,Nebraska Department of Correctional Services,ANTELOPE COUNTY JAIL / SHERIFF,hifld_prisons,COUNTY,NA,31,31003,OPEN,doc_excluded_local_jail,source type indicates local/federal jail or non-DOC facility,1102 L STREET,NELIGH,Antelope,42.136288676081385,-98.02915510918235
Nebraska,Lincoln County,Nebraska Department of Correctional Services,ANTELOPE COUNTY SHERIFFS OFFICE / ANTELOPE COUNTY JAIL,hifld,SHERIFF'S OFFICE,NA,31,31003,OPEN,doc_excluded_local_jail,source type indicates local/federal jail or non-DOC facility,205 EAST 6TH STREET,NELIGH,Antelope,42.130277068,-98.029169101
Nebraska,Lincoln County,Nebraska Department of Correctional Services,ARTHUR COUNTY SHERIFFS OFFICE,hifld,SHERIFF'S OFFICE,NA,31,31005,OPEN,doc_excluded_local_jail,source type indicates local/federal jail or non-DOC facility,205 FIR STREET,ARTHUR,Arthur,41.570045103,-101.691176613
Nebraska,Lincoln County,Nebraska Department of Correctional Services,BANNER COUNTY SHERIFFS OFFICE,hifld,SHERIFF'S OFFICE,NA,31,31007,OPEN,doc_excluded_local_jail,source type indicates local/federal jail or non-DOC facility,206 STATE STREET,HARRISBURG,Banner,41.5565116,-103.742190501
Nebraska,Lincoln County,Nebraska Department of Correctional Services,BLAINE COUNTY SHERIFFS OFFICE,hifld,SHERIFF'S OFFICE,NA,31,31009,OPEN,doc_excluded_local_jail,source type indicates local/federal jail or non-DOC facility,145 LINCOLN AVENUE,BREWSTER,Blaine,41.9364106,-99.8651241
Nebraska,Lincoln County,Nebraska Department of Correctional Services,Boone County Jail,jails_prisons,JAILS,Boone County Sheriffs Department,31,31011,1,doc_excluded_local_jail,source type indicates local/federal jail or non-DOC facility,217 S 5th Street,Albion,Boone County,NA,NA
Nebraska,Lincoln County,Nebraska Department of Correctional Services,BOONE COUNTY JAIL / SHERIFF,hifld_prisons,COUNTY,NA,31,31011,OPEN,doc_excluded_local_jail,source type indicates local/federal jail or non-DOC facility,217 SOUTH 5TH STREET,ALBION,Boone,41.6914327165308,-98.00220346637413
Nebraska,Lincoln County,Nebraska Department of Correctional Services,BOONE COUNTY SHERIFFS OFFICE / BOONE COUNTY JAIL,hifld,SHERIFF'S OFFICE,NA,31,31011,OPEN,doc_excluded_local_jail,source type indicates local/federal jail or non-DOC facility,217 SOUTH 5TH STREET,ALBION,Boone,41.691383101,-98.0022073
Nebraska,Lincoln County,Nebraska Department of Correctional Services,BOX BUTTE COUNTY JAIL,hifld_prisons,COUNTY,NA,31,31013,OPEN,doc_excluded_local_jail,source type indicates local/federal jail or non-DOC facility,512 NIOBRARA AVENUE,ALLIANCE,Box Butte,42.09974430380716,-102.86983791167222
Nebraska,Lincoln County,Nebraska Department of Correctional Services,BOX BUTTE COUNTY SHERIFFS OFFICE / BOX BUTTE COUNTY JAIL,hifld,SHERIFF'S OFFICE,NA,31,31013,OPEN,doc_excluded_local_jail,source type indicates local/federal jail or non-DOC facility,512 NIOBRARA AVENUE,ALLIANCE,Box Butte,42.0997575,-102.8698595
Nebraska,Lincoln County,Nebraska Department of Correctional Services,BOYD COUNTY SHERIFFS OFFICE,hifld,SHERIFF'S OFFICE,NA,31,31015,OPEN,doc_excluded_local_jail,source type indicates local/federal jail or non-DOC facility,401 THAYER STREET,BUTTE,Boyd,42.9116761,-98.8486257
Nebraska,Lincoln County,Nebraska Department of Correctional Services,BROWN COUNTY JAIL,hifld_prisons,COUNTY,NA,31,31017,OPEN,doc_excluded_local_jail,source type indicates local/federal jail or non-DOC facility,142 WEST 4TH STREET,AINSWORTH,Brown,42.55052989708807,-99.86384360010182
Nebraska,Lincoln County,Nebraska Department of Correctional Services,BROWN COUNTY SHERIFFS OFFICE / BROWN COUNTY JAIL,hifld,SHERIFF'S OFFICE,NA,31,31017,OPEN,doc_excluded_local_jail,source type indicates local/federal jail or non-DOC facility,142 WEST 4TH STREET,AINSWORTH,Brown,42.5504236,-99.8638895
Nebraska,Lincoln County,Nebraska Department of Correctional Services,BUFFALO COUNTY DETENTION CENTER,hifld_prisons,COUNTY,NA,31,31019,OPEN,doc_excluded_local_jail,source type indicates local/federal jail or non-DOC facility,1417 1ST AVENUE,KEARNEY,Buffalo,40.68953918089713,-99.08260982546471
Nebraska,Lincoln County,Nebraska Department of Correctional Services,Buffalo County Jail,jails_prisons,JAILS,Buffalo County Sheriffs Office,31,31019,1,doc_excluded_local_jail,source type indicates local/federal jail or non-DOC facility,1417 First Avenue,Kearney,Buffalo County,NA,NA
Nebraska,Lincoln County,Nebraska Department of Correctional Services,BUFFALO COUNTY SHERIFF'S OFFICE,hifld,SHERIFF'S OFFICE,NA,31,31019,OPEN,doc_excluded_local_jail,source type indicates local/federal jail or non-DOC facility,2025 AVE A,KEARNEY,Buffalo,40.696308175,-99.080064386
Nebraska,Lincoln County,Nebraska Department of Correctional Services,BURT COUNTY SHERIFFS OFFICE,hifld,SHERIFF'S OFFICE,NA,31,31021,OPEN,doc_excluded_local_jail,source type indicates local/federal jail or non-DOC facility,111 NORTH 13TH STREET,TEKAMAH,Burt,41.7787318,-96.2205264
Nebraska,Lincoln County,Nebraska Department of Correctional Services,Butler County Detention,jails_prisons,JAILS,Butler County Sheriffs Office,31,31023,1,doc_excluded_local_jail,source type indicates local/federal jail or non-DOC facility,451 5th Street,David City,Butler County,NA,NA
Nebraska,Lincoln County,Nebraska Department of Correctional Services,BUTLER COUNTY JAIL,hifld_prisons,COUNTY,NA,31,31023,OPEN,doc_excluded_local_jail,source type indicates local/federal jail or non-DOC facility,451 N 5TH STREET,DAVID CITY,Butler,41.253472458389105,-97.12931599974877
Nebraska,Lincoln County,Nebraska Department of Correctional Services,BUTLER COUNTY SHERIFFS OFFICE,hifld,SHERIFF'S OFFICE,NA,31,31023,OPEN,doc_excluded_local_jail,source type indicates local/federal jail or non-DOC facility,451 NORTH 5TH STREET,DAVID CITY,Butler,41.2533688,-97.1291045
Nebraska,Lincoln County,Nebraska Department of Correctional Services,Cass County Detention Facility,jails_prisons,JAILS,Cass County Sheriffs Office,31,31025,1,doc_excluded_local_jail,source type indicates local/federal jail or non-DOC facility,303 Avenue A,Plattsmouth,Cass County,NA,NA
Nebraska,Lincoln County,Nebraska Department of Correctional Services,CASS COUNTY JAIL,hifld_prisons,COUNTY,NA,31,31025,OPEN,doc_excluded_local_jail,source type indicates local/federal jail or non-DOC facility,336 MAIN STREET,PLATTSMOUTH,Cass,41.0118047525,-95.88295064099994
Nebraska,Lincoln County,Nebraska Department of Correctional Services,CASS COUNTY SHERIFFS OFFICE / CASS COUNTY JAIL,hifld,SHERIFF'S OFFICE,NA,31,31025,OPEN,doc_excluded_local_jail,source type indicates local/federal jail or non-DOC facility,336 MAIN STREET,PLATTSMOUTH,Cass,41.0118343,-95.8829536
Nebraska,Lincoln County,Nebraska Department of Correctional Services,CEDAR COUNTY JAIL,hifld_prisons,COUNTY,NA,31,31027,OPEN,doc_excluded_local_jail,source type indicates local/federal jail or non-DOC facility,101 SOUTH BROADWAY STREET,HARTINGTON,Cedar,42.62027247801334,-97.26420594117897
Nebraska,Lincoln County,Nebraska Department of Correctional Services,CEDAR COUNTY SHERIFFS OFFICE / CEDAR COUNTY JAIL,hifld,SHERIFF'S OFFICE,NA,31,31027,OPEN,doc_excluded_local_jail,source type indicates local/federal jail or non-DOC facility,101 SOUTH BROADWAY STREET,HARTINGTON,Cedar,42.6200862,-97.264309
Nebraska,Lincoln County,Nebraska Department of Correctional Services,CHASE COUNTY JAIL,hifld_prisons,COUNTY,NA,31,31029,OPEN,doc_excluded_local_jail,source type indicates local/federal jail or non-DOC facility,921 BROADWAY STREET,IMPERIAL,Chase,40.52046792747127,-101.64391944447397
Nebraska,Lincoln County,Nebraska Department of Correctional Services,CHASE COUNTY SHERIFFS OFFICE / CHASE COUNTY JAIL,hifld,SHERIFF'S OFFICE,NA,31,31029,OPEN,doc_excluded_local_jail,source type indicates local/federal jail or non-DOC facility,921 BROADWAY STREET,IMPERIAL,Chase,40.5204306,-101.6438784
Nebraska,Lincoln County,Nebraska Department of Correctional Services,CHERRY COUNTY JUSTICE CENTER,hifld_prisons,COUNTY,NA,31,31031,OPEN,doc_excluded_local_jail,source type indicates local/federal jail or non-DOC facility,365 NORTH MAIN STREET,VALENTINE,Cherry,42.87569252002321,-100.55142668140104
Nebraska,Lincoln County,Nebraska Department of Correctional Services,CHERRY COUNTY SHERIFFS OFFICE / CHERRY COUNTY JAIL,hifld,SHERIFF'S OFFICE,NA,31,31031,OPEN,doc_excluded_local_jail,source type indicates local/federal jail or non-DOC facility,365 NORTH MAIN STREET,VALENTINE,Cherry,42.8757382,-100.5511049
Nebraska,Lincoln County,Nebraska Department of Correctional Services,CHEYENNE COUNTY JAIL,hifld_prisons,COUNTY,NA,31,31033,OPEN,doc_excluded_local_jail,source type indicates local/federal jail or non-DOC facility,1000 10TH AVENUE,SIDNEY,Cheyenne,41.14333588313744,-102.9775064141902
Nebraska,Lincoln County,Nebraska Department of Correctional Services,CHEYENNE COUNTY SHERIFFS OFFICE / CHEYENNE COUNTY JAIL,hifld,SHERIFF'S OFFICE,NA,31,31033,OPEN,doc_excluded_local_jail,source type indicates local/federal jail or non-DOC facility,1000 10TH AVENUE,SIDNEY,Cheyenne,41.143314,-102.9776006
Nebraska,Lincoln County,Nebraska Department of Correctional Services,CLAY COUNTY JAIL,hifld_prisons,COUNTY,NA,31,31035,OPEN,doc_excluded_local_jail,source type indicates local/federal jail or non-DOC facility,104 EAST EDGAR STREET,CLAY CENTER,Clay,40.520952070929646,-98.05385849887509
Nebraska,Lincoln County,Nebraska Department of Correctional Services,CLAY COUNTY SHERIFFS OFFICE / CLAY COUNTY JAIL,hifld,SHERIFF'S OFFICE,NA,31,31035,OPEN,doc_excluded_local_jail,source type indicates local/federal jail or non-DOC facility,104 EAST EDGAR STREET,CLAY CENTER,Clay,40.52100653,-98.053883661
Nebraska,Lincoln County,Nebraska Department of Correctional Services,COLFAX COUNTY JAIL,hifld_prisons,COUNTY,NA,31,31037,OPEN,doc_excluded_local_jail,source type indicates local/federal jail or non-DOC facility,411 EAST 11TH STREET,SCHUYLER,Colfax,41.44700269960852,-97.05535786675763
Nebraska,Lincoln County,Nebraska Department of Correctional Services,COLFAX COUNTY SHERIFFS OFFICE,hifld,SHERIFF'S OFFICE,NA,31,31037,OPEN,doc_excluded_local_jail,source type indicates local/federal jail or non-DOC facility,411 EAST 11TH STREET,SCHUYLER,Colfax,41.4469178,-97.0554243
Nebraska,Lincoln County,Nebraska Department of Correctional Services,CUMING COUNTY SHERIFF OFFICE,hifld,SHERIFF'S OFFICE,NA,31,31039,OPEN,doc_excluded_local_jail,source type indicates local/federal jail or non-DOC facility,"200 SOUTH LINCOLN STREET, ROOM 203",WEST POINT,Cuming,41.8392182,-96.7098729
Nebraska,Lincoln County,Nebraska Department of Correctional Services,Custer County Jail,jails_prisons,JAILS,Custer County Sheriffs Office,31,31041,1,doc_excluded_local_jail,source type indicates local/federal jail or non-DOC facility,116 S 11th Avenue,Broken Bow,Custer County,NA,NA
Nebraska,Lincoln County,Nebraska Department of Correctional Services,CUSTER COUNTY JAIL / SHERIFF,hifld_prisons,COUNTY,NA,31,31041,OPEN,doc_excluded_local_jail,source type indicates local/federal jail or non-DOC facility,116 SOUTH 11TH STREET,BROKEN BOW,Custer,41.40485779643902,-99.64257409039156
Nebraska,Lincoln County,Nebraska Department of Correctional Services,CUSTER COUNTY SHERIFF OFFICE / CUSTER COUNTY JAIL,hifld,SHERIFF'S OFFICE,NA,31,31041,OPEN,doc_excluded_local_jail,source type indicates local/federal jail or non-DOC facility,116 SOUTH 11TH AVENUE,BROKEN BOW,Custer,41.4049322,-99.6426326
Nebraska,Lincoln County,Nebraska Department of Correctional Services,DAKOTA COUNTY JAIL,hifld,SHERIFF'S OFFICE,NA,31,31043,OPEN,doc_excluded_local_jail,source type indicates local/federal jail or non-DOC facility,1601 BROADWAY STREET,DAKOTA CITY,Dakota,42.4160006,-96.419464
Nebraska,Lincoln County,Nebraska Department of Correctional Services,DAKOTA COUNTY SHERIFF OFFICE,hifld,SHERIFF'S OFFICE,NA,31,31043,OPEN,doc_excluded_local_jail,source type indicates local/federal jail or non-DOC facility,701 WEST 29TH STREET,SOUTH SIOUX CITY,Dakota,42.4631602,-96.42164
Nebraska,Lincoln County,Nebraska Department of Correctional Services,DAWES COUNTY JAIL,hifld_prisons,COUNTY,NA,31,31045,OPEN,doc_excluded_local_jail,source type indicates local/federal jail or non-DOC facility,451 MAIN STREET,CHADRON,Dawes,42.8271774279249,-103.00140827304183
Nebraska,Lincoln County,Nebraska Department of Correctional Services,DAWES COUNTY SHERIFFS OFFICE / DAWES COUNTY JAIL,hifld,SHERIFF'S OFFICE,NA,31,31045,OPEN,doc_excluded_local_jail,source type indicates local/federal jail or non-DOC facility,451 MAIN STREET,CHADRON,Dawes,42.8271107,-103.0012964
Nebraska,Lincoln County,Nebraska Department of Correctional Services,DAWSON COUNTY JAIL,hifld_prisons,COUNTY,NA,31,31047,OPEN,doc_excluded_local_jail,source type indicates local/federal jail or non-DOC facility,709 NORTH GRANT STREET,LEXINGTON,Dawson,40.7804538079168,-99.74060004108063
Nebraska,Lincoln County,Nebraska Department of Correctional Services,DAWSON COUNTY SHERIFFS OFFICE / DAWSON COUNTY JAIL,hifld,SHERIFF'S OFFICE,NA,31,31047,OPEN,doc_excluded_local_jail,source type indicates local/federal jail or non-DOC facility,709 NORTH GRANT STREET,LEXINGTON,Dawson,40.780683399,-99.7406974
Nebraska,Lincoln County,Nebraska Department of Correctional Services,DEUEL COUNTY SHERIFF'S OFFICE,hifld_prisons,COUNTY,NA,31,31049,OPEN,doc_excluded_local_jail,source type indicates local/federal jail or non-DOC facility,718 3RD STREET,CHAPPELL,Deuel,41.09395953432538,-102.4718929731755
Nebraska,Lincoln County,Nebraska Department of Correctional Services,DEUEL COUNTY SHERIFFS OFFICE / DEUEL COUNTY JAIL,hifld,SHERIFF'S OFFICE,NA,31,31049,OPEN,doc_excluded_local_jail,source type indicates local/federal jail or non-DOC facility,718 3RD STREET,CHAPPELL,Deuel,41.0939754,-102.4719123
Nebraska,Lincoln County,Nebraska Department of Correctional Services,DIXON COUNTY JAIL,hifld_prisons,COUNTY,NA,31,31051,OPEN,doc_excluded_local_jail,source type indicates local/federal jail or non-DOC facility,302 3RD ST,PONCA,Dixon,42.562751838562704,-96.70903429586551
Nebraska,Lincoln County,Nebraska Department of Correctional Services,DIXON COUNTY SHERIFF DEPARTMENT / DIXON COUNTY JAIL,hifld,SHERIFF'S OFFICE,NA,31,31051,OPEN,doc_excluded_local_jail,source type indicates local/federal jail or non-DOC facility,302 3RD STREET,PONCA,Dixon,42.5627793,-96.7089901
Nebraska,Lincoln County,Nebraska Department of Correctional Services,DIXON COUNTY SHERIFFS DEPARTMENT SUBSTATION - WAKEFIELD,hifld,SHERIFF'S OFFICE,NA,31,31051,OPEN,doc_excluded_local_jail,source type indicates local/federal jail or non-DOC facility,407 MAIN STREET,WAKEFIELD,Dixon,42.2677042,-96.8647705
Nebraska,Lincoln County,Nebraska Department of Correctional Services,DODGE COUNTY DETENTION FACILITY,hifld_prisons,COUNTY,NA,31,31053,OPEN,doc_excluded_local_jail,source type indicates local/federal jail or non-DOC facility,428 NORTH BROAD STREET,FREMONT,Dodge,41.433442607391854,-96.49801157739446
Nebraska,Lincoln County,Nebraska Department of Correctional Services,DODGE COUNTY SHERIFFS OFFICE,hifld,SHERIFF'S OFFICE,NA,31,31053,OPEN,doc_excluded_local_jail,source type indicates local/federal jail or non-DOC facility,428 NORTH BROAD STREET,FREMONT,Dodge,41.433497705,-96.497833836
Nebraska,Lincoln County,Nebraska Department of Correctional Services,DOUGLAS COUNTY CORRECTIONAL CENTER,hifld_prisons,COUNTY,NA,31,31055,OPEN,doc_excluded_local_jail,source type indicates local/federal jail or non-DOC facility,710 S 17TH ST,OMAHA,Douglas,41.25306322643052,-95.93891090775202
Nebraska,Lincoln County,Nebraska Department of Correctional Services,DOUGLAS COUNTY SHERIFFS OFFICE,hifld,SHERIFF'S OFFICE,NA,31,31055,OPEN,doc_excluded_local_jail,source type indicates local/federal jail or non-DOC facility,3601 NORTH 156TH STREET,OMAHA,Douglas,41.2909437,-96.1569928
Nebraska,Lincoln County,Nebraska Department of Correctional Services,DOUGLAS COUNTY SHERIFFS OFFICE - RECORDS AND WARRANTS DEPARTMENT,hifld,SHERIFF'S OFFICE,NA,31,31055,OPEN,doc_excluded_local_jail,source type indicates local/federal jail or non-DOC facility,1616 LEAVENWORTH STREET,OMAHA,Douglas,41.2526473,-95.938225499
Nebraska,Lincoln County,Nebraska Department of Correctional Services,DOUGLAS COUNTY WORK RELEASE CENTER,hifld_prisons,COUNTY,NA,31,31055,OPEN,doc_excluded_local_jail,source type indicates local/federal jail or non-DOC facility,1709 JACKSON ST,OMAHA,Douglas,41.25402937179472,-95.93866987333715
Nebraska,Lincoln County,Nebraska Department of Correctional Services,DOUGLAS COUNTY YOUTH CENTER,hifld_prisons,COUNTY,NA,31,31055,OPEN,doc_excluded_local_jail,source type indicates local/federal jail or non-DOC facility,1301 S 41ST ST,OMAHA,Douglas,41.24701344984523,-95.97389438110511
Nebraska,Lincoln County,Nebraska Department of Correctional Services,DUNDY COUNTY JAIL,hifld_prisons,COUNTY,NA,31,31057,OPEN,doc_excluded_local_jail,source type indicates local/federal jail or non-DOC facility,701 CHIEF ST,BENKELMAN,Dundy,40.05072738208241,-101.53354250964604
Nebraska,Lincoln County,Nebraska Department of Correctional Services,DUNDY COUNTY SHERIFFS OFFICE / DUNDY COUNTY JAIL,hifld,SHERIFF'S OFFICE,NA,31,31057,OPEN,doc_excluded_local_jail,source type indicates local/federal jail or non-DOC facility,701 CHIEF STREET,BENKELMAN,Dundy,40.050702126,-101.533468823
Nebraska,Lincoln County,Nebraska Department of Correctional Services,FILLMORE COUNTY JAIL,hifld_prisons,COUNTY,NA,31,31059,OPEN,doc_excluded_local_jail,source type indicates local/federal jail or non-DOC facility,900 G STREET,GENEVA,Fillmore,40.52517433725874,-97.60280250195912
Nebraska,Lincoln County,Nebraska Department of Correctional Services,FILLMORE COUNTY SHERIFFS OFFICE / FILLMORE COUNTY JAIL,hifld,SHERIFF'S OFFICE,NA,31,31059,OPEN,doc_excluded_local_jail,source type indicates local/federal jail or non-DOC facility,900 G STREET,GENEVA,Fillmore,40.5251801,-97.6028245
Nebraska,Lincoln County,Nebraska Department of Correctional Services,FRANKLIN COUNTY JAIL,hifld_prisons,COUNTY,NA,31,31061,OPEN,doc_excluded_local_jail,source type indicates local/federal jail or non-DOC facility,405 15TH AVENUE,FRANKLIN,Franklin,40.097606309,-98.95428860799996
Nebraska,Lincoln County,Nebraska Department of Correctional Services,FRANKLIN COUNTY SHERIFFS OFFICE / FRANKLIN COUNTY JAIL,hifld,SHERIFF'S OFFICE,NA,31,31061,OPEN,doc_excluded_local_jail,source type indicates local/federal jail or non-DOC facility,405 15TH AVENUE,FRANKLIN,Franklin,40.097615574,-98.95429003
Nebraska,Lincoln County,Nebraska Department of Correctional Services,FRONTIER COUNTY JAIL,hifld_prisons,COUNTY,NA,31,31063,OPEN,doc_excluded_local_jail,source type indicates local/federal jail or non-DOC facility,308 CENTER AVENUE,CURTIS,Frontier,40.63130954895714,-100.51505359452837
Nebraska,Lincoln County,Nebraska Department of Correctional Services,FRONTIER COUNTY SHERIFFS OFFICE / FRONTIER COUNTY JAIL,hifld,SHERIFF'S OFFICE,NA,31,31063,OPEN,doc_excluded_local_jail,source type indicates local/federal jail or non-DOC facility,308 CENTER AVENUE,CURTIS,Frontier,40.6313687,-100.5151346
Nebraska,Lincoln County,Nebraska Department of Correctional Services,FURNAS COUNTY JAIL,hifld_prisons,COUNTY,NA,31,31065,OPEN,doc_excluded_local_jail,source type indicates local/federal jail or non-DOC facility,912 R STREET,BEAVER CITY,Furnas,40.13877684134751,-99.82768374951117
Nebraska,Lincoln County,Nebraska Department of Correctional Services,FURNAS COUNTY SHERIFFS DEPARTMENT / FURNAS COUNTY JAIL,hifld,SHERIFF'S OFFICE,NA,31,31065,OPEN,doc_excluded_local_jail,source type indicates local/federal jail or non-DOC facility,912 R STREET,BEAVER CITY,Furnas,40.1387355,-99.827618
Nebraska,Lincoln County,Nebraska Department of Correctional Services,GAGE COUNTY CORRECTIONS,hifld_prisons,COUNTY,NA,31,31067,OPEN,doc_excluded_local_jail,source type indicates local/federal jail or non-DOC facility,612 LINCOLN STREET,BEATRICE,Gage,40.27203038417373,-96.74606615648014
Nebraska,Lincoln County,Nebraska Department of Correctional Services,Gage County Jail,jails_prisons,JAILS,Gage County Sheriffs Office,31,31067,1,doc_excluded_local_jail,source type indicates local/federal jail or non-DOC facility,"612 Lincoln Street, Suite 1",Beatrice,Gage County,NA,NA
Nebraska,Lincoln County,Nebraska Department of Correctional Services,GAGE COUNTY SHERIFFS OFFICE / GAGE COUNTY JAIL,hifld,SHERIFF'S OFFICE,NA,31,31067,OPEN,doc_excluded_local_jail,source type indicates local/federal jail or non-DOC facility,612 LINCOLN STREET,BEATRICE,Gage,40.2720369,-96.7460932
Nebraska,Lincoln County,Nebraska Department of Correctional Services,GARDEN COUNTY JAIL,hifld_prisons,COUNTY,NA,31,31069,OPEN,doc_excluded_local_jail,source type indicates local/federal jail or non-DOC facility,611 MAIN ST,OSHKOSH,Garden,41.40825903546618,-102.3439475232158
Nebraska,Lincoln County,Nebraska Department of Correctional Services,GARDEN COUNTY SHERIFFS OFFICE / GARDEN COUNTY JAIL,hifld,SHERIFF'S OFFICE,NA,31,31069,OPEN,doc_excluded_local_jail,source type indicates local/federal jail or non-DOC facility,611 MAIN STREET,OSHKOSH,Garden,41.4082612,-102.3439664
Nebraska,Lincoln County,Nebraska Department of Correctional Services,GARFIELD COUNTY SHERIFFS OFFICE,hifld,SHERIFF'S OFFICE,NA,31,31071,OPEN,doc_excluded_local_jail,source type indicates local/federal jail or non-DOC facility,250 SOUTH 8TH STREET,BURWELL,Garfield,41.7801883,-99.1349624
Nebraska,Lincoln County,Nebraska Department of Correctional Services,GOSPER COUNTY SHERIFFS OFFICE,hifld,SHERIFF'S OFFICE,NA,31,31073,OPEN,doc_excluded_local_jail,source type indicates local/federal jail or non-DOC facility,"507 SMITH AVENUE, GOSPER COUNTY COURTHOUSE",ELWOOD,Gosper,40.5878134,-99.860991901
Nebraska,Lincoln County,Nebraska Department of Correctional Services,GRANT COUNTY SHERIFFS OFFICE,hifld,SHERIFF'S OFFICE,NA,31,31075,OPEN,doc_excluded_local_jail,source type indicates local/federal jail or non-DOC facility,105 EAST HARRISON STREET,HYANNIS,Grant,42.000179512,-101.760755873
Nebraska,Lincoln County,Nebraska Department of Correctional Services,GREELEY COUNTY SHERIFFS OFFICE,hifld,SHERIFF'S OFFICE,NA,31,31077,OPEN,doc_excluded_local_jail,source type indicates local/federal jail or non-DOC facility,101 KILDARE STREET,GREELEY,Greeley,41.5481042,-98.5301428
Nebraska,Lincoln County,Nebraska Department of Correctional Services,HALL COUNTY DEPARTMENT OF CORRECTIONS,hifld_prisons,COUNTY,NA,31,31079,OPEN,doc_excluded_local_jail,source type indicates local/federal jail or non-DOC facility,110 PUBLIC SAFETY DR,GRAND ISLAND,Hall,40.92656892411652,-98.3288091267905
Nebraska,Lincoln County,Nebraska Department of Correctional Services,HALL COUNTY SHERIFFS OFFICE,hifld,SHERIFF'S OFFICE,NA,31,31079,OPEN,doc_excluded_local_jail,source type indicates local/federal jail or non-DOC facility,111 PUBLIC SAFTEY DRIVE,GRAND ISLAND,Hall,40.927755003,-98.327354003
Nebraska,Lincoln County,Nebraska Department of Correctional Services,HAMILTON COUNTY JAIL,hifld_prisons,COUNTY,NA,31,31081,OPEN,doc_excluded_local_jail,source type indicates local/federal jail or non-DOC facility,715 12TH STREET,AURORA,Hamilton,40.86409070976298,-98.00322294019621
Nebraska,Lincoln County,Nebraska Department of Correctional Services,HAMILTON COUNTY SHERIFFS OFFICE / HAMILTON COUNTY JAIL,hifld,SHERIFF'S OFFICE,NA,31,31081,OPEN,doc_excluded_local_jail,source type indicates local/federal jail or non-DOC facility,715 12TH STREET,AURORA,Hamilton,40.8640877,-98.0031702
Nebraska,Lincoln County,Nebraska Department of Correctional Services,HARLAN COUNTY JAIL,hifld_prisons,COUNTY,NA,31,31083,OPEN,doc_excluded_local_jail,source type indicates local/federal jail or non-DOC facility,706 WEST 2ND STREET,ALMA,Harlan,40.0998264730001,-99.36274001149997
Nebraska,Lincoln County,Nebraska Department of Correctional Services,HARLAN COUNTY SHERIFFS OFFICE / HARLAN COUNTY JAIL,hifld,SHERIFF'S OFFICE,NA,31,31083,OPEN,doc_excluded_local_jail,source type indicates local/federal jail or non-DOC facility,706 WEST 2ND STREET,ALMA,Harlan,40.0998358,-99.3627459
Nebraska,Lincoln County,Nebraska Department of Correctional Services,HAYES COUNTY SHERIFFS OFFICE,hifld,SHERIFF'S OFFICE,NA,31,31085,OPEN,doc_excluded_local_jail,source type indicates local/federal jail or non-DOC facility,505 TROTH STREET,HAYES CENTER,Hayes,40.511176,-101.0171935
Nebraska,Lincoln County,Nebraska Department of Correctional Services,Hitchcock County Jail,jails_prisons,JAILS,Hitchcock County Sheriffs Office,31,31087,1,doc_excluded_local_jail,source type indicates local/federal jail or non-DOC facility,229 East D Street,Trenton,Hitchcock County,NA,NA
Nebraska,Lincoln County,Nebraska Department of Correctional Services,HITCHCOCK COUNTY JAIL / SHERIFF,hifld_prisons,COUNTY,NA,31,31087,OPEN,doc_excluded_local_jail,source type indicates local/federal jail or non-DOC facility,229 EAST D STREET,TRENTON,Hitchcock,40.17645451271558,-101.01020363143138
Nebraska,Lincoln County,Nebraska Department of Correctional Services,HITCHCOCK COUNTY SHERIFF OFFICE / HITCHCOCK COUNTY JAIL,hifld,SHERIFF'S OFFICE,NA,31,31087,OPEN,doc_excluded_local_jail,source type indicates local/federal jail or non-DOC facility,229 EAST D STREET,TRENTON,Hitchcock,40.1764727,-101.0102892
Nebraska,Lincoln County,Nebraska Department of Correctional Services,HOLT COUNTY JAIL,hifld_prisons,COUNTY,NA,31,31089,OPEN,doc_excluded_local_jail,source type indicates local/federal jail or non-DOC facility,204 NORTH 4TH STREET,O'NEILL,Holt,42.45948916851901,-98.64730235589064
Nebraska,Lincoln County,Nebraska Department of Correctional Services,HOLT COUNTY SHERIFFS OFFICE / HOLT COUNTY JAIL,hifld,SHERIFF'S OFFICE,NA,31,31089,OPEN,doc_excluded_local_jail,source type indicates local/federal jail or non-DOC facility,204 NORTH 4TH STREET,O'NEILL,Holt,42.4594643,-98.6473094
Nebraska,Lincoln County,Nebraska Department of Correctional Services,HOOKER COUNTY SHERIFFS OFFICE,hifld,SHERIFF'S OFFICE,NA,31,31091,OPEN,doc_excluded_local_jail,source type indicates local/federal jail or non-DOC facility,303 NORTHWEST 1ST STREET,MULLEN,Hooker,42.0426194,-101.045669
Nebraska,Lincoln County,Nebraska Department of Correctional Services,HOWARD COUNTY SHERIFFS OFFICE,hifld,SHERIFF'S OFFICE,NA,31,31093,OPEN,doc_excluded_local_jail,source type indicates local/federal jail or non-DOC facility,"612 INDIAN STREET, SUITE 13 THIRD FLOOR",SAINT PAUL,Howard,41.21507713,-98.457406096
Nebraska,Lincoln County,Nebraska Department of Correctional Services,Jefferson County Jail,jails_prisons,JAILS,Jefferson County Sheriffs Office,31,31095,1,doc_excluded_local_jail,source type indicates local/federal jail or non-DOC facility,606 3rd Street,Fairbury,Jefferson County,NA,NA
Nebraska,Lincoln County,Nebraska Department of Correctional Services,JEFFERSON COUNTY JAIL / SHERIFF,hifld_prisons,COUNTY,NA,31,31095,OPEN,doc_excluded_local_jail,source type indicates local/federal jail or non-DOC facility,606 3RD STREET,FAIRBURY,Jefferson,40.13381127887172,-97.17804715177346
Nebraska,Lincoln County,Nebraska Department of Correctional Services,JEFFERSON COUNTY SHERIFFS OFFICE / JEFFERSON COUNTY JAIL,hifld,SHERIFF'S OFFICE,NA,31,31095,OPEN,doc_excluded_local_jail,source type indicates local/federal jail or non-DOC facility,"606 3RD STREET, JEFFERSON COUNTY LAW ENFORCEMENT BUILDING",FAIRBURY,Jefferson,40.1337805,-97.1781412
Nebraska,Lincoln County,Nebraska Department of Correctional Services,Johnson County Jail,jails_prisons,JAILS,Johnson County Sheriffs Office,31,31097,1,doc_excluded_local_jail,source type indicates local/federal jail or non-DOC facility,222 S 4th Street,Tecumseh,Johnson County,NA,NA
Nebraska,Lincoln County,Nebraska Department of Correctional Services,JOHNSON COUNTY JAIL / SHERIFF,hifld_prisons,COUNTY,NA,31,31097,OPEN,doc_excluded_local_jail,source type indicates local/federal jail or non-DOC facility,222 SOUTH 4TH STREET,TECUMSEH,Johnson,40.36648022625682,-96.1939556971301
Nebraska,Lincoln County,Nebraska Department of Correctional Services,JOHNSON COUNTY SHERIFFS OFFICE / JOHNSON COUNTY JAIL,hifld,SHERIFF'S OFFICE,NA,31,31097,OPEN,doc_excluded_local_jail,source type indicates local/federal jail or non-DOC facility,222 SOUTH 4TH STREET,TECUMSEH,Johnson,40.3665045,-96.1938981
Nebraska,Lincoln County,Nebraska Department of Correctional Services,KEARNEY COUNTY JAIL,hifld_prisons,COUNTY,NA,31,31099,OPEN,doc_excluded_local_jail,source type indicates local/federal jail or non-DOC facility,246 N COLORADO AVE,MINDEN,Kearney,40.49738039500005,-98.948760848
Nebraska,Lincoln County,Nebraska Department of Correctional Services,KEARNEY COUNTY SHERIFFS OFFICE / KEARNEY COUNTY JAIL,hifld,SHERIFF'S OFFICE,NA,31,31099,OPEN,doc_excluded_local_jail,source type indicates local/federal jail or non-DOC facility,246 NORTH COLORADO AVENUE,MINDEN,Kearney,40.497427,-98.948743199
Nebraska,Lincoln County,Nebraska Department of Correctional Services,Keith County Jail,jails_prisons,JAILS,Keith County Sheriffs Office,31,31101,1,doc_excluded_local_jail,source type indicates local/federal jail or non-DOC facility,103 East 5th Street,Ogallala,Keith County,NA,NA
Nebraska,Lincoln County,Nebraska Department of Correctional Services,KEITH COUNTY JAIL / SHERIFF,hifld_prisons,COUNTY,NA,31,31101,OPEN,doc_excluded_local_jail,source type indicates local/federal jail or non-DOC facility,103 EAST 5TH STREET,OGALLALA,Keith,41.12881472361064,-101.71911430443582
Nebraska,Lincoln County,Nebraska Department of Correctional Services,KEITH COUNTY SHERIFFS OFFICE / KEITH COUNTY JAIL,hifld,SHERIFF'S OFFICE,NA,31,31101,OPEN,doc_excluded_local_jail,source type indicates local/federal jail or non-DOC facility,103 EAST 5TH STREET,OGALLALA,Keith,41.128675200000004,-101.7189413
Nebraska,Lincoln County,Nebraska Department of Correctional Services,KEYA PAHA COUNTY SHERIFFS OFFICE,hifld,SHERIFF'S OFFICE,NA,31,31103,OPEN,doc_excluded_local_jail,source type indicates local/federal jail or non-DOC facility,310 COURTHOUSE DRIVE,SPRINGVIEW,Keya Paha,42.824890135,-99.746532988
Nebraska,Lincoln County,Nebraska Department of Correctional Services,Kimball County Jail,jails_prisons,JAILS,Kimball County Sheriffs Office,31,31105,1,doc_excluded_local_jail,source type indicates local/federal jail or non-DOC facility,"114 East 3rd Street, Suite 12",Kimball,Kimball County,NA,NA
Nebraska,Lincoln County,Nebraska Department of Correctional Services,KIMBALL COUNTY JAIL / SHERIFF,hifld_prisons,COUNTY,NA,31,31105,OPEN,doc_excluded_local_jail,source type indicates local/federal jail or non-DOC facility,114 EAST 3RD STREET,KIMBALL,Kimball,41.2352868315,-103.6620353685
Nebraska,Lincoln County,Nebraska Department of Correctional Services,KIMBALL COUNTY SHERIFFS OFFICE / KIMBALL COUNTY JAIL,hifld,SHERIFF'S OFFICE,NA,31,31105,OPEN,doc_excluded_local_jail,source type indicates local/federal jail or non-DOC facility,114 EAST 3RD STREET,KIMBALL,Kimball,41.23533975,-103.662067682
Nebraska,Lincoln County,Nebraska Department of Correctional Services,KNOX COUNTY JAIL,hifld_prisons,COUNTY,NA,31,31107,OPEN,doc_excluded_local_jail,source type indicates local/federal jail or non-DOC facility,206 MAIN STREET,CENTER,Knox,42.608892473000054,-97.87750969999996
Nebraska,Lincoln County,Nebraska Department of Correctional Services,KNOX COUNTY SHERIFFS OFFICE/ KNOX COUNTY JAIL,hifld,SHERIFF'S OFFICE,NA,31,31107,OPEN,doc_excluded_local_jail,source type indicates local/federal jail or non-DOC facility,206 MAIN STREET,CENTER,Knox,42.6089356,-97.877423
Nebraska,Lincoln County,Nebraska Department of Correctional Services,LANCASTER COUNTY CORRECTIONAL FACILITY,hifld_prisons,COUNTY,NA,31,31109,OPEN,doc_excluded_local_jail,source type indicates local/federal jail or non-DOC facility,3801 WEST O STREET,LINCOLN,Lancaster,40.811883069675176,-96.77527902018842
Nebraska,Lincoln County,Nebraska Department of Correctional Services,LANCASTER COUNTY DETENTION FACILITY / INTAKE,hifld_prisons,COUNTY,NA,31,31109,CLOSED,doc_excluded_local_jail,source type indicates local/federal jail or non-DOC facility,605 S 10TH ST,LINCOLN,Lancaster,40.80739167850163,-96.7077184827482
Nebraska,Lincoln County,Nebraska Department of Correctional Services,LANCASTER COUNTY SHERIFFS OFFICE,hifld,SHERIFF'S OFFICE,NA,31,31109,OPEN,doc_excluded_local_jail,source type indicates local/federal jail or non-DOC facility,575 SOUTH 10TH STREET,LINCOLN,Lancaster,40.8080696,-96.707687001
Nebraska,Lincoln County,Nebraska Department of Correctional Services,LANCASTER COUNTY YOUTH SERVICES CENTER,hifld_prisons,COUNTY,NA,31,31109,OPEN,doc_excluded_local_jail,source type indicates local/federal jail or non-DOC facility,1200 RADCLIFF ST,LINCOLN,Lancaster,40.76380000298217,-96.70542764034492
Nebraska,Lincoln County,Nebraska Department of Correctional Services,Lincoln County Detention Center,jails_prisons,JAILS,Lincoln County Sheriffs Office,31,31111,1,doc_excluded_local_jail,source type indicates local/federal jail or non-DOC facility,302 N Jeffers Street,North Platte,Lincoln County,NA,NA
Nebraska,Lincoln County,Nebraska Department of Correctional Services,LINCOLN COUNTY JAIL,hifld_prisons,COUNTY,NA,31,31111,OPEN,doc_excluded_local_jail,source type indicates local/federal jail or non-DOC facility,302 NORTH JEFFERS STREET,NORTH PLATTE,Lincoln,41.13559854870913,-100.76426510565655
Nebraska,Lincoln County,Nebraska Department of Correctional Services,LINCOLN COUNTY SHERIFFS OFFICE / LINCOLN COUNTY JAIL,hifld,SHERIFF'S OFFICE,NA,31,31111,OPEN,doc_excluded_local_jail,source type indicates local/federal jail or non-DOC facility,302 NORTH JEFFERS STREET,NORTH PLATTE,Lincoln,41.135764208,-100.764281119
Nebraska,Lincoln County,Nebraska Department of Correctional Services,LOGAN COUNTY SHERIFFS OFFICE,hifld,SHERIFF'S OFFICE,NA,31,31113,OPEN,doc_excluded_local_jail,source type indicates local/federal jail or non-DOC facility,"317 MAIN STREET, COURTHOUSE",STAPLETON,Logan,41.4798844,-100.512627301
Nebraska,Lincoln County,Nebraska Department of Correctional Services,LOUP COUNTY SHERIFFS DEPARTMENT,hifld,SHERIFF'S OFFICE,NA,31,31115,OPEN,doc_excluded_local_jail,source type indicates local/federal jail or non-DOC facility,"408 4TH STREET, COURTHOUSE",TAYLOR,Loup,41.771010983,-99.381283718
Nebraska,Lincoln County,Nebraska Department of Correctional Services,MADISON COUNTY JAIL,hifld_prisons,COUNTY,NA,31,31119,OPEN,doc_excluded_local_jail,source type indicates local/federal jail or non-DOC facility,1313 N MAIN ST,MADISON,Madison,41.843753308626326,-97.45617082254705
Nebraska,Lincoln County,Nebraska Department of Correctional Services,MADISON COUNTY SHERIFFS OFFICE / MADISON COUNTY JAIL,hifld,SHERIFF'S OFFICE,NA,31,31119,OPEN,doc_excluded_local_jail,source type indicates local/federal jail or non-DOC facility,1313 NORTH MAIN STREET,MADISON,Madison,41.8437618,-97.455971
Nebraska,Lincoln County,Nebraska Department of Correctional Services,MCPHERSON COUNTY SHERIFFS OFFICE,hifld,SHERIFF'S OFFICE,NA,31,31117,OPEN,doc_excluded_local_jail,source type indicates local/federal jail or non-DOC facility,500 ANDERSON STREET,TRYON,Mcpherson,41.5528948,-100.9580146
Nebraska,Lincoln County,Nebraska Department of Correctional Services,MERRICK COUNTY JAIL,hifld_prisons,COUNTY,NA,31,31121,OPEN,doc_excluded_local_jail,source type indicates local/federal jail or non-DOC facility,1821 16TH AVENUE,CENTRAL CITY,Merrick,41.113552951213755,-97.99951986658832
Nebraska,Lincoln County,Nebraska Department of Correctional Services,MERRICK COUNTY SHERIFFS OFFICE / MERRICK COUNTY JAIL,hifld,SHERIFF'S OFFICE,NA,31,31121,OPEN,doc_excluded_local_jail,source type indicates local/federal jail or non-DOC facility,1821 16TH AVENUE,CENTRAL CITY,Merrick,41.1133813,-97.9996412
Nebraska,Lincoln County,Nebraska Department of Correctional Services,Morrill County Jail,jails_prisons,JAILS,Morrill County Sheriffs Office,31,31123,1,doc_excluded_local_jail,source type indicates local/federal jail or non-DOC facility,113 W 6th Street,Bridgeport,Morrill County,NA,NA
Nebraska,Lincoln County,Nebraska Department of Correctional Services,MORRILL COUNTY JAIL / SHERIFF,hifld_prisons,COUNTY,NA,31,31123,OPEN,doc_excluded_local_jail,source type indicates local/federal jail or non-DOC facility,113 6TH STREET,BRIDGEPORT,Morrill,41.668963590155336,-103.10061924027127
Nebraska,Lincoln County,Nebraska Department of Correctional Services,MORRILL COUNTY SHERIFFS OFFICE / MORRILL COUNTY JAIL,hifld,SHERIFF'S OFFICE,NA,31,31123,OPEN,doc_excluded_local_jail,source type indicates local/federal jail or non-DOC facility,113 WEST 6TH STREET,BRIDGEPORT,Morrill,41.6689684,-103.1005809
Nebraska,Lincoln County,Nebraska Department of Correctional Services,NANCE COUNTY SHERIFF OFFICE,hifld,SHERIFF'S OFFICE,NA,31,31125,OPEN,doc_excluded_local_jail,source type indicates local/federal jail or non-DOC facility,209 ESTHER STREET,FULLERTON,Nance,41.363914,-97.966909299
Nebraska,Lincoln County,Nebraska Department of Correctional Services,NEMAHA COUNTY JAIL,hifld_prisons,COUNTY,NA,31,31127,OPEN,doc_excluded_local_jail,source type indicates local/federal jail or non-DOC facility,1805 N STREET,AUBURN,Nemaha,40.38626797517934,-95.84369170530128
Nebraska,Lincoln County,Nebraska Department of Correctional Services,NEMAHA COUNTY SHERIFF OFFICE / NEMAHA COUNTY JAIL,hifld,SHERIFF'S OFFICE,NA,31,31127,OPEN,doc_excluded_local_jail,source type indicates local/federal jail or non-DOC facility,1805 N STREET,AUBURN,Nemaha,40.3862095,-95.8436853
Nebraska,Lincoln County,Nebraska Department of Correctional Services,NORTHEAST NEBRASKA JUVENILE SERVICES CENTER,hifld_prisons,COUNTY,NA,31,31119,OPEN,doc_excluded_local_jail,source type indicates local/federal jail or non-DOC facility,1313 NORTH MAIN STREET,MADISON,Madison,41.8435895003316,-97.45796580106712
Nebraska,Lincoln County,Nebraska Department of Correctional Services,NUCKOLLS COUNTY JAIL,hifld_prisons,COUNTY,NA,31,31129,OPEN,doc_excluded_local_jail,source type indicates local/federal jail or non-DOC facility,150 SOUTH MAIN,NELSON,Nuckolls,40.204105640350676,-98.067988144
Nebraska,Lincoln County,Nebraska Department of Correctional Services,NUCKOLLS COUNTY SHERIFFS DEPARTMENT,hifld,SHERIFF'S OFFICE,NA,31,31129,OPEN,doc_excluded_local_jail,source type indicates local/federal jail or non-DOC facility,150 SOUTH MAIN STREET,NELSON,Nuckolls,40.204158614,-98.067944089
Nebraska,Lincoln County,Nebraska Department of Correctional Services,OTOE COUNTY JAIL,hifld_prisons,COUNTY,NA,31,31131,OPEN,doc_excluded_local_jail,source type indicates local/federal jail or non-DOC facility,1021 CENTRAL AVENUE,NEBRASKA CITY,Otoe,40.67596968449392,-95.85823883858522
Nebraska,Lincoln County,Nebraska Department of Correctional Services,OTOE COUNTY SHERIFFS OFFICE / OTOE COUNTY JAIL,hifld,SHERIFF'S OFFICE,NA,31,31131,OPEN,doc_excluded_local_jail,source type indicates local/federal jail or non-DOC facility,1021 CENTRAL AVENUE,NEBRASKA CITY,Otoe,40.675966,-95.8582688
Nebraska,Lincoln County,Nebraska Department of Correctional Services,PATRICK J THOMAS JUVENILE JUSTICE CENTER,hifld_prisons,COUNTY,NA,31,31153,OPEN,doc_excluded_local_jail,source type indicates local/federal jail or non-DOC facility,9701 PORTAL RD,LAVISTA,Sarpy,41.1654676795662,-96.06594880720033
Nebraska,Lincoln County,Nebraska Department of Correctional Services,PAWNEE COUNTY SHERIFFS OFFICE,hifld,SHERIFF'S OFFICE,NA,31,31133,OPEN,doc_excluded_local_jail,source type indicates local/federal jail or non-DOC facility,625 6TH STREET,PAWNEE CITY,Pawnee,40.1080154,-96.1536509
Nebraska,Lincoln County,Nebraska Department of Correctional Services,PERKINS COUNTY SHERIFFS DEPARTMENT,hifld,SHERIFF'S OFFICE,NA,31,31135,OPEN,doc_excluded_local_jail,source type indicates local/federal jail or non-DOC facility,200 LINCOLN AVENUE,GRANT,Perkins,40.841455281,-101.727222374
Nebraska,Lincoln County,Nebraska Department of Correctional Services,Phelps County Correctional,jails_prisons,JAILS,Phelps County Sheriffs Office,31,31137,1,doc_excluded_local_jail,source type indicates local/federal jail or non-DOC facility,715 5th Avenue,Holdrege,Phelps County,NA,NA
Nebraska,Lincoln County,Nebraska Department of Correctional Services,PHELPS COUNTY SHERIFFS OFFICE / PHELPS COUNTY JAIL,hifld,SHERIFF'S OFFICE,NA,31,31137,OPEN,doc_excluded_local_jail,source type indicates local/federal jail or non-DOC facility,"715 5TH AVENUE, PHELPS COUNTY JUSTICE CENTER",HOLDREGE,Phelps,40.439577584,-99.370315540000007
Nebraska,Lincoln County,Nebraska Department of Correctional Services,PIERCE COUNTY JAIL,hifld_prisons,COUNTY,NA,31,31139,OPEN,doc_excluded_local_jail,source type indicates local/federal jail or non-DOC facility,111 WEST COURT STREET,PIERCE,Pierce,42.20048805731889,-97.52802901522203
Nebraska,Lincoln County,Nebraska Department of Correctional Services,PIERCE COUNTY SHERIFFS OFFICE / PIERCE COUNTY JAIL,hifld,SHERIFF'S OFFICE,NA,31,31139,OPEN,doc_excluded_local_jail,source type indicates local/federal jail or non-DOC facility,"111 WEST COURT STREET, ROOM 7",PIERCE,Pierce,42.200513001,-97.527956
Nebraska,Lincoln County,Nebraska Department of Correctional Services,PLATTE COUNTY COURTHOUSE JAIL,hifld_prisons,COUNTY,NA,31,31141,OPEN,doc_excluded_local_jail,source type indicates local/federal jail or non-DOC facility,2610 14TH STREET,COLUMBUS,Platte,41.43064107031051,-97.36006722075544
Nebraska,Lincoln County,Nebraska Department of Correctional Services,PLATTE COUNTY DETENTION FACILITY,hifld_prisons,COUNTY,NA,31,31141,OPEN,doc_excluded_local_jail,source type indicates local/federal jail or non-DOC facility,1125 E 17TH ST,COLUMBUS,Platte,41.43219131221489,-97.31417549315259
Nebraska,Lincoln County,Nebraska Department of Correctional Services,PLATTE COUNTY SHERIFFS OFFICE,hifld,SHERIFF'S OFFICE,NA,31,31141,OPEN,doc_excluded_local_jail,source type indicates local/federal jail or non-DOC facility,2610 14TH STREET,COLUMBUS,Platte,41.4306608,-97.3601671
Nebraska,Lincoln County,Nebraska Department of Correctional Services,POLK COUNTY JAIL,hifld_prisons,COUNTY,NA,31,31143,OPEN,doc_excluded_local_jail,source type indicates local/federal jail or non-DOC facility,251 NORTH MAIN STREET,OSCEOLA,Polk,41.17953253505002,-97.54654581698547
Nebraska,Lincoln County,Nebraska Department of Correctional Services,POLK COUNTY SHERIFFS OFFICE / POLK COUNTY JAIL,hifld,SHERIFF'S OFFICE,NA,31,31143,OPEN,doc_excluded_local_jail,source type indicates local/federal jail or non-DOC facility,251 NORTH MAIN STREET,OSCEOLA,Polk,41.1795808,-97.5465936
Nebraska,Lincoln County,Nebraska Department of Correctional Services,RED WILLOW COUNTY JAIL,hifld_prisons,COUNTY,NA,31,31145,OPEN,doc_excluded_local_jail,source type indicates local/federal jail or non-DOC facility,516 NORRIS AVE,MCCOOK,Red Willow,40.20217399301206,-100.62620587285537
Nebraska,Lincoln County,Nebraska Department of Correctional Services,RED WILLOW COUNTY SHERIFFS OFFICE,hifld,SHERIFF'S OFFICE,NA,31,31145,OPEN,doc_excluded_local_jail,source type indicates local/federal jail or non-DOC facility,516 NORRIS AVE,MCCOOK,Red Willow,40.202293545,-100.626159028
Nebraska,Lincoln County,Nebraska Department of Correctional Services,Richardson County Jail,jails_prisons,JAILS,Richardson County Sheriffs Office,31,31147,1,doc_excluded_local_jail,source type indicates local/federal jail or non-DOC facility,1700 Stone Street,Falls City,Richardson County,NA,NA
Nebraska,Lincoln County,Nebraska Department of Correctional Services,RICHARDSON COUNTY LAW ENFORCEMENT CENTER,hifld_prisons,COUNTY,NA,31,31147,OPEN,doc_excluded_local_jail,source type indicates local/federal jail or non-DOC facility,65086 706 TRAIL,FALLS CITY,Richardson,40.066351547627136,-95.61659840788448
Nebraska,Lincoln County,Nebraska Department of Correctional Services,RICHARDSON COUNTY SHERIFFS OFFICE / RICHARDSON COUNTY JAIL,hifld,SHERIFF'S OFFICE,NA,31,31147,OPEN,doc_excluded_local_jail,source type indicates local/federal jail or non-DOC facility,1700 STONE STREET,FALLS CITY,Richardson,40.062253781,-95.602294708
Nebraska,Lincoln County,Nebraska Department of Correctional Services,ROCK COUNTY JAIL,hifld_prisons,COUNTY,NA,31,31149,OPEN,doc_excluded_local_jail,source type indicates local/federal jail or non-DOC facility,400 STATE STREET,BASSETT,Rock,42.58264557026446,-99.53616693697683
Nebraska,Lincoln County,Nebraska Department of Correctional Services,ROCK COUNTY SHERIFFS OFFICE / ROCK COUNTY JAIL,hifld,SHERIFF'S OFFICE,NA,31,31149,OPEN,doc_excluded_local_jail,source type indicates local/federal jail or non-DOC facility,400 STATE STREET,BASSETT,Rock,42.582623,-99.536146601
Nebraska,Lincoln County,Nebraska Department of Correctional Services,SALINE COUNTY JAIL,hifld_prisons,COUNTY,NA,31,31151,OPEN,doc_excluded_local_jail,source type indicates local/federal jail or non-DOC facility,911 S MAIN ST,WILBER,Saline,40.47505160410419,-96.96165857813499
Nebraska,Lincoln County,Nebraska Department of Correctional Services,SALINE COUNTY SHERIFFS OFFICE / SALINE COUNTY JAIL,hifld,SHERIFF'S OFFICE,NA,31,31151,OPEN,doc_excluded_local_jail,source type indicates local/federal jail or non-DOC facility,911 SOUTH MAIN STREET,WILBER,Saline,40.4751209,-96.961782999
Nebraska,Lincoln County,Nebraska Department of Correctional Services,Sarpy County Jail,jails_prisons,JAILS,Sarpy County Sheriffs Office,31,31153,1,doc_excluded_local_jail,source type indicates local/federal jail or non-DOC facility,1208 Golden Gate Drive,Papillion,Sarpy County,NA,NA
Nebraska,Lincoln County,Nebraska Department of Correctional Services,SARPY COUNTY LAW ENFORCEMENT CENTER,hifld_prisons,COUNTY,NA,31,31153,OPEN,doc_excluded_local_jail,source type indicates local/federal jail or non-DOC facility,1208 GOLDEN GATE DR,PAPILLION,Sarpy,41.1408718606947,-96.04073054098455
Nebraska,Lincoln County,Nebraska Department of Correctional Services,SARPY COUNTY SHERIFFS DEPARTMENT / SARPY COUNTY JAIL,hifld,SHERIFF'S OFFICE,NA,31,31153,OPEN,doc_excluded_local_jail,source type indicates local/federal jail or non-DOC facility,1208 GOLDEN GATE DRIVE,PAPILLION,Sarpy,41.1416172,-96.0418206
Nebraska,Lincoln County,Nebraska Department of Correctional Services,SAUNDERS COUNTY CORRECTIONS,hifld_prisons,COUNTY,NA,31,31155,OPEN,doc_excluded_local_jail,source type indicates local/federal jail or non-DOC facility,387 NORTH CHESTNUT STREET,WAHOO,Saunders,41.20895947320323,-96.62348524757905
Nebraska,Lincoln County,Nebraska Department of Correctional Services,Saunders County Jail,jails_prisons,JAILS,Saunders County Sheriffs Office,31,31155,1,doc_excluded_local_jail,source type indicates local/federal jail or non-DOC facility,"387 N Chestnut Street, Suite 4",Wahoo,Saunders County,NA,NA
Nebraska,Lincoln County,Nebraska Department of Correctional Services,SAUNDERS COUNTY SHERIFF'S OFFICE,hifld,SHERIFF'S OFFICE,NA,31,31155,OPEN,doc_excluded_local_jail,source type indicates local/federal jail or non-DOC facility,354 W 4TH ST,WAHOO,Saunders,41.208977053,-96.623458619
Nebraska,Lincoln County,Nebraska Department of Correctional Services,SCOTTS BLUFF COUNTY DETENTION CENTER,hifld_prisons,COUNTY,NA,31,31157,OPEN,doc_excluded_local_jail,source type indicates local/federal jail or non-DOC facility,2522 7TH STREET,GERING,Scotts Bluff,41.83645506625225,-103.65465829641099
Nebraska,Lincoln County,Nebraska Department of Correctional Services,SCOTTS BLUFF COUNTY SHERIFFS OFFICE,hifld,SHERIFF'S OFFICE,NA,31,31157,OPEN,doc_excluded_local_jail,source type indicates local/federal jail or non-DOC facility,1825 10TH STREET,GERING,Scotts Bluff,41.8269495,-103.6609429
Nebraska,Lincoln County,Nebraska Department of Correctional Services,SEWARD COUNTY JAIL,hifld_prisons,COUNTY,NA,31,31159,OPEN,doc_excluded_local_jail,source type indicates local/federal jail or non-DOC facility,261 SOUTH 8TH STREET,SEWARD,Seward,40.9063836914201,-97.10209507717813
Nebraska,Lincoln County,Nebraska Department of Correctional Services,SEWARD COUNTY SHERIFFS OFFICE / SEWARD COUNTY JAIL,hifld,SHERIFF'S OFFICE,NA,31,31159,OPEN,doc_excluded_local_jail,source type indicates local/federal jail or non-DOC facility,261 SOUTH 8TH STREET,SEWARD,Seward,40.9062657,-97.1017972
Nebraska,Lincoln County,Nebraska Department of Correctional Services,SHERIDAN COUNTY JAIL,hifld_prisons,COUNTY,NA,31,31161,OPEN,doc_excluded_local_jail,source type indicates local/federal jail or non-DOC facility,303 EAST 2ND STREET,RUSHVILLE,Sheridan,42.71770507768908,-102.46021316931096
Nebraska,Lincoln County,Nebraska Department of Correctional Services,SHERIDAN COUNTY SHERIFFS OFFICE / SHERIDAN COUNTY JAIL,hifld,SHERIFF'S OFFICE,NA,31,31161,OPEN,doc_excluded_local_jail,source type indicates local/federal jail or non-DOC facility,303 EAST 2ND STREET,RUSHVILLE,Sheridan,42.7177063,-102.460202
Nebraska,Lincoln County,Nebraska Department of Correctional Services,SHERMAN COUNTY SHERIFFS OFFICE,hifld,SHERIFF'S OFFICE,NA,31,31163,OPEN,doc_excluded_local_jail,source type indicates local/federal jail or non-DOC facility,630 O STREET,LOUP CITY,Sherman,41.2752716,-98.9665714
Nebraska,Lincoln County,Nebraska Department of Correctional Services,SIOUX COUNTY SHERIFFS OFFICE,hifld,SHERIFF'S OFFICE,NA,31,31165,OPEN,doc_excluded_local_jail,source type indicates local/federal jail or non-DOC facility,325 MAIN STREET,HARRISON,Sioux,42.6890129,-103.8833644
Nebraska,Lincoln County,Nebraska Department of Correctional Services,STANTON COUNTY SHERIFFS OFFICE,hifld,SHERIFF'S OFFICE,NA,31,31167,OPEN,doc_excluded_local_jail,source type indicates local/federal jail or non-DOC facility,804 IVY STREET,STANTON,Stanton,41.9509717,-97.2219144
Nebraska,Lincoln County,Nebraska Department of Correctional Services,THAYER COUNTY JAIL,hifld_prisons,COUNTY,NA,31,31169,OPEN,doc_excluded_local_jail,source type indicates local/federal jail or non-DOC facility,324 OLIVE AVENUE,HEBRON,Thayer,40.16810743112794,-97.59135367010805
Nebraska,Lincoln County,Nebraska Department of Correctional Services,THAYER COUNTY SHERIFF OFFICE / THAYER COUNTY JAIL,hifld,SHERIFF'S OFFICE,NA,31,31169,OPEN,doc_excluded_local_jail,source type indicates local/federal jail or non-DOC facility,324 OLIVE AVENUE,HEBRON,Thayer,40.1681342,-97.591297
Nebraska,Lincoln County,Nebraska Department of Correctional Services,THOMAS COUNTY SHERIFF OFFICE,hifld,SHERIFF'S OFFICE,NA,31,31171,OPEN,doc_excluded_local_jail,source type indicates local/federal jail or non-DOC facility,503 MAIN ST,THEDFORD,Thomas,41.977788177,-100.573678236
Nebraska,Lincoln County,Nebraska Department of Correctional Services,THURSTON COUNTY JAIL,hifld_prisons,COUNTY,NA,31,31173,OPEN,doc_excluded_local_jail,source type indicates local/federal jail or non-DOC facility,605 S 2ND STREET,PENDER,Thurston,42.10805781626511,-96.7035547693599
Nebraska,Lincoln County,Nebraska Department of Correctional Services,THURSTON COUNTY SHERIFFS OFFICE / THURSTON COUNTY JAIL,hifld,SHERIFF'S OFFICE,NA,31,31173,OPEN,doc_excluded_local_jail,source type indicates local/federal jail or non-DOC facility,106 SOUTH 5TH STREET,PENDER,Thurston,42.113744307,-96.709202215
Nebraska,Lincoln County,Nebraska Department of Correctional Services,VALLEY COUNTY JAIL,hifld_prisons,COUNTY,NA,31,31175,OPEN,doc_excluded_local_jail,source type indicates local/federal jail or non-DOC facility,125 SOUTH 15TH STREET,ORD,Valley,41.60252550938592,-98.92849616312121
Nebraska,Lincoln County,Nebraska Department of Correctional Services,VALLEY COUNTY SHERIFFS OFFICE / VALLEY COUNTY JAIL,hifld,SHERIFF'S OFFICE,NA,31,31175,OPEN,doc_excluded_local_jail,source type indicates local/federal jail or non-DOC facility,"125 SOUTH 15TH STREET, COURTHOUSE",ORD,Valley,41.6025592,-98.9284914
Nebraska,Lincoln County,Nebraska Department of Correctional Services,WASHINGTON COUNTY DETENTION FACILITY,hifld_prisons,COUNTY,NA,31,31177,OPEN,doc_excluded_local_jail,source type indicates local/federal jail or non-DOC facility,1535 COLFAX STREET,BLAIR,Washington,41.540420624739944,-96.13513612060669
Nebraska,Lincoln County,Nebraska Department of Correctional Services,Washington County Jail,jails_prisons,JAILS,Washington County Sheriffs Office,31,31177,1,doc_excluded_local_jail,source type indicates local/federal jail or non-DOC facility,1535 Colfax Street,Blair,Washington County,NA,NA
Nebraska,Lincoln County,Nebraska Department of Correctional Services,WASHINGTON COUNTY SHERIFFS OFFICE / WASHINGTON COUNTY JAIL,hifld,SHERIFF'S OFFICE,NA,31,31177,OPEN,doc_excluded_local_jail,source type indicates local/federal jail or non-DOC facility,1535 COLFAX STREET,BLAIR,Washington,41.5402447,-96.1349273
Nebraska,Lincoln County,Nebraska Department of Correctional Services,WAYNE COUNTY SHERIFFS OFFICE,hifld,SHERIFF'S OFFICE,NA,31,31179,OPEN,doc_excluded_local_jail,source type indicates local/federal jail or non-DOC facility,"510 PEARL STREET, SUITE 2",WAYNE,Wayne,42.2341181,-97.0199926
Nebraska,Lincoln County,Nebraska Department of Correctional Services,WEBSTER COUNTY JAIL,hifld_prisons,COUNTY,NA,31,31181,OPEN,doc_excluded_local_jail,source type indicates local/federal jail or non-DOC facility,641 NORTH CEDAR STREET,RED CLOUD,Webster,40.091692387472165,-98.5210572482915
Nebraska,Lincoln County,Nebraska Department of Correctional Services,WEBSTER COUNTY SHERIFFS OFFICE / WEBSTER COUNTY JAIL,hifld,SHERIFF'S OFFICE,NA,31,31181,OPEN,doc_excluded_local_jail,source type indicates local/federal jail or non-DOC facility,641 NORTH CEDAR STREET,RED CLOUD,Webster,40.091372283,-98.52144903
Nebraska,Lincoln County,Nebraska Department of Correctional Services,WHEELER COUNTY SHERIFFS OFFICE,hifld,SHERIFF'S OFFICE,NA,31,31183,OPEN,doc_excluded_local_jail,source type indicates local/federal jail or non-DOC facility,301 3RD STREET,BARTLETT,Wheeler,41.883933,-98.552568
Nebraska,Lincoln County,Nebraska Department of Correctional Services,YORK COUNTY JAIL,hifld_prisons,COUNTY,NA,31,31185,OPEN,doc_excluded_local_jail,source type indicates local/federal jail or non-DOC facility,510 N LINCOLN AVENUE,YORK,York,40.86630766237121,-97.59245280150711
Nebraska,Lincoln County,Nebraska Department of Correctional Services,YORK COUNTY SHERIFFS OFFICE,hifld,SHERIFF'S OFFICE,NA,31,31185,OPEN,doc_excluded_local_jail,source type indicates local/federal jail or non-DOC facility,510 LINCOLN AVENUE,YORK,York,40.866313,-97.592383299
Oklahoma,NA,Oklahoma Department of Corrections,ADA POLICE DEPARTMENT / ADA CITY JAIL,hifld,LOCAL POLICE DEPARTMENT,NA,40,40123,OPEN,doc_excluded_local_jail,source type indicates local/federal jail or non-DOC facility,231 SOUTH TOWNSEND STREET,ADA,Pontotoc,34.7726183,-96.6806082
Oklahoma,NA,Oklahoma Department of Corrections,ADAIR COUNTY JAIL,hifld_prisons,COUNTY,NA,40,40001,OPEN,doc_excluded_local_jail,source type indicates local/federal jail or non-DOC facility,600 PAUL MEADE RD,STILWELL,Adair,35.80764911597839,-94.6248879000548
Oklahoma,NA,Oklahoma Department of Corrections,ADAIR COUNTY SHERIFFS OFFICE / ADAIR COUNTY JAIL,hifld,SHERIFF'S OFFICE,NA,40,40001,OPEN,doc_excluded_local_jail,source type indicates local/federal jail or non-DOC facility,600 PAUL MEADE ROAD,STILWELL,Adair,35.8077898,-94.6246095
Oklahoma,NA,Oklahoma Department of Corrections,ADA CITY JAIL,hifld_prisons,LOCAL,NA,40,40123,OPEN,doc_excluded_local_jail,source type indicates local/federal jail or non-DOC facility,231 S TOWNSEND ST,ADA,Pontotoc,34.7726397979948,-96.68060531169658
Oklahoma,NA,Oklahoma Department of Corrections,ALFALFA COUNTY JAIL,hifld_prisons,COUNTY,NA,40,40003,OPEN,doc_excluded_local_jail,source type indicates local/federal jail or non-DOC facility,300 S GRAND AVE,CHEROKEE,Alfalfa,36.755213255500045,-98.35661268499996
Oklahoma,NA,Oklahoma Department of Corrections,ALFALFA COUNTY SHERIFFS OFFICE / ALFALFA COUNTY JAIL,hifld,SHERIFF'S OFFICE,NA,40,40003,OPEN,doc_excluded_local_jail,source type indicates local/federal jail or non-DOC facility,300 SOUTH GRAND AVENUE,CHEROKEE,Alfalfa,36.7551913,-98.3566104
Oklahoma,NA,Oklahoma Department of Corrections,ATOKA COUNTY JAIL,hifld_prisons,COUNTY,NA,40,40005,OPEN,doc_excluded_local_jail,source type indicates local/federal jail or non-DOC facility,200 E COURT ST,ATOKA,Atoka,34.38492039172704,-96.1271368681903
Oklahoma,NA,Oklahoma Department of Corrections,ATOKA COUNTY SHERIFFS DEPARTMENT / ATOKA COUNTY JAIL,hifld,SHERIFF'S OFFICE,NA,40,40005,OPEN,doc_excluded_local_jail,source type indicates local/federal jail or non-DOC facility,200 EAST COURT STREET,ATOKA,Atoka,34.3849148,-96.127241
Oklahoma,NA,Oklahoma Department of Corrections,BEAVER COUNTY JAIL,hifld_prisons,COUNTY,NA,40,40007,OPEN,doc_excluded_local_jail,source type indicates local/federal jail or non-DOC facility,215 AVE EAST,BEAVER,Beaver,36.81562051238706,-100.52115878625503
Oklahoma,NA,Oklahoma Department of Corrections,BEAVER COUNTY SHERIFFS DEPARTMENT / BEAVER COUNTY JAIL,hifld,SHERIFF'S OFFICE,NA,40,40007,OPEN,doc_excluded_local_jail,source type indicates local/federal jail or non-DOC facility,215 AVENUE E,BEAVER,Beaver,36.8155369,-100.521265
Oklahoma,NA,Oklahoma Department of Corrections,BECKHAM COUNTY JAIL,hifld_prisons,COUNTY,NA,40,40009,OPEN,doc_excluded_local_jail,source type indicates local/federal jail or non-DOC facility,108 S 3RD,SAYRE,Beckham,35.290489264108004,-99.6365164041426
Oklahoma,NA,Oklahoma Department of Corrections,BECKHAM COUNTY JUVENILE DETENTION CENTER,hifld_prisons,COUNTY,NA,40,40009,OPEN,doc_excluded_local_jail,source type indicates local/federal jail or non-DOC facility,1200 E STE HWY 66,ELK CITY,Beckham,35.42106005189731,-99.39289027442298
Oklahoma,NA,Oklahoma Department of Corrections,BECKHAM COUNTY SHERIFFS OFFICE / BECKHAM COUNTY JAIL,hifld,SHERIFF'S OFFICE,NA,40,40009,OPEN,doc_excluded_local_jail,source type indicates local/federal jail or non-DOC facility,108 SOUTH 3RD STREET,SAYRE,Beckham,35.2904828,-99.6364833
Oklahoma,NA,Oklahoma Department of Corrections,BLAINE COUNTY JAIL,hifld_prisons,COUNTY,NA,40,40011,OPEN,doc_excluded_local_jail,source type indicates local/federal jail or non-DOC facility,205 N BURFORD AVE,WATONGA,Blaine,35.84601772312574,-98.41086746193591
Oklahoma,NA,Oklahoma Department of Corrections,BLAINE COUNTY SHERIFFS OFFICE / BLAINE COUNTY JAIL,hifld,SHERIFF'S OFFICE,NA,40,40011,OPEN,doc_excluded_local_jail,source type indicates local/federal jail or non-DOC facility,205 NORTH BURFORD AVENUE,WATONGA,Blaine,35.8459593,-98.4108804
Oklahoma,NA,Oklahoma Department of Corrections,BLAINE COUNTY SHERIFFS OFFICE - LONGDALE SUB STATION,hifld,SHERIFF'S OFFICE,NA,40,40011,OPEN,doc_excluded_local_jail,source type indicates local/federal jail or non-DOC facility,121 KEN MILLER BOULEVARD,LONGDALE,Blaine,36.1314229,-98.548044
Oklahoma,NA,Oklahoma Department of Corrections,Broken Arrow City Jail,jails_prisons,JAILS,Broken Arrow Police Department,40,40143,1,doc_excluded_local_jail,source type indicates local/federal jail or non-DOC facility,2304 South First Place,Broken Arrow,"Tulsa County, Wagoner County",NA,NA
Oklahoma,NA,Oklahoma Department of Corrections,BROKEN ARROW MUNICIPAL JAIL,hifld_prisons,LOCAL,NA,40,40143,OPEN,doc_excluded_local_jail,source type indicates local/federal jail or non-DOC facility,2304 S 1ST PLACE,BROKEN ARROW,Tulsa,36.02393264533187,-95.78920173913257
Oklahoma,NA,Oklahoma Department of Corrections,BRYAN COUNTY AUXILIARY JAIL,hifld_prisons,COUNTY,NA,40,40013,CLOSED,doc_excluded_local_jail,source type indicates local/federal jail or non-DOC facility,125 S 5TH AVE,DURANT,Bryan,33.991087412563246,-96.3810380565139
Oklahoma,NA,Oklahoma Department of Corrections,BRYAN COUNTY JAIL,hifld_prisons,COUNTY,NA,40,40013,OPEN,doc_excluded_local_jail,source type indicates local/federal jail or non-DOC facility,402 W EVERGREEN ST,DURANT,Bryan,33.993452232944506,-96.37999729901375
Oklahoma,NA,Oklahoma Department of Corrections,BRYAN COUNTY JUVENILE DETENTION CENTER,hifld_prisons,COUNTY,NA,40,40013,CLOSED,doc_excluded_local_jail,source type indicates local/federal jail or non-DOC facility,420 W EVERGREEN ST,DURANT,Bryan,33.99380768745533,-96.37996161738002
Oklahoma,NA,Oklahoma Department of Corrections,BRYAN COUNTY SHERIFFS DEPARTMENT / BRYAN COUNTY JAIL,hifld,SHERIFF'S OFFICE,NA,40,40013,OPEN,doc_excluded_local_jail,source type indicates local/federal jail or non-DOC facility,402 WEST EVERGREEN STREET,DURANT,Bryan,33.9935882,-96.3799036
Oklahoma,NA,Oklahoma Department of Corrections,Caddo County Detention Center,jails_prisons,JAILS,Caddo County Sheriffs Office,40,40015,1,doc_excluded_local_jail,source type indicates local/federal jail or non-DOC facility,201 W Oklahoma Street,Anadarko,Caddo County,NA,NA
Oklahoma,NA,Oklahoma Department of Corrections,CADDO COUNTY JAIL,hifld_prisons,COUNTY,NA,40,40015,OPEN,doc_excluded_local_jail,source type indicates local/federal jail or non-DOC facility,201 WEST OKLAHOMA,ANADARKO,Caddo,35.07418567556395,-98.24612001959596
Oklahoma,NA,Oklahoma Department of Corrections,CADDO COUNTY SHERIFFS DEPARTMENT / CADDO COUNTY JAIL,hifld,SHERIFF'S OFFICE,NA,40,40015,OPEN,doc_excluded_local_jail,source type indicates local/federal jail or non-DOC facility,201 WEST OKLAHOMA AVENUE,ANADARKO,Caddo,35.0743108,-98.2459055
Oklahoma,NA,Oklahoma Department of Corrections,CANADIAN COUNTY JAIL,hifld_prisons,COUNTY,NA,40,40017,OPEN,doc_excluded_local_jail,source type indicates local/federal jail or non-DOC facility,304 N EVANS,EL RENO,Canadian,35.535801558997086,-97.95573628848503
Oklahoma,NA,Oklahoma Department of Corrections,CANADIAN COUNTY SHERIFFS DEPARTMENT,hifld,SHERIFF'S OFFICE,NA,40,40017,OPEN,doc_excluded_local_jail,source type indicates local/federal jail or non-DOC facility,208 WEST ROGERS STREET,EL RENO,Canadian,35.535751551,-97.95567503
Oklahoma,NA,Oklahoma Department of Corrections,Carnegie City Jail,jails_prisons,JAILS,Carnegie Police Department,40,40015,1,doc_excluded_local_jail,source type indicates local/federal jail or non-DOC facility,13 North Broadway,Carnegie,Caddo County,NA,NA
Oklahoma,NA,Oklahoma Department of Corrections,CARTER COUNTY DETENTION CENTER,hifld_prisons,COUNTY,NA,40,40019,OPEN,doc_excluded_local_jail,source type indicates local/federal jail or non-DOC facility,100 S WASHINGTON,ARDMORE,Carter,34.17053339681881,-97.12863838039853
Oklahoma,NA,Oklahoma Department of Corrections,Checotah City Jail,jails_prisons,JAILS,Checotah Police Department,40,40091,1,doc_excluded_local_jail,source type indicates local/federal jail or non-DOC facility,131 SW Main Street,Checotah,Mcintosh County,NA,NA
Oklahoma,NA,Oklahoma Department of Corrections,CHEROKEE COUNTY DETENTION CENTER,hifld_prisons,COUNTY,NA,40,40021,OPEN,doc_excluded_local_jail,source type indicates local/federal jail or non-DOC facility,1513 N DOUGLAS AVE,TAHLEQUAH,Cherokee,35.93592623107472,-94.99933266635402
Oklahoma,NA,Oklahoma Department of Corrections,Cherokee County Jail,jails_prisons,JAILS,Cherokee County Detention Center,40,40021,1,doc_excluded_local_jail,source type indicates local/federal jail or non-DOC facility,1513 North Douglas Avenue,Tahlequah,Cherokee County,NA,NA
Oklahoma,NA,Oklahoma Department of Corrections,CHEROKEE COUNTY SHERIFFS OFFICE,hifld,SHERIFF'S OFFICE,NA,40,40021,OPEN,doc_excluded_local_jail,source type indicates local/federal jail or non-DOC facility,213 WEST DELAWARE STREET,TAHLEQUAH,Cherokee,35.913745,-94.973271
Oklahoma,NA,Oklahoma Department of Corrections,CHOCTAW COUNTY JAIL,hifld_prisons,COUNTY,NA,40,40023,OPEN,doc_excluded_local_jail,source type indicates local/federal jail or non-DOC facility,305 E JEFFERSON,HUGO,Choctaw,34.00889689738468,-95.5093064336099
Oklahoma,NA,Oklahoma Department of Corrections,CHOCTAW COUNTY SHERIFFS OFFICE / CHOCTAW COUNTY JAIL,hifld,SHERIFF'S OFFICE,NA,40,40023,OPEN,doc_excluded_local_jail,source type indicates local/federal jail or non-DOC facility,305 EAST JEFFERSON STREET,HUGO,Choctaw,34.0088805,-95.509375
Oklahoma,NA,Oklahoma Department of Corrections,Cimarron County Jail,jails_prisons,JAILS,Cimarron County Sheriffs Office,40,40025,1,doc_excluded_local_jail,source type indicates local/federal jail or non-DOC facility,1 Court House Square,Boise City,Cimarron County,NA,NA
Oklahoma,NA,Oklahoma Department of Corrections,CIMARRON COUNTY JAIL / COURTHOUSE,hifld_prisons,COUNTY,NA,40,40025,OPEN,doc_excluded_local_jail,source type indicates local/federal jail or non-DOC facility,1 COURTHOUSE SQUARE,BOISE CITY,Cimarron,36.72967894100005,-102.51314473400001
Oklahoma,NA,Oklahoma Department of Corrections,CIMARRON COUNTY SHERIFF OFFICE / CIMARRON COUNTY JAIL,hifld,SHERIFF'S OFFICE,NA,40,40025,OPEN,doc_excluded_local_jail,source type indicates local/federal jail or non-DOC facility,1 COURTHOUSE SQUARE,BOISE,Cimarron,36.7296686,-102.513165499
Oklahoma,NA,Oklahoma Department of Corrections,CLEVELAND COUNTY DETENTION CENTER,hifld_prisons,COUNTY,NA,40,40027,CLOSED,doc_excluded_local_jail,source type indicates local/federal jail or non-DOC facility,203 S JONES AVE,NORMAN,Cleveland,35.219860713976686,-97.44182415573758
Oklahoma,NA,Oklahoma Department of Corrections,Clinton City Jail,jails_prisons,JAILS,Clinton Police Department,40,40039,1,doc_excluded_local_jail,source type indicates local/federal jail or non-DOC facility,401 Gary Boulevard,Clinton,"Custer County, Washita County",NA,NA
Oklahoma,NA,Oklahoma Department of Corrections,COAL COUNTY JAIL,hifld_prisons,COUNTY,NA,40,40029,OPEN,doc_excluded_local_jail,source type indicates local/federal jail or non-DOC facility,4 NORTH MAIN ST,COALGATE,Coal,34.538146021615056,-96.21803704521182
Oklahoma,NA,Oklahoma Department of Corrections,COAL COUNTY SHERIFFS DEPARTMENT / COAL COUNTY JAIL,hifld,SHERIFF'S OFFICE,NA,40,40029,OPEN,doc_excluded_local_jail,source type indicates local/federal jail or non-DOC facility,"4 NORTH MAIN STREET, SUITE 8",COALGATE,Coal,34.538112201,-96.2180272
Oklahoma,NA,Oklahoma Department of Corrections,COMANCHE COUNTY DETENTION CENTER,hifld_prisons,COUNTY,NA,40,40031,OPEN,doc_excluded_local_jail,source type indicates local/federal jail or non-DOC facility,315 SW 5TH ST,LAWTON,Comanche,34.60464104223874,-98.39573899449222
Oklahoma,NA,Oklahoma Department of Corrections,COMANCHE COUNTY REG JUVENILE DETENTION CENTER,hifld_prisons,COUNTY,NA,40,40031,OPEN,doc_excluded_local_jail,source type indicates local/federal jail or non-DOC facility,701 SW 17TH ST,LAWTON,Comanche,34.60032942496382,-98.41428615591953
Oklahoma,NA,Oklahoma Department of Corrections,COTTON COUNTY JAIL,hifld_prisons,COUNTY,NA,40,40033,OPEN,doc_excluded_local_jail,source type indicates local/federal jail or non-DOC facility,301 N BROADWAY ST,WALTERS,Cotton,34.36048899621312,-98.30801061459508
Oklahoma,NA,Oklahoma Department of Corrections,COTTON COUNTY SHERIFFS OFFICE / COTTON COUNTY JAIL,hifld,SHERIFF'S OFFICE,NA,40,40033,OPEN,doc_excluded_local_jail,source type indicates local/federal jail or non-DOC facility,301 NORTH BROADWAY STREET,WALTERS,Cotton,34.3604644,-98.308366399
Oklahoma,NA,Oklahoma Department of Corrections,CRAIG COUNTY JAIL,hifld_prisons,COUNTY,NA,40,40035,OPEN,doc_excluded_local_jail,source type indicates local/federal jail or non-DOC facility,210 W DELAWARE AVE,VINITA,Craig,36.63665429519861,-95.15787109780324
Oklahoma,NA,Oklahoma Department of Corrections,CRAIG COUNTY SHERIFFS OFFICE / CRAIG COUNTY JAIL,hifld,SHERIFF'S OFFICE,NA,40,40035,OPEN,doc_excluded_local_jail,source type indicates local/federal jail or non-DOC facility,210 WEST DELAWARE AVENUE,VINITA,Craig,36.6364562,-95.1579511
Oklahoma,NA,Oklahoma Department of Corrections,CREEK COUNTY CRIMINAL JUSTICE CENTER,hifld_prisons,COUNTY,NA,40,40037,OPEN,doc_excluded_local_jail,source type indicates local/federal jail or non-DOC facility,9175 RIDGEVIEW ST,SAPULPA,Creek,36.02957589975122,-96.09485393099918
Oklahoma,NA,Oklahoma Department of Corrections,Creek County Jail,jails_prisons,JAILS,Creek County Criminal Justice Center - Jail,40,40037,1,doc_excluded_local_jail,source type indicates local/federal jail or non-DOC facility,9175 Ridgeview Road,Tulsa,"Osage County, Rogers County, Tulsa County, Wagoner County",NA,NA
Oklahoma,NA,Oklahoma Department of Corrections,CREEK COUNTY SHERIFFS OFFICE,hifld,SHERIFF'S OFFICE,NA,40,40037,OPEN,doc_excluded_local_jail,source type indicates local/federal jail or non-DOC facility,316 EAST LEE AVENUE,SAPULPA,Creek,35.997923181,-96.10982372
Oklahoma,NA,Oklahoma Department of Corrections,CUSTER COUNTY JAIL,hifld_prisons,COUNTY,NA,40,40039,OPEN,doc_excluded_local_jail,source type indicates local/federal jail or non-DOC facility,300 N 7TH AVENUE,ARAPAHO,Custer,35.58007489374511,-98.96128589233584
Oklahoma,NA,Oklahoma Department of Corrections,CUSTER COUNTY SHERIFFS OFFICE / CUSTER COUNTY JAIL,hifld,SHERIFF'S OFFICE,NA,40,40039,OPEN,doc_excluded_local_jail,source type indicates local/federal jail or non-DOC facility,300 NORTH 7TH AVENUE,ARAPAHO,Custer,35.5800876,-98.96128
Oklahoma,NA,Oklahoma Department of Corrections,DAVID L MOSS CRIMINAL JUSTICE CENTER,hifld_prisons,COUNTY,NA,40,40143,OPEN,doc_excluded_local_jail,source type indicates local/federal jail or non-DOC facility,300 N DENVER AVE,TULSA,Tulsa,36.15725376356584,-95.99913227787407
Oklahoma,NA,Oklahoma Department of Corrections,Delaware County Jail,jails_prisons,JAILS,Delaware County Sheriffs Office,40,40041,1,doc_excluded_local_jail,source type indicates local/federal jail or non-DOC facility,327 S Fifth Street,Jay,Delaware County,NA,NA
Oklahoma,NA,Oklahoma Department of Corrections,DELAWARE COUNTY SHERIFFS OFFICE,hifld,SHERIFF'S OFFICE,NA,40,40041,OPEN,doc_excluded_local_jail,source type indicates local/federal jail or non-DOC facility,327 SOUTH 5TH STREET,JAY,Delaware,36.4205014,-94.7983521
Oklahoma,NA,Oklahoma Department of Corrections,DEWEY COUNTY JAIL,hifld_prisons,COUNTY,NA,40,40043,OPEN,doc_excluded_local_jail,source type indicates local/federal jail or non-DOC facility,RUBLE AVE & BROADWAY ST,TALOGA,Dewey,36.03824710174145,-98.96431538981689
Oklahoma,NA,Oklahoma Department of Corrections,DEWEY COUNTY SHERIFFS OFFICE / DEWEY COUNTY JAIL,hifld,SHERIFF'S OFFICE,NA,40,40043,OPEN,doc_excluded_local_jail,source type indicates local/federal jail or non-DOC facility,RUBLE AVENUE AND SOUTH BROADWAY STREET,TALOGA,Dewey,36.0385729,-98.964589999
Oklahoma,NA,Oklahoma Department of Corrections,Elk City Jail,jails_prisons,JAILS,Elk City Police Department,40,40009,1,doc_excluded_local_jail,source type indicates local/federal jail or non-DOC facility,422 E Third Street,Elk City,Beckham County,NA,NA
Oklahoma,NA,Oklahoma Department of Corrections,ELLIS COUNTY JAIL,hifld_prisons,COUNTY,NA,40,40045,OPEN,doc_excluded_local_jail,source type indicates local/federal jail or non-DOC facility,100 WASHINGTON ST,ARNETT,Ellis,36.13434508076712,-99.77058739190913
Oklahoma,NA,Oklahoma Department of Corrections,ELLIS COUNTY SHERIFFS OFFICE / ELLIS COUNTY JAIL,hifld,SHERIFF'S OFFICE,NA,40,40045,OPEN,doc_excluded_local_jail,source type indicates local/federal jail or non-DOC facility,100 SOUTH WASHINGTON STREET,ARNETT,Ellis,36.1343318,-99.7705791
Oklahoma,NA,Oklahoma Department of Corrections,FCI EL RENO,hifld_prisons,FEDERAL,NA,40,40017,OPEN,doc_excluded_local_jail,source type indicates local/federal jail or non-DOC facility,4205 HWY 66 W,EL RENO,Canadian,35.533359434817136,-98.00523355638565
Oklahoma,NA,Oklahoma Department of Corrections,FCI EL RENO CAMP,hifld_prisons,FEDERAL,NA,40,40017,OPEN,doc_excluded_local_jail,source type indicates local/federal jail or non-DOC facility,4205 HWY 66 W,EL RENO,Canadian,35.535952022419,-98.00419715288832
Oklahoma,NA,Oklahoma Department of Corrections,F DEWAYNE BEGGS DETENTION CENTER,hifld_prisons,COUNTY,NA,40,40027,OPEN,doc_excluded_local_jail,source type indicates local/federal jail or non-DOC facility,2550 WEST FRANKLIN ROAD,NORMAN,Cleveland,35.27471058323733,-97.47829004392578
Oklahoma,NA,Oklahoma Department of Corrections,FTC OKLAHOMA CITY,hifld_prisons,FEDERAL,NA,40,40109,OPEN,doc_excluded_local_jail,source type indicates local/federal jail or non-DOC facility,7410 S MACARTHUR BLVD,OKLAHOMA CITY,Oklahoma,35.39082578201414,-97.61625562338817
Oklahoma,NA,Oklahoma Department of Corrections,GARFIELD COUNTY DETENTION FACILITY,hifld_prisons,COUNTY,NA,40,40047,OPEN,doc_excluded_local_jail,source type indicates local/federal jail or non-DOC facility,1020 S 10TH  ST,ENID,Garfield,36.38598896423058,-97.86490486620336
Oklahoma,NA,Oklahoma Department of Corrections,Garfield County Jail,jails_prisons,JAILS,Garfield County Sheriffs Office,40,40047,1,doc_excluded_local_jail,source type indicates local/federal jail or non-DOC facility,1020  South 10th Street,Enid,Garfield County,NA,NA
Oklahoma,NA,Oklahoma Department of Corrections,GARFIELD COUNTY REG JUVENILE DETENTION CENTER,hifld_prisons,COUNTY,NA,40,40047,OPEN,doc_excluded_local_jail,source type indicates local/federal jail or non-DOC facility,819 FAILING DR,ENID,Garfield,36.37084133493441,-97.88789020700534
Oklahoma,NA,Oklahoma Department of Corrections,GARFIELD COUNTY SHERIFF'S OFFICE,hifld,SHERIFF'S OFFICE,NA,40,40047,OPEN,doc_excluded_local_jail,source type indicates local/federal jail or non-DOC facility,114 W BROADWAY,ENID,Garfield,36.396994085,-97.878993226
Oklahoma,NA,Oklahoma Department of Corrections,GARVIN COUNTY JAIL,hifld_prisons,COUNTY,NA,40,40049,OPEN,doc_excluded_local_jail,source type indicates local/federal jail or non-DOC facility,201 W GRANT,PAULS VALLEY,Garvin,34.74063789421674,-97.22228188408297
Oklahoma,NA,Oklahoma Department of Corrections,GARVIN COUNTY SHERIFFS OFFICE / GARVIN COUNTY JAIL,hifld,SHERIFF'S OFFICE,NA,40,40049,OPEN,doc_excluded_local_jail,source type indicates local/federal jail or non-DOC facility,201 WEST GRANT AVENUE,PAULS VALLEY,Garvin,34.740651614,-97.222243138
Oklahoma,NA,Oklahoma Department of Corrections,GARY E MILLER CHILDREN'S JUSTICE CENTER,hifld_prisons,COUNTY,NA,40,40017,OPEN,doc_excluded_local_jail,source type indicates local/federal jail or non-DOC facility,7905 E STATE HWY 66,EL RENO,Canadian,35.50919834972726,-97.86775919583312
Oklahoma,NA,Oklahoma Department of Corrections,Geary Police Department,jails_prisons,JAILS,Geary Police Department,40,40011,1,doc_excluded_local_jail,source type indicates local/federal jail or non-DOC facility,129 Northwest 5th Street,Geary,"Blaine County, Canadian County",NA,NA
Oklahoma,NA,Oklahoma Department of Corrections,GLENDALE CARTER HALL JUVENILE DETENTION CENTER,hifld_prisons,COUNTY,NA,40,40125,OPEN,doc_excluded_local_jail,source type indicates local/federal jail or non-DOC facility,14301 US HWY 177,SHAWNEE,Pottawatomie,35.35767549589474,-96.96331835679055
Oklahoma,NA,Oklahoma Department of Corrections,Grady County Jail,jails_prisons,JAILS,Grady County Criminal Justice Authority,40,40051,1,doc_excluded_local_jail,source type indicates local/federal jail or non-DOC facility,215 N 3rd Street,Chickasha,Grady County,NA,NA
Oklahoma,NA,Oklahoma Department of Corrections,GRADY COUNTY LAW ENFORCEMENT CENTER,hifld_prisons,COUNTY,NA,40,40051,OPEN,doc_excluded_local_jail,source type indicates local/federal jail or non-DOC facility,215 N 3RD ST,CHICKASHA,Grady,35.05327751647712,-97.9364820186636
Oklahoma,NA,Oklahoma Department of Corrections,GRANT COUNTY JAIL,hifld_prisons,COUNTY,NA,40,40053,OPEN,doc_excluded_local_jail,source type indicates local/federal jail or non-DOC facility,219 N 1ST ST,MEDFORD,Grant,36.80874404738551,-97.73397703978775
Oklahoma,NA,Oklahoma Department of Corrections,GRANT COUNTY SHERIFFS DEPARTMENT / GRANT COUNTY JAIL,hifld,SHERIFF'S OFFICE,NA,40,40053,OPEN,doc_excluded_local_jail,source type indicates local/federal jail or non-DOC facility,219 NORTH 1ST STREET,MEDFORD,Grant,36.808743337,-97.733989419
Oklahoma,NA,Oklahoma Department of Corrections,GREER COUNTY JAIL,hifld_prisons,COUNTY,NA,40,40055,OPEN,doc_excluded_local_jail,source type indicates local/federal jail or non-DOC facility,105 S PENNSYLVANIA AVE,MANGUM,Greer,34.87273263980505,-99.50487015365472
Oklahoma,NA,Oklahoma Department of Corrections,GREER COUNTY SHERIFFS OFFICE / GREER COUNTY JAIL,hifld,SHERIFF'S OFFICE,NA,40,40055,OPEN,doc_excluded_local_jail,source type indicates local/federal jail or non-DOC facility,105 SOUTH PENNSYLVANIA AVENUE,MANGUM,Greer,34.872674657,-99.504839097
Oklahoma,NA,Oklahoma Department of Corrections,HARMON COUNTY JAIL,hifld_prisons,COUNTY,NA,40,40057,OPEN,doc_excluded_local_jail,source type indicates local/federal jail or non-DOC facility,105 W JONES ST,HOLLIS,Harmon,34.68263194013275,-99.9189210001709
Oklahoma,NA,Oklahoma Department of Corrections,HARMON COUNTY SHERIFFS OFFICE / HARMON COUNTY JAIL,hifld,SHERIFF'S OFFICE,NA,40,40057,OPEN,doc_excluded_local_jail,source type indicates local/federal jail or non-DOC facility,105 WEST JONES STREET,HOLLIS,Harmon,34.682641108,-99.918989244
Oklahoma,NA,Oklahoma Department of Corrections,HARPER COUNTY JAIL,hifld_prisons,COUNTY,NA,40,40059,OPEN,doc_excluded_local_jail,source type indicates local/federal jail or non-DOC facility,311 SE 1ST,BUFFALO,Harper,36.8329973036383,-99.62861581330094
Oklahoma,NA,Oklahoma Department of Corrections,HARPER COUNTY SHERIFFS OFFICE / HARPER COUNTY JAIL,hifld,SHERIFF'S OFFICE,NA,40,40059,OPEN,doc_excluded_local_jail,source type indicates local/federal jail or non-DOC facility,311 SOUTHEAST 1ST STREET,BUFFALO,Harper,36.832935,-99.628644199
Oklahoma,NA,Oklahoma Department of Corrections,HASKELL COUNTY JAIL,hifld_prisons,COUNTY,NA,40,40061,OPEN,doc_excluded_local_jail,source type indicates local/federal jail or non-DOC facility,1304 E INDUSTRIAL ST,STIGLER,Haskell,35.24313604704273,-95.10996855072531
Oklahoma,NA,Oklahoma Department of Corrections,HASKELL COUNTY SHERIFFS OFFICE / HASKELL COUNTY JAIL,hifld,SHERIFF'S OFFICE,NA,40,40061,OPEN,doc_excluded_local_jail,source type indicates local/federal jail or non-DOC facility,105 SOUTHEAST 3RD STREET,STIGLER,Haskell,35.243451,-95.109929
Oklahoma,NA,Oklahoma Department of Corrections,Hobart Police Department Jail,jails_prisons,JAILS,Hobart Police Department,40,40075,1,doc_excluded_local_jail,source type indicates local/federal jail or non-DOC facility,204 North Lincoln Street,Hobart,Kiowa County,NA,NA
Oklahoma,NA,Oklahoma Department of Corrections,HUGHES COUNTY JAIL,hifld_prisons,COUNTY,NA,40,40063,OPEN,doc_excluded_local_jail,source type indicates local/federal jail or non-DOC facility,200 N BROADWAY,HOLDENVILLE,Hughes,35.08409040325022,-96.39999776010025
Oklahoma,NA,Oklahoma Department of Corrections,HUGHES COUNTY SHERIFF / HUGHES COUNTY JAIL,hifld,SHERIFF'S OFFICE,NA,40,40063,OPEN,doc_excluded_local_jail,source type indicates local/federal jail or non-DOC facility,"200 NORTH BROADWAY STREET, SUITE 1",HOLDENVILLE,Hughes,35.0840665,-96.3999044
Oklahoma,NA,Oklahoma Department of Corrections,Idabel City Jail,jails_prisons,JAILS,Idabel Police Department,40,40089,1,doc_excluded_local_jail,source type indicates local/federal jail or non-DOC facility,207 S Central Street,Idabel,Mccurtain County,NA,NA
Oklahoma,NA,Oklahoma Department of Corrections,JACKSON COUNTY JAIL,hifld_prisons,COUNTY,NA,40,40065,OPEN,doc_excluded_local_jail,source type indicates local/federal jail or non-DOC facility,600 S MAIN,ALTUS,Jackson,34.63203497036667,-99.33312384429041
Oklahoma,NA,Oklahoma Department of Corrections,JACKSON COUNTY SHERIFFS OFFICE / JACKSON COUNTY JAIL,hifld,SHERIFF'S OFFICE,NA,40,40065,OPEN,doc_excluded_local_jail,source type indicates local/federal jail or non-DOC facility,"600 SOUTH MAIN STREET, JACKSON COUNTY LAW ENFORCEMENT CENTER",ALTUS,Jackson,34.6320166,-99.333221501
Oklahoma,NA,Oklahoma Department of Corrections,Jefferson County Jail,jails_prisons,JAILS,Jefferson County Sheriffs Office,40,40067,1,doc_excluded_local_jail,source type indicates local/federal jail or non-DOC facility,218 North Main Street,Waurika,Jefferson County,NA,NA
Oklahoma,NA,Oklahoma Department of Corrections,JEFFERSON COUNTY JAIL AND DETENTION CENTER,hifld_prisons,COUNTY,NA,40,40067,OPEN,doc_excluded_local_jail,source type indicates local/federal jail or non-DOC facility,102 W C AVE,WAURIKA,Jefferson,34.16629169132722,-98.00201577092344
Oklahoma,NA,Oklahoma Department of Corrections,JEFFERSON COUNTY SHERIFFS OFFICE / JEFFERSON COUNTY JAIL,hifld,SHERIFF'S OFFICE,NA,40,40067,OPEN,doc_excluded_local_jail,source type indicates local/federal jail or non-DOC facility,218 NORTH MAIN STREET,WAURIKA,Jefferson,34.1657511,-98.0018253
Oklahoma,NA,Oklahoma Department of Corrections,John A. Martin Criminal Justice Center,jails_prisons,JAILS,Okmulgee County Criminal Justice Authority,40,40111,1,doc_excluded_local_jail,source type indicates local/federal jail or non-DOC facility,315 W 8th Street,Okmulgee,Okmulgee County,NA,NA
Oklahoma,NA,Oklahoma Department of Corrections,JOHNSTON COUNTY JAIL,hifld_prisons,COUNTY,NA,40,40069,OPEN,doc_excluded_local_jail,source type indicates local/federal jail or non-DOC facility,110 N CAPITOL,TISHOMINGO,Johnston,34.2371621024007,-96.68020775167834
Oklahoma,NA,Oklahoma Department of Corrections,JOHNSTON COUNTY SHERIFFS OFFICE / JOHNSTON COUNTY JAIL,hifld,SHERIFF'S OFFICE,NA,40,40069,OPEN,doc_excluded_local_jail,source type indicates local/federal jail or non-DOC facility,110 NORTH CAPITOL AVENUE,TISHOMINGO,Johnston,34.2371836,-96.680195199
Oklahoma,NA,Oklahoma Department of Corrections,Kay County Detention Center,jails_prisons,JAILS,Kay County Detention Center,40,40071,1,doc_excluded_local_jail,source type indicates local/federal jail or non-DOC facility,1101 West Dry Road,Newkirk,Kay County,NA,NA
Oklahoma,NA,Oklahoma Department of Corrections,KAY COUNTY SHERIFFS DEPARTMENT / KAY COUNTY JAIL,hifld,SHERIFF'S OFFICE,NA,40,40071,OPEN,doc_excluded_local_jail,source type indicates local/federal jail or non-DOC facility,110 SOUTH MAPLE AVENUE,NEWKIRK,Kay,36.882061476,-97.054267184
Oklahoma,NA,Oklahoma Department of Corrections,KINGFISHER COUNTY JAIL,hifld_prisons,COUNTY,NA,40,40073,OPEN,doc_excluded_local_jail,source type indicates local/federal jail or non-DOC facility,119 S MAIN,KINGFISHER,Kingfisher,35.86048970018006,-97.9321823401552
Oklahoma,NA,Oklahoma Department of Corrections,KINGFISHER SHERIFF OFFICE / KINGFISHER COUNTY JAIL,hifld,SHERIFF'S OFFICE,NA,40,40073,OPEN,doc_excluded_local_jail,source type indicates local/federal jail or non-DOC facility,119 SOUTH MAIN STREET,KINGFISHER,Kingfisher,35.860371343,-97.932253189
Oklahoma,NA,Oklahoma Department of Corrections,KIOWA COUNTY JAIL,hifld_prisons,COUNTY,NA,40,40075,OPEN,doc_excluded_local_jail,source type indicates local/federal jail or non-DOC facility,301 S JEFFERSON,HOBART,Kiowa,35.02562561542623,-99.09206367958117
Oklahoma,NA,Oklahoma Department of Corrections,KIOWA COUNTY SHERIFFS DEPARTMENT / KIOWA COUNTY JAIL,hifld,SHERIFF'S OFFICE,NA,40,40075,OPEN,doc_excluded_local_jail,source type indicates local/federal jail or non-DOC facility,301 SOUTH JEFFERSON STREET,HOBART,Kiowa,35.0256136,-99.0920026
Oklahoma,NA,Oklahoma Department of Corrections,LATIMER COUNTY JAIL,hifld_prisons,COUNTY,NA,40,40077,OPEN,doc_excluded_local_jail,source type indicates local/federal jail or non-DOC facility,109 N CENTRAL AVE,WILBURTON,Latimer,34.91955980029279,-95.31049265067684
Oklahoma,NA,Oklahoma Department of Corrections,LATIMER COUNTY SHERIFFS OFFICE / LATIMER COUNTY JAIL,hifld,SHERIFF'S OFFICE,NA,40,40077,OPEN,doc_excluded_local_jail,source type indicates local/federal jail or non-DOC facility,111 NORTH CENTRAL AVENUE,WILBURTON,Latimer,34.919489401,-95.310429599
Oklahoma,NA,Oklahoma Department of Corrections,LAWTON CITY JAIL,hifld_prisons,LOCAL,NA,40,40031,OPEN,doc_excluded_local_jail,source type indicates local/federal jail or non-DOC facility,10 SW 4TH ST,LAWTON,Comanche,34.607913576407995,-98.39321324237275
Oklahoma,NA,Oklahoma Department of Corrections,LAWTON POLICE DEPARTMENT / LAWTON CITY JAIL,hifld,LOCAL POLICE DEPARTMENT,NA,40,40031,OPEN,doc_excluded_local_jail,source type indicates local/federal jail or non-DOC facility,10 SOUTHWEST 4TH STREET,LAWTON,Comanche,34.60789,-98.3931506
Oklahoma,NA,Oklahoma Department of Corrections,LEFLORE COUNTY DETENTION CENTER,hifld_prisons,COUNTY,NA,40,40079,OPEN,doc_excluded_local_jail,source type indicates local/federal jail or non-DOC facility,100 S CHURCH ST,POTEAU,Le Flore,35.05471962706319,-94.62402930634703
Oklahoma,NA,Oklahoma Department of Corrections,LeFlore County Jail,jails_prisons,JAILS,LeFlore County Detention Center,40,40079,1,doc_excluded_local_jail,source type indicates local/federal jail or non-DOC facility,100 South Broadway Avenue,Poteau,Le Flore County,NA,NA
Oklahoma,NA,Oklahoma Department of Corrections,LEFLORE COUNTY JUVENILE DETENTION CENTER,hifld_prisons,COUNTY,NA,40,40079,OPEN,doc_excluded_local_jail,source type indicates local/federal jail or non-DOC facility,201 VETERAN'S AVE,TALIHINA,Le Flore,34.74701951931679,-95.04560195482722
Oklahoma,NA,Oklahoma Department of Corrections,LINCOLN COUNTY JAIL,hifld_prisons,COUNTY,NA,40,40081,OPEN,doc_excluded_local_jail,source type indicates local/federal jail or non-DOC facility,811 MANVEL AVE,CHANDLER,Lincoln,35.70210528835488,-96.88158397688349
Oklahoma,NA,Oklahoma Department of Corrections,LINCOLN COUNTY SHERIFFS OFFICE / LINCOLN COUNTY JAIL,hifld,SHERIFF'S OFFICE,NA,40,40081,OPEN,doc_excluded_local_jail,source type indicates local/federal jail or non-DOC facility,"811 MANVEL AVENUE, SUITE 14",CHANDLER,Lincoln,35.7021084,-96.8814445
Oklahoma,NA,Oklahoma Department of Corrections,Logan County Detention Center,jails_prisons,JAILS,Logan County Sheriffs Office,40,40083,1,doc_excluded_local_jail,source type indicates local/federal jail or non-DOC facility,216 South Broad Street,Guthrie,Logan County,NA,NA
Oklahoma,NA,Oklahoma Department of Corrections,LOGAN COUNTY JAIL,hifld_prisons,COUNTY,NA,40,40083,OPEN,doc_excluded_local_jail,source type indicates local/federal jail or non-DOC facility,216 S BROAD ST,GUTHRIE,Logan,35.87625182854488,-97.42226285539154
Oklahoma,NA,Oklahoma Department of Corrections,LOGAN COUNTY SHERIFFS OFFICE / LOGAN COUNTY JAIL,hifld,SHERIFF'S OFFICE,NA,40,40083,OPEN,doc_excluded_local_jail,source type indicates local/federal jail or non-DOC facility,216 SOUTH BROAD STREET,GUTHRIE,Logan,35.8762328,-97.4223297
Oklahoma,NA,Oklahoma Department of Corrections,LOVE COUNTY JAIL,hifld_prisons,COUNTY,NA,40,40085,OPEN,doc_excluded_local_jail,source type indicates local/federal jail or non-DOC facility,408 W CHICKASAW,MARIETTA,Love,33.936621857479594,-97.12134148535348
Oklahoma,NA,Oklahoma Department of Corrections,LOVE COUNTY SHERIFFS OFFICE / LOVE COUNTY JAIL,hifld,SHERIFF'S OFFICE,NA,40,40085,OPEN,doc_excluded_local_jail,source type indicates local/federal jail or non-DOC facility,408 WEST CHICKASAW STREET,MARIETTA,Love,33.9366022,-97.1213207
Oklahoma,NA,Oklahoma Department of Corrections,MAJOR COUNTY JAIL,hifld_prisons,COUNTY,NA,40,40093,OPEN,doc_excluded_local_jail,source type indicates local/federal jail or non-DOC facility,500 E BROADWAY,FAIRVIEW,Major,36.26906692100005,-98.47427147099995
Oklahoma,NA,Oklahoma Department of Corrections,MAJOR COUNTY SHERIFFS OFFICE / MAJOR COUNTY JAIL,hifld,SHERIFF'S OFFICE,NA,40,40093,OPEN,doc_excluded_local_jail,source type indicates local/federal jail or non-DOC facility,"500 EAST BROADWAY, SUITE 4",FAIRVIEW,Major,36.2690703,-98.4742064
Oklahoma,NA,Oklahoma Department of Corrections,City of Mannford Jail,jails_prisons,JAILS,City of Mannford Police Department,40,40037,1,doc_excluded_local_jail,source type indicates local/federal jail or non-DOC facility,300 Coonrod Road,Mannford,"Creek County, Pawnee County, Tulsa County",NA,NA
Oklahoma,NA,Oklahoma Department of Corrections,MARSHALL COUNTY JAIL,hifld_prisons,COUNTY,NA,40,40095,OPEN,doc_excluded_local_jail,source type indicates local/federal jail or non-DOC facility,207 N 4TH ST,MADILL,Marshall,34.093160450126824,-96.76930313043957
Oklahoma,NA,Oklahoma Department of Corrections,MARSHALL COUNTY SHERIFFS OFFICE / MARSHALL COUNTY JAIL,hifld,SHERIFF'S OFFICE,NA,40,40095,OPEN,doc_excluded_local_jail,source type indicates local/federal jail or non-DOC facility,207 NORTH 4TH STREET,MADILL,Marshall,34.0931902,-96.7692583
Oklahoma,NA,Oklahoma Department of Corrections,MAYES COUNTY JAIL,hifld_prisons,COUNTY,NA,40,40097,OPEN,doc_excluded_local_jail,source type indicates local/federal jail or non-DOC facility,34 N ADAIR ST,PRYOR,Mayes,36.30948635905653,-95.31686930691112
Oklahoma,NA,Oklahoma Department of Corrections,MAYES COUNTY SHERIFFS OFFICE,hifld,SHERIFF'S OFFICE,NA,40,40097,OPEN,doc_excluded_local_jail,source type indicates local/federal jail or non-DOC facility,"1 COURT PLACE, SUITE 150",PRYOR,Mayes,36.309006,-95.315473501
Oklahoma,NA,Oklahoma Department of Corrections,MCCLAIN COUNTY DETENTION CENTER,hifld_prisons,COUNTY,NA,40,40087,OPEN,doc_excluded_local_jail,source type indicates local/federal jail or non-DOC facility,121 NORTH SECOND ST,PURCELL,Mcclain,35.01325049488334,-97.36166724402646
Oklahoma,NA,Oklahoma Department of Corrections,McClain County Jail,jails_prisons,JAILS,McClain County Sheriffs Office,40,40087,1,doc_excluded_local_jail,source type indicates local/federal jail or non-DOC facility,121 North 2nd Street,Purcell,"Cleveland County, Mcclain County",NA,NA
Oklahoma,NA,Oklahoma Department of Corrections,MCCURTAIN COUNTY JAIL,hifld_prisons,COUNTY,NA,40,40089,OPEN,doc_excluded_local_jail,source type indicates local/federal jail or non-DOC facility,200 N CENTRAL,IDABEL,Mccurtain,33.89714564961123,-94.82876863481428
Oklahoma,NA,Oklahoma Department of Corrections,MCCURTAIN COUNTY SHERIFFS DEPARTMENT / MCCURTAIN COUNTY JAIL,hifld,SHERIFF'S OFFICE,NA,40,40089,OPEN,doc_excluded_local_jail,source type indicates local/federal jail or non-DOC facility,200 NORTH CENTRAL AVENUE,IDABEL,Mccurtain,33.897135,-94.828758
Oklahoma,NA,Oklahoma Department of Corrections,MCINTOSH COUNTY JAIL,hifld_prisons,COUNTY,NA,40,40091,OPEN,doc_excluded_local_jail,source type indicates local/federal jail or non-DOC facility,1425 INDUTRIAL DRIVE,EUFAULA,Mcintosh,35.30259055007677,-95.59088920143789
Oklahoma,NA,Oklahoma Department of Corrections,MCINTOSH COUNTY SHERIFFS DEPARTMENT / MCINTOSH COUNTY JAIL,hifld,SHERIFF'S OFFICE,NA,40,40091,OPEN,doc_excluded_local_jail,source type indicates local/federal jail or non-DOC facility,110 NORTH 1ST STREET,EUFAULA,Mcintosh,35.302615,-95.590682
Oklahoma,NA,Oklahoma Department of Corrections,MIDWEST CITY JAIL,hifld_prisons,LOCAL,NA,40,40109,OPEN,doc_excluded_local_jail,source type indicates local/federal jail or non-DOC facility,100 N MIDWEST BLVD,MIDWEST CITY,Oklahoma,35.46488664518183,-97.38689929717518
Oklahoma,NA,Oklahoma Department of Corrections,Muldrow Jail Facility,jails_prisons,JAILS,Muldrow Police Department,40,40135,1,doc_excluded_local_jail,source type indicates local/federal jail or non-DOC facility,100 South Main Street,Muldrow,Sequoyah County,NA,NA
Oklahoma,NA,Oklahoma Department of Corrections,MURRAY COUNTY JAIL,hifld_prisons,COUNTY,NA,40,40099,OPEN,doc_excluded_local_jail,source type indicates local/federal jail or non-DOC facility,700 W 10TH ST,SULPHUR,Murray,34.504729571700494,-96.98013036381258
Oklahoma,NA,Oklahoma Department of Corrections,MURRAY COUNTY SHERIFFS DEPARTMENT / MURRAY COUNTY JAIL,hifld,SHERIFF'S OFFICE,NA,40,40099,OPEN,doc_excluded_local_jail,source type indicates local/federal jail or non-DOC facility,700 WEST 10TH STREET,SULPHUR,Murray,34.5047946,-96.9801356
Oklahoma,NA,Oklahoma Department of Corrections,Muskogee County/City Detention Center,jails_prisons,JAILS,Muskogee County Sheriffs Office,40,40101,1,doc_excluded_local_jail,source type indicates local/federal jail or non-DOC facility,122 S 3rd Street,Muskogee,Muskogee County,NA,NA
Oklahoma,NA,Oklahoma Department of Corrections,MUSKOGEE COUNTY / CITY DETENTION FACILITY,hifld_prisons,COUNTY,NA,40,40101,OPEN,doc_excluded_local_jail,source type indicates local/federal jail or non-DOC facility,122 S 3RD ST,MUSKOGEE,Muskogee,35.74765158691199,-95.37204661603896
Oklahoma,NA,Oklahoma Department of Corrections,MUSKOGEE COUNTY SHERIFFS OFFICE,hifld,SHERIFF'S OFFICE,NA,40,40101,OPEN,doc_excluded_local_jail,source type indicates local/federal jail or non-DOC facility,220 STATE STREET,MUSKOGEE,Muskogee,35.750381735,-95.372721382
Oklahoma,NA,Oklahoma Department of Corrections,Noble County Jail,jails_prisons,JAILS,Noble County Sheriffs Office,40,40103,1,doc_excluded_local_jail,source type indicates local/federal jail or non-DOC facility,721 Cedar Street,Perry,Noble County,NA,NA
Oklahoma,NA,Oklahoma Department of Corrections,NOBLE COUNTY JAIL / SHERIFF'S OFFICE,hifld_prisons,COUNTY,NA,40,40103,OPEN,doc_excluded_local_jail,source type indicates local/federal jail or non-DOC facility,721 CEDAR ST,PERRY,Noble,36.28639726285762,-97.28931242315885
Oklahoma,NA,Oklahoma Department of Corrections,NOBLE COUNTY SHERIFF OFFICE / NOBLE COUNTY JAIL,hifld,SHERIFF'S OFFICE,NA,40,40103,OPEN,doc_excluded_local_jail,source type indicates local/federal jail or non-DOC facility,721 CEDAR STREET,PERRY,Noble,36.2863488,-97.2893337
Oklahoma,NA,Oklahoma Department of Corrections,NORTHWEST OKLAHOMA JUVENILE DETENTION CENTER,hifld_prisons,COUNTY,NA,40,40153,OPEN,doc_excluded_local_jail,source type indicates local/federal jail or non-DOC facility,315 AIRPORT RD,WOODWARD,Woodward,36.440252244562025,-99.51569573695629
Oklahoma,NA,Oklahoma Department of Corrections,Nowata County Jail,jails_prisons,JAILS,Nowata County Sheriffs Office,40,40105,1,doc_excluded_local_jail,source type indicates local/federal jail or non-DOC facility,229 North Maple Street,Nowata,Nowata County,NA,NA
Oklahoma,NA,Oklahoma Department of Corrections,NOWATA COUNTY JAIL / COURTHOUSE,hifld_prisons,COUNTY,NA,40,40105,CLOSED,doc_excluded_local_jail,source type indicates local/federal jail or non-DOC facility,229 N MAPLE,NOWATA,Nowata,36.702626991789856,-95.63834502014069
Oklahoma,NA,Oklahoma Department of Corrections,NOWATA SHERIFF OFFICE / NOWATA COUNTY JAIL,hifld,SHERIFF'S OFFICE,NA,40,40105,OPEN,doc_excluded_local_jail,source type indicates local/federal jail or non-DOC facility,229 NORTH MAPLE STREET,NOWATA,Nowata,36.702628,-95.6382948
Oklahoma,NA,Oklahoma Department of Corrections,OKFUSKEE COUNTY JAIL,hifld_prisons,COUNTY,NA,40,40107,OPEN,doc_excluded_local_jail,source type indicates local/federal jail or non-DOC facility,209 N 3RD ST,OKEMAH,Okfuskee,35.433173174966804,-96.3039133462928
Oklahoma,NA,Oklahoma Department of Corrections,OKFUSKEE COUNTY SHERIFF DEPARTMENT / OKFUSKEE COUNTY JAIL,hifld,SHERIFF'S OFFICE,NA,40,40107,OPEN,doc_excluded_local_jail,source type indicates local/federal jail or non-DOC facility,209 NORTH 3RD STREET,OKEMAH,Okfuskee,35.4331517,-96.3037975
Oklahoma,NA,Oklahoma Department of Corrections,OKLAHOMA COUNTY DETENTION CENTER,hifld_prisons,COUNTY,NA,40,40109,OPEN,doc_excluded_local_jail,source type indicates local/federal jail or non-DOC facility,201 N SHARTEL AVE,OKLAHOMA CITY,Oklahoma,35.46955592141684,-97.52702489996273
Oklahoma,NA,Oklahoma Department of Corrections,Oklahoma County Jail,jails_prisons,JAILS,Oklahoma County Sheriffs Office,40,40109,1,doc_excluded_local_jail,source type indicates local/federal jail or non-DOC facility,201 N Shartel Avenue,Oklahoma City,"Canadian County, Cleveland County, Oklahoma County, Pottawatomie County",NA,NA
Oklahoma,NA,Oklahoma Department of Corrections,OKLAHOMA COUNTY JUVENILE DETENTION FACILITY,hifld_prisons,COUNTY,NA,40,40109,OPEN,doc_excluded_local_jail,source type indicates local/federal jail or non-DOC facility,5905 N CLASSEN COURT,OKLAHOMA CITY,Oklahoma,35.53166743867735,-97.52786535508353
Oklahoma,NA,Oklahoma Department of Corrections,OKLAHOMA COUNTY SHERIFFS OFFICE / OKLAHOMA COUNTY JAIL,hifld,SHERIFF'S OFFICE,NA,40,40109,OPEN,doc_excluded_local_jail,source type indicates local/federal jail or non-DOC facility,201 NORTH SHARTEL AVENUE,OKLAHOMA CITY,Oklahoma,35.469629201,-97.5268691
Oklahoma,NA,Oklahoma Department of Corrections,OKMULGEE COUNTY JAIL,hifld_prisons,COUNTY,NA,40,40111,OPEN,doc_excluded_local_jail,source type indicates local/federal jail or non-DOC facility,315 W 8TH ST,OKMULGEE,Okmulgee,35.62178865579221,-95.97455993807696
Oklahoma,NA,Oklahoma Department of Corrections,OSAGE COUNTY JAIL,hifld_prisons,COUNTY,NA,40,40113,OPEN,doc_excluded_local_jail,source type indicates local/federal jail or non-DOC facility,900 S ST PAUL AVE,PAWHUSKA,Osage,36.6445459922297,-96.3171083359483
Oklahoma,NA,Oklahoma Department of Corrections,OSAGE COUNTY SHERIFFS OFFICE / OSAGE COUNTY JAIL,hifld,SHERIFF'S OFFICE,NA,40,40113,OPEN,doc_excluded_local_jail,source type indicates local/federal jail or non-DOC facility,900 SOUTH SAINT PAUL AVENUE,PAWHUSKA,Osage,36.6444548,-96.3172692
Oklahoma,NA,Oklahoma Department of Corrections,OTTAWA COUNTY JAIL,hifld_prisons,COUNTY,NA,40,40115,CLOSED,doc_excluded_local_jail,source type indicates local/federal jail or non-DOC facility,28 B ST SE,MIAMI,Ottawa,36.873740943970965,-94.87592529623504
Oklahoma,NA,Oklahoma Department of Corrections,OTTAWA COUNTY SHERIFFS DEPARTMENT / OTTAWA COUNTY JAIL,hifld,SHERIFF'S OFFICE,NA,40,40115,OPEN,doc_excluded_local_jail,source type indicates local/federal jail or non-DOC facility,28 B STREET SOUTHEAST,MIAMI,Ottawa,36.873734521,-94.875862254
Oklahoma,NA,Oklahoma Department of Corrections,Patrick E. Moore Detention Facility,jails_prisons,JAILS,Okmulgee County Criminal Justice Authority,40,40111,1,doc_excluded_local_jail,source type indicates local/federal jail or non-DOC facility,111 South Alabama,Okmulgee,Okmulgee County,NA,NA
Oklahoma,NA,Oklahoma Department of Corrections,PAWNEE COUNTY JAIL,hifld_prisons,COUNTY,NA,40,40117,OPEN,doc_excluded_local_jail,source type indicates local/federal jail or non-DOC facility,500 HARRISON ST,PAWNEE,Pawnee,36.33884223962608,-96.80290632660096
Oklahoma,NA,Oklahoma Department of Corrections,PAWNEE COUNTY SHERIFFS OFFICE / PAWNEE COUNTY JAIL,hifld,SHERIFF'S OFFICE,NA,40,40117,OPEN,doc_excluded_local_jail,source type indicates local/federal jail or non-DOC facility,500 HARRISON STREET,PAWNEE,Pawnee,36.338806284,-96.802856903
Oklahoma,NA,Oklahoma Department of Corrections,PAWNEE COUNTY SHERIFFS OFFICE - SUBSTATION,hifld,SHERIFF'S OFFICE,NA,40,40117,NOT AVAILABLE,doc_excluded_local_jail,source type indicates local/federal jail or non-DOC facility,WESTPORT ROAD,CLEVELAND,Pawnee,36.2182879,-96.3501516
Oklahoma,NA,Oklahoma Department of Corrections,PAYNE COUNTY JAIL,hifld_prisons,COUNTY,NA,40,40119,OPEN,doc_excluded_local_jail,source type indicates local/federal jail or non-DOC facility,606 S HUSBAND ST,STILLWATER,Payne,36.11502582254666,-97.06088426385013
Oklahoma,NA,Oklahoma Department of Corrections,PAYNE COUNTY SHERIFFS OFFICE / PAYNE COUNTY JAIL,hifld,SHERIFF'S OFFICE,NA,40,40119,OPEN,doc_excluded_local_jail,source type indicates local/federal jail or non-DOC facility,606 SOUTH HUSBAND STREET,STILLWATER,Payne,36.1150054,-97.0609243
Oklahoma,NA,Oklahoma Department of Corrections,Pittsburg County Criminal Justice Center,jails_prisons,JAILS,Pittsburg County Sheriffs Office,40,40121,1,doc_excluded_local_jail,source type indicates local/federal jail or non-DOC facility,1210 N West Street,McAlester,Pittsburg County,NA,NA
Oklahoma,NA,Oklahoma Department of Corrections,PITTSBURG COUNTY JAIL,hifld_prisons,COUNTY,NA,40,40121,OPEN,doc_excluded_local_jail,source type indicates local/federal jail or non-DOC facility,1210 N WEST ST,MCALESTER,Pittsburg,34.949313998785804,-95.77987792936203
Oklahoma,NA,Oklahoma Department of Corrections,PITTSBURG COUNTY JUVENILE DETENTION CENTER,hifld_prisons,COUNTY,NA,40,40121,OPEN,doc_excluded_local_jail,source type indicates local/federal jail or non-DOC facility,1208 N WEST ST,MCALESTER,Pittsburg,34.94886401003894,-95.7802960680536
Oklahoma,NA,Oklahoma Department of Corrections,PITTSBURG COUNTY SHERIFFS OFFICE / PITTSBURG COUNTY JAIL,hifld,SHERIFF'S OFFICE,NA,40,40121,OPEN,doc_excluded_local_jail,source type indicates local/federal jail or non-DOC facility,1210 NORTH WEST STREET,MCALESTER,Pittsburg,34.9493246,-95.7801149
Oklahoma,NA,Oklahoma Department of Corrections,Ponca City Jail,jails_prisons,JAILS,Ponca City Police Department,40,40071,1,doc_excluded_local_jail,source type indicates local/federal jail or non-DOC facility,200 E Oklahoma Avenue,Ponca City,Kay County,NA,NA
Oklahoma,NA,Oklahoma Department of Corrections,PONTOTOC COUNTY CRIMINAL JUSTICE CENTER,hifld_prisons,COUNTY,NA,40,40123,OPEN,doc_excluded_local_jail,source type indicates local/federal jail or non-DOC facility,1814 N BROADWAY AVE,ADA,Pontotoc,34.79325692711901,-96.67754925343583
Oklahoma,NA,Oklahoma Department of Corrections,Pontotoc County Justice Center,jails_prisons,JAILS,Pontotoc County Sheriffs Office,40,40123,1,doc_excluded_local_jail,source type indicates local/federal jail or non-DOC facility,1814 North Broadway,Ada,Pontotoc County,NA,NA
Oklahoma,NA,Oklahoma Department of Corrections,PONTOTOC COUNTY SHERIFFS OFFICE / PONTOTOC COUNTY JAIL,hifld,SHERIFF'S OFFICE,NA,40,40123,OPEN,doc_excluded_local_jail,source type indicates local/federal jail or non-DOC facility,100 WEST 13TH STREET,ADA,Pontotoc,34.772168798,-96.678982908
Oklahoma,NA,Oklahoma Department of Corrections,POTTAWATOMIE COUNTY PUBLIC SAFETY CENTER,hifld_prisons,COUNTY,NA,40,40125,OPEN,doc_excluded_local_jail,source type indicates local/federal jail or non-DOC facility,14209 US HWY 177,SHAWNEE,Pottawatomie,35.35822398490735,-96.9640414279804
Oklahoma,NA,Oklahoma Department of Corrections,Pottawatomie County Public Safety Center Trust,jails_prisons,JAILS,Pottawatomie County Public Safety Center,40,40125,1,doc_excluded_local_jail,source type indicates local/federal jail or non-DOC facility,14209 Highway 177,Shawnee,Pottawatomie County,NA,NA
Oklahoma,NA,Oklahoma Department of Corrections,POTTAWATOMIE COUNTY SHERIFFS OFFICE,hifld,SHERIFF'S OFFICE,NA,40,40125,OPEN,doc_excluded_local_jail,source type indicates local/federal jail or non-DOC facility,325 NORTH BROADWAY AVENUE,SHAWNEE,Pottawatomie,35.3307755,-96.9230269
Oklahoma,NA,Oklahoma Department of Corrections,Pushmataha County Jail,jails_prisons,JAILS,Pushmataha County Sheriffs Office,40,40127,1,doc_excluded_local_jail,source type indicates local/federal jail or non-DOC facility,207 Southwest 3rd Street,Antlers,Pushmataha County,NA,NA
Oklahoma,NA,Oklahoma Department of Corrections,PUSHMATAHA COUNTY JAIL / SHERIFF,hifld_prisons,COUNTY,NA,40,40127,OPEN,doc_excluded_local_jail,source type indicates local/federal jail or non-DOC facility,207 SW 3RD ST,ANTLERS,Pushmataha,34.228960367484866,-95.62280587216031
Oklahoma,NA,Oklahoma Department of Corrections,PUSHMATAHA COUNTY SHERIFFS OFFICE / PUSHMATAHA COUNTY JAIL,hifld,SHERIFF'S OFFICE,NA,40,40127,OPEN,doc_excluded_local_jail,source type indicates local/federal jail or non-DOC facility,207 SOUTHWEST 3RD STREET,ANTLERS,Pushmataha,34.2289577,-95.6228874
Oklahoma,NA,Oklahoma Department of Corrections,ROGER MILLS COUNTY JAIL,hifld_prisons,COUNTY,NA,40,40129,OPEN,doc_excluded_local_jail,source type indicates local/federal jail or non-DOC facility,500 EAST BROADWAY ST,CHEYENNE,Roger Mills,35.61331116164414,-99.67103518976172
Oklahoma,NA,Oklahoma Department of Corrections,ROGER MILLS SHERIFFS OFFICE / ROGERS MILLS COUNTY JAIL,hifld,SHERIFF'S OFFICE,NA,40,40129,OPEN,doc_excluded_local_jail,source type indicates local/federal jail or non-DOC facility,500 EAST BROADWAY,CHEYENNE,Roger Mills,35.6132345,-99.6710424
Oklahoma,NA,Oklahoma Department of Corrections,Rogers County Jail,jails_prisons,JAILS,Rogers County Sheriffs Office,40,40131,1,doc_excluded_local_jail,source type indicates local/federal jail or non-DOC facility,201 S Cherokee Avenue,Claremore,Rogers County,NA,NA
Oklahoma,NA,Oklahoma Department of Corrections,ROGERS COUNTY JAIL/AMOS G WARD DETENTION FACILITY,hifld_prisons,COUNTY,NA,40,40131,OPEN,doc_excluded_local_jail,source type indicates local/federal jail or non-DOC facility,201 S CHEROKEE AVE,CLAREMORE,Rogers,36.3104462724829,-95.61494491348705
Oklahoma,NA,Oklahoma Department of Corrections,ROGERS COUNTY SHERIFFS OFFICE / ROGERS COUNTY JAIL,hifld,SHERIFF'S OFFICE,NA,40,40131,OPEN,doc_excluded_local_jail,source type indicates local/federal jail or non-DOC facility,201 SOUTH CHEROKEE AVENUE,CLAREMORE,Rogers,36.3104386,-95.6148647
Oklahoma,NA,Oklahoma Department of Corrections,Roland City Jail,jails_prisons,JAILS,Roland Police Department,40,40135,1,doc_excluded_local_jail,source type indicates local/federal jail or non-DOC facility,300 South Roland Road,Roland,Sequoyah County,NA,NA
Oklahoma,NA,Oklahoma Department of Corrections,Sallisaw City Jail,jails_prisons,JAILS,Sallisaw Police Department,40,40135,1,doc_excluded_local_jail,source type indicates local/federal jail or non-DOC facility,101 W. Chickasaw,Sallisaw,Sequoyah County,NA,NA
Oklahoma,NA,Oklahoma Department of Corrections,SEMINOLE CITY JAIL,hifld,LOCAL POLICE DEPARTMENT,NA,40,40133,OPEN,doc_excluded_local_jail,source type indicates local/federal jail or non-DOC facility,211 NORTH 4TH STREET,SEMINOLE,Seminole,35.2250143,-96.667386699
Oklahoma,NA,Oklahoma Department of Corrections,SEMINOLE COUNTY SHERIFFS OFFICE / SEMINOLE COUNTY JAIL,hifld,SHERIFF'S OFFICE,NA,40,40133,OPEN,doc_excluded_local_jail,source type indicates local/federal jail or non-DOC facility,110 SOUTH WEWOKA AVENUE,WEWOKA,Seminole,35.158012807,-96.489806348
Oklahoma,NA,Oklahoma Department of Corrections,SEQUOYAH COUNTY CRIMINAL JUSTICE AUTHORITY,hifld_prisons,COUNTY,NA,40,40135,OPEN,doc_excluded_local_jail,source type indicates local/federal jail or non-DOC facility,119 S OAK ST,SALLISAW,Sequoyah,35.45806228747751,-94.78902772054512
Oklahoma,NA,Oklahoma Department of Corrections,Sequoyah County Jail,jails_prisons,JAILS,Sequoyah County Sheriffs Office,40,40135,1,doc_excluded_local_jail,source type indicates local/federal jail or non-DOC facility,119 B South Oak Street,Sallisaw,Sequoyah County,NA,NA
Oklahoma,NA,Oklahoma Department of Corrections,SEQUOYAH COUNTY SHERIFFS DEPARTMENT,hifld,SHERIFF'S OFFICE,NA,40,40135,OPEN,doc_excluded_local_jail,source type indicates local/federal jail or non-DOC facility,119 SOUTH OAK STREET,SALLISAW,Sequoyah,35.4581741,-94.788929701
Oklahoma,NA,Oklahoma Department of Corrections,STEPHENS COUNTY JAIL,hifld_prisons,COUNTY,NA,40,40137,OPEN,doc_excluded_local_jail,source type indicates local/federal jail or non-DOC facility,101 S 11TH ST,DUNCAN,Stephens,34.50090056652033,-97.96247935321941
Oklahoma,NA,Oklahoma Department of Corrections,STEPHENS COUNTY SHERIFF OFFICE / STEPHENS COUNTY JAIL,hifld,SHERIFF'S OFFICE,NA,40,40137,OPEN,doc_excluded_local_jail,source type indicates local/federal jail or non-DOC facility,"101 SOUTH 11TH STREET, ROOM 104",DUNCAN,Stephens,34.500888241,-97.962485667
Oklahoma,NA,Oklahoma Department of Corrections,Texas County Detention Center,jails_prisons,JAILS,Texas County Sheriffs Department,40,40139,1,doc_excluded_local_jail,source type indicates local/federal jail or non-DOC facility,1102 South Ellison Street,Guymon,Texas County,NA,NA
Oklahoma,NA,Oklahoma Department of Corrections,TEXAS COUNTY JAIL,hifld_prisons,COUNTY,NA,40,40139,OPEN,doc_excluded_local_jail,source type indicates local/federal jail or non-DOC facility,1102 S ELLISON,GUYMON,Texas,36.66843913926308,-101.48066629975307
Oklahoma,NA,Oklahoma Department of Corrections,TEXAS COUNTY JUVENILE DETENTION CENTER,hifld_prisons,COUNTY,NA,40,40139,OPEN,doc_excluded_local_jail,source type indicates local/federal jail or non-DOC facility,502 S FIELDS,HOOKER,Texas,36.85544911979742,-101.21201160141229
Oklahoma,NA,Oklahoma Department of Corrections,TEXAS COUNTY SHERIFFS OFFICE / TEXAS COUNTY JAIL,hifld,SHERIFF'S OFFICE,NA,40,40139,OPEN,doc_excluded_local_jail,source type indicates local/federal jail or non-DOC facility,1102 SOUTH ELLISON STREET,GUYMON,Texas,36.6685364,-101.4806248
Oklahoma,NA,Oklahoma Department of Corrections,TILLMAN COUNTY JAIL,hifld_prisons,COUNTY,NA,40,40141,OPEN,doc_excluded_local_jail,source type indicates local/federal jail or non-DOC facility,1200 S MAIN ST,FREDERICK,Tillman,34.37739047373179,-99.016692379934085
Oklahoma,NA,Oklahoma Department of Corrections,Tillman County Jail and Annex,jails_prisons,JAILS,Tillman County Jail Trust Authority,40,40141,1,doc_excluded_local_jail,source type indicates local/federal jail or non-DOC facility,1200 S Main Street,Frederick,Tillman County,NA,NA
Oklahoma,NA,Oklahoma Department of Corrections,TILLMAN COUNTY LAW ENFORCEMENT,hifld,SHERIFF'S OFFICE,NA,40,40141,OPEN,doc_excluded_local_jail,source type indicates local/federal jail or non-DOC facility,1200 SOUTH MAIN STREET,FREDERICK,Tillman,34.3779508,-99.0166844
Oklahoma,NA,Oklahoma Department of Corrections,TULSA COUNTY FAMILY CENTER FOR JUVENILE JUSTICE,hifld_prisons,COUNTY,NA,40,40143,OPEN,doc_excluded_local_jail,source type indicates local/federal jail or non-DOC facility,315 S GILCREASE MUSEUM RD,TULSA,Tulsa,36.153446472521345,-96.01912954686206
Oklahoma,NA,Oklahoma Department of Corrections,TULSA MUNICIPAL JAIL,hifld_prisons,LOCAL,NA,40,40143,OPEN,doc_excluded_local_jail,source type indicates local/federal jail or non-DOC facility,600 CIVIC CENTER,TULSA,Tulsa,36.14909561900368,-95.99517437537489
Oklahoma,NA,Oklahoma Department of Corrections,TULSA COUNTY SHERIFFS OFFICE - DAVE FAULKNER BUILDING,hifld,SHERIFF'S OFFICE,NA,40,40143,OPEN,doc_excluded_local_jail,source type indicates local/federal jail or non-DOC facility,303 WEST 1ST STREET,TULSA,Tulsa,36.1542431,-95.996102
Oklahoma,NA,Oklahoma Department of Corrections,TULSA COUNTY SHERIFFS OFFICE - TULSA COUNTY COURTHOUSE,hifld,SHERIFF'S OFFICE,NA,40,40143,OPEN,doc_excluded_local_jail,source type indicates local/federal jail or non-DOC facility,500 SOUTH DENVER AVENUE,TULSA,Tulsa,36.14914196,-95.99511451
Oklahoma,NA,Oklahoma Department of Corrections,WAGONER COUNTY JAIL,hifld_prisons,COUNTY,NA,40,40145,OPEN,doc_excluded_local_jail,source type indicates local/federal jail or non-DOC facility,307 E CHEROKEE ST,WAGONER,Wagoner,35.960008638940494,-95.37410496389478
Oklahoma,NA,Oklahoma Department of Corrections,WAGONER COUNTY SHERIFFS DEPARTMENT / WAGONER COUNTY JAIL,hifld,SHERIFF'S OFFICE,NA,40,40145,OPEN,doc_excluded_local_jail,source type indicates local/federal jail or non-DOC facility,307 EAST CHEROKEE STREET,WAGONER,Wagoner,35.9600105,-95.3741412
Oklahoma,NA,Oklahoma Department of Corrections,WASHINGTON COUNTY CORRECTIONAL FACILITY,hifld_prisons,COUNTY,NA,40,40147,OPEN,doc_excluded_local_jail,source type indicates local/federal jail or non-DOC facility,611 SW ADAMS BLVD,BARTLESVILLE,Washington,36.746651547879104,-95.98553282247306
Oklahoma,NA,Oklahoma Department of Corrections,Washington County Jail,jails_prisons,JAILS,Washington County Sheriffs Office,40,40147,1,doc_excluded_local_jail,source type indicates local/federal jail or non-DOC facility,611 SW Adams Boulevard,Bartlesville,"Osage County, Washington County",NA,NA
Oklahoma,NA,Oklahoma Department of Corrections,WASHINGTON COUNTY SHERIFFS OFFICE / WASHINGTON COUNTY JAIL,hifld,SHERIFF'S OFFICE,NA,40,40147,OPEN,doc_excluded_local_jail,source type indicates local/federal jail or non-DOC facility,420 SOUTH JOHNSTONE AVENUE,BARTLESVILLE,Washington,36.749155684,-95.97754342
Oklahoma,NA,Oklahoma Department of Corrections,WASHITA COUNTY JAIL,hifld_prisons,COUNTY,NA,40,40149,OPEN,doc_excluded_local_jail,source type indicates local/federal jail or non-DOC facility,400 NORTH E MCCLARY RD,CORDELL,Washita,35.3013159589432,-98.9694220756796
Oklahoma,NA,Oklahoma Department of Corrections,WASHITA COUNTY SHERIFFS DEPARTMENT / WASHITA COUNTY JAIL,hifld,SHERIFF'S OFFICE,NA,40,40149,OPEN,doc_excluded_local_jail,source type indicates local/federal jail or non-DOC facility,215 EAST 1ST STREET,CORDELL,Washita,35.2925827,-98.9885922
Oklahoma,NA,Oklahoma Department of Corrections,Weatherford City Jail,jails_prisons,JAILS,Weatherford Police Department,40,40039,1,doc_excluded_local_jail,source type indicates local/federal jail or non-DOC facility,201 SW Main Street,Weatherford,Custer County,NA,NA
Oklahoma,NA,Oklahoma Department of Corrections,Woods County Jail,jails_prisons,JAILS,Woods County Sheriffs Office,40,40151,1,doc_excluded_local_jail,source type indicates local/federal jail or non-DOC facility,407 Government Street,Alva,Woods County,NA,NA
Oklahoma,NA,Oklahoma Department of Corrections,WOODS COUNTY SHERIFFS OFFICE,hifld,SHERIFF'S OFFICE,NA,40,40151,OPEN,doc_excluded_local_jail,source type indicates local/federal jail or non-DOC facility,407 GOVERNMENT STREET,ALVA,Woods,36.8043274,-98.6656578
Oklahoma,NA,Oklahoma Department of Corrections,WOODWARD COUNTY JAIL,hifld_prisons,COUNTY,NA,40,40153,OPEN,doc_excluded_local_jail,source type indicates local/federal jail or non-DOC facility,1600 MAIN STREET,WOODWARD,Woodward,36.43674174569243,-99.39968474008138
Oklahoma,NA,Oklahoma Department of Corrections,WOODWARD COUNTY SHERIFFS OFFICE,hifld,SHERIFF'S OFFICE,NA,40,40153,OPEN,doc_excluded_local_jail,source type indicates local/federal jail or non-DOC facility,1600 MAIN STREET,WOODWARD,Woodward,36.4365252,-99.3996311
Oklahoma,NA,Oklahoma Department of Corrections,Yukon City Jail,jails_prisons,JAILS,Yukon Police Department,40,40017,1,doc_excluded_local_jail,source type indicates local/federal jail or non-DOC facility,100 South Ranchwood Boulevard,Yukon,Canadian County,NA,NA
South Dakota,#Na,South Dakota Department of Corrections,AURORA COUNTY SHERIFF OFFICE,hifld,SHERIFF'S OFFICE,NA,46,46003,OPEN,doc_excluded_local_jail,source type indicates local/federal jail or non-DOC facility,401 NORTH MAIN STREET,PLANKINTON,Aurora,43.71761,-98.4856155
South Dakota,#Na,South Dakota Department of Corrections,BEADLE COUNTY REGIONAL CORRECTIONAL CENTER,hifld_prisons,COUNTY,NA,46,46005,OPEN,doc_excluded_local_jail,source type indicates local/federal jail or non-DOC facility,455 4TH ST SW,HURON,Beadle,44.36237766728902,-98.22183849787253
South Dakota,#Na,South Dakota Department of Corrections,Beadle County Regional Corrections Center,jails_prisons,JAILS,Beadle County Sheriffs Office,46,46005,1,doc_excluded_local_jail,source type indicates local/federal jail or non-DOC facility,"455 4th Street SW, Suite 100",Huron,Beadle County,NA,NA
South Dakota,#Na,South Dakota Department of Corrections,BEADLE COUNTY SHERIFF OFFICE / BEADLE COUNTY JAIL,hifld,SHERIFF'S OFFICE,NA,46,46005,OPEN,doc_excluded_local_jail,source type indicates local/federal jail or non-DOC facility,455 4TH STREET,HURON,Beadle,44.3623214,-98.2219356
South Dakota,#Na,South Dakota Department of Corrections,BENNETT COUNTY SHERIFF OFFICE,hifld,SHERIFF'S OFFICE,NA,46,46007,OPEN,doc_excluded_local_jail,source type indicates local/federal jail or non-DOC facility,201 STATE STREET,MARTIN,Bennett,43.175597723,-101.73391898
South Dakota,#Na,South Dakota Department of Corrections,BON HOMME COUNTY JAIL,hifld_prisons,COUNTY,NA,46,46009,OPEN,doc_excluded_local_jail,source type indicates local/federal jail or non-DOC facility,300 W 18TH AVE,TYNDALL,Bon Homme,42.993852689825886,-97.86621311691525
South Dakota,#Na,South Dakota Department of Corrections,BON HOMME COUNTY SHERIFFS OFFICE / BON HOMME COUNTY JAIL,hifld,SHERIFF'S OFFICE,NA,46,46009,OPEN,doc_excluded_local_jail,source type indicates local/federal jail or non-DOC facility,300 WEST 18TH AVENUE,TYNDALL,Bon Homme,42.9938899,-97.866171701
South Dakota,#Na,South Dakota Department of Corrections,BROOKINGS COUNTY DETENTION CENTER,hifld_prisons,COUNTY,NA,46,46011,OPEN,doc_excluded_local_jail,source type indicates local/federal jail or non-DOC facility,315 7TH AVE,BROOKINGS,Brookings,44.308693836938325,-96.79401047816367
South Dakota,#Na,South Dakota Department of Corrections,Brown County Jail,jails_prisons,JAILS,Brown County Sheriffs Office,46,46013,1,doc_excluded_local_jail,source type indicates local/federal jail or non-DOC facility,"22 Court Street, Suite 1",Aberdeen,Brown County,NA,NA
South Dakota,#Na,South Dakota Department of Corrections,BROWN COUNTY JAIL / JUVENILE DETENTION CENTER,hifld_prisons,COUNTY,NA,46,46013,OPEN,doc_excluded_local_jail,source type indicates local/federal jail or non-DOC facility,22 SE COURT ST,ABERDEEN,Brown,45.464569093547986,-98.48624558807616
South Dakota,#Na,South Dakota Department of Corrections,BRULE COUNTY JAIL,hifld_prisons,COUNTY,NA,46,46015,OPEN,doc_excluded_local_jail,source type indicates local/federal jail or non-DOC facility,201 W KELLAM AVE,CHAMBERLAIN,Brule,43.80806510270042,-99.33409772892324
South Dakota,#Na,South Dakota Department of Corrections,BRULE COUNTY SHERIFFS OFFICE / BRULE COUNTY JAIL,hifld,SHERIFF'S OFFICE,NA,46,46015,OPEN,doc_excluded_local_jail,source type indicates local/federal jail or non-DOC facility,201 WEST KELLAM AVENUE,CHAMBERLAIN,Brule,43.8080906,-99.3340824
South Dakota,#Na,South Dakota Department of Corrections,BUFFALO COUNTY SHERIFFS OFFICE,hifld,SHERIFF'S OFFICE,NA,46,46017,OPEN,doc_excluded_local_jail,source type indicates local/federal jail or non-DOC facility,112 OSMAN AVENUE,GANN VALLEY,Buffalo,44.0324957,-98.9869953
South Dakota,#Na,South Dakota Department of Corrections,BUTTE COUNTY SHERIFFS OFFICE,hifld,SHERIFF'S OFFICE,NA,46,46019,OPEN,doc_excluded_local_jail,source type indicates local/federal jail or non-DOC facility,839 5TH AVENUE,BELLE FOURCHE,Butte,44.6686451,-103.8531446
South Dakota,#Na,South Dakota Department of Corrections,CAMPBELL COUNTY SHERIFFS OFFICE,hifld,SHERIFF'S OFFICE,NA,46,46021,OPEN,doc_excluded_local_jail,source type indicates local/federal jail or non-DOC facility,111 2ND STREET NORTHEAST,MOUND CITY,Campbell,45.726907861,-100.068195776
South Dakota,#Na,South Dakota Department of Corrections,CHARLES MIX COUNTY JAIL,hifld_prisons,COUNTY,NA,46,46023,OPEN,doc_excluded_local_jail,source type indicates local/federal jail or non-DOC facility,501 EAST LAKE ST,LAKE ANDES,Charles Mix,43.153741043986585,-98.53813573428708
South Dakota,#Na,South Dakota Department of Corrections,CHARLES MIX COUNTY SHERIFFS OFFICE / CHARLES MIX COUNTY JAIL,hifld,SHERIFF'S OFFICE,NA,46,46023,OPEN,doc_excluded_local_jail,source type indicates local/federal jail or non-DOC facility,"501 J STREET, CHARLES MIX COUNTY LAW",LAKE ANDES,Charles Mix,43.153752189,-98.538183048
South Dakota,#Na,South Dakota Department of Corrections,CLARK COUNTY SHERIFFS OFFICE,hifld,SHERIFF'S OFFICE,NA,46,46025,OPEN,doc_excluded_local_jail,source type indicates local/federal jail or non-DOC facility,200 NORTH COMMERCIAL STREET,CLARK,Clark,44.879330491,-97.733892907
South Dakota,#Na,South Dakota Department of Corrections,CLAY COUNTY JAIL,hifld_prisons,COUNTY,NA,46,46027,OPEN,doc_excluded_local_jail,source type indicates local/federal jail or non-DOC facility,15 WASHINGTON ST,VERMILLION,Clay,42.78003886587057,-96.9361007045411
South Dakota,#Na,South Dakota Department of Corrections,CLAY COUNTY SHERIFFS OFFICE / CLAY COUNTY JAIL,hifld,SHERIFF'S OFFICE,NA,46,46027,OPEN,doc_excluded_local_jail,source type indicates local/federal jail or non-DOC facility,15 WASHINGTON STREET,VERMILLION,Clay,42.780032873,-96.936064388
South Dakota,#Na,South Dakota Department of Corrections,CODINGTON COUNTY REGIONAL DETENTION CENTER,hifld_prisons,COUNTY,NA,46,46029,OPEN,doc_excluded_local_jail,source type indicates local/federal jail or non-DOC facility,14 1ST AVENUE SOUTHEAST,WATERTOWN,Codington,44.89827796247115,-97.1140800170137
South Dakota,#Na,South Dakota Department of Corrections,CODINGTON COUNTY SHERIFFS OFFICE / CODINGTON COUNTY JAIL,hifld,SHERIFF'S OFFICE,NA,46,46029,OPEN,doc_excluded_local_jail,source type indicates local/federal jail or non-DOC facility,14 1ST AVENUE SOUTHEAST,WATERTOWN,Codington,44.8982445,-97.1140629
South Dakota,#Na,South Dakota Department of Corrections,CORSON COUNTY SHERIFFS DEPARTMENT,hifld,SHERIFF'S OFFICE,NA,46,46031,OPEN,doc_excluded_local_jail,source type indicates local/federal jail or non-DOC facility,111 2ND STREET EAST,MCINTOSH,Corson,45.921662599,-101.347159715
South Dakota,#Na,South Dakota Department of Corrections,CUSTER COUNTY SHERIFFS DEPARTMENT,hifld,SHERIFF'S OFFICE,NA,46,46033,OPEN,doc_excluded_local_jail,source type indicates local/federal jail or non-DOC facility,420 MT RUSHMORE ROAD,CUSTER,Custer,43.765148888,-103.600952697
South Dakota,#Na,South Dakota Department of Corrections,DAVISON COUNTY JAIL,hifld_prisons,COUNTY,NA,46,46035,OPEN,doc_excluded_local_jail,source type indicates local/federal jail or non-DOC facility,1015 SOUTH MILLER AVE,MITCHELL,Davison,43.700331390216576,-98.03789761159324
South Dakota,#Na,South Dakota Department of Corrections,DAVISON COUNTY SHERIFFS OFFICE / DAVISON COUNTY JAIL,hifld,SHERIFF'S OFFICE,NA,46,46035,OPEN,doc_excluded_local_jail,source type indicates local/federal jail or non-DOC facility,1015 SOUTH MILLER AVENUE,MITCHELL,Davison,43.700320315,-98.037907658
South Dakota,#Na,South Dakota Department of Corrections,Day County Jail,jails_prisons,JAILS,Day County Sheriffs Office,46,46037,1,doc_excluded_local_jail,source type indicates local/federal jail or non-DOC facility,710 W 2nd Street,Webster,Day County,NA,NA
South Dakota,#Na,South Dakota Department of Corrections,DAY COUNTY JAIL / DETENTION CENTER,hifld_prisons,COUNTY,NA,46,46037,OPEN,doc_excluded_local_jail,source type indicates local/federal jail or non-DOC facility,710 W 2ND ST,WEBSTER,Day,45.3328674690464,-97.52261051473857
South Dakota,#Na,South Dakota Department of Corrections,DAY COUNTY SHERIFFS OFFICE,hifld,SHERIFF'S OFFICE,NA,46,46037,OPEN,doc_excluded_local_jail,source type indicates local/federal jail or non-DOC facility,710 WEST 2ND STREET,WEBSTER,Day,45.332897736,-97.522666654
South Dakota,#Na,South Dakota Department of Corrections,DEUEL COUNTY SHERIFFS DEPARTMENT,hifld,SHERIFF'S OFFICE,NA,46,46039,OPEN,doc_excluded_local_jail,source type indicates local/federal jail or non-DOC facility,400 4TH STREET WEST,CLEAR LAKE,Deuel,44.755257518,-96.684712985
South Dakota,#Na,South Dakota Department of Corrections,DOUGLAS COUNTY SHERIFFS OFFICE,hifld,SHERIFF'S OFFICE,NA,46,46043,OPEN,doc_excluded_local_jail,source type indicates local/federal jail or non-DOC facility,720 BRADDOCK STREET,ARMOUR,Douglas,43.318407487,-98.344181093
South Dakota,#Na,South Dakota Department of Corrections,EDMUNDS COUNTY JAIL,hifld_prisons,COUNTY,NA,46,46045,OPEN,doc_excluded_local_jail,source type indicates local/federal jail or non-DOC facility,210 2ND ST,IPSWICH,Edmunds,45.445819372416906,-99.02563941719227
South Dakota,#Na,South Dakota Department of Corrections,EDMUNDS COUNTY SHERIFFS OFFICE / EDMUNDS COUNTY JAIL,hifld,SHERIFF'S OFFICE,NA,46,46045,OPEN,doc_excluded_local_jail,source type indicates local/federal jail or non-DOC facility,210 2ND AVENUE,IPSWICH,Edmunds,45.445780782,-99.025748466
South Dakota,#Na,South Dakota Department of Corrections,FALL RIVER COUNTY JAIL,hifld_prisons,COUNTY,NA,46,46047,OPEN,doc_excluded_local_jail,source type indicates local/federal jail or non-DOC facility,906 N RIVER ST,HOT SPRINGS,Fall River,43.43943542532071,-103.48046954303946
South Dakota,#Na,South Dakota Department of Corrections,FALL RIVER COUNTY SHERIFFS OFFICE / FALL RIVER COUNTY JAIL,hifld,SHERIFF'S OFFICE,NA,46,46047,OPEN,doc_excluded_local_jail,source type indicates local/federal jail or non-DOC facility,906 NORTH RIVER STREET,HOT SPRINGS,Fall River,43.439190514,-103.480308204
South Dakota,#Na,South Dakota Department of Corrections,FAULK COUNTY JAIL,hifld_prisons,COUNTY,NA,46,46049,NOT AVAILABLE,doc_excluded_local_jail,source type indicates local/federal jail or non-DOC facility,924 LAFOON AVE,FAULKTON,Faulk,45.033822343135924,-99.12679563231855
South Dakota,#Na,South Dakota Department of Corrections,FAULK COUNTY SHERIFFS OFFICE / FAULK COUNTY JAIL,hifld,SHERIFF'S OFFICE,NA,46,46049,OPEN,doc_excluded_local_jail,source type indicates local/federal jail or non-DOC facility,924 LAFOON AVENUE,FAULKTON,Faulk,45.033803428,-99.126831561
South Dakota,#Na,South Dakota Department of Corrections,FPC YANKTON,hifld_prisons,FEDERAL,NA,46,46135,OPEN,doc_excluded_local_jail,source type indicates local/federal jail or non-DOC facility,1016 DOUGLAS AVE,YANKTON,Yankton,42.880325317937086,-97.39035614846802
South Dakota,#Na,South Dakota Department of Corrections,GRANT COUNTY JAIL,hifld_prisons,COUNTY,NA,46,46051,OPEN,doc_excluded_local_jail,source type indicates local/federal jail or non-DOC facility,222 E 5TH AVE,MILBANK,Grant,45.2176026016986,-96.6354235384531
South Dakota,#Na,South Dakota Department of Corrections,GREGORY COUNTY SHERIFFS OFFICE,hifld,SHERIFF'S OFFICE,NA,46,46053,OPEN,doc_excluded_local_jail,source type indicates local/federal jail or non-DOC facility,221 EAST 8TH STREET,BURKE,Gregory,43.182005964,-99.290011357
South Dakota,#Na,South Dakota Department of Corrections,HAAKON COUNTY SHERIFFS OFFICE,hifld,SHERIFF'S OFFICE,NA,46,46055,OPEN,doc_excluded_local_jail,source type indicates local/federal jail or non-DOC facility,140 SOUTH HOWARD AVENUE,PHILIP,Haakon,44.038931292,-101.666541069
South Dakota,#Na,South Dakota Department of Corrections,HAMLIN COUNTY SHERIFFS OFFICE,hifld,SHERIFF'S OFFICE,NA,46,46057,OPEN,doc_excluded_local_jail,source type indicates local/federal jail or non-DOC facility,300 4TH STREET,HAYTI,Hamlin,44.657052387,-97.203532573
South Dakota,#Na,South Dakota Department of Corrections,HAND COUNTY SHERIFFS OFFICE,hifld,SHERIFF'S OFFICE,NA,46,46059,OPEN,doc_excluded_local_jail,source type indicates local/federal jail or non-DOC facility,415 WEST 1ST AVENUE,MILLER,Hand,44.5199608,-98.9908652
South Dakota,#Na,South Dakota Department of Corrections,HANSON COUNTY SHERIFFS OFFICE,hifld,SHERIFF'S OFFICE,NA,46,46061,OPEN,doc_excluded_local_jail,source type indicates local/federal jail or non-DOC facility,720 5TH STREET,ALEXANDRIA,Hanson,43.654964099,-97.777974608
South Dakota,#Na,South Dakota Department of Corrections,HARDING COUNTY SHERIFFS OFFICE,hifld,SHERIFF'S OFFICE,NA,46,46063,OPEN,doc_excluded_local_jail,source type indicates local/federal jail or non-DOC facility,410 RAMSLAND STREET,BUFFALO,Harding,45.5838789,-103.5505538
South Dakota,#Na,South Dakota Department of Corrections,Hughes County Jail,jails_prisons,JAILS,Hughes County Sheriffs Office,46,46065,1,doc_excluded_local_jail,source type indicates local/federal jail or non-DOC facility,3100 East Highway 34,Pierre,Hughes County,NA,NA
South Dakota,#Na,South Dakota Department of Corrections,HUGHES COUNTY JAIL AND JUVENILE DETENTION CTR,hifld_prisons,COUNTY,NA,46,46065,OPEN,doc_excluded_local_jail,source type indicates local/federal jail or non-DOC facility,3100 E HIGHWAY 34,PIERRE,Hughes,44.358791707702366,-100.30373313862691
South Dakota,#Na,South Dakota Department of Corrections,HUGHES COUNTY SHERIFFS OFFICE,hifld,SHERIFF'S OFFICE,NA,46,46065,OPEN,doc_excluded_local_jail,source type indicates local/federal jail or non-DOC facility,3200 EAST STATE HIGHWAY 34,PIERRE,Hughes,44.357906738,-100.308044073
South Dakota,#Na,South Dakota Department of Corrections,HUTCHINSON COUNTY SHERIFFS OFFICE,hifld,SHERIFF'S OFFICE,NA,46,46067,OPEN,doc_excluded_local_jail,source type indicates local/federal jail or non-DOC facility,"140 EAST EUCLID STREET, ROOM 123",OLIVET,Hutchinson,43.2410841,-97.6747138
South Dakota,#Na,South Dakota Department of Corrections,HYDE COUNTY SHERIFFS OFFICE,hifld,SHERIFF'S OFFICE,NA,46,46069,OPEN,doc_excluded_local_jail,source type indicates local/federal jail or non-DOC facility,412 COMMERCIAL AVENUE SOUTHEAST,HIGHMORE,Hyde,44.516461252,-99.439419184
South Dakota,#Na,South Dakota Department of Corrections,JACKSON COUNTY SHERIFFS DEPARTMENT,hifld,SHERIFF'S OFFICE,NA,46,46071,OPEN,doc_excluded_local_jail,source type indicates local/federal jail or non-DOC facility,700 MAIN STREET,KADOKA,Jackson,43.835343,-101.509608899
South Dakota,#Na,South Dakota Department of Corrections,JERAULD COUNTY SHERIFFS DEPARTMENT,hifld,SHERIFF'S OFFICE,NA,46,46073,OPEN,doc_excluded_local_jail,source type indicates local/federal jail or non-DOC facility,205 SOUTH WALLACE AVENUE,WESSINGTON SPRINGS,Jerauld,44.07831078,-98.570060991
South Dakota,#Na,South Dakota Department of Corrections,JONES COUNTY SHERIFFS OFFICE,hifld,SHERIFF'S OFFICE,NA,46,46075,OPEN,doc_excluded_local_jail,source type indicates local/federal jail or non-DOC facility,104 EAST 4TH STREET,MURDO,Jones,43.8878081,-100.7129859
South Dakota,#Na,South Dakota Department of Corrections,KINGSBURY COUNTY SHERIFFS OFFICE,hifld,SHERIFF'S OFFICE,NA,46,46077,OPEN,doc_excluded_local_jail,source type indicates local/federal jail or non-DOC facility,101 2ND STREET SOUTHEAST,DE SMET,Kingsbury,44.386134323,-97.546171416
South Dakota,#Na,South Dakota Department of Corrections,LAKE COUNTY JAIL,hifld_prisons,COUNTY,NA,46,46079,OPEN,doc_excluded_local_jail,source type indicates local/federal jail or non-DOC facility,200 E CENTER ST,MADISON,Lake,44.00578525173029,-97.11149529676266
South Dakota,#Na,South Dakota Department of Corrections,LAKE COUNTY SHERIFFS OFFICE / LAKE COUNTY JAIL,hifld,SHERIFF'S OFFICE,NA,46,46079,OPEN,doc_excluded_local_jail,source type indicates local/federal jail or non-DOC facility,219 NORTHEAST 1ST STREET,MADISON,Lake,44.005871961,-97.111454284
South Dakota,#Na,South Dakota Department of Corrections,LAWRENCE COUNTY JAIL,hifld_prisons,COUNTY,NA,46,46081,OPEN,doc_excluded_local_jail,source type indicates local/federal jail or non-DOC facility,80 SHERMAN ST,DEADWOOD,Lawrence,44.37429721893767,-103.72954599626641
South Dakota,#Na,South Dakota Department of Corrections,LAWRENCE COUNTY SHERIFFS OFFICE / LAWRENCE COUNTY JAIL,hifld,SHERIFF'S OFFICE,NA,46,46081,OPEN,doc_excluded_local_jail,source type indicates local/federal jail or non-DOC facility,"80 SHERMAN STREET, SUITE 1",DEADWOOD,Lawrence,44.374717902,-103.72982552
South Dakota,#Na,South Dakota Department of Corrections,LINCOLN COUNTY SHERIFFS OFFICE,hifld,SHERIFF'S OFFICE,NA,46,46083,OPEN,doc_excluded_local_jail,source type indicates local/federal jail or non-DOC facility,128 NORTH MAIN STREET,CANTON,Lincoln,43.3016169,-96.5921111
South Dakota,#Na,South Dakota Department of Corrections,LYMAN COUNTY SHERIFFS OFFICE,hifld,SHERIFF'S OFFICE,NA,46,46085,OPEN,doc_excluded_local_jail,source type indicates local/federal jail or non-DOC facility,300 SOUTH MAIN STREET,KENNEBEC,Lyman,43.9021571,-99.8620231
South Dakota,#Na,South Dakota Department of Corrections,MARSHALL COUNTY JAIL,hifld_prisons,COUNTY,NA,46,46091,OPEN,doc_excluded_local_jail,source type indicates local/federal jail or non-DOC facility,911 VANDER HORCK ST,BRITTON,Marshall,45.79076889150005,-97.75427370250002
South Dakota,#Na,South Dakota Department of Corrections,MARSHALL COUNTY SHERIFFS OFFICE / MARSHALL COUNTY JAIL,hifld,SHERIFF'S OFFICE,NA,46,46091,OPEN,doc_excluded_local_jail,source type indicates local/federal jail or non-DOC facility,911 VANDER HORCK STREET,BRITTON,Marshall,45.7907588,-97.754277
South Dakota,#Na,South Dakota Department of Corrections,MCCOOK COUNTY SHERIFFS DEPARTMENT,hifld,SHERIFF'S OFFICE,NA,46,46087,OPEN,doc_excluded_local_jail,source type indicates local/federal jail or non-DOC facility,130 EAST ESSEX AVENUE,SALEM,Mccook,43.728079775,-97.388132711
South Dakota,#Na,South Dakota Department of Corrections,MCPHERSON COUNTY SHERIFFS OFFICE,hifld,SHERIFF'S OFFICE,NA,46,46089,OPEN,doc_excluded_local_jail,source type indicates local/federal jail or non-DOC facility,706 MAIN STREET,LEOLA,Mcpherson,45.7232823,-98.9400987
South Dakota,#Na,South Dakota Department of Corrections,Meade County Jail,jails_prisons,JAILS,Meade County Sheriffs Office,46,46093,1,doc_excluded_local_jail,source type indicates local/federal jail or non-DOC facility,1400 Main Street,Sturgis,Meade County,NA,NA
South Dakota,#Na,South Dakota Department of Corrections,MEADE COUNTY JAIL / SHERIFF,hifld_prisons,COUNTY,NA,46,46093,OPEN,doc_excluded_local_jail,source type indicates local/federal jail or non-DOC facility,1400 MAIN ST,STURGIS,Meade,44.4142627790828,-103.5160734345442
South Dakota,#Na,South Dakota Department of Corrections,MEADE COUNTY SHERIFFS OFFICE / MEADE COUNTY JAIL,hifld,SHERIFF'S OFFICE,NA,46,46093,OPEN,doc_excluded_local_jail,source type indicates local/federal jail or non-DOC facility,1400 MAIN STREET,STURGIS,Meade,44.414286085,-103.516058853
South Dakota,#Na,South Dakota Department of Corrections,MELLETTE COUNTY JAIL,hifld_prisons,COUNTY,NA,46,46095,OPEN,doc_excluded_local_jail,source type indicates local/federal jail or non-DOC facility,321 E 4TH ST,WHITE RIVER,Mellette,43.56931531000009,-100.746058658
South Dakota,#Na,South Dakota Department of Corrections,MELLETTE COUNTY SHERIFFS OFFICE / MELLETTE COUNTY JAIL,hifld,SHERIFF'S OFFICE,NA,46,46095,OPEN,doc_excluded_local_jail,source type indicates local/federal jail or non-DOC facility,321 EAST 4TH STREET,WHITE RIVER,Mellette,43.5693032,-100.746044199
South Dakota,#Na,South Dakota Department of Corrections,MINER COUNTY SHERIFFS OFFICE,hifld,SHERIFF'S OFFICE,NA,46,46097,OPEN,doc_excluded_local_jail,source type indicates local/federal jail or non-DOC facility,400 NORTH MAIN STREET,HOWARD,Miner,44.0154098,-97.5268957
South Dakota,#Na,South Dakota Department of Corrections,MINNEHAHA COUNTY CORRECTIONS CENTER,hifld_prisons,COUNTY,NA,46,46099,OPEN,doc_excluded_local_jail,source type indicates local/federal jail or non-DOC facility,1900 W RUSSELL ST,SIOUX FALLS,Minnehaha,43.56480283198002,-96.75292102449515
South Dakota,#Na,South Dakota Department of Corrections,MINNEHAHA COUNTY JAIL,hifld_prisons,COUNTY,NA,46,46099,OPEN,doc_excluded_local_jail,source type indicates local/federal jail or non-DOC facility,500 N MINNESOTA AVE,SIOUX FALLS,Minnehaha,43.55295392960334,-96.73056293081255
South Dakota,#Na,South Dakota Department of Corrections,MINNEHAHA COUNTY REG JUVENILE DETENTION CENTER,hifld_prisons,COUNTY,NA,46,46099,OPEN,doc_excluded_local_jail,source type indicates local/federal jail or non-DOC facility,4200 S WEST AVE,SIOUX FALLS,Minnehaha,43.50605677344387,-96.74462087172168
South Dakota,#Na,South Dakota Department of Corrections,MINNEHAHA COUNTY SHERIFFS DEPARTMENT,hifld,SHERIFF'S OFFICE,NA,46,46099,OPEN,doc_excluded_local_jail,source type indicates local/federal jail or non-DOC facility,"320 WEST 4TH STREET, SIOUX FALLS LAW ENFORCEMENT CENTER",SIOUX FALLS,Minnehaha,43.5545239,-96.7302685
South Dakota,#Na,South Dakota Department of Corrections,MOODY COUNTY SHERIFF,hifld,SHERIFF'S OFFICE,NA,46,46101,OPEN,doc_excluded_local_jail,source type indicates local/federal jail or non-DOC facility,108 EAST PIPESTONE AVENUE,FLANDREAU,Moody,44.0487054,-96.5943939
South Dakota,#Na,South Dakota Department of Corrections,PENNINGTON COUNTY FRIENDSHIP HOUSE,hifld_prisons,COUNTY,NA,46,46103,OPEN,doc_excluded_local_jail,source type indicates local/federal jail or non-DOC facility,703 ADAMS ST,RAPID CITY,Pennington,44.09108250303179,-103.22660647556302
South Dakota,#Na,South Dakota Department of Corrections,PENNINGTON COUNTY JAIL,hifld_prisons,COUNTY,NA,46,46103,OPEN,doc_excluded_local_jail,source type indicates local/federal jail or non-DOC facility,307 ST. JOSEPH ST,RAPID CITY,Pennington,44.078525130408266,-103.22135270090799
South Dakota,#Na,South Dakota Department of Corrections,PENNINGTON COUNTY SHERIFFS OFFICE,hifld,SHERIFF'S OFFICE,NA,46,46103,OPEN,doc_excluded_local_jail,source type indicates local/federal jail or non-DOC facility,300 KANSAS CITY STREET,RAPID CITY,Pennington,44.078366197,-103.221966501
South Dakota,#Na,South Dakota Department of Corrections,PERKINS COUNTY JAIL,hifld_prisons,COUNTY,NA,20,20095,OPEN,doc_excluded_local_jail,source type indicates local/federal jail or non-DOC facility,100 MAIN AVE,BISON,Kingman,37.514077018677924,-98.02727955748387
South Dakota,#Na,South Dakota Department of Corrections,PERKINS COUNTY SHERIFFS OFFICE,hifld,SHERIFF'S OFFICE,NA,46,46105,OPEN,doc_excluded_local_jail,source type indicates local/federal jail or non-DOC facility,100 EAST MAIN STREET,BISON,Perkins,45.522904,-102.4644402
South Dakota,#Na,South Dakota Department of Corrections,POTTER COUNTY SHERIFFS OFFICE,hifld,SHERIFF'S OFFICE,NA,46,46107,OPEN,doc_excluded_local_jail,source type indicates local/federal jail or non-DOC facility,201 SOUTH EXENE STREET,GETTYSBURG,Potter,45.009836677,-99.955032802
South Dakota,#Na,South Dakota Department of Corrections,Roberts County Jail,jails_prisons,JAILS,Roberts County Sheriffs Office,46,46109,1,doc_excluded_local_jail,source type indicates local/federal jail or non-DOC facility,11924 BIA Highway 700,Sisseton,Roberts County,NA,NA
South Dakota,#Na,South Dakota Department of Corrections,ROBERTS COUNTY JAIL / JUVENILE DETENTION CENTER,hifld_prisons,COUNTY,NA,46,46109,OPEN,doc_excluded_local_jail,source type indicates local/federal jail or non-DOC facility,11924 BIA HWY 700,SISSETON,Roberts,45.65564070773562,-97.05896662137957
South Dakota,#Na,South Dakota Department of Corrections,ROBERTS COUNTY SHERIFF'S OFFICE,hifld,SHERIFF'S OFFICE,NA,46,46109,OPEN,doc_excluded_local_jail,source type indicates local/federal jail or non-DOC facility,412 3RD AVE E,SISSETON,Roberts,45.664283723,-97.047749452
South Dakota,#Na,South Dakota Department of Corrections,SANBORN COUNTY SHERIFFS OFFICE,hifld,SHERIFF'S OFFICE,NA,46,46111,OPEN,doc_excluded_local_jail,source type indicates local/federal jail or non-DOC facility,604 WEST 6TH STREET,WOONSOCKET,Sanborn,44.0534027,-98.2779211
South Dakota,#Na,South Dakota Department of Corrections,SHANNON COUNTY SHERIFFS OFFICE,hifld,SHERIFF'S OFFICE,NA,46,46047,OPEN,doc_excluded_local_jail,source type indicates local/federal jail or non-DOC facility,906 NORTH RIVER STREET,HOT SPRINGS,Fall River,43.43921025,-103.480239499
South Dakota,#Na,South Dakota Department of Corrections,SPINK COUNTY SHERIFFS OFFICE,hifld,SHERIFF'S OFFICE,NA,46,46115,OPEN,doc_excluded_local_jail,source type indicates local/federal jail or non-DOC facility,210 EAST 7TH AVENUE,REDFIELD,Spink,44.875209015,-98.514523968
South Dakota,#Na,South Dakota Department of Corrections,STANLEY COUNTY LAW ENFORCEMENT,hifld,SHERIFF'S OFFICE,NA,46,46117,OPEN,doc_excluded_local_jail,source type indicates local/federal jail or non-DOC facility,8 EAST 2ND AVENUE,FORT PIERRE,Stanley,44.3553446,-100.3732552
South Dakota,#Na,South Dakota Department of Corrections,SULLY COUNTY SHERIFFS OFFICE,hifld,SHERIFF'S OFFICE,NA,46,46119,OPEN,doc_excluded_local_jail,source type indicates local/federal jail or non-DOC facility,700 ASH AVENUE,ONIDA,Sully,44.708445154,-100.066142371
South Dakota,#Na,South Dakota Department of Corrections,TODD COUNTY SHERIFFS DEPARTMENT,hifld,SHERIFF'S OFFICE,NA,46,46121,NOT AVAILABLE,doc_excluded_local_jail,source type indicates local/federal jail or non-DOC facility,315 LINCOLN STREET,MISSION,Todd,43.3083202,-100.6574707
South Dakota,#Na,South Dakota Department of Corrections,TRIPP COUNTY SHERIFFS OFFICE,hifld,SHERIFF'S OFFICE,NA,46,46123,OPEN,doc_excluded_local_jail,source type indicates local/federal jail or non-DOC facility,200 EAST 3RD STREET,WINNER,Tripp,43.3759956,-99.8546235
South Dakota,#Na,South Dakota Department of Corrections,TURNER COUNTY SHERIFFS DEPARTMENT,hifld,SHERIFF'S OFFICE,NA,46,46125,OPEN,doc_excluded_local_jail,source type indicates local/federal jail or non-DOC facility,400 SOUTH MAIN STREET,PARKER,Turner,43.393464535,-97.136755445
South Dakota,#Na,South Dakota Department of Corrections,UNION COUNTY JAIL,hifld_prisons,COUNTY,NA,46,46127,OPEN,doc_excluded_local_jail,source type indicates local/federal jail or non-DOC facility,209 E MAIN ST,ELK POINT,Union,42.685854783557716,-96.68245724396273
South Dakota,#Na,South Dakota Department of Corrections,UNION COUNTY SHERIFF OFFICE / UNION JAIL,hifld,SHERIFF'S OFFICE,NA,46,46127,OPEN,doc_excluded_local_jail,source type indicates local/federal jail or non-DOC facility,209 EAST MAIN STREET,ELK POINT,Union,42.685762296,-96.682882015
South Dakota,#Na,South Dakota Department of Corrections,WALWORTH COUNTY JAIL,hifld_prisons,COUNTY,NA,46,46129,OPEN,doc_excluded_local_jail,source type indicates local/federal jail or non-DOC facility,4308 4TH AVE,SELBY,Walworth,45.506777110015015,-100.03331087225625
South Dakota,#Na,South Dakota Department of Corrections,WALWORTH COUNTY SHERIFF / WALWORTH COUNTY JAIL,hifld,SHERIFF'S OFFICE,NA,46,46129,OPEN,doc_excluded_local_jail,source type indicates local/federal jail or non-DOC facility,4308 4TH AVENUE,SELBY,Walworth,45.50720303,-100.034334474
South Dakota,#Na,South Dakota Department of Corrections,WANBLI WICONI TIPI YOUTH WELLNESS / RENEWAL CTR,hifld_prisons,COUNTY,NA,46,46121,OPEN,doc_excluded_local_jail,source type indicates local/federal jail or non-DOC facility,"1 BRISTOW RANCH, US HWY 18",ROSEBUD,Todd,43.311639273059654,-100.80317774794719
South Dakota,#Na,South Dakota Department of Corrections,WESTERN SOUTH DAKOTA JUVENILE SERVICES CENTER,hifld_prisons,COUNTY,NA,46,46103,OPEN,doc_excluded_local_jail,source type indicates local/federal jail or non-DOC facility,3505 CAMBELL ST,RAPID CITY,Pennington,44.05096012199562,-103.19303579723939
South Dakota,#Na,South Dakota Department of Corrections,Winner City Jail,jails_prisons,JAILS,Winner Police Department,46,46123,1,doc_excluded_local_jail,source type indicates local/federal jail or non-DOC facility,217 East 3rd Street,Winner,Tripp County,NA,NA
South Dakota,#Na,South Dakota Department of Corrections,Yankton County Jail,jails_prisons,JAILS,Yankton County Sheriff Office,46,46135,1,doc_excluded_local_jail,source type indicates local/federal jail or non-DOC facility,410 Walnut Street,Yankton,Yankton County,NA,NA
South Dakota,#Na,South Dakota Department of Corrections,YANKTON COUNTY SHERIFF,hifld_prisons,COUNTY,NA,46,46135,OPEN,doc_excluded_local_jail,source type indicates local/federal jail or non-DOC facility,410 WALNUT ST,YANKTON,Yankton,42.87185332984107,-97.39319365937504
South Dakota,#Na,South Dakota Department of Corrections,YANKTON COUNTY SHERIFFS OFFICE / YANKTON COUNTY JAIL,hifld,SHERIFF'S OFFICE,NA,46,46135,OPEN,doc_excluded_local_jail,source type indicates local/federal jail or non-DOC facility,"410 WALNUT STREET, SUITE 104",YANKTON,Yankton,42.871826057,-97.392958446
South Dakota,#Na,South Dakota Department of Corrections,ZIEBACH COUNTY SHERIFFS OFFICE,hifld,SHERIFF'S OFFICE,NA,46,46137,OPEN,doc_excluded_local_jail,source type indicates local/federal jail or non-DOC facility,MAIN STREET,DUPREE,Ziebach,45.0470827,-101.6023418
Tennessee,NA,Tennessee Department of Corrections,ANDERSON COUNTY DETENTION FACILITY,hifld_prisons,COUNTY,NA,47,47001,OPEN,doc_excluded_local_jail,source type indicates local/federal jail or non-DOC facility,308 PUBLIC SAFELY LANE,CLINTON,Anderson,36.123678813043334,-84.1181029533302
Tennessee,NA,Tennessee Department of Corrections,ANDERSON COUNTY JAIL,hifld,LOCAL POLICE DEPARTMENT,NA,47,47001,OPEN,doc_excluded_local_jail,source type indicates local/federal jail or non-DOC facility,308 PUBLIC SAFETY LANE,CLINTON,Anderson,36.1235997,-84.1179013
Tennessee,NA,Tennessee Department of Corrections,ANDERSON COUNTY SHERIFFS DEPARTMENT,hifld,SHERIFF'S OFFICE,NA,47,47001,OPEN,doc_excluded_local_jail,source type indicates local/federal jail or non-DOC facility,"101 NORTH MAIN STREET, SUITE 400",CLINTON,Anderson,36.1003951,-84.1338649
Tennessee,NA,Tennessee Department of Corrections,BARTLETT CITY JAIL,hifld_prisons,LOCAL,NA,47,47157,OPEN,doc_excluded_local_jail,source type indicates local/federal jail or non-DOC facility,3730 APPLING ROAD,BARTLETT,Shelby,35.22801170172859,-89.80798152473913
Tennessee,NA,Tennessee Department of Corrections,BEDFORD COUNTY JAIL,hifld_prisons,COUNTY,NA,47,47003,OPEN,doc_excluded_local_jail,source type indicates local/federal jail or non-DOC facility,210 N SPRING ST,SHELBYVILLE,Bedford,35.484720837429535,-86.46059654575241
Tennessee,NA,Tennessee Department of Corrections,BEDFORD COUNTY JUSTICE COMPLEX,hifld_prisons,COUNTY,NA,47,47003,OPEN,doc_excluded_local_jail,source type indicates local/federal jail or non-DOC facility,108 NORTHCREEK DRIVE,SHELBYVILLE,Bedford,35.56085989443124,-86.45488744106257
Tennessee,NA,Tennessee Department of Corrections,BEDFORD COUNTY JUVENILE DETENTION CENTER,hifld_prisons,COUNTY,NA,47,47003,OPEN,doc_excluded_local_jail,source type indicates local/federal jail or non-DOC facility,101 LANE PKWY,SHELBYVILLE,Bedford,35.484661281952285,-86.46007771650426
Tennessee,NA,Tennessee Department of Corrections,Bedford County Workhouse,jails_prisons,JAILS,Bedford County Sheriffs Department,47,47003,1,doc_excluded_local_jail,source type indicates local/federal jail or non-DOC facility,203 Lane Parkway,Shelbyville,Bedford County,NA,NA
Tennessee,NA,Tennessee Department of Corrections,BENTON COUNTY JAIL,hifld_prisons,COUNTY,NA,47,47005,OPEN,doc_excluded_local_jail,source type indicates local/federal jail or non-DOC facility,116 ROSEMARY AVE,CAMDEN,Benton,36.056672421830655,-88.09870450890979
Tennessee,NA,Tennessee Department of Corrections,BENTON COUNTY SHERIFFS DEPARTMENT / BENTON COUNTY JAIL,hifld,SHERIFF'S OFFICE,NA,47,47005,OPEN,doc_excluded_local_jail,source type indicates local/federal jail or non-DOC facility,116 SOUTH ROSEMARY AVENUE,CAMDEN,Benton,36.056599458,-88.098774893
Tennessee,NA,Tennessee Department of Corrections,BLEDSOE COUNTY JAIL,hifld_prisons,COUNTY,NA,47,47007,OPEN,doc_excluded_local_jail,source type indicates local/federal jail or non-DOC facility,235 ALLEN P. DEAKINS ROAD,PIKEVILLE,Bledsoe,35.614121661483495,-85.19517789803136
Tennessee,NA,Tennessee Department of Corrections,BLEDSOE COUNTY JAIL - FRAZIER STREET,hifld_prisons,COUNTY,NA,47,47007,CLOSED,doc_excluded_local_jail,source type indicates local/federal jail or non-DOC facility,130 FRAZIER STREET,PIKEVILLE,Bledsoe,35.60440211173065,-85.18801677666808
Tennessee,NA,Tennessee Department of Corrections,BLEDSOE COUNTY SHERIFFS DEPARTMENT / BLEDSOE COUNTY JAIL,hifld,SHERIFF'S OFFICE,NA,47,47007,OPEN,doc_excluded_local_jail,source type indicates local/federal jail or non-DOC facility,130 FRAZIER STREET,PIKEVILLE,Bledsoe,35.604354,-85.1880911
Tennessee,NA,Tennessee Department of Corrections,BLOUNT COUNTY DETENTION FACILITY,hifld_prisons,COUNTY,NA,47,47009,OPEN,doc_excluded_local_jail,source type indicates local/federal jail or non-DOC facility,940 E LAMAR ALEXANDER PKWY,MARYVILLE,Blount,35.75397893238462,-83.95851334217053
Tennessee,NA,Tennessee Department of Corrections,BLOUNT COUNTY JUVENILE DETENTION CENTER,hifld_prisons,COUNTY,NA,47,47009,OPEN,doc_excluded_local_jail,source type indicates local/federal jail or non-DOC facility,329 COURT ST,MARYVILLE,Blount,35.754313675432044,-83.96926270197231
Tennessee,NA,Tennessee Department of Corrections,BRADLEY COUNTY JAIL / JUSTICE CENTER,hifld_prisons,COUNTY,NA,47,47011,OPEN,doc_excluded_local_jail,source type indicates local/federal jail or non-DOC facility,2290 BLYTHE AVE,CLEVELAND,Bradley,35.1332465311319,-84.88330908183879
Tennessee,NA,Tennessee Department of Corrections,BRADLEY COUNTY JUVENILE DETENTION CENTER,hifld_prisons,COUNTY,NA,47,47011,OPEN,doc_excluded_local_jail,source type indicates local/federal jail or non-DOC facility,1620 JOHNSON BLVD SE,CLEVELAND,Bradley,35.137908077198816,-84.86362686018042
Tennessee,NA,Tennessee Department of Corrections,BRADLEY COUNTY SHERIFFS DEPARTMENT / BRADLEY COUNTY JAIL,hifld,SHERIFF'S OFFICE,NA,47,47011,OPEN,doc_excluded_local_jail,source type indicates local/federal jail or non-DOC facility,2290 BLYTHE AVENUE SOUTHEAST,CLEVELAND,Bradley,35.1333393,-84.8832341
Tennessee,NA,Tennessee Department of Corrections,CAMPBELL COUNTY JAIL,hifld_prisons,COUNTY,NA,47,47013,OPEN,doc_excluded_local_jail,source type indicates local/federal jail or non-DOC facility,195 KENTUCKY ST,JACKSBORO,Campbell,36.33082546293207,-84.18381150553991
Tennessee,NA,Tennessee Department of Corrections,CAMPBELL COUNTY SHERIFFS DEPARTMENT / CAMPBELL COUNTY JAIL,hifld,SHERIFF'S OFFICE,NA,47,47013,OPEN,doc_excluded_local_jail,source type indicates local/federal jail or non-DOC facility,600 MAIN STREET,JACKSBORO,Campbell,36.3306115,-84.1828055
Tennessee,NA,Tennessee Department of Corrections,CANNON COUNTY JAIL,hifld_prisons,COUNTY,NA,47,47015,OPEN,doc_excluded_local_jail,source type indicates local/federal jail or non-DOC facility,110 ALEXANDER DR,WOODBURY,Cannon,35.83280735433413,-86.07013872738437
Tennessee,NA,Tennessee Department of Corrections,CANNON COUNTY SHERIFFS DEPARTMENT / CANNON COUNTY JAIL,hifld,SHERIFF'S OFFICE,NA,47,47015,OPEN,doc_excluded_local_jail,source type indicates local/federal jail or non-DOC facility,110 ALEXANDER DRIVE,WOODBURY,Cannon,35.832751,-86.069942699
Tennessee,NA,Tennessee Department of Corrections,CARROLL COUNTY JAIL,hifld,LOCAL POLICE DEPARTMENT,NA,47,47017,OPEN,doc_excluded_local_jail,source type indicates local/federal jail or non-DOC facility,200 NORANDAL DRIVE,HUNTINGDON,Carroll,36.0197268,-88.3765567
Tennessee,NA,Tennessee Department of Corrections,CARROLL COUNTY SHERIFFS DEPARTMENT,hifld,SHERIFF'S OFFICE,NA,47,47017,OPEN,doc_excluded_local_jail,source type indicates local/federal jail or non-DOC facility,126 WEST PARIS STREET,HUNTINGDON,Carroll,36.0019176,-88.4288823
Tennessee,NA,Tennessee Department of Corrections,CARTER COUNTY JAIL,hifld_prisons,COUNTY,NA,47,47019,OPEN,doc_excluded_local_jail,source type indicates local/federal jail or non-DOC facility,900 EAST ELK AVENUE,ELIZABETHTON,Carter,36.34806825424804,-82.20868941113527
Tennessee,NA,Tennessee Department of Corrections,CARTER COUNTY SHERIFFS DEPARTMENT / CARTER COUNTY JAIL,hifld,SHERIFF'S OFFICE,NA,47,47019,OPEN,doc_excluded_local_jail,source type indicates local/federal jail or non-DOC facility,900 EAST ELK AVENUE,ELIZABETHTON,Carter,36.348242,-82.208725501
Tennessee,NA,Tennessee Department of Corrections,CHEATHAM COUNTY JAIL,hifld_prisons,COUNTY,NA,47,47021,OPEN,doc_excluded_local_jail,source type indicates local/federal jail or non-DOC facility,200 PUBLIC SQUARE,ASHLAND CITY,Cheatham,36.27477698928079,-87.06326335987855
Tennessee,NA,Tennessee Department of Corrections,CHEATHAM COUNTY SHERIFFS DEPARTMENT / CHEATHAM COUNTY JAIL,hifld,SHERIFF'S OFFICE,NA,47,47021,OPEN,doc_excluded_local_jail,source type indicates local/federal jail or non-DOC facility,100 COURT STREET,ASHLAND CITY,Cheatham,36.275007,-87.063390735
Tennessee,NA,Tennessee Department of Corrections,CHESTER COUNTY JAIL,hifld_prisons,COUNTY,NA,47,47023,OPEN,doc_excluded_local_jail,source type indicates local/federal jail or non-DOC facility,333 ERIC BELL DRIVE,HENDERSON,Chester,35.43325291545244,-88.6432294598603
Tennessee,NA,Tennessee Department of Corrections,CHESTER COUNTY SHERIFFS DEPARTMENT / CHESTER COUNTY JAIL,hifld,SHERIFF'S OFFICE,NA,47,47023,OPEN,doc_excluded_local_jail,source type indicates local/federal jail or non-DOC facility,126 CROOK AVENUE,HENDERSON,Chester,35.440519995,-88.64088243
Tennessee,NA,Tennessee Department of Corrections,CLAIBORNE CO TEMP JUVENILE HOLDING FACILITY,hifld_prisons,COUNTY,NA,47,47025,OPEN,doc_excluded_local_jail,source type indicates local/federal jail or non-DOC facility,1742 MAIN STREET,TAZEWELL,Claiborne,36.45438718007602,-83.5694896888862
Tennessee,NA,Tennessee Department of Corrections,CLAIBORNE COUNTY JAIL,hifld_prisons,COUNTY,NA,47,47025,OPEN,doc_excluded_local_jail,source type indicates local/federal jail or non-DOC facility,415 STRAIGHT CREEK RD,NEW TAZEWELL,Claiborne,36.44021567903236,-83.57676008944611
Tennessee,NA,Tennessee Department of Corrections,CLAIBORNE COUNTY SHERIFFS DEPARTMENT / CLAIBORNE COUNTY JAIL,hifld,SHERIFF'S OFFICE,NA,47,47025,OPEN,doc_excluded_local_jail,source type indicates local/federal jail or non-DOC facility,415 STRAIGHT CREEK ROAD,NEW TAZEWELL,Claiborne,36.4402063,-83.5767203
Tennessee,NA,Tennessee Department of Corrections,CLAY COUNTY JAIL,hifld_prisons,COUNTY,NA,47,47027,OPEN,doc_excluded_local_jail,source type indicates local/federal jail or non-DOC facility,400 WEST LAKE AVENUE,CELINA,Clay,36.55048955464738,-85.5075844604612
Tennessee,NA,Tennessee Department of Corrections,CLAY COUNTY SHERIFFS DEPARTMENT / CLAY COUNTY JAIL,hifld,SHERIFF'S OFFICE,NA,47,47027,OPEN,doc_excluded_local_jail,source type indicates local/federal jail or non-DOC facility,400 WEST LAKE AVENUE,CELINA,Clay,36.5505002,-85.5076536
Tennessee,NA,Tennessee Department of Corrections,COCKE COUNTY JAIL,hifld_prisons,COUNTY,NA,47,47029,OPEN,doc_excluded_local_jail,source type indicates local/federal jail or non-DOC facility,358 EAST MAIN ST,NEWPORT,Cocke,35.96788233617914,-83.18336618177622
Tennessee,NA,Tennessee Department of Corrections,COCKE COUNTY SHERIFFS DEPARTMENT,hifld,SHERIFF'S OFFICE,NA,47,47029,OPEN,doc_excluded_local_jail,source type indicates local/federal jail or non-DOC facility,111 COURT AVENUE,NEWPORT,Cocke,35.96720565,-83.184280397
Tennessee,NA,Tennessee Department of Corrections,COFFEE COUNTY JAIL,hifld_prisons,COUNTY,NA,47,47031,OPEN,doc_excluded_local_jail,source type indicates local/federal jail or non-DOC facility,76 COUNTY JAIL LANE,MANCHESTER,Coffee,35.44668813204576,-86.03604898551218
Tennessee,NA,Tennessee Department of Corrections,COFFEE COUNTY JAIL - HILLSBORO BLVD,hifld_prisons,COUNTY,NA,47,47031,NOT AVAILABLE,doc_excluded_local_jail,source type indicates local/federal jail or non-DOC facility,300 HILLSBORO BOULEVARD,MANCHESTER,Coffee,35.477939395799986,-86.08457093914559
Tennessee,NA,Tennessee Department of Corrections,COFFEE COUNTY SHERIFFS DEPARTMENT / COFFEE COUNTY JAIL,hifld,SHERIFF'S OFFICE,NA,47,47031,OPEN,doc_excluded_local_jail,source type indicates local/federal jail or non-DOC facility,300 HILLSBORO BOULEVARD,MANCHESTER,Coffee,35.4780902,-86.084395901
Tennessee,NA,Tennessee Department of Corrections,CORRECTIONAL DEVELOPMENT CENTER,hifld_prisons,COUNTY,NA,47,47037,OPEN,doc_excluded_local_jail,source type indicates local/federal jail or non-DOC facility,5113 HARDING PLACE,NASHVILLE,Davidson,36.08837874458308,-86.68391142658658
Tennessee,NA,Tennessee Department of Corrections,CRIMINAL JUSTICE CENTER,hifld_prisons,COUNTY,NA,47,47037,OPEN,doc_excluded_local_jail,source type indicates local/federal jail or non-DOC facility,448 SECOND AVE N,NASHVILLE,Davidson,36.168064104634574,-86.77950264492863
Tennessee,NA,Tennessee Department of Corrections,CROCKETT COUNTY JAIL,hifld_prisons,COUNTY,NA,47,47033,OPEN,doc_excluded_local_jail,source type indicates local/federal jail or non-DOC facility,899 SOUTH CAVALIER DR,ALAMO,Crockett,35.782196895063564,-89.13204414938537
Tennessee,NA,Tennessee Department of Corrections,CROCKETT COUNTY SHERIFFS DEPARTMENT,hifld,SHERIFF'S OFFICE,NA,47,47033,OPEN,doc_excluded_local_jail,source type indicates local/federal jail or non-DOC facility,884 SOUTH CAVALIER DRIVE,ALAMO,Crockett,35.782158864,-89.13214614
Tennessee,NA,Tennessee Department of Corrections,CUMBERLAND COUNTY JAIL,hifld_prisons,COUNTY,NA,47,47035,OPEN,doc_excluded_local_jail,source type indicates local/federal jail or non-DOC facility,90 JUSTICE CENTER DR,CROSSVILLE,Cumberland,35.94174106575926,-85.02415304204605
Tennessee,NA,Tennessee Department of Corrections,CUMBERLAND COUNTY JUVENILE DETENTION FACILITY,hifld_prisons,COUNTY,NA,47,47035,OPEN,doc_excluded_local_jail,source type indicates local/federal jail or non-DOC facility,337 THURMAN AVENUE,CROSSVILLE,Cumberland,35.94806723538313,-85.02571815331326
Tennessee,NA,Tennessee Department of Corrections,CUMBERLAND COUNTY SHERIFFS DEPARTMENT / CUMBERLAND COUNTY JAIL,hifld,SHERIFF'S OFFICE,NA,47,47035,OPEN,doc_excluded_local_jail,source type indicates local/federal jail or non-DOC facility,90 JUSTICE CENTER DRIVE,CROSSVILLE,Cumberland,35.9414752,-85.0240964
Tennessee,NA,Tennessee Department of Corrections,DAVIDSON COUNTY JUVENILE DETENTION CENTER,hifld_prisons,COUNTY,NA,47,47037,OPEN,doc_excluded_local_jail,source type indicates local/federal jail or non-DOC facility,100 WOODLAND ST,NASHVILLE,Davidson,36.168881185340865,-86.77128621286694
Tennessee,NA,Tennessee Department of Corrections,DAVIDSON COUNTY SHERIFFS OFFICE,hifld,SHERIFF'S OFFICE,NA,47,47037,OPEN,doc_excluded_local_jail,source type indicates local/federal jail or non-DOC facility,506 2ND AVENUE NORTH,NASHVILLE,Davidson,36.1700106,-86.7795129
Tennessee,NA,Tennessee Department of Corrections,Decatur County Detention Center,jails_prisons,JAILS,Decatur County Sheriffs Office,47,47039,1,doc_excluded_local_jail,source type indicates local/federal jail or non-DOC facility,138 East Main Street,Decaturville,Decatur County,NA,NA
Tennessee,NA,Tennessee Department of Corrections,DECATUR COUNTY JAIL,hifld_prisons,COUNTY,NA,47,47039,OPEN,doc_excluded_local_jail,source type indicates local/federal jail or non-DOC facility,138 NORTH EAST STREET,DECATURVILLE,Decatur,35.583299631516304,-88.11736327444285
Tennessee,NA,Tennessee Department of Corrections,DECATUR COUNTY SHERIFFS DEPARTMENT / DECATUR COUNTY JAIL,hifld,SHERIFF'S OFFICE,NA,47,47039,NOT AVAILABLE,doc_excluded_local_jail,source type indicates local/federal jail or non-DOC facility,38 NORTH EAST STREET,DECATURVILLE,Decatur,35.5845389,-88.118712
Tennessee,NA,Tennessee Department of Corrections,DEKALB COUNTY JAIL,hifld_prisons,COUNTY,NA,47,47041,OPEN,doc_excluded_local_jail,source type indicates local/federal jail or non-DOC facility,100 PUBLIC SQUARE,SMITHVILLE,Dekalb,35.96020124814258,-85.81272071724102
Tennessee,NA,Tennessee Department of Corrections,DEKALB COUNTY SHERIFF DEPARTMENT / DEKALB COUNTY JAIL,hifld,SHERIFF'S OFFICE,NA,47,47041,OPEN,doc_excluded_local_jail,source type indicates local/federal jail or non-DOC facility,100 PUBLIC SQUARE,SMITHVILLE,Dekalb,35.9602284,-85.8130829
Tennessee,NA,Tennessee Department of Corrections,DICKSON COUNTY JAIL,hifld,LOCAL POLICE DEPARTMENT,NA,47,47043,OPEN,doc_excluded_local_jail,source type indicates local/federal jail or non-DOC facility,146 DOYLES HILL DRIVE,CHARLOTTE,Dickson,36.182274767,-87.337016866
Tennessee,NA,Tennessee Department of Corrections,DICKSON COUNTY SHERIFFS DEPARTMENT,hifld,SHERIFF'S OFFICE,NA,47,47043,OPEN,doc_excluded_local_jail,source type indicates local/federal jail or non-DOC facility,COUNTY JAIL ROAD,CHARLOTTE,Dickson,36.1814317,-87.3395483
Tennessee,NA,Tennessee Department of Corrections,DICKSON COUNTY WOMEN'S JAIL,hifld_prisons,COUNTY,NA,47,47043,OPEN,doc_excluded_local_jail,source type indicates local/federal jail or non-DOC facility,146 COUNTY JAIL DR,CHARLOTTE,Dickson,36.1818033216689,-87.3370885332326
Tennessee,NA,Tennessee Department of Corrections,Dyer County Correctional Work Center,jails_prisons,JAILS,Dyer County Sheriffs Office,47,47045,1,doc_excluded_local_jail,source type indicates local/federal jail or non-DOC facility,401 E Cedar Street,Dyersburg,Dyer County,NA,NA
Tennessee,NA,Tennessee Department of Corrections,DYER COUNTY JAIL,hifld_prisons,COUNTY,NA,47,47045,OPEN,doc_excluded_local_jail,source type indicates local/federal jail or non-DOC facility,401 EAST CEDAR STREET,DYERSBURG,Dyer,36.0301109876704,-89.38391094089883
Tennessee,NA,Tennessee Department of Corrections,FAYETTE COUNTY JAIL,hifld_prisons,COUNTY,NA,47,47047,OPEN,doc_excluded_local_jail,source type indicates local/federal jail or non-DOC facility,705 JUSTICE DR,SOMERVILLE,Fayette,35.223957617119005,-89.3637517018771
Tennessee,NA,Tennessee Department of Corrections,FAYETTE COUNTY SHERIFFS DEPARTMENT / FAYETTE COUNTY JAIL,hifld,SHERIFF'S OFFICE,NA,47,47047,OPEN,doc_excluded_local_jail,source type indicates local/federal jail or non-DOC facility,705 JUSTICE DRIVE,SOMERVILLE,Fayette,35.2240826,-89.3636026
Tennessee,NA,Tennessee Department of Corrections,FCI MEMPHIS,hifld_prisons,FEDERAL,NA,47,47157,OPEN,doc_excluded_local_jail,source type indicates local/federal jail or non-DOC facility,1101 JOHN A DENIE RD,MEMPHIS,Shelby,35.1557619283455,-89.86723571934702
Tennessee,NA,Tennessee Department of Corrections,FCI MEMPHIS CAMP,hifld_prisons,FEDERAL,NA,47,47157,OPEN,doc_excluded_local_jail,source type indicates local/federal jail or non-DOC facility,6696 NAVY RD,MILLINGTON,Shelby,35.33994702454835,-89.83821883644036
Tennessee,NA,Tennessee Department of Corrections,FENTRESS COUNTY JAIL,hifld_prisons,COUNTY,NA,47,47049,OPEN,doc_excluded_local_jail,source type indicates local/federal jail or non-DOC facility,140 JUSTICE CENTER DRIVE,JAMESTOWN,Fentress,36.417532783392915,-84.92676291991819
Tennessee,NA,Tennessee Department of Corrections,FENTRESS COUNTY JAIL - SMITH STREET,hifld_prisons,COUNTY,NA,47,47049,OPEN,doc_excluded_local_jail,source type indicates local/federal jail or non-DOC facility,100 SOUTH SMITH STREET,JAMESTOWN,Fentress,36.42730264516463,-84.93257365908354
Tennessee,NA,Tennessee Department of Corrections,FENTRESS COUNTY SHERIFFS DEPARTMENT / FENTRESS COUNTY JAIL,hifld,SHERIFF'S OFFICE,NA,47,47049,OPEN,doc_excluded_local_jail,source type indicates local/federal jail or non-DOC facility,100 SOUTH SMITH STREET,JAMESTOWN,Fentress,36.427294654,-84.932514166
Tennessee,NA,Tennessee Department of Corrections,FRANKLIN COUNTY JAIL,hifld_prisons,COUNTY,NA,47,47051,OPEN,doc_excluded_local_jail,source type indicates local/federal jail or non-DOC facility,494 GEORGE FRALEY PARKWAY,WINCHESTER,Franklin,35.175652031167324,-86.13331633865378
Tennessee,NA,Tennessee Department of Corrections,FRANKLIN COUNTY SHERIFFS DEPARTMENT / FRANKLIN COUNTY JAIL,hifld,SHERIFF'S OFFICE,NA,47,47051,OPEN,doc_excluded_local_jail,source type indicates local/federal jail or non-DOC facility,420 WILTON CIRCLE,WINCHESTER,Franklin,35.1756294,-86.1335273
Tennessee,NA,Tennessee Department of Corrections,GIBSON COUNTY CORRECTIONAL COMPLEX,hifld_prisons,COUNTY,NA,47,47053,OPEN,doc_excluded_local_jail,source type indicates local/federal jail or non-DOC facility,401 NORTH COLLEGE ST,TRENTON,Gibson,35.98329013693136,-88.94223337239849
Tennessee,NA,Tennessee Department of Corrections,GILES CO TEMP JUVENILE HOLDING FACILITY,hifld_prisons,COUNTY,NA,47,47055,OPEN,doc_excluded_local_jail,source type indicates local/federal jail or non-DOC facility,205 SOUTH 1ST STREET,PULASKI,Giles,35.197507774593674,-87.03108464583727
Tennessee,NA,Tennessee Department of Corrections,GILES COUNTY JAIL,hifld_prisons,COUNTY,NA,47,47055,OPEN,doc_excluded_local_jail,source type indicates local/federal jail or non-DOC facility,200 THOMAS GATLIN DR,PULASKI,Giles,35.216580318548516,-87.05415402616738
Tennessee,NA,Tennessee Department of Corrections,GILES COUNTY SHERIFFS DEPARTMENT,hifld,SHERIFF'S OFFICE,NA,47,47055,OPEN,doc_excluded_local_jail,source type indicates local/federal jail or non-DOC facility,200 THOMAS GATLIN DRIVE,PULASKI,Giles,35.2166765,-87.0541804
Tennessee,NA,Tennessee Department of Corrections,GRAINGER COUNTY JAIL,hifld_prisons,COUNTY,NA,47,47057,OPEN,doc_excluded_local_jail,source type indicates local/federal jail or non-DOC facility,270 JUSTICE CENTER DRIVE,RUTLEDGE,Grainger,36.28437142409442,-83.51021280196667
Tennessee,NA,Tennessee Department of Corrections,GRAINGER COUNTY SHERIFFS DEPARTMENT / GRAINGER COUNTY JAIL,hifld,SHERIFF'S OFFICE,NA,47,47057,OPEN,doc_excluded_local_jail,source type indicates local/federal jail or non-DOC facility,270 JUSTICE CENTER DRIVE,RUTLEDGE,Grainger,36.2843353,-83.5101955
Tennessee,NA,Tennessee Department of Corrections,GREENE COUNTY DETENTION CENTER,hifld_prisons,COUNTY,NA,47,47059,OPEN,doc_excluded_local_jail,source type indicates local/federal jail or non-DOC facility,116 E DEPOT ST,GREENEVILLE,Greene,36.16258471262893,-82.82996433331735
Tennessee,NA,Tennessee Department of Corrections,GREENE COUNTY SHERIFFS DEPARTMENT,hifld,SHERIFF'S OFFICE,NA,47,47059,OPEN,doc_excluded_local_jail,source type indicates local/federal jail or non-DOC facility,116 E DEPOT ST,GREENEVILLE,Greene,36.162732799,-82.830243
Tennessee,NA,Tennessee Department of Corrections,GRUNDY COUNTY DETENTION CENTER,hifld_prisons,COUNTY,NA,47,47061,OPEN,doc_excluded_local_jail,source type indicates local/federal jail or non-DOC facility,227 MAPLE STREET,ALTAMONT,Grundy,35.42904002804114,-85.72134796282188
Tennessee,NA,Tennessee Department of Corrections,GRUNDY COUNTY JAIL,hifld_prisons,COUNTY,NA,47,47061,CLOSED,doc_excluded_local_jail,source type indicates local/federal jail or non-DOC facility,62 SPRING STREET,ALTAMONT,Grundy,35.430866516854664,-85.72151151135216
Tennessee,NA,Tennessee Department of Corrections,GRUNDY COUNTY SHERIFFS DEPARTMENT / GRUNDY COUNTY JAIL,hifld,SHERIFF'S OFFICE,NA,47,47061,OPEN,doc_excluded_local_jail,source type indicates local/federal jail or non-DOC facility,62 SPRING STREET,ALTAMONT,Grundy,35.430858013,-85.72161043
Tennessee,NA,Tennessee Department of Corrections,HAMBLEN COUNTY JAIL,hifld_prisons,COUNTY,NA,47,47063,OPEN,doc_excluded_local_jail,source type indicates local/federal jail or non-DOC facility,510 ALLISON ST,MORRISTOWN,Hamblen,36.21526882526656,-83.29871665054665
Tennessee,NA,Tennessee Department of Corrections,HAMBLEN COUNTY JUVENILE TEMPORARY HOLDING FACILITY,hifld_prisons,COUNTY,NA,47,47063,OPEN,doc_excluded_local_jail,source type indicates local/federal jail or non-DOC facility,510 ALLISON ST,MORRISTOWN,Hamblen,36.215348075777186,-83.29836080817672
Tennessee,NA,Tennessee Department of Corrections,HAMBLEN COUNTY SHERIFFS DEPARTMENT / HAMBLEN COUNTY JAIL,hifld,SHERIFF'S OFFICE,NA,47,47063,OPEN,doc_excluded_local_jail,source type indicates local/federal jail or non-DOC facility,510 ALLISON STREET,MORRISTOWN,Hamblen,36.215249459,-83.298689199
Tennessee,NA,Tennessee Department of Corrections,HAMILTON COUNTY JAIL,hifld_prisons,COUNTY,NA,47,47065,OPEN,doc_excluded_local_jail,source type indicates local/federal jail or non-DOC facility,601 WALNUT ST,CHATTANOOGA,Hamilton,35.049486378256084,-85.30799997206304
Tennessee,NA,Tennessee Department of Corrections,HAMILTON COUNTY JUVENILE DETENTION CENTER,hifld_prisons,COUNTY,NA,47,47065,OPEN,doc_excluded_local_jail,source type indicates local/federal jail or non-DOC facility,1600 E 3RD ST,CHATTANOOGA,Hamilton,35.04149675172345,-85.27663682944839
Tennessee,NA,Tennessee Department of Corrections,HAMILTON COUNTY SHERIFFS DEPARTMENT,hifld,SHERIFF'S OFFICE,NA,47,47065,OPEN,doc_excluded_local_jail,source type indicates local/federal jail or non-DOC facility,600 MARKET STREET,CHATTANOOGA,Hamilton,35.0492806,-85.3089958
Tennessee,NA,Tennessee Department of Corrections,HAMILTON - SILVERDALE DETENTION FACILITIES,hifld_prisons,COUNTY,NA,47,47065,OPEN,doc_excluded_local_jail,source type indicates local/federal jail or non-DOC facility,7609 STANDIFER GAP RD,CHATTANOOGA,Hamilton,35.05165021919095,-85.13332188027236
Tennessee,NA,Tennessee Department of Corrections,HANCOCK COUNTY JAIL,hifld_prisons,COUNTY,NA,47,47067,OPEN,doc_excluded_local_jail,source type indicates local/federal jail or non-DOC facility,265 NEW JAIL STREET,SNEEDVILLE,Hancock,36.52816806344486,-83.21599930126143
Tennessee,NA,Tennessee Department of Corrections,HANCOCK COUNTY SHERIFFS DEPARTMENT / HANCOCK COUNTY JAIL,hifld,SHERIFF'S OFFICE,NA,47,47067,OPEN,doc_excluded_local_jail,source type indicates local/federal jail or non-DOC facility,265 NEW JAIL STREET,SNEEDVILLE,Hancock,36.528074667,-83.215909494
Tennessee,NA,Tennessee Department of Corrections,HARDEMAN COUNTY JAIL,hifld_prisons,COUNTY,NA,47,47069,OPEN,doc_excluded_local_jail,source type indicates local/federal jail or non-DOC facility,505 SOUTH MAIN STREET,BOLIVAR,Hardeman,35.25252483996154,-88.98590479896403
Tennessee,NA,Tennessee Department of Corrections,HARDEMAN COUNTY SHERIFFS DEPARTMENT / HARDEMAN COUNTY JAIL,hifld,SHERIFF'S OFFICE,NA,47,47069,OPEN,doc_excluded_local_jail,source type indicates local/federal jail or non-DOC facility,315 EAST MARKET STREET,BOLIVAR,Hardeman,35.2563843,-88.9844791
Tennessee,NA,Tennessee Department of Corrections,HARDIN COUNTY JAIL,hifld_prisons,COUNTY,NA,47,47071,OPEN,doc_excluded_local_jail,source type indicates local/federal jail or non-DOC facility,525 WATER STREET,SAVANNAH,Hardin,35.22352997863939,-88.25072058004662
Tennessee,NA,Tennessee Department of Corrections,HARDIN COUNTY SHERIFFS DEPARTMENT / HARDIN COUNTY JAIL,hifld,SHERIFF'S OFFICE,NA,47,47071,OPEN,doc_excluded_local_jail,source type indicates local/federal jail or non-DOC facility,525 WATER STREET,SAVANNAH,Hardin,35.223544358,-88.25072562
Tennessee,NA,Tennessee Department of Corrections,HAWKINS COUNTY JAIL,hifld_prisons,COUNTY,NA,47,47073,OPEN,doc_excluded_local_jail,source type indicates local/federal jail or non-DOC facility,117 JUSTICE CENTER DRIVE,ROGERSVILLE,Hawkins,36.4213266695308,-82.993537984529965
Tennessee,NA,Tennessee Department of Corrections,HAYWOOD COUNTY JAIL,hifld_prisons,COUNTY,NA,47,47075,OPEN,doc_excluded_local_jail,source type indicates local/federal jail or non-DOC facility,100 S. DUPREE,BROWNSVILLE,Haywood,35.591740330164136,-89.23901363761483
Tennessee,NA,Tennessee Department of Corrections,HAYWOOD COUNTY SHERIFFS DEPARTMENT,hifld,SHERIFF'S OFFICE,NA,47,47075,OPEN,doc_excluded_local_jail,source type indicates local/federal jail or non-DOC facility,100 SOUTH DUPREE STREET,BROWNSVILLE,Haywood,35.591718552,-89.239196285
Tennessee,NA,Tennessee Department of Corrections,HENDERSON COUNTY JAIL,hifld_prisons,COUNTY,NA,47,47077,OPEN,doc_excluded_local_jail,source type indicates local/federal jail or non-DOC facility,170 JUSTICE CENTER DR,LEXINGTON,Henderson,35.69742084152863,-88.37937467210843
Tennessee,NA,Tennessee Department of Corrections,HENDERSON COUNTY SHERIFFS DEPARTMENT / HENDERSON COUNTY JAIL,hifld,SHERIFF'S OFFICE,NA,47,47077,OPEN,doc_excluded_local_jail,source type indicates local/federal jail or non-DOC facility,50 NATCHEZ TRACE DRIVE,LEXINGTON,Henderson,35.650040489,-88.390481815
Tennessee,NA,Tennessee Department of Corrections,HENRY COUNTY CORRECTIONAL FACILITY,hifld_prisons,COUNTY,NA,47,47079,OPEN,doc_excluded_local_jail,source type indicates local/federal jail or non-DOC facility,210 FORREST HEIGHTS RD,PARIS,Henry,36.30511543287056,-88.3449809623926
Tennessee,NA,Tennessee Department of Corrections,Hickman County Jail,jails_prisons,JAILS,Hickman County Sheriffs Department,47,47081,1,doc_excluded_local_jail,source type indicates local/federal jail or non-DOC facility,108 College Street,Centerville,Hickman County,NA,NA
Tennessee,NA,Tennessee Department of Corrections,HICKMAN COUNTY LAW ENFORCEMENT CENTER,hifld_prisons,COUNTY,NA,47,47081,OPEN,doc_excluded_local_jail,source type indicates local/federal jail or non-DOC facility,108 COLLEGE AVE,CENTERVILLE,Hickman,35.780651769779794,-87.4642009466809
Tennessee,NA,Tennessee Department of Corrections,HILL DETENTION CENTER,hifld_prisons,COUNTY,NA,47,47037,OPEN,doc_excluded_local_jail,source type indicates local/federal jail or non-DOC facility,506 SECOND AVE N,NASHVILLE,Davidson,36.170008071945446,-86.77946299703761
Tennessee,NA,Tennessee Department of Corrections,HOUSTON COUNTY JAIL,hifld_prisons,COUNTY,NA,47,47083,OPEN,doc_excluded_local_jail,source type indicates local/federal jail or non-DOC facility,3330 STATE HIGHWAY 149,ERIN,Houston,36.36055330267913,-87.65490932682712
Tennessee,NA,Tennessee Department of Corrections,HOUSTON COUNTY SHERIFFS DEPARTMENT / HOUSTON COUNTY JAIL,hifld,SHERIFF'S OFFICE,NA,47,47083,OPEN,doc_excluded_local_jail,source type indicates local/federal jail or non-DOC facility,3330 STATE HIGHWAY 149,ERIN,Houston,36.3606121,-87.6550179
Tennessee,NA,Tennessee Department of Corrections,HUMPHREYS COUNTY JAIL,hifld_prisons,COUNTY,NA,47,47085,OPEN,doc_excluded_local_jail,source type indicates local/federal jail or non-DOC facility,112 THOMPSON ST,WAVERLY,Humphreys,36.08246295620279,-87.79657611682019
Tennessee,NA,Tennessee Department of Corrections,HUMPHREYS COUNTY SHERIFFS DEPARTMENT / HUMPHREYS COUNTY JAIL,hifld,SHERIFF'S OFFICE,NA,47,47085,OPEN,doc_excluded_local_jail,source type indicates local/federal jail or non-DOC facility,112 THOMPSON STREET,WAVERLY,Humphreys,36.0824463,-87.7965876
Tennessee,NA,Tennessee Department of Corrections,JACKSON COUNTY JAIL,hifld_prisons,COUNTY,NA,47,47087,OPEN,doc_excluded_local_jail,source type indicates local/federal jail or non-DOC facility,620 HOSPITAL DRIVE,GAINESBORO,Jackson,36.348769479142234,-85.6561795634434
Tennessee,NA,Tennessee Department of Corrections,JACKSON COUNTY SHERIFFS DEPARTMENT / JACKSON COUNTY JAIL,hifld,SHERIFF'S OFFICE,NA,47,47087,OPEN,doc_excluded_local_jail,source type indicates local/federal jail or non-DOC facility,620 HOSPITAL DRIVE,GAINESBORO,Jackson,36.3487388,-85.6561283
Tennessee,NA,Tennessee Department of Corrections,JEFFERSON COUNTY JUSTICE CENTER,hifld_prisons,COUNTY,NA,47,47089,OPEN,doc_excluded_local_jail,source type indicates local/federal jail or non-DOC facility,765 JUSTICE CENTER DRIVE,DANDRIDGE,Jefferson,36.03514005938792,-83.42804415073671
Tennessee,NA,Tennessee Department of Corrections,JEFFERSON COUNTY SHERIFFS DEPARTMENT / JEFFERSON COUNTY JAIL,hifld,SHERIFF'S OFFICE,NA,47,47089,OPEN,doc_excluded_local_jail,source type indicates local/federal jail or non-DOC facility,765 JUSTICE CENTER DRIVE,DANDRIDGE,Jefferson,36.0351233,-83.4279418
Tennessee,NA,Tennessee Department of Corrections,Jefferson County Sheriffs Department Workhouse,jails_prisons,JAILS,Jefferson County Sheriffs Office,47,47089,1,doc_excluded_local_jail,source type indicates local/federal jail or non-DOC facility,983 Industrial Park Road,Dandridge,Jefferson County,NA,NA
Tennessee,NA,Tennessee Department of Corrections,JEFFERSON COUNTY WORK RELEASE CENTER,hifld_prisons,COUNTY,NA,47,47089,OPEN,doc_excluded_local_jail,source type indicates local/federal jail or non-DOC facility,INDUSTRIAL PARK ROAD,DANDRIDGE,Jefferson,36.029989220887984,-83.42249285112064
Tennessee,NA,Tennessee Department of Corrections,JOHNSON CITY DETENTION FACILITY,hifld_prisons,LOCAL,NA,47,47179,OPEN,doc_excluded_local_jail,source type indicates local/federal jail or non-DOC facility,601 EAST MAIN STREET,JOHNSON CITY,Washington,36.32126664608766,-82.3423603863897
Tennessee,NA,Tennessee Department of Corrections,JOHNSON COUNTY JAIL,hifld_prisons,COUNTY,NA,47,47091,OPEN,doc_excluded_local_jail,source type indicates local/federal jail or non-DOC facility,999 HONEYSUCKLE STREET,MOUNTAIN CITY,Johnson,36.466741671364545,-81.79901192579129
Tennessee,NA,Tennessee Department of Corrections,JOHNSON COUNTY SHERIFFS DEPARTMENT / JOHNSON COUNTY JAIL,hifld,SHERIFF'S OFFICE,NA,47,47091,OPEN,doc_excluded_local_jail,source type indicates local/federal jail or non-DOC facility,999 HONEYSUCKLE STREET,MOUNTAIN CITY,Johnson,36.466841499,-81.7991545
Tennessee,NA,Tennessee Department of Corrections,KINGSPORT JAIL,hifld_prisons,LOCAL,NA,47,47163,OPEN,doc_excluded_local_jail,source type indicates local/federal jail or non-DOC facility,200 SHELBY STREET,KINGSPORT,Sullivan,36.54752473319155,-82.56192777321154
Tennessee,NA,Tennessee Department of Corrections,KINGSPORT POLICE DEPARTMENT / KINGSPORT JAIL,hifld,LOCAL POLICE DEPARTMENT,NA,47,47163,OPEN,doc_excluded_local_jail,source type indicates local/federal jail or non-DOC facility,200 SHELBY STREET,KINGSPORT,Sullivan,36.5475213,-82.5618982
Tennessee,NA,Tennessee Department of Corrections,KNOX COUNTY DETENTION FACILITY,hifld_prisons,COUNTY,NA,47,47093,OPEN,doc_excluded_local_jail,source type indicates local/federal jail or non-DOC facility,5001 MALONEYVILLE RD,KNOXVILLE,Knox,36.08529160050769,-83.8413941186685
Tennessee,NA,Tennessee Department of Corrections,KNOX COUNTY JAIL,hifld_prisons,COUNTY,NA,47,47093,OPEN,doc_excluded_local_jail,source type indicates local/federal jail or non-DOC facility,400 MAIN ST,KNOXVILLE,Knox,35.96021802851581,-83.91645999344935
Tennessee,NA,Tennessee Department of Corrections,KNOX COUNTY SHERIFFS OFFICE - AVIATION DIVISION,hifld,SHERIFF'S OFFICE,NA,47,47093,OPEN,doc_excluded_local_jail,source type indicates local/federal jail or non-DOC facility,2701 SPENCE PLACE,KNOXVILLE,Knox,35.9617069,-83.8757776
Tennessee,NA,Tennessee Department of Corrections,KNOX COUNTY SHERIFFS OFFICE / KNOX COUNTY JAIL,hifld,SHERIFF'S OFFICE,NA,47,47093,OPEN,doc_excluded_local_jail,source type indicates local/federal jail or non-DOC facility,400 MAIN STREET,KNOXVILLE,Knox,35.9603179,-83.9166576
Tennessee,NA,Tennessee Department of Corrections,KNOX COUNTY WORK RELEASE CENTER,hifld_prisons,COUNTY,NA,47,47093,OPEN,doc_excluded_local_jail,source type indicates local/federal jail or non-DOC facility,4910 MALONEYVILLE RD,KNOXVILLE,Knox,36.079466691987506,-83.84266283563115
Tennessee,NA,Tennessee Department of Corrections,LAKE COUNTY JAIL,hifld_prisons,COUNTY,NA,47,47095,OPEN,doc_excluded_local_jail,source type indicates local/federal jail or non-DOC facility,109 SOUTH COURT STREET,TIPTONVILLE,Lake,36.37757591584955,-89.48425227379332
Tennessee,NA,Tennessee Department of Corrections,LAKE COUNTY SHERIFFS DEPARTMENT / LAKE COUNTY JAIL,hifld,SHERIFF'S OFFICE,NA,47,47095,OPEN,doc_excluded_local_jail,source type indicates local/federal jail or non-DOC facility,109 SOUTH COURT STREET,TIPTONVILLE,Lake,36.377558754,-89.484122516
Tennessee,NA,Tennessee Department of Corrections,LAUDERDALE COUNTY JAIL,hifld_prisons,COUNTY,NA,47,47097,OPEN,doc_excluded_local_jail,source type indicates local/federal jail or non-DOC facility,675 US HWY 51 S,RIPLEY,Lauderdale,35.74605440438728,-89.55605730395474
Tennessee,NA,Tennessee Department of Corrections,LAUDERDALE COUNTY SHERIFFS DEPARTMENT / LAUDERDALE COUNTY JAIL,hifld,SHERIFF'S OFFICE,NA,47,47097,OPEN,doc_excluded_local_jail,source type indicates local/federal jail or non-DOC facility,675 UNITED STATES HIGHWAY 51 SOUTH,RIPLEY,Lauderdale,35.7460834,-89.5558362
Tennessee,NA,Tennessee Department of Corrections,LAWRENCE COUNTY JAIL,hifld_prisons,COUNTY,NA,47,47099,OPEN,doc_excluded_local_jail,source type indicates local/federal jail or non-DOC facility,240 W GAINES ST,LAWRENCEBURG,Lawrence,35.24351737355237,-87.33675114874389
Tennessee,NA,Tennessee Department of Corrections,LAWRENCE COUNTY SHERIFFS DEPARTMENT / LAWRENCE COUNTY JAIL,hifld,SHERIFF'S OFFICE,NA,47,47099,OPEN,doc_excluded_local_jail,source type indicates local/federal jail or non-DOC facility,240 WEST GAINES STREET,LAWRENCEBURG,Lawrence,35.243217532,-87.336899123
Tennessee,NA,Tennessee Department of Corrections,LEWIS COUNTY JAIL,hifld_prisons,COUNTY,NA,47,47101,OPEN,doc_excluded_local_jail,source type indicates local/federal jail or non-DOC facility,437 SWAN AVENUE,HOHENWALD,Lewis,35.55394260764924,-87.5417728456964
Tennessee,NA,Tennessee Department of Corrections,LEWIS COUNTY SHERIFFS DEPARTMENT / LEWIS COUNTY JAIL,hifld,SHERIFF'S OFFICE,NA,47,47101,OPEN,doc_excluded_local_jail,source type indicates local/federal jail or non-DOC facility,437 SWAN AVENUE,HOHENWALD,Lewis,35.5538408,-87.541469501
Tennessee,NA,Tennessee Department of Corrections,LINCOLN COUNTY JAIL,hifld_prisons,COUNTY,NA,47,47103,OPEN,doc_excluded_local_jail,source type indicates local/federal jail or non-DOC facility,4151 THORNTON TAYLOR PKWY,FAYETTEVILLE,Lincoln,35.15892057740986,-86.5521140332679
Tennessee,NA,Tennessee Department of Corrections,LINCOLN COUNTY SHERIFFS DEPARTMENT / LINCOLN COUNTY JAIL,hifld,SHERIFF'S OFFICE,NA,47,47103,OPEN,doc_excluded_local_jail,source type indicates local/federal jail or non-DOC facility,4151 THORNTON TAYLOR PARKWAY,FAYETTEVILLE,Lincoln,35.1591118,-86.5523154
Tennessee,NA,Tennessee Department of Corrections,LOUDON COUNTY JUSTICE CENTER,hifld_prisons,COUNTY,NA,47,47105,OPEN,doc_excluded_local_jail,source type indicates local/federal jail or non-DOC facility,12680 HIGHWAY 11 WEST,LENOIR CITY,Loudon,35.771958215293196,-84.31153421423464
Tennessee,NA,Tennessee Department of Corrections,LOUDON COUNTY JUVENILE CENTER,hifld_prisons,COUNTY,NA,47,47105,OPEN,doc_excluded_local_jail,source type indicates local/federal jail or non-DOC facility,12665 EAST LEE HIGHWAY,LENOIR CITY,Loudon,35.770646341805,-84.31271418547544
Tennessee,NA,Tennessee Department of Corrections,MACON COUNTY JAIL,hifld_prisons,COUNTY,NA,47,47111,OPEN,doc_excluded_local_jail,source type indicates local/federal jail or non-DOC facility,902 STATE HIGHWAY 52 BYPASS EAST,LAFAYETTE,Macon,36.501068047253774,-86.00289199704545
Tennessee,NA,Tennessee Department of Corrections,MACON COUNTY SHERIFFS DEPARTMENT / MACON COUNTY JAIL,hifld,SHERIFF'S OFFICE,NA,47,47111,OPEN,doc_excluded_local_jail,source type indicates local/federal jail or non-DOC facility,902 STATE HIGHWAY 52 BYPASS EAST,LAFAYETTE,Macon,36.501537602,-86.002763041
Tennessee,NA,Tennessee Department of Corrections,MADISON COUNTY CRIMINAL JUSTICE COMPLEX,hifld_prisons,COUNTY,NA,47,47113,OPEN,doc_excluded_local_jail,source type indicates local/federal jail or non-DOC facility,515 S LIBERTY ST,JACKSON,Madison,35.60914000518487,-88.81967119793826
Tennessee,NA,Tennessee Department of Corrections,Madison County Jail,jails_prisons,JAILS,Madison County Sheriffs Office,47,47113,1,doc_excluded_local_jail,source type indicates local/federal jail or non-DOC facility,515 South Liberty Street,Jackson,Madison County,NA,NA
Tennessee,NA,Tennessee Department of Corrections,MADISON COUNTY JAIL ANNEX,hifld_prisons,COUNTY,NA,47,47113,OPEN,doc_excluded_local_jail,source type indicates local/federal jail or non-DOC facility,100 E. MAIN STREET,JACKSON,Madison,35.613869769000054,-88.81876964050001
Tennessee,NA,Tennessee Department of Corrections,MADISON COUNTY JUVENILE DETENTION CENTER,hifld_prisons,COUNTY,NA,47,47113,OPEN,doc_excluded_local_jail,source type indicates local/federal jail or non-DOC facility,224 LEXINGTON AVENUE,JACKSON,Madison,35.61705715440498,-88.80844266306691
Tennessee,NA,Tennessee Department of Corrections,MADISON COUNTY PENAL FARM,hifld_prisons,COUNTY,NA,47,47113,OPEN,doc_excluded_local_jail,source type indicates local/federal jail or non-DOC facility,1524 WESTOVER RD,JACKSON,Madison,35.60913052926938,-88.88169726648368
Tennessee,NA,Tennessee Department of Corrections,MADISON COUNTY SHERIFFS DEPARTMENT,hifld,SHERIFF'S OFFICE,NA,47,47113,OPEN,doc_excluded_local_jail,source type indicates local/federal jail or non-DOC facility,546 EAST COLLEGE STREET,JACKSON,Madison,35.615323332,-88.811000033
Tennessee,NA,Tennessee Department of Corrections,Marion County Jail,jails_prisons,JAILS,Marion County Sheriffs Department,47,47115,1,doc_excluded_local_jail,source type indicates local/federal jail or non-DOC facility,5 North Oak Street,Jasper,Marion County,NA,NA
Tennessee,NA,Tennessee Department of Corrections,MARION COUNTY JAIL / SHERIFF,hifld_prisons,COUNTY,NA,47,47115,OPEN,doc_excluded_local_jail,source type indicates local/federal jail or non-DOC facility,103 OAK AVENUE,JASPER,Marion,35.074379752907404,-85.62740333705503
Tennessee,NA,Tennessee Department of Corrections,MARION COUNTY SHERIFFS DEPARTMENT / MARION COUNTY JAIL,hifld,SHERIFF'S OFFICE,NA,47,47115,OPEN,doc_excluded_local_jail,source type indicates local/federal jail or non-DOC facility,5 OAK AVENUE,JASPER,Marion,35.0744176,-85.627178
Tennessee,NA,Tennessee Department of Corrections,MARSHALL COUNTY JAIL,hifld_prisons,COUNTY,NA,47,47117,OPEN,doc_excluded_local_jail,source type indicates local/federal jail or non-DOC facility,209 1ST AVE N,LEWISBURG,Marshall,35.45038437757059,-86.78699787995102
Tennessee,NA,Tennessee Department of Corrections,MARSHALL COUNTY SHERIFFS DEPARTMENT,hifld,SHERIFF'S OFFICE,NA,47,47117,OPEN,doc_excluded_local_jail,source type indicates local/federal jail or non-DOC facility,209 1ST AVENUE NORTH,LEWISBURG,Marshall,35.4505322,-86.787089401
Tennessee,NA,Tennessee Department of Corrections,MAURY COUNTY JAIL,hifld_prisons,COUNTY,NA,47,47119,OPEN,doc_excluded_local_jail,source type indicates local/federal jail or non-DOC facility,1300 LAWSON WHITE DR,COLUMBIA,Maury,35.63856615804533,-87.06480775115928
Tennessee,NA,Tennessee Department of Corrections,MAURY COUNTY SHERIFFS DEPARTMENT / MAURY COUNTY JAIL,hifld,SHERIFF'S OFFICE,NA,47,47119,OPEN,doc_excluded_local_jail,source type indicates local/federal jail or non-DOC facility,1300 LAWSON WHITE DRIVE,COLUMBIA,Maury,35.6383412,-87.064735999
Tennessee,NA,Tennessee Department of Corrections,MAXIMUM CORRECTIONAL CENTER,hifld_prisons,COUNTY,NA,47,47037,OPEN,doc_excluded_local_jail,source type indicates local/federal jail or non-DOC facility,5113 HARDING PLACE,NASHVILLE,Davidson,36.08846895151322,-86.68560355156878
Tennessee,NA,Tennessee Department of Corrections,MCDOWELL CENTER FOR CHILDREN,hifld_prisons,LOCAL,NA,47,47045,OPEN,doc_excluded_local_jail,source type indicates local/federal jail or non-DOC facility,711 UNITED STATES HIGHWAY 51 BYPASS SOUTH,DYERSBURG,Dyer,36.02574019030287,-89.41157942778115
Tennessee,NA,Tennessee Department of Corrections,MCMINN COUNTY JUSTICE CENTER,hifld_prisons,COUNTY,NA,47,47107,OPEN,doc_excluded_local_jail,source type indicates local/federal jail or non-DOC facility,1319 S WHITE,ATHENS,Mcminn,35.421932424917465,-84.58202853302365
Tennessee,NA,Tennessee Department of Corrections,MCMINN COUNTY SHERIFFS DEPARTMENT / MCMINN COUNTY JAIL,hifld,SHERIFF'S OFFICE,NA,47,47107,OPEN,doc_excluded_local_jail,source type indicates local/federal jail or non-DOC facility,1319 SOUTH WHITE STREET,ATHENS,Mcminn,35.421956156,-84.582545498
Tennessee,NA,Tennessee Department of Corrections,MCNAIRY COUNTY JAIL,hifld_prisons,COUNTY,NA,47,47109,OPEN,doc_excluded_local_jail,source type indicates local/federal jail or non-DOC facility,300 INDUSTRIAL PARK DRIVE,SELMER,Mcnairy,35.150911107829074,-88.59648314875221
Tennessee,NA,Tennessee Department of Corrections,MCNAIRY COUNTY SHERIFFS DEPARTMENT / MCNAIRY COUNTY JAIL,hifld,SHERIFF'S OFFICE,NA,47,47109,OPEN,doc_excluded_local_jail,source type indicates local/federal jail or non-DOC facility,300 INDUSTRIAL PARK DRIVE,SELMER,Mcnairy,35.1509756,-88.5964865
Tennessee,NA,Tennessee Department of Corrections,MEIGS COUNTY JAIL,hifld_prisons,COUNTY,NA,47,47121,OPEN,doc_excluded_local_jail,source type indicates local/federal jail or non-DOC facility,410 RIVER ROAD,DECATUR,Meigs,35.52244892224417,-84.7939357845944
Tennessee,NA,Tennessee Department of Corrections,MEIGS COUNTY SHERIFFS OFFICE / MEIGS COUNTY JAIL,hifld,SHERIFF'S OFFICE,NA,47,47121,OPEN,doc_excluded_local_jail,source type indicates local/federal jail or non-DOC facility,410 RIVER ROAD,DECATUR,Meigs,35.522374161,-84.793923885
Tennessee,NA,Tennessee Department of Corrections,METRO-DAVIDSON COUNTY DETENTION FACILITY,hifld_prisons,COUNTY,NA,47,47037,OPEN,doc_excluded_local_jail,source type indicates local/federal jail or non-DOC facility,5115 HARDING PLACE,NASHVILLE,Davidson,36.08764995747598,-86.6821719291456
Tennessee,NA,Tennessee Department of Corrections,Metro-Davidson County Detention Facility - CCA,jails_prisons,JAILS,Metro-Davidson County Detention Facility - CoreCivic,47,47037,1,doc_excluded_local_jail,source type indicates local/federal jail or non-DOC facility,5115 Harding Place,Nashville,Davidson County,NA,NA
Tennessee,NA,Tennessee Department of Corrections,MIDDLE TENNESSEE JUVENILE DETENTION CENTER,hifld_prisons,LOCAL,NA,47,47119,OPEN,doc_excluded_local_jail,source type indicates local/federal jail or non-DOC facility,1272 LAWSON WHITE DRIVE,COLUMBIA,Maury,35.64097989581951,-87.06401833980559
Tennessee,NA,Tennessee Department of Corrections,MONROE COUNTY JAIL,hifld_prisons,COUNTY,NA,47,47123,OPEN,doc_excluded_local_jail,source type indicates local/federal jail or non-DOC facility,319 HICKORY STREET,MADISONVILLE,Monroe,35.52174222996861,-84.3618438238733
Tennessee,NA,Tennessee Department of Corrections,MONROE COUNTY SHERIFFS DEPARTMENT / MONROE COUNTY JAIL,hifld,SHERIFF'S OFFICE,NA,47,47123,OPEN,doc_excluded_local_jail,source type indicates local/federal jail or non-DOC facility,319 HICKORY STREET,MADISONVILLE,Monroe,35.5217505,-84.361827001
Tennessee,NA,Tennessee Department of Corrections,MONTGOMERY COUNTY JAIL,hifld_prisons,COUNTY,NA,47,47125,OPEN,doc_excluded_local_jail,source type indicates local/federal jail or non-DOC facility,116 COMMERCE ST,CLARKSVILLE,Montgomery,36.525702065455924,-87.359202575388
Tennessee,NA,Tennessee Department of Corrections,MONTGOMERY COUNTY SHERIFFS DEPARTMENT / MONTGOMERY COUNTY JAIL,hifld,SHERIFF'S OFFICE,NA,47,47125,OPEN,doc_excluded_local_jail,source type indicates local/federal jail or non-DOC facility,120 COMMERCE STREET,CLARKSVILLE,Montgomery,36.5259941,-87.3589583
Tennessee,NA,Tennessee Department of Corrections,Montgomery County Workhouse,jails_prisons,JAILS,Montgomery County Sheriffs Office,47,47125,1,doc_excluded_local_jail,source type indicates local/federal jail or non-DOC facility,1221 Highway Drive,Clarksville,Montgomery County,NA,NA
Tennessee,NA,Tennessee Department of Corrections,MOORE COUNTY JAIL,hifld_prisons,COUNTY,NA,47,47127,OPEN,doc_excluded_local_jail,source type indicates local/federal jail or non-DOC facility,58 SOUTH ELM STREET,LYNCHBURG,Moore,35.28113675381781,-86.37813123811067
Tennessee,NA,Tennessee Department of Corrections,MOORE COUNTY SHERIFFS DEPARTMENT / MOORE COUNTY JAIL,hifld,SHERIFF'S OFFICE,NA,47,47127,OPEN,doc_excluded_local_jail,source type indicates local/federal jail or non-DOC facility,58 SOUTH ELM STREET,LYNCHBURG,Moore,35.2811938,-86.378093
Tennessee,NA,Tennessee Department of Corrections,MORGAN COUNTY JAIL,hifld_prisons,COUNTY,NA,47,47129,OPEN,doc_excluded_local_jail,source type indicates local/federal jail or non-DOC facility,414 MAIN STREET,WARTBURG,Morgan,36.1046867453626,-84.59785175899658
Tennessee,NA,Tennessee Department of Corrections,MORGAN COUNTY SHERIFFS DEPARTMENT / MORGAN COUNTY JAIL,hifld,SHERIFF'S OFFICE,NA,47,47129,OPEN,doc_excluded_local_jail,source type indicates local/federal jail or non-DOC facility,414 MAIN STREET,WARTBURG,Morgan,36.1046738,-84.597822
Tennessee,NA,Tennessee Department of Corrections,Nashville-Davidson Correctional Development Center,jails_prisons,JAILS,Davidson County Sheriffs Office,47,47037,1,doc_excluded_local_jail,source type indicates local/federal jail or non-DOC facility,5113 Harding Place,Nashville,Davidson County,NA,NA
Tennessee,NA,Tennessee Department of Corrections,Nashville-Davidson Hill Detention Center,jails_prisons,JAILS,Davidson County Sheriffs Office,47,47037,1,doc_excluded_local_jail,source type indicates local/federal jail or non-DOC facility,506 Second Avenue North,Nashville,Davidson County,NA,NA
Tennessee,NA,Tennessee Department of Corrections,Nashville-Davidson Maximum Correction Center,jails_prisons,JAILS,Davidson County Sheriffs Office,47,47037,1,doc_excluded_local_jail,source type indicates local/federal jail or non-DOC facility,5113 Harding Place,Nashville,Davidson County,NA,NA
Tennessee,NA,Tennessee Department of Corrections,OBION COUNTY JAIL,hifld_prisons,COUNTY,NA,47,47131,OPEN,doc_excluded_local_jail,source type indicates local/federal jail or non-DOC facility,1 LAW LANE,UNION CITY,Obion,36.44677937062811,-89.06289901692415
Tennessee,NA,Tennessee Department of Corrections,OBION COUNTY SHERIFFS DEPARTMENT / OBION COUNTY JAIL,hifld,SHERIFF'S OFFICE,NA,47,47131,OPEN,doc_excluded_local_jail,source type indicates local/federal jail or non-DOC facility,1 LAW LANE,UNION CITY,Obion,36.4468765,-89.0630447
Tennessee,NA,Tennessee Department of Corrections,OFFENDER RE-ENTRY CENTER,hifld_prisons,COUNTY,NA,47,47037,OPEN,doc_excluded_local_jail,source type indicates local/federal jail or non-DOC facility,5131 HARDING PLACE,NASHVILLE,Davidson,36.08961943343649,-86.68163807982246
Tennessee,NA,Tennessee Department of Corrections,OVERTON COUNTY JAIL,hifld_prisons,COUNTY,NA,47,47133,OPEN,doc_excluded_local_jail,source type indicates local/federal jail or non-DOC facility,1010 JOHN T POINDEXTER DRIVE,LIVINGSTON,Overton,36.39543999420517,-85.32341252561386
Tennessee,NA,Tennessee Department of Corrections,OVERTON COUNTY SHERIFFS DEPARTMENT / OVERTON COUNTY JAIL,hifld,SHERIFF'S OFFICE,NA,47,47133,OPEN,doc_excluded_local_jail,source type indicates local/federal jail or non-DOC facility,1010 JOHN T POINDEXTER DRIVE,LIVINGSTON,Overton,36.3954097,-85.3235151
Tennessee,NA,Tennessee Department of Corrections,PERRY COUNTY JAIL,hifld_prisons,COUNTY,NA,47,47135,OPEN,doc_excluded_local_jail,source type indicates local/federal jail or non-DOC facility,582 BETHEL ROAD,LINDEN,Perry,35.58971462434166,-87.85325266416467
Tennessee,NA,Tennessee Department of Corrections,PERRY COUNTY SHERIFFS DEPARTMENT / PERRY COUNTY JAIL,hifld,SHERIFF'S OFFICE,NA,47,47135,OPEN,doc_excluded_local_jail,source type indicates local/federal jail or non-DOC facility,582 BETHEL ROAD,LINDEN,Perry,35.5896965,-87.853258599
Tennessee,NA,Tennessee Department of Corrections,PICKETT COUNTY JAIL,hifld_prisons,COUNTY,NA,47,47137,OPEN,doc_excluded_local_jail,source type indicates local/federal jail or non-DOC facility,1 COURTHOUSE SQUARE,BYRDSTOWN,Pickett,36.569739583924765,-85.12997644482887
Tennessee,NA,Tennessee Department of Corrections,PICKETT COUNTY SHERIFFS DEPARTMENT / PICKETT COUNTY JAIL,hifld,SHERIFF'S OFFICE,NA,47,47137,OPEN,doc_excluded_local_jail,source type indicates local/federal jail or non-DOC facility,"1 COURTHOUSE SQUARE, SUITE 300",BYRDSTOWN,Pickett,36.5697838,-85.1299704
Tennessee,NA,Tennessee Department of Corrections,POLK COUNTY DETENTION FACILITY,hifld_prisons,COUNTY,NA,47,47139,OPEN,doc_excluded_local_jail,source type indicates local/federal jail or non-DOC facility,164 INDUSTRIAL ACCESS CIRCLE,BENTON,Polk,35.17083662149768,-84.63530942688422
Tennessee,NA,Tennessee Department of Corrections,Polk County Jail,jails_prisons,JAILS,Polk County Sheriffs Office,47,47139,1,doc_excluded_local_jail,source type indicates local/federal jail or non-DOC facility,164 Industrial Access Circle,Benton,Polk County,NA,NA
Tennessee,NA,Tennessee Department of Corrections,POLK COUNTY SHERIFFS DEPARTMENT - DUCKTOWN,hifld,SHERIFF'S OFFICE,NA,47,47139,OPEN,doc_excluded_local_jail,source type indicates local/federal jail or non-DOC facility,398 MAIN STREET,DUCKTOWN,Polk,35.0380077,-84.3798362
Tennessee,NA,Tennessee Department of Corrections,POLK COUNTY SHERIFFS DEPARTMENT / POLK COUNTY JAIL,hifld,SHERIFF'S OFFICE,NA,47,47139,OPEN,doc_excluded_local_jail,source type indicates local/federal jail or non-DOC facility,164 INDUSTRIAL ACCESS CIRCLE,BENTON,Polk,35.170777201,-84.6352946
Tennessee,NA,Tennessee Department of Corrections,PUTNAM COUNTY JAIL,hifld_prisons,COUNTY,NA,47,47141,OPEN,doc_excluded_local_jail,source type indicates local/federal jail or non-DOC facility,421 EAST SPRING STREET,COOKEVILLE,Putnam,36.16149666622641,-85.4983733148148
Tennessee,NA,Tennessee Department of Corrections,PUTNAM COUNTY JUVENILE DETENTION CENTER,hifld_prisons,COUNTY,NA,47,47141,OPEN,doc_excluded_local_jail,source type indicates local/federal jail or non-DOC facility,25 NORTH WASHINGTON AVENUE,COOKEVILLE,Putnam,36.16343843104464,-85.49884008784555
Tennessee,NA,Tennessee Department of Corrections,PUTNAM COUNTY SHERIFFS DEPARTMENT / PUTNAM COUNTY JAIL,hifld,SHERIFF'S OFFICE,NA,47,47141,OPEN,doc_excluded_local_jail,source type indicates local/federal jail or non-DOC facility,421 EAST SPRING STREET,COOKEVILLE,Putnam,36.1614819,-85.4988923
Tennessee,NA,Tennessee Department of Corrections,RHEA COUNTY JAIL,hifld_prisons,COUNTY,NA,47,47143,OPEN,doc_excluded_local_jail,source type indicates local/federal jail or non-DOC facility,444 2ND AVE,DAYTON,Rhea,35.495435426815106,-85.01392960096459
Tennessee,NA,Tennessee Department of Corrections,RHEA COUNTY JUVENILE DETENTION CENTER,hifld_prisons,COUNTY,NA,47,47143,NOT AVAILABLE,doc_excluded_local_jail,source type indicates local/federal jail or non-DOC facility,1169 MARKET STREET,DAYTON,Rhea,35.491279873353896,-85.01573721465368
Tennessee,NA,Tennessee Department of Corrections,RHEA COUNTY SHERIFFS DEPARTMENT / RHEA COUNTY JAIL,hifld,SHERIFF'S OFFICE,NA,47,47143,OPEN,doc_excluded_local_jail,source type indicates local/federal jail or non-DOC facility,444 2ND AVENUE,DAYTON,Rhea,35.4954463,-85.0139143
Tennessee,NA,Tennessee Department of Corrections,RICHARD L BEAN JUVENILE SERVICE CENTER,hifld_prisons,COUNTY,NA,47,47093,OPEN,doc_excluded_local_jail,source type indicates local/federal jail or non-DOC facility,3321 DIVISION ST,KNOXVILLE,Knox,35.95599985126462,-83.96153996746246
Tennessee,NA,Tennessee Department of Corrections,Roane County Detention Facility,jails_prisons,JAILS,Roane County Sheriffs Office,47,47145,1,doc_excluded_local_jail,source type indicates local/federal jail or non-DOC facility,230 N 3rd Street,Kingston,Roane County,NA,NA
Tennessee,NA,Tennessee Department of Corrections,ROANE COUNTY JAIL,hifld_prisons,COUNTY,NA,47,47145,OPEN,doc_excluded_local_jail,source type indicates local/federal jail or non-DOC facility,230 NORTH THIRD STREET,KINGSTON,Roane,35.872494063957085,-84.51411385821642
Tennessee,NA,Tennessee Department of Corrections,ROANE COUNTY SHERIFFS OFFICE / ROANE COUNTY JAIL,hifld,SHERIFF'S OFFICE,NA,47,47145,OPEN,doc_excluded_local_jail,source type indicates local/federal jail or non-DOC facility,300 EAST RACE STREET,KINGSTON,Roane,35.8705969,-84.5142194
Tennessee,NA,Tennessee Department of Corrections,ROBERTSON COUNTY DETENTION FACILITY,hifld_prisons,COUNTY,NA,47,47147,OPEN,doc_excluded_local_jail,source type indicates local/federal jail or non-DOC facility,311 5TH AVE E,SPRINGFIELD,Robertson,36.50808877858319,-86.880743154672
Tennessee,NA,Tennessee Department of Corrections,Roger D. Wilson Detention Facility,jails_prisons,JAILS,Knox County Sheriffs Office,47,47093,1,doc_excluded_local_jail,source type indicates local/federal jail or non-DOC facility,5001 Maloneyville Road,Knoxville,Knox County,NA,NA
Tennessee,NA,Tennessee Department of Corrections,RUTHERFORD COUNTY ADULT DETENTION CENTER,hifld_prisons,COUNTY,NA,47,47149,OPEN,doc_excluded_local_jail,source type indicates local/federal jail or non-DOC facility,940 NEW SALEM HWY,MURFREESBORO,Rutherford,35.83612114161707,-86.41236627722762
Tennessee,NA,Tennessee Department of Corrections,RUTHERFORD COUNTY CORRECTIONAL WORK CENTER,hifld_prisons,COUNTY,NA,47,47149,OPEN,doc_excluded_local_jail,source type indicates local/federal jail or non-DOC facility,1720 SOUTH CHURCH STREET,MURFREESBORO,Rutherford,35.82257227425408,-86.39960313947057
Tennessee,NA,Tennessee Department of Corrections,RUTHERFORD COUNTY JUVENILE DETENTION CENTER,hifld_prisons,COUNTY,NA,47,47149,OPEN,doc_excluded_local_jail,source type indicates local/federal jail or non-DOC facility,1710 S CHURCH ST,MURFREESBORO,Rutherford,35.82310484112947,-86.39688185120829
Tennessee,NA,Tennessee Department of Corrections,Scott County Correctional Facility,jails_prisons,JAILS,Scott County Sheriffs Department,47,47151,1,doc_excluded_local_jail,source type indicates local/federal jail or non-DOC facility,575 Scott High Drive,Huntsville,Scott County,NA,NA
Tennessee,NA,Tennessee Department of Corrections,SCOTT COUNTY JUSTICE CENTER,hifld_prisons,COUNTY,NA,47,47151,OPEN,doc_excluded_local_jail,source type indicates local/federal jail or non-DOC facility,575 SCOTT HIGH DRIVE,HUNTSVILLE,Scott,36.405665065654404,-84.53223946072795
Tennessee,NA,Tennessee Department of Corrections,SCOTT COUNTY JUVENILE DETENTION CENTER,hifld_prisons,COUNTY,NA,47,47151,OPEN,doc_excluded_local_jail,source type indicates local/federal jail or non-DOC facility,195 FIRE HALL DRIVE,HUNTSVILLE,Scott,36.41124411136163,-84.48910643447377
Tennessee,NA,Tennessee Department of Corrections,SCOTT COUNTY SHERIFFS DEPARTMENT / SCOTT COUNTY JAIL,hifld,SHERIFF'S OFFICE,NA,47,47151,OPEN,doc_excluded_local_jail,source type indicates local/federal jail or non-DOC facility,COURTHOUSE SQUARE,HUNTSVILLE,Scott,36.41042951,-84.489812035
Tennessee,NA,Tennessee Department of Corrections,SEQUATCHIE COUNTY JAIL,hifld_prisons,COUNTY,NA,47,47153,OPEN,doc_excluded_local_jail,source type indicates local/federal jail or non-DOC facility,351 FREDONIA ROAD,DUNLAP,Sequatchie,35.38082814689976,-85.39115318731781
Tennessee,NA,Tennessee Department of Corrections,Sequatchie County Justice Center,jails_prisons,JAILS,Sequatchie County Sheriffs Department,47,47153,1,doc_excluded_local_jail,source type indicates local/federal jail or non-DOC facility,"351 Fredonia Road, Suite A",Dunlap,Sequatchie County,NA,NA
Tennessee,NA,Tennessee Department of Corrections,SEQUATCHIE COUNTY SHERIFFS DEPARTMENT / SEQUATCHIE COUNTY JAIL,hifld,SHERIFF'S OFFICE,NA,47,47153,OPEN,doc_excluded_local_jail,source type indicates local/federal jail or non-DOC facility,351 FREDONIA ROAD,DUNLAP,Sequatchie,35.3809658,-85.3909116
Tennessee,NA,Tennessee Department of Corrections,SEVIER COUNTY JAIL,hifld_prisons,COUNTY,NA,47,47155,OPEN,doc_excluded_local_jail,source type indicates local/federal jail or non-DOC facility,137 COMMERCE ST,SEVIERVILLE,Sevier,35.868639563984,-83.56711299855222
Tennessee,NA,Tennessee Department of Corrections,SEVIER COUNTY JAIL ANNEX,hifld_prisons,COUNTY,NA,47,47155,OPEN,doc_excluded_local_jail,source type indicates local/federal jail or non-DOC facility,896 OLD KNOXVILLE HWY,SEVIERVILLE,Sevier,35.881271682997905,-83.57877662465943
Tennessee,NA,Tennessee Department of Corrections,Sevier County Jail & Minimum Security Facility,jails_prisons,JAILS,Sevier County Sheriffs Office,47,47155,1,doc_excluded_local_jail,source type indicates local/federal jail or non-DOC facility,137 Commerce Street,Sevierville,Sevier County,NA,NA
Tennessee,NA,Tennessee Department of Corrections,SEVIER COUNTY JUVENILE FACILITY,hifld_prisons,COUNTY,NA,47,47155,OPEN,doc_excluded_local_jail,source type indicates local/federal jail or non-DOC facility,157 WEST MAIN STREET,SEVIERVILLE,Sevier,35.86882142688768,-83.56642496138005
Tennessee,NA,Tennessee Department of Corrections,SEVIER COUNTY SHERIFFS DEPARTMENT,hifld,SHERIFF'S OFFICE,NA,47,47155,OPEN,doc_excluded_local_jail,source type indicates local/federal jail or non-DOC facility,106 WEST BRUCE STREET,SEVIERVILLE,Sevier,35.86721932,-83.566225865
Tennessee,NA,Tennessee Department of Corrections,SHELBY ADULT OFFENDER CENTER,hifld_prisons,COUNTY,NA,47,47157,OPEN,doc_excluded_local_jail,source type indicates local/federal jail or non-DOC facility,961 SYCAMORE VIEW RD,MEMPHIS,Shelby,35.15121475116914,-89.86342380161153
Tennessee,NA,Tennessee Department of Corrections,SHELBY COUNTY CORRECTIONAL CENTER,hifld_prisons,COUNTY,NA,47,47157,OPEN,doc_excluded_local_jail,source type indicates local/federal jail or non-DOC facility,1045 MULLINS STATION RD,MEMPHIS,Shelby,35.151972304245,-89.85540468106825
Tennessee,NA,Tennessee Department of Corrections,SHELBY COUNTY JAIL,hifld_prisons,COUNTY,NA,47,47157,OPEN,doc_excluded_local_jail,source type indicates local/federal jail or non-DOC facility,201 POPLAR AVE,MEMPHIS,Shelby,35.14851700102242,-90.04663988385761
Tennessee,NA,Tennessee Department of Corrections,SHELBY COUNTY JAIL WOMEN'S FACILITY,hifld_prisons,COUNTY,NA,47,47157,OPEN,doc_excluded_local_jail,source type indicates local/federal jail or non-DOC facility,6201 HALEY RD,MEMPHIS,Shelby,35.14927216392359,-89.85648768690469
Tennessee,NA,Tennessee Department of Corrections,SHELBY COUNTY JUVENILE DETENTION BUREAU,hifld_prisons,COUNTY,NA,47,47157,OPEN,doc_excluded_local_jail,source type indicates local/federal jail or non-DOC facility,616 ADAMS AVENUE,MEMPHIS,Shelby,35.14552672466308,-90.03947813376283
Tennessee,NA,Tennessee Department of Corrections,SHELBY COUNTY SHERIFFS OFFICE / SHELBY COUNTY JAIL,hifld,SHERIFF'S OFFICE,NA,47,47157,OPEN,doc_excluded_local_jail,source type indicates local/federal jail or non-DOC facility,201 POPLAR AVENUE,MEMPHIS,Shelby,35.148441,-90.0466761
Tennessee,NA,Tennessee Department of Corrections,SHELBY TRAINING CENTER,hifld_prisons,COUNTY,NA,47,47157,OPEN,doc_excluded_local_jail,source type indicates local/federal jail or non-DOC facility,3420 OLD GETWELL ROAD,MEMPHIS,Shelby,35.05506397058303,-89.93521079766468
Tennessee,NA,Tennessee Department of Corrections,Silverdale Correction Facility - CCA,jails_prisons,JAILS,Silverdale Correctional Facility - CoreCivic,47,47065,1,doc_excluded_local_jail,source type indicates local/federal jail or non-DOC facility,7609 Standifer Gap Road,Chattanooga,Hamilton County,NA,NA
Tennessee,NA,Tennessee Department of Corrections,SMITH COUNTY JAIL,hifld_prisons,COUNTY,NA,47,47159,OPEN,doc_excluded_local_jail,source type indicates local/federal jail or non-DOC facility,322 JUSTICE LANE,CARTHAGE,Smith,36.2593460484538,-85.932693166802
Tennessee,NA,Tennessee Department of Corrections,Smith County Sheriffs Office and Jail,jails_prisons,JAILS,Smith County Sheriffs Office,47,47159,1,doc_excluded_local_jail,source type indicates local/federal jail or non-DOC facility,"322 Justice Drive, Suite 200",Carthage,Smith County,NA,NA
Tennessee,NA,Tennessee Department of Corrections,SMITH COUNTY SHERIFFS DEPARTMENT / SMITH COUNTY JAIL,hifld,SHERIFF'S OFFICE,NA,47,47159,OPEN,doc_excluded_local_jail,source type indicates local/federal jail or non-DOC facility,205 SECOND AVENUE WEST,CARTHAGE,Smith,36.251058961,-85.953707871
Tennessee,NA,Tennessee Department of Corrections,STEWART COUNTY JAIL,hifld_prisons,COUNTY,NA,47,47161,OPEN,doc_excluded_local_jail,source type indicates local/federal jail or non-DOC facility,314 CEDAR ST,DOVER,Stewart,36.4818728787838,-87.84302979270994
Tennessee,NA,Tennessee Department of Corrections,STEWART COUNTY SHERIFFS DEPARTMENT,hifld,SHERIFF'S OFFICE,NA,47,47161,OPEN,doc_excluded_local_jail,source type indicates local/federal jail or non-DOC facility,117 DONELSON PARKWAY,DOVER,Stewart,36.488934,-87.8395027
Tennessee,NA,Tennessee Department of Corrections,SULLIVAN COUNTY JAIL,hifld_prisons,COUNTY,NA,47,47163,OPEN,doc_excluded_local_jail,source type indicates local/federal jail or non-DOC facility,140 BLOUNTVILLE BYPASS,BLOUNTVILLE,Sullivan,36.53664187970627,-82.32030881873995
Tennessee,NA,Tennessee Department of Corrections,Sullivan Sheriffs Office Extension,jails_prisons,JAILS,Sullivan County Sheriffs Office,47,47163,1,doc_excluded_local_jail,source type indicates local/federal jail or non-DOC facility,Emergency Road,Blountville,Sullivan County,NA,NA
Tennessee,NA,Tennessee Department of Corrections,SULLIVAN COUNTY SHERIFFS DEPARTMENT / SULLIVAN COUNTY JAIL,hifld,SHERIFF'S OFFICE,NA,47,47163,OPEN,doc_excluded_local_jail,source type indicates local/federal jail or non-DOC facility,140 BLOUNTVILLE BYPASS,BLOUNTVILLE,Sullivan,36.5365484,-82.3205577
Tennessee,NA,Tennessee Department of Corrections,SUMNER COUNTY JAIL,hifld_prisons,COUNTY,NA,47,47165,OPEN,doc_excluded_local_jail,source type indicates local/federal jail or non-DOC facility,117 WEST SMITH STREET,GALLATIN,Sumner,36.38648978632265,-86.44673984653383
Tennessee,NA,Tennessee Department of Corrections,TIPTON COUNTY JAIL,hifld_prisons,COUNTY,NA,47,47167,OPEN,doc_excluded_local_jail,source type indicates local/federal jail or non-DOC facility,1801 SOUTH COLLEGE STREET,COVINGTON,Tipton,35.543335564006064,-89.65078749195382
Tennessee,NA,Tennessee Department of Corrections,TIPTON COUNTY SHERIFFS DEPARTMENT / TIPTON COUNTY JAIL,hifld,SHERIFF'S OFFICE,NA,47,47167,OPEN,doc_excluded_local_jail,source type indicates local/federal jail or non-DOC facility,"1801 SOUTH COLLEGE STREET, SUITE 106",COVINGTON,Tipton,35.5433829,-89.6505768
Tennessee,NA,Tennessee Department of Corrections,TROUSDALE COUNTY JAIL,hifld_prisons,COUNTY,NA,47,47169,OPEN,doc_excluded_local_jail,source type indicates local/federal jail or non-DOC facility,315 EAST MAIN STREET,HARTSVILLE,Trousdale,36.39077786600965,-86.16434611621307
Tennessee,NA,Tennessee Department of Corrections,TROUSDALE COUNTY SHERIFFS DEPARTMENT / TROUSDALE COUNTY JAIL,hifld,SHERIFF'S OFFICE,NA,47,47169,OPEN,doc_excluded_local_jail,source type indicates local/federal jail or non-DOC facility,315 EAST MAIN STREET,HARTSVILLE,Trousdale,36.3907283,-86.1644194
Tennessee,NA,Tennessee Department of Corrections,Unicoi County Annex,jails_prisons,JAILS,Unicoi County Sheriffs Department,47,47171,1,doc_excluded_local_jail,source type indicates local/federal jail or non-DOC facility,1570 Jackson Love Highway,Erwin,Unicoi County,NA,NA
Tennessee,NA,Tennessee Department of Corrections,UNICOI COUNTY JAIL,hifld_prisons,COUNTY,NA,47,47171,OPEN,doc_excluded_local_jail,source type indicates local/federal jail or non-DOC facility,102 NORTH MAIN AVENUE,ERWIN,Unicoi,36.14526665031238,-82.41605149768709
Tennessee,NA,Tennessee Department of Corrections,UNICOI COUNTY SHERIFFS DEPARTMENT / UNICOI COUNTY JAIL,hifld,SHERIFF'S OFFICE,NA,47,47171,OPEN,doc_excluded_local_jail,source type indicates local/federal jail or non-DOC facility,102 NORTH MAIN AVENUE,ERWIN,Unicoi,36.14520476,-82.416166493
Tennessee,NA,Tennessee Department of Corrections,UNION COUNTY JAIL,hifld_prisons,COUNTY,NA,47,47173,OPEN,doc_excluded_local_jail,source type indicates local/federal jail or non-DOC facility,901 MAIN STREET,MAYNARDVILLE,Union,36.24990862730796,-83.79886145855207
Tennessee,NA,Tennessee Department of Corrections,UNION COUNTY SHERIFFS DEPARTMENT / UNION COUNTY JAIL,hifld,SHERIFF'S OFFICE,NA,47,47173,OPEN,doc_excluded_local_jail,source type indicates local/federal jail or non-DOC facility,"901 MAIN STREET, SUITE 98",MAYNARDVILLE,Union,36.249948236,-83.79877135
Tennessee,NA,Tennessee Department of Corrections,UPPER EAST TN REGIONAL JUVENILE DETENTION,hifld_prisons,LOCAL,NA,47,47179,OPEN,doc_excluded_local_jail,source type indicates local/federal jail or non-DOC facility,307 WESLEY STREET,JOHNSON CITY,Washington,36.353620485288594,-82.37609658047158
Tennessee,NA,Tennessee Department of Corrections,VAN BUREN COUNTY JAIL,hifld_prisons,COUNTY,NA,47,47175,CLOSED,doc_excluded_local_jail,source type indicates local/federal jail or non-DOC facility,17 VETERN SQUARE,SPENCER,Van Buren,35.74839014578109,-85.46723478703296
Tennessee,NA,Tennessee Department of Corrections,VAN BUREN COUNTY SHERIFFS DEPARTMENT / VAN BUREN COUNTY JAIL,hifld,SHERIFF'S OFFICE,NA,47,47175,OPEN,doc_excluded_local_jail,source type indicates local/federal jail or non-DOC facility,17 VETERN SQUARE,SPENCER,Van Buren,35.7483219,-85.4672034
Tennessee,NA,Tennessee Department of Corrections,WARREN COUNTY JAIL,hifld_prisons,COUNTY,NA,47,47177,OPEN,doc_excluded_local_jail,source type indicates local/federal jail or non-DOC facility,108 SECURITY CIRCLE,MCMINNVILLE,Warren,35.69612842328546,-85.75159975085589
Tennessee,NA,Tennessee Department of Corrections,WARREN COUNTY SHERIFFS DEPARTMENT / WARREN COUNTY JAIL,hifld,SHERIFF'S OFFICE,NA,47,47177,OPEN,doc_excluded_local_jail,source type indicates local/federal jail or non-DOC facility,108 SECURITY CIRCLE,MCMINNVILLE,Warren,35.696317,-85.7518328
Tennessee,NA,Tennessee Department of Corrections,WASHINGTON COUNTY DETENTION CENTER,hifld_prisons,COUNTY,NA,47,47179,OPEN,doc_excluded_local_jail,source type indicates local/federal jail or non-DOC facility,114 W JACKSON BLVD,JONESBOROUGH,Washington,36.29741313540453,-82.4778859714877
Tennessee,NA,Tennessee Department of Corrections,WASHINGTON COUNTY SHERIFFS DEPARTMENT,hifld,SHERIFF'S OFFICE,NA,47,47179,OPEN,doc_excluded_local_jail,source type indicates local/federal jail or non-DOC facility,101 EAST MARKET STREET,JOHNSON CITY,Washington,36.316922221,-82.352290173
Tennessee,NA,Tennessee Department of Corrections,WAYNE COUNTY JAIL,hifld_prisons,COUNTY,NA,47,47181,OPEN,doc_excluded_local_jail,source type indicates local/federal jail or non-DOC facility,1016 ANDREW JACKSON DR,WAYNESBORO,Wayne,35.324674814333214,-87.77105352411637
Tennessee,NA,Tennessee Department of Corrections,WAYNE COUNTY SHERIFFS OFFICE / WAYNE COUNTY JAIL,hifld,SHERIFF'S OFFICE,NA,47,47181,OPEN,doc_excluded_local_jail,source type indicates local/federal jail or non-DOC facility,201 HASSELL STREET,WAYNESBORO,Wayne,35.319261601,-87.760828855
Tennessee,NA,Tennessee Department of Corrections,WEAKLEY COUNTY JAIL,hifld_prisons,COUNTY,NA,47,47183,OPEN,doc_excluded_local_jail,source type indicates local/federal jail or non-DOC facility,7951 STATE HIGHWAY 22,DRESDEN,Weakley,36.27454469823909,-88.68934253064037
Tennessee,NA,Tennessee Department of Corrections,WEAKLEY COUNTY SHERIFFS DEPARTMENT / WEAKLEY COUNTY JAIL,hifld,SHERIFF'S OFFICE,NA,47,47183,OPEN,doc_excluded_local_jail,source type indicates local/federal jail or non-DOC facility,7951 STATE HIGHWAY 22,DRESDEN,Weakley,36.2744245,-88.6893774
Tennessee,NA,Tennessee Department of Corrections,WHITE COUNTY JAIL,hifld_prisons,COUNTY,NA,47,47185,OPEN,doc_excluded_local_jail,source type indicates local/federal jail or non-DOC facility,111 DEPOT STREET,SPARTA,White,35.92771611445403,-85.47515522470893
Tennessee,NA,Tennessee Department of Corrections,WILLIAMSON COUNTY JAIL,hifld_prisons,COUNTY,NA,47,47187,OPEN,doc_excluded_local_jail,source type indicates local/federal jail or non-DOC facility,408 CENTURY COURT,FRANKLIN,Williamson,35.89995914659029,-86.88509074993105
Tennessee,NA,Tennessee Department of Corrections,WILLIAMSON COUNTY JUVENILE DETENTION CENTER,hifld_prisons,COUNTY,NA,47,47187,OPEN,doc_excluded_local_jail,source type indicates local/federal jail or non-DOC facility,408 CENTURY COURT,FRANKLIN,Williamson,35.90086932573366,-86.88479617606005
Tennessee,NA,Tennessee Department of Corrections,WILLIAMSON COUNTY SHERIFFS DEPARTMENT / WILLIAMSON COUNTY JAIL,hifld,SHERIFF'S OFFICE,NA,47,47187,OPEN,doc_excluded_local_jail,source type indicates local/federal jail or non-DOC facility,408 CENTURY COURT,FRANKLIN,Williamson,35.899933,-86.8850323
Tennessee,NA,Tennessee Department of Corrections,WILSON COUNTY JAIL,hifld_prisons,COUNTY,NA,47,47189,OPEN,doc_excluded_local_jail,source type indicates local/federal jail or non-DOC facility,105 E HIGH ST,LEBANON,Wilson,36.21315975709127,-86.2891332706114
Tennessee,NA,Tennessee Department of Corrections,WILSON COUNTY SHERIFFS DEPARTMENT / WILSON COUNTY JAIL,hifld,SHERIFF'S OFFICE,NA,47,47189,OPEN,doc_excluded_local_jail,source type indicates local/federal jail or non-DOC facility,105 EAST HIGH STREET,LEBANON,Wilson,36.212940399,-86.2889264
Utah,NA,Utah Department of Corrections,Beaver County Correctional Facility,jails_prisons,JAILS,Beaver County Sheriffs Office,49,49001,1,doc_excluded_local_jail,source type indicates local/federal jail or non-DOC facility,2270 South 525,Beaver,Beaver County,NA,NA
Utah,NA,Utah Department of Corrections,BEAVER COUNTY JAIL,hifld_prisons,COUNTY,NA,49,49001,OPEN,doc_excluded_local_jail,source type indicates local/federal jail or non-DOC facility,2270 S 525 W,BEAVER,Beaver,38.24310549700086,-112.6523841130276
Utah,NA,Utah Department of Corrections,BEAVER COUNTY SHERIFFS OFFICE / BEAVER COUNTY JAIL,hifld,SHERIFF'S OFFICE,NA,49,49001,OPEN,doc_excluded_local_jail,source type indicates local/federal jail or non-DOC facility,2270 SOUTH 525 WEST,BEAVER,Beaver,38.243293541,-112.652489746
Utah,NA,Utah Department of Corrections,BEAVER COUNTY SHERIFFS OFFICE - MILFORD,hifld,SHERIFF'S OFFICE,NA,49,49001,OPEN,doc_excluded_local_jail,source type indicates local/federal jail or non-DOC facility,26 SOUTH 100 WEST STREET,MILFORD,Beaver,38.3969067,-113.012300599
Utah,NA,Utah Department of Corrections,BOX ELDER COUNTY JAIL,hifld_prisons,COUNTY,NA,49,49003,OPEN,doc_excluded_local_jail,source type indicates local/federal jail or non-DOC facility,52 S 1000 W,BRIGHAM CITY,Box Elder,41.50924754048875,-112.03560943276257
Utah,NA,Utah Department of Corrections,BOX ELDER COUNTY SHERIFFS OFFICE / BOX ELDER COUNTY JAIL,hifld,SHERIFF'S OFFICE,NA,49,49003,OPEN,doc_excluded_local_jail,source type indicates local/federal jail or non-DOC facility,52 SOUTH 1000 WEST,BRIGHAM CITY,Box Elder,41.5090937,-112.0351901
Utah,NA,Utah Department of Corrections,Cache County Jail,jails_prisons,JAILS,Cache County Sheriffs Office,49,49005,1,doc_excluded_local_jail,source type indicates local/federal jail or non-DOC facility,"1225 West Valley View, Suite 100",Logan,Cache County,NA,NA
Utah,NA,Utah Department of Corrections,CACHE COUNTY JAIL / SHERIFF,hifld_prisons,COUNTY,NA,49,49005,OPEN,doc_excluded_local_jail,source type indicates local/federal jail or non-DOC facility,1225 W 200 N,LOGAN,Cache,41.737029004252626,-111.86592527744114
Utah,NA,Utah Department of Corrections,CACHE COUNTY SHERIFFS OFFICE / CACHE COUNTY JAIL,hifld,SHERIFF'S OFFICE,NA,49,49005,OPEN,doc_excluded_local_jail,source type indicates local/federal jail or non-DOC facility,1225 WEST 200 NORTH,LOGAN,Cache,41.737117264,-111.86601444
Utah,NA,Utah Department of Corrections,CARBON COUNTY JAIL,hifld_prisons,COUNTY,NA,49,49007,OPEN,doc_excluded_local_jail,source type indicates local/federal jail or non-DOC facility,240 W MAIN ST,PRICE,Carbon,39.60002435371917,-110.81469591714378
Utah,NA,Utah Department of Corrections,CARBON COUNTY SHERIFFS OFFICE / CARBON COUNTY JAIL,hifld,SHERIFF'S OFFICE,NA,49,49007,OPEN,doc_excluded_local_jail,source type indicates local/federal jail or non-DOC facility,240 WEST MAIN STREET,PRICE,Carbon,39.600025236,-110.814725021
Utah,NA,Utah Department of Corrections,DAGGETT COUNTY JAIL,hifld_prisons,COUNTY,NA,49,49009,CLOSED,doc_excluded_local_jail,source type indicates local/federal jail or non-DOC facility,590 S SHERIFF'S WAY,MANILA,Daggett,40.97879188977395,-109.77700196168594
Utah,NA,Utah Department of Corrections,DAGGETT COUNTY SHERIFFS OFFICE,hifld,SHERIFF'S OFFICE,NA,49,49009,OPEN,doc_excluded_local_jail,source type indicates local/federal jail or non-DOC facility,95 NORTH 100 WEST,MANILA,Daggett,40.989768342,-109.725531314
Utah,NA,Utah Department of Corrections,DAVIS COUNTY CORRECTIONS / DAVIS COUNTY SHERIFFS OFFICE,hifld,SHERIFF'S OFFICE,NA,49,49011,OPEN,doc_excluded_local_jail,source type indicates local/federal jail or non-DOC facility,800 WEST STATE STREET,FARMINGTON,Davis,40.980074897,-111.905830377
Utah,NA,Utah Department of Corrections,Davis County Jail,jails_prisons,JAILS,Davis County Sheriffs Office,49,49011,1,doc_excluded_local_jail,source type indicates local/federal jail or non-DOC facility,800 W State Street,Farmington,Davis County,NA,NA
Utah,NA,Utah Department of Corrections,DAVIS COUNTY JAIL / SHERIFF,hifld_prisons,COUNTY,NA,49,49011,OPEN,doc_excluded_local_jail,source type indicates local/federal jail or non-DOC facility,800 W STATE ST,FARMINGTON,Davis,40.979837679055436,-111.90515370456514
Utah,NA,Utah Department of Corrections,DAVIS COUNTY WORK RELEASE CENTER,hifld_prisons,COUNTY,NA,49,49011,OPEN,doc_excluded_local_jail,source type indicates local/federal jail or non-DOC facility,883 W CLARK LANE,FARMINGTON,Davis,40.980289608865554,-111.90691853108815
Utah,NA,Utah Department of Corrections,DUCHESNE COUNTY JAIL,hifld_prisons,COUNTY,NA,49,49013,OPEN,doc_excluded_local_jail,source type indicates local/federal jail or non-DOC facility,21554 W 9000 S,DUCHESNE,Duchesne,40.18012449364011,-110.3877948802736
Utah,NA,Utah Department of Corrections,DUCHESNE COUNTY SHERIFFS OFFICE / DUCHESNE COUNTY JAIL,hifld,SHERIFF'S OFFICE,NA,49,49013,OPEN,doc_excluded_local_jail,source type indicates local/federal jail or non-DOC facility,21554 WEST 9000 SOUTH,DUCHESNE,Duchesne,40.180097224,-110.387844126
Utah,NA,Utah Department of Corrections,Emery County Jail,jails_prisons,JAILS,Emery County Sheriffs Office,49,49015,1,doc_excluded_local_jail,source type indicates local/federal jail or non-DOC facility,1850 North 550 West,Castle Dale,Emery County,NA,NA
Utah,NA,Utah Department of Corrections,EMERY COUNTY JAIL / SHERIFF,hifld_prisons,COUNTY,NA,49,49015,OPEN,doc_excluded_local_jail,source type indicates local/federal jail or non-DOC facility,1850 N 5500 W,CASTLE DALE,Emery,39.243395940296274,-111.02719316851257
Utah,NA,Utah Department of Corrections,EMERY COUNTY SHERIFFS OFFICE / EMERY COUNTY JAIL,hifld,SHERIFF'S OFFICE,NA,49,49015,OPEN,doc_excluded_local_jail,source type indicates local/federal jail or non-DOC facility,550 WEST 1850 NORTH,CASTLE DALE,Emery,39.243342701,-111.02705
Utah,NA,Utah Department of Corrections,EMERY COUNTY SHERIFFS OFFICE - GREEN RIVER,hifld,SHERIFF'S OFFICE,NA,49,49015,OPEN,doc_excluded_local_jail,source type indicates local/federal jail or non-DOC facility,80 EAST FARRER STREET,GREEN RIVER,Emery,38.990361546,-110.161275199
Utah,NA,Utah Department of Corrections,GARFIELD COUNTY JAIL,hifld_prisons,COUNTY,NA,49,49017,OPEN,doc_excluded_local_jail,source type indicates local/federal jail or non-DOC facility,375 N 700 W,PANGUITCH,Garfield,37.82869919348445,-112.45213671094272
Utah,NA,Utah Department of Corrections,GARFIELD COUNTY SHERIFFS OFFICE / GARFIELD COUNTY JAIL,hifld,SHERIFF'S OFFICE,NA,49,49017,OPEN,doc_excluded_local_jail,source type indicates local/federal jail or non-DOC facility,375 NORTH 700 WEST,PANGUITCH,Garfield,37.8284758,-112.452072899
Utah,NA,Utah Department of Corrections,GRAND COUNTY JAIL,hifld_prisons,COUNTY,NA,49,49019,OPEN,doc_excluded_local_jail,source type indicates local/federal jail or non-DOC facility,125 E CENTER ST,MOAB,Grand,38.57379980851396,-109.54822288094172
Utah,NA,Utah Department of Corrections,GRAND COUNTY SHERIFFS OFFICE / GRAND COUNTY JAIL,hifld,SHERIFF'S OFFICE,NA,49,49019,OPEN,doc_excluded_local_jail,source type indicates local/federal jail or non-DOC facility,125 EAST CENTER STREET,MOAB,Grand,38.573771946,-109.548178832
Utah,NA,Utah Department of Corrections,IRON COUNTY JAIL,hifld_prisons,COUNTY,NA,49,49021,OPEN,doc_excluded_local_jail,source type indicates local/federal jail or non-DOC facility,2136 N MAIN,CEDAR CITY,Iron,37.71613573571976,-113.05854525572254
Utah,NA,Utah Department of Corrections,IRON COUNTY SHERIFFS OFFICE / IRON COUNTY JAIL,hifld,SHERIFF'S OFFICE,NA,49,49021,OPEN,doc_excluded_local_jail,source type indicates local/federal jail or non-DOC facility,2132 NORTH MAIN STREET,CEDAR CITY,Iron,37.7161691,-113.0584584
Utah,NA,Utah Department of Corrections,Juab County Jail,jails_prisons,JAILS,Juab County Sheriffs Office,49,49023,1,doc_excluded_local_jail,source type indicates local/federal jail or non-DOC facility,425 W Sheeplane Drive,Nephi,Juab County,NA,NA
Utah,NA,Utah Department of Corrections,JUAB COUNTY JAIL / SHERIFF,hifld_prisons,COUNTY,NA,49,49023,OPEN,doc_excluded_local_jail,source type indicates local/federal jail or non-DOC facility,425 W SHEEP LANE DR,NEPHI,Juab,39.674480195368474,-111.8448479620327
Utah,NA,Utah Department of Corrections,JUAB COUNTY SHERIFFS OFFICE / JUAB COUNTY JAIL,hifld,SHERIFF'S OFFICE,NA,49,49023,OPEN,doc_excluded_local_jail,source type indicates local/federal jail or non-DOC facility,425 WEST SHEEP LANE DRIVE,NEPHI,Juab,39.674494515,-111.844564386
Utah,NA,Utah Department of Corrections,KANE COUNTY JAIL,hifld_prisons,COUNTY,NA,49,49025,OPEN,doc_excluded_local_jail,source type indicates local/federal jail or non-DOC facility,971 EAST KANEPLEX DR,KANAB,Kane,37.00186948195945,-112.50849301343884
Utah,NA,Utah Department of Corrections,KANE COUNTY SHERIFFS OFFICE / KANE COUNTY JAIL,hifld,SHERIFF'S OFFICE,NA,49,49025,OPEN,doc_excluded_local_jail,source type indicates local/federal jail or non-DOC facility,76 NORTH MAIN STREET,KANAB,Kane,37.049340654,-112.527832012
Utah,NA,Utah Department of Corrections,Kiesel Facility,jails_prisons,JAILS,Weber County Sheriffs Office,49,49057,1,doc_excluded_local_jail,source type indicates local/federal jail or non-DOC facility,370 26th Street,Ogden,Weber County,NA,NA
Utah,NA,Utah Department of Corrections,Millard County Jail,jails_prisons,JAILS,Millard County Sheriffs Office,49,49027,1,doc_excluded_local_jail,source type indicates local/federal jail or non-DOC facility,765 South Highway 99,Fillmore,Millard County,NA,NA
Utah,NA,Utah Department of Corrections,MILLARD COUNTY JAIL / SHERIFF,hifld_prisons,COUNTY,NA,49,49027,OPEN,doc_excluded_local_jail,source type indicates local/federal jail or non-DOC facility,765 S HWY 99,FILLMORE,Millard,38.953277969823176,-112.33933236925081
Utah,NA,Utah Department of Corrections,MILLARD COUNTY SHERIFFS OFFICE - DELTA SUBSTATION,hifld,SHERIFF'S OFFICE,NA,49,49027,OPEN,doc_excluded_local_jail,source type indicates local/federal jail or non-DOC facility,76 NORTH 200 WEST,DELTA,Millard,39.353581801,-112.578604418
Utah,NA,Utah Department of Corrections,MILLARD COUNTY SHERIFFS OFFICE / MILLARD COUNTY JAIL,hifld,SHERIFF'S OFFICE,NA,49,49027,OPEN,doc_excluded_local_jail,source type indicates local/federal jail or non-DOC facility,765 SOUTH STATE HIGHWAY 99,FILLMORE,Millard,38.953241532,-112.339314796
Utah,NA,Utah Department of Corrections,MORGAN COUNTY SHERIFFS OFFICE,hifld,SHERIFF'S OFFICE,NA,49,49029,OPEN,doc_excluded_local_jail,source type indicates local/federal jail or non-DOC facility,48 WEST YOUNG STREET,MORGAN,Morgan,41.0361487,-111.678548
Utah,NA,Utah Department of Corrections,OREM CITY DEPARTMENT OF PUBLIC SAFETY,hifld,LOCAL POLICE DEPARTMENT,NA,49,49049,OPEN,doc_excluded_local_jail,source type indicates local/federal jail or non-DOC facility,95 EAST CENTER STREET,OREM,Utah,40.2977315,-111.6932283
Utah,NA,Utah Department of Corrections,PIUTE COUNTY SHERIFFS OFFICE,hifld,SHERIFF'S OFFICE,NA,49,49031,OPEN,doc_excluded_local_jail,source type indicates local/federal jail or non-DOC facility,550 NORTH MAIN STREET,JUNCTION,Piute,38.244806265,-112.220780052
Utah,NA,Utah Department of Corrections,PURGATORY CORRECTIONAL FACILITY,hifld_prisons,COUNTY,NA,49,49053,OPEN,doc_excluded_local_jail,source type indicates local/federal jail or non-DOC facility,750 S 5300 W,HURRICANE,Washington,37.158143575560565,-113.41205821977394
Utah,NA,Utah Department of Corrections,RICH COUNTY JAIL,hifld_prisons,COUNTY,NA,49,49033,OPEN,doc_excluded_local_jail,source type indicates local/federal jail or non-DOC facility,20 S MAIN ST,RANDOLPH,Rich,41.66507323051767,-111.1844918703959
Utah,NA,Utah Department of Corrections,RICH COUNTY SHERIFFS OFFICE / RICH COUNTY JAIL,hifld,SHERIFF'S OFFICE,NA,49,49033,OPEN,doc_excluded_local_jail,source type indicates local/federal jail or non-DOC facility,20 SOUTH MAIN STREET,RANDOLPH,Rich,41.665013568,-111.1845
Utah,NA,Utah Department of Corrections,SALT LAKE CITY CENTER,hifld_prisons,LOCAL,NA,49,49035,OPEN,doc_excluded_local_jail,source type indicates local/federal jail or non-DOC facility,1585 W 2100 S,SALT LAKE CITY,Salt Lake,40.72523359147012,-111.93586395723774
Utah,NA,Utah Department of Corrections,Salt Lake County Jail,jails_prisons,JAILS,Salt Lake County Sheriffs Office,49,49035,1,doc_excluded_local_jail,source type indicates local/federal jail or non-DOC facility,3415 South 900 West,Salt Lake City,Salt Lake County,NA,NA
Utah,NA,Utah Department of Corrections,SALT LAKE COUNTY METRO JAIL,hifld_prisons,COUNTY,NA,49,49035,OPEN,doc_excluded_local_jail,source type indicates local/federal jail or non-DOC facility,3415 S 900 W,SALT LAKE CITY,Salt Lake,40.69685855544645,-111.91471156869486
Utah,NA,Utah Department of Corrections,SALT LAKE COUNTY OXBOW JAIL,hifld_prisons,COUNTY,NA,49,49035,OPEN,doc_excluded_local_jail,source type indicates local/federal jail or non-DOC facility,3418 S 1100 W,SALT LAKE CITY,Salt Lake,40.70295001605915,-111.92558947406577
Utah,NA,Utah Department of Corrections,SALT LAKE COUNTY SHERIFF'S OFFICE,hifld,SHERIFF'S OFFICE,NA,49,49035,OPEN,doc_excluded_local_jail,source type indicates local/federal jail or non-DOC facility,2001 S STATE ST STE S2700,SALT LAKE CITY,Salt Lake,40.728008941,-111.887579048
Utah,NA,Utah Department of Corrections,SALT LAKE COUNTY SHERIFFS DEPARTMENT-COTTONWOOD HEIGHTS PRECINCT,hifld,SHERIFF'S OFFICE,NA,49,49035,OPEN,doc_excluded_local_jail,source type indicates local/federal jail or non-DOC facility,7480 SOUTH 2700 EAST,COTTONWOOD HEIGHTS,Salt Lake,40.6155115,-111.8155846
Utah,NA,Utah Department of Corrections,SALT LAKE COUNTY SHERIFFS OFFICE HERRIMAN PRECINCT,hifld,SHERIFF'S OFFICE,NA,49,49035,OPEN,doc_excluded_local_jail,source type indicates local/federal jail or non-DOC facility,13272 SOUTH 5600 WEST,HERRIMAN,Salt Lake,40.516501133,-112.016787222
Utah,NA,Utah Department of Corrections,SALT LAKE COUNTY SHERIFFS OFFICE - HOLLADAY PRECINCT,hifld,SHERIFF'S OFFICE,NA,49,49035,OPEN,doc_excluded_local_jail,source type indicates local/federal jail or non-DOC facility,4570 SOUTH 2300 EAST,HOLLADAY,Salt Lake,40.6714158,-111.8248971
Utah,NA,Utah Department of Corrections,SALT LAKE COUNTY SHERIFFS OFFICE - KEARNS PRECINCT,hifld,SHERIFF'S OFFICE,NA,49,49035,OPEN,doc_excluded_local_jail,source type indicates local/federal jail or non-DOC facility,4250 WEST 5415 SOUTH,KEARNS,Salt Lake,40.6532067,-111.9924744
Utah,NA,Utah Department of Corrections,SALT LAKE COUNTY SHERIFFS DEPARTMENT-MAGNA SUBSTATION,hifld,SHERIFF'S OFFICE,NA,49,49035,OPEN,doc_excluded_local_jail,source type indicates local/federal jail or non-DOC facility,"8537 WEST 2700 SOUTH, SUITE C",MAGNA,Salt Lake,40.7107284,-112.0954489
Utah,NA,Utah Department of Corrections,SALT LAKE COUNTY SHERIFFS OFFICE - MILLCREEK STATION,hifld,SHERIFF'S OFFICE,NA,49,49035,OPEN,doc_excluded_local_jail,source type indicates local/federal jail or non-DOC facility,"1580 EAST 3900 SOUTH, SUITE 100",SALT LAKE CITY,Salt Lake,40.6868552,-111.8461611
Utah,NA,Utah Department of Corrections,SALT LAKE COUNTY SHERIFFS OFFICE RIVERTON PRECINCT,hifld,SHERIFF'S OFFICE,NA,49,49035,OPEN,doc_excluded_local_jail,source type indicates local/federal jail or non-DOC facility,"12810 S REDWOOD RD, SUITE D",RIVERTON,Salt Lake,40.518362004,-111.93945115
Utah,NA,Utah Department of Corrections,San Juan County Jail,jails_prisons,JAILS,San Juan County Sheriffs Office,49,49037,1,doc_excluded_local_jail,source type indicates local/federal jail or non-DOC facility,297 S Main Street,Monticello,San Juan County,NA,NA
Utah,NA,Utah Department of Corrections,SAN JUAN COUNTY JAIL / SHERIFF'S OFFICE,hifld_prisons,COUNTY,NA,49,49037,OPEN,doc_excluded_local_jail,source type indicates local/federal jail or non-DOC facility,297 S MAIN ST,MONTICELLO,San Juan,37.86876769666651,-109.34222716103194
Utah,NA,Utah Department of Corrections,SAN JUAN COUNTY SHERIFFS OFFICE / SAN JUAN COUNTY JAIL,hifld,SHERIFF'S OFFICE,NA,49,49037,OPEN,doc_excluded_local_jail,source type indicates local/federal jail or non-DOC facility,297 SOUTH MAIN STREET,MONTICELLO,San Juan,37.868803419,-109.342288665
Utah,NA,Utah Department of Corrections,SANPETE COUNTY JAIL,hifld_prisons,COUNTY,NA,49,49039,OPEN,doc_excluded_local_jail,source type indicates local/federal jail or non-DOC facility,1500 S HWY 89,MANTI,Sanpete,39.24781823293397,-111.64515552933302
Utah,NA,Utah Department of Corrections,Sanpete County Sheriffs Complex,jails_prisons,JAILS,Sanpete County Sheriffs Office,49,49039,1,doc_excluded_local_jail,source type indicates local/federal jail or non-DOC facility,1500 South Highway 89,Manti,Sanpete County,NA,NA
Utah,NA,Utah Department of Corrections,SANPETE COUNTY SHERIFFS OFFICE / SANPETE COUNTY JAIL,hifld,SHERIFF'S OFFICE,NA,49,49039,OPEN,doc_excluded_local_jail,source type indicates local/federal jail or non-DOC facility,160 NORTH MAIN STREET,MANTI,Sanpete,39.2678605,-111.6364282
Utah,NA,Utah Department of Corrections,SANTA CLARA CITY PUBLIC SAFETY,hifld,LOCAL POLICE DEPARTMENT,NA,49,49053,OPEN,doc_excluded_local_jail,source type indicates local/federal jail or non-DOC facility,2721 WEST SANTA CLARA DRIVE,SANTA CLARA,Washington,37.128768927,-113.645110368
Utah,NA,Utah Department of Corrections,SEVIER COUNTY JAIL,hifld_prisons,COUNTY,NA,49,49041,OPEN,doc_excluded_local_jail,source type indicates local/federal jail or non-DOC facility,835 E 300 N,RICHFIELD,Sevier,38.7737434550852,-112.0689327102327
Utah,NA,Utah Department of Corrections,SEVIER COUNTY SHERIFFS OFFICE / SEVIER COUNTY JAIL,hifld,SHERIFF'S OFFICE,NA,49,49041,OPEN,doc_excluded_local_jail,source type indicates local/federal jail or non-DOC facility,"835 EAST 300 NORTH, SUITE 200",RICHFIELD,Sevier,38.773630684,-112.068967958
Utah,NA,Utah Department of Corrections,SUMMIT COUNTY CORRECTIONS / JUSTICE CENTER,hifld_prisons,COUNTY,NA,49,49043,OPEN,doc_excluded_local_jail,source type indicates local/federal jail or non-DOC facility,6300 JUSTICE CENTER RD,PARK CITY,Summit,40.72016837640355,-111.47861031935457
Utah,NA,Utah Department of Corrections,Summit County Jail,jails_prisons,JAILS,Summit County Sheriffs Office,49,49043,1,doc_excluded_local_jail,source type indicates local/federal jail or non-DOC facility,6300 North Justice Center Road,Park City,"Summit County, Wasatch County",NA,NA
Utah,NA,Utah Department of Corrections,SUMMIT COUNTY SHERIFFS OFFICE / SUMMIT COUNTY JAIL,hifld,SHERIFF'S OFFICE,NA,49,49043,OPEN,doc_excluded_local_jail,source type indicates local/federal jail or non-DOC facility,6300 NORTH SILVER CREEK DRIVE,PARK CITY,Summit,40.7204188,-111.4784797
Utah,NA,Utah Department of Corrections,TOOELE COUNTY DETENTION CENTER,hifld_prisons,COUNTY,NA,49,49045,OPEN,doc_excluded_local_jail,source type indicates local/federal jail or non-DOC facility,1960 S MAIN,TOOELE,Tooele,40.493526186505655,-112.33303792163362
Utah,NA,Utah Department of Corrections,TOOELE COUNTY JAIL / SHERIFF,hifld_prisons,COUNTY,NA,49,49045,CLOSED,doc_excluded_local_jail,source type indicates local/federal jail or non-DOC facility,47 S MAIN ST,TOOELE,Tooele,40.52931830286842,-112.29684571932273
Utah,NA,Utah Department of Corrections,TOOELE COUNTY SHERIFFS OFFICE / TOOELE COUNTY JAIL,hifld,SHERIFF'S OFFICE,NA,49,49045,OPEN,doc_excluded_local_jail,source type indicates local/federal jail or non-DOC facility,47 SOUTH MAIN STREET,TOOELE,Tooele,40.529592114,-112.297686263
Utah,NA,Utah Department of Corrections,UINTAH COUNTY JAIL,hifld_prisons,COUNTY,NA,49,49047,OPEN,doc_excluded_local_jail,source type indicates local/federal jail or non-DOC facility,641 E 300 S,VERNAL,Uintah,40.45288093828713,-109.5157149484026
Utah,NA,Utah Department of Corrections,UINTAH COUNTY SHERIFFS DEPARTMENT,hifld,SHERIFF'S OFFICE,NA,49,49047,OPEN,doc_excluded_local_jail,source type indicates local/federal jail or non-DOC facility,152 EAST 100 NORTH,VERNAL,Uintah,40.456310619999996,-109.525972815
Utah,NA,Utah Department of Corrections,UTAH COUNTY JAIL,hifld_prisons,COUNTY,NA,49,49049,OPEN,doc_excluded_local_jail,source type indicates local/federal jail or non-DOC facility,3075 N MAIN ST,SPANISH FORK,Utah,40.14889021613664,-111.65973506370652
Utah,NA,Utah Department of Corrections,UTAH COUNTY SHERIFFS JUDICIAL SERVICES,hifld,SHERIFF'S OFFICE,NA,49,49049,OPEN,doc_excluded_local_jail,source type indicates local/federal jail or non-DOC facility,"151 SOUTH UNIVERSITY AVENUE, SUITE 3110",PROVO,Utah,40.2316954,-111.6581968
Utah,NA,Utah Department of Corrections,UTAH COUNTY SHERIFFS OFFICE / UTAH COUNTY JAIL,hifld,SHERIFF'S OFFICE,NA,49,49049,OPEN,doc_excluded_local_jail,source type indicates local/federal jail or non-DOC facility,3075 NORTH MAIN STREET,SPANISH FORK,Utah,40.1489825,-111.65936
Utah,NA,Utah Department of Corrections,WASATCH COUNTY JAIL,hifld_prisons,COUNTY,NA,49,49051,OPEN,doc_excluded_local_jail,source type indicates local/federal jail or non-DOC facility,1361 S US HWY 40,HEBER CITY,Wasatch,40.49050731177035,-111.4089690982592
Utah,NA,Utah Department of Corrections,WASATCH COUNTY SHERIFFS OFFICE / WASATCH COUNTY JAIL,hifld,SHERIFF'S OFFICE,NA,49,49051,OPEN,doc_excluded_local_jail,source type indicates local/federal jail or non-DOC facility,1361 SOUTH UNITED STATES HIGHWAY 40,HEBER,Wasatch,40.490446,-111.4090109
Utah,NA,Utah Department of Corrections,Washington County Jail,jails_prisons,JAILS,Washington County Sheriffs Office,49,49053,1,doc_excluded_local_jail,source type indicates local/federal jail or non-DOC facility,750 South 5300 West,Hurricane,Washington County,NA,NA
Utah,NA,Utah Department of Corrections,WASHINGTON COUNTY SHERIFFS OFFICE / WASHINGTON COUNTY JAIL,hifld,SHERIFF'S OFFICE,NA,49,49053,OPEN,doc_excluded_local_jail,source type indicates local/federal jail or non-DOC facility,750 SOUTH 5400 WEST,HURRICANE,Washington,37.1582285,-113.4122763
Utah,NA,Utah Department of Corrections,WAYNE COUNTY SHERIFFS OFFICE,hifld,SHERIFF'S OFFICE,NA,49,49055,OPEN,doc_excluded_local_jail,source type indicates local/federal jail or non-DOC facility,18 SOUTH MAIN STREET,LOA,Wayne,38.4018288,-111.6433295
Utah,NA,Utah Department of Corrections,Weber County Correctional Facility,jails_prisons,JAILS,Weber County Sheriffs Office,49,49057,1,doc_excluded_local_jail,source type indicates local/federal jail or non-DOC facility,721 W 12th Street,Ogden,Weber County,NA,NA
Utah,NA,Utah Department of Corrections,WEBER COUNTY JAIL - KIESEL FACILITY,hifld_prisons,COUNTY,NA,49,49057,OPEN,doc_excluded_local_jail,source type indicates local/federal jail or non-DOC facility,370 26TH ST,OGDEN,Weber,41.21947504634767,-111.97178031509792
Utah,NA,Utah Department of Corrections,WEBER COUNTY JAIL / SHERIFF,hifld_prisons,COUNTY,NA,49,49057,OPEN,doc_excluded_local_jail,source type indicates local/federal jail or non-DOC facility,721 W 12TH ST,OGDEN,Weber,41.24006362509037,-111.99364819541724
Utah,NA,Utah Department of Corrections,WEBER COUNTY SHERIFFS OFFICE / WEBER COUNTY JAIL,hifld,SHERIFF'S OFFICE,NA,49,49057,OPEN,doc_excluded_local_jail,source type indicates local/federal jail or non-DOC facility,721 WEST 12TH STREET,OGDEN,Weber,41.240167,-111.993538
West Virginia,NA,West Virginia Division of Corrections and Rehabilitation,BARBOUR COUNTY JAIL / COURTHOUSE,hifld_prisons,COUNTY,NA,54,54001,OPEN,doc_excluded_local_jail,source type indicates local/federal jail or non-DOC facility,8 N MAIN ST,PHILIPPI,Barbour,39.152486060408,-80.039212850194275
West Virginia,NA,West Virginia Division of Corrections and Rehabilitation,BARBOUR COUNTY SHERIFFS OFFICE,hifld,SHERIFF'S OFFICE,NA,54,54001,OPEN,doc_excluded_local_jail,source type indicates local/federal jail or non-DOC facility,8 NORTH MAIN STREET,PHILIPPI,Barbour,39.152500832,-80.039280449
West Virginia,NA,West Virginia Division of Corrections and Rehabilitation,BERKELEY COUNTY SHERIFF'S OFFICE,hifld,SHERIFF'S OFFICE,NA,54,54003,OPEN,doc_excluded_local_jail,source type indicates local/federal jail or non-DOC facility,"400 W STEPHEN ST, STE 209",MARTINSBURG,Berkeley,39.452906608,-77.968827702
West Virginia,NA,West Virginia Division of Corrections and Rehabilitation,BLUEFIELD CITY JAIL,hifld_prisons,LOCAL,NA,54,54055,OPEN,doc_excluded_local_jail,source type indicates local/federal jail or non-DOC facility,200 SOUTH MERCER ST,BLUEFIELD,Mercer,37.26791281754674,-81.22682681205632
West Virginia,NA,West Virginia Division of Corrections and Rehabilitation,BOONE COUNTY SHERIFF DEPARTMENT,hifld_prisons,COUNTY,NA,54,54005,OPEN,doc_excluded_local_jail,source type indicates local/federal jail or non-DOC facility,206 COURT STREET,MADISON,Boone,38.06622929409491,-81.81857368442209
West Virginia,NA,West Virginia Division of Corrections and Rehabilitation,BOONE COUNTY SHERIFFS OFFICE,hifld,SHERIFF'S OFFICE,NA,54,54005,OPEN,doc_excluded_local_jail,source type indicates local/federal jail or non-DOC facility,206 COURT STREET,MADISON,Boone,38.066234983,-81.818569003
West Virginia,NA,West Virginia Division of Corrections and Rehabilitation,BRAXTON COUNTY SHERIFFS OFFICE,hifld,SHERIFF'S OFFICE,NA,54,54007,OPEN,doc_excluded_local_jail,source type indicates local/federal jail or non-DOC facility,300 MAIN STREET,SUTTON,Braxton,38.6641737,-80.7082832
West Virginia,NA,West Virginia Division of Corrections and Rehabilitation,BROOKE COUNTY SHERIFF DEPARTMENT,hifld_prisons,COUNTY,NA,54,54009,OPEN,doc_excluded_local_jail,source type indicates local/federal jail or non-DOC facility,632 MAIN ST,WELLSBURG,Brooke,40.269616649344314,-80.61352494686963
West Virginia,NA,West Virginia Division of Corrections and Rehabilitation,BROOKE COUNTY SHERIFFS OFFICE,hifld,SHERIFF'S OFFICE,NA,54,54009,OPEN,doc_excluded_local_jail,source type indicates local/federal jail or non-DOC facility,632 MAIN STREET,WELLSBURG,Brooke,40.269449027,-80.614117192
West Virginia,NA,West Virginia Division of Corrections and Rehabilitation,CABELL COUNTY JAIL / COURTHOUSE,hifld_prisons,COUNTY,NA,54,54011,CLOSED,doc_excluded_local_jail,source type indicates local/federal jail or non-DOC facility,750 5TH AVE,HUNTINGTON,Cabell,38.419667259742525,-82.44632162941079
West Virginia,NA,West Virginia Division of Corrections and Rehabilitation,CABELL COUNTY SHERIFF'S OFFICE,hifld,SHERIFF'S OFFICE,NA,54,54011,OPEN,doc_excluded_local_jail,source type indicates local/federal jail or non-DOC facility,"750 5TH AVE, RM 101",HUNTINGTON,Cabell,38.419699809,-82.446049804
West Virginia,NA,West Virginia Division of Corrections and Rehabilitation,CABELL COUNTY SHERIFFS FIELD OFFICE,hifld,SHERIFF'S OFFICE,NA,54,54011,OPEN,doc_excluded_local_jail,source type indicates local/federal jail or non-DOC facility,2726 HOWELLS MILL ROAD,ONA,Cabell,38.4275184,-82.2143593
West Virginia,NA,West Virginia Division of Corrections and Rehabilitation,CALHOUN COUNTY SHERIFF DEPARTMENT,hifld_prisons,COUNTY,NA,54,54013,OPEN,doc_excluded_local_jail,source type indicates local/federal jail or non-DOC facility,363 MAIN ST,GRANTSVILLE,Calhoun,38.92337980356195,-81.09549609003999
West Virginia,NA,West Virginia Division of Corrections and Rehabilitation,CALHOUN COUNTY SHERIFFS OFFICE,hifld,SHERIFF'S OFFICE,NA,54,54013,OPEN,doc_excluded_local_jail,source type indicates local/federal jail or non-DOC facility,100 MAIN STREET,GRANTSVILLE,Calhoun,38.9233862,-81.095629699
West Virginia,NA,West Virginia Division of Corrections and Rehabilitation,CALHOUN COUNTY SHERIFFS OFFICE - SUBSTATION,hifld,SHERIFF'S OFFICE,NA,54,54013,NOT AVAILABLE,doc_excluded_local_jail,source type indicates local/federal jail or non-DOC facility,STATE HIGHWAY 16,MINNORA,Calhoun,38.729234176,-81.103088451
West Virginia,NA,West Virginia Division of Corrections and Rehabilitation,CENTRAL REGIONAL JAIL,hifld_prisons,COUNTY,NA,54,54007,OPEN,doc_excluded_local_jail,source type indicates local/federal jail or non-DOC facility,1255 DYER HILL RD,SUTTON,Braxton,38.69744845528691,-80.65676331736906
West Virginia,NA,West Virginia Division of Corrections and Rehabilitation,CLAY COUNTY SHERIFFS DEPARTMENT,hifld,SHERIFF'S OFFICE,NA,54,54015,OPEN,doc_excluded_local_jail,source type indicates local/federal jail or non-DOC facility,246 MAIN STREET,CLAY,Clay,38.459517364,-81.082941731
West Virginia,NA,West Virginia Division of Corrections and Rehabilitation,DODDRIDGE COUNTY SHERIFFS OFFICE,hifld,SHERIFF'S OFFICE,NA,54,54017,OPEN,doc_excluded_local_jail,source type indicates local/federal jail or non-DOC facility,118 EAST COURT STREET,WEST UNION,Doddridge,39.294148624,-80.774656884
West Virginia,NA,West Virginia Division of Corrections and Rehabilitation,EASTERN REGIONAL JAIL,hifld_prisons,COUNTY,NA,54,54003,OPEN,doc_excluded_local_jail,source type indicates local/federal jail or non-DOC facility,94 GRAPEVINE ROAD,MARTINSBURG,Berkeley,39.43576705857708,-77.95590944296823
West Virginia,NA,West Virginia Division of Corrections and Rehabilitation,FAYETTE COUNTY SHERIFF DEPARTMENT,hifld_prisons,COUNTY,NA,54,54019,OPEN,doc_excluded_local_jail,source type indicates local/federal jail or non-DOC facility,100 CHURCH ST,FAYETTEVILLE,Fayette,38.05354815714731,-81.10364877116177
West Virginia,NA,West Virginia Division of Corrections and Rehabilitation,FAYETTE COUNTY SHERIFFS DEPARTMENT,hifld,SHERIFF'S OFFICE,NA,54,54019,OPEN,doc_excluded_local_jail,source type indicates local/federal jail or non-DOC facility,100 NORTH COURT STREET,FAYETTEVILLE,Fayette,38.053579711,-81.103344324
West Virginia,NA,West Virginia Division of Corrections and Rehabilitation,FAYETTE COUNTY SHERIFFS OFFICE - DANESE DETACHMENT,hifld,SHERIFF'S OFFICE,NA,54,54019,OPEN,doc_excluded_local_jail,source type indicates local/federal jail or non-DOC facility,STATE HIGHWAY 41 AND COUNTY ROAD 31,DANESE,Fayette,37.9292153,-80.9032611
West Virginia,NA,West Virginia Division of Corrections and Rehabilitation,FAYETTE COUNTY SHERIFFS OFFICE - SMITHERS DETACHMENT,hifld,SHERIFF'S OFFICE,NA,54,54019,OPEN,doc_excluded_local_jail,source type indicates local/federal jail or non-DOC facility,MICHIGAN AVENUE,SMITHERS,Fayette,38.1816557,-81.308463303
West Virginia,NA,West Virginia Division of Corrections and Rehabilitation,FCI BECKLEY,hifld_prisons,FEDERAL,NA,54,54081,OPEN,doc_excluded_local_jail,source type indicates local/federal jail or non-DOC facility,1600 INDUSTRIAL ROAD,BEAVER,Raleigh,37.816649817840634,-81.12952775066819
West Virginia,NA,West Virginia Division of Corrections and Rehabilitation,FCI BECKLEY CAMP,hifld_prisons,FEDERAL,NA,54,54081,OPEN,doc_excluded_local_jail,source type indicates local/federal jail or non-DOC facility,1600 INDUSTRIAL ROAD,BEAVER,Raleigh,37.81175198788867,-81.13155071984171
West Virginia,NA,West Virginia Division of Corrections and Rehabilitation,FCI GILMER,hifld_prisons,FEDERAL,NA,54,54021,OPEN,doc_excluded_local_jail,source type indicates local/federal jail or non-DOC facility,201 FCI LANE,GLENVILLE,Gilmer,38.915863440810845,-80.78460730575408
West Virginia,NA,West Virginia Division of Corrections and Rehabilitation,FCI GILMER CAMP,hifld_prisons,FEDERAL,NA,54,54021,OPEN,doc_excluded_local_jail,source type indicates local/federal jail or non-DOC facility,201 FCI LANE,GLENVILLE,Gilmer,38.912239704100905,-80.78645540489408
West Virginia,NA,West Virginia Division of Corrections and Rehabilitation,FCI HAZELTON,hifld_prisons,FEDERAL,NA,54,54077,OPEN,doc_excluded_local_jail,source type indicates local/federal jail or non-DOC facility,1640 SKY VIEW DR.,BRUCETON MILLS,Preston,39.670528656022086,-79.51460674520295
West Virginia,NA,West Virginia Division of Corrections and Rehabilitation,FCI HAZELTON SFF,hifld_prisons,FEDERAL,NA,54,54077,OPEN,doc_excluded_local_jail,source type indicates local/federal jail or non-DOC facility,1640 SKY VIEW DR.,BRUCETON MILLS,Preston,39.66737527750615,-79.50398297609729
West Virginia,NA,West Virginia Division of Corrections and Rehabilitation,FCI MCDOWELL,hifld_prisons,FEDERAL,NA,54,54047,OPEN,doc_excluded_local_jail,source type indicates local/federal jail or non-DOC facility,101 FEDERAL DRIVE,WELCH,Mcdowell,37.46979037717784,-81.5531420054042
West Virginia,NA,West Virginia Division of Corrections and Rehabilitation,FCI MCDOWELL CAMP,hifld_prisons,FEDERAL,NA,54,54047,OPEN,doc_excluded_local_jail,source type indicates local/federal jail or non-DOC facility,101 FEDERAL DRIVE,WELCH,Mcdowell,37.47598392502548,-81.55531578640701
West Virginia,NA,West Virginia Division of Corrections and Rehabilitation,FCI MORGANTOWN,hifld_prisons,FEDERAL,NA,54,54061,OPEN,doc_excluded_local_jail,source type indicates local/federal jail or non-DOC facility,446 GREENBAG ROAD,MORGANTOWN,Monongalia,39.60158967670766,-79.94913434554357
West Virginia,NA,West Virginia Division of Corrections and Rehabilitation,FPC ALDERSON,hifld_prisons,FEDERAL,NA,54,54089,OPEN,doc_excluded_local_jail,source type indicates local/federal jail or non-DOC facility,GLEN RAY RD,ALDERSON,Summers,37.72423356525215,-80.66915284542881
West Virginia,NA,West Virginia Division of Corrections and Rehabilitation,GILMER COUNTY SHERIFFS OFFICE,hifld,SHERIFF'S OFFICE,NA,54,54021,OPEN,doc_excluded_local_jail,source type indicates local/federal jail or non-DOC facility,10 HOWARD STREET,GLENVILLE,Gilmer,38.933990546,-80.836875502
West Virginia,NA,West Virginia Division of Corrections and Rehabilitation,GRANT COUNTY SHERIFFS OFFICE,hifld,SHERIFF'S OFFICE,NA,54,54023,OPEN,doc_excluded_local_jail,source type indicates local/federal jail or non-DOC facility,5 HIGHLAND AVENUE,PETERSBURG,Grant,38.9962151,-79.1232408
West Virginia,NA,West Virginia Division of Corrections and Rehabilitation,GREENBRIER COUNTY SHERIFFS OFFICE,hifld,SHERIFF'S OFFICE,NA,54,54025,OPEN,doc_excluded_local_jail,source type indicates local/federal jail or non-DOC facility,206 NORTH COURT STREET,LEWISBURG,Greenbrier,37.803204497,-80.445159122
West Virginia,NA,West Virginia Division of Corrections and Rehabilitation,HAMPSHIRE COUNTY SHERIFFS DEPARTMENT,hifld,SHERIFF'S OFFICE,NA,54,54027,OPEN,doc_excluded_local_jail,source type indicates local/federal jail or non-DOC facility,"66 NORTH HIGH STREET, SUITE 2",ROMNEY,Hampshire,39.342454127,-78.755821413
West Virginia,NA,West Virginia Division of Corrections and Rehabilitation,HANCOCK COUNTY SHERIFF DEPARTMENT,hifld_prisons,COUNTY,NA,54,54029,OPEN,doc_excluded_local_jail,source type indicates local/federal jail or non-DOC facility,102 N COURT ST,NEW CUMBERLAND,Hancock,40.49909121842015,-80.60828547162704
West Virginia,NA,West Virginia Division of Corrections and Rehabilitation,HANCOCK COUNTY SHERIFFS DEPARTMENT / HANCOCK COUNTY JAIL,hifld,SHERIFF'S OFFICE,NA,54,54029,OPEN,doc_excluded_local_jail,source type indicates local/federal jail or non-DOC facility,102 NORTH COURT STREET,NEW CUMBERLAND,Hancock,40.499074168,-80.608303284
West Virginia,NA,West Virginia Division of Corrections and Rehabilitation,HARDY COUNTY SHERIFFS OFFICE,hifld,SHERIFF'S OFFICE,NA,54,54031,OPEN,doc_excluded_local_jail,source type indicates local/federal jail or non-DOC facility,204 WASHINGTON STREET,MOOREFIELD,Hardy,39.064283399,-78.9677212
West Virginia,NA,West Virginia Division of Corrections and Rehabilitation,HARRISON COUNTY SHERIFFS OFFICE,hifld,SHERIFF'S OFFICE,NA,54,54033,OPEN,doc_excluded_local_jail,source type indicates local/federal jail or non-DOC facility,420 BUCKHANNON PIKE,NUTTER FORT,Harrison,39.2634336,-80.326718
West Virginia,NA,West Virginia Division of Corrections and Rehabilitation,JACKSON COUNTY SHERIFF,hifld,SHERIFF'S OFFICE,NA,54,54035,OPEN,doc_excluded_local_jail,source type indicates local/federal jail or non-DOC facility,100 MAPLE STREET,RIPLEY,Jackson,38.819335905,-81.71334437
West Virginia,NA,West Virginia Division of Corrections and Rehabilitation,JEFFERSON COUNTY MAGISTRATE COURT,hifld_prisons,COUNTY,NA,54,54037,OPEN,doc_excluded_local_jail,source type indicates local/federal jail or non-DOC facility,110 NORTH GEORGE STREET,CHARLES TOWN,Jefferson,39.289592510158336,-77.8599426682826
West Virginia,NA,West Virginia Division of Corrections and Rehabilitation,JEFFERSON COUNTY SHERIFFS OFFICE,hifld,SHERIFF'S OFFICE,NA,54,54037,OPEN,doc_excluded_local_jail,source type indicates local/federal jail or non-DOC facility,116 EAST WASHINGTON STREET,CHARLES TOWN,Jefferson,39.289538006,-77.859209697
West Virginia,NA,West Virginia Division of Corrections and Rehabilitation,KANAWHA COUNTY SHERIFFS OFFICE - CHELYAN DETACHMENT,hifld,SHERIFF'S OFFICE,NA,54,54039,OPEN,doc_excluded_local_jail,source type indicates local/federal jail or non-DOC facility,200 UPPER KANAWHA VALLEY WAY,CABIN CREEK,Kanawha,38.1962738,-81.4934231
West Virginia,NA,West Virginia Division of Corrections and Rehabilitation,KANAWHA COUNTY SHERIFFS OFFICE - CROSSLANES DETACHMENT,hifld,SHERIFF'S OFFICE,NA,54,54039,OPEN,doc_excluded_local_jail,source type indicates local/federal jail or non-DOC facility,903 CROSS LANES DRIVE,CROSS LANES,Kanawha,38.42162827,-81.794775823
West Virginia,NA,West Virginia Division of Corrections and Rehabilitation,KANAWHA COUNTY SHERIFFS OFFICE - ELKVIEW DETACHMENT,hifld,SHERIFF'S OFFICE,NA,54,54039,OPEN,doc_excluded_local_jail,source type indicates local/federal jail or non-DOC facility,902 MAIN STREET,ELKVIEW,Kanawha,38.440674816,-81.483536465
West Virginia,NA,West Virginia Division of Corrections and Rehabilitation,KANAWHA COUNTY SHERIFFS OFFICE HEADQUARTERS,hifld,SHERIFF'S OFFICE,NA,54,54039,OPEN,doc_excluded_local_jail,source type indicates local/federal jail or non-DOC facility,409 VIRGINIA STREET EAST,CHARLESTON,Kanawha,38.3510087,-81.6390497
West Virginia,NA,West Virginia Division of Corrections and Rehabilitation,KANAWHA COUNTY SHERIFFS OFFICE - SISSONVILLE DETACHMENT,hifld,SHERIFF'S OFFICE,NA,54,54039,OPEN,doc_excluded_local_jail,source type indicates local/federal jail or non-DOC facility,6817 SISSONVILLE DR,SISSONVILLE,Kanawha,38.482707692,-81.668934565
West Virginia,NA,West Virginia Division of Corrections and Rehabilitation,LEWIS COUNTY SHERIFF,hifld,SHERIFF'S OFFICE,NA,54,54041,OPEN,doc_excluded_local_jail,source type indicates local/federal jail or non-DOC facility,110 CENTER AVENUE,WESTON,Lewis,39.036341113,-80.466896973
West Virginia,NA,West Virginia Division of Corrections and Rehabilitation,LINCOLN COUNTY SHERIFF DEPARTMENT,hifld_prisons,COUNTY,NA,54,54043,OPEN,doc_excluded_local_jail,source type indicates local/federal jail or non-DOC facility,8000 COURT AVE,HAMLIN,Lincoln,38.27934578358657,-82.10532453598493
West Virginia,NA,West Virginia Division of Corrections and Rehabilitation,LINCOLN COUNTY SHERIFFS OFFICE,hifld,SHERIFF'S OFFICE,NA,54,54043,OPEN,doc_excluded_local_jail,source type indicates local/federal jail or non-DOC facility,"8000 COURT AVENUE, ROOM 102",HAMLIN,Lincoln,38.2793578,-82.1053338
West Virginia,NA,West Virginia Division of Corrections and Rehabilitation,LOGAN COUNTY SHERIFFS OFFICE,hifld,SHERIFF'S OFFICE,NA,54,54045,OPEN,doc_excluded_local_jail,source type indicates local/federal jail or non-DOC facility,"300 STRATTON STREET, ROOM 209",LOGAN,Logan,37.846916925,-81.991292272
West Virginia,NA,West Virginia Division of Corrections and Rehabilitation,MARION COUNTY JAIL,hifld_prisons,COUNTY,NA,54,54049,OPEN,doc_excluded_local_jail,source type indicates local/federal jail or non-DOC facility,217 ADAMS ST,FAIRMONT,Marion,39.48499485140461,-80.14323390079474
West Virginia,NA,West Virginia Division of Corrections and Rehabilitation,MARION COUNTY SHERIFFS DEPARTMENT,hifld,SHERIFF'S OFFICE,NA,54,54049,OPEN,doc_excluded_local_jail,source type indicates local/federal jail or non-DOC facility,310 MONROE STREET,FAIRMONT,Marion,39.484700935,-80.143962611
West Virginia,NA,West Virginia Division of Corrections and Rehabilitation,MARSHALL COUNTY SHERIFFS OFFICE,hifld,SHERIFF'S OFFICE,NA,54,54051,OPEN,doc_excluded_local_jail,source type indicates local/federal jail or non-DOC facility,601 SIXTH STREET,MOUNDSVILLE,Marshall,39.918971384,-80.745717455
West Virginia,NA,West Virginia Division of Corrections and Rehabilitation,MASON COUNTY SHERIFFS OFFICE,hifld,SHERIFF'S OFFICE,NA,54,54053,OPEN,doc_excluded_local_jail,source type indicates local/federal jail or non-DOC facility,200 SIXTH STREET,POINT PLEASANT,Mason,38.8442541,-82.1378026
West Virginia,NA,West Virginia Division of Corrections and Rehabilitation,MCDOWELL COUNTY CORRECTIONS - STEVENS FACILITY,hifld_prisons,COUNTY,NA,54,54047,OPEN,doc_excluded_local_jail,source type indicates local/federal jail or non-DOC facility,795 VIRGINIA AVE,WELCH,Mcdowell,37.43137076630365,-81.56818391026115
West Virginia,NA,West Virginia Division of Corrections and Rehabilitation,MCDOWELL COUNTY CORRECTIONS - WELCH FACILITY,hifld_prisons,COUNTY,NA,54,54047,OPEN,doc_excluded_local_jail,source type indicates local/federal jail or non-DOC facility,50 COURT STREET,WELCH,Mcdowell,37.43260480255705,-81.58387383909863
West Virginia,NA,West Virginia Division of Corrections and Rehabilitation,MCDOWELL COUNTY SHERIFFS OFFICE,hifld,SHERIFF'S OFFICE,NA,54,54047,OPEN,doc_excluded_local_jail,source type indicates local/federal jail or non-DOC facility,"90 WYOMING STREET, SUITE 117",WELCH,Mcdowell,37.43269985,-81.584169567
West Virginia,NA,West Virginia Division of Corrections and Rehabilitation,MERCER COUNTY SHERIFFS OFFICE,hifld,SHERIFF'S OFFICE,NA,54,54055,OPEN,doc_excluded_local_jail,source type indicates local/federal jail or non-DOC facility,"1501 WEST MAIN STREET, SUITE 31",PRINCETON,Mercer,37.365618332,-81.103011711
West Virginia,NA,West Virginia Division of Corrections and Rehabilitation,MINERAL COUNTY HOLDING FACILITY,hifld_prisons,COUNTY,NA,54,54057,OPEN,doc_excluded_local_jail,source type indicates local/federal jail or non-DOC facility,100 EAST STREET,KEYSER,Mineral,39.43945812341786,-78.97304234108746
West Virginia,NA,West Virginia Division of Corrections and Rehabilitation,MINERAL COUNTY SHERIFFS DEPARTMENT,hifld,SHERIFF'S OFFICE,NA,54,54057,OPEN,doc_excluded_local_jail,source type indicates local/federal jail or non-DOC facility,100 EAST STREET,KEYSER,Mineral,39.43945414,-78.973087622
West Virginia,NA,West Virginia Division of Corrections and Rehabilitation,MINGO COUNTY SHERIFF,hifld_prisons,COUNTY,NA,54,54059,OPEN,doc_excluded_local_jail,source type indicates local/federal jail or non-DOC facility,75 E 2ND AVE,WILLIAMSON,Mingo,37.67268443659546,-82.27850074961945
West Virginia,NA,West Virginia Division of Corrections and Rehabilitation,MINGO COUNTY SHERIFFS OFFICE,hifld,SHERIFF'S OFFICE,NA,54,54059,OPEN,doc_excluded_local_jail,source type indicates local/federal jail or non-DOC facility,75 EAST 2ND AVENUE,WILLIAMSON,Mingo,37.672691683,-82.278509045
West Virginia,NA,West Virginia Division of Corrections and Rehabilitation,MONONGALIA COUNTY SHERIFF'S DEPARTMENT,hifld_prisons,COUNTY,NA,54,54061,OPEN,doc_excluded_local_jail,source type indicates local/federal jail or non-DOC facility,116 WALNUT ST,MORGANTOWN,Monongalia,39.63031786047444,-79.95757438342213
West Virginia,NA,West Virginia Division of Corrections and Rehabilitation,MONROE COUNTY SHERIFF'S DEPARTMENT,hifld_prisons,COUNTY,NA,54,54063,OPEN,doc_excluded_local_jail,source type indicates local/federal jail or non-DOC facility,216 MAIN ST,UNION,Monroe,37.59117116585825,-80.54324063964884
West Virginia,NA,West Virginia Division of Corrections and Rehabilitation,MORGAN COUNTY SHERIFFS DEPARTMENT,hifld,SHERIFF'S OFFICE,NA,54,54065,OPEN,doc_excluded_local_jail,source type indicates local/federal jail or non-DOC facility,1260 VALLEY ROAD,BERKELEY SPRINGS,Morgan,39.6103348,-78.2371331
West Virginia,NA,West Virginia Division of Corrections and Rehabilitation,NICHOLAS COUNTY SHERIFF'S DEPARTMENT,hifld_prisons,COUNTY,NA,54,54067,OPEN,doc_excluded_local_jail,source type indicates local/federal jail or non-DOC facility,700 MAIN ST,SUMMERSVILLE,Nicholas,38.28066480922685,-80.85122998128331
West Virginia,NA,West Virginia Division of Corrections and Rehabilitation,NORTH CENTRAL REGIONAL JAIL,hifld_prisons,COUNTY,NA,54,54017,OPEN,doc_excluded_local_jail,source type indicates local/federal jail or non-DOC facility,1 LOIS LANE,GREENWOOD,Doddridge,39.280675055371276,-80.85384669464892
West Virginia,NA,West Virginia Division of Corrections and Rehabilitation,Northern Regional Jail,jails_prisons,JAILS,Northern Regional Jail and Correction Facility - West Virginia Regional Jail and Correctional Facili,54,54051,1,doc_excluded_local_jail,source type indicates local/federal jail or non-DOC facility,112 Northern Regional Correctional Drive,Moundsville,Marshall County,NA,NA
West Virginia,NA,West Virginia Division of Corrections and Rehabilitation,NORTHERN REGIONAL JAIL / CORRECTIONAL FACILITY,hifld_prisons,COUNTY,NA,54,54051,OPEN,doc_excluded_local_jail,source type indicates local/federal jail or non-DOC facility,112 N REGIONAL CORRECTIONAL DR,MOUNDSVILLE,Marshall,39.90908189790567,-80.73026054128388
West Virginia,NA,West Virginia Division of Corrections and Rehabilitation,OHIO COUNTY SHERIFF'S OFFICE,hifld,SHERIFF'S OFFICE,NA,54,54069,OPEN,doc_excluded_local_jail,source type indicates local/federal jail or non-DOC facility,1500 CHAPLINE ST,WHEELING,Ohio,40.064454583,-80.720602525
West Virginia,NA,West Virginia Division of Corrections and Rehabilitation,PENDLETON COUNTY SHERIFF'S DEPARTMENT,hifld_prisons,COUNTY,NA,54,54071,OPEN,doc_excluded_local_jail,source type indicates local/federal jail or non-DOC facility,100 SOUTH MAIN STREET,FRANKLIN,Pendleton,38.64175416821293,-79.33165925628253
West Virginia,NA,West Virginia Division of Corrections and Rehabilitation,PLEASANTS COUNTY SHERIFFS OFFICE,hifld,SHERIFF'S OFFICE,NA,54,54073,OPEN,doc_excluded_local_jail,source type indicates local/federal jail or non-DOC facility,305 BARKWILL STREET,SAINT MARYS,Pleasants,39.3885945,-81.2039852
West Virginia,NA,West Virginia Division of Corrections and Rehabilitation,POCAHONTAS COUNTY SHERIFF,hifld_prisons,COUNTY,NA,54,54075,OPEN,doc_excluded_local_jail,source type indicates local/federal jail or non-DOC facility,900 1/2 10TH AVE.,MARLINGTON,Pocahontas,38.217738028394336,-80.08789662544692
West Virginia,NA,West Virginia Division of Corrections and Rehabilitation,POCAHONTAS COUNTY SHERIFFS OFFICE,hifld,SHERIFF'S OFFICE,NA,54,54075,OPEN,doc_excluded_local_jail,source type indicates local/federal jail or non-DOC facility,900-C 10TH AVENUE,MARLINTON,Pocahontas,38.2179658,-80.0883881
West Virginia,NA,West Virginia Division of Corrections and Rehabilitation,POTOMAC HIGHLANDS REGIONAL JAIL,hifld_prisons,COUNTY,NA,54,54027,OPEN,doc_excluded_local_jail,source type indicates local/federal jail or non-DOC facility,355 DOLAN DR,AUGUSTA,Hampshire,39.302488197438656,-78.64683629619056
West Virginia,NA,West Virginia Division of Corrections and Rehabilitation,PRESTON COUNTY SHERIFF'S DEPARTMENT,hifld_prisons,COUNTY,NA,54,54077,OPEN,doc_excluded_local_jail,source type indicates local/federal jail or non-DOC facility,103 WEST MAIN ST,KINGWOOD,Preston,39.471625251473995,-79.6883945046646
West Virginia,NA,West Virginia Division of Corrections and Rehabilitation,PUTNAM COUNTY SHERIFF'S OFFICE,hifld_prisons,COUNTY,NA,54,54079,OPEN,doc_excluded_local_jail,source type indicates local/federal jail or non-DOC facility,236 COURTHOUSE DR #8,WINFIELD,Putnam,38.53328527323434,-81.89182306078247
West Virginia,NA,West Virginia Division of Corrections and Rehabilitation,RALEIGH COUNTY SHERIFFS OFFICE,hifld,SHERIFF'S OFFICE,NA,54,54081,OPEN,doc_excluded_local_jail,source type indicates local/federal jail or non-DOC facility,201 SOUTH EISENHOWER DRIVE,BECKLEY,Raleigh,37.781172984,-81.166650576
West Virginia,NA,West Virginia Division of Corrections and Rehabilitation,RANDOLPH COUNTY SHERIFF'S DEPARTMENT,hifld_prisons,COUNTY,NA,54,54083,NOT AVAILABLE,doc_excluded_local_jail,source type indicates local/federal jail or non-DOC facility,25 HIGH STREET,ELKINS,Randolph,38.92327869898108,-79.84301995334744
West Virginia,NA,West Virginia Division of Corrections and Rehabilitation,RITCHIE COUNTY SHERIFF'S DEPARTMENT,hifld_prisons,COUNTY,NA,54,54085,OPEN,doc_excluded_local_jail,source type indicates local/federal jail or non-DOC facility,109 WEST NORTH STREET,HARRISVILLE,Ritchie,39.2106405076384,-81.05145211665703
West Virginia,NA,West Virginia Division of Corrections and Rehabilitation,ROANE COUNTY SHERIFF DEPARTMENT,hifld_prisons,COUNTY,NA,54,54087,OPEN,doc_excluded_local_jail,source type indicates local/federal jail or non-DOC facility,200 MAIN ST,SPENCER,Roane,38.80205546205817,-81.35036016174848
West Virginia,NA,West Virginia Division of Corrections and Rehabilitation,ROANE COUNTY SHERIFFS OFFICE,hifld,SHERIFF'S OFFICE,NA,54,54087,OPEN,doc_excluded_local_jail,source type indicates local/federal jail or non-DOC facility,200 MAIN STREET,SPENCER,Roane,38.802054482,-81.35039831
West Virginia,NA,West Virginia Division of Corrections and Rehabilitation,SAINT ALBANS POLICE DEPARTMENT,hifld_prisons,LOCAL,NA,54,54039,OPEN,doc_excluded_local_jail,source type indicates local/federal jail or non-DOC facility,51 6TH AVENUE,SAINT ALBANS,Kanawha,38.38687466360517,-81.83810284782525
West Virginia,NA,West Virginia Division of Corrections and Rehabilitation,SOUTH CENTRAL REGIONAL JAIL,hifld_prisons,COUNTY,NA,54,54039,OPEN,doc_excluded_local_jail,source type indicates local/federal jail or non-DOC facility,1001 CENTRE WAY,CHARLESTON,Kanawha,38.31066186741023,-81.71027728327469
West Virginia,NA,West Virginia Division of Corrections and Rehabilitation,SOUTH CHARLESTON POLICE DEPARTMENT,hifld_prisons,LOCAL,NA,54,54039,OPEN,doc_excluded_local_jail,source type indicates local/federal jail or non-DOC facility,235 4TH AVENUE,SOUTH CHARLESTON,Kanawha,38.36612070589324,-81.69556721648556
West Virginia,NA,West Virginia Division of Corrections and Rehabilitation,SOUTHERN REGIONAL JAIL,hifld_prisons,COUNTY,NA,54,54081,OPEN,doc_excluded_local_jail,source type indicates local/federal jail or non-DOC facility,1200 AIRPORT RD,BEAVER,Raleigh,37.770955568472985,-81.11629588505048
West Virginia,NA,West Virginia Division of Corrections and Rehabilitation,SOUTHWESTERN REGIONAL JAIL,hifld_prisons,COUNTY,NA,54,54045,OPEN,doc_excluded_local_jail,source type indicates local/federal jail or non-DOC facility,1300 GASTON CAPERTON DR,HOLDEN,Logan,37.80522472736582,-82.09575094089548
West Virginia,NA,West Virginia Division of Corrections and Rehabilitation,SUMMERS COUNTY SHERIFF'S DEPARTMENT,hifld_prisons,COUNTY,NA,54,54089,OPEN,doc_excluded_local_jail,source type indicates local/federal jail or non-DOC facility,123 TEMPLE STREET,HINTON,Summers,37.67384113578813,-80.89161381105357
West Virginia,NA,West Virginia Division of Corrections and Rehabilitation,TAYLOR COUNTY SHERIFFS OFFICE,hifld,SHERIFF'S OFFICE,NA,54,54091,OPEN,doc_excluded_local_jail,source type indicates local/federal jail or non-DOC facility,214 WEST MAIN STREET,GRAFTON,Taylor,39.341275797,-80.022618245
West Virginia,NA,West Virginia Division of Corrections and Rehabilitation,TUCKER COUNTY SHERIFFS OFFICE,hifld,SHERIFF'S OFFICE,NA,54,54093,OPEN,doc_excluded_local_jail,source type indicates local/federal jail or non-DOC facility,318 2ND STREET,PARSONS,Tucker,39.096850908,-79.680822746
West Virginia,NA,West Virginia Division of Corrections and Rehabilitation,TYGART VALLEY REGIONAL JAIL,hifld_prisons,COUNTY,NA,54,54083,OPEN,doc_excluded_local_jail,source type indicates local/federal jail or non-DOC facility,400 ABBEY ROAD,BELINGTON,Randolph,38.940556153246234,-79.95143290851433
West Virginia,NA,West Virginia Division of Corrections and Rehabilitation,TYLER COUNTY JAIL / SHERIFF,hifld_prisons,COUNTY,NA,54,54095,NOT AVAILABLE,doc_excluded_local_jail,source type indicates local/federal jail or non-DOC facility,121 COURT ST,MIDDLEBOURNE,Tyler,39.492068640463614,-80.90332499330363
West Virginia,NA,West Virginia Division of Corrections and Rehabilitation,TYLER COUNTY SHERIFFS OFFICE,hifld,SHERIFF'S OFFICE,NA,54,54095,OPEN,doc_excluded_local_jail,source type indicates local/federal jail or non-DOC facility,121 COURT STREET,MIDDLEBOURNE,Tyler,39.492131714,-80.903286345
West Virginia,NA,West Virginia Division of Corrections and Rehabilitation,UPSHUR COUNTY SHERIFFS OFFICE,hifld,SHERIFF'S OFFICE,NA,54,54097,OPEN,doc_excluded_local_jail,source type indicates local/federal jail or non-DOC facility,38 WEST MAIN STREET,BUCKHANNON,Upshur,38.9935435,-80.2312286
West Virginia,NA,West Virginia Division of Corrections and Rehabilitation,USP HAZELTON,hifld_prisons,FEDERAL,NA,54,54077,OPEN,doc_excluded_local_jail,source type indicates local/federal jail or non-DOC facility,1640 SKY VIEW DR.,BRUCETON MILLS,Preston,39.67295833643473,-79.4968769833764
West Virginia,NA,West Virginia Division of Corrections and Rehabilitation,USP HAZELTON CAMP,hifld_prisons,FEDERAL,NA,54,54077,OPEN,doc_excluded_local_jail,source type indicates local/federal jail or non-DOC facility,1640 SKY VIEW DR.,BRUCETON MILLS,Preston,39.67388100842457,-79.50320258318162
West Virginia,NA,West Virginia Division of Corrections and Rehabilitation,WAYNE COUNTY SHERIFF'S OFFICE,hifld_prisons,COUNTY,NA,54,54099,NOT AVAILABLE,doc_excluded_local_jail,source type indicates local/federal jail or non-DOC facility,700 HENDRICKS ST,WAYNE,Wayne,38.221027226106145,-82.44267772574504
West Virginia,NA,West Virginia Division of Corrections and Rehabilitation,WEBSTER COUNTY SHERIFF DEPARTMENT,hifld_prisons,COUNTY,NA,54,54101,NOT AVAILABLE,doc_excluded_local_jail,source type indicates local/federal jail or non-DOC facility,2 COURT SQUARE,WEBSTER SPRINGS,Webster,38.47802942431601,-80.4119588387606
West Virginia,NA,West Virginia Division of Corrections and Rehabilitation,WEBSTER COUNTY SHERIFFS OFFICE,hifld,SHERIFF'S OFFICE,NA,54,54101,OPEN,doc_excluded_local_jail,source type indicates local/federal jail or non-DOC facility,"2 COURT SQUARE, ROOM G3",WEBSTER SPRINGS,Webster,38.478033289,-80.41198327
West Virginia,NA,West Virginia Division of Corrections and Rehabilitation,WESTERN REGIONAL JAIL,hifld_prisons,COUNTY,NA,54,54011,OPEN,doc_excluded_local_jail,source type indicates local/federal jail or non-DOC facility,1 O'HANLON PLACE,BARBOURSVILLE,Cabell,38.41899543447306,-82.29328037280075
West Virginia,NA,West Virginia Division of Corrections and Rehabilitation,WETZEL COUNTY SHERIFF,hifld,SHERIFF'S OFFICE,NA,54,54103,OPEN,doc_excluded_local_jail,source type indicates local/federal jail or non-DOC facility,200 MAIN STREET,NEW MARTINSVILLE,Wetzel,39.6406607,-80.865976
West Virginia,NA,West Virginia Division of Corrections and Rehabilitation,WIRT COUNTY SHERIFF DEPARTMENT,hifld_prisons,COUNTY,NA,54,54105,NOT AVAILABLE,doc_excluded_local_jail,source type indicates local/federal jail or non-DOC facility,1 COURT STREET,ELIZABETH,Wirt,39.06359860044172,-81.39406847898178
West Virginia,NA,West Virginia Division of Corrections and Rehabilitation,WIRT COUNTY SHERIFFS DEPARTMENT,hifld,SHERIFF'S OFFICE,NA,54,54105,OPEN,doc_excluded_local_jail,source type indicates local/federal jail or non-DOC facility,1 COURT STREET,ELIZABETH,Wirt,39.063620971,-81.394083193
West Virginia,NA,West Virginia Division of Corrections and Rehabilitation,WOOD COUNTY HOLDING CENTER,hifld_prisons,COUNTY,NA,54,54107,OPEN,doc_excluded_local_jail,source type indicates local/federal jail or non-DOC facility,401 2ND STREET,PARKERSBURG,Wood,39.262452405416894,-81.56207953551473
West Virginia,NA,West Virginia Division of Corrections and Rehabilitation,WOOD COUNTY SHERIFFS OFFICE,hifld,SHERIFF'S OFFICE,NA,54,54107,OPEN,doc_excluded_local_jail,source type indicates local/federal jail or non-DOC facility,328 SECOND STREET,PARKERSBURG,Wood,39.262926385,-81.563518967
West Virginia,NA,West Virginia Division of Corrections and Rehabilitation,WYOMING COUNTY JAIL,hifld_prisons,COUNTY,NA,54,54109,NOT AVAILABLE,doc_excluded_local_jail,source type indicates local/federal jail or non-DOC facility,P O BOX 529,PINEVILLE,Wyoming,37.583952180741356,-81.53802730528128
West Virginia,NA,West Virginia Division of Corrections and Rehabilitation,WYOMING COUNTY SHERIFFS OFFICE,hifld,SHERIFF'S OFFICE,NA,54,54109,OPEN,doc_excluded_local_jail,source type indicates local/federal jail or non-DOC facility,BANK STREET,PINEVILLE,Wyoming,37.583952298,-81.538044648
