"agency_key","state","agency","source","observed_on","detail"
"alabamadepartmentofpublicsafety","ALABAMA","Alabama Department of Public Safety","ICE fact-sheet roster","2010-10-29","Task Force; signed 2003-09-10"
"etowahcountysheriffsoffice","ALABAMA","Etowah County Sheriff's Office","ICE fact-sheet roster","2010-10-29","Jail Enforcement; signed 2008-07-08"
"arizonadepartmentofcorrections","ARIZONA","Arizona Department of Corrections","ICE fact-sheet roster","2010-10-29","Jail Enforcement; signed 2005-09-16"
"arizonadepartmentofpublicsafety","ARIZONA","Arizona Department of Public Safety","ICE fact-sheet roster","2010-10-29","Task Force; signed 2007-04-15"
"mesapolicedepartment","ARIZONA","City of Mesa Police Department","ICE fact-sheet roster","2010-10-29","Jail Enforcement; signed 2009-11-19"
"phoenixpolicedepartment","ARIZONA","City of Phoenix Police Department","ICE fact-sheet roster","2010-10-29","Task Force; signed 2008-03-10"
"florencepolicedepartment","ARIZONA","Florence Police Department","ICE fact-sheet roster","2010-10-29","Task Force; signed 2009-10-21"
"maricopacountysheriffsoffice","ARIZONA","Maricopa County Sheriff's Office","ICE fact-sheet roster","2010-10-29","Jail Enforcement; signed 2007-02-07"
"pimacountysheriffsoffice","ARIZONA","Pima County Sheriff's Office","ICE fact-sheet roster","2010-10-29","Jail Enforcement; signed 2008-03-10"
"pinalcountysheriffsoffice","ARIZONA","Pinal County Sheriff's Office","ICE fact-sheet roster","2010-10-29","Jail Enforcement; signed 2008-03-10"
"yavapaicountysheriffsoffice","ARIZONA","Yavapai County Sheriff's Office","ICE fact-sheet roster","2010-10-29","Jail Enforcement; signed 2008-03-10"
"bentoncountysheriffsoffice","ARKANSAS","Benton County Sheriff's Office","ICE fact-sheet roster","2010-10-29","Jail Enforcement; signed 2007-09-26"
"springdalepolicedepartment","ARKANSAS","City of Springdale Police Department","ICE fact-sheet roster","2010-10-29","Task Force; signed 2007-09-26"
"rogerspolicedepartment","ARKANSAS","Rogers Police Department","ICE fact-sheet roster","2010-10-29","Task Force; signed 2007-09-25"
"washingtoncountysheriffsoffice","ARKANSAS","Washington County Sheriff's Office","ICE fact-sheet roster","2010-10-29","Jail Enforcement; signed 2007-09-26"
"losangelescountysheriffsoffice","CALIFORNIA","Los Angeles County Sheriff's Office","ICE fact-sheet roster","2010-10-29","Jail Enforcement; signed 2005-02-01"
"orangecountysheriffsoffice","CALIFORNIA","Orange County Sheriff's Office","ICE fact-sheet roster","2010-10-29","Jail Enforcement; signed 2006-11-02"
"riversidecountysheriffsoffice","CALIFORNIA","Riverside County Sheriff's Office","ICE fact-sheet roster","2010-10-29","Jail Enforcement; signed 2006-04-28"
"sanbernardinocountysheriffsoffice","CALIFORNIA","San Bernardino County Sheriff's Office","ICE fact-sheet roster","2010-10-29","Jail Enforcement; signed 2005-11-19"
"coloradodepartmentofpublicsafety","COLORADO","Colorado Department of Public Safety","ICE fact-sheet roster","2010-10-29","Task Force; signed 2007-03-29"
"elpasocountysheriffsoffice","COLORADO","El Paso County Sheriff's Office","ICE fact-sheet roster","2010-10-29","Jail Enforcement; signed 2007-05-17"
"danburypolicedepartment","CONNECTICUT","City of Danbury Police Department","ICE fact-sheet roster","2010-10-29","Task Force; signed 2009-10-15"
"delawaredepartmentofcorrections","DELAWARE**","Delaware Department of Corrections","ICE fact-sheet roster","2010-10-29","Jail Enforcement; signed 2009-10-15"
"baycountysheriffsoffice","FLORIDA","Bay County Sheriff's Office","ICE fact-sheet roster","2010-10-29","Task Force; signed 2008-06-15"
"colliercountysheriffsoffice","FLORIDA","Collier County Sheriff's Office","ICE fact-sheet roster","2010-10-29","Jail Enforcement; signed 2007-08-06"
"floridadepartmentoflawenforcement","FLORIDA","Florida Department of Law Enforcement","ICE fact-sheet roster","2010-10-29","Task Force; signed 2002-07-02"
"jacksonvillesheriffsoffice","FLORIDA","Jacksonville Sheriff's Office","ICE fact-sheet roster","2010-10-29","Jail Enforcement; signed 2008-07-08"
"cobbcountysheriffsoffice","GEORGIA","Cobb County Sheriff's Office","ICE fact-sheet roster","2010-10-29","Jail Enforcement; signed 2007-02-13"
"georgiadepartmentofpublicsafety","GEORGIA","Georgia Department of Public Safety","ICE fact-sheet roster","2010-10-29","Task Force; signed 2007-07-27"
"gwinnettcountysheriffsoffice","GEORGIA","Gwinnett County Sheriff's Office","ICE fact-sheet roster","2010-10-29","Jail Enforcement; signed 2009-10-15"
"hallcountysheriffsoffice","GEORGIA","Hall County Sheriff's Office","ICE fact-sheet roster","2010-10-29","Jail Enforcement; signed 2008-02-29"
"whitfieldcountysheriffsoffice","GEORGIA","Whitfield County Sheriff's Office","ICE fact-sheet roster","2010-10-29","Jail Enforcement; signed 2008-02-04"
"frederickcountysheriffsoffice","MARYLAND","Frederick County Sheriff's Office","ICE fact-sheet roster","2010-10-29","Jail Enforcement; signed 2008-02-06"
"massachusettsdepartmentofcorrections","MASSACHUSETTS","Massachusetts Department of Corrections","ICE fact-sheet roster","2010-10-29","Jail Enforcement; signed 2007-03-26"
"minnesotadepartmentofpublicsafety","MINNESOTA","Minnesota Department of Public Safety","ICE fact-sheet roster","2010-10-29","Task Force; signed 2008-09-22"
"missouristatehighwaypatrol","MISSOURI","Missouri State Highway Patrol","ICE fact-sheet roster","2010-10-29","Task Force; signed 2008-06-25"
"lasvegasmetropolitanpolicedepartment","NEVADA","Las Vegas Metropolitan Police Department","ICE fact-sheet roster","2010-10-29","Jail Enforcement; signed 2008-09-08"
"hudsoncountydepartmentofcorrections","NEW JERSEY","Hudson County Department of Corrections","ICE fact-sheet roster","2010-10-29","Jail Enforcement; signed 2008-08-11"
"monmouthcountysheriffsoffice","NEW JERSEY","Monmouth County Sheriff's Office","ICE fact-sheet roster","2010-10-29","Jail Enforcement; signed 2009-10-15"
"newmexicodepartmentofcorrections","NEW MEXICO","New Mexico Department of Corrections","ICE fact-sheet roster","2010-10-29","Jail Enforcement; signed 2007-09-17"
"alamancecountysheriffsoffice","NORTH CAROLINA","Alamance County Sheriff's Office","ICE fact-sheet roster","2010-10-29","Jail Enforcement; signed 2007-01-10"
"cabarruscountysheriffsoffice","NORTH CAROLINA","Cabarrus County Sheriff's Office","ICE fact-sheet roster","2010-10-29","Jail Enforcement; signed 2007-08-02"
"durhampolicedepartment","NORTH CAROLINA","Durham Police Department","ICE fact-sheet roster","2010-10-29","Task Force; signed 2008-02-01"
"gastoncountysheriffsoffice","NORTH CAROLINA","Gaston County Sheriff's Office","ICE fact-sheet roster","2010-10-29","Jail Enforcement; signed 2007-02-22"
"guilfordcountysheriffsoffice","NORTH CAROLINA","Guilford County Sheriff's Office","ICE fact-sheet roster","2010-10-29","Task Force; signed 2009-10-15"
"hendersoncountysheriffsoffice","NORTH CAROLINA","Henderson County Sheriff's Office","ICE fact-sheet roster","2010-10-29","Jail Enforcement; signed 2008-06-25"
"mecklenburgcountysheriffsoffice","NORTH CAROLINA","Mecklenburg County Sheriff's Office","ICE fact-sheet roster","2010-10-29","Jail Enforcement; signed 2006-02-27"
"wakecountysheriffsoffice","NORTH CAROLINA","Wake County Sheriff's Office","ICE fact-sheet roster","2010-10-29","Jail Enforcement; signed 2008-06-25"
"butlercountysheriffsoffice","OHIO","Butler County Sheriff's Office","ICE fact-sheet roster","2010-10-29","Jail Enforcement; signed 2008-02-05"
"tulsacountysheriffsoffice","OKLAHOMA","Tulsa County Sheriff's Office","ICE fact-sheet roster","2010-10-29","Jail Enforcement; signed 2007-08-06"
"rhodeislandstatepolice","RHODE ISLAND","Rhode Island State Police","ICE fact-sheet roster","2010-10-29","Task Force; signed 2009-10-15"
"beaufortcountysheriffsoffice","SOUTH CAROLINA","Beaufort County Sheriff's Office","ICE fact-sheet roster","2010-10-29","Task Force; signed 2008-06-25"
"charlestoncountysheriffsoffice","SOUTH CAROLINA","Charleston County Sheriff's Office","ICE fact-sheet roster","2010-10-29","Jail Enforcement; signed 2009-11-09"
"lexingtoncountysheriffsoffice","SOUTH CAROLINA","Lexington County Sheriff's Office","ICE fact-sheet roster","2010-10-29","Jail Enforcement; signed 2010-08-19"
"yorkcountysheriffsoffice","SOUTH CAROLINA","York County Sheriff's Office","ICE fact-sheet roster","2010-10-29","Jail Enforcement; signed 2007-10-16"
"davidsoncountysheriffsoffice","TENNESSEE","Davidson County Sheriff's Office","ICE fact-sheet roster","2010-10-29","Jail Enforcement; signed 2007-02-21"
"tennesseehighwaypatroldepartmentofsafety","TENNESSEE","Tennessee Highway Patrol / Department of Safety","ICE fact-sheet roster","2010-10-29","Task Force; signed 2008-06-25"
"carrolltonpolicedepartment","TEXAS","Carrollton Police Department","ICE fact-sheet roster","2010-10-29","Jail Enforcement; signed 2008-08-12"
"farmersbranchpolicedepartment","TEXAS","Farmers Branch Police Department","ICE fact-sheet roster","2010-10-29","Task Force; signed 2008-07-08"
"harriscountysheriffsoffice","TEXAS","Harris County Sheriff's Office","ICE fact-sheet roster","2010-10-29","Jail Enforcement; signed 2008-07-20"
"washingtoncountysheriffsoffice","UTAH","Washington County Sheriff Office","ICE fact-sheet roster","2010-10-29","Jail Enforcement; signed 2008-09-22"
"webercountysheriffsoffice","UTAH","Weber County Sheriff's Office","ICE fact-sheet roster","2010-10-29","Jail Enforcement; signed 2008-09-22"
"herndonpolicedepartment","VIRGINIA","Herndon Police Department","ICE fact-sheet roster","2010-10-29","Task Force; signed 2007-03-21"
"loudouncountysheriffsoffice","VIRGINIA","Loudoun County Sheriff's Office","ICE fact-sheet roster","2010-10-29","Task Force; signed 2008-06-25"
"manassasparkpolicedepartment","VIRGINIA","Manassas Park Police Department","ICE fact-sheet roster","2010-10-29","Task Force; signed 2008-03-10"
"manassaspolicedepartment","VIRGINIA","Manassas Police Department","ICE fact-sheet roster","2010-10-29","Task Force; signed 2008-03-05"
"princewilliamcountypolicedepartment","VIRGINIA","Prince William County Police Department","ICE fact-sheet roster","2010-10-29","Task Force; signed 2008-02-26"
"princewilliamcountysheriffsoffice","VIRGINIA","Prince William County Sheriff's Office","ICE fact-sheet roster","2010-10-29","Task Force; signed 2008-02-26"
"princewilliammanassasregionaljail","VIRGINIA","Prince William-Manassas Regional Jail","ICE fact-sheet roster","2010-10-29","Jail Enforcement; signed 2007-07-09"
"rockinghamcountysheriffsoffice","VIRGINIA","Rockingham County Sheriff's Office","ICE fact-sheet roster","2010-10-29","Jail Enforcement; signed 2007-04-25"
"shenandoahcountysheriffsoffice","VIRGINIA","Shenandoah County Sheriff's Office","ICE fact-sheet roster","2010-10-29","Jail Enforcement; signed 2007-05-10"
"alabamadepartmentofpublicsafety","ALABAMA","Alabama Department of Public Safety","ICE fact-sheet roster","2010-10-29","Task Force; signed 2003-09-10"
"etowahcountysheriffsoffice","ALABAMA","Etowah County Sheriff's Office","ICE fact-sheet roster","2010-10-29","Jail Enforcement; signed 2008-07-08"
"arizonadepartmentofcorrections","ARIZONA","Arizona Department of Corrections","ICE fact-sheet roster","2010-10-29","Jail Enforcement; signed 2005-09-16"
"arizonadepartmentofpublicsafety","ARIZONA","Arizona Department of Public Safety","ICE fact-sheet roster","2010-10-29","Jail Enforcement; signed 2007-04-15"
"mesapolicedepartment","ARIZONA","City of Mesa Police Department","ICE fact-sheet roster","2010-10-29","Jail Enforcement; signed 2009-11-19"
"phoenixpolicedepartment","ARIZONA","City of Phoenix Police Department","ICE fact-sheet roster","2010-10-29","Jail Enforcement; signed 2008-03-10"
"florencepolicedepartment","ARIZONA","Florence Police Department","ICE fact-sheet roster","2010-10-29","Jail Enforcement; signed 2009-10-21"
"maricopacountysheriffsoffice","ARIZONA","Maricopa County Sheriff's Office","ICE fact-sheet roster","2010-10-29","Jail Enforcement; signed 2007-02-07"
"pimacountysheriffsoffice","ARIZONA","Pima County Sheriff's Office","ICE fact-sheet roster","2010-10-29","Jail Enforcement; signed 2008-03-10"
"pinalcountysheriffsoffice","ARIZONA","Pinal County Sheriff's Office","ICE fact-sheet roster","2010-10-29","Jail Enforcement; signed 2008-03-10"
"yavapaicountysheriffsoffice","ARIZONA","Yavapai County Sheriff's Office","ICE fact-sheet roster","2010-10-29","Jail Enforcement; signed 2008-03-10"
"bentoncountysheriffsoffice","ARKANSAS","Benton County Sheriff's Office","ICE fact-sheet roster","2010-10-29","Jail Enforcement; signed 2007-09-26"
"springdalepolicedepartment","ARKANSAS","City of Springdale Police Department","ICE fact-sheet roster","2010-10-29","Task Force; signed 2007-09-26"
"rogerspolicedepartment","ARKANSAS","Rogers Police Department","ICE fact-sheet roster","2010-10-29","Task Force; signed 2007-09-25"
"washingtoncountysheriffsoffice","ARKANSAS","Washington County Sheriff's Office","ICE fact-sheet roster","2010-10-29","Jail Enforcement; signed 2007-09-26"
"losangelescountysheriffsoffice","CALIFORNIA","Los Angeles County Sheriff's Office","ICE fact-sheet roster","2010-10-29","Jail Enforcement; signed 2005-02-01"
"orangecountysheriffsoffice","CALIFORNIA","Orange County Sheriff's Office","ICE fact-sheet roster","2010-10-29","Jail Enforcement; signed 2006-11-02"
"riversidecountysheriffsoffice","CALIFORNIA","Riverside County Sheriff's Office","ICE fact-sheet roster","2010-10-29","Jail Enforcement; signed 2006-04-28"
"sanbernardinocountysheriffsoffice","CALIFORNIA","San Bernardino County Sheriff's Office","ICE fact-sheet roster","2010-10-29","Jail Enforcement; signed 2005-11-19"
"coloradodepartmentofpublicsafety","COLORADO","Colorado Department of Public Safety","ICE fact-sheet roster","2010-10-29","Task Force; signed 2007-03-29"
"elpasocountysheriffsoffice","COLORADO","El Paso County Sheriff's Office","ICE fact-sheet roster","2010-10-29","Jail Enforcement; signed 2007-05-17"
"danburypolicedepartment","CONNECTICUT","City of Danbury Police Department","ICE fact-sheet roster","2010-10-29","Task Force; signed 2009-10-15"
"delawaredepartmentofcorrections","DELAWARE**","Delaware Department of Corrections","ICE fact-sheet roster","2010-10-29","Jail Enforcement; signed 2009-10-15"
"baycountysheriffsoffice","FLORIDA","Bay County Sheriff's Office","ICE fact-sheet roster","2010-10-29","Task Force; signed 2008-06-15"
"colliercountysheriffsoffice","FLORIDA","Collier County Sheriff's Office","ICE fact-sheet roster","2010-10-29","Jail Enforcement; signed 2007-08-06"
"floridadepartmentoflawenforcement","FLORIDA","Florida Department of Law Enforcement","ICE fact-sheet roster","2010-10-29","Task Force; signed 2002-07-02"
"jacksonvillesheriffsoffice","FLORIDA","Jacksonville Sheriff's Office","ICE fact-sheet roster","2010-10-29","Jail Enforcement; signed 2008-07-08"
"cobbcountysheriffsoffice","GEORGIA","Cobb County Sheriff's Office","ICE fact-sheet roster","2010-10-29","Jail Enforcement; signed 2007-02-13"
"georgiadepartmentofpublicsafety","GEORGIA","Georgia Department of Public Safety","ICE fact-sheet roster","2010-10-29","Task Force; signed 2007-07-27"
"gwinnettcountysheriffsoffice","GEORGIA","Gwinnett County Sheriff's Office","ICE fact-sheet roster","2010-10-29","Jail Enforcement; signed 2009-10-15"
"hallcountysheriffsoffice","GEORGIA","Hall County Sheriff's Office","ICE fact-sheet roster","2010-10-29","Jail Enforcement; signed 2008-02-29"
"whitfieldcountysheriffsoffice","GEORGIA","Whitfield County Sheriff's Office","ICE fact-sheet roster","2010-10-29","Jail Enforcement; signed 2008-02-04"
"frederickcountysheriffsoffice","MARYLAND","Frederick County Sheriff's Office","ICE fact-sheet roster","2010-10-29","Jail Enforcement; signed 2008-02-06"
"massachusettsdepartmentofcorrections","MASSACHUSETTS","Massachusetts Department of Corrections","ICE fact-sheet roster","2010-10-29","Jail Enforcement; signed 2007-03-26"
"minnesotadepartmentofpublicsafety","MINNESOTA","Minnesota Department of Public Safety","ICE fact-sheet roster","2010-10-29","Task Force; signed 2008-09-22"
"missouristatehighwaypatrol","MISSOURI","Missouri State Highway Patrol","ICE fact-sheet roster","2010-10-29","Task Force; signed 2008-06-25"
"lasvegasmetropolitanpolicedepartment","NEVADA","Las Vegas Metropolitan Police Department","ICE fact-sheet roster","2010-10-29","Jail Enforcement; signed 2008-09-08"
"hudsoncountydepartmentofcorrections","NEW JERSEY","Hudson County Department of Corrections","ICE fact-sheet roster","2010-10-29","Jail Enforcement; signed 2008-08-11"
"monmouthcountysheriffsoffice","NEW JERSEY","Monmouth County Sheriff's Office","ICE fact-sheet roster","2010-10-29","Jail Enforcement; signed 2009-10-15"
"newmexicodepartmentofcorrections","NEW MEXICO","New Mexico Department of Corrections","ICE fact-sheet roster","2010-10-29","Jail Enforcement; signed 2007-09-17"
"alamancecountysheriffsoffice","NORTH CAROLINA","Alamance County Sheriff's Office","ICE fact-sheet roster","2010-10-29","Jail Enforcement; signed 2007-01-10"
"cabarruscountysheriffsoffice","NORTH CAROLINA","Cabarrus County Sheriff's Office","ICE fact-sheet roster","2010-10-29","Jail Enforcement; signed 2007-08-02"
"durhampolicedepartment","NORTH CAROLINA","City of Durham Police Department","ICE fact-sheet roster","2010-10-29","Task Force; signed 2008-02-01"
"gastoncountysheriffsoffice","NORTH CAROLINA","Gaston County Sheriff's Office","ICE fact-sheet roster","2010-10-29","Jail Enforcement; signed 2007-02-22"
"hendersoncountysheriffsoffice","NORTH CAROLINA","Henderson County Sheriff's Office","ICE fact-sheet roster","2010-10-29","Jail Enforcement; signed 2008-06-25"
"mecklenburgcountysheriffsoffice","NORTH CAROLINA","Mecklenburg County Sheriff's Office","ICE fact-sheet roster","2010-10-29","Jail Enforcement; signed 2006-02-27"
"wakecountysheriffsoffice","NORTH CAROLINA","Wake County Sheriff's Office","ICE fact-sheet roster","2010-10-29","Jail Enforcement; signed 2008-06-25"
"butlercountysheriffsoffice","OHIO","Butler County Sheriff's Office","ICE fact-sheet roster","2010-10-29","Jail Enforcement; signed 2008-02-05"
"tulsacountysheriffsoffice","OKLAHOMA","Tulsa County Sheriff's Office","ICE fact-sheet roster","2010-10-29","Jail Enforcement; signed 2007-08-06"
"beaufortcountysheriffsoffice","SOUTH CAROLINA","Beaufort County Sheriff's Office","ICE fact-sheet roster","2010-10-29","Task Force; signed 2008-06-25"
"charlestoncountysheriffsoffice","SOUTH CAROLINA","Charleston County Sheriff's Office","ICE fact-sheet roster","2010-10-29","Jail Enforcement; signed 2009-11-09"
"lexingtoncountysheriffsoffice","SOUTH CAROLINA","Lexington County Sheriff's Office","ICE fact-sheet roster","2010-10-29","Jail Enforcement; signed 2010-08-19"
"yorkcountysheriffsoffice","SOUTH CAROLINA","York County Sheriff's Office","ICE fact-sheet roster","2010-10-29","Jail Enforcement; signed 2007-10-16"
"davidsoncountysheriffsoffice","TENNESSEE","Davidson County Sheriff's Office","ICE fact-sheet roster","2010-10-29","Jail Enforcement; signed 2007-02-21"
"tennesseehighwaypatroldepartmentofsafety","TENNESSEE","Tennessee Highway Patrol / Department of Safety","ICE fact-sheet roster","2010-10-29","Task Force; signed 2008-06-25"
"carrolltonpolicedepartment","TEXAS","Carrollton Police Department","ICE fact-sheet roster","2010-10-29","Jail Enforcement; signed 2008-08-12"
"farmersbranchpolicedepartment","TEXAS","Farmers Branch Police Department","ICE fact-sheet roster","2010-10-29","Task Force; signed 2008-07-08"
"harriscountysheriffsoffice","TEXAS","Harris County Sheriff's Office","ICE fact-sheet roster","2010-10-29","Jail Enforcement; signed 2008-07-20"
"washingtoncountysheriffsoffice","UTAH","Washington County Sheriff Office","ICE fact-sheet roster","2010-10-29","Jail Enforcement; signed 2008-09-22"
"webercountysheriffsoffice","UTAH","Weber County Sheriff's Office","ICE fact-sheet roster","2010-10-29","Jail Enforcement; signed 2008-09-22"
"herndonpolicedepartment","VIRGINIA","Herndon Police Department","ICE fact-sheet roster","2010-10-29","Task Force; signed 2007-03-21"
"loudouncountysheriffsoffice","VIRGINIA","Loudoun County Sheriff's Office","ICE fact-sheet roster","2010-10-29","Task Force; signed 2008-06-25"
"manassasparkpolicedepartment","VIRGINIA","Manassas Park Police Department","ICE fact-sheet roster","2010-10-29","Task Force; signed 2008-03-10"
"manassaspolicedepartment","VIRGINIA","Manassas Police Department","ICE fact-sheet roster","2010-10-29","Task Force; signed 2008-03-05"
"princewilliamcountypolicedepartment","VIRGINIA","Prince William County Police Department","ICE fact-sheet roster","2010-10-29","Task Force; signed 2008-02-26"
"princewilliamcountysheriffsoffice","VIRGINIA","Prince William County Sheriff's Office","ICE fact-sheet roster","2010-10-29","Task Force; signed 2008-02-26"
"princewilliammanassasregionaljail","VIRGINIA","Prince William-Manassas Regional Jail","ICE fact-sheet roster","2010-10-29","Jail Enforcement; signed 2007-07-09"
"rockinghamcountysheriffsoffice","VIRGINIA","Rockingham County Sheriff's Office","ICE fact-sheet roster","2010-10-29","Jail Enforcement; signed 2007-04-25"
"shenandoahcountysheriffsoffice","VIRGINIA","Shenandoah County Sheriff's Office","ICE fact-sheet roster","2010-10-29","Jail Enforcement; signed 2007-05-10"
"alabamadepartmentofpublicsafety","ALABAMA","Alabama Department of Public Safety","ICE fact-sheet roster","2011-09-02","Task Force; signed 2003-09-10"
"etowahcountysheriffsoffice","ALABAMA","Etowah County Sheriff's Office","ICE fact-sheet roster","2011-09-02","Jail Enforcement; signed 2008-07-08"
"arizonadepartmentofcorrections","ARIZONA","Arizona Department of Corrections","ICE fact-sheet roster","2011-09-02","Jail Enforcement; signed 2005-09-16"
"arizonadepartmentofpublicsafety","ARIZONA","Arizona Department of Public Safety","ICE fact-sheet roster","2011-09-02","Jail Enforcement; signed 2007-04-15"
"mesapolicedepartment","ARIZONA","City of Mesa Police Department","ICE fact-sheet roster","2011-09-02","Jail Enforcement; signed 2009-11-19"
"phoenixpolicedepartment","ARIZONA","City of Phoenix Police Department","ICE fact-sheet roster","2011-09-02","Jail Enforcement; signed 2008-03-10"
"florencepolicedepartment","ARIZONA","Florence Police Department","ICE fact-sheet roster","2011-09-02","Jail Enforcement; signed 2009-10-21"
"maricopacountysheriffsoffice","ARIZONA","Maricopa County Sheriff's Office","ICE fact-sheet roster","2011-09-02","Jail Enforcement; signed 2007-02-07"
"pimacountysheriffsoffice","ARIZONA","Pima County Sheriff's Office","ICE fact-sheet roster","2011-09-02","Jail Enforcement; signed 2008-03-10"
"pinalcountysheriffsoffice","ARIZONA","Pinal County Sheriff's Office","ICE fact-sheet roster","2011-09-02","Jail Enforcement; signed 2008-03-10"
"yavapaicountysheriffsoffice","ARIZONA","Yavapai County Sheriff's Office","ICE fact-sheet roster","2011-09-02","Jail Enforcement; signed 2008-03-10"
"bentoncountysheriffsoffice","ARKANSAS","Benton County Sheriff's Office","ICE fact-sheet roster","2011-09-02","Jail Enforcement; signed 2007-09-26"
"springdalepolicedepartment","ARKANSAS","City of Springdale Police Department","ICE fact-sheet roster","2011-09-02","Task Force; signed 2007-09-26"
"rogerspolicedepartment","ARKANSAS","Rogers Police Department","ICE fact-sheet roster","2011-09-02","Task Force; signed 2007-09-25"
"washingtoncountysheriffsoffice","ARKANSAS","Washington County Sheriff's Office","ICE fact-sheet roster","2011-09-02","Jail Enforcement; signed 2007-09-26"
"losangelescountysheriffsoffice","CALIFORNIA","Los Angeles County Sheriff's Office","ICE fact-sheet roster","2011-09-02","Jail Enforcement; signed 2005-02-01"
"orangecountysheriffsoffice","CALIFORNIA","Orange County Sheriff's Office","ICE fact-sheet roster","2011-09-02","Jail Enforcement; signed 2006-11-02"
"riversidecountysheriffsoffice","CALIFORNIA","Riverside County Sheriff's Office","ICE fact-sheet roster","2011-09-02","Jail Enforcement; signed 2006-04-28"
"sanbernardinocountysheriffsoffice","CALIFORNIA","San Bernardino County Sheriff's Office","ICE fact-sheet roster","2011-09-02","Jail Enforcement; signed 2005-11-19"
"coloradodepartmentofpublicsafety","COLORADO","Colorado Department of Public Safety","ICE fact-sheet roster","2011-09-02","Task Force; signed 2007-03-29"
"elpasocountysheriffsoffice","COLORADO","El Paso County Sheriff's Office","ICE fact-sheet roster","2011-09-02","Jail Enforcement; signed 2007-05-17"
"danburypolicedepartment","CONNECTICUT","City of Danbury Police Department","ICE fact-sheet roster","2011-09-02","Task Force; signed 2009-10-15"
"delawaredepartmentofcorrections","DELAWARE**","Delaware Department of Corrections","ICE fact-sheet roster","2011-09-02","Jail Enforcement; signed 2009-10-15"
"baycountysheriffsoffice","FLORIDA","Bay County Sheriff's Office","ICE fact-sheet roster","2011-09-02","Task Force; signed 2008-06-15"
"colliercountysheriffsoffice","FLORIDA","Collier County Sheriff's Office","ICE fact-sheet roster","2011-09-02","Jail Enforcement; signed 2007-08-06"
"floridadepartmentoflawenforcement","FLORIDA","Florida Department of Law Enforcement","ICE fact-sheet roster","2011-09-02","Task Force; signed 2002-07-02"
"jacksonvillesheriffsoffice","FLORIDA","Jacksonville Sheriff's Office","ICE fact-sheet roster","2011-09-02","Jail Enforcement; signed 2008-07-08"
"cobbcountysheriffsoffice","GEORGIA","Cobb County Sheriff's Office","ICE fact-sheet roster","2011-09-02","Jail Enforcement; signed 2007-02-13"
"georgiadepartmentofpublicsafety","GEORGIA","Georgia Department of Public Safety","ICE fact-sheet roster","2011-09-02","Task Force; signed 2007-07-27"
"gwinnettcountysheriffsoffice","GEORGIA","Gwinnett County Sheriff's Office","ICE fact-sheet roster","2011-09-02","Jail Enforcement; signed 2009-10-15"
"hallcountysheriffsoffice","GEORGIA","Hall County Sheriff's Office","ICE fact-sheet roster","2011-09-02","Jail Enforcement; signed 2008-02-29"
"whitfieldcountysheriffsoffice","GEORGIA","Whitfield County Sheriff's Office","ICE fact-sheet roster","2011-09-02","Jail Enforcement; signed 2008-02-04"
"frederickcountysheriffsoffice","MARYLAND","Frederick County Sheriff's Office","ICE fact-sheet roster","2011-09-02","Jail Enforcement; signed 2008-02-06"
"massachusettsdepartmentofcorrections","MASSACHUSETTS","Massachusetts Department of Corrections","ICE fact-sheet roster","2011-09-02","Jail Enforcement; signed 2007-03-26"
"minnesotadepartmentofpublicsafety","MINNESOTA","Minnesota Department of Public Safety","ICE fact-sheet roster","2011-09-02","Task Force; signed 2008-09-22"
"missouristatehighwaypatrol","MISSOURI","Missouri State Highway Patrol","ICE fact-sheet roster","2011-09-02","Task Force; signed 2008-06-25"
"lasvegasmetropolitanpolicedepartment","NEVADA","Las Vegas Metropolitan Police Department","ICE fact-sheet roster","2011-09-02","Jail Enforcement; signed 2008-09-08"
"hudsoncountydepartmentofcorrections","NEW JERSEY","Hudson County Department of Corrections","ICE fact-sheet roster","2011-09-02","Jail Enforcement; signed 2008-08-11"
"monmouthcountysheriffsoffice","NEW JERSEY","Monmouth County Sheriff's Office","ICE fact-sheet roster","2011-09-02","Jail Enforcement; signed 2009-10-15"
"newmexicodepartmentofcorrections","NEW MEXICO","New Mexico Department of Corrections","ICE fact-sheet roster","2011-09-02","Jail Enforcement; signed 2007-09-17"
"alamancecountysheriffsoffice","NORTH CAROLINA","Alamance County Sheriff's Office","ICE fact-sheet roster","2011-09-02","Jail Enforcement; signed 2007-01-10"
"cabarruscountysheriffsoffice","NORTH CAROLINA","Cabarrus County Sheriff's Office","ICE fact-sheet roster","2011-09-02","Jail Enforcement; signed 2007-08-02"
"durhampolicedepartment","NORTH CAROLINA","City of Durham Police Department","ICE fact-sheet roster","2011-09-02","Task Force; signed 2008-02-01"
"gastoncountysheriffsoffice","NORTH CAROLINA","Gaston County Sheriff's Office","ICE fact-sheet roster","2011-09-02","Jail Enforcement; signed 2007-02-22"
"hendersoncountysheriffsoffice","NORTH CAROLINA","Henderson County Sheriff's Office","ICE fact-sheet roster","2011-09-02","Jail Enforcement; signed 2008-06-25"
"mecklenburgcountysheriffsoffice","NORTH CAROLINA","Mecklenburg County Sheriff's Office","ICE fact-sheet roster","2011-09-02","Jail Enforcement; signed 2006-02-27"
"wakecountysheriffsoffice","NORTH CAROLINA","Wake County Sheriff's Office","ICE fact-sheet roster","2011-09-02","Jail Enforcement; signed 2008-06-25"
"butlercountysheriffsoffice","OHIO","Butler County Sheriff's Office","ICE fact-sheet roster","2011-09-02","Jail Enforcement; signed 2008-02-05"
"tulsacountysheriffsoffice","OKLAHOMA","Tulsa County Sheriff's Office","ICE fact-sheet roster","2011-09-02","Jail Enforcement; signed 2007-08-06"
"beaufortcountysheriffsoffice","SOUTH CAROLINA","Beaufort County Sheriff's Office","ICE fact-sheet roster","2011-09-02","Task Force; signed 2008-06-25"
"charlestoncountysheriffsoffice","SOUTH CAROLINA","Charleston County Sheriff's Office","ICE fact-sheet roster","2011-09-02","Jail Enforcement; signed 2009-11-09"
"lexingtoncountysheriffsoffice","SOUTH CAROLINA","Lexington County Sheriff's Office","ICE fact-sheet roster","2011-09-02","Jail Enforcement; signed 2010-08-19"
"yorkcountysheriffsoffice","SOUTH CAROLINA","York County Sheriff's Office","ICE fact-sheet roster","2011-09-02","Jail Enforcement; signed 2007-10-16"
"davidsoncountysheriffsoffice","TENNESSEE","Davidson County Sheriff's Office","ICE fact-sheet roster","2011-09-02","Jail Enforcement; signed 2007-02-21"
"tennesseehighwaypatroldepartmentofsafety","TENNESSEE","Tennessee Highway Patrol / Department of Safety","ICE fact-sheet roster","2011-09-02","Task Force; signed 2008-06-25"
"carrolltonpolicedepartment","TEXAS","Carrollton Police Department","ICE fact-sheet roster","2011-09-02","Jail Enforcement; signed 2008-08-12"
"farmersbranchpolicedepartment","TEXAS","Farmers Branch Police Department","ICE fact-sheet roster","2011-09-02","Task Force; signed 2008-07-08"
"harriscountysheriffsoffice","TEXAS","Harris County Sheriff's Office","ICE fact-sheet roster","2011-09-02","Jail Enforcement; signed 2008-07-20"
"washingtoncountysheriffsoffice","UTAH","Washington County Sheriff Office","ICE fact-sheet roster","2011-09-02","Jail Enforcement; signed 2008-09-22"
"webercountysheriffsoffice","UTAH","Weber County Sheriff's Office","ICE fact-sheet roster","2011-09-02","Jail Enforcement; signed 2008-09-22"
"herndonpolicedepartment","VIRGINIA","Herndon Police Department","ICE fact-sheet roster","2011-09-02","Task Force; signed 2007-03-21"
"loudouncountysheriffsoffice","VIRGINIA","Loudoun County Sheriff's Office","ICE fact-sheet roster","2011-09-02","Task Force; signed 2008-06-25"
"manassasparkpolicedepartment","VIRGINIA","Manassas Park Police Department","ICE fact-sheet roster","2011-09-02","Task Force; signed 2008-03-10"
"manassaspolicedepartment","VIRGINIA","Manassas Police Department","ICE fact-sheet roster","2011-09-02","Task Force; signed 2008-03-05"
"princewilliamcountypolicedepartment","VIRGINIA","Prince William County Police Department","ICE fact-sheet roster","2011-09-02","Task Force; signed 2008-02-26"
"princewilliamcountysheriffsoffice","VIRGINIA","Prince William County Sheriff's Office","ICE fact-sheet roster","2011-09-02","Task Force; signed 2008-02-26"
"princewilliammanassasregionaljail","VIRGINIA","Prince William-Manassas Regional Jail","ICE fact-sheet roster","2011-09-02","Jail Enforcement; signed 2007-07-09"
"rockinghamcountysheriffsoffice","VIRGINIA","Rockingham County Sheriff's Office","ICE fact-sheet roster","2011-09-02","Jail Enforcement; signed 2007-04-25"
"shenandoahcountysheriffsoffice","VIRGINIA","Shenandoah County Sheriff's Office","ICE fact-sheet roster","2011-09-02","Jail Enforcement; signed 2007-05-10"
"alabamadepartmentofpublicsafety","ALABAMA","Alabama Department of Public Safety","ICE fact-sheet roster","2011-09-02","Task Force; signed 2003-09-10"
"etowahcountysheriffsoffice","ALABAMA","Etowah County Sheriff's Office","ICE fact-sheet roster","2011-09-02","Jail Enforcement; signed 2008-07-08"
"arizonadepartmentofcorrections","ARIZONA","Arizona Department of Corrections","ICE fact-sheet roster","2011-09-02","Jail Enforcement; signed 2005-09-16"
"arizonadepartmentofpublicsafety","ARIZONA","Arizona Department of Public Safety","ICE fact-sheet roster","2011-09-02","Jail Enforcement; signed 2007-04-15"
"mesapolicedepartment","ARIZONA","City of Mesa Police Department","ICE fact-sheet roster","2011-09-02","Jail Enforcement; signed 2009-11-19"
"phoenixpolicedepartment","ARIZONA","City of Phoenix Police Department","ICE fact-sheet roster","2011-09-02","Jail Enforcement; signed 2008-03-10"
"florencepolicedepartment","ARIZONA","Florence Police Department","ICE fact-sheet roster","2011-09-02","Jail Enforcement; signed 2009-10-21"
"pimacountysheriffsoffice","ARIZONA","Pima County Sheriff's Office","ICE fact-sheet roster","2011-09-02","Jail Enforcement; signed 2008-03-10"
"pinalcountysheriffsoffice","ARIZONA","Pinal County Sheriff's Office","ICE fact-sheet roster","2011-09-02","Jail Enforcement; signed 2008-03-10"
"yavapaicountysheriffsoffice","ARIZONA","Yavapai County Sheriff's Office","ICE fact-sheet roster","2011-09-02","Jail Enforcement; signed 2008-03-10"
"bentoncountysheriffsoffice","ARKANSAS","Benton County Sheriff's Office","ICE fact-sheet roster","2011-09-02","Jail Enforcement; signed 2007-09-26"
"springdalepolicedepartment","ARKANSAS","City of Springdale Police Department","ICE fact-sheet roster","2011-09-02","Task Force; signed 2007-09-26"
"rogerspolicedepartment","ARKANSAS","Rogers Police Department","ICE fact-sheet roster","2011-09-02","Task Force; signed 2007-09-25"
"washingtoncountysheriffsoffice","ARKANSAS","Washington County Sheriff's Office","ICE fact-sheet roster","2011-09-02","Jail Enforcement; signed 2007-09-26"
"losangelescountysheriffsoffice","CALIFORNIA","Los Angeles County Sheriff's Office","ICE fact-sheet roster","2011-09-02","Jail Enforcement; signed 2005-02-01"
"orangecountysheriffsoffice","CALIFORNIA","Orange County Sheriff's Office","ICE fact-sheet roster","2011-09-02","Jail Enforcement; signed 2006-11-02"
"riversidecountysheriffsoffice","CALIFORNIA","Riverside County Sheriff's Office","ICE fact-sheet roster","2011-09-02","Jail Enforcement; signed 2006-04-28"
"sanbernardinocountysheriffsoffice","CALIFORNIA","San Bernardino County Sheriff's Office","ICE fact-sheet roster","2011-09-02","Jail Enforcement; signed 2005-11-19"
"coloradodepartmentofpublicsafety","COLORADO","Colorado Department of Public Safety","ICE fact-sheet roster","2011-09-02","Task Force; signed 2007-03-29"
"elpasocountysheriffsoffice","COLORADO","El Paso County Sheriff's Office","ICE fact-sheet roster","2011-09-02","Jail Enforcement; signed 2007-05-17"
"danburypolicedepartment","CONNECTICUT","City of Danbury Police Department","ICE fact-sheet roster","2011-09-02","Task Force; signed 2009-10-15"
"delawaredepartmentofcorrections","DELAWARE**","Delaware Department of Corrections","ICE fact-sheet roster","2011-09-02","Jail Enforcement; signed 2009-10-15"
"baycountysheriffsoffice","FLORIDA","Bay County Sheriff's Office","ICE fact-sheet roster","2011-09-02","Task Force; signed 2008-06-15"
"colliercountysheriffsoffice","FLORIDA","Collier County Sheriff's Office","ICE fact-sheet roster","2011-09-02","Jail Enforcement; signed 2007-08-06"
"floridadepartmentoflawenforcement","FLORIDA","Florida Department of Law Enforcement","ICE fact-sheet roster","2011-09-02","Task Force; signed 2002-07-02"
"jacksonvillesheriffsoffice","FLORIDA","Jacksonville Sheriff's Office","ICE fact-sheet roster","2011-09-02","Jail Enforcement; signed 2008-07-08"
"cobbcountysheriffsoffice","GEORGIA","Cobb County Sheriff's Office","ICE fact-sheet roster","2011-09-02","Jail Enforcement; signed 2007-02-13"
"georgiadepartmentofpublicsafety","GEORGIA","Georgia Department of Public Safety","ICE fact-sheet roster","2011-09-02","Task Force; signed 2007-07-27"
"gwinnettcountysheriffsoffice","GEORGIA","Gwinnett County Sheriff's Office","ICE fact-sheet roster","2011-09-02","Jail Enforcement; signed 2009-10-15"
"hallcountysheriffsoffice","GEORGIA","Hall County Sheriff's Office","ICE fact-sheet roster","2011-09-02","Jail Enforcement; signed 2008-02-29"
"whitfieldcountysheriffsoffice","GEORGIA","Whitfield County Sheriff's Office","ICE fact-sheet roster","2011-09-02","Jail Enforcement; signed 2008-02-04"
"frederickcountysheriffsoffice","MARYLAND","Frederick County Sheriff's Office","ICE fact-sheet roster","2011-09-02","Jail Enforcement; signed 2008-02-06"
"massachusettsdepartmentofcorrections","MASSACHUSETTS","Massachusetts Department of Corrections","ICE fact-sheet roster","2011-09-02","Jail Enforcement; signed 2007-03-26"
"minnesotadepartmentofpublicsafety","MINNESOTA","Minnesota Department of Public Safety","ICE fact-sheet roster","2011-09-02","Task Force; signed 2008-09-22"
"missouristatehighwaypatrol","MISSOURI","Missouri State Highway Patrol","ICE fact-sheet roster","2011-09-02","Task Force; signed 2008-06-25"
"lasvegasmetropolitanpolicedepartment","NEVADA","Las Vegas Metropolitan Police Department","ICE fact-sheet roster","2011-09-02","Jail Enforcement; signed 2008-09-08"
"hudsoncountydepartmentofcorrections","NEW JERSEY","Hudson County Department of Corrections","ICE fact-sheet roster","2011-09-02","Jail Enforcement; signed 2008-08-11"
"monmouthcountysheriffsoffice","NEW JERSEY","Monmouth County Sheriff's Office","ICE fact-sheet roster","2011-09-02","Jail Enforcement; signed 2009-10-15"
"newmexicodepartmentofcorrections","NEW MEXICO","New Mexico Department of Corrections","ICE fact-sheet roster","2011-09-02","Jail Enforcement; signed 2007-09-17"
"alamancecountysheriffsoffice","NORTH CAROLINA","Alamance County Sheriff's Office","ICE fact-sheet roster","2011-09-02","Jail Enforcement; signed 2007-01-10"
"cabarruscountysheriffsoffice","NORTH CAROLINA","Cabarrus County Sheriff's Office","ICE fact-sheet roster","2011-09-02","Jail Enforcement; signed 2007-08-02"
"durhampolicedepartment","NORTH CAROLINA","City of Durham Police Department","ICE fact-sheet roster","2011-09-02","Task Force; signed 2008-02-01"
"gastoncountysheriffsoffice","NORTH CAROLINA","Gaston County Sheriff's Office","ICE fact-sheet roster","2011-09-02","Jail Enforcement; signed 2007-02-22"
"hendersoncountysheriffsoffice","NORTH CAROLINA","Henderson County Sheriff's Office","ICE fact-sheet roster","2011-09-02","Jail Enforcement; signed 2008-06-25"
"mecklenburgcountysheriffsoffice","NORTH CAROLINA","Mecklenburg County Sheriff's Office","ICE fact-sheet roster","2011-09-02","Jail Enforcement; signed 2006-02-27"
"wakecountysheriffsoffice","NORTH CAROLINA","Wake County Sheriff's Office","ICE fact-sheet roster","2011-09-02","Jail Enforcement; signed 2008-06-25"
"butlercountysheriffsoffice","OHIO","Butler County Sheriff's Office","ICE fact-sheet roster","2011-09-02","Jail Enforcement; signed 2008-02-05"
"tulsacountysheriffsoffice","OKLAHOMA","Tulsa County Sheriff's Office","ICE fact-sheet roster","2011-09-02","Jail Enforcement; signed 2007-08-06"
"beaufortcountysheriffsoffice","SOUTH CAROLINA","Beaufort County Sheriff's Office","ICE fact-sheet roster","2011-09-02","Task Force; signed 2008-06-25"
"charlestoncountysheriffsoffice","SOUTH CAROLINA","Charleston County Sheriff's Office","ICE fact-sheet roster","2011-09-02","Jail Enforcement; signed 2009-11-09"
"lexingtoncountysheriffsoffice","SOUTH CAROLINA","Lexington County Sheriff's Office","ICE fact-sheet roster","2011-09-02","Jail Enforcement; signed 2010-08-19"
"yorkcountysheriffsoffice","SOUTH CAROLINA","York County Sheriff's Office","ICE fact-sheet roster","2011-09-02","Jail Enforcement; signed 2007-10-16"
"davidsoncountysheriffsoffice","TENNESSEE","Davidson County Sheriff's Office","ICE fact-sheet roster","2011-09-02","Jail Enforcement; signed 2007-02-21"
"tennesseehighwaypatroldepartmentofsafety","TENNESSEE","Tennessee Highway Patrol / Department of Safety","ICE fact-sheet roster","2011-09-02","Task Force; signed 2008-06-25"
"carrolltonpolicedepartment","TEXAS","Carrollton Police Department","ICE fact-sheet roster","2011-09-02","Jail Enforcement; signed 2008-08-12"
"farmersbranchpolicedepartment","TEXAS","Farmers Branch Police Department","ICE fact-sheet roster","2011-09-02","Task Force; signed 2008-07-08"
"harriscountysheriffsoffice","TEXAS","Harris County Sheriff's Office","ICE fact-sheet roster","2011-09-02","Jail Enforcement; signed 2008-07-20"
"washingtoncountysheriffsoffice","UTAH","Washington County Sheriff Office","ICE fact-sheet roster","2011-09-02","Jail Enforcement; signed 2008-09-22"
"webercountysheriffsoffice","UTAH","Weber County Sheriff's Office","ICE fact-sheet roster","2011-09-02","Jail Enforcement; signed 2008-09-22"
"herndonpolicedepartment","VIRGINIA","Herndon Police Department","ICE fact-sheet roster","2011-09-02","Task Force; signed 2007-03-21"
"loudouncountysheriffsoffice","VIRGINIA","Loudoun County Sheriff's Office","ICE fact-sheet roster","2011-09-02","Task Force; signed 2008-06-25"
"manassasparkpolicedepartment","VIRGINIA","Manassas Park Police Department","ICE fact-sheet roster","2011-09-02","Task Force; signed 2008-03-10"
"manassaspolicedepartment","VIRGINIA","Manassas Police Department","ICE fact-sheet roster","2011-09-02","Task Force; signed 2008-03-05"
"princewilliamcountypolicedepartment","VIRGINIA","Prince William County Police Department","ICE fact-sheet roster","2011-09-02","Task Force; signed 2008-02-26"
"princewilliamcountysheriffsoffice","VIRGINIA","Prince William County Sheriff's Office","ICE fact-sheet roster","2011-09-02","Task Force; signed 2008-02-26"
"princewilliammanassasregionaljail","VIRGINIA","Prince William-Manassas Regional Jail","ICE fact-sheet roster","2011-09-02","Jail Enforcement; signed 2007-07-09"
"rockinghamcountysheriffsoffice","VIRGINIA","Rockingham County Sheriff's Office","ICE fact-sheet roster","2011-09-02","Jail Enforcement; signed 2007-04-25"
"shenandoahcountysheriffsoffice","VIRGINIA","Shenandoah County Sheriff's Office","ICE fact-sheet roster","2011-09-02","Jail Enforcement; signed 2007-05-10"
"alabamadepartmentofpublicsafety","ALABAMA","Alabama Department of Public Safety","ICE fact-sheet roster","2011-09-02","Task Force; signed 2003-09-10"
"etowahcountysheriffsoffice","ALABAMA","Etowah County Sheriff's Office","ICE fact-sheet roster","2011-09-02","Jail Enforcement; signed 2008-07-08"
"arizonadepartmentofcorrections","ARIZONA","Arizona Department of Corrections","ICE fact-sheet roster","2011-09-02","Jail Enforcement; signed 2005-09-16"
"arizonadepartmentofpublicsafety","ARIZONA","Arizona Department of Public Safety","ICE fact-sheet roster","2011-09-02","Jail Enforcement; signed 2007-04-15"
"mesapolicedepartment","ARIZONA","City of Mesa Police Department","ICE fact-sheet roster","2011-09-02","Jail Enforcement; signed 2009-11-19"
"phoenixpolicedepartment","ARIZONA","City of Phoenix Police Department","ICE fact-sheet roster","2011-09-02","Jail Enforcement; signed 2008-03-10"
"florencepolicedepartment","ARIZONA","Florence Police Department","ICE fact-sheet roster","2011-09-02","Jail Enforcement; signed 2009-10-21"
"pimacountysheriffsoffice","ARIZONA","Pima County Sheriff's Office","ICE fact-sheet roster","2011-09-02","Jail Enforcement; signed 2008-03-10"
"pinalcountysheriffsoffice","ARIZONA","Pinal County Sheriff's Office","ICE fact-sheet roster","2011-09-02","Jail Enforcement; signed 2008-03-10"
"yavapaicountysheriffsoffice","ARIZONA","Yavapai County Sheriff's Office","ICE fact-sheet roster","2011-09-02","Jail Enforcement; signed 2008-03-10"
"bentoncountysheriffsoffice","ARKANSAS","Benton County Sheriff's Office","ICE fact-sheet roster","2011-09-02","Jail Enforcement; signed 2007-09-26"
"springdalepolicedepartment","ARKANSAS","City of Springdale Police Department","ICE fact-sheet roster","2011-09-02","Task Force; signed 2007-09-26"
"rogerspolicedepartment","ARKANSAS","Rogers Police Department","ICE fact-sheet roster","2011-09-02","Task Force; signed 2007-09-25"
"washingtoncountysheriffsoffice","ARKANSAS","Washington County Sheriff's Office","ICE fact-sheet roster","2011-09-02","Jail Enforcement; signed 2007-09-26"
"losangelescountysheriffsoffice","CALIFORNIA","Los Angeles County Sheriff's Office","ICE fact-sheet roster","2011-09-02","Jail Enforcement; signed 2005-02-01"
"orangecountysheriffsoffice","CALIFORNIA","Orange County Sheriff's Office","ICE fact-sheet roster","2011-09-02","Jail Enforcement; signed 2006-11-02"
"riversidecountysheriffsoffice","CALIFORNIA","Riverside County Sheriff's Office","ICE fact-sheet roster","2011-09-02","Jail Enforcement; signed 2006-04-28"
"sanbernardinocountysheriffsoffice","CALIFORNIA","San Bernardino County Sheriff's Office","ICE fact-sheet roster","2011-09-02","Jail Enforcement; signed 2005-11-19"
"coloradodepartmentofpublicsafety","COLORADO","Colorado Department of Public Safety","ICE fact-sheet roster","2011-09-02","Task Force; signed 2007-03-29"
"elpasocountysheriffsoffice","COLORADO","El Paso County Sheriff's Office","ICE fact-sheet roster","2011-09-02","Jail Enforcement; signed 2007-05-17"
"danburypolicedepartment","CONNECTICUT","City of Danbury Police Department","ICE fact-sheet roster","2011-09-02","Task Force; signed 2009-10-15"
"delawaredepartmentofcorrections","DELAWARE**","Delaware Department of Corrections","ICE fact-sheet roster","2011-09-02","Jail Enforcement; signed 2009-10-15"
"baycountysheriffsoffice","FLORIDA","Bay County Sheriff's Office","ICE fact-sheet roster","2011-09-02","Task Force; signed 2008-06-15"
"colliercountysheriffsoffice","FLORIDA","Collier County Sheriff's Office","ICE fact-sheet roster","2011-09-02","Jail Enforcement; signed 2007-08-06"
"floridadepartmentoflawenforcement","FLORIDA","Florida Department of Law Enforcement","ICE fact-sheet roster","2011-09-02","Task Force; signed 2002-07-02"
"jacksonvillesheriffsoffice","FLORIDA","Jacksonville Sheriff's Office","ICE fact-sheet roster","2011-09-02","Jail Enforcement; signed 2008-07-08"
"cobbcountysheriffsoffice","GEORGIA","Cobb County Sheriff's Office","ICE fact-sheet roster","2011-09-02","Jail Enforcement; signed 2007-02-13"
"georgiadepartmentofpublicsafety","GEORGIA","Georgia Department of Public Safety","ICE fact-sheet roster","2011-09-02","Task Force; signed 2007-07-27"
"gwinnettcountysheriffsoffice","GEORGIA","Gwinnett County Sheriff's Office","ICE fact-sheet roster","2011-09-02","Jail Enforcement; signed 2009-10-15"
"hallcountysheriffsoffice","GEORGIA","Hall County Sheriff's Office","ICE fact-sheet roster","2011-09-02","Jail Enforcement; signed 2008-02-29"
"whitfieldcountysheriffsoffice","GEORGIA","Whitfield County Sheriff's Office","ICE fact-sheet roster","2011-09-02","Jail Enforcement; signed 2008-02-04"
"frederickcountysheriffsoffice","MARYLAND","Frederick County Sheriff's Office","ICE fact-sheet roster","2011-09-02","Jail Enforcement; signed 2008-02-06"
"massachusettsdepartmentofcorrections","MASSACHUSETTS","Massachusetts Department of Corrections","ICE fact-sheet roster","2011-09-02","Jail Enforcement; signed 2007-03-26"
"minnesotadepartmentofpublicsafety","MINNESOTA","Minnesota Department of Public Safety","ICE fact-sheet roster","2011-09-02","Task Force; signed 2008-09-22"
"missouristatehighwaypatrol","MISSOURI","Missouri State Highway Patrol","ICE fact-sheet roster","2011-09-02","Task Force; signed 2008-06-25"
"lasvegasmetropolitanpolicedepartment","NEVADA","Las Vegas Metropolitan Police Department","ICE fact-sheet roster","2011-09-02","Jail Enforcement; signed 2008-09-08"
"hudsoncountydepartmentofcorrections","NEW JERSEY","Hudson County Department of Corrections","ICE fact-sheet roster","2011-09-02","Jail Enforcement; signed 2008-08-11"
"monmouthcountysheriffsoffice","NEW JERSEY","Monmouth County Sheriff's Office","ICE fact-sheet roster","2011-09-02","Jail Enforcement; signed 2009-10-15"
"newmexicodepartmentofcorrections","NEW MEXICO","New Mexico Department of Corrections","ICE fact-sheet roster","2011-09-02","Jail Enforcement; signed 2007-09-17"
"alamancecountysheriffsoffice","NORTH CAROLINA","Alamance County Sheriff's Office","ICE fact-sheet roster","2011-09-02","Jail Enforcement; signed 2007-01-10"
"cabarruscountysheriffsoffice","NORTH CAROLINA","Cabarrus County Sheriff's Office","ICE fact-sheet roster","2011-09-02","Jail Enforcement; signed 2007-08-02"
"durhampolicedepartment","NORTH CAROLINA","City of Durham Police Department","ICE fact-sheet roster","2011-09-02","Task Force; signed 2008-02-01"
"gastoncountysheriffsoffice","NORTH CAROLINA","Gaston County Sheriff's Office","ICE fact-sheet roster","2011-09-02","Jail Enforcement; signed 2007-02-22"
"hendersoncountysheriffsoffice","NORTH CAROLINA","Henderson County Sheriff's Office","ICE fact-sheet roster","2011-09-02","Jail Enforcement; signed 2008-06-25"
"mecklenburgcountysheriffsoffice","NORTH CAROLINA","Mecklenburg County Sheriff's Office","ICE fact-sheet roster","2011-09-02","Jail Enforcement; signed 2006-02-27"
"wakecountysheriffsoffice","NORTH CAROLINA","Wake County Sheriff's Office","ICE fact-sheet roster","2011-09-02","Jail Enforcement; signed 2008-06-25"
"butlercountysheriffsoffice","OHIO","Butler County Sheriff's Office","ICE fact-sheet roster","2011-09-02","Jail Enforcement; signed 2008-02-05"
"tulsacountysheriffsoffice","OKLAHOMA","Tulsa County Sheriff's Office","ICE fact-sheet roster","2011-09-02","Jail Enforcement; signed 2007-08-06"
"beaufortcountysheriffsoffice","SOUTH CAROLINA","Beaufort County Sheriff's Office","ICE fact-sheet roster","2011-09-02","Task Force; signed 2008-06-25"
"charlestoncountysheriffsoffice","SOUTH CAROLINA","Charleston County Sheriff's Office","ICE fact-sheet roster","2011-09-02","Jail Enforcement; signed 2009-11-09"
"lexingtoncountysheriffsoffice","SOUTH CAROLINA","Lexington County Sheriff's Office","ICE fact-sheet roster","2011-09-02","Jail Enforcement; signed 2010-08-19"
"yorkcountysheriffsoffice","SOUTH CAROLINA","York County Sheriff's Office","ICE fact-sheet roster","2011-09-02","Jail Enforcement; signed 2007-10-16"
"davidsoncountysheriffsoffice","TENNESSEE","Davidson County Sheriff's Office","ICE fact-sheet roster","2011-09-02","Jail Enforcement; signed 2007-02-21"
"tennesseehighwaypatroldepartmentofsafety","TENNESSEE","Tennessee Highway Patrol / Department of Safety","ICE fact-sheet roster","2011-09-02","Task Force; signed 2008-06-25"
"carrolltonpolicedepartment","TEXAS","Carrollton Police Department","ICE fact-sheet roster","2011-09-02","Jail Enforcement; signed 2008-08-12"
"farmersbranchpolicedepartment","TEXAS","Farmers Branch Police Department","ICE fact-sheet roster","2011-09-02","Task Force; signed 2008-07-08"
"harriscountysheriffsoffice","TEXAS","Harris County Sheriff's Office","ICE fact-sheet roster","2011-09-02","Jail Enforcement; signed 2008-07-20"
"washingtoncountysheriffsoffice","UTAH","Washington County Sheriff Office","ICE fact-sheet roster","2011-09-02","Jail Enforcement; signed 2008-09-22"
"webercountysheriffsoffice","UTAH","Weber County Sheriff's Office","ICE fact-sheet roster","2011-09-02","Jail Enforcement; signed 2008-09-22"
"herndonpolicedepartment","VIRGINIA","Herndon Police Department","ICE fact-sheet roster","2011-09-02","Task Force; signed 2007-03-21"
"loudouncountysheriffsoffice","VIRGINIA","Loudoun County Sheriff's Office","ICE fact-sheet roster","2011-09-02","Task Force; signed 2008-06-25"
"manassasparkpolicedepartment","VIRGINIA","Manassas Park Police Department","ICE fact-sheet roster","2011-09-02","Task Force; signed 2008-03-10"
"manassaspolicedepartment","VIRGINIA","Manassas Police Department","ICE fact-sheet roster","2011-09-02","Task Force; signed 2008-03-05"
"princewilliamcountypolicedepartment","VIRGINIA","Prince William County Police Department","ICE fact-sheet roster","2011-09-02","Task Force; signed 2008-02-26"
"princewilliamcountysheriffsoffice","VIRGINIA","Prince William County Sheriff's Office","ICE fact-sheet roster","2011-09-02","Task Force; signed 2008-02-26"
"princewilliammanassasregionaljail","VIRGINIA","Prince William-Manassas Regional Jail","ICE fact-sheet roster","2011-09-02","Jail Enforcement; signed 2007-07-09"
"rockinghamcountysheriffsoffice","VIRGINIA","Rockingham County Sheriff's Office","ICE fact-sheet roster","2011-09-02","Jail Enforcement; signed 2007-04-25"
"shenandoahcountysheriffsoffice","VIRGINIA","Shenandoah County Sheriff's Office","ICE fact-sheet roster","2011-09-02","Jail Enforcement; signed 2007-05-10"
"alabamadepartmentofpublicsafety","ALABAMA","Alabama Department of Public Safety","ICE fact-sheet roster","2011-09-02","Task Force; signed 2003-09-10"
"etowahcountysheriffsoffice","ALABAMA","Etowah County Sheriff's Office","ICE fact-sheet roster","2011-09-02","Jail Enforcement; signed 2008-07-08"
"arizonadepartmentofcorrections","ARIZONA","Arizona Department of Corrections","ICE fact-sheet roster","2011-09-02","Jail Enforcement; signed 2005-09-16"
"arizonadepartmentofpublicsafety","ARIZONA","Arizona Department of Public Safety","ICE fact-sheet roster","2011-09-02","Jail Enforcement; signed 2007-04-15"
"mesapolicedepartment","ARIZONA","City of Mesa Police Department","ICE fact-sheet roster","2011-09-02","Jail Enforcement; signed 2009-11-19"
"phoenixpolicedepartment","ARIZONA","City of Phoenix Police Department","ICE fact-sheet roster","2011-09-02","Jail Enforcement; signed 2008-03-10"
"florencepolicedepartment","ARIZONA","Florence Police Department","ICE fact-sheet roster","2011-09-02","Jail Enforcement; signed 2009-10-21"
"pimacountysheriffsoffice","ARIZONA","Pima County Sheriff's Office","ICE fact-sheet roster","2011-09-02","Jail Enforcement; signed 2008-03-10"
"pinalcountysheriffsoffice","ARIZONA","Pinal County Sheriff's Office","ICE fact-sheet roster","2011-09-02","Jail Enforcement; signed 2008-03-10"
"yavapaicountysheriffsoffice","ARIZONA","Yavapai County Sheriff's Office","ICE fact-sheet roster","2011-09-02","Jail Enforcement; signed 2008-03-10"
"bentoncountysheriffsoffice","ARKANSAS","Benton County Sheriff's Office","ICE fact-sheet roster","2011-09-02","Jail Enforcement; signed 2007-09-26"
"springdalepolicedepartment","ARKANSAS","City of Springdale Police Department","ICE fact-sheet roster","2011-09-02","Task Force; signed 2007-09-26"
"rogerspolicedepartment","ARKANSAS","Rogers Police Department","ICE fact-sheet roster","2011-09-02","Task Force; signed 2007-09-25"
"washingtoncountysheriffsoffice","ARKANSAS","Washington County Sheriff's Office","ICE fact-sheet roster","2011-09-02","Jail Enforcement; signed 2007-09-26"
"losangelescountysheriffsoffice","CALIFORNIA","Los Angeles County Sheriff's Office","ICE fact-sheet roster","2011-09-02","Jail Enforcement; signed 2005-02-01"
"orangecountysheriffsoffice","CALIFORNIA","Orange County Sheriff's Office","ICE fact-sheet roster","2011-09-02","Jail Enforcement; signed 2006-11-02"
"riversidecountysheriffsoffice","CALIFORNIA","Riverside County Sheriff's Office","ICE fact-sheet roster","2011-09-02","Jail Enforcement; signed 2006-04-28"
"sanbernardinocountysheriffsoffice","CALIFORNIA","San Bernardino County Sheriff's Office","ICE fact-sheet roster","2011-09-02","Jail Enforcement; signed 2005-11-19"
"coloradodepartmentofpublicsafety","COLORADO","Colorado Department of Public Safety","ICE fact-sheet roster","2011-09-02","Task Force; signed 2007-03-29"
"elpasocountysheriffsoffice","COLORADO","El Paso County Sheriff's Office","ICE fact-sheet roster","2011-09-02","Jail Enforcement; signed 2007-05-17"
"danburypolicedepartment","CONNECTICUT","City of Danbury Police Department","ICE fact-sheet roster","2011-09-02","Task Force; signed 2009-10-15"
"delawaredepartmentofcorrections","DELAWARE**","Delaware Department of Corrections","ICE fact-sheet roster","2011-09-02","Jail Enforcement; signed 2009-10-15"
"baycountysheriffsoffice","FLORIDA","Bay County Sheriff's Office","ICE fact-sheet roster","2011-09-02","Task Force; signed 2008-06-15"
"colliercountysheriffsoffice","FLORIDA","Collier County Sheriff's Office","ICE fact-sheet roster","2011-09-02","Jail Enforcement; signed 2007-08-06"
"floridadepartmentoflawenforcement","FLORIDA","Florida Department of Law Enforcement","ICE fact-sheet roster","2011-09-02","Task Force; signed 2002-07-02"
"jacksonvillesheriffsoffice","FLORIDA","Jacksonville Sheriff's Office","ICE fact-sheet roster","2011-09-02","Jail Enforcement; signed 2008-07-08"
"cobbcountysheriffsoffice","GEORGIA","Cobb County Sheriff's Office","ICE fact-sheet roster","2011-09-02","Jail Enforcement; signed 2007-02-13"
"georgiadepartmentofpublicsafety","GEORGIA","Georgia Department of Public Safety","ICE fact-sheet roster","2011-09-02","Task Force; signed 2007-07-27"
"gwinnettcountysheriffsoffice","GEORGIA","Gwinnett County Sheriff's Office","ICE fact-sheet roster","2011-09-02","Jail Enforcement; signed 2009-10-15"
"hallcountysheriffsoffice","GEORGIA","Hall County Sheriff's Office","ICE fact-sheet roster","2011-09-02","Jail Enforcement; signed 2008-02-29"
"whitfieldcountysheriffsoffice","GEORGIA","Whitfield County Sheriff's Office","ICE fact-sheet roster","2011-09-02","Jail Enforcement; signed 2008-02-04"
"frederickcountysheriffsoffice","MARYLAND","Frederick County Sheriff's Office","ICE fact-sheet roster","2011-09-02","Jail Enforcement; signed 2008-02-06"
"massachusettsdepartmentofcorrections","MASSACHUSETTS","Massachusetts Department of Corrections","ICE fact-sheet roster","2011-09-02","Jail Enforcement; signed 2007-03-26"
"minnesotadepartmentofpublicsafety","MINNESOTA","Minnesota Department of Public Safety","ICE fact-sheet roster","2011-09-02","Task Force; signed 2008-09-22"
"missouristatehighwaypatrol","MISSOURI","Missouri State Highway Patrol","ICE fact-sheet roster","2011-09-02","Task Force; signed 2008-06-25"
"lasvegasmetropolitanpolicedepartment","NEVADA","Las Vegas Metropolitan Police Department","ICE fact-sheet roster","2011-09-02","Jail Enforcement; signed 2008-09-08"
"hudsoncountydepartmentofcorrections","NEW JERSEY","Hudson County Department of Corrections","ICE fact-sheet roster","2011-09-02","Jail Enforcement; signed 2008-08-11"
"monmouthcountysheriffsoffice","NEW JERSEY","Monmouth County Sheriff's Office","ICE fact-sheet roster","2011-09-02","Jail Enforcement; signed 2009-10-15"
"newmexicodepartmentofcorrections","NEW MEXICO","New Mexico Department of Corrections","ICE fact-sheet roster","2011-09-02","Jail Enforcement; signed 2007-09-17"
"alamancecountysheriffsoffice","NORTH CAROLINA","Alamance County Sheriff's Office","ICE fact-sheet roster","2011-09-02","Jail Enforcement; signed 2007-01-10"
"cabarruscountysheriffsoffice","NORTH CAROLINA","Cabarrus County Sheriff's Office","ICE fact-sheet roster","2011-09-02","Jail Enforcement; signed 2007-08-02"
"durhampolicedepartment","NORTH CAROLINA","City of Durham Police Department","ICE fact-sheet roster","2011-09-02","Task Force; signed 2008-02-01"
"gastoncountysheriffsoffice","NORTH CAROLINA","Gaston County Sheriff's Office","ICE fact-sheet roster","2011-09-02","Jail Enforcement; signed 2007-02-22"
"hendersoncountysheriffsoffice","NORTH CAROLINA","Henderson County Sheriff's Office","ICE fact-sheet roster","2011-09-02","Jail Enforcement; signed 2008-06-25"
"mecklenburgcountysheriffsoffice","NORTH CAROLINA","Mecklenburg County Sheriff's Office","ICE fact-sheet roster","2011-09-02","Jail Enforcement; signed 2006-02-27"
"wakecountysheriffsoffice","NORTH CAROLINA","Wake County Sheriff's Office","ICE fact-sheet roster","2011-09-02","Jail Enforcement; signed 2008-06-25"
"butlercountysheriffsoffice","OHIO","Butler County Sheriff's Office","ICE fact-sheet roster","2011-09-02","Jail Enforcement; signed 2008-02-05"
"tulsacountysheriffsoffice","OKLAHOMA","Tulsa County Sheriff's Office","ICE fact-sheet roster","2011-09-02","Jail Enforcement; signed 2007-08-06"
"beaufortcountysheriffsoffice","SOUTH CAROLINA","Beaufort County Sheriff's Office","ICE fact-sheet roster","2011-09-02","Task Force; signed 2008-06-25"
"charlestoncountysheriffsoffice","SOUTH CAROLINA","Charleston County Sheriff's Office","ICE fact-sheet roster","2011-09-02","Jail Enforcement; signed 2009-11-09"
"lexingtoncountysheriffsoffice","SOUTH CAROLINA","Lexington County Sheriff's Office","ICE fact-sheet roster","2011-09-02","Jail Enforcement; signed 2010-08-19"
"yorkcountysheriffsoffice","SOUTH CAROLINA","York County Sheriff's Office","ICE fact-sheet roster","2011-09-02","Jail Enforcement; signed 2007-10-16"
"davidsoncountysheriffsoffice","TENNESSEE","Davidson County Sheriff's Office","ICE fact-sheet roster","2011-09-02","Jail Enforcement; signed 2007-02-21"
"tennesseehighwaypatroldepartmentofsafety","TENNESSEE","Tennessee Highway Patrol / Department of Safety","ICE fact-sheet roster","2011-09-02","Task Force; signed 2008-06-25"
"carrolltonpolicedepartment","TEXAS","Carrollton Police Department","ICE fact-sheet roster","2011-09-02","Jail Enforcement; signed 2008-08-12"
"farmersbranchpolicedepartment","TEXAS","Farmers Branch Police Department","ICE fact-sheet roster","2011-09-02","Task Force; signed 2008-07-08"
"harriscountysheriffsoffice","TEXAS","Harris County Sheriff's Office","ICE fact-sheet roster","2011-09-02","Jail Enforcement; signed 2008-07-20"
"washingtoncountysheriffsoffice","UTAH","Washington County Sheriff Office","ICE fact-sheet roster","2011-09-02","Jail Enforcement; signed 2008-09-22"
"webercountysheriffsoffice","UTAH","Weber County Sheriff's Office","ICE fact-sheet roster","2011-09-02","Jail Enforcement; signed 2008-09-22"
"herndonpolicedepartment","VIRGINIA","Herndon Police Department","ICE fact-sheet roster","2011-09-02","Task Force; signed 2007-03-21"
"loudouncountysheriffsoffice","VIRGINIA","Loudoun County Sheriff's Office","ICE fact-sheet roster","2011-09-02","Task Force; signed 2008-06-25"
"manassasparkpolicedepartment","VIRGINIA","Manassas Park Police Department","ICE fact-sheet roster","2011-09-02","Task Force; signed 2008-03-10"
"manassaspolicedepartment","VIRGINIA","Manassas Police Department","ICE fact-sheet roster","2011-09-02","Task Force; signed 2008-03-05"
"princewilliamcountypolicedepartment","VIRGINIA","Prince William County Police Department","ICE fact-sheet roster","2011-09-02","Task Force; signed 2008-02-26"
"princewilliamcountysheriffsoffice","VIRGINIA","Prince William County Sheriff's Office","ICE fact-sheet roster","2011-09-02","Task Force; signed 2008-02-26"
"princewilliammanassasregionaljail","VIRGINIA","Prince William-Manassas Regional Jail","ICE fact-sheet roster","2011-09-02","Jail Enforcement; signed 2007-07-09"
"rockinghamcountysheriffsoffice","VIRGINIA","Rockingham County Sheriff's Office","ICE fact-sheet roster","2011-09-02","Jail Enforcement; signed 2007-04-25"
"shenandoahcountysheriffsoffice","VIRGINIA","Shenandoah County Sheriff's Office","ICE fact-sheet roster","2011-09-02","Jail Enforcement; signed 2007-05-10"
"alabamadepartmentofpublicsafety","ALABAMA","Alabama Department of Public Safety","ICE fact-sheet roster","2011-09-02","Task Force; signed 2003-09-10"
"etowahcountysheriffsoffice","ALABAMA","Etowah County Sheriff's Office","ICE fact-sheet roster","2011-09-02","Jail Enforcement; signed 2008-07-08"
"arizonadepartmentofcorrections","ARIZONA","Arizona Department of Corrections","ICE fact-sheet roster","2011-09-02","Jail Enforcement; signed 2005-09-16"
"arizonadepartmentofpublicsafety","ARIZONA","Arizona Department of Public Safety","ICE fact-sheet roster","2011-09-02","Jail Enforcement; signed 2007-04-15"
"mesapolicedepartment","ARIZONA","City of Mesa Police Department","ICE fact-sheet roster","2011-09-02","Jail Enforcement; signed 2009-11-19"
"phoenixpolicedepartment","ARIZONA","City of Phoenix Police Department","ICE fact-sheet roster","2011-09-02","Jail Enforcement; signed 2008-03-10"
"florencepolicedepartment","ARIZONA","Florence Police Department","ICE fact-sheet roster","2011-09-02","Jail Enforcement; signed 2009-10-21"
"pimacountysheriffsoffice","ARIZONA","Pima County Sheriff's Office","ICE fact-sheet roster","2011-09-02","Jail Enforcement; signed 2008-03-10"
"pinalcountysheriffsoffice","ARIZONA","Pinal County Sheriff's Office","ICE fact-sheet roster","2011-09-02","Jail Enforcement; signed 2008-03-10"
"yavapaicountysheriffsoffice","ARIZONA","Yavapai County Sheriff's Office","ICE fact-sheet roster","2011-09-02","Jail Enforcement; signed 2008-03-10"
"bentoncountysheriffsoffice","ARKANSAS","Benton County Sheriff's Office","ICE fact-sheet roster","2011-09-02","Jail Enforcement; signed 2007-09-26"
"springdalepolicedepartment","ARKANSAS","City of Springdale Police Department","ICE fact-sheet roster","2011-09-02","Task Force; signed 2007-09-26"
"rogerspolicedepartment","ARKANSAS","Rogers Police Department","ICE fact-sheet roster","2011-09-02","Task Force; signed 2007-09-25"
"washingtoncountysheriffsoffice","ARKANSAS","Washington County Sheriff's Office","ICE fact-sheet roster","2011-09-02","Jail Enforcement; signed 2007-09-26"
"losangelescountysheriffsoffice","CALIFORNIA","Los Angeles County Sheriff's Office","ICE fact-sheet roster","2011-09-02","Jail Enforcement; signed 2005-02-01"
"orangecountysheriffsoffice","CALIFORNIA","Orange County Sheriff's Office","ICE fact-sheet roster","2011-09-02","Jail Enforcement; signed 2006-11-02"
"riversidecountysheriffsoffice","CALIFORNIA","Riverside County Sheriff's Office","ICE fact-sheet roster","2011-09-02","Jail Enforcement; signed 2006-04-28"
"sanbernardinocountysheriffsoffice","CALIFORNIA","San Bernardino County Sheriff's Office","ICE fact-sheet roster","2011-09-02","Jail Enforcement; signed 2005-11-19"
"coloradodepartmentofpublicsafety","COLORADO","Colorado Department of Public Safety","ICE fact-sheet roster","2011-09-02","Task Force; signed 2007-03-29"
"elpasocountysheriffsoffice","COLORADO","El Paso County Sheriff's Office","ICE fact-sheet roster","2011-09-02","Jail Enforcement; signed 2007-05-17"
"danburypolicedepartment","CONNECTICUT","City of Danbury Police Department","ICE fact-sheet roster","2011-09-02","Task Force; signed 2009-10-15"
"delawaredepartmentofcorrections","DELAWARE**","Delaware Department of Corrections","ICE fact-sheet roster","2011-09-02","Jail Enforcement; signed 2009-10-15"
"baycountysheriffsoffice","FLORIDA","Bay County Sheriff's Office","ICE fact-sheet roster","2011-09-02","Task Force; signed 2008-06-15"
"colliercountysheriffsoffice","FLORIDA","Collier County Sheriff's Office","ICE fact-sheet roster","2011-09-02","Jail Enforcement; signed 2007-08-06"
"floridadepartmentoflawenforcement","FLORIDA","Florida Department of Law Enforcement","ICE fact-sheet roster","2011-09-02","Task Force; signed 2002-07-02"
"jacksonvillesheriffsoffice","FLORIDA","Jacksonville Sheriff's Office","ICE fact-sheet roster","2011-09-02","Jail Enforcement; signed 2008-07-08"
"cobbcountysheriffsoffice","GEORGIA","Cobb County Sheriff's Office","ICE fact-sheet roster","2011-09-02","Jail Enforcement; signed 2007-02-13"
"georgiadepartmentofpublicsafety","GEORGIA","Georgia Department of Public Safety","ICE fact-sheet roster","2011-09-02","Task Force; signed 2007-07-27"
"gwinnettcountysheriffsoffice","GEORGIA","Gwinnett County Sheriff's Office","ICE fact-sheet roster","2011-09-02","Jail Enforcement; signed 2009-10-15"
"hallcountysheriffsoffice","GEORGIA","Hall County Sheriff's Office","ICE fact-sheet roster","2011-09-02","Jail Enforcement; signed 2008-02-29"
"whitfieldcountysheriffsoffice","GEORGIA","Whitfield County Sheriff's Office","ICE fact-sheet roster","2011-09-02","Jail Enforcement; signed 2008-02-04"
"frederickcountysheriffsoffice","MARYLAND","Frederick County Sheriff's Office","ICE fact-sheet roster","2011-09-02","Jail Enforcement; signed 2008-02-06"
"massachusettsdepartmentofcorrections","MASSACHUSETTS","Massachusetts Department of Corrections","ICE fact-sheet roster","2011-09-02","Jail Enforcement; signed 2007-03-26"
"minnesotadepartmentofpublicsafety","MINNESOTA","Minnesota Department of Public Safety","ICE fact-sheet roster","2011-09-02","Task Force; signed 2008-09-22"
"missouristatehighwaypatrol","MISSOURI","Missouri State Highway Patrol","ICE fact-sheet roster","2011-09-02","Task Force; signed 2008-06-25"
"lasvegasmetropolitanpolicedepartment","NEVADA","Las Vegas Metropolitan Police Department","ICE fact-sheet roster","2011-09-02","Jail Enforcement; signed 2008-09-08"
"hudsoncountydepartmentofcorrections","NEW JERSEY","Hudson County Department of Corrections","ICE fact-sheet roster","2011-09-02","Jail Enforcement; signed 2008-08-11"
"monmouthcountysheriffsoffice","NEW JERSEY","Monmouth County Sheriff's Office","ICE fact-sheet roster","2011-09-02","Jail Enforcement; signed 2009-10-15"
"newmexicodepartmentofcorrections","NEW MEXICO","New Mexico Department of Corrections","ICE fact-sheet roster","2011-09-02","Jail Enforcement; signed 2007-09-17"
"alamancecountysheriffsoffice","NORTH CAROLINA","Alamance County Sheriff's Office","ICE fact-sheet roster","2011-09-02","Jail Enforcement; signed 2007-01-10"
"cabarruscountysheriffsoffice","NORTH CAROLINA","Cabarrus County Sheriff's Office","ICE fact-sheet roster","2011-09-02","Jail Enforcement; signed 2007-08-02"
"durhampolicedepartment","NORTH CAROLINA","City of Durham Police Department","ICE fact-sheet roster","2011-09-02","Task Force; signed 2008-02-01"
"gastoncountysheriffsoffice","NORTH CAROLINA","Gaston County Sheriff's Office","ICE fact-sheet roster","2011-09-02","Jail Enforcement; signed 2007-02-22"
"hendersoncountysheriffsoffice","NORTH CAROLINA","Henderson County Sheriff's Office","ICE fact-sheet roster","2011-09-02","Jail Enforcement; signed 2008-06-25"
"mecklenburgcountysheriffsoffice","NORTH CAROLINA","Mecklenburg County Sheriff's Office","ICE fact-sheet roster","2011-09-02","Jail Enforcement; signed 2006-02-27"
"wakecountysheriffsoffice","NORTH CAROLINA","Wake County Sheriff's Office","ICE fact-sheet roster","2011-09-02","Jail Enforcement; signed 2008-06-25"
"butlercountysheriffsoffice","OHIO","Butler County Sheriff's Office","ICE fact-sheet roster","2011-09-02","Jail Enforcement; signed 2008-02-05"
"tulsacountysheriffsoffice","OKLAHOMA","Tulsa County Sheriff's Office","ICE fact-sheet roster","2011-09-02","Jail Enforcement; signed 2007-08-06"
"beaufortcountysheriffsoffice","SOUTH CAROLINA","Beaufort County Sheriff's Office","ICE fact-sheet roster","2011-09-02","Task Force; signed 2008-06-25"
"charlestoncountysheriffsoffice","SOUTH CAROLINA","Charleston County Sheriff's Office","ICE fact-sheet roster","2011-09-02","Jail Enforcement; signed 2009-11-09"
"lexingtoncountysheriffsoffice","SOUTH CAROLINA","Lexington County Sheriff's Office","ICE fact-sheet roster","2011-09-02","Jail Enforcement; signed 2010-08-19"
"yorkcountysheriffsoffice","SOUTH CAROLINA","York County Sheriff's Office","ICE fact-sheet roster","2011-09-02","Jail Enforcement; signed 2007-10-16"
"davidsoncountysheriffsoffice","TENNESSEE","Davidson County Sheriff's Office","ICE fact-sheet roster","2011-09-02","Jail Enforcement; signed 2007-02-21"
"tennesseehighwaypatroldepartmentofsafety","TENNESSEE","Tennessee Highway Patrol / Department of Safety","ICE fact-sheet roster","2011-09-02","Task Force; signed 2008-06-25"
"carrolltonpolicedepartment","TEXAS","Carrollton Police Department","ICE fact-sheet roster","2011-09-02","Jail Enforcement; signed 2008-08-12"
"farmersbranchpolicedepartment","TEXAS","Farmers Branch Police Department","ICE fact-sheet roster","2011-09-02","Task Force; signed 2008-07-08"
"harriscountysheriffsoffice","TEXAS","Harris County Sheriff's Office","ICE fact-sheet roster","2011-09-02","Jail Enforcement; signed 2008-07-20"
"washingtoncountysheriffsoffice","UTAH","Washington County Sheriff Office","ICE fact-sheet roster","2011-09-02","Jail Enforcement; signed 2008-09-22"
"webercountysheriffsoffice","UTAH","Weber County Sheriff's Office","ICE fact-sheet roster","2011-09-02","Jail Enforcement; signed 2008-09-22"
"herndonpolicedepartment","VIRGINIA","Herndon Police Department","ICE fact-sheet roster","2011-09-02","Task Force; signed 2007-03-21"
"loudouncountysheriffsoffice","VIRGINIA","Loudoun County Sheriff's Office","ICE fact-sheet roster","2011-09-02","Task Force; signed 2008-06-25"
"manassasparkpolicedepartment","VIRGINIA","Manassas Park Police Department","ICE fact-sheet roster","2011-09-02","Task Force; signed 2008-03-10"
"manassaspolicedepartment","VIRGINIA","Manassas Police Department","ICE fact-sheet roster","2011-09-02","Task Force; signed 2008-03-05"
"princewilliamcountypolicedepartment","VIRGINIA","Prince William County Police Department","ICE fact-sheet roster","2011-09-02","Task Force; signed 2008-02-26"
"princewilliamcountysheriffsoffice","VIRGINIA","Prince William County Sheriff's Office","ICE fact-sheet roster","2011-09-02","Task Force; signed 2008-02-26"
"princewilliammanassasregionaljail","VIRGINIA","Prince William-Manassas Regional Jail","ICE fact-sheet roster","2011-09-02","Jail Enforcement; signed 2007-07-09"
"rockinghamcountysheriffsoffice","VIRGINIA","Rockingham County Sheriff's Office","ICE fact-sheet roster","2011-09-02","Jail Enforcement; signed 2007-04-25"
"shenandoahcountysheriffsoffice","VIRGINIA","Shenandoah County Sheriff's Office","ICE fact-sheet roster","2011-09-02","Jail Enforcement; signed 2007-05-10"
"alabamadepartmentofpublicsafety","ALABAMA","Alabama Department of Public Safety","ICE fact-sheet roster","2012-10-02","Task Force; signed 2003-09-10"
"etowahcountysheriffsoffice","ALABAMA","Etowah County Sheriff's Office","ICE fact-sheet roster","2012-10-02","Jail Enforcement; signed 2008-07-08"
"arizonadepartmentofcorrections","ARIZONA","Arizona Department of Corrections","ICE fact-sheet roster","2012-10-02","Jail Enforcement; signed 2005-09-16"
"mesapolicedepartment","ARIZONA","City of Mesa Police Department","ICE fact-sheet roster","2012-10-02","Jail Enforcement; signed 2009-11-19"
"pinalcountysheriffsoffice","ARIZONA","Pinal County Sheriff's Office","ICE fact-sheet roster","2012-10-02","Jail Enforcement; signed 2008-03-10"
"yavapaicountysheriffsoffice","ARIZONA","Yavapai County Sheriff's Office","ICE fact-sheet roster","2012-10-02","Jail Enforcement; signed 2008-03-10"
"bentoncountysheriffsoffice","ARKANSAS","Benton County Sheriff's Office","ICE fact-sheet roster","2012-10-02","Jail Enforcement; signed 2007-09-26"
"springdalepolicedepartment","ARKANSAS","City of Springdale Police Department","ICE fact-sheet roster","2012-10-02","Task Force; signed 2007-09-26"
"rogerspolicedepartment","ARKANSAS","Rogers Police Department","ICE fact-sheet roster","2012-10-02","Task Force; signed 2007-09-25"
"washingtoncountysheriffsoffice","ARKANSAS","Washington County Sheriff's Office","ICE fact-sheet roster","2012-10-02","Jail Enforcement; signed 2007-09-26"
"losangelescountysheriffsoffice","CALIFORNIA","Los Angeles County Sheriff's Office","ICE fact-sheet roster","2012-10-02","Jail Enforcement; signed 2005-02-01"
"orangecountysheriffsoffice","CALIFORNIA","Orange County Sheriff's Office","ICE fact-sheet roster","2012-10-02","Jail Enforcement; signed 2006-11-02"
"riversidecountysheriffsoffice","CALIFORNIA","Riverside County Sheriff's Office","ICE fact-sheet roster","2012-10-02","Jail Enforcement; signed 2006-04-28"
"sanbernardinocountysheriffsoffice","CALIFORNIA","San Bernardino County Sheriff's Office","ICE fact-sheet roster","2012-10-02","Jail Enforcement; signed 2005-11-19"
"coloradodepartmentofpublicsafety","COLORADO","Colorado Department of Public Safety","ICE fact-sheet roster","2012-10-02","Task Force; signed 2007-03-29"
"elpasocountysheriffsoffice","COLORADO","El Paso County Sheriff's Office","ICE fact-sheet roster","2012-10-02","Jail Enforcement; signed 2007-05-17"
"danburypolicedepartment","CONNECTICUT","City of Danbury Police Department","ICE fact-sheet roster","2012-10-02","Task Force; signed 2009-10-15"
"delawaredepartmentofcorrections","DELAWARE**","Delaware Department of Corrections","ICE fact-sheet roster","2012-10-02","Jail Enforcement; signed 2009-10-15"
"baycountysheriffsoffice","FLORIDA","Bay County Sheriff's Office","ICE fact-sheet roster","2012-10-02","Task Force; signed 2008-06-15"
"colliercountysheriffsoffice","FLORIDA","Collier County Sheriff's Office","ICE fact-sheet roster","2012-10-02","Jail Enforcement; signed 2007-08-06"
"floridadepartmentoflawenforcement","FLORIDA","Florida Department of Law Enforcement","ICE fact-sheet roster","2012-10-02","Task Force; signed 2002-07-02"
"jacksonvillesheriffsoffice","FLORIDA","Jacksonville Sheriff's Office","ICE fact-sheet roster","2012-10-02","Jail Enforcement; signed 2008-07-08"
"cobbcountysheriffsoffice","GEORGIA","Cobb County Sheriff's Office","ICE fact-sheet roster","2012-10-02","Jail Enforcement; signed 2007-02-13"
"georgiadepartmentofpublicsafety","GEORGIA","Georgia Department of Public Safety","ICE fact-sheet roster","2012-10-02","Task Force; signed 2007-07-27"
"gwinnettcountysheriffsoffice","GEORGIA","Gwinnett County Sheriff's Office","ICE fact-sheet roster","2012-10-02","Jail Enforcement; signed 2009-10-15"
"hallcountysheriffsoffice","GEORGIA","Hall County Sheriff's Office","ICE fact-sheet roster","2012-10-02","Jail Enforcement; signed 2008-02-29"
"whitfieldcountysheriffsoffice","GEORGIA","Whitfield County Sheriff's Office","ICE fact-sheet roster","2012-10-02","Jail Enforcement; signed 2008-02-04"
"frederickcountysheriffsoffice","MARYLAND","Frederick County Sheriff's Office","ICE fact-sheet roster","2012-10-02","Jail Enforcement; signed 2008-02-06"
"massachusettsdepartmentofcorrections","MASSACHUSETTS","Massachusetts Department of Corrections","ICE fact-sheet roster","2012-10-02","Jail Enforcement; signed 2007-03-26"
"minnesotadepartmentofpublicsafety","MINNESOTA","Minnesota Department of Public Safety","ICE fact-sheet roster","2012-10-02","Task Force; signed 2008-09-22"
"missouristatehighwaypatrol","MISSOURI","Missouri State Highway Patrol","ICE fact-sheet roster","2012-10-02","Task Force; signed 2008-06-25"
"lasvegasmetropolitanpolicedepartment","NEVADA","Las Vegas Metropolitan Police Department","ICE fact-sheet roster","2012-10-02","Jail Enforcement; signed 2008-09-08"
"hudsoncountydepartmentofcorrections","NEW JERSEY","Hudson County Department of Corrections","ICE fact-sheet roster","2012-10-02","Jail Enforcement; signed 2008-08-11"
"monmouthcountysheriffsoffice","NEW JERSEY","Monmouth County Sheriff's Office","ICE fact-sheet roster","2012-10-02","Jail Enforcement; signed 2009-10-15"
"newmexicodepartmentofcorrections","NEW MEXICO","New Mexico Department of Corrections","ICE fact-sheet roster","2012-10-02","Jail Enforcement; signed 2007-09-17"
"alamancecountysheriffsoffice","NORTH CAROLINA","Alamance County Sheriff's Office","ICE fact-sheet roster","2012-10-02","Jail Enforcement; signed 2007-01-10"
"cabarruscountysheriffsoffice","NORTH CAROLINA","Cabarrus County Sheriff's Office","ICE fact-sheet roster","2012-10-02","Jail Enforcement; signed 2007-08-02"
"durhampolicedepartment","NORTH CAROLINA","City of Durham Police Department","ICE fact-sheet roster","2012-10-02","Task Force; signed 2008-02-01"
"gastoncountysheriffsoffice","NORTH CAROLINA","Gaston County Sheriff's Office","ICE fact-sheet roster","2012-10-02","Jail Enforcement; signed 2007-02-22"
"hendersoncountysheriffsoffice","NORTH CAROLINA","Henderson County Sheriff's Office","ICE fact-sheet roster","2012-10-02","Jail Enforcement; signed 2008-06-25"
"mecklenburgcountysheriffsoffice","NORTH CAROLINA","Mecklenburg County Sheriff's Office","ICE fact-sheet roster","2012-10-02","Jail Enforcement; signed 2006-02-27"
"wakecountysheriffsoffice","NORTH CAROLINA","Wake County Sheriff's Office","ICE fact-sheet roster","2012-10-02","Jail Enforcement; signed 2008-06-25"
"butlercountysheriffsoffice","OHIO","Butler County Sheriff's Office","ICE fact-sheet roster","2012-10-02","Jail Enforcement; signed 2008-02-05"
"tulsacountysheriffsoffice","OKLAHOMA","Tulsa County Sheriff's Office","ICE fact-sheet roster","2012-10-02","Jail Enforcement; signed 2007-08-06"
"beaufortcountysheriffsoffice","SOUTH CAROLINA","Beaufort County Sheriff's Office","ICE fact-sheet roster","2012-10-02","Task Force; signed 2008-06-25"
"charlestoncountysheriffsoffice","SOUTH CAROLINA","Charleston County Sheriff's Office","ICE fact-sheet roster","2012-10-02","Jail Enforcement; signed 2009-11-09"
"lexingtoncountysheriffsoffice","SOUTH CAROLINA","Lexington County Sheriff's Office","ICE fact-sheet roster","2012-10-02","Jail Enforcement; signed 2010-08-19"
"yorkcountysheriffsoffice","SOUTH CAROLINA","York County Sheriff's Office","ICE fact-sheet roster","2012-10-02","Jail Enforcement; signed 2007-10-16"
"davidsoncountysheriffsoffice","TENNESSEE","Davidson County Sheriff's Office","ICE fact-sheet roster","2012-10-02","Jail Enforcement; signed 2007-02-21"
"tennesseehighwaypatroldepartmentofsafety","TENNESSEE","Tennessee Highway Patrol / Department of Safety","ICE fact-sheet roster","2012-10-02","Task Force; signed 2008-06-25"
"carrolltonpolicedepartment","TEXAS","Carrollton Police Department","ICE fact-sheet roster","2012-10-02","Jail Enforcement; signed 2008-08-12"
"farmersbranchpolicedepartment","TEXAS","Farmers Branch Police Department","ICE fact-sheet roster","2012-10-02","Task Force; signed 2008-07-08"
"harriscountysheriffsoffice","TEXAS","Harris County Sheriff's Office","ICE fact-sheet roster","2012-10-02","Jail Enforcement; signed 2008-07-20"
"washingtoncountysheriffsoffice","UTAH","Washington County Sheriff Office","ICE fact-sheet roster","2012-10-02","Jail Enforcement; signed 2008-09-22"
"webercountysheriffsoffice","UTAH","Weber County Sheriff's Office","ICE fact-sheet roster","2012-10-02","Jail Enforcement; signed 2008-09-22"
"herndonpolicedepartment","VIRGINIA","Herndon Police Department","ICE fact-sheet roster","2012-10-02","Task Force; signed 2007-03-21"
"loudouncountysheriffsoffice","VIRGINIA","Loudoun County Sheriff's Office","ICE fact-sheet roster","2012-10-02","Task Force; signed 2008-06-25"
"manassasparkpolicedepartment","VIRGINIA","Manassas Park Police Department","ICE fact-sheet roster","2012-10-02","Task Force; signed 2008-03-10"
"manassaspolicedepartment","VIRGINIA","Manassas Police Department","ICE fact-sheet roster","2012-10-02","Task Force; signed 2008-03-05"
"princewilliamcountypolicedepartment","VIRGINIA","Prince William County Police Department","ICE fact-sheet roster","2012-10-02","Task Force; signed 2008-02-26"
"princewilliamcountysheriffsoffice","VIRGINIA","Prince William County Sheriff's Office","ICE fact-sheet roster","2012-10-02","Task Force; signed 2008-02-26"
"princewilliammanassasregionaljail","VIRGINIA","Prince William-Manassas Regional Jail","ICE fact-sheet roster","2012-10-02","Jail Enforcement; signed 2007-07-09"
"rockinghamcountysheriffsoffice","VIRGINIA","Rockingham County Sheriff's Office","ICE fact-sheet roster","2012-10-02","Jail Enforcement; signed 2007-04-25"
"shenandoahcountysheriffsoffice","VIRGINIA","Shenandoah County Sheriff's Office","ICE fact-sheet roster","2012-10-02","Jail Enforcement; signed 2007-05-10"
"etowahcountysheriffsoffice","ALABAMA","Etowah County Sheriff's Office","ICE fact-sheet roster","2012-10-16","Jail Enforcement; signed 2008-07-08"
"arizonadepartmentofcorrections","ARIZONA","Arizona Department of Corrections","ICE fact-sheet roster","2012-10-16","Jail Enforcement; signed 2005-09-16"
"mesapolicedepartment","ARIZONA","City of Mesa Police Department","ICE fact-sheet roster","2012-10-16","Jail Enforcement; signed 2009-11-19"
"pinalcountysheriffsoffice","ARIZONA","Pinal County Sheriff's Office","ICE fact-sheet roster","2012-10-16","Jail Enforcement; signed 2008-03-10"
"yavapaicountysheriffsoffice","ARIZONA","Yavapai County Sheriff's Office","ICE fact-sheet roster","2012-10-16","Jail Enforcement; signed 2008-03-10"
"bentoncountysheriffsoffice","ARKANSAS","Benton County Sheriff's Office","ICE fact-sheet roster","2012-10-16","Jail Enforcement; signed 2007-09-26"
"springdalepolicedepartment","ARKANSAS","City of Springdale Police Department","ICE fact-sheet roster","2012-10-16","Task Force; signed 2007-09-26"
"rogerspolicedepartment","ARKANSAS","Rogers Police Department","ICE fact-sheet roster","2012-10-16","Task Force; signed 2007-09-25"
"washingtoncountysheriffsoffice","ARKANSAS","Washington County Sheriff's Office","ICE fact-sheet roster","2012-10-16","Jail Enforcement; signed 2007-09-26"
"losangelescountysheriffsoffice","CALIFORNIA","Los Angeles County Sheriff's Office","ICE fact-sheet roster","2012-10-16","Jail Enforcement; signed 2005-02-01"
"orangecountysheriffsoffice","CALIFORNIA","Orange County Sheriff's Office","ICE fact-sheet roster","2012-10-16","Jail Enforcement; signed 2006-11-02"
"riversidecountysheriffsoffice","CALIFORNIA","Riverside County Sheriff's Office","ICE fact-sheet roster","2012-10-16","Jail Enforcement; signed 2006-04-28"
"sanbernardinocountysheriffsoffice","CALIFORNIA","San Bernardino County Sheriff's Office","ICE fact-sheet roster","2012-10-16","Jail Enforcement; signed 2005-11-19"
"coloradodepartmentofpublicsafety","COLORADO","Colorado Department of Public Safety","ICE fact-sheet roster","2012-10-16","Task Force; signed 2007-03-29"
"elpasocountysheriffsoffice","COLORADO","El Paso County Sheriff's Office","ICE fact-sheet roster","2012-10-16","Jail Enforcement; signed 2007-05-17"
"danburypolicedepartment","CONNECTICUT","City of Danbury Police Department","ICE fact-sheet roster","2012-10-16","Task Force; signed 2009-10-15"
"baycountysheriffsoffice","FLORIDA","Bay County Sheriff's Office","ICE fact-sheet roster","2012-10-16","Task Force; signed 2008-06-15"
"colliercountysheriffsoffice","FLORIDA","Collier County Sheriff's Office","ICE fact-sheet roster","2012-10-16","Jail Enforcement; signed 2007-08-06"
"floridadepartmentoflawenforcement","FLORIDA","Florida Department of Law Enforcement","ICE fact-sheet roster","2012-10-16","Task Force; signed 2002-07-02"
"jacksonvillesheriffsoffice","FLORIDA","Jacksonville Sheriff's Office","ICE fact-sheet roster","2012-10-16","Jail Enforcement; signed 2008-07-08"
"cobbcountysheriffsoffice","GEORGIA","Cobb County Sheriff's Office","ICE fact-sheet roster","2012-10-16","Jail Enforcement; signed 2007-02-13"
"georgiadepartmentofpublicsafety","GEORGIA","Georgia Department of Public Safety","ICE fact-sheet roster","2012-10-16","Task Force; signed 2007-07-27"
"gwinnettcountysheriffsoffice","GEORGIA","Gwinnett County Sheriff's Office","ICE fact-sheet roster","2012-10-16","Jail Enforcement; signed 2009-10-15"
"hallcountysheriffsoffice","GEORGIA","Hall County Sheriff's Office","ICE fact-sheet roster","2012-10-16","Jail Enforcement; signed 2008-02-29"
"whitfieldcountysheriffsoffice","GEORGIA","Whitfield County Sheriff's Office","ICE fact-sheet roster","2012-10-16","Jail Enforcement; signed 2008-02-04"
"frederickcountysheriffsoffice","MARYLAND","Frederick County Sheriff's Office","ICE fact-sheet roster","2012-10-16","Jail Enforcement; signed 2008-02-06"
"massachusettsdepartmentofcorrections","MASSACHUSETTS","Massachusetts Department of Correction","ICE fact-sheet roster","2012-10-16","Jail Enforcement; signed 2007-03-26"
"lasvegasmetropolitanpolicedepartment","NEVADA","Las Vegas Metropolitan Police Department","ICE fact-sheet roster","2012-10-16","Jail Enforcement; signed 2008-09-08"
"hudsoncountydepartmentofcorrections","NEW JERSEY","Hudson County Department of Corrections","ICE fact-sheet roster","2012-10-16","Jail Enforcement; signed 2008-08-11"
"monmouthcountysheriffsoffice","NEW JERSEY","Monmouth County Sheriff's Office","ICE fact-sheet roster","2012-10-16","Jail Enforcement; signed 2009-10-15"
"newmexicodepartmentofcorrections","NEW MEXICO","New Mexico Department of Corrections","ICE fact-sheet roster","2012-10-16","Jail Enforcement; signed 2007-09-17"
"cabarruscountysheriffsoffice","NORTH CAROLINA","Cabarrus County Sheriff's Office","ICE fact-sheet roster","2012-10-16","Jail Enforcement; signed 2007-08-02"
"durhampolicedepartment","NORTH CAROLINA","City of Durham Police Department","ICE fact-sheet roster","2012-10-16","Task Force; signed 2008-02-01"
"gastoncountysheriffsoffice","NORTH CAROLINA","Gaston County Sheriff's Office","ICE fact-sheet roster","2012-10-16","Jail Enforcement; signed 2007-02-22"
"hendersoncountysheriffsoffice","NORTH CAROLINA","Henderson County Sheriff's Office","ICE fact-sheet roster","2012-10-16","Jail Enforcement; signed 2008-06-25"
"mecklenburgcountysheriffsoffice","NORTH CAROLINA","Mecklenburg County Sheriff's Office","ICE fact-sheet roster","2012-10-16","Jail Enforcement; signed 2006-02-27"
"wakecountysheriffsoffice","NORTH CAROLINA","Wake County Sheriff's Office","ICE fact-sheet roster","2012-10-16","Jail Enforcement; signed 2008-06-25"
"butlercountysheriffsoffice","OHIO","Butler County Sheriff's Office","ICE fact-sheet roster","2012-10-16","Jail Enforcement; signed 2008-02-05"
"tulsacountysheriffsoffice","OKLAHOMA","Tulsa County Sheriff's Office","ICE fact-sheet roster","2012-10-16","Jail Enforcement; signed 2007-08-06"
"beaufortcountysheriffsoffice","SOUTH CAROLINA","Beaufort County Sheriff's Office","ICE fact-sheet roster","2012-10-16","Task Force; signed 2008-06-25"
"charlestoncountysheriffsoffice","SOUTH CAROLINA","Charleston County Sheriff's Office","ICE fact-sheet roster","2012-10-16","Jail Enforcement; signed 2009-11-09"
"lexingtoncountysheriffsoffice","SOUTH CAROLINA","Lexington County Sheriff's Office","ICE fact-sheet roster","2012-10-16","Jail Enforcement; signed 2010-08-19"
"yorkcountysheriffsoffice","SOUTH CAROLINA","York County Sheriff's Office","ICE fact-sheet roster","2012-10-16","Jail Enforcement; signed 2007-10-16"
"tennesseehighwaypatroldepartmentofsafety","TENNESSEE","Tennessee Highway Patrol / Department of Safety","ICE fact-sheet roster","2012-10-16","Task Force; signed 2008-06-25"
"carrolltonpolicedepartment","TEXAS","Carrollton Police Department","ICE fact-sheet roster","2012-10-16","Jail Enforcement; signed 2008-08-12"
"farmersbranchpolicedepartment","TEXAS","Farmers Branch Police Department","ICE fact-sheet roster","2012-10-16","Task Force; signed 2008-07-08"
"harriscountysheriffsoffice","TEXAS","Harris County Sheriff's Office","ICE fact-sheet roster","2012-10-16","Jail Enforcement; signed 2008-07-20"
"washingtoncountysheriffsoffice","UTAH","Washington County Sheriff Office","ICE fact-sheet roster","2012-10-16","Jail Enforcement; signed 2008-09-22"
"webercountysheriffsoffice","UTAH","Weber County Sheriff's Office","ICE fact-sheet roster","2012-10-16","Jail Enforcement; signed 2008-09-22"
"herndonpolicedepartment","VIRGINIA","Herndon Police Department","ICE fact-sheet roster","2012-10-16","Task Force; signed 2007-03-21"
"loudouncountysheriffsoffice","VIRGINIA","Loudoun County Sheriff's Office","ICE fact-sheet roster","2012-10-16","Task Force; signed 2008-06-25"
"manassasparkpolicedepartment","VIRGINIA","Manassas Park Police Department","ICE fact-sheet roster","2012-10-16","Task Force; signed 2008-03-10"
"manassaspolicedepartment","VIRGINIA","Manassas Police Department","ICE fact-sheet roster","2012-10-16","Task Force; signed 2008-03-05"
"princewilliamcountypolicedepartment","VIRGINIA","Prince William County Police Department","ICE fact-sheet roster","2012-10-16","Task Force; signed 2008-02-26"
"princewilliamcountysheriffsoffice","VIRGINIA","Prince William County Sheriff's Office","ICE fact-sheet roster","2012-10-16","Task Force; signed 2008-02-26"
"princewilliammanassasregionaljail","VIRGINIA","Prince William-Manassas Regional Jail","ICE fact-sheet roster","2012-10-16","Jail Enforcement; signed 2007-07-09"
"shenandoahcountysheriffsoffice","VIRGINIA","Shenandoah County Sheriff's Office","ICE fact-sheet roster","2012-10-16","Jail Enforcement; signed 2007-05-10"
"etowahcountysheriffsoffice","ALABAMA","Etowah County Sheriff's Office","ICE fact-sheet roster","2012-12-31","Jail Enforcement; signed 2008-07-08"
"arizonadepartmentofcorrections","ARIZONA","Arizona Department of Corrections","ICE fact-sheet roster","2012-12-31","Jail Enforcement; signed 2005-09-16"
"mesapolicedepartment","ARIZONA","City of Mesa Police Department","ICE fact-sheet roster","2012-12-31","Jail Enforcement; signed 2009-11-19"
"pinalcountysheriffsoffice","ARIZONA","Pinal County Sheriff's Office","ICE fact-sheet roster","2012-12-31","Jail Enforcement; signed 2008-03-10"
"yavapaicountysheriffsoffice","ARIZONA","Yavapai County Sheriff's Office","ICE fact-sheet roster","2012-12-31","Jail Enforcement; signed 2008-03-10"
"bentoncountysheriffsoffice","ARKANSAS","Benton County Sheriff's Office","ICE fact-sheet roster","2012-12-31","Jail Enforcement; signed 2007-09-26"
"washingtoncountysheriffsoffice","ARKANSAS","Washington County Sheriff's Office","ICE fact-sheet roster","2012-12-31","Jail Enforcement; signed 2007-09-26"
"losangelescountysheriffsoffice","CALIFORNIA","Los Angeles County Sheriff's Office","ICE fact-sheet roster","2012-12-31","Jail Enforcement; signed 2005-02-01"
"orangecountysheriffsoffice","CALIFORNIA","Orange County Sheriff's Office","ICE fact-sheet roster","2012-12-31","Jail Enforcement; signed 2006-11-02"
"riversidecountysheriffsoffice","CALIFORNIA","Riverside County Sheriff's Office","ICE fact-sheet roster","2012-12-31","Jail Enforcement; signed 2006-04-28"
"sanbernardinocountysheriffsoffice","CALIFORNIA","San Bernardino County Sheriff's Office","ICE fact-sheet roster","2012-12-31","Jail Enforcement; signed 2005-11-19"
"elpasocountysheriffsoffice","COLORADO","El Paso County Sheriff's Office","ICE fact-sheet roster","2012-12-31","Jail Enforcement; signed 2007-05-17"
"colliercountysheriffsoffice","FLORIDA","Collier County Sheriff's Office","ICE fact-sheet roster","2012-12-31","Jail Enforcement; signed 2007-08-06"
"jacksonvillesheriffsoffice","FLORIDA","Jacksonville Sheriff's Office","ICE fact-sheet roster","2012-12-31","Jail Enforcement; signed 2008-07-08"
"cobbcountysheriffsoffice","GEORGIA","Cobb County Sheriff's Office","ICE fact-sheet roster","2012-12-31","Jail Enforcement; signed 2007-02-13"
"gwinnettcountysheriffsoffice","GEORGIA","Gwinnett County Sheriff's Office","ICE fact-sheet roster","2012-12-31","Jail Enforcement; signed 2009-10-15"
"hallcountysheriffsoffice","GEORGIA","Hall County Sheriff's Office","ICE fact-sheet roster","2012-12-31","Jail Enforcement; signed 2008-02-29"
"whitfieldcountysheriffsoffice","GEORGIA","Whitfield County Sheriff's Office","ICE fact-sheet roster","2012-12-31","Jail Enforcement; signed 2008-02-04"
"frederickcountysheriffsoffice","MARYLAND","Frederick County Sheriff's Office","ICE fact-sheet roster","2012-12-31","Jail Enforcement; signed 2008-02-06"
"massachusettsdepartmentofcorrections","MASSACHUSETTS","Massachusetts Department of Correction","ICE fact-sheet roster","2012-12-31","Jail Enforcement; signed 2007-03-26"
"lasvegasmetropolitanpolicedepartment","NEVADA","Las Vegas Metropolitan Police Department","ICE fact-sheet roster","2012-12-31","Jail Enforcement; signed 2008-09-08"
"hudsoncountydepartmentofcorrections","NEW JERSEY","Hudson County Department of Corrections","ICE fact-sheet roster","2012-12-31","Jail Enforcement; signed 2008-08-11"
"monmouthcountysheriffsoffice","NEW JERSEY","Monmouth County Sheriff's Office","ICE fact-sheet roster","2012-12-31","Jail Enforcement; signed 2009-10-15"
"newmexicodepartmentofcorrections","NEW MEXICO","New Mexico Department of Corrections","ICE fact-sheet roster","2012-12-31","Jail Enforcement; signed 2007-09-17"
"cabarruscountysheriffsoffice","NORTH CAROLINA","Cabarrus County Sheriff's Office","ICE fact-sheet roster","2012-12-31","Jail Enforcement; signed 2007-08-02"
"gastoncountysheriffsoffice","NORTH CAROLINA","Gaston County Sheriff's Office","ICE fact-sheet roster","2012-12-31","Jail Enforcement; signed 2007-02-22"
"hendersoncountysheriffsoffice","NORTH CAROLINA","Henderson County Sheriff's Office","ICE fact-sheet roster","2012-12-31","Jail Enforcement; signed 2008-06-25"
"mecklenburgcountysheriffsoffice","NORTH CAROLINA","Mecklenburg County Sheriff's Office","ICE fact-sheet roster","2012-12-31","Jail Enforcement; signed 2006-02-27"
"wakecountysheriffsoffice","NORTH CAROLINA","Wake County Sheriff's Office","ICE fact-sheet roster","2012-12-31","Jail Enforcement; signed 2008-06-25"
"butlercountysheriffsoffice","OHIO","Butler County Sheriff's Office","ICE fact-sheet roster","2012-12-31","Jail Enforcement; signed 2008-02-05"
"tulsacountysheriffsoffice","OKLAHOMA","Tulsa County Sheriff's Office","ICE fact-sheet roster","2012-12-31","Jail Enforcement; signed 2007-08-06"
"charlestoncountysheriffsoffice","SOUTH CAROLINA","Charleston County Sheriff's Office","ICE fact-sheet roster","2012-12-31","Jail Enforcement; signed 2009-11-09"
"lexingtoncountysheriffsoffice","SOUTH CAROLINA","Lexington County Sheriff's Office","ICE fact-sheet roster","2012-12-31","Jail Enforcement; signed 2010-08-19"
"yorkcountysheriffsoffice","SOUTH CAROLINA","York County Sheriff's Office","ICE fact-sheet roster","2012-12-31","Jail Enforcement; signed 2007-10-16"
"carrolltonpolicedepartment","TEXAS","Carrollton Police Department","ICE fact-sheet roster","2012-12-31","Jail Enforcement; signed 2008-08-12"
"harriscountysheriffsoffice","TEXAS","Harris County Sheriff's Office","ICE fact-sheet roster","2012-12-31","Jail Enforcement; signed 2008-07-20"
"webercountysheriffsoffice","UTAH","Weber County Sheriff's Office","ICE fact-sheet roster","2012-12-31","Jail Enforcement; signed 2008-09-22"
"princewilliammanassasregionaljail","VIRGINIA","Prince William-Manassas Regional Jail","ICE fact-sheet roster","2012-12-31","Jail Enforcement; signed 2007-07-09"
"shenandoahcountysheriffsoffice","VIRGINIA","Shenandoah County Sheriff's Office","ICE fact-sheet roster","2012-12-31","Jail Enforcement; signed 2007-05-10"
"etowahcountysheriffsoffice","ALABAMA","Etowah County Sheriff's Office","ICE fact-sheet roster","2012-12-31","Jail Enforcement; signed 2008-07-08"
"arizonadepartmentofcorrections","ARIZONA","Arizona Department of Corrections","ICE fact-sheet roster","2012-12-31","Jail Enforcement; signed 2005-09-16"
"mesapolicedepartment","ARIZONA","City of Mesa Police Department","ICE fact-sheet roster","2012-12-31","Jail Enforcement; signed 2009-11-19"
"pinalcountysheriffsoffice","ARIZONA","Pinal County Sheriff's Office","ICE fact-sheet roster","2012-12-31","Jail Enforcement; signed 2008-03-10"
"yavapaicountysheriffsoffice","ARIZONA","Yavapai County Sheriff's Office","ICE fact-sheet roster","2012-12-31","Jail Enforcement; signed 2008-03-10"
"bentoncountysheriffsoffice","ARKANSAS","Benton County Sheriff's Office","ICE fact-sheet roster","2012-12-31","Jail Enforcement; signed 2007-09-26"
"washingtoncountysheriffsoffice","ARKANSAS","Washington County Sheriff's Office","ICE fact-sheet roster","2012-12-31","Jail Enforcement; signed 2007-09-26"
"losangelescountysheriffsoffice","CALIFORNIA","Los Angeles County Sheriff's Office","ICE fact-sheet roster","2012-12-31","Jail Enforcement; signed 2005-02-01"
"orangecountysheriffsoffice","CALIFORNIA","Orange County Sheriff's Office","ICE fact-sheet roster","2012-12-31","Jail Enforcement; signed 2006-11-02"
"riversidecountysheriffsoffice","CALIFORNIA","Riverside County Sheriff's Office","ICE fact-sheet roster","2012-12-31","Jail Enforcement; signed 2006-04-28"
"sanbernardinocountysheriffsoffice","CALIFORNIA","San Bernardino County Sheriff's Office","ICE fact-sheet roster","2012-12-31","Jail Enforcement; signed 2005-11-19"
"elpasocountysheriffsoffice","COLORADO","El Paso County Sheriff's Office","ICE fact-sheet roster","2012-12-31","Jail Enforcement; signed 2007-05-17"
"colliercountysheriffsoffice","FLORIDA","Collier County Sheriff's Office","ICE fact-sheet roster","2012-12-31","Jail Enforcement; signed 2007-08-06"
"jacksonvillesheriffsoffice","FLORIDA","Jacksonville Sheriff's Office","ICE fact-sheet roster","2012-12-31","Jail Enforcement; signed 2008-07-08"
"cobbcountysheriffsoffice","GEORGIA","Cobb County Sheriff's Office","ICE fact-sheet roster","2012-12-31","Jail Enforcement; signed 2007-02-13"
"gwinnettcountysheriffsoffice","GEORGIA","Gwinnett County Sheriff's Office","ICE fact-sheet roster","2012-12-31","Jail Enforcement; signed 2009-10-15"
"hallcountysheriffsoffice","GEORGIA","Hall County Sheriff's Office","ICE fact-sheet roster","2012-12-31","Jail Enforcement; signed 2008-02-29"
"whitfieldcountysheriffsoffice","GEORGIA","Whitfield County Sheriff's Office","ICE fact-sheet roster","2012-12-31","Jail Enforcement; signed 2008-02-04"
"frederickcountysheriffsoffice","MARYLAND","Frederick County Sheriff's Office","ICE fact-sheet roster","2012-12-31","Jail Enforcement; signed 2008-02-06"
"massachusettsdepartmentofcorrections","MASSACHUSETTS","Massachusetts Department of Correction","ICE fact-sheet roster","2012-12-31","Jail Enforcement; signed 2007-03-26"
"lasvegasmetropolitanpolicedepartment","NEVADA","Las Vegas Metropolitan Police Department","ICE fact-sheet roster","2012-12-31","Jail Enforcement; signed 2008-09-08"
"hudsoncountydepartmentofcorrections","NEW JERSEY","Hudson County Department of Corrections","ICE fact-sheet roster","2012-12-31","Jail Enforcement; signed 2008-08-11"
"monmouthcountysheriffsoffice","NEW JERSEY","Monmouth County Sheriff's Office","ICE fact-sheet roster","2012-12-31","Jail Enforcement; signed 2009-10-15"
"newmexicodepartmentofcorrections","NEW MEXICO","New Mexico Department of Corrections","ICE fact-sheet roster","2012-12-31","Jail Enforcement; signed 2007-09-17"
"cabarruscountysheriffsoffice","NORTH CAROLINA","Cabarrus County Sheriff's Office","ICE fact-sheet roster","2012-12-31","Jail Enforcement; signed 2007-08-02"
"gastoncountysheriffsoffice","NORTH CAROLINA","Gaston County Sheriff's Office","ICE fact-sheet roster","2012-12-31","Jail Enforcement; signed 2007-02-22"
"hendersoncountysheriffsoffice","NORTH CAROLINA","Henderson County Sheriff's Office","ICE fact-sheet roster","2012-12-31","Jail Enforcement; signed 2008-06-25"
"mecklenburgcountysheriffsoffice","NORTH CAROLINA","Mecklenburg County Sheriff's Office","ICE fact-sheet roster","2012-12-31","Jail Enforcement; signed 2006-02-27"
"wakecountysheriffsoffice","NORTH CAROLINA","Wake County Sheriff's Office","ICE fact-sheet roster","2012-12-31","Jail Enforcement; signed 2008-06-25"
"butlercountysheriffsoffice","OHIO","Butler County Sheriff's Office","ICE fact-sheet roster","2012-12-31","Jail Enforcement; signed 2008-02-05"
"tulsacountysheriffsoffice","OKLAHOMA","Tulsa County Sheriff's Office","ICE fact-sheet roster","2012-12-31","Jail Enforcement; signed 2007-08-06"
"charlestoncountysheriffsoffice","SOUTH CAROLINA","Charleston County Sheriff's Office","ICE fact-sheet roster","2012-12-31","Jail Enforcement; signed 2009-11-09"
"lexingtoncountysheriffsoffice","SOUTH CAROLINA","Lexington County Sheriff's Office","ICE fact-sheet roster","2012-12-31","Jail Enforcement; signed 2010-08-19"
"yorkcountysheriffsoffice","SOUTH CAROLINA","York County Sheriff's Office","ICE fact-sheet roster","2012-12-31","Jail Enforcement; signed 2007-10-16"
"carrolltonpolicedepartment","TEXAS","Carrollton Police Department","ICE fact-sheet roster","2012-12-31","Jail Enforcement; signed 2008-08-12"
"harriscountysheriffsoffice","TEXAS","Harris County Sheriff's Office","ICE fact-sheet roster","2012-12-31","Jail Enforcement; signed 2008-07-20"
"webercountysheriffsoffice","UTAH","Weber County Sheriff's Office","ICE fact-sheet roster","2012-12-31","Jail Enforcement; signed 2008-09-22"
"princewilliammanassasregionaljail","VIRGINIA","Prince William-Manassas Regional Jail","ICE fact-sheet roster","2012-12-31","Jail Enforcement; signed 2007-07-09"
"shenandoahcountysheriffsoffice","VIRGINIA","Shenandoah County Sheriff's Office","ICE fact-sheet roster","2012-12-31","Jail Enforcement; signed 2007-05-10"
"etowahcountysheriffsoffice","ALABAMA","Etowah County Sheriff's Office","ICE fact-sheet roster","2013-08-07","Jail Enforcement; signed 2013-06-28"
"arizonadepartmentofcorrections","ARIZONA","Arizona Department of Corrections","ICE fact-sheet roster","2013-08-07","Jail Enforcement; signed 2005-09-16"
"mesapolicedepartment","ARIZONA","City of Mesa Police Department","ICE fact-sheet roster","2013-08-07","Jail Enforcement; signed 2013-06-28"
"pinalcountysheriffsoffice","ARIZONA","Pinal County Sheriff's Office","ICE fact-sheet roster","2013-08-07","Jail Enforcement; signed 2013-06-28"
"yavapaicountysheriffsoffice","ARIZONA","Yavapai County Sheriff's Office","ICE fact-sheet roster","2013-08-07","Jail Enforcement; signed 2008-03-10"
"bentoncountysheriffsoffice","ARKANSAS","Benton County Sheriff's Office","ICE fact-sheet roster","2013-08-07","Jail Enforcement; signed 2013-06-28"
"washingtoncountysheriffsoffice","ARKANSAS","Washington County Sheriff's Office","ICE fact-sheet roster","2013-08-07","Jail Enforcement; signed 2007-09-26"
"losangelescountysheriffsoffice","CALIFORNIA","Los Angeles County Sheriff's Office","ICE fact-sheet roster","2013-08-07","Jail Enforcement; signed 2005-02-01"
"orangecountysheriffsoffice","CALIFORNIA","Orange County Sheriff's Office","ICE fact-sheet roster","2013-08-07","Jail Enforcement; signed 2006-11-02"
"elpasocountysheriffsoffice","COLORADO","El Paso County Sheriff's Office","ICE fact-sheet roster","2013-08-07","Jail Enforcement; signed 2007-05-17"
"colliercountysheriffsoffice","FLORIDA","Collier County Sheriff's Office","ICE fact-sheet roster","2013-08-07","Jail Enforcement; signed 2013-06-28"
"jacksonvillesheriffsoffice","FLORIDA","Jacksonville Sheriff's Office","ICE fact-sheet roster","2013-08-07","Jail Enforcement; signed 2013-06-28"
"cobbcountysheriffsoffice","GEORGIA","Cobb County Sheriff's Office","ICE fact-sheet roster","2013-08-07","Jail Enforcement; signed 2013-06-27"
"gwinnettcountysheriffsoffice","GEORGIA","Gwinnett County Sheriff's Office","ICE fact-sheet roster","2013-08-07","Jail Enforcement; signed 2013-06-28"
"hallcountysheriffsoffice","GEORGIA","Hall County Sheriff's Office","ICE fact-sheet roster","2013-08-07","Jail Enforcement; signed 2013-06-28"
"whitfieldcountysheriffsoffice","GEORGIA","Whitfield County Sheriff's Office","ICE fact-sheet roster","2013-08-07","Jail Enforcement; signed 2013-06-27"
"frederickcountysheriffsoffice","MARYLAND","Frederick County Sheriff's Office","ICE fact-sheet roster","2013-08-07","Jail Enforcement; signed 2013-06-28"
"massachusettsdepartmentofcorrections","MASSACHUSETTS","Massachusetts Department of Correction","ICE fact-sheet roster","2013-08-07","Jail Enforcement; signed 2007-03-26"
"lasvegasmetropolitanpolicedepartment","NEVADA","Las Vegas Metropolitan Police Department","ICE fact-sheet roster","2013-08-07","Jail Enforcement; signed 2013-06-28"
"hudsoncountydepartmentofcorrections","NEW JERSEY","Hudson County Department of Corrections","ICE fact-sheet roster","2013-08-07","Jail Enforcement; signed 2013-06-28"
"monmouthcountysheriffsoffice","NEW JERSEY","Monmouth County Sheriff's Office","ICE fact-sheet roster","2013-08-07","Jail Enforcement; signed 2013-06-28"
"cabarruscountysheriffsoffice","NORTH CAROLINA","Cabarrus County Sheriff's Office","ICE fact-sheet roster","2013-08-07","Jail Enforcement; signed 2013-06-28"
"gastoncountysheriffsoffice","NORTH CAROLINA","Gaston County Sheriff's Office","ICE fact-sheet roster","2013-08-07","Jail Enforcement; signed 2013-06-28"
"hendersoncountysheriffsoffice","NORTH CAROLINA","Henderson County Sheriff's Office","ICE fact-sheet roster","2013-08-07","Jail Enforcement; signed 2013-06-28"
"mecklenburgcountysheriffsoffice","NORTH CAROLINA","Mecklenburg County Sheriff's Office","ICE fact-sheet roster","2013-08-07","Jail Enforcement; signed 2006-02-27"
"wakecountysheriffsoffice","NORTH CAROLINA","Wake County Sheriff's Office","ICE fact-sheet roster","2013-08-07","Jail Enforcement; signed 2013-06-28"
"butlercountysheriffsoffice","OHIO","Butler County Sheriff's Office","ICE fact-sheet roster","2013-08-07","Jail Enforcement; signed 2013-06-28"
"tulsacountysheriffsoffice","OKLAHOMA","Tulsa County Sheriff's Office","ICE fact-sheet roster","2013-08-07","Jail Enforcement; signed 2013-06-28"
"charlestoncountysheriffsoffice","SOUTH CAROLINA","Charleston County Sheriff's Office","ICE fact-sheet roster","2013-08-07","Jail Enforcement; signed 2013-06-28"
"lexingtoncountysheriffsoffice","SOUTH CAROLINA","Lexington County Sheriff's Office","ICE fact-sheet roster","2013-08-07","Jail Enforcement; signed 2010-08-19"
"yorkcountysheriffsoffice","SOUTH CAROLINA","York County Sheriff's Office","ICE fact-sheet roster","2013-08-07","Jail Enforcement; signed 2013-06-28"
"carrolltonpolicedepartment","TEXAS","Carrollton Police Department","ICE fact-sheet roster","2013-08-07","Jail Enforcement; signed 2013-06-28"
"harriscountysheriffsoffice","TEXAS","Harris County Sheriff's Office","ICE fact-sheet roster","2013-08-07","Jail Enforcement; signed 2008-07-20"
"webercountysheriffsoffice","UTAH","Weber County Sheriff's Office","ICE fact-sheet roster","2013-08-07","Jail Enforcement; signed 2013-06-27"
"princewilliammanassasregionaladultdetentioncenter","VIRGINIA","Prince William-Manassas Regional Adult Detention Center","ICE fact-sheet roster","2013-08-07","Jail Enforcement; signed 2013-06-28"
"shenandoahcountysheriffsoffice","VIRGINIA","Shenandoah County Sheriff's Office","ICE fact-sheet roster","2013-08-07","Jail Enforcement; signed 2013-06-28"
"etowahcountysheriffsoffice","ALABAMA","Etowah County Sheriff's Office","ICE fact-sheet roster","2013-08-07","Jail Enforcement; signed 2013-06-28"
"arizonadepartmentofcorrections","ARIZONA","Arizona Department of Corrections","ICE fact-sheet roster","2013-08-07","Jail Enforcement; signed 2005-09-16"
"mesapolicedepartment","ARIZONA","City of Mesa Police Department","ICE fact-sheet roster","2013-08-07","Jail Enforcement; signed 2013-06-28"
"pinalcountysheriffsoffice","ARIZONA","Pinal County Sheriff's Office","ICE fact-sheet roster","2013-08-07","Jail Enforcement; signed 2013-06-28"
"yavapaicountysheriffsoffice","ARIZONA","Yavapai County Sheriff's Office","ICE fact-sheet roster","2013-08-07","Jail Enforcement; signed 2008-03-10"
"bentoncountysheriffsoffice","ARKANSAS","Benton County Sheriff's Office","ICE fact-sheet roster","2013-08-07","Jail Enforcement; signed 2013-06-28"
"washingtoncountysheriffsoffice","ARKANSAS","Washington County Sheriff's Office","ICE fact-sheet roster","2013-08-07","Jail Enforcement; signed 2007-09-26"
"losangelescountysheriffsoffice","CALIFORNIA","Los Angeles County Sheriff's Office","ICE fact-sheet roster","2013-08-07","Jail Enforcement; signed 2005-02-01"
"orangecountysheriffsoffice","CALIFORNIA","Orange County Sheriff's Office","ICE fact-sheet roster","2013-08-07","Jail Enforcement; signed 2006-11-02"
"elpasocountysheriffsoffice","COLORADO","El Paso County Sheriff's Office","ICE fact-sheet roster","2013-08-07","Jail Enforcement; signed 2007-05-17"
"colliercountysheriffsoffice","FLORIDA","Collier County Sheriff's Office","ICE fact-sheet roster","2013-08-07","Jail Enforcement; signed 2013-06-28"
"jacksonvillesheriffsoffice","FLORIDA","Jacksonville Sheriff's Office","ICE fact-sheet roster","2013-08-07","Jail Enforcement; signed 2013-06-28"
"cobbcountysheriffsoffice","GEORGIA","Cobb County Sheriff's Office","ICE fact-sheet roster","2013-08-07","Jail Enforcement; signed 2013-06-27"
"gwinnettcountysheriffsoffice","GEORGIA","Gwinnett County Sheriff's Office","ICE fact-sheet roster","2013-08-07","Jail Enforcement; signed 2013-06-28"
"hallcountysheriffsoffice","GEORGIA","Hall County Sheriff's Office","ICE fact-sheet roster","2013-08-07","Jail Enforcement; signed 2013-06-28"
"whitfieldcountysheriffsoffice","GEORGIA","Whitfield County Sheriff's Office","ICE fact-sheet roster","2013-08-07","Jail Enforcement; signed 2013-06-27"
"frederickcountysheriffsoffice","MARYLAND","Frederick County Sheriff's Office","ICE fact-sheet roster","2013-08-07","Jail Enforcement; signed 2013-06-28"
"massachusettsdepartmentofcorrections","MASSACHUSETTS","Massachusetts Department of Correction","ICE fact-sheet roster","2013-08-07","Jail Enforcement; signed 2007-03-26"
"lasvegasmetropolitanpolicedepartment","NEVADA","Las Vegas Metropolitan Police Department","ICE fact-sheet roster","2013-08-07","Jail Enforcement; signed 2013-06-28"
"hudsoncountydepartmentofcorrections","NEW JERSEY","Hudson County Department of Corrections","ICE fact-sheet roster","2013-08-07","Jail Enforcement; signed 2013-06-28"
"monmouthcountysheriffsoffice","NEW JERSEY","Monmouth County Sheriff's Office","ICE fact-sheet roster","2013-08-07","Jail Enforcement; signed 2013-06-28"
"cabarruscountysheriffsoffice","NORTH CAROLINA","Cabarrus County Sheriff's Office","ICE fact-sheet roster","2013-08-07","Jail Enforcement; signed 2013-06-28"
"gastoncountysheriffsoffice","NORTH CAROLINA","Gaston County Sheriff's Office","ICE fact-sheet roster","2013-08-07","Jail Enforcement; signed 2013-06-28"
"hendersoncountysheriffsoffice","NORTH CAROLINA","Henderson County Sheriff's Office","ICE fact-sheet roster","2013-08-07","Jail Enforcement; signed 2013-06-28"
"mecklenburgcountysheriffsoffice","NORTH CAROLINA","Mecklenburg County Sheriff's Office","ICE fact-sheet roster","2013-08-07","Jail Enforcement; signed 2006-02-27"
"wakecountysheriffsoffice","NORTH CAROLINA","Wake County Sheriff's Office","ICE fact-sheet roster","2013-08-07","Jail Enforcement; signed 2013-06-28"
"butlercountysheriffsoffice","OHIO","Butler County Sheriff's Office","ICE fact-sheet roster","2013-08-07","Jail Enforcement; signed 2013-06-28"
"tulsacountysheriffsoffice","OKLAHOMA","Tulsa County Sheriff's Office","ICE fact-sheet roster","2013-08-07","Jail Enforcement; signed 2013-06-28"
"charlestoncountysheriffsoffice","SOUTH CAROLINA","Charleston County Sheriff's Office","ICE fact-sheet roster","2013-08-07","Jail Enforcement; signed 2013-06-28"
"lexingtoncountysheriffsoffice","SOUTH CAROLINA","Lexington County Sheriff's Office","ICE fact-sheet roster","2013-08-07","Jail Enforcement; signed 2010-08-19"
"yorkcountysheriffsoffice","SOUTH CAROLINA","York County Sheriff's Office","ICE fact-sheet roster","2013-08-07","Jail Enforcement; signed 2013-06-28"
"carrolltonpolicedepartment","TEXAS","Carrollton Police Department","ICE fact-sheet roster","2013-08-07","Jail Enforcement; signed 2013-06-28"
"harriscountysheriffsoffice","TEXAS","Harris County Sheriff's Office","ICE fact-sheet roster","2013-08-07","Jail Enforcement; signed 2008-07-20"
"webercountysheriffsoffice","UTAH","Weber County Sheriff's Office","ICE fact-sheet roster","2013-08-07","Jail Enforcement; signed 2013-06-27"
"princewilliammanassasregionaladultdetentioncenter","VIRGINIA","Prince William-Manassas Regional Adult Detention Center","ICE fact-sheet roster","2013-08-07","Jail Enforcement; signed 2013-06-28"
"shenandoahcountysheriffsoffice","VIRGINIA","Shenandoah County Sheriff's Office","ICE fact-sheet roster","2013-08-07","Jail Enforcement; signed 2013-06-28"
"etowahcountysheriffsoffice","ALABAMA","Etowah County Sheriff's Office","ICE fact-sheet roster","2013-08-07","Jail Enforcement; signed 2013-06-28"
"arizonadepartmentofcorrections","ARIZONA","Arizona Department of Corrections","ICE fact-sheet roster","2013-08-07","Jail Enforcement; signed 2013-09-26"
"mesapolicedepartment","ARIZONA","City of Mesa Police Department","ICE fact-sheet roster","2013-08-07","Jail Enforcement; signed 2013-06-28"
"pinalcountysheriffsoffice","ARIZONA","Pinal County Sheriff's Office","ICE fact-sheet roster","2013-08-07","Jail Enforcement; signed 2013-06-28"
"yavapaicountysheriffsoffice","ARIZONA","Yavapai County Sheriff's Office","ICE fact-sheet roster","2013-08-07","Jail Enforcement; signed 2013-08-15"
"bentoncountysheriffsoffice","ARKANSAS","Benton County Sheriff's Office","ICE fact-sheet roster","2013-08-07","Jail Enforcement; signed 2013-06-28"
"washingtoncountysheriffsoffice","ARKANSAS","Washington County Sheriff's Office","ICE fact-sheet roster","2013-08-07","Jail Enforcement; signed 2013-07-03"
"losangelescountysheriffsoffice","CALIFORNIA","Los Angeles County Sheriff's Office","ICE fact-sheet roster","2013-08-07","Jail Enforcement; signed 2005-02-01"
"orangecountysheriffsoffice","CALIFORNIA","Orange County Sheriff's Office","ICE fact-sheet roster","2013-08-07","Jail Enforcement; signed 2006-11-02"
"sanbernardinocountysheriffsofficeaddendum","CALIFORNIA","San Bernardino County Sheriff's Office Addendum","ICE fact-sheet roster","2013-08-07","Jail Enforcement; signed 2013-10-11"
"elpasocountysheriffsoffice","COLORADO","El Paso County Sheriff's Office","ICE fact-sheet roster","2013-08-07","Jail Enforcement; signed 2013-07-09"
"colliercountysheriffsoffice","FLORIDA","Collier County Sheriff's Office","ICE fact-sheet roster","2013-08-07","Jail Enforcement; signed 2013-06-28"
"jacksonvillesheriffsoffice","FLORIDA","Jacksonville Sheriff's Office","ICE fact-sheet roster","2013-08-07","Jail Enforcement; signed 2013-06-28"
"cobbcountysheriffsoffice","GEORGIA","Cobb County Sheriff's Office","ICE fact-sheet roster","2013-08-07","Jail Enforcement; signed 2013-06-27"
"gwinnettcountysheriffsoffice","GEORGIA","Gwinnett County Sheriff's Office","ICE fact-sheet roster","2013-08-07","Jail Enforcement; signed 2013-06-28"
"hallcountysheriffsoffice","GEORGIA","Hall County Sheriff's Office","ICE fact-sheet roster","2013-08-07","Jail Enforcement; signed 2013-06-28"
"whitfieldcountysheriffsoffice","GEORGIA","Whitfield County Sheriff's Office","ICE fact-sheet roster","2013-08-07","Jail Enforcement; signed 2013-06-27"
"frederickcountysheriffsoffice","MARYLAND","Frederick County Sheriff's Office","ICE fact-sheet roster","2013-08-07","Jail Enforcement; signed 2013-06-28"
"massachusettsdepartmentofcorrections","MASSACHUSETTS","Massachusetts Department of Correction","ICE fact-sheet roster","2013-08-07","Jail Enforcement; signed 2007-03-26"
"lasvegasmetropolitanpolicedepartment","NEVADA","Las Vegas Metropolitan Police Department","ICE fact-sheet roster","2013-08-07","Jail Enforcement; signed 2013-06-28"
"hudsoncountydepartmentofcorrections","NEW JERSEY","Hudson County Department of Corrections","ICE fact-sheet roster","2013-08-07","Jail Enforcement; signed 2013-06-28"
"monmouthcountysheriffsoffice","NEW JERSEY","Monmouth County Sheriff's Office","ICE fact-sheet roster","2013-08-07","Jail Enforcement; signed 2013-06-28"
"cabarruscountysheriffsoffice","NORTH CAROLINA","Cabarrus County Sheriff's Office","ICE fact-sheet roster","2013-08-07","Jail Enforcement; signed 2013-06-28"
"gastoncountysheriffsoffice","NORTH CAROLINA","Gaston County Sheriff's Office","ICE fact-sheet roster","2013-08-07","Jail Enforcement; signed 2013-06-28"
"hendersoncountysheriffsoffice","NORTH CAROLINA","Henderson County Sheriff's Office","ICE fact-sheet roster","2013-08-07","Jail Enforcement; signed 2013-06-28"
"mecklenburgcountysheriffsoffice","NORTH CAROLINA","Mecklenburg County Sheriff's Office","ICE fact-sheet roster","2013-08-07","Jail Enforcement; signed 2013-12-30"
"wakecountysheriffsoffice","NORTH CAROLINA","Wake County Sheriff's Office","ICE fact-sheet roster","2013-08-07","Jail Enforcement; signed 2013-06-28"
"butlercountysheriffsoffice","OHIO","Butler County Sheriff's Office","ICE fact-sheet roster","2013-08-07","Jail Enforcement; signed 2013-06-28"
"tulsacountysheriffsoffice","OKLAHOMA","Tulsa County Sheriff's Office","ICE fact-sheet roster","2013-08-07","Jail Enforcement; signed 2013-06-28"
"charlestoncountysheriffsoffice","SOUTH CAROLINA","Charleston County Sheriff's Office","ICE fact-sheet roster","2013-08-07","Jail Enforcement; signed 2013-06-28"
"lexingtoncountysheriffsoffice","SOUTH CAROLINA","Lexington County Sheriff's Office","ICE fact-sheet roster","2013-08-07","Jail Enforcement; signed 2013-07-30"
"yorkcountysheriffsoffice","SOUTH CAROLINA","York County Sheriff's Office","ICE fact-sheet roster","2013-08-07","Jail Enforcement; signed 2013-06-28"
"carrolltonpolicedepartment","TEXAS","Carrollton Police Department","ICE fact-sheet roster","2013-08-07","Jail Enforcement; signed 2013-06-28"
"harriscountysheriffsoffice","TEXAS","Harris County Sheriff's Office","ICE fact-sheet roster","2013-08-07","Jail Enforcement; signed 2013-11-04"
"webercountysheriffsoffice","UTAH","Weber County Sheriff's Office","ICE fact-sheet roster","2013-08-07","Jail Enforcement; signed 2013-06-27"
"princewilliammanassasregionaladultdetentioncenter","VIRGINIA","Prince William-Manassas Regional Adult Detention Center","ICE fact-sheet roster","2013-08-07","Jail Enforcement; signed 2013-06-28"
"shenandoahcountysheriffsoffice","VIRGINIA","Shenandoah County Sheriff's Office","ICE fact-sheet roster","2013-08-07","Jail Enforcement; signed 2013-06-28"
"etowahcountysheriffsoffice","ALABAMA","Etowah County Sheriff's Office","ICE fact-sheet roster","2014-08-13","Jail Enforcement; signed 2013-06-28"
"arizonadepartmentofcorrections","ARIZONA","Arizona Department of Corrections","ICE fact-sheet roster","2014-08-13","Jail Enforcement; signed 2013-09-26"
"mesapolicedepartment","ARIZONA","City of Mesa Police Department","ICE fact-sheet roster","2014-08-13","Jail Enforcement; signed 2013-06-28"
"pinalcountysheriffsoffice","ARIZONA","Pinal County Sheriff's Office","ICE fact-sheet roster","2014-08-13","Jail Enforcement; signed 2013-06-28"
"yavapaicountysheriffsoffice","ARIZONA","Yavapai County Sheriff's Office","ICE fact-sheet roster","2014-08-13","Jail Enforcement; signed 2013-08-15"
"bentoncountysheriffsoffice","ARKANSAS","Benton County Sheriff's Office","ICE fact-sheet roster","2014-08-13","Jail Enforcement; signed 2013-06-28"
"washingtoncountysheriffsoffice","ARKANSAS","Washington County Sheriff's Office","ICE fact-sheet roster","2014-08-13","Jail Enforcement; signed 2013-07-03"
"losangelescountysheriffsoffice","CALIFORNIA","Los Angeles County Sheriff's Office","ICE fact-sheet roster","2014-08-13","Jail Enforcement; signed 2010-10-12"
"orangecountysheriffsoffice","CALIFORNIA","Orange County Sheriff's Office","ICE fact-sheet roster","2014-08-13","Jail Enforcement; signed 2006-11-02"
"elpasocountysheriffsoffice","COLORADO","El Paso County Sheriff's Office","ICE fact-sheet roster","2014-08-13","Jail Enforcement; signed 2013-07-09"
"colliercountysheriffsoffice","FLORIDA","Collier County Sheriff's Office","ICE fact-sheet roster","2014-08-13","Jail Enforcement; signed 2013-06-28"
"jacksonvillesheriffsoffice","FLORIDA","Jacksonville Sheriff's Office","ICE fact-sheet roster","2014-08-13","Jail Enforcement; signed 2013-06-28"
"cobbcountysheriffsoffice","GEORGIA","Cobb County Sheriff's Office","ICE fact-sheet roster","2014-08-13","Jail Enforcement; signed 2013-06-27"
"gwinnettcountysheriffsoffice","GEORGIA","Gwinnett County Sheriff's Office","ICE fact-sheet roster","2014-08-13","Jail Enforcement; signed 2013-06-28"
"hallcountysheriffsoffice","GEORGIA","Hall County Sheriff's Office","ICE fact-sheet roster","2014-08-13","Jail Enforcement; signed 2013-06-28"
"whitfieldcountysheriffsoffice","GEORGIA","Whitfield County Sheriff's Office","ICE fact-sheet roster","2014-08-13","Jail Enforcement; signed 2013-06-27"
"frederickcountysheriffsoffice","MARYLAND","Frederick County Sheriff's Office","ICE fact-sheet roster","2014-08-13","Jail Enforcement; signed 2013-06-28"
"massachusettsdepartmentofcorrections","MASSACHUSETTS","Massachusetts Department of Correction","ICE fact-sheet roster","2014-08-13","Jail Enforcement; signed 2014-05-21"
"lasvegasmetropolitanpolicedepartment","NEVADA","Las Vegas Metropolitan Police Department","ICE fact-sheet roster","2014-08-13","Jail Enforcement; signed 2013-06-28"
"hudsoncountydepartmentofcorrections","NEW JERSEY","Hudson County Department of Corrections","ICE fact-sheet roster","2014-08-13","Jail Enforcement; signed 2013-06-28"
"monmouthcountysheriffsoffice","NEW JERSEY","Monmouth County Sheriff's Office","ICE fact-sheet roster","2014-08-13","Jail Enforcement; signed 2013-06-28"
"cabarruscountysheriffsoffice","NORTH CAROLINA","Cabarrus County Sheriff's Office","ICE fact-sheet roster","2014-08-13","Jail Enforcement; signed 2013-06-28"
"gastoncountysheriffsoffice","NORTH CAROLINA","Gaston County Sheriff's Office","ICE fact-sheet roster","2014-08-13","Jail Enforcement; signed 2013-06-28"
"hendersoncountysheriffsoffice","NORTH CAROLINA","Henderson County Sheriff's Office","ICE fact-sheet roster","2014-08-13","Jail Enforcement; signed 2013-06-28"
"mecklenburgcountysheriffsoffice","NORTH CAROLINA","Mecklenburg County Sheriff's Office","ICE fact-sheet roster","2014-08-13","Jail Enforcement; signed 2013-12-30"
"wakecountysheriffsoffice","NORTH CAROLINA","Wake County Sheriff's Office","ICE fact-sheet roster","2014-08-13","Jail Enforcement; signed 2013-06-28"
"butlercountysheriffsoffice","OHIO","Butler County Sheriff's Office","ICE fact-sheet roster","2014-08-13","Jail Enforcement; signed 2013-06-28"
"tulsacountysheriffsoffice","OKLAHOMA","Tulsa County Sheriff's Office","ICE fact-sheet roster","2014-08-13","Jail Enforcement; signed 2013-06-28"
"charlestoncountysheriffsoffice","SOUTH CAROLINA","Charleston County Sheriff's Office","ICE fact-sheet roster","2014-08-13","Jail Enforcement; signed 2013-06-28"
"lexingtoncountysheriffsoffice","SOUTH CAROLINA","Lexington County Sheriff's Office","ICE fact-sheet roster","2014-08-13","Jail Enforcement; signed 2013-07-30"
"yorkcountysheriffsoffice","SOUTH CAROLINA","York County Sheriff's Office","ICE fact-sheet roster","2014-08-13","Jail Enforcement; signed 2013-06-28"
"carrolltonpolicedepartment","TEXAS","Carrollton Police Department","ICE fact-sheet roster","2014-08-13","Jail Enforcement; signed 2013-06-28"
"harriscountysheriffsoffice","TEXAS","Harris County Sheriff's Office","ICE fact-sheet roster","2014-08-13","Jail Enforcement; signed 2013-11-04"
"webercountysheriffsoffice","UTAH","Weber County Sheriff's Office","ICE fact-sheet roster","2014-08-13","Jail Enforcement; signed 2013-06-27"
"princewilliammanassasregionaladultdetentioncenter","VIRGINIA","Prince William-Manassas Regional Adult Detention Center","ICE fact-sheet roster","2014-08-13","Jail Enforcement; signed 2013-06-28"
"etowahcountysheriffsoffice","ALABAMA","Etowah County Sheriff's Office","ICE fact-sheet roster","2015-01-06","Jail Enforcement; signed 2013-06-28"
"arizonadepartmentofcorrections","ARIZONA","Arizona Department of Corrections","ICE fact-sheet roster","2015-01-06","Jail Enforcement; signed 2013-09-26"
"mesapolicedepartment","ARIZONA","City of Mesa Police Department","ICE fact-sheet roster","2015-01-06","Jail Enforcement; signed 2013-06-28"
"pinalcountysheriffsoffice","ARIZONA","Pinal County Sheriff's Office","ICE fact-sheet roster","2015-01-06","Jail Enforcement; signed 2013-06-28"
"yavapaicountysheriffsoffice","ARIZONA","Yavapai County Sheriff's Office","ICE fact-sheet roster","2015-01-06","Jail Enforcement; signed 2013-08-15"
"bentoncountysheriffsoffice","ARKANSAS","Benton County Sheriff's Office","ICE fact-sheet roster","2015-01-06","Jail Enforcement; signed 2013-06-28"
"washingtoncountysheriffsoffice","ARKANSAS","Washington County Sheriff's Office","ICE fact-sheet roster","2015-01-06","Jail Enforcement; signed 2013-07-03"
"losangelescountysheriffsoffice","CALIFORNIA","Los Angeles County Sheriff's Office","ICE fact-sheet roster","2015-01-06","Jail Enforcement; signed 2010-10-12"
"orangecountysheriffsoffice","CALIFORNIA","Orange County Sheriff's Office","ICE fact-sheet roster","2015-01-06","Jail Enforcement; signed 2006-11-02"
"elpasocountysheriffsoffice","COLORADO","El Paso County Sheriff's Office","ICE fact-sheet roster","2015-01-06","Jail Enforcement; signed 2013-07-09"
"colliercountysheriffsoffice","FLORIDA","Collier County Sheriff's Office","ICE fact-sheet roster","2015-01-06","Jail Enforcement; signed 2013-06-28"
"jacksonvillesheriffsoffice","FLORIDA","Jacksonville Sheriff's Office","ICE fact-sheet roster","2015-01-06","Jail Enforcement; signed 2013-06-28"
"cobbcountysheriffsoffice","GEORGIA","Cobb County Sheriff's Office","ICE fact-sheet roster","2015-01-06","Jail Enforcement; signed 2013-06-27"
"gwinnettcountysheriffsoffice","GEORGIA","Gwinnett County Sheriff's Office","ICE fact-sheet roster","2015-01-06","Jail Enforcement; signed 2013-06-28"
"hallcountysheriffsoffice","GEORGIA","Hall County Sheriff's Office","ICE fact-sheet roster","2015-01-06","Jail Enforcement; signed 2013-06-28"
"whitfieldcountysheriffsoffice","GEORGIA","Whitfield County Sheriff's Office","ICE fact-sheet roster","2015-01-06","Jail Enforcement; signed 2013-06-27"
"frederickcountysheriffsoffice","MARYLAND","Frederick County Sheriff's Office","ICE fact-sheet roster","2015-01-06","Jail Enforcement; signed 2013-06-28"
"massachusettsdepartmentofcorrections","MASSACHUSETTS","Massachusetts Department of Correction","ICE fact-sheet roster","2015-01-06","Jail Enforcement; signed 2007-03-26"
"lasvegasmetropolitanpolicedepartment","NEVADA","Las Vegas Metropolitan Police Department","ICE fact-sheet roster","2015-01-06","Jail Enforcement; signed 2013-06-28"
"hudsoncountydepartmentofcorrections","NEW JERSEY","Hudson County Department of Corrections","ICE fact-sheet roster","2015-01-06","Jail Enforcement; signed 2013-06-28"
"monmouthcountysheriffsoffice","NEW JERSEY","Monmouth County Sheriff's Office","ICE fact-sheet roster","2015-01-06","Jail Enforcement; signed 2014-05-21"
"cabarruscountysheriffsoffice","NORTH CAROLINA","Cabarrus County Sheriff's Office","ICE fact-sheet roster","2015-01-06","Jail Enforcement; signed 2013-06-28"
"gastoncountysheriffsoffice","NORTH CAROLINA","Gaston County Sheriff's Office","ICE fact-sheet roster","2015-01-06","Jail Enforcement; signed 2013-06-28"
"hendersoncountysheriffsoffice","NORTH CAROLINA","Henderson County Sheriff's Office","ICE fact-sheet roster","2015-01-06","Jail Enforcement; signed 2013-06-28"
"mecklenburgcountysheriffsoffice","NORTH CAROLINA","Mecklenburg County Sheriff's Office","ICE fact-sheet roster","2015-01-06","Jail Enforcement; signed 2013-12-30"
"wakecountysheriffsoffice","NORTH CAROLINA","Wake County Sheriff's Office","ICE fact-sheet roster","2015-01-06","Jail Enforcement; signed 2013-06-28"
"butlercountysheriffsoffice","OHIO","Butler County Sheriff's Office","ICE fact-sheet roster","2015-01-06","Jail Enforcement; signed 2013-06-28"
"tulsacountysheriffsoffice","OKLAHOMA","Tulsa County Sheriff's Office","ICE fact-sheet roster","2015-01-06","Jail Enforcement; signed 2013-06-28"
"charlestoncountysheriffsoffice","SOUTH CAROLINA","Charleston County Sheriff's Office","ICE fact-sheet roster","2015-01-06","Jail Enforcement; signed 2013-06-28"
"lexingtoncountysheriffsoffice","SOUTH CAROLINA","Lexington County Sheriff's Office","ICE fact-sheet roster","2015-01-06","Jail Enforcement; signed 2013-07-30"
"yorkcountysheriffsoffice","SOUTH CAROLINA","York County Sheriff's Office","ICE fact-sheet roster","2015-01-06","Jail Enforcement; signed 2013-06-28"
"carrolltonpolicedepartment","TEXAS","Carrollton Police Department","ICE fact-sheet roster","2015-01-06","Jail Enforcement; signed 2013-06-28"
"harriscountysheriffsoffice","TEXAS","Harris County Sheriff's Office","ICE fact-sheet roster","2015-01-06","Jail Enforcement; signed 2013-11-04"
"princewilliammanassasregionaladultdetentioncenter","VIRGINIA","Prince William-Manassas Regional Adult Detention Center","ICE fact-sheet roster","2015-01-06","Jail Enforcement; signed 2013-06-28"
"etowahcountysheriffsoffice","ALABAMA","Etowah County Sheriff's Office","ICE fact-sheet roster","2015-02-13","Jail Enforcement; signed 2013-06-28"
"arizonadepartmentofcorrections","ARIZONA","Arizona Department of Corrections","ICE fact-sheet roster","2015-02-13","Jail Enforcement; signed 2013-09-26"
"mesapolicedepartment","ARIZONA","City of Mesa Police Department","ICE fact-sheet roster","2015-02-13","Jail Enforcement; signed 2013-06-28"
"pinalcountysheriffsoffice","ARIZONA","Pinal County Sheriff's Office","ICE fact-sheet roster","2015-02-13","Jail Enforcement; signed 2013-06-28"
"yavapaicountysheriffsoffice","ARIZONA","Yavapai County Sheriff's Office","ICE fact-sheet roster","2015-02-13","Jail Enforcement; signed 2013-08-15"
"bentoncountysheriffsoffice","ARKANSAS","Benton County Sheriff's Office","ICE fact-sheet roster","2015-02-13","Jail Enforcement; signed 2013-06-28"
"washingtoncountysheriffsoffice","ARKANSAS","Washington County Sheriff's Office","ICE fact-sheet roster","2015-02-13","Jail Enforcement; signed 2013-07-03"
"losangelescountysheriffsoffice","CALIFORNIA","Los Angeles County Sheriff's Office","ICE fact-sheet roster","2015-02-13","Jail Enforcement; signed 2010-10-12"
"orangecountysheriffsoffice","CALIFORNIA","Orange County Sheriff's Office","ICE fact-sheet roster","2015-02-13","Jail Enforcement; signed 2006-11-02"
"elpasocountysheriffsoffice","COLORADO","El Paso County Sheriff's Office","ICE fact-sheet roster","2015-02-13","Jail Enforcement; signed 2013-07-09"
"colliercountysheriffsoffice","FLORIDA","Collier County Sheriff's Office","ICE fact-sheet roster","2015-02-13","Jail Enforcement; signed 2013-06-28"
"jacksonvillesheriffsoffice","FLORIDA","Jacksonville Sheriff's Office","ICE fact-sheet roster","2015-02-13","Jail Enforcement; signed 2013-06-28"
"cobbcountysheriffsoffice","GEORGIA","Cobb County Sheriff's Office","ICE fact-sheet roster","2015-02-13","Jail Enforcement; signed 2013-06-27"
"gwinnettcountysheriffsoffice","GEORGIA","Gwinnett County Sheriff's Office","ICE fact-sheet roster","2015-02-13","Jail Enforcement; signed 2013-06-28"
"hallcountysheriffsoffice","GEORGIA","Hall County Sheriff's Office","ICE fact-sheet roster","2015-02-13","Jail Enforcement; signed 2013-06-28"
"whitfieldcountysheriffsoffice","GEORGIA","Whitfield County Sheriff's Office","ICE fact-sheet roster","2015-02-13","Jail Enforcement; signed 2013-06-27"
"frederickcountysheriffsoffice","MARYLAND","Frederick County Sheriff's Office","ICE fact-sheet roster","2015-02-13","Jail Enforcement; signed 2013-06-28"
"massachusettsdepartmentofcorrections","MASSACHUSETTS","Massachusetts Department of Correction","ICE fact-sheet roster","2015-02-13","Jail Enforcement; signed 2007-03-26"
"lasvegasmetropolitanpolicedepartment","NEVADA","Las Vegas Metropolitan Police Department","ICE fact-sheet roster","2015-02-13","Jail Enforcement; signed 2013-06-28"
"hudsoncountydepartmentofcorrections","NEW JERSEY","Hudson County Department of Corrections","ICE fact-sheet roster","2015-02-13","Jail Enforcement; signed 2013-06-28"
"monmouthcountysheriffsoffice","NEW JERSEY","Monmouth County Sheriff's Office","ICE fact-sheet roster","2015-02-13","Jail Enforcement; signed 2014-05-21"
"cabarruscountysheriffsoffice","NORTH CAROLINA","Cabarrus County Sheriff's Office","ICE fact-sheet roster","2015-02-13","Jail Enforcement; signed 2013-06-28"
"gastoncountysheriffsoffice","NORTH CAROLINA","Gaston County Sheriff's Office","ICE fact-sheet roster","2015-02-13","Jail Enforcement; signed 2013-06-28"
"hendersoncountysheriffsoffice","NORTH CAROLINA","Henderson County Sheriff's Office","ICE fact-sheet roster","2015-02-13","Jail Enforcement; signed 2013-06-28"
"mecklenburgcountysheriffsoffice","NORTH CAROLINA","Mecklenburg County Sheriff's Office","ICE fact-sheet roster","2015-02-13","Jail Enforcement; signed 2013-12-30"
"wakecountysheriffsoffice","NORTH CAROLINA","Wake County Sheriff's Office","ICE fact-sheet roster","2015-02-13","Jail Enforcement; signed 2013-06-28"
"butlercountysheriffsoffice","OHIO","Butler County Sheriff's Office","ICE fact-sheet roster","2015-02-13","Jail Enforcement; signed 2013-06-28"
"tulsacountysheriffsoffice","OKLAHOMA","Tulsa County Sheriff's Office","ICE fact-sheet roster","2015-02-13","Jail Enforcement; signed 2013-06-28"
"charlestoncountysheriffsoffice","SOUTH CAROLINA","Charleston County Sheriff's Office","ICE fact-sheet roster","2015-02-13","Jail Enforcement; signed 2013-06-28"
"lexingtoncountysheriffsoffice","SOUTH CAROLINA","Lexington County Sheriff's Office","ICE fact-sheet roster","2015-02-13","Jail Enforcement; signed 2013-07-30"
"yorkcountysheriffsoffice","SOUTH CAROLINA","York County Sheriff's Office","ICE fact-sheet roster","2015-02-13","Jail Enforcement; signed 2013-06-28"
"carrolltonpolicedepartment","TEXAS","Carrollton Police Department","ICE fact-sheet roster","2015-02-13","Jail Enforcement; signed 2013-06-28"
"harriscountysheriffsoffice","TEXAS","Harris County Sheriff's Office","ICE fact-sheet roster","2015-02-13","Jail Enforcement; signed 2013-11-04"
"princewilliammanassasregionaladultdetentioncenter","VIRGINIA","Prince William-Manassas Regional Adult Detention Center","ICE fact-sheet roster","2015-02-13","Jail Enforcement; signed 2013-06-28"
"etowahcountysheriffsoffice","ALABAMA","Etowah County Sheriff's Office","ICE fact-sheet roster","2015-03-31","Jail Enforcement; signed 2013-06-28"
"arizonadepartmentofcorrections","ARIZONA","Arizona Department of Corrections","ICE fact-sheet roster","2015-03-31","Jail Enforcement; signed 2013-09-26"
"mesapolicedepartment","ARIZONA","City of Mesa Police Department","ICE fact-sheet roster","2015-03-31","Jail Enforcement; signed 2013-06-28"
"pinalcountysheriffsoffice","ARIZONA","Pinal County Sheriff's Office","ICE fact-sheet roster","2015-03-31","Jail Enforcement; signed 2013-06-28"
"yavapaicountysheriffsoffice","ARIZONA","Yavapai County Sheriff's Office","ICE fact-sheet roster","2015-03-31","Jail Enforcement; signed 2013-08-15"
"bentoncountysheriffsoffice","ARKANSAS","Benton County Sheriff's Office","ICE fact-sheet roster","2015-03-31","Jail Enforcement; signed 2013-06-28"
"washingtoncountysheriffsoffice","ARKANSAS","Washington County Sheriff's Office","ICE fact-sheet roster","2015-03-31","Jail Enforcement; signed 2013-07-03"
"losangelescountysheriffsoffice","CALIFORNIA","Los Angeles County Sheriff's Office","ICE fact-sheet roster","2015-03-31","Jail Enforcement; signed 2014-10-07"
"orangecountysheriffsoffice","CALIFORNIA","Orange County Sheriff's Office","ICE fact-sheet roster","2015-03-31","Jail Enforcement; signed 2014-03-11"
"elpasocountysheriffsoffice","COLORADO","El Paso County Sheriff's Office","ICE fact-sheet roster","2015-03-31","Jail Enforcement; signed 2013-07-09"
"colliercountysheriffsoffice","FLORIDA","Collier County Sheriff's Office","ICE fact-sheet roster","2015-03-31","Jail Enforcement; signed 2013-06-28"
"jacksonvillesheriffsoffice","FLORIDA","Jacksonville Sheriff's Office","ICE fact-sheet roster","2015-03-31","Jail Enforcement; signed 2013-06-28"
"cobbcountysheriffsoffice","GEORGIA","Cobb County Sheriff's Office","ICE fact-sheet roster","2015-03-31","Jail Enforcement; signed 2013-06-27"
"gwinnettcountysheriffsoffice","GEORGIA","Gwinnett County Sheriff's Office","ICE fact-sheet roster","2015-03-31","Jail Enforcement; signed 2013-06-28"
"hallcountysheriffsoffice","GEORGIA","Hall County Sheriff's Office","ICE fact-sheet roster","2015-03-31","Jail Enforcement; signed 2013-06-28"
"whitfieldcountysheriffsoffice","GEORGIA","Whitfield County Sheriff's Office","ICE fact-sheet roster","2015-03-31","Jail Enforcement; signed 2013-06-27"
"frederickcountysheriffsoffice","MARYLAND","Frederick County Sheriff's Office","ICE fact-sheet roster","2015-03-31","Jail Enforcement; signed 2013-06-28"
"massachusettsdepartmentofcorrections","MASSACHUSETTS","Massachusetts Department of Corrections","ICE fact-sheet roster","2015-03-31","Jail Enforcement; signed 2014-04-22"
"lasvegasmetropolitanpolicedepartment","NEVADA","Las Vegas Metropolitan Police Department","ICE fact-sheet roster","2015-03-31","Jail Enforcement; signed 2013-06-28"
"hudsoncountydepartmentofcorrections","NEW JERSEY","Hudson County Department of Corrections","ICE fact-sheet roster","2015-03-31","Jail Enforcement; signed 2013-06-28"
"monmouthcountysheriffsoffice","NEW JERSEY","Monmouth County Sheriff's Office","ICE fact-sheet roster","2015-03-31","Jail Enforcement; signed 2014-05-21"
"cabarruscountysheriffsoffice","NORTH CAROLINA","Cabarrus County Sheriff's Office","ICE fact-sheet roster","2015-03-31","Jail Enforcement; signed 2013-06-28"
"gastoncountysheriffsoffice","NORTH CAROLINA","Gaston County Sheriff's Office","ICE fact-sheet roster","2015-03-31","Jail Enforcement; signed 2013-06-28"
"hendersoncountysheriffsoffice","NORTH CAROLINA","Henderson County Sheriff's Office","ICE fact-sheet roster","2015-03-31","Jail Enforcement; signed 2013-06-28"
"mecklenburgcountysheriffsoffice","NORTH CAROLINA","Mecklenburg County Sheriff's Office","ICE fact-sheet roster","2015-03-31","Jail Enforcement; signed 2013-12-30"
"wakecountysheriffsoffice","NORTH CAROLINA","Wake County Sheriff's Office","ICE fact-sheet roster","2015-03-31","Jail Enforcement; signed 2013-06-28"
"butlercountysheriffsoffice","OHIO","Butler County Sheriff's Office","ICE fact-sheet roster","2015-03-31","Jail Enforcement; signed 2013-06-28"
"tulsacountysheriffsoffice","OKLAHOMA","Tulsa County Sheriff's Office","ICE fact-sheet roster","2015-03-31","Jail Enforcement; signed 2013-06-28"
"charlestoncountysheriffsoffice","SOUTH CAROLINA","Charleston County Sheriff's Office","ICE fact-sheet roster","2015-03-31","Jail Enforcement; signed 2013-06-28"
"lexingtoncountysheriffsoffice","SOUTH CAROLINA","Lexington County Sheriff's Office","ICE fact-sheet roster","2015-03-31","Jail Enforcement; signed 2013-07-30"
"yorkcountysheriffsoffice","SOUTH CAROLINA","York County Sheriff's Office","ICE fact-sheet roster","2015-03-31","Jail Enforcement; signed 2013-06-28"
"carrolltonpolicedepartment","TEXAS","Carrollton Police Department","ICE fact-sheet roster","2015-03-31","Jail Enforcement; signed 2013-06-28"
"harriscountysheriffsoffice","TEXAS","Harris County Sheriff's Office","ICE fact-sheet roster","2015-03-31","Jail Enforcement; signed 2013-11-04"
"princewilliammanassasregionaladultdetentioncenter","VIRGINIA","Prince William-Manassas Regional Adult Detention Center","ICE fact-sheet roster","2015-03-31","Jail Enforcement; signed 2013-06-28"
"etowahcountysheriffsoffice","ALABAMA","Etowah County Sheriff's Office","ICE fact-sheet roster","2015-07-25","Jail Enforcement; signed 2013-06-28"
"arizonadepartmentofcorrections","ARIZONA","Arizona Department of Corrections","ICE fact-sheet roster","2015-07-25","Jail Enforcement; signed 2013-09-26"
"mesapolicedepartment","ARIZONA","City of Mesa Police Department","ICE fact-sheet roster","2015-07-25","Jail Enforcement; signed 2013-06-28"
"pinalcountysheriffsoffice","ARIZONA","Pinal County Sheriff's Office","ICE fact-sheet roster","2015-07-25","Jail Enforcement; signed 2013-06-28"
"yavapaicountysheriffsoffice","ARIZONA","Yavapai County Sheriff's Office","ICE fact-sheet roster","2015-07-25","Jail Enforcement; signed 2013-08-15"
"bentoncountysheriffsoffice","ARKANSAS","Benton County Sheriff's Office","ICE fact-sheet roster","2015-07-25","Jail Enforcement; signed 2013-06-28"
"washingtoncountysheriffsoffice","ARKANSAS","Washington County Sheriff's Office","ICE fact-sheet roster","2015-07-25","Jail Enforcement; signed 2013-07-03"
"orangecountysheriffsoffice","CALIFORNIA","Orange County Sheriff's Office","ICE fact-sheet roster","2015-07-25","Jail Enforcement; signed 2014-03-11"
"colliercountysheriffsoffice","FLORIDA","Collier County Sheriff's Office","ICE fact-sheet roster","2015-07-25","Jail Enforcement; signed 2013-06-28"
"jacksonvillesheriffsoffice","FLORIDA","Jacksonville Sheriff's Office","ICE fact-sheet roster","2015-07-25","Jail Enforcement; signed 2013-06-28"
"cobbcountysheriffsoffice","GEORGIA","Cobb County Sheriff's Office","ICE fact-sheet roster","2015-07-25","Jail Enforcement; signed 2013-06-27"
"gwinnettcountysheriffsoffice","GEORGIA","Gwinnett County Sheriff's Office","ICE fact-sheet roster","2015-07-25","Jail Enforcement; signed 2013-06-28"
"hallcountysheriffsoffice","GEORGIA","Hall County Sheriff's Office","ICE fact-sheet roster","2015-07-25","Jail Enforcement; signed 2013-06-28"
"whitfieldcountysheriffsoffice","GEORGIA","Whitfield County Sheriff's Office","ICE fact-sheet roster","2015-07-25","Jail Enforcement; signed 2013-06-27"
"frederickcountysheriffsoffice","MARYLAND","Frederick County Sheriff's Office","ICE fact-sheet roster","2015-07-25","Jail Enforcement; signed 2013-06-28"
"massachusettsdepartmentofcorrections","MASSACHUSETTS","Massachusetts Department of Corrections","ICE fact-sheet roster","2015-07-25","Jail Enforcement; signed 2014-04-22"
"lasvegasmetropolitanpolicedepartment","NEVADA","Las Vegas Metropolitan Police Department","ICE fact-sheet roster","2015-07-25","Jail Enforcement; signed 2013-06-28"
"hudsoncountydepartmentofcorrections","NEW JERSEY","Hudson County Department of Corrections","ICE fact-sheet roster","2015-07-25","Jail Enforcement; signed 2013-06-28"
"monmouthcountysheriffsoffice","NEW JERSEY","Monmouth County Sheriff's Office","ICE fact-sheet roster","2015-07-25","Jail Enforcement; signed 2014-05-21"
"cabarruscountysheriffsoffice","NORTH CAROLINA","Cabarrus County Sheriff's Office","ICE fact-sheet roster","2015-07-25","Jail Enforcement; signed 2013-06-28"
"gastoncountysheriffsoffice","NORTH CAROLINA","Gaston County Sheriff's Office","ICE fact-sheet roster","2015-07-25","Jail Enforcement; signed 2013-06-28"
"hendersoncountysheriffsoffice","NORTH CAROLINA","Henderson County Sheriff's Office","ICE fact-sheet roster","2015-07-25","Jail Enforcement; signed 2013-06-28"
"mecklenburgcountysheriffsoffice","NORTH CAROLINA","Mecklenburg County Sheriff's Office","ICE fact-sheet roster","2015-07-25","Jail Enforcement; signed 2013-12-30"
"wakecountysheriffsoffice","NORTH CAROLINA","Wake County Sheriff's Office","ICE fact-sheet roster","2015-07-25","Jail Enforcement; signed 2013-06-28"
"butlercountysheriffsoffice","OHIO","Butler County Sheriff's Office","ICE fact-sheet roster","2015-07-25","Jail Enforcement; signed 2013-06-28"
"tulsacountysheriffsoffice","OKLAHOMA","Tulsa County Sheriff's Office","ICE fact-sheet roster","2015-07-25","Jail Enforcement; signed 2013-06-28"
"charlestoncountysheriffsoffice","SOUTH CAROLINA","Charleston County Sheriff's Office","ICE fact-sheet roster","2015-07-25","Jail Enforcement; signed 2013-06-28"
"lexingtoncountysheriffsoffice","SOUTH CAROLINA","Lexington County Sheriff's Office","ICE fact-sheet roster","2015-07-25","Jail Enforcement; signed 2013-07-30"
"yorkcountysheriffsoffice","SOUTH CAROLINA","York County Sheriff's Office","ICE fact-sheet roster","2015-07-25","Jail Enforcement; signed 2013-06-28"
"carrolltonpolicedepartment","TEXAS","Carrollton Police Department","ICE fact-sheet roster","2015-07-25","Jail Enforcement; signed 2013-06-28"
"harriscountysheriffsoffice","TEXAS","Harris County Sheriff's Office","ICE fact-sheet roster","2015-07-25","Jail Enforcement; signed 2013-11-04"
"princewilliammanassasregionaladultdetentioncenter","VIRGINIA","Prince William-Manassas Regional Adult Detention Center","ICE fact-sheet roster","2015-07-25","Jail Enforcement; signed 2013-06-28"
"etowahcountysheriffsoffice","ALABAMA","Etowah County Sheriff's Office","ICE fact-sheet roster","2015-10-09","Jail Enforcement; signed 2013-06-28"
"arizonadepartmentofcorrections","ARIZONA","Arizona Department of Corrections","ICE fact-sheet roster","2015-10-09","Jail Enforcement; signed 2013-09-26"
"mesapolicedepartment","ARIZONA","City of Mesa Police Department","ICE fact-sheet roster","2015-10-09","Jail Enforcement; signed 2013-06-28"
"pinalcountysheriffsoffice","ARIZONA","Pinal County Sheriff's Office","ICE fact-sheet roster","2015-10-09","Jail Enforcement; signed 2013-06-28"
"yavapaicountysheriffsoffice","ARIZONA","Yavapai County Sheriff's Office","ICE fact-sheet roster","2015-10-09","Jail Enforcement; signed 2013-08-15"
"bentoncountysheriffsoffice","ARKANSAS","Benton County Sheriff's Office","ICE fact-sheet roster","2015-10-09","Jail Enforcement; signed 2013-06-28"
"washingtoncountysheriffsoffice","ARKANSAS","Washington County Sheriff's Office","ICE fact-sheet roster","2015-10-09","Jail Enforcement; signed 2013-07-03"
"orangecountysheriffsoffice","CALIFORNIA","Orange County Sheriff's Office","ICE fact-sheet roster","2015-10-09","Jail Enforcement; signed 2014-03-11"
"colliercountysheriffsoffice","FLORIDA","Collier County Sheriff's Office","ICE fact-sheet roster","2015-10-09","Jail Enforcement; signed 2013-06-28"
"jacksonvillesheriffsoffice","FLORIDA","Jacksonville Sheriff's Office","ICE fact-sheet roster","2015-10-09","Jail Enforcement; signed 2013-06-28"
"cobbcountysheriffsoffice","GEORGIA","Cobb County Sheriff's Office","ICE fact-sheet roster","2015-10-09","Jail Enforcement; signed 2013-06-27"
"gwinnettcountysheriffsoffice","GEORGIA","Gwinnett County Sheriff's Office","ICE fact-sheet roster","2015-10-09","Jail Enforcement; signed 2013-06-28"
"hallcountysheriffsoffice","GEORGIA","Hall County Sheriff's Office","ICE fact-sheet roster","2015-10-09","Jail Enforcement; signed 2013-06-28"
"whitfieldcountysheriffsoffice","GEORGIA","Whitfield County Sheriff's Office","ICE fact-sheet roster","2015-10-09","Jail Enforcement; signed 2013-06-27"
"frederickcountysheriffsoffice","MARYLAND","Frederick County Sheriff's Office","ICE fact-sheet roster","2015-10-09","Jail Enforcement; signed 2013-06-28"
"massachusettsdepartmentofcorrections","MASSACHUSETTS","Massachusetts Department of Corrections","ICE fact-sheet roster","2015-10-09","Jail Enforcement; signed 2014-04-22"
"lasvegasmetropolitanpolicedepartment","NEVADA","Las Vegas Metropolitan Police Department","ICE fact-sheet roster","2015-10-09","Jail Enforcement; signed 2013-06-28"
"hudsoncountydepartmentofcorrections","NEW JERSEY","Hudson County Department of Corrections","ICE fact-sheet roster","2015-10-09","Jail Enforcement; signed 2013-06-28"
"monmouthcountysheriffsoffice","NEW JERSEY","Monmouth County Sheriff's Office","ICE fact-sheet roster","2015-10-09","Jail Enforcement; signed 2014-05-21"
"cabarruscountysheriffsoffice","NORTH CAROLINA","Cabarrus County Sheriff's Office","ICE fact-sheet roster","2015-10-09","Jail Enforcement; signed 2013-06-28"
"gastoncountysheriffsoffice","NORTH CAROLINA","Gaston County Sheriff's Office","ICE fact-sheet roster","2015-10-09","Jail Enforcement; signed 2013-06-28"
"hendersoncountysheriffsoffice","NORTH CAROLINA","Henderson County Sheriff's Office","ICE fact-sheet roster","2015-10-09","Jail Enforcement; signed 2013-06-28"
"mecklenburgcountysheriffsoffice","NORTH CAROLINA","Mecklenburg County Sheriff's Office","ICE fact-sheet roster","2015-10-09","Jail Enforcement; signed 2013-12-30"
"wakecountysheriffsoffice","NORTH CAROLINA","Wake County Sheriff's Office","ICE fact-sheet roster","2015-10-09","Jail Enforcement; signed 2013-06-28"
"butlercountysheriffsoffice","OHIO","Butler County Sheriff's Office","ICE fact-sheet roster","2015-10-09","Jail Enforcement; signed 2013-06-28"
"tulsacountysheriffsoffice","OKLAHOMA","Tulsa County Sheriff's Office","ICE fact-sheet roster","2015-10-09","Jail Enforcement; signed 2013-06-28"
"charlestoncountysheriffsoffice","SOUTH CAROLINA","Charleston County Sheriff's Office","ICE fact-sheet roster","2015-10-09","Jail Enforcement; signed 2013-06-28"
"lexingtoncountysheriffsoffice","SOUTH CAROLINA","Lexington County Sheriff's Office","ICE fact-sheet roster","2015-10-09","Jail Enforcement; signed 2013-07-30"
"yorkcountysheriffsoffice","SOUTH CAROLINA","York County Sheriff's Office","ICE fact-sheet roster","2015-10-09","Jail Enforcement; signed 2013-06-28"
"carrolltonpolicedepartment","TEXAS","Carrollton Police Department","ICE fact-sheet roster","2015-10-09","Jail Enforcement; signed 2013-06-28"
"harriscountysheriffsoffice","TEXAS","Harris County Sheriff's Office","ICE fact-sheet roster","2015-10-09","Jail Enforcement; signed 2013-11-04"
"princewilliammanassasregionaladultdetentioncenter","VIRGINIA","Prince William-Manassas Regional Adult Detention Center","ICE fact-sheet roster","2015-10-09","Jail Enforcement; signed 2013-06-28"
"etowahcountysheriffsoffice","ALABAMA","Etowah County Sheriff's Office","ICE fact-sheet roster","2015-12-29","Jail Enforcement; signed 2013-06-28"
"arizonadepartmentofcorrections","ARIZONA","Arizona Department of Corrections","ICE fact-sheet roster","2015-12-29","Jail Enforcement; signed 2013-09-26"
"mesapolicedepartment","ARIZONA","City of Mesa Police Department","ICE fact-sheet roster","2015-12-29","Jail Enforcement; signed 2013-06-28"
"pinalcountysheriffsoffice","ARIZONA","Pinal County Sheriff's Office","ICE fact-sheet roster","2015-12-29","Jail Enforcement; signed 2013-06-28"
"yavapaicountysheriffsoffice","ARIZONA","Yavapai County Sheriff's Office","ICE fact-sheet roster","2015-12-29","Jail Enforcement; signed 2013-08-15"
"bentoncountysheriffsoffice","ARKANSAS","Benton County Sheriff's Office","ICE fact-sheet roster","2015-12-29","Jail Enforcement; signed 2013-06-28"
"washingtoncountysheriffsoffice","ARKANSAS","Washington County Sheriff's Office","ICE fact-sheet roster","2015-12-29","Jail Enforcement; signed 2013-07-03"
"orangecountysheriffsoffice","CALIFORNIA","Orange County Sheriff's Office","ICE fact-sheet roster","2015-12-29","Jail Enforcement; signed 2014-03-11"
"colliercountysheriffsoffice","FLORIDA","Collier County Sheriff's Office","ICE fact-sheet roster","2015-12-29","Jail Enforcement; signed 2013-06-28"
"jacksonvillesheriffsoffice","FLORIDA","Jacksonville Sheriff's Office","ICE fact-sheet roster","2015-12-29","Jail Enforcement; signed 2013-06-28"
"cobbcountysheriffsoffice","GEORGIA","Cobb County Sheriff's Office","ICE fact-sheet roster","2015-12-29","Jail Enforcement; signed 2013-06-27"
"gwinnettcountysheriffsoffice","GEORGIA","Gwinnett County Sheriff's Office","ICE fact-sheet roster","2015-12-29","Jail Enforcement; signed 2013-06-28"
"hallcountysheriffsoffice","GEORGIA","Hall County Sheriff's Office","ICE fact-sheet roster","2015-12-29","Jail Enforcement; signed 2013-06-28"
"whitfieldcountysheriffsoffice","GEORGIA","Whitfield County Sheriff's Office","ICE fact-sheet roster","2015-12-29","Jail Enforcement; signed 2013-06-27"
"frederickcountysheriffsoffice","MARYLAND","Frederick County Sheriff's Office","ICE fact-sheet roster","2015-12-29","Jail Enforcement; signed 2013-06-28"
"massachusettsdepartmentofcorrections","MASSACHUSETTS","Massachusetts Department of Corrections","ICE fact-sheet roster","2015-12-29","Jail Enforcement; signed 2014-04-22"
"lasvegasmetropolitanpolicedepartment","NEVADA","Las Vegas Metropolitan Police Department","ICE fact-sheet roster","2015-12-29","Jail Enforcement; signed 2013-06-28"
"hudsoncountydepartmentofcorrections","NEW JERSEY","Hudson County Department of Corrections","ICE fact-sheet roster","2015-12-29","Jail Enforcement; signed 2013-06-28"
"monmouthcountysheriffsoffice","NEW JERSEY","Monmouth County Sheriff's Office","ICE fact-sheet roster","2015-12-29","Jail Enforcement; signed 2014-05-21"
"cabarruscountysheriffsoffice","NORTH CAROLINA","Cabarrus County Sheriff's Office","ICE fact-sheet roster","2015-12-29","Jail Enforcement; signed 2013-06-28"
"gastoncountysheriffsoffice","NORTH CAROLINA","Gaston County Sheriff's Office","ICE fact-sheet roster","2015-12-29","Jail Enforcement; signed 2013-06-28"
"hendersoncountysheriffsoffice","NORTH CAROLINA","Henderson County Sheriff's Office","ICE fact-sheet roster","2015-12-29","Jail Enforcement; signed 2013-06-28"
"mecklenburgcountysheriffsoffice","NORTH CAROLINA","Mecklenburg County Sheriff's Office","ICE fact-sheet roster","2015-12-29","Jail Enforcement; signed 2013-12-30"
"wakecountysheriffsoffice","NORTH CAROLINA","Wake County Sheriff's Office","ICE fact-sheet roster","2015-12-29","Jail Enforcement; signed 2013-06-28"
"butlercountysheriffsoffice","OHIO","Butler County Sheriff's Office","ICE fact-sheet roster","2015-12-29","Jail Enforcement; signed 2013-06-28"
"tulsacountysheriffsoffice","OKLAHOMA","Tulsa County Sheriff's Office","ICE fact-sheet roster","2015-12-29","Jail Enforcement; signed 2013-06-28"
"charlestoncountysheriffsoffice","SOUTH CAROLINA","Charleston County Sheriff's Office","ICE fact-sheet roster","2015-12-29","Jail Enforcement; signed 2013-06-28"
"lexingtoncountysheriffsoffice","SOUTH CAROLINA","Lexington County Sheriff's Office","ICE fact-sheet roster","2015-12-29","Jail Enforcement; signed 2013-07-30"
"yorkcountysheriffsoffice","SOUTH CAROLINA","York County Sheriff's Office","ICE fact-sheet roster","2015-12-29","Jail Enforcement; signed 2013-06-28"
"carrolltonpolicedepartment","TEXAS","Carrollton Police Department","ICE fact-sheet roster","2015-12-29","Jail Enforcement; signed 2013-06-28"
"harriscountysheriffsoffice","TEXAS","Harris County Sheriff's Office","ICE fact-sheet roster","2015-12-29","Jail Enforcement; signed 2013-11-04"
"princewilliammanassasregionaladultdetentioncenter","VIRGINIA","Prince William-Manassas Regional Adult Detention Center","ICE fact-sheet roster","2015-12-29","Jail Enforcement; signed 2013-06-28"
"etowahcountysheriffsoffice","ALABAMA","Etowah County Sheriff's Office","ICE fact-sheet roster","2016-01-19","Jail Enforcement; signed 2013-06-28"
"arizonadepartmentofcorrections","ARIZONA","Arizona Department of Corrections","ICE fact-sheet roster","2016-01-19","Jail Enforcement; signed 2013-09-26"
"mesapolicedepartment","ARIZONA","City of Mesa Police Department","ICE fact-sheet roster","2016-01-19","Jail Enforcement; signed 2013-06-28"
"pinalcountysheriffsoffice","ARIZONA","Pinal County Sheriff's Office","ICE fact-sheet roster","2016-01-19","Jail Enforcement; signed 2013-06-28"
"yavapaicountysheriffsoffice","ARIZONA","Yavapai County Sheriff's Office","ICE fact-sheet roster","2016-01-19","Jail Enforcement; signed 2013-08-15"
"bentoncountysheriffsoffice","ARKANSAS","Benton County Sheriff's Office","ICE fact-sheet roster","2016-01-19","Jail Enforcement; signed 2013-06-28"
"washingtoncountysheriffsoffice","ARKANSAS","Washington County Sheriff's Office","ICE fact-sheet roster","2016-01-19","Jail Enforcement; signed 2013-07-03"
"orangecountysheriffsoffice","CALIFORNIA","Orange County Sheriff's Office","ICE fact-sheet roster","2016-01-19","Jail Enforcement; signed 2014-03-11"
"colliercountysheriffsoffice","FLORIDA","Collier County Sheriff's Office","ICE fact-sheet roster","2016-01-19","Jail Enforcement; signed 2013-06-28"
"jacksonvillesheriffsoffice","FLORIDA","Jacksonville Sheriff's Office","ICE fact-sheet roster","2016-01-19","Jail Enforcement; signed 2013-06-28"
"cobbcountysheriffsoffice","GEORGIA","Cobb County Sheriff's Office","ICE fact-sheet roster","2016-01-19","Jail Enforcement; signed 2013-06-27"
"gwinnettcountysheriffsoffice","GEORGIA","Gwinnett County Sheriff's Office","ICE fact-sheet roster","2016-01-19","Jail Enforcement; signed 2013-06-28"
"hallcountysheriffsoffice","GEORGIA","Hall County Sheriff's Office","ICE fact-sheet roster","2016-01-19","Jail Enforcement; signed 2013-06-28"
"whitfieldcountysheriffsoffice","GEORGIA","Whitfield County Sheriff's Office","ICE fact-sheet roster","2016-01-19","Jail Enforcement; signed 2013-06-27"
"frederickcountysheriffsoffice","MARYLAND","Frederick County Sheriff's Office","ICE fact-sheet roster","2016-01-19","Jail Enforcement; signed 2013-06-28"
"massachusettsdepartmentofcorrections","MASSACHUSETTS","Massachusetts Department of Corrections","ICE fact-sheet roster","2016-01-19","Jail Enforcement; signed 2014-04-22"
"lasvegasmetropolitanpolicedepartment","NEVADA","Las Vegas Metropolitan Police Department","ICE fact-sheet roster","2016-01-19","Jail Enforcement; signed 2013-06-28"
"hudsoncountydepartmentofcorrections","NEW JERSEY","Hudson County Department of Corrections","ICE fact-sheet roster","2016-01-19","Jail Enforcement; signed 2013-06-28"
"monmouthcountysheriffsoffice","NEW JERSEY","Monmouth County Sheriff's Office","ICE fact-sheet roster","2016-01-19","Jail Enforcement; signed 2014-05-21"
"cabarruscountysheriffsoffice","NORTH CAROLINA","Cabarrus County Sheriff's Office","ICE fact-sheet roster","2016-01-19","Jail Enforcement; signed 2013-06-28"
"gastoncountysheriffsoffice","NORTH CAROLINA","Gaston County Sheriff's Office","ICE fact-sheet roster","2016-01-19","Jail Enforcement; signed 2013-06-28"
"hendersoncountysheriffsoffice","NORTH CAROLINA","Henderson County Sheriff's Office","ICE fact-sheet roster","2016-01-19","Jail Enforcement; signed 2013-06-28"
"mecklenburgcountysheriffsoffice","NORTH CAROLINA","Mecklenburg County Sheriff's Office","ICE fact-sheet roster","2016-01-19","Jail Enforcement; signed 2013-12-30"
"wakecountysheriffsoffice","NORTH CAROLINA","Wake County Sheriff's Office","ICE fact-sheet roster","2016-01-19","Jail Enforcement; signed 2013-06-28"
"butlercountysheriffsoffice","OHIO","Butler County Sheriff's Office","ICE fact-sheet roster","2016-01-19","Jail Enforcement; signed 2013-06-28"
"tulsacountysheriffsoffice","OKLAHOMA","Tulsa County Sheriff's Office","ICE fact-sheet roster","2016-01-19","Jail Enforcement; signed 2013-06-28"
"charlestoncountysheriffsoffice","SOUTH CAROLINA","Charleston County Sheriff's Office","ICE fact-sheet roster","2016-01-19","Jail Enforcement; signed 2013-06-28"
"lexingtoncountysheriffsoffice","SOUTH CAROLINA","Lexington County Sheriff's Office","ICE fact-sheet roster","2016-01-19","Jail Enforcement; signed 2013-07-30"
"yorkcountysheriffsoffice","SOUTH CAROLINA","York County Sheriff's Office","ICE fact-sheet roster","2016-01-19","Jail Enforcement; signed 2013-06-28"
"carrolltonpolicedepartment","TEXAS","Carrollton Police Department","ICE fact-sheet roster","2016-01-19","Jail Enforcement; signed 2013-06-28"
"harriscountysheriffsoffice","TEXAS","Harris County Sheriff's Office","ICE fact-sheet roster","2016-01-19","Jail Enforcement; signed 2013-11-04"
"princewilliammanassasregionaladultdetentioncenter","VIRGINIA","Prince William-Manassas Regional Adult Detention Center","ICE fact-sheet roster","2016-01-19","Jail Enforcement; signed 2013-06-28"
"etowahcountysheriffsoffice","ALABAMA","Etowah County Sheriff's Office","ICE fact-sheet roster","2016-03-17","Jail Enforcement; signed 2013-06-28"
"arizonadepartmentofcorrections","ARIZONA","Arizona Department of Corrections","ICE fact-sheet roster","2016-03-17","Jail Enforcement; signed 2013-09-26"
"mesapolicedepartment","ARIZONA","City of Mesa Police Department","ICE fact-sheet roster","2016-03-17","Jail Enforcement; signed 2013-06-28"
"pinalcountysheriffsoffice","ARIZONA","Pinal County Sheriff's Office","ICE fact-sheet roster","2016-03-17","Jail Enforcement; signed 2013-06-28"
"yavapaicountysheriffsoffice","ARIZONA","Yavapai County Sheriff's Office","ICE fact-sheet roster","2016-03-17","Jail Enforcement; signed 2013-08-15"
"bentoncountysheriffsoffice","ARKANSAS","Benton County Sheriff's Office","ICE fact-sheet roster","2016-03-17","Jail Enforcement; signed 2013-06-28"
"washingtoncountysheriffsoffice","ARKANSAS","Washington County Sheriff's Office","ICE fact-sheet roster","2016-03-17","Jail Enforcement; signed 2013-07-03"
"orangecountysheriffsoffice","CALIFORNIA","Orange County Sheriff's Office","ICE fact-sheet roster","2016-03-17","Jail Enforcement; signed 2014-03-11"
"colliercountysheriffsoffice","FLORIDA","Collier County Sheriff's Office","ICE fact-sheet roster","2016-03-17","Jail Enforcement; signed 2013-06-28"
"jacksonvillesheriffsoffice","FLORIDA","Jacksonville Sheriff's Office","ICE fact-sheet roster","2016-03-17","Jail Enforcement; signed 2013-06-28"
"cobbcountysheriffsoffice","GEORGIA","Cobb County Sheriff's Office","ICE fact-sheet roster","2016-03-17","Jail Enforcement; signed 2013-06-27"
"gwinnettcountysheriffsoffice","GEORGIA","Gwinnett County Sheriff's Office","ICE fact-sheet roster","2016-03-17","Jail Enforcement; signed 2013-06-28"
"hallcountysheriffsoffice","GEORGIA","Hall County Sheriff's Office","ICE fact-sheet roster","2016-03-17","Jail Enforcement; signed 2013-06-28"
"whitfieldcountysheriffsoffice","GEORGIA","Whitfield County Sheriff's Office","ICE fact-sheet roster","2016-03-17","Jail Enforcement; signed 2013-06-27"
"frederickcountysheriffsoffice","MARYLAND","Frederick County Sheriff's Office","ICE fact-sheet roster","2016-03-17","Jail Enforcement; signed 2013-06-28"
"massachusettsdepartmentofcorrections","MASSACHUSETTS","Massachusetts Department of Corrections","ICE fact-sheet roster","2016-03-17","Jail Enforcement; signed 2014-04-22"
"lasvegasmetropolitanpolicedepartment","NEVADA","Las Vegas Metropolitan Police Department","ICE fact-sheet roster","2016-03-17","Jail Enforcement; signed 2013-06-28"
"hudsoncountydepartmentofcorrections","NEW JERSEY","Hudson County Department of Corrections","ICE fact-sheet roster","2016-03-17","Jail Enforcement; signed 2013-06-28"
"monmouthcountysheriffsoffice","NEW JERSEY","Monmouth County Sheriff's Office","ICE fact-sheet roster","2016-03-17","Jail Enforcement; signed 2014-05-21"
"cabarruscountysheriffsoffice","NORTH CAROLINA","Cabarrus County Sheriff's Office","ICE fact-sheet roster","2016-03-17","Jail Enforcement; signed 2013-06-28"
"gastoncountysheriffsoffice","NORTH CAROLINA","Gaston County Sheriff's Office","ICE fact-sheet roster","2016-03-17","Jail Enforcement; signed 2013-06-28"
"hendersoncountysheriffsoffice","NORTH CAROLINA","Henderson County Sheriff's Office","ICE fact-sheet roster","2016-03-17","Jail Enforcement; signed 2013-06-28"
"mecklenburgcountysheriffsoffice","NORTH CAROLINA","Mecklenburg County Sheriff's Office","ICE fact-sheet roster","2016-03-17","Jail Enforcement; signed 2013-12-30"
"wakecountysheriffsoffice","NORTH CAROLINA","Wake County Sheriff's Office","ICE fact-sheet roster","2016-03-17","Jail Enforcement; signed 2013-06-28"
"butlercountysheriffsoffice","OHIO","Butler County Sheriff's Office","ICE fact-sheet roster","2016-03-17","Jail Enforcement; signed 2013-06-28"
"tulsacountysheriffsoffice","OKLAHOMA","Tulsa County Sheriff's Office","ICE fact-sheet roster","2016-03-17","Jail Enforcement; signed 2013-06-28"
"charlestoncountysheriffsoffice","SOUTH CAROLINA","Charleston County Sheriff's Office","ICE fact-sheet roster","2016-03-17","Jail Enforcement; signed 2013-06-28"
"lexingtoncountysheriffsoffice","SOUTH CAROLINA","Lexington County Sheriff's Office","ICE fact-sheet roster","2016-03-17","Jail Enforcement; signed 2013-07-30"
"yorkcountysheriffsoffice","SOUTH CAROLINA","York County Sheriff's Office","ICE fact-sheet roster","2016-03-17","Jail Enforcement; signed 2013-06-28"
"carrolltonpolicedepartment","TEXAS","Carrollton Police Department","ICE fact-sheet roster","2016-03-17","Jail Enforcement; signed 2013-06-28"
"harriscountysheriffsoffice","TEXAS","Harris County Sheriff's Office","ICE fact-sheet roster","2016-03-17","Jail Enforcement; signed 2013-11-04"
"princewilliammanassasregionaladultdetentioncenter","VIRGINIA","Prince William-Manassas Regional Adult Detention Center","ICE fact-sheet roster","2016-03-17","Jail Enforcement; signed 2013-06-28"
"etowahcountysheriffsoffice","ALABAMA","Etowah County Sheriff's Office","ICE fact-sheet roster","2016-06-11","Jail Enforcement; signed 2013-06-28"
"arizonadepartmentofcorrections","ARIZONA","Arizona Department of Corrections","ICE fact-sheet roster","2016-06-11","Jail Enforcement; signed 2013-09-26"
"mesapolicedepartment","ARIZONA","City of Mesa Police Department","ICE fact-sheet roster","2016-06-11","Jail Enforcement; signed 2013-06-28"
"pinalcountysheriffsoffice","ARIZONA","Pinal County Sheriff's Office","ICE fact-sheet roster","2016-06-11","Jail Enforcement; signed 2013-06-28"
"yavapaicountysheriffsoffice","ARIZONA","Yavapai County Sheriff's Office","ICE fact-sheet roster","2016-06-11","Jail Enforcement; signed 2013-08-15"
"bentoncountysheriffsoffice","ARKANSAS","Benton County Sheriff's Office","ICE fact-sheet roster","2016-06-11","Jail Enforcement; signed 2013-06-28"
"washingtoncountysheriffsoffice","ARKANSAS","Washington County Sheriff's Office","ICE fact-sheet roster","2016-06-11","Jail Enforcement; signed 2013-07-03"
"orangecountysheriffsoffice","CALIFORNIA","Orange County Sheriff's Office","ICE fact-sheet roster","2016-06-11","Jail Enforcement; signed 2014-03-11"
"colliercountysheriffsoffice","FLORIDA","Collier County Sheriff's Office","ICE fact-sheet roster","2016-06-11","Jail Enforcement; signed 2013-06-28"
"jacksonvillesheriffsoffice","FLORIDA","Jacksonville Sheriff's Office","ICE fact-sheet roster","2016-06-11","Jail Enforcement; signed 2013-06-28"
"cobbcountysheriffsoffice","GEORGIA","Cobb County Sheriff's Office","ICE fact-sheet roster","2016-06-11","Jail Enforcement; signed 2013-06-27"
"gwinnettcountysheriffsoffice","GEORGIA","Gwinnett County Sheriff's Office","ICE fact-sheet roster","2016-06-11","Jail Enforcement; signed 2013-06-28"
"hallcountysheriffsoffice","GEORGIA","Hall County Sheriff's Office","ICE fact-sheet roster","2016-06-11","Jail Enforcement; signed 2013-06-28"
"whitfieldcountysheriffsoffice","GEORGIA","Whitfield County Sheriff's Office","ICE fact-sheet roster","2016-06-11","Jail Enforcement; signed 2013-06-27"
"frederickcountysheriffsoffice","MARYLAND","Frederick County Sheriff's Office","ICE fact-sheet roster","2016-06-11","Jail Enforcement; signed 2013-06-28"
"massachusettsdepartmentofcorrections","MASSACHUSETTS","Massachusetts Department of Corrections","ICE fact-sheet roster","2016-06-11","Jail Enforcement; signed 2014-04-22"
"lasvegasmetropolitanpolicedepartment","NEVADA","Las Vegas Metropolitan Police Department","ICE fact-sheet roster","2016-06-11","Jail Enforcement; signed 2013-06-28"
"hudsoncountydepartmentofcorrections","NEW JERSEY","Hudson County Department of Corrections","ICE fact-sheet roster","2016-06-11","Jail Enforcement; signed 2013-06-28"
"monmouthcountysheriffsoffice","NEW JERSEY","Monmouth County Sheriff's Office","ICE fact-sheet roster","2016-06-11","Jail Enforcement; signed 2014-05-21"
"cabarruscountysheriffsoffice","NORTH CAROLINA","Cabarrus County Sheriff's Office","ICE fact-sheet roster","2016-06-11","Jail Enforcement; signed 2013-06-28"
"gastoncountysheriffsoffice","NORTH CAROLINA","Gaston County Sheriff's Office","ICE fact-sheet roster","2016-06-11","Jail Enforcement; signed 2013-06-28"
"hendersoncountysheriffsoffice","NORTH CAROLINA","Henderson County Sheriff's Office","ICE fact-sheet roster","2016-06-11","Jail Enforcement; signed 2013-06-28"
"mecklenburgcountysheriffsoffice","NORTH CAROLINA","Mecklenburg County Sheriff's Office","ICE fact-sheet roster","2016-06-11","Jail Enforcement; signed 2013-12-30"
"wakecountysheriffsoffice","NORTH CAROLINA","Wake County Sheriff's Office","ICE fact-sheet roster","2016-06-11","Jail Enforcement; signed 2013-06-28"
"butlercountysheriffsoffice","OHIO","Butler County Sheriff's Office","ICE fact-sheet roster","2016-06-11","Jail Enforcement; signed 2013-06-28"
"tulsacountysheriffsoffice","OKLAHOMA","Tulsa County Sheriff's Office","ICE fact-sheet roster","2016-06-11","Jail Enforcement; signed 2013-06-28"
"charlestoncountysheriffsoffice","SOUTH CAROLINA","Charleston County Sheriff's Office","ICE fact-sheet roster","2016-06-11","Jail Enforcement; signed 2013-06-28"
"lexingtoncountysheriffsoffice","SOUTH CAROLINA","Lexington County Sheriff's Office","ICE fact-sheet roster","2016-06-11","Jail Enforcement; signed 2013-07-30"
"yorkcountysheriffsoffice","SOUTH CAROLINA","York County Sheriff's Office","ICE fact-sheet roster","2016-06-11","Jail Enforcement; signed 2013-06-28"
"carrolltonpolicedepartment","TEXAS","Carrollton Police Department","ICE fact-sheet roster","2016-06-11","Jail Enforcement; signed 2013-06-28"
"harriscountysheriffsoffice","TEXAS","Harris County Sheriff's Office","ICE fact-sheet roster","2016-06-11","Jail Enforcement; signed 2013-11-04"
"princewilliammanassasregionaladultdetentioncenter","VIRGINIA","Prince William-Manassas Regional Adult Detention Center","ICE fact-sheet roster","2016-06-11","Jail Enforcement; signed 2013-06-28"
"etowahcountysheriffsoffice","ALABAMA","Etowah County Sheriff's Office","ICE fact-sheet roster","2016-08-20","Jail Enforcement; signed 2016-06-08"
"arizonadepartmentofcorrections","ARIZONA","Arizona Department of Corrections","ICE fact-sheet roster","2016-08-20","Jail Enforcement; signed 2016-06-08"
"mesapolicedepartment","ARIZONA","City of Mesa Police Department","ICE fact-sheet roster","2016-08-20","Jail Enforcement; signed 2016-06-23"
"pinalcountysheriffsoffice","ARIZONA","Pinal County Sheriff's Office","ICE fact-sheet roster","2016-08-20","Jail Enforcement; signed 2016-06-13"
"yavapaicountysheriffsoffice","ARIZONA","Yavapai County Sheriff's Office","ICE fact-sheet roster","2016-08-20","Jail Enforcement; signed 2016-06-08"
"bentoncountysheriffsoffice","ARKANSAS","Benton County Sheriff's Office","ICE fact-sheet roster","2016-08-20","Jail Enforcement; signed 2016-06-13"
"washingtoncountysheriffsoffice","ARKANSAS","Washington County Sheriff's Office","ICE fact-sheet roster","2016-08-20","Jail Enforcement; signed 2016-06-23"
"orangecountysheriffsoffice","CALIFORNIA","Orange County Sheriff's Office","ICE fact-sheet roster","2016-08-20","Jail Enforcement; signed 2016-06-23"
"colliercountysheriffsoffice","FLORIDA","Collier County Sheriff's Office","ICE fact-sheet roster","2016-08-20","Jail Enforcement; signed 2016-06-13"
"jacksonvillesheriffsoffice","FLORIDA","Jacksonville Sheriff's Office","ICE fact-sheet roster","2016-08-20","Jail Enforcement; signed 2016-06-30"
"cobbcountysheriffsoffice","GEORGIA","Cobb County Sheriff's Office","ICE fact-sheet roster","2016-08-20","Jail Enforcement; signed 2016-06-30"
"gwinnettcountysheriffsoffice","GEORGIA","Gwinnett County Sheriff's Office","ICE fact-sheet roster","2016-08-20","Jail Enforcement; signed 2016-06-30"
"hallcountysheriffsoffice","GEORGIA","Hall County Sheriff's Office","ICE fact-sheet roster","2016-08-20","Jail Enforcement; signed 2016-06-23"
"whitfieldcountysheriffsoffice","GEORGIA","Whitfield County Sheriff's Office","ICE fact-sheet roster","2016-08-20","Jail Enforcement; signed 2016-06-08"
"frederickcountysheriffsoffice","MARYLAND","Frederick County Sheriff's Office","ICE fact-sheet roster","2016-08-20","Jail Enforcement; signed 2013-06-28"
"massachusettsdepartmentofcorrections","MASSACHUSETTS","Massachusetts Department of Corrections","ICE fact-sheet roster","2016-08-20","Jail Enforcement; signed 2016-06-23"
"lasvegasmetropolitanpolicedepartment","NEVADA","Las Vegas Metropolitan Police Department","ICE fact-sheet roster","2016-08-20","Jail Enforcement; signed 2016-06-28"
"hudsoncountydepartmentofcorrections","NEW JERSEY","Hudson County Department of Corrections","ICE fact-sheet roster","2016-08-20","Jail Enforcement; signed 2013-06-28"
"monmouthcountysheriffsoffice","NEW JERSEY","Monmouth County Sheriff's Office","ICE fact-sheet roster","2016-08-20","Jail Enforcement; signed 2016-06-08"
"cabarruscountysheriffsoffice","NORTH CAROLINA","Cabarrus County Sheriff's Office","ICE fact-sheet roster","2016-08-20","Jail Enforcement; signed 2016-06-28"
"gastoncountysheriffsoffice","NORTH CAROLINA","Gaston County Sheriff's Office","ICE fact-sheet roster","2016-08-20","Jail Enforcement; signed 2016-06-30"
"hendersoncountysheriffsoffice","NORTH CAROLINA","Henderson County Sheriff's Office","ICE fact-sheet roster","2016-08-20","Jail Enforcement; signed 2013-06-28"
"mecklenburgcountysheriffsoffice","NORTH CAROLINA","Mecklenburg County Sheriff's Office","ICE fact-sheet roster","2016-08-20","Jail Enforcement; signed 2013-12-30"
"wakecountysheriffsoffice","NORTH CAROLINA","Wake County Sheriff's Office","ICE fact-sheet roster","2016-08-20","Jail Enforcement; signed 2016-06-08"
"butlercountysheriffsoffice","OHIO","Butler County Sheriff's Office","ICE fact-sheet roster","2016-08-20","Jail Enforcement; signed 2013-06-28"
"tulsacountysheriffsoffice","OKLAHOMA","Tulsa County Sheriff's Office","ICE fact-sheet roster","2016-08-20","Jail Enforcement; signed 2016-06-23"
"charlestoncountysheriffsoffice","SOUTH CAROLINA","Charleston County Sheriff's Office","ICE fact-sheet roster","2016-08-20","Jail Enforcement; signed 2016-06-23"
"lexingtoncountysheriffsoffice","SOUTH CAROLINA","Lexington County Sheriff's Office","ICE fact-sheet roster","2016-08-20","Jail Enforcement; signed 2013-07-30"
"yorkcountysheriffsoffice","SOUTH CAROLINA","York County Sheriff's Office","ICE fact-sheet roster","2016-08-20","Jail Enforcement; signed 2016-06-28"
"carrolltonpolicedepartment","TEXAS","Carrollton Police Department","ICE fact-sheet roster","2016-08-20","Jail Enforcement; signed 2016-06-13"
"harriscountysheriffsoffice","TEXAS","Harris County Sheriff's Office","ICE fact-sheet roster","2016-08-20","Jail Enforcement; signed 2016-06-28"
"princewilliammanassasregionaladultdetentioncenter","VIRGINIA","Prince William-Manassas Regional Adult Detention Center","ICE fact-sheet roster","2016-08-20","Jail Enforcement; signed 2016-06-23"
"etowahcountysheriffsoffice","ALABAMA","Etowah County Sheriff's Office","ICE fact-sheet roster","2016-11-21","Jail Enforcement; signed 2016-06-08"
"arizonadepartmentofcorrections","ARIZONA","Arizona Department of Corrections","ICE fact-sheet roster","2016-11-21","Jail Enforcement; signed 2016-06-08"
"mesapolicedepartment","ARIZONA","City of Mesa Police Department","ICE fact-sheet roster","2016-11-21","Jail Enforcement; signed 2016-06-23"
"pinalcountysheriffsoffice","ARIZONA","Pinal County Sheriff's Office","ICE fact-sheet roster","2016-11-21","Jail Enforcement; signed 2016-06-13"
"yavapaicountysheriffsoffice","ARIZONA","Yavapai County Sheriff's Office","ICE fact-sheet roster","2016-11-21","Jail Enforcement; signed 2016-06-08"
"bentoncountysheriffsoffice","ARKANSAS","Benton County Sheriff's Office","ICE fact-sheet roster","2016-11-21","Jail Enforcement; signed 2016-06-13"
"washingtoncountysheriffsoffice","ARKANSAS","Washington County Sheriff's Office","ICE fact-sheet roster","2016-11-21","Jail Enforcement; signed 2016-06-23"
"orangecountysheriffsoffice","CALIFORNIA","Orange County Sheriff's Office","ICE fact-sheet roster","2016-11-21","Jail Enforcement; signed 2016-06-23"
"colliercountysheriffsoffice","FLORIDA","Collier County Sheriff's Office","ICE fact-sheet roster","2016-11-21","Jail Enforcement; signed 2016-06-13"
"jacksonvillesheriffsoffice","FLORIDA","Jacksonville Sheriff's Office","ICE fact-sheet roster","2016-11-21","Jail Enforcement; signed 2016-06-30"
"cobbcountysheriffsoffice","GEORGIA","Cobb County Sheriff's Office","ICE fact-sheet roster","2016-11-21","Jail Enforcement; signed 2016-06-30"
"gwinnettcountysheriffsoffice","GEORGIA","Gwinnett County Sheriff's Office","ICE fact-sheet roster","2016-11-21","Jail Enforcement; signed 2016-06-30"
"hallcountysheriffsoffice","GEORGIA","Hall County Sheriff's Office","ICE fact-sheet roster","2016-11-21","Jail Enforcement; signed 2016-06-23"
"whitfieldcountysheriffsoffice","GEORGIA","Whitfield County Sheriff's Office","ICE fact-sheet roster","2016-11-21","Jail Enforcement; signed 2016-06-08"
"frederickcountysheriffsoffice","MARYLAND","Frederick County Sheriff's Office","ICE fact-sheet roster","2016-11-21","Jail Enforcement; signed 2013-06-28"
"massachusettsdepartmentofcorrections","MASSACHUSETTS","Massachusetts Department of Corrections","ICE fact-sheet roster","2016-11-21","Jail Enforcement; signed 2016-06-23"
"lasvegasmetropolitanpolicedepartment","NEVADA","Las Vegas Metropolitan Police Department","ICE fact-sheet roster","2016-11-21","Jail Enforcement; signed 2016-06-28"
"hudsoncountydepartmentofcorrections","NEW JERSEY","Hudson County Department of Corrections","ICE fact-sheet roster","2016-11-21","Jail Enforcement; signed 2013-06-28"
"monmouthcountysheriffsoffice","NEW JERSEY","Monmouth County Sheriff's Office","ICE fact-sheet roster","2016-11-21","Jail Enforcement; signed 2016-06-08"
"cabarruscountysheriffsoffice","NORTH CAROLINA","Cabarrus County Sheriff's Office","ICE fact-sheet roster","2016-11-21","Jail Enforcement; signed 2016-06-28"
"gastoncountysheriffsoffice","NORTH CAROLINA","Gaston County Sheriff's Office","ICE fact-sheet roster","2016-11-21","Jail Enforcement; signed 2016-06-30"
"hendersoncountysheriffsoffice","NORTH CAROLINA","Henderson County Sheriff's Office","ICE fact-sheet roster","2016-11-21","Jail Enforcement; signed 2013-06-28"
"mecklenburgcountysheriffsoffice","NORTH CAROLINA","Mecklenburg County Sheriff's Office","ICE fact-sheet roster","2016-11-21","Jail Enforcement; signed 2013-12-30"
"wakecountysheriffsoffice","NORTH CAROLINA","Wake County Sheriff's Office","ICE fact-sheet roster","2016-11-21","Jail Enforcement; signed 2016-06-08"
"butlercountysheriffsoffice","OHIO","Butler County Sheriff's Office","ICE fact-sheet roster","2016-11-21","Jail Enforcement; signed 2016-09-30"
"tulsacountysheriffsoffice","OKLAHOMA","Tulsa County Sheriff's Office","ICE fact-sheet roster","2016-11-21","Jail Enforcement; signed 2016-06-23"
"charlestoncountysheriffsoffice","SOUTH CAROLINA","Charleston County Sheriff's Office","ICE fact-sheet roster","2016-11-21","Jail Enforcement; signed 2016-06-23"
"lexingtoncountysheriffsoffice","SOUTH CAROLINA","Lexington County Sheriff's Office","ICE fact-sheet roster","2016-11-21","Jail Enforcement; signed 2013-07-30"
"yorkcountysheriffsoffice","SOUTH CAROLINA","York County Sheriff's Office","ICE fact-sheet roster","2016-11-21","Jail Enforcement; signed 2016-06-28"
"carrolltonpolicedepartment","TEXAS","Carrollton Police Department","ICE fact-sheet roster","2016-11-21","Jail Enforcement; signed 2016-06-13"
"harriscountysheriffsoffice","TEXAS","Harris County Sheriff's Office","ICE fact-sheet roster","2016-11-21","Jail Enforcement; signed 2016-06-28"
"princewilliammanassasregionaladultdetentioncenter","VIRGINIA","Prince William-Manassas Regional Adult Detention Center","ICE fact-sheet roster","2016-11-21","Jail Enforcement; signed 2016-06-23"
"etowahcountysheriffsoffice","ALABAMA","Etowah County Sheriff's Office","ICE fact-sheet roster","2016-12-11","Jail Enforcement; signed 2016-06-08"
"arizonadepartmentofcorrections","ARIZONA","Arizona Department of Corrections","ICE fact-sheet roster","2016-12-11","Jail Enforcement; signed 2016-06-08"
"mesapolicedepartment","ARIZONA","City of Mesa Police Department","ICE fact-sheet roster","2016-12-11","Jail Enforcement; signed 2016-06-23"
"pinalcountysheriffsoffice","ARIZONA","Pinal County Sheriff's Office","ICE fact-sheet roster","2016-12-11","Jail Enforcement; signed 2016-06-13"
"yavapaicountysheriffsoffice","ARIZONA","Yavapai County Sheriff's Office","ICE fact-sheet roster","2016-12-11","Jail Enforcement; signed 2016-06-08"
"bentoncountysheriffsoffice","ARKANSAS","Benton County Sheriff's Office","ICE fact-sheet roster","2016-12-11","Jail Enforcement; signed 2016-06-13"
"washingtoncountysheriffsoffice","ARKANSAS","Washington County Sheriff's Office","ICE fact-sheet roster","2016-12-11","Jail Enforcement; signed 2016-06-23"
"orangecountysheriffsoffice","CALIFORNIA","Orange County Sheriff's Office","ICE fact-sheet roster","2016-12-11","Jail Enforcement; signed 2016-06-23"
"colliercountysheriffsoffice","FLORIDA","Collier County Sheriff's Office","ICE fact-sheet roster","2016-12-11","Jail Enforcement; signed 2016-06-13"
"jacksonvillesheriffsoffice","FLORIDA","Jacksonville Sheriff's Office","ICE fact-sheet roster","2016-12-11","Jail Enforcement; signed 2016-06-30"
"cobbcountysheriffsoffice","GEORGIA","Cobb County Sheriff's Office","ICE fact-sheet roster","2016-12-11","Jail Enforcement; signed 2016-06-30"
"gwinnettcountysheriffsoffice","GEORGIA","Gwinnett County Sheriff's Office","ICE fact-sheet roster","2016-12-11","Jail Enforcement; signed 2016-06-30"
"hallcountysheriffsoffice","GEORGIA","Hall County Sheriff's Office","ICE fact-sheet roster","2016-12-11","Jail Enforcement; signed 2016-06-23"
"whitfieldcountysheriffsoffice","GEORGIA","Whitfield County Sheriff's Office","ICE fact-sheet roster","2016-12-11","Jail Enforcement; signed 2016-06-08"
"frederickcountysheriffsoffice","MARYLAND","Frederick County Sheriff's Office","ICE fact-sheet roster","2016-12-11","Jail Enforcement; signed 2013-06-28"
"hartfordcountysheriffsoffice","MARYLAND","Hartford County Sheriff's Office","ICE fact-sheet roster","2016-12-11","Jail Enforcement; signed 2016-10-26"
"massachusettsdepartmentofcorrections","MASSACHUSETTS","Massachusetts Department of Corrections","ICE fact-sheet roster","2016-12-11","Jail Enforcement; signed 2016-06-23"
"lasvegasmetropolitanpolicedepartment","NEVADA","Las Vegas Metropolitan Police Department","ICE fact-sheet roster","2016-12-11","Jail Enforcement; signed 2016-06-28"
"hudsoncountydepartmentofcorrections","NEW JERSEY","Hudson County Department of Corrections","ICE fact-sheet roster","2016-12-11","Jail Enforcement; signed 2016-07-22"
"monmouthcountysheriffsoffice","NEW JERSEY","Monmouth County Sheriff's Office","ICE fact-sheet roster","2016-12-11","Jail Enforcement; signed 2016-06-08"
"cabarruscountysheriffsoffice","NORTH CAROLINA","Cabarrus County Sheriff's Office","ICE fact-sheet roster","2016-12-11","Jail Enforcement; signed 2016-06-28"
"gastoncountysheriffsoffice","NORTH CAROLINA","Gaston County Sheriff's Office","ICE fact-sheet roster","2016-12-11","Jail Enforcement; signed 2016-06-30"
"hendersoncountysheriffsoffice","NORTH CAROLINA","Henderson County Sheriff's Office","ICE fact-sheet roster","2016-12-11","Jail Enforcement; signed 2013-06-28"
"mecklenburgcountysheriffsoffice","NORTH CAROLINA","Mecklenburg County Sheriff's Office","ICE fact-sheet roster","2016-12-11","Jail Enforcement; signed 2013-12-30"
"wakecountysheriffsoffice","NORTH CAROLINA","Wake County Sheriff's Office","ICE fact-sheet roster","2016-12-11","Jail Enforcement; signed 2016-06-08"
"butlercountysheriffsoffice","OHIO","Butler County Sheriff's Office","ICE fact-sheet roster","2016-12-11","Jail Enforcement; signed 2016-09-30"
"tulsacountysheriffsoffice","OKLAHOMA","Tulsa County Sheriff's Office","ICE fact-sheet roster","2016-12-11","Jail Enforcement; signed 2016-06-23"
"charlestoncountysheriffsoffice","SOUTH CAROLINA","Charleston County Sheriff's Office","ICE fact-sheet roster","2016-12-11","Jail Enforcement; signed 2016-06-23"
"lexingtoncountysheriffsoffice","SOUTH CAROLINA","Lexington County Sheriff's Office","ICE fact-sheet roster","2016-12-11","Jail Enforcement; signed 2016-11-04"
"yorkcountysheriffsoffice","SOUTH CAROLINA","York County Sheriff's Office","ICE fact-sheet roster","2016-12-11","Jail Enforcement; signed 2016-06-28"
"carrolltonpolicedepartment","TEXAS","Carrollton Police Department","ICE fact-sheet roster","2016-12-11","Jail Enforcement; signed 2016-06-13"
"harriscountysheriffsoffice","TEXAS","Harris County Sheriff's Office","ICE fact-sheet roster","2016-12-11","Jail Enforcement; signed 2016-06-28"
"lubbockcountysheriffsoffice","TEXAS","Lubbock County Sheriff's Office","ICE fact-sheet roster","2016-12-11","Jail Enforcement; signed 2016-11-16"
"princewilliammanassasregionaladultdetentioncenter","VIRGINIA","Prince William-Manassas Regional Adult Detention Center","ICE fact-sheet roster","2016-12-11","Jail Enforcement; signed 2016-06-23"
"etowahcountysheriffsoffice","ALABAMA","Etowah County Sheriff's Office","ICE fact-sheet roster","2017-01-29","Jail Enforcement; signed 2016-06-08"
"arizonadepartmentofcorrections","ARIZONA","Arizona Department of Corrections","ICE fact-sheet roster","2017-01-29","Jail Enforcement; signed 2016-06-08"
"mesapolicedepartment","ARIZONA","City of Mesa Police Department","ICE fact-sheet roster","2017-01-29","Jail Enforcement; signed 2016-06-23"
"pinalcountysheriffsoffice","ARIZONA","Pinal County Sheriff's Office","ICE fact-sheet roster","2017-01-29","Jail Enforcement; signed 2016-06-13"
"yavapaicountysheriffsoffice","ARIZONA","Yavapai County Sheriff's Office","ICE fact-sheet roster","2017-01-29","Jail Enforcement; signed 2016-06-08"
"bentoncountysheriffsoffice","ARKANSAS","Benton County Sheriff's Office","ICE fact-sheet roster","2017-01-29","Jail Enforcement; signed 2016-06-13"
"washingtoncountysheriffsoffice","ARKANSAS","Washington County Sheriff's Office","ICE fact-sheet roster","2017-01-29","Jail Enforcement; signed 2016-06-23"
"orangecountysheriffsoffice","CALIFORNIA","Orange County Sheriff's Office","ICE fact-sheet roster","2017-01-29","Jail Enforcement; signed 2016-06-23"
"colliercountysheriffsoffice","FLORIDA","Collier County Sheriff's Office","ICE fact-sheet roster","2017-01-29","Jail Enforcement; signed 2016-06-13"
"jacksonvillesheriffsoffice","FLORIDA","Jacksonville Sheriff's Office","ICE fact-sheet roster","2017-01-29","Jail Enforcement; signed 2016-06-30"
"cobbcountysheriffsoffice","GEORGIA","Cobb County Sheriff's Office","ICE fact-sheet roster","2017-01-29","Jail Enforcement; signed 2016-06-30"
"gwinnettcountysheriffsoffice","GEORGIA","Gwinnett County Sheriff's Office","ICE fact-sheet roster","2017-01-29","Jail Enforcement; signed 2016-06-30"
"hallcountysheriffsoffice","GEORGIA","Hall County Sheriff's Office","ICE fact-sheet roster","2017-01-29","Jail Enforcement; signed 2016-06-23"
"whitfieldcountysheriffsoffice","GEORGIA","Whitfield County Sheriff's Office","ICE fact-sheet roster","2017-01-29","Jail Enforcement; signed 2016-06-08"
"frederickcountysheriffsoffice","MARYLAND","Frederick County Sheriff's Office","ICE fact-sheet roster","2017-01-29","Jail Enforcement; signed 2013-06-28"
"hartfordcountysheriffsoffice","MARYLAND","Hartford County Sheriff's Office","ICE fact-sheet roster","2017-01-29","Jail Enforcement; signed 2016-10-26"
"bristolcountysheriffsoffice","MASSACHUSETTS","Bristol County Sheriff's Office","ICE fact-sheet roster","2017-01-29","Jail Enforcement; signed 2017-01-18"
"massachusettsdepartmentofcorrections","MASSACHUSETTS","Massachusetts Department of Corrections","ICE fact-sheet roster","2017-01-29","Jail Enforcement; signed 2016-06-23"
"plymouthcountysheriffsdepartment","MASSACHUSETTS","Plymouth County Sheriff's Department","ICE fact-sheet roster","2017-01-29","Jail Enforcement; signed 2017-01-18"
"lasvegasmetropolitanpolicedepartment","NEVADA","Las Vegas Metropolitan Police Department","ICE fact-sheet roster","2017-01-29","Jail Enforcement; signed 2016-06-28"
"hudsoncountydepartmentofcorrections","NEW JERSEY","Hudson County Department of Corrections","ICE fact-sheet roster","2017-01-29","Jail Enforcement; signed 2016-07-22"
"monmouthcountysheriffsoffice","NEW JERSEY","Monmouth County Sheriff's Office","ICE fact-sheet roster","2017-01-29","Jail Enforcement; signed 2016-06-08"
"cabarruscountysheriffsoffice","NORTH CAROLINA","Cabarrus County Sheriff's Office","ICE fact-sheet roster","2017-01-29","Jail Enforcement; signed 2016-06-28"
"gastoncountysheriffsoffice","NORTH CAROLINA","Gaston County Sheriff's Office","ICE fact-sheet roster","2017-01-29","Jail Enforcement; signed 2016-06-30"
"hendersoncountysheriffsoffice","NORTH CAROLINA","Henderson County Sheriff's Office","ICE fact-sheet roster","2017-01-29","Jail Enforcement; signed 2013-06-28"
"mecklenburgcountysheriffsoffice","NORTH CAROLINA","Mecklenburg County Sheriff's Office","ICE fact-sheet roster","2017-01-29","Jail Enforcement; signed 2013-12-30"
"wakecountysheriffsoffice","NORTH CAROLINA","Wake County Sheriff's Office","ICE fact-sheet roster","2017-01-29","Jail Enforcement; signed 2016-06-08"
"butlercountysheriffsoffice","OHIO","Butler County Sheriff's Office","ICE fact-sheet roster","2017-01-29","Jail Enforcement; signed 2016-09-30"
"tulsacountysheriffsoffice","OKLAHOMA","Tulsa County Sheriff's Office","ICE fact-sheet roster","2017-01-29","Jail Enforcement; signed 2016-06-23"
"charlestoncountysheriffsoffice","SOUTH CAROLINA","Charleston County Sheriff's Office","ICE fact-sheet roster","2017-01-29","Jail Enforcement; signed 2016-06-23"
"lexingtoncountysheriffsoffice","SOUTH CAROLINA","Lexington County Sheriff's Office","ICE fact-sheet roster","2017-01-29","Jail Enforcement; signed 2016-11-04"
"yorkcountysheriffsoffice","SOUTH CAROLINA","York County Sheriff's Office","ICE fact-sheet roster","2017-01-29","Jail Enforcement; signed 2016-06-28"
"carrolltonpolicedepartment","TEXAS","Carrollton Police Department","ICE fact-sheet roster","2017-01-29","Jail Enforcement; signed 2016-06-13"
"harriscountysheriffsoffice","TEXAS","Harris County Sheriff's Office","ICE fact-sheet roster","2017-01-29","Jail Enforcement; signed 2016-06-28"
"lubbockcountysheriffsoffice","TEXAS","Lubbock County Sheriff's Office","ICE fact-sheet roster","2017-01-29","Jail Enforcement; signed 2016-11-16"
"princewilliammanassasregionaladultdetentioncenter","VIRGINIA","Prince William-Manassas Regional Adult Detention Center","ICE fact-sheet roster","2017-01-29","Jail Enforcement; signed 2016-06-23"
"etowahcountysheriffsoffice","ALABAMA","Etowah County Sheriff's Office","ICE fact-sheet roster","2017-03-05","Jail Enforcement; signed 2016-06-08"
"arizonadepartmentofcorrections","ARIZONA","Arizona Department of Corrections","ICE fact-sheet roster","2017-03-05","Jail Enforcement; signed 2016-06-08"
"mesapolicedepartment","ARIZONA","City of Mesa Police Department","ICE fact-sheet roster","2017-03-05","Jail Enforcement; signed 2016-06-23"
"pinalcountysheriffsoffice","ARIZONA","Pinal County Sheriff's Office","ICE fact-sheet roster","2017-03-05","Jail Enforcement; signed 2016-06-13"
"yavapaicountysheriffsoffice","ARIZONA","Yavapai County Sheriff's Office","ICE fact-sheet roster","2017-03-05","Jail Enforcement; signed 2016-06-08"
"bentoncountysheriffsoffice","ARKANSAS","Benton County Sheriff's Office","ICE fact-sheet roster","2017-03-05","Jail Enforcement; signed 2016-06-13"
"washingtoncountysheriffsoffice","ARKANSAS","Washington County Sheriff's Office","ICE fact-sheet roster","2017-03-05","Jail Enforcement; signed 2016-06-23"
"orangecountysheriffsoffice","CALIFORNIA","Orange County Sheriff's Office","ICE fact-sheet roster","2017-03-05","Jail Enforcement; signed 2016-06-23"
"colliercountysheriffsoffice","FLORIDA","Collier County Sheriff's Office","ICE fact-sheet roster","2017-03-05","Jail Enforcement; signed 2016-06-13"
"jacksonvillesheriffsoffice","FLORIDA","Jacksonville Sheriff's Office","ICE fact-sheet roster","2017-03-05","Jail Enforcement; signed 2016-06-30"
"cobbcountysheriffsoffice","GEORGIA","Cobb County Sheriff's Office","ICE fact-sheet roster","2017-03-05","Jail Enforcement; signed 2016-06-30"
"gwinnettcountysheriffsoffice","GEORGIA","Gwinnett County Sheriff's Office","ICE fact-sheet roster","2017-03-05","Jail Enforcement; signed 2016-06-30"
"hallcountysheriffsoffice","GEORGIA","Hall County Sheriff's Office","ICE fact-sheet roster","2017-03-05","Jail Enforcement; signed 2016-06-23"
"whitfieldcountysheriffsoffice","GEORGIA","Whitfield County Sheriff's Office","ICE fact-sheet roster","2017-03-05","Jail Enforcement; signed 2016-06-08"
"frederickcountysheriffsoffice","MARYLAND","Frederick County Sheriff's Office","ICE fact-sheet roster","2017-03-05","Jail Enforcement; signed 2016-08-03"
"harfordcountysheriffsoffice","MARYLAND","Harford County Sheriff's Office","ICE fact-sheet roster","2017-03-05","Jail Enforcement; signed 2016-10-26"
"bristolcountysheriffsoffice","MASSACHUSETTS","Bristol County Sheriff's Office","ICE fact-sheet roster","2017-03-05","Jail Enforcement; signed 2017-01-18"
"massachusettsdepartmentofcorrections","MASSACHUSETTS","Massachusetts Department of Corrections","ICE fact-sheet roster","2017-03-05","Jail Enforcement; signed 2016-06-23"
"plymouthcountysheriffsdepartment","MASSACHUSETTS","Plymouth County Sheriff's Department","ICE fact-sheet roster","2017-03-05","Jail Enforcement; signed 2017-01-18"
"lasvegasmetropolitanpolicedepartment","NEVADA","Las Vegas Metropolitan Police Department","ICE fact-sheet roster","2017-03-05","Jail Enforcement; signed 2016-06-28"
"hudsoncountydepartmentofcorrections","NEW JERSEY","Hudson County Department of Corrections","ICE fact-sheet roster","2017-03-05","Jail Enforcement; signed 2016-07-22"
"monmouthcountysheriffsoffice","NEW JERSEY","Monmouth County Sheriff's Office","ICE fact-sheet roster","2017-03-05","Jail Enforcement; signed 2016-06-08"
"salemcountysheriffsoffice","NEW JERSEY","Salem County Sheriff’s Office","ICE fact-sheet roster","2017-03-05","Jail Enforcement; signed 2016-12-08"
"cabarruscountysheriffsoffice","NORTH CAROLINA","Cabarrus County Sheriff's Office","ICE fact-sheet roster","2017-03-05","Jail Enforcement; signed 2016-06-28"
"gastoncountysheriffsoffice","NORTH CAROLINA","Gaston County Sheriff's Office","ICE fact-sheet roster","2017-03-05","Jail Enforcement; signed 2016-06-30"
"hendersoncountysheriffsoffice","NORTH CAROLINA","Henderson County Sheriff's Office","ICE fact-sheet roster","2017-03-05","Jail Enforcement; signed 2013-06-28"
"mecklenburgcountysheriffsoffice","NORTH CAROLINA","Mecklenburg County Sheriff's Office","ICE fact-sheet roster","2017-03-05","Jail Enforcement; signed 2013-12-30"
"wakecountysheriffsoffice","NORTH CAROLINA","Wake County Sheriff's Office","ICE fact-sheet roster","2017-03-05","Jail Enforcement; signed 2016-06-08"
"butlercountysheriffsoffice","OHIO","Butler County Sheriff's Office","ICE fact-sheet roster","2017-03-05","Jail Enforcement; signed 2016-09-30"
"tulsacountysheriffsoffice","OKLAHOMA","Tulsa County Sheriff's Office","ICE fact-sheet roster","2017-03-05","Jail Enforcement; signed 2016-06-23"
"charlestoncountysheriffsoffice","SOUTH CAROLINA","Charleston County Sheriff's Office","ICE fact-sheet roster","2017-03-05","Jail Enforcement; signed 2016-06-23"
"lexingtoncountysheriffsoffice","SOUTH CAROLINA","Lexington County Sheriff's Office","ICE fact-sheet roster","2017-03-05","Jail Enforcement; signed 2016-11-04"
"yorkcountysheriffsoffice","SOUTH CAROLINA","York County Sheriff's Office","ICE fact-sheet roster","2017-03-05","Jail Enforcement; signed 2016-06-28"
"carrolltonpolicedepartment","TEXAS","Carrollton Police Department","ICE fact-sheet roster","2017-03-05","Jail Enforcement; signed 2016-06-13"
"jacksoncountysheriffsoffice","TEXAS","Jackson County Sheriff's Office","ICE fact-sheet roster","2017-03-05","Jail Enforcement; signed 2017-01-26"
"lubbockcountysheriffsoffice","TEXAS","Lubbock County Sheriff's Office","ICE fact-sheet roster","2017-03-05","Jail Enforcement; signed 2016-11-16"
"princewilliammanassasregionaladultdetentioncenter","VIRGINIA","Prince William-Manassas Regional Adult Detention Center","ICE fact-sheet roster","2017-03-05","Jail Enforcement; signed 2016-06-23"
"etowahcountysheriffsoffice","ALABAMA","Etowah County Sheriff's Office","ICE fact-sheet roster","2017-05-02","Jail Enforcement; signed 2016-06-08"
"arizonadepartmentofcorrections","ARIZONA","Arizona Department of Corrections","ICE fact-sheet roster","2017-05-02","Jail Enforcement; signed 2016-06-08"
"mesapolicedepartment","ARIZONA","City of Mesa Police Department","ICE fact-sheet roster","2017-05-02","Jail Enforcement; signed 2016-06-23"
"pinalcountysheriffsoffice","ARIZONA","Pinal County Sheriff's Office","ICE fact-sheet roster","2017-05-02","Jail Enforcement; signed 2016-06-13"
"yavapaicountysheriffsoffice","ARIZONA","Yavapai County Sheriff's Office","ICE fact-sheet roster","2017-05-02","Jail Enforcement; signed 2016-06-08"
"bentoncountysheriffsoffice","ARKANSAS","Benton County Sheriff's Office","ICE fact-sheet roster","2017-05-02","Jail Enforcement; signed 2016-06-13"
"washingtoncountysheriffsoffice","ARKANSAS","Washington County Sheriff's Office","ICE fact-sheet roster","2017-05-02","Jail Enforcement; signed 2016-06-23"
"orangecountysheriffsoffice","CALIFORNIA","Orange County Sheriff's Office","ICE fact-sheet roster","2017-05-02","Jail Enforcement; signed 2016-06-23"
"colliercountysheriffsoffice","FLORIDA","Collier County Sheriff's Office","ICE fact-sheet roster","2017-05-02","Jail Enforcement; signed 2016-06-13"
"jacksonvillesheriffsoffice","FLORIDA","Jacksonville Sheriff's Office","ICE fact-sheet roster","2017-05-02","Jail Enforcement; signed 2016-06-30"
"cobbcountysheriffsoffice","GEORGIA","Cobb County Sheriff's Office","ICE fact-sheet roster","2017-05-02","Jail Enforcement; signed 2016-06-30"
"gwinnettcountysheriffsoffice","GEORGIA","Gwinnett County Sheriff's Office","ICE fact-sheet roster","2017-05-02","Jail Enforcement; signed 2016-06-30"
"hallcountysheriffsoffice","GEORGIA","Hall County Sheriff's Office","ICE fact-sheet roster","2017-05-02","Jail Enforcement; signed 2016-06-23"
"whitfieldcountysheriffsoffice","GEORGIA","Whitfield County Sheriff's Office","ICE fact-sheet roster","2017-05-02","Jail Enforcement; signed 2016-06-08"
"frederickcountysheriffsoffice","MARYLAND","Frederick County Sheriff's Office","ICE fact-sheet roster","2017-05-02","Jail Enforcement; signed 2016-08-03"
"harfordcountysheriffsoffice","MARYLAND","Harford County Sheriff's Office","ICE fact-sheet roster","2017-05-02","Jail Enforcement; signed 2016-10-26"
"bristolcountysheriffsoffice","MASSACHUSETTS","Bristol County Sheriff's Office","ICE fact-sheet roster","2017-05-02","Jail Enforcement; signed 2017-01-18"
"massachusettsdepartmentofcorrections","MASSACHUSETTS","Massachusetts Department of Corrections","ICE fact-sheet roster","2017-05-02","Jail Enforcement; signed 2016-06-23"
"plymouthcountysheriffsdepartment","MASSACHUSETTS","Plymouth County Sheriff's Department","ICE fact-sheet roster","2017-05-02","Jail Enforcement; signed 2017-01-18"
"lasvegasmetropolitanpolicedepartment","NEVADA","Las Vegas Metropolitan Police Department","ICE fact-sheet roster","2017-05-02","Jail Enforcement; signed 2016-06-28"
"capemaycountysheriffsoffice","NEW JERSEY","Cape May County Sheriffs Office","ICE fact-sheet roster","2017-05-02","Jail Enforcement; signed 2017-04-10"
"hudsoncountydepartmentofcorrections","NEW JERSEY","Hudson County Department of Corrections","ICE fact-sheet roster","2017-05-02","Jail Enforcement; signed 2016-07-22"
"monmouthcountysheriffsoffice","NEW JERSEY","Monmouth County Sheriff's Office","ICE fact-sheet roster","2017-05-02","Jail Enforcement; signed 2016-06-08"
"salemcountysheriffsoffice","NEW JERSEY","Salem County Sheriff’s Office","ICE fact-sheet roster","2017-05-02","Jail Enforcement; signed 2016-12-08"
"cabarruscountysheriffsoffice","NORTH CAROLINA","Cabarrus County Sheriff's Office","ICE fact-sheet roster","2017-05-02","Jail Enforcement; signed 2016-06-28"
"gastoncountysheriffsoffice","NORTH CAROLINA","Gaston County Sheriff's Office","ICE fact-sheet roster","2017-05-02","Jail Enforcement; signed 2016-06-30"
"hendersoncountysheriffsoffice","NORTH CAROLINA","Henderson County Sheriff's Office","ICE fact-sheet roster","2017-05-02","Jail Enforcement; signed 2017-02-28"
"mecklenburgcountysheriffsoffice","NORTH CAROLINA","Mecklenburg County Sheriff's Office","ICE fact-sheet roster","2017-05-02","Jail Enforcement; signed 2017-02-28"
"wakecountysheriffsoffice","NORTH CAROLINA","Wake County Sheriff's Office","ICE fact-sheet roster","2017-05-02","Jail Enforcement; signed 2016-06-08"
"butlercountysheriffsoffice","OHIO","Butler County Sheriff's Office","ICE fact-sheet roster","2017-05-02","Jail Enforcement; signed 2016-09-30"
"tulsacountysheriffsoffice","OKLAHOMA","Tulsa County Sheriff's Office","ICE fact-sheet roster","2017-05-02","Jail Enforcement; signed 2016-06-23"
"charlestoncountysheriffsoffice","SOUTH CAROLINA","Charleston County Sheriff's Office","ICE fact-sheet roster","2017-05-02","Jail Enforcement; signed 2016-06-23"
"lexingtoncountysheriffsoffice","SOUTH CAROLINA","Lexington County Sheriff's Office","ICE fact-sheet roster","2017-05-02","Jail Enforcement; signed 2016-11-04"
"yorkcountysheriffsoffice","SOUTH CAROLINA","York County Sheriff's Office","ICE fact-sheet roster","2017-05-02","Jail Enforcement; signed 2016-06-28"
"carrolltonpolicedepartment","TEXAS","Carrollton Police Department","ICE fact-sheet roster","2017-05-02","Jail Enforcement; signed 2016-06-13"
"jacksoncountysheriffsoffice","TEXAS","Jackson County Sheriff's Office","ICE fact-sheet roster","2017-05-02","Jail Enforcement; signed 2017-01-26"
"lubbockcountysheriffsoffice","TEXAS","Lubbock County Sheriff's Office","ICE fact-sheet roster","2017-05-02","Jail Enforcement; signed 2016-11-16"
"princewilliammanassasregionaladultdetentioncenter","VIRGINIA","Prince William-Manassas Regional Adult Detention Center","ICE fact-sheet roster","2017-05-02","Jail Enforcement; signed 2016-06-23"
"etowahcountysheriffsoffice","ALABAMA","Etowah County Sheriff's Office","ICE fact-sheet roster","2017-06-04","Jail Enforcement; signed 2016-06-08"
"arizonadepartmentofcorrections","ARIZONA","Arizona Department of Corrections","ICE fact-sheet roster","2017-06-04","Jail Enforcement; signed 2016-06-08"
"mesapolicedepartment","ARIZONA","City of Mesa Police Department","ICE fact-sheet roster","2017-06-04","Jail Enforcement; signed 2016-06-23"
"pinalcountysheriffsoffice","ARIZONA","Pinal County Sheriff's Office","ICE fact-sheet roster","2017-06-04","Jail Enforcement; signed 2016-06-13"
"yavapaicountysheriffsoffice","ARIZONA","Yavapai County Sheriff's Office","ICE fact-sheet roster","2017-06-04","Jail Enforcement; signed 2016-06-08"
"bentoncountysheriffsoffice","ARKANSAS","Benton County Sheriff's Office","ICE fact-sheet roster","2017-06-04","Jail Enforcement; signed 2016-06-13"
"washingtoncountysheriffsoffice","ARKANSAS","Washington County Sheriff's Office","ICE fact-sheet roster","2017-06-04","Jail Enforcement; signed 2016-06-23"
"orangecountysheriffsoffice","CALIFORNIA","Orange County Sheriff's Office","ICE fact-sheet roster","2017-06-04","Jail Enforcement; signed 2016-06-23"
"colliercountysheriffsoffice","FLORIDA","Collier County Sheriff's Office","ICE fact-sheet roster","2017-06-04","Jail Enforcement; signed 2016-06-13"
"jacksonvillesheriffsoffice","FLORIDA","Jacksonville Sheriff's Office","ICE fact-sheet roster","2017-06-04","Jail Enforcement; signed 2016-06-30"
"cobbcountysheriffsoffice","GEORGIA","Cobb County Sheriff's Office","ICE fact-sheet roster","2017-06-04","Jail Enforcement; signed 2016-06-30"
"gwinnettcountysheriffsoffice","GEORGIA","Gwinnett County Sheriff's Office","ICE fact-sheet roster","2017-06-04","Jail Enforcement; signed 2016-06-30"
"hallcountysheriffsoffice","GEORGIA","Hall County Sheriff's Office","ICE fact-sheet roster","2017-06-04","Jail Enforcement; signed 2016-06-23"
"whitfieldcountysheriffsoffice","GEORGIA","Whitfield County Sheriff's Office","ICE fact-sheet roster","2017-06-04","Jail Enforcement; signed 2016-06-08"
"eastbatonrougeparishsheriffsoffice","LOUISIANA","East Baton Rouge Parish Sheriff’s Office","ICE fact-sheet roster","2017-06-04","Jail Enforcement; signed 2017-05-03"
"frederickcountysheriffsoffice","MARYLAND","Frederick County Sheriff's Office","ICE fact-sheet roster","2017-06-04","Jail Enforcement; signed 2016-08-03"
"harfordcountysheriffsoffice","MARYLAND","Harford County Sheriff's Office","ICE fact-sheet roster","2017-06-04","Jail Enforcement; signed 2016-10-26"
"bristolcountysheriffsoffice","MASSACHUSETTS","Bristol County Sheriff's Office","ICE fact-sheet roster","2017-06-04","Jail Enforcement; signed 2017-01-18"
"massachusettsdepartmentofcorrections","MASSACHUSETTS","Massachusetts Department of Corrections","ICE fact-sheet roster","2017-06-04","Jail Enforcement; signed 2016-06-23"
"plymouthcountysheriffsdepartment","MASSACHUSETTS","Plymouth County Sheriff's Department","ICE fact-sheet roster","2017-06-04","Jail Enforcement; signed 2017-01-18"
"lasvegasmetropolitanpolicedepartment","NEVADA","Las Vegas Metropolitan Police Department","ICE fact-sheet roster","2017-06-04","Jail Enforcement; signed 2016-06-28"
"nyecountysheriffsoffice","NEVADA","Nye County Sheriff’s Office","ICE fact-sheet roster","2017-06-04","Jail Enforcement; signed 2017-04-20"
"capemaycountysheriffsoffice","NEW JERSEY","Cape May County Sheriffs Office","ICE fact-sheet roster","2017-06-04","Jail Enforcement; signed 2017-04-10"
"hudsoncountydepartmentofcorrections","NEW JERSEY","Hudson County Department of Corrections","ICE fact-sheet roster","2017-06-04","Jail Enforcement; signed 2016-07-22"
"monmouthcountysheriffsoffice","NEW JERSEY","Monmouth County Sheriff's Office","ICE fact-sheet roster","2017-06-04","Jail Enforcement; signed 2016-06-08"
"salemcountysheriffsoffice","NEW JERSEY","Salem County Sheriff’s Office","ICE fact-sheet roster","2017-06-04","Jail Enforcement; signed 2016-12-08"
"cabarruscountysheriffsoffice","NORTH CAROLINA","Cabarrus County Sheriff's Office","ICE fact-sheet roster","2017-06-04","Jail Enforcement; signed 2016-06-28"
"gastoncountysheriffsoffice","NORTH CAROLINA","Gaston County Sheriff's Office","ICE fact-sheet roster","2017-06-04","Jail Enforcement; signed 2016-06-30"
"hendersoncountysheriffsoffice","NORTH CAROLINA","Henderson County Sheriff's Office","ICE fact-sheet roster","2017-06-04","Jail Enforcement; signed 2017-02-28"
"mecklenburgcountysheriffsoffice","NORTH CAROLINA","Mecklenburg County Sheriff's Office","ICE fact-sheet roster","2017-06-04","Jail Enforcement; signed 2017-02-28"
"wakecountysheriffsoffice","NORTH CAROLINA","Wake County Sheriff's Office","ICE fact-sheet roster","2017-06-04","Jail Enforcement; signed 2016-06-08"
"butlercountysheriffsoffice","OHIO","Butler County Sheriff's Office","ICE fact-sheet roster","2017-06-04","Jail Enforcement; signed 2016-09-30"
"tulsacountysheriffsoffice","OKLAHOMA","Tulsa County Sheriff's Office","ICE fact-sheet roster","2017-06-04","Jail Enforcement; signed 2016-06-23"
"charlestoncountysheriffsoffice","SOUTH CAROLINA","Charleston County Sheriff's Office","ICE fact-sheet roster","2017-06-04","Jail Enforcement; signed 2016-06-23"
"lexingtoncountysheriffsoffice","SOUTH CAROLINA","Lexington County Sheriff's Office","ICE fact-sheet roster","2017-06-04","Jail Enforcement; signed 2016-11-04"
"yorkcountysheriffsoffice","SOUTH CAROLINA","York County Sheriff's Office","ICE fact-sheet roster","2017-06-04","Jail Enforcement; signed 2016-06-28"
"carrolltonpolicedepartment","TEXAS","Carrollton Police Department","ICE fact-sheet roster","2017-06-04","Jail Enforcement; signed 2016-06-13"
"jacksoncountysheriffsoffice","TEXAS","Jackson County Sheriff's Office","ICE fact-sheet roster","2017-06-04","Jail Enforcement; signed 2017-01-26"
"lubbockcountysheriffsoffice","TEXAS","Lubbock County Sheriff's Office","ICE fact-sheet roster","2017-06-04","Jail Enforcement; signed 2016-11-16"
"smithcountysheriffsoffice","TEXAS","Smith County Sheriff’s Office","ICE fact-sheet roster","2017-06-04","Jail Enforcement; signed 2017-04-25"
"wallercountysheriffsoffice","TEXAS","Waller County Sheriff’s Office","ICE fact-sheet roster","2017-06-04","Jail Enforcement; signed 2017-05-22"
"princewilliammanassasregionaladultdetentioncenter","VIRGINIA","Prince William-Manassas Regional Adult Detention Center","ICE fact-sheet roster","2017-06-04","Jail Enforcement; signed 2016-06-23"
"etowahcountysheriffsoffice","ALABAMA","Etowah County Sheriff's Office","ICE fact-sheet roster","2017-07-02","Jail Enforcement; signed 2016-06-08"
"arizonadepartmentofcorrections","ARIZONA","Arizona Department of Corrections","ICE fact-sheet roster","2017-07-02","Jail Enforcement; signed 2016-06-08"
"mesapolicedepartment","ARIZONA","City of Mesa Police Department","ICE fact-sheet roster","2017-07-02","Jail Enforcement; signed 2016-06-23"
"pinalcountysheriffsoffice","ARIZONA","Pinal County Sheriff's Office","ICE fact-sheet roster","2017-07-02","Jail Enforcement; signed 2016-06-13"
"yavapaicountysheriffsoffice","ARIZONA","Yavapai County Sheriff's Office","ICE fact-sheet roster","2017-07-02","Jail Enforcement; signed 2016-06-08"
"bentoncountysheriffsoffice","ARKANSAS","Benton County Sheriff's Office","ICE fact-sheet roster","2017-07-02","Jail Enforcement; signed 2016-06-13"
"washingtoncountysheriffsoffice","ARKANSAS","Washington County Sheriff's Office","ICE fact-sheet roster","2017-07-02","Jail Enforcement; signed 2016-06-23"
"orangecountysheriffsoffice","CALIFORNIA","Orange County Sheriff's Office","ICE fact-sheet roster","2017-07-02","Jail Enforcement; signed 2016-06-23"
"colliercountysheriffsoffice","FLORIDA","Collier County Sheriff's Office","ICE fact-sheet roster","2017-07-02","Jail Enforcement; signed 2016-06-13"
"jacksonvillesheriffsoffice","FLORIDA","Jacksonville Sheriff's Office","ICE fact-sheet roster","2017-07-02","Jail Enforcement; signed 2016-06-30"
"cobbcountysheriffsoffice","GEORGIA","Cobb County Sheriff's Office","ICE fact-sheet roster","2017-07-02","Jail Enforcement; signed 2016-06-30"
"gwinnettcountysheriffsoffice","GEORGIA","Gwinnett County Sheriff's Office","ICE fact-sheet roster","2017-07-02","Jail Enforcement; signed 2016-06-30"
"hallcountysheriffsoffice","GEORGIA","Hall County Sheriff's Office","ICE fact-sheet roster","2017-07-02","Jail Enforcement; signed 2016-06-23"
"whitfieldcountysheriffsoffice","GEORGIA","Whitfield County Sheriff's Office","ICE fact-sheet roster","2017-07-02","Jail Enforcement; signed 2016-06-08"
"eastbatonrougeparishsheriffsoffice","LOUISIANA","East Baton Rouge Parish Sheriff’s Office","ICE fact-sheet roster","2017-07-02","Jail Enforcement; signed 2017-05-03"
"annearundelcounty","MARYLAND","Anne Arundel County","ICE fact-sheet roster","2017-07-02","Jail Enforcement; signed 2017-06-19"
"frederickcountysheriffsoffice","MARYLAND","Frederick County Sheriff's Office","ICE fact-sheet roster","2017-07-02","Jail Enforcement; signed 2016-08-03"
"harfordcountysheriffsoffice","MARYLAND","Harford County Sheriff's Office","ICE fact-sheet roster","2017-07-02","Jail Enforcement; signed 2016-10-26"
"bristolcountysheriffsoffice","MASSACHUSETTS","Bristol County Sheriff's Office","ICE fact-sheet roster","2017-07-02","Jail Enforcement; signed 2017-01-18"
"massachusettsdepartmentofcorrections","MASSACHUSETTS","Massachusetts Department of Corrections","ICE fact-sheet roster","2017-07-02","Jail Enforcement; signed 2016-06-23"
"plymouthcountysheriffsdepartment","MASSACHUSETTS","Plymouth County Sheriff's Department","ICE fact-sheet roster","2017-07-02","Jail Enforcement; signed 2017-01-18"
"lasvegasmetropolitanpolicedepartment","NEVADA","Las Vegas Metropolitan Police Department","ICE fact-sheet roster","2017-07-02","Jail Enforcement; signed 2016-06-28"
"nyecountysheriffsoffice","NEVADA","Nye County Sheriff’s Office","ICE fact-sheet roster","2017-07-02","Jail Enforcement; signed 2017-04-20"
"capemaycountysheriffsoffice","NEW JERSEY","Cape May County Sheriffs Office","ICE fact-sheet roster","2017-07-02","Jail Enforcement; signed 2017-04-10"
"hudsoncountydepartmentofcorrections","NEW JERSEY","Hudson County Department of Corrections","ICE fact-sheet roster","2017-07-02","Jail Enforcement; signed 2016-07-22"
"monmouthcountysheriffsoffice","NEW JERSEY","Monmouth County Sheriff's Office","ICE fact-sheet roster","2017-07-02","Jail Enforcement; signed 2016-06-08"
"salemcountysheriffsoffice","NEW JERSEY","Salem County Sheriff’s Office","ICE fact-sheet roster","2017-07-02","Jail Enforcement; signed 2016-12-08"
"cabarruscountysheriffsoffice","NORTH CAROLINA","Cabarrus County Sheriff's Office","ICE fact-sheet roster","2017-07-02","Jail Enforcement; signed 2016-06-28"
"gastoncountysheriffsoffice","NORTH CAROLINA","Gaston County Sheriff's Office","ICE fact-sheet roster","2017-07-02","Jail Enforcement; signed 2016-06-30"
"hendersoncountysheriffsoffice","NORTH CAROLINA","Henderson County Sheriff's Office","ICE fact-sheet roster","2017-07-02","Jail Enforcement; signed 2017-02-28"
"mecklenburgcountysheriffsoffice","NORTH CAROLINA","Mecklenburg County Sheriff's Office","ICE fact-sheet roster","2017-07-02","Jail Enforcement; signed 2017-02-28"
"wakecountysheriffsoffice","NORTH CAROLINA","Wake County Sheriff's Office","ICE fact-sheet roster","2017-07-02","Jail Enforcement; signed 2016-06-08"
"butlercountysheriffsoffice","OHIO","Butler County Sheriff's Office","ICE fact-sheet roster","2017-07-02","Jail Enforcement; signed 2016-09-30"
"tulsacountysheriffsoffice","OKLAHOMA","Tulsa County Sheriff's Office","ICE fact-sheet roster","2017-07-02","Jail Enforcement; signed 2016-06-23"
"charlestoncountysheriffsoffice","SOUTH CAROLINA","Charleston County Sheriff's Office","ICE fact-sheet roster","2017-07-02","Jail Enforcement; signed 2016-06-23"
"lexingtoncountysheriffsoffice","SOUTH CAROLINA","Lexington County Sheriff's Office","ICE fact-sheet roster","2017-07-02","Jail Enforcement; signed 2016-11-04"
"yorkcountysheriffsoffice","SOUTH CAROLINA","York County Sheriff's Office","ICE fact-sheet roster","2017-07-02","Jail Enforcement; signed 2016-06-28"
"knoxcountysheriffsoffice","TENNESSEE","Knox County Sheriff’s Office","ICE fact-sheet roster","2017-07-02","Jail Enforcement; signed 2017-06-15"
"carrolltonpolicedepartment","TEXAS","Carrollton Police Department","ICE fact-sheet roster","2017-07-02","Jail Enforcement; signed 2016-06-13"
"jacksoncountysheriffsoffice","TEXAS","Jackson County Sheriff's Office","ICE fact-sheet roster","2017-07-02","Jail Enforcement; signed 2017-01-26"
"lubbockcountysheriffsoffice","TEXAS","Lubbock County Sheriff's Office","ICE fact-sheet roster","2017-07-02","Jail Enforcement; signed 2016-11-16"
"smithcountysheriffsoffice","TEXAS","Smith County Sheriff’s Office","ICE fact-sheet roster","2017-07-02","Jail Enforcement; signed 2017-04-25"
"tarrantcountysheriffsoffice","TEXAS","Tarrant County Sheriff’s Office","ICE fact-sheet roster","2017-07-02","Jail Enforcement; signed 2017-06-19"
"wallercountysheriffsoffice","TEXAS","Waller County Sheriff’s Office","ICE fact-sheet roster","2017-07-02","Jail Enforcement; signed 2017-05-22"
"princewilliammanassasregionaladultdetentioncenter","VIRGINIA","Prince William-Manassas Regional Adult Detention Center","ICE fact-sheet roster","2017-07-02","Jail Enforcement; signed 2016-06-23"
"etowahcountysheriffsoffice","ALABAMA","Etowah County Sheriff's Office","ICE fact-sheet roster","2017-08-01","Jail Enforcement; signed 2016-06-08"
"arizonadepartmentofcorrections","ARIZONA","Arizona Department of Corrections","ICE fact-sheet roster","2017-08-01","Jail Enforcement; signed 2016-06-08"
"mesapolicedepartment","ARIZONA","City of Mesa Police Department","ICE fact-sheet roster","2017-08-01","Jail Enforcement; signed 2016-06-23"
"pinalcountysheriffsoffice","ARIZONA","Pinal County Sheriff's Office","ICE fact-sheet roster","2017-08-01","Jail Enforcement; signed 2016-06-13"
"yavapaicountysheriffsoffice","ARIZONA","Yavapai County Sheriff's Office","ICE fact-sheet roster","2017-08-01","Jail Enforcement; signed 2016-06-08"
"bentoncountysheriffsoffice","ARKANSAS","Benton County Sheriff's Office","ICE fact-sheet roster","2017-08-01","Jail Enforcement; signed 2016-06-13"
"washingtoncountysheriffsoffice","ARKANSAS","Washington County Sheriff's Office","ICE fact-sheet roster","2017-08-01","Jail Enforcement; signed 2016-06-23"
"orangecountysheriffsoffice","CALIFORNIA","Orange County Sheriff's Office","ICE fact-sheet roster","2017-08-01","Jail Enforcement; signed 2016-06-23"
"claycountysheriffsoffice","FLORIDA","Clay County Sheriff's Office","ICE fact-sheet roster","2017-08-01","Jail Enforcement; signed 2017-06-30"
"colliercountysheriffsoffice","FLORIDA","Collier County Sheriff's Office","ICE fact-sheet roster","2017-08-01","Jail Enforcement; signed 2016-06-13"
"jacksonvillesheriffsoffice","FLORIDA","Jacksonville Sheriff's Office","ICE fact-sheet roster","2017-08-01","Jail Enforcement; signed 2016-06-30"
"cobbcountysheriffsoffice","GEORGIA","Cobb County Sheriff's Office","ICE fact-sheet roster","2017-08-01","Jail Enforcement; signed 2016-06-30"
"gwinnettcountysheriffsoffice","GEORGIA","Gwinnett County Sheriff's Office","ICE fact-sheet roster","2017-08-01","Jail Enforcement; signed 2016-06-30"
"hallcountysheriffsoffice","GEORGIA","Hall County Sheriff's Office","ICE fact-sheet roster","2017-08-01","Jail Enforcement; signed 2016-06-23"
"whitfieldcountysheriffsoffice","GEORGIA","Whitfield County Sheriff's Office","ICE fact-sheet roster","2017-08-01","Jail Enforcement; signed 2016-06-08"
"eastbatonrougeparishsheriffsoffice","LOUISIANA","East Baton Rouge Parish Sheriff’s Office","ICE fact-sheet roster","2017-08-01","Jail Enforcement; signed 2017-05-03"
"annearundelcounty","MARYLAND","Anne Arundel County","ICE fact-sheet roster","2017-08-01","Jail Enforcement; signed 2017-06-19"
"frederickcountysheriffsoffice","MARYLAND","Frederick County Sheriff's Office","ICE fact-sheet roster","2017-08-01","Jail Enforcement; signed 2016-08-03"
"harfordcountysheriffsoffice","MARYLAND","Harford County Sheriff's Office","ICE fact-sheet roster","2017-08-01","Jail Enforcement; signed 2016-10-26"
"bristolcountysheriffsoffice","MASSACHUSETTS","Bristol County Sheriff's Office","ICE fact-sheet roster","2017-08-01","Jail Enforcement; signed 2017-01-18"
"massachusettsdepartmentofcorrections","MASSACHUSETTS","Massachusetts Department of Corrections","ICE fact-sheet roster","2017-08-01","Jail Enforcement; signed 2016-06-23"
"plymouthcountysheriffsdepartment","MASSACHUSETTS","Plymouth County Sheriff's Department","ICE fact-sheet roster","2017-08-01","Jail Enforcement; signed 2017-01-18"
"lasvegasmetropolitanpolicedepartment","NEVADA","Las Vegas Metropolitan Police Department","ICE fact-sheet roster","2017-08-01","Jail Enforcement; signed 2016-06-28"
"nyecountysheriffsoffice","NEVADA","Nye County Sheriff’s Office","ICE fact-sheet roster","2017-08-01","Jail Enforcement; signed 2017-04-20"
"capemaycountysheriffsoffice","NEW JERSEY","Cape May County Sheriffs Office","ICE fact-sheet roster","2017-08-01","Jail Enforcement; signed 2017-04-10"
"hudsoncountydepartmentofcorrections","NEW JERSEY","Hudson County Department of Corrections","ICE fact-sheet roster","2017-08-01","Jail Enforcement; signed 2016-07-22"
"monmouthcountysheriffsoffice","NEW JERSEY","Monmouth County Sheriff's Office","ICE fact-sheet roster","2017-08-01","Jail Enforcement; signed 2016-06-08"
"salemcountysheriffsoffice","NEW JERSEY","Salem County Sheriff’s Office","ICE fact-sheet roster","2017-08-01","Jail Enforcement; signed 2016-12-08"
"cabarruscountysheriffsoffice","NORTH CAROLINA","Cabarrus County Sheriff's Office","ICE fact-sheet roster","2017-08-01","Jail Enforcement; signed 2016-06-28"
"gastoncountysheriffsoffice","NORTH CAROLINA","Gaston County Sheriff's Office","ICE fact-sheet roster","2017-08-01","Jail Enforcement; signed 2016-06-30"
"hendersoncountysheriffsoffice","NORTH CAROLINA","Henderson County Sheriff's Office","ICE fact-sheet roster","2017-08-01","Jail Enforcement; signed 2017-02-28"
"mecklenburgcountysheriffsoffice","NORTH CAROLINA","Mecklenburg County Sheriff's Office","ICE fact-sheet roster","2017-08-01","Jail Enforcement; signed 2017-02-28"
"wakecountysheriffsoffice","NORTH CAROLINA","Wake County Sheriff's Office","ICE fact-sheet roster","2017-08-01","Jail Enforcement; signed 2016-06-08"
"butlercountysheriffsoffice","OHIO","Butler County Sheriff's Office","ICE fact-sheet roster","2017-08-01","Jail Enforcement; signed 2016-09-30"
"tulsacountysheriffsoffice","OKLAHOMA","Tulsa County Sheriff's Office","ICE fact-sheet roster","2017-08-01","Jail Enforcement; signed 2016-06-23"
"charlestoncountysheriffsoffice","SOUTH CAROLINA","Charleston County Sheriff's Office","ICE fact-sheet roster","2017-08-01","Jail Enforcement; signed 2016-06-23"
"horrycountysheriffsoffice","SOUTH CAROLINA","Horry County Sheriff's Office","ICE fact-sheet roster","2017-08-01","Jail Enforcement; signed 2017-06-30"
"lexingtoncountysheriffsoffice","SOUTH CAROLINA","Lexington County Sheriff's Office","ICE fact-sheet roster","2017-08-01","Jail Enforcement; signed 2016-11-04"
"yorkcountysheriffsoffice","SOUTH CAROLINA","York County Sheriff's Office","ICE fact-sheet roster","2017-08-01","Jail Enforcement; signed 2016-06-28"
"knoxcountysheriffsoffice","TENNESSEE","Knox County Sheriff’s Office","ICE fact-sheet roster","2017-08-01","Jail Enforcement; signed 2017-06-15"
"aransascountysheriffsoffice","TEXAS","Aransas County Sheriff's Office","ICE fact-sheet roster","2017-08-01","Jail Enforcement; signed 2017-06-30"
"calhouncountysheriffsoffice","TEXAS","Calhoun County Sheriff’s Office","ICE fact-sheet roster","2017-08-01","Jail Enforcement; signed 2017-06-28"
"carrolltonpolicedepartment","TEXAS","Carrollton Police Department","ICE fact-sheet roster","2017-08-01","Jail Enforcement; signed 2016-06-13"
"chamberscountysheriffsoffice","TEXAS","Chambers County Sheriff’s Office","ICE fact-sheet roster","2017-08-01","Jail Enforcement; signed 2017-07-17"
"dewittcountysheriffsoffice","TEXAS","DeWitt County Sheriff’s Office","ICE fact-sheet roster","2017-08-01","Jail Enforcement; signed 2017-06-30"
"galvestoncountysheriffsoffice","TEXAS","Galveston County Sheriff’s Office","ICE fact-sheet roster","2017-08-01","Jail Enforcement; signed 2017-06-30"
"goliadcountysheriffsoffice","TEXAS","Goliad County Sheriff’s Office","ICE fact-sheet roster","2017-08-01","Jail Enforcement; signed 2017-06-26"
"lavacacountysheriffsoffice","TEXAS","Lavaca County Sheriff’s Office","ICE fact-sheet roster","2017-08-01","Jail Enforcement; signed 2017-06-30"
"lubbockcountysheriffsoffice","TEXAS","Lubbock County Sheriff's Office","ICE fact-sheet roster","2017-08-01","Jail Enforcement; signed 2016-11-16"
"montgomerycountysheriffsoffice","TEXAS","Montgomery County Sheriff’s Office","ICE fact-sheet roster","2017-08-01","Jail Enforcement; signed 2017-06-28"
"refugiocountysheriffsoffice","TEXAS","Refugio County Sheriff’s Office","ICE fact-sheet roster","2017-08-01","Jail Enforcement; signed 2017-06-28"
"smithcountysheriffsoffice","TEXAS","Smith County Sheriff’s Office","ICE fact-sheet roster","2017-08-01","Jail Enforcement; signed 2017-04-25"
"tarrantcountysheriffsoffice","TEXAS","Tarrant County Sheriff’s Office","ICE fact-sheet roster","2017-08-01","Jail Enforcement; signed 2017-06-19"
"victoriacountysheriffsoffice","TEXAS","Victoria County Sheriff’s Office","ICE fact-sheet roster","2017-08-01","Jail Enforcement; signed 2017-07-12"
"walkercountysheriffsoffice","TEXAS","Walker County Sheriff’s Office","ICE fact-sheet roster","2017-08-01","Jail Enforcement; signed 2017-07-20"
"wallercountysheriffsoffice","TEXAS","Waller County Sheriff’s Office","ICE fact-sheet roster","2017-08-01","Jail Enforcement; signed 2017-05-22"
"whartoncountysheriffsoffice","TEXAS","Wharton County Sheriff’s Office","ICE fact-sheet roster","2017-08-01","Jail Enforcement; signed 2017-07-17"
"princewilliammanassasregionaladultdetentioncenter","VIRGINIA","Prince William-Manassas Regional Adult Detention Center","ICE fact-sheet roster","2017-08-01","Jail Enforcement; signed 2016-06-23"
"mesapolicedepartment","ARIZONA","City of Mesa Police Department","Kostandini et al. 2014 Table A1","c.2010-11 ICE roster","signed 2009-11-19"
"phoenixpolicedepartment","ARIZONA","City of Phoenix Police Department","Kostandini et al. 2014 Table A1","c.2010-11 ICE roster","signed 2008-03-10"
"florencepolicedepartment","ARIZONA","Florence Police Department","Kostandini et al. 2014 Table A1","c.2010-11 ICE roster","signed 2009-10-21"
"maricopacountysheriffsoffice","ARIZONA","Maricopa County Sheriff's Office","Kostandini et al. 2014 Table A1","c.2010-11 ICE roster","signed 2008-03-14"
"pimacountysheriffsoffice","ARIZONA","Pima County Sheriff's Office","Kostandini et al. 2014 Table A1","c.2010-11 ICE roster","signed 2008-03-10"
"yavapaicountysheriffsoffice","ARIZONA","Yavapai County Sheriff's Office","Kostandini et al. 2014 Table A1","c.2010-11 ICE roster","signed 2008-03-10"
"bentoncountysheriffsoffice","ARKANSAS","Benton County Sheriff's Office","Kostandini et al. 2014 Table A1","c.2010-11 ICE roster","signed 2007-09-26"
"springdalepolicedepartment","ARKANSAS","City of Springdale Police Department","Kostandini et al. 2014 Table A1","c.2010-11 ICE roster","signed 2007-09-26"
"rogerspolicedepartment","ARKANSAS","Rogers Police Department","Kostandini et al. 2014 Table A1","c.2010-11 ICE roster","signed 2007-09-25"
"washingtoncountysheriffsoffice","ARKANSAS","Washington County Sheriff's Office","Kostandini et al. 2014 Table A1","c.2010-11 ICE roster","signed 2007-09-26"
"losangelescountysheriffsoffice","CALIFORNIA","Los Angeles County Sheriff's Office","Kostandini et al. 2014 Table A1","c.2010-11 ICE roster","signed 2005-02-01"
"orangecountysheriffsoffice","CALIFORNIA","Orange County Sheriff's Office","Kostandini et al. 2014 Table A1","c.2010-11 ICE roster","signed 2006-11-02"
"riversidecountysheriffsoffice","CALIFORNIA","Riverside County Sheriff's Office","Kostandini et al. 2014 Table A1","c.2010-11 ICE roster","signed 2006-04-28"
"sanbernardinocountysheriffsoffice","CALIFORNIA","San Bernardino County Sheriff's Office","Kostandini et al. 2014 Table A1","c.2010-11 ICE roster","signed 2005-11-19"
"elpasocountysheriffsoffice","COLORADO","El Paso County Sheriff's Office","Kostandini et al. 2014 Table A1","c.2010-11 ICE roster","signed 2007-05-17"
"danburypolicedepartment","CONNECTICUT","City of Danbury Police Department","Kostandini et al. 2014 Table A1","c.2010-11 ICE roster","signed 2009-10-15"
"baycountysheriffsoffice","FLORIDA","Bay County Sheriff's Office","Kostandini et al. 2014 Table A1","c.2010-11 ICE roster","signed 2008-06-15"
"colliercountysheriffsoffice","FLORIDA","Collier County Sheriff's Office","Kostandini et al. 2014 Table A1","c.2010-11 ICE roster","signed 2007-08-06"
"jacksonvillesheriffsoffice","FLORIDA","Jacksonville Sheriff's Office","Kostandini et al. 2014 Table A1","c.2010-11 ICE roster","signed 2008-07-08"
"cobbcountysheriffsoffice","GEORGIA","Cobb County Sheriff's Office","Kostandini et al. 2014 Table A1","c.2010-11 ICE roster","signed 2007-02-13"
"gwinnettcountysheriffsoffice","GEORGIA","Gwinnett County Sheriff's Office","Kostandini et al. 2014 Table A1","c.2010-11 ICE roster","signed 2009-10-15"
"hallcountysheriffsoffice","GEORGIA","Hall County Sheriff's Office","Kostandini et al. 2014 Table A1","c.2010-11 ICE roster","signed 2008-02-29"
"whitfieldcountysheriffsoffice","GEORGIA","Whitfield County Sheriff's Office","Kostandini et al. 2014 Table A1","c.2010-11 ICE roster","signed 2008-02-04"
"frederickcountysheriffsoffice","MARYLAND","Frederick County Sheriff's Office","Kostandini et al. 2014 Table A1","c.2010-11 ICE roster","signed 2008-02-06"
"lasvegasmetropolitanpolicedepartment","NEVADA","Las Vegas Metropolitan Police Department","Kostandini et al. 2014 Table A1","c.2010-11 ICE roster","signed 2008-09-08"
"hudsoncountydepartmentofcorrections","NEW JERSEY","Hudson County Department of Corrections","Kostandini et al. 2014 Table A1","c.2010-11 ICE roster","signed 2008-08-11"
"monmouthcountysheriffsoffice","NEW JERSEY","Monmouth County Sheriff's Office","Kostandini et al. 2014 Table A1","c.2010-11 ICE roster","signed 2009-10-15"
"alamancecountysheriffsoffice","NORTH CAROLINA","Alamance County Sheriff's Office","Kostandini et al. 2014 Table A1","c.2010-11 ICE roster","signed 2007-01-10"
"cabarruscountysheriffsoffice","NORTH CAROLINA","Cabarrus County Sheriff's Office","Kostandini et al. 2014 Table A1","c.2010-11 ICE roster","signed 2007-08-02"
"durhampolicedepartment","NORTH CAROLINA","City of Durham Police Department","Kostandini et al. 2014 Table A1","c.2010-11 ICE roster","signed 2008-02-01"
"gastoncountysheriffsoffice","NORTH CAROLINA","Gaston County Sheriff's Office","Kostandini et al. 2014 Table A1","c.2010-11 ICE roster","signed 2007-02-22"
"hendersoncountysheriffsoffice","NORTH CAROLINA","Henderson County Sheriff's Office","Kostandini et al. 2014 Table A1","c.2010-11 ICE roster","signed 2008-06-25"
"mecklenburgcountysheriffsoffice","NORTH CAROLINA","Mecklenburg County Sheriff's Office","Kostandini et al. 2014 Table A1","c.2010-11 ICE roster","signed 2006-02-27"
"wakecountysheriffsoffice","NORTH CAROLINA","Wake County Sheriff's Office","Kostandini et al. 2014 Table A1","c.2010-11 ICE roster","signed 2008-06-25"
"butlercountysheriffsoffice","OHIO","Butler County Sheriff's Office","Kostandini et al. 2014 Table A1","c.2010-11 ICE roster","signed 2008-02-05"
"tulsacountysheriffsoffice","OKLAHOMA","Tulsa County Sheriff's Office","Kostandini et al. 2014 Table A1","c.2010-11 ICE roster","signed 2007-08-06"
"beaufortcountysheriffsoffice","SOUTH CAROLINA","Beaufort County Sheriff's Office","Kostandini et al. 2014 Table A1","c.2010-11 ICE roster","signed 2008-06-25"
"charlestoncountysheriffsoffice","SOUTH CAROLINA","Charleston County Sheriff's Office","Kostandini et al. 2014 Table A1","c.2010-11 ICE roster","signed 2009-11-09"
"lexingtoncountysheriffsoffice","SOUTH CAROLINA","Lexington County Sheriff's Office","Kostandini et al. 2014 Table A1","c.2010-11 ICE roster","signed 2010-08-19"
"yorkcountysheriffsoffice","SOUTH CAROLINA","York County Sheriff's Office","Kostandini et al. 2014 Table A1","c.2010-11 ICE roster","signed 2007-10-16"
"davidsoncountysheriffsoffice","TENNESSEE","Davidson County Sheriff's Office","Kostandini et al. 2014 Table A1","c.2010-11 ICE roster","signed 2007-02-21"
"carrolltonpolicedepartment","TEXAS","Carrollton Police Department","Kostandini et al. 2014 Table A1","c.2010-11 ICE roster","signed 2008-08-12"
"farmersbranchpolicedepartment","TEXAS","Farmers Branch Police Department","Kostandini et al. 2014 Table A1","c.2010-11 ICE roster","signed 2008-07-08"
"harriscountysheriffsoffice","TEXAS","Harris County Sheriff's Office","Kostandini et al. 2014 Table A1","c.2010-11 ICE roster","signed 2008-07-20"
"washingtoncountysheriffsoffice","UTAH","Washington County Sheriff's Office","Kostandini et al. 2014 Table A1","c.2010-11 ICE roster","signed 2008-09-22"
"webercountysheriffsoffice","UTAH","Weber County Sheriff's Office","Kostandini et al. 2014 Table A1","c.2010-11 ICE roster","signed 2008-09-22"
"herndonpolicedepartment","VIRGINIA","Herndon Police Department","Kostandini et al. 2014 Table A1","c.2010-11 ICE roster","signed 2007-03-21"
"loudouncountysheriffsoffice","VIRGINIA","Loudoun County Sheriff's Office","Kostandini et al. 2014 Table A1","c.2010-11 ICE roster","signed 2008-06-25"
"manassasparkpolicedepartment","VIRGINIA","Manassas Park Police Department","Kostandini et al. 2014 Table A1","c.2010-11 ICE roster","signed 2008-03-10"
"manassaspolicedepartment","VIRGINIA","Manassas Police Department","Kostandini et al. 2014 Table A1","c.2010-11 ICE roster","signed 2008-03-05"
"princewilliamcountypolicedepartment","VIRGINIA","Prince William County Police Department","Kostandini et al. 2014 Table A1","c.2010-11 ICE roster","signed 2008-02-26"
"princewilliamcountysheriffsoffice","VIRGINIA","Prince William County Sheriff's Office","Kostandini et al. 2014 Table A1","c.2010-11 ICE roster","signed 2008-02-26"
"princewilliammanassasregionaljail","VIRGINIA","Prince William-Manassas Regional Jail","Kostandini et al. 2014 Table A1","c.2010-11 ICE roster","signed 2007-07-09"
"rockinghamcountysheriffsoffice","VIRGINIA","Rockingham County Sheriff's Office","Kostandini et al. 2014 Table A1","c.2010-11 ICE roster","signed 2007-04-25"
"shenandoahcountysheriffsoffice","VIRGINIA","Shenandoah County Sheriff's Office","Kostandini et al. 2014 Table A1","c.2010-11 ICE roster","signed 2007-05-10"
"alabamadepartmentofpublicsafety","ALABAMA","Alabama Department of Public Safety","Kostandini et al. 2014 Table A1","c.2010-11 ICE roster","signed 2003-09-10"
"arizonadepartmentofcorrections","ARIZONA","Arizona Department of Corrections","Kostandini et al. 2014 Table A1","c.2010-11 ICE roster","signed 2005-09-16"
"arizonadepartmentofpublicsafety","ARIZONA","Arizona Department of Public Safety","Kostandini et al. 2014 Table A1","c.2010-11 ICE roster","signed 2007-04-15"
"coloradodepartmentofpublicsafety","COLORADO","Colorado Department of Public Safety","Kostandini et al. 2014 Table A1","c.2010-11 ICE roster","signed 2007-03-29"
"delawaredepartmentofcorrections","DELAWARE","Delaware Department of Corrections","Kostandini et al. 2014 Table A1","c.2010-11 ICE roster","signed 2009-10-15"
"floridadepartmentoflawenforcement","FLORIDA","Florida Department of Law Enforcement","Kostandini et al. 2014 Table A1","c.2010-11 ICE roster","signed 2002-07-02"
"georgiadepartmentofpublicsafety","GEORGIA","Georgia Department of Public Safety","Kostandini et al. 2014 Table A1","c.2010-11 ICE roster","signed 2007-07-27"
"minnesotadepartmentofpublicsafety","MINNESOTA","Minnesota Department of Public Safety","Kostandini et al. 2014 Table A1","c.2010-11 ICE roster","signed 2008-09-22"
"missouristatehighwaypatrol","MISSOURI","Missouri State Highway Patrol","Kostandini et al. 2014 Table A1","c.2010-11 ICE roster","signed 2008-06-25"
"newmexicodepartmentofcorrections","NEW MEXICO","New Mexico Department of Corrections","Kostandini et al. 2014 Table A1","c.2010-11 ICE roster","signed 2007-09-17"
"tennesseehighwaypatroldepartmentofsafety","TENNESSEE","Tennessee Highway Patrol / Department of Safety","Kostandini et al. 2014 Table A1","c.2010-11 ICE roster","signed 2008-06-25"
"alabamadepartmentofpublicsafety",,"Alabama Department of Public Safety","Yale WIRAC FOIA","2008-01-17","in ICE production"
"alamancecountynorthcarolina",,"Alamance County, North Carolina","Yale WIRAC FOIA","2008-01-17","in ICE production"
"arizonadepartmentofcorrections",,"Arizona Department of Corrections","Yale WIRAC FOIA","2008-01-17","in ICE production"
"arizonadepartmentofpublicsafety",,"Arizona Department of Public Safety","Yale WIRAC FOIA","2008-01-17","in ICE production"
"barnstablecountymassachusetts",,"Barnstable County, Massachusetts","Yale WIRAC FOIA","2008-01-17","in ICE production"
"bentoncountyarkansas",,"Benton County, Arkansas","Yale WIRAC FOIA","2008-01-17","in ICE production"
"cabarruscountynorthcarolina",,"Cabarrus County, North Carolina","Yale WIRAC FOIA","2008-01-17","in ICE production"
"cobbcountygeorgia",,"Cobb County, Georgia","Yale WIRAC FOIA","2008-01-17","in ICE production"
"colliercountyflorida",,"Collier County, Florida","Yale WIRAC FOIA","2008-01-17","in ICE production"
"coloradodepartmentofpublicsafety",,"Colorado Department of Public Safety","Yale WIRAC FOIA","2008-01-17","in ICE production"
"elpasotexas",,"El Paso, Texas","Yale WIRAC FOIA","2008-01-17","in ICE production"
"florida",,"Florida","Yale WIRAC FOIA","2008-01-17","in ICE production"
"framinghammassachusetts",,"Framingham, Massachusetts","Yale WIRAC FOIA","2008-01-17","in ICE production"
"gastoncountync",,"Gaston County, N.C","Yale WIRAC FOIA","2008-01-17","in ICE production"
"georgiadepartmentofpublicsafety",,"Georgia Department of Public Safety","Yale WIRAC FOIA","2008-01-17","in ICE production"
"herndonvirginia",,"Herndon, Virginia","Yale WIRAC FOIA","2008-01-17","in ICE production"
"hudsonnewhampshire",,"Hudson, New Hampshire","Yale WIRAC FOIA","2008-01-17","in ICE production"
"lacountycalifornia",,"L.A. County, California","Yale WIRAC FOIA","2008-01-17","in ICE production"
"maricopacountyarizona",,"Maricopa County, Arizona","Yale WIRAC FOIA","2008-01-17","in ICE production"
"massachusettsdepartmentofcorrections",,"Massachusetts Department of Corrections","Yale WIRAC FOIA","2008-01-17","in ICE production"
"mecklenburgcountynorthcarolina",,"Mecklenburg County, North Carolina","Yale WIRAC FOIA","2008-01-17","in ICE production"
"nashvilleanddavidsoncountytennessee",,"Nashville & Davidson County, Tennessee","Yale WIRAC FOIA","2008-01-17","in ICE production"
"newmexicodepartmentofcorrections",,"New Mexico Corrections Department","Yale WIRAC FOIA","2008-01-17","in ICE production"
"orangecountycalifornia",,"Orange County, California","Yale WIRAC FOIA","2008-01-17","in ICE production"
"princewilliammanassasregionaladultdetentioncentervirginia",,"Prince William - Manassas Regional Adult Detention Center, Virginia","Yale WIRAC FOIA","2008-01-17","in ICE production"
"riversidecountycalifornia",,"Riverside County, California","Yale WIRAC FOIA","2008-01-17","in ICE production"
"rockinghamcountyvirginia",,"Rockingham County, Virginia","Yale WIRAC FOIA","2008-01-17","in ICE production"
"rogersarkansas",,"Rogers, Arkansas","Yale WIRAC FOIA","2008-01-17","in ICE production"
"sanbernardinocountycalifornia",,"San Bernardino County, California","Yale WIRAC FOIA","2008-01-17","in ICE production"
"shenandoahcountyvirginia",,"Shenandoah County, Virginia","Yale WIRAC FOIA","2008-01-17","in ICE production"
"springdalearkansas",,"Springdale, Arkansas","Yale WIRAC FOIA","2008-01-17","in ICE production"
"tulsacountyoklahoma",,"Tulsa County, Oklahoma","Yale WIRAC FOIA","2008-01-17","in ICE production"
"washingtoncountyarkansas",,"Washington County, Arkansas","Yale WIRAC FOIA","2008-01-17","in ICE production"
"yorkcountysouthcarolina",,"York County, South Carolina","Yale WIRAC FOIA","2008-01-17","in ICE production"
"alstatepolice","ALABAMA","AL State Police","CRS RL32270 App. A (11 Mar 2009)","2009-02-01","Task Force; signed 2003-09-10"
"etowahcountysheriffsoffice","ALABAMA","Etowah County Sheriff's Office","CRS RL32270 App. A (11 Mar 2009)","2009-02-01","Jail Enforcement; signed 2008-07-08"
"azdepartmentofcorrections","ARIZONA","AZ Department of Corrections","CRS RL32270 App. A (11 Mar 2009)","2009-02-01","Jail Enforcement; signed 2005-09-16"
"azdepartmentofpublicsafety","ARIZONA","AZ Department of Public Safety","CRS RL32270 App. A (11 Mar 2009)","2009-02-01","Task Force; signed 2007-04-15"
"phoenixpolicedepartment","ARIZONA","City of Phoenix Police Department","CRS RL32270 App. A (11 Mar 2009)","2009-02-01","Task Force; signed 2008-03-10"
"maricopacountysheriffsoffice","ARIZONA","Maricopa County Sheriff's Office","CRS RL32270 App. A (11 Mar 2009)","2009-02-01","Hybrid; signed 2007-02-07"
"pimacountysheriffsoffice","ARIZONA","Pima County Sheriff's Office","CRS RL32270 App. A (11 Mar 2009)","2009-02-01","Hybrid; signed 2008-03-10"
"pinalcountysheriffsoffice","ARIZONA","Pinal County Sheriff's Office","CRS RL32270 App. A (11 Mar 2009)","2009-02-01","Hybrid; signed 2008-03-10"
"yavapaicountysheriffsoffice","ARIZONA","Yavapai County Sheriff's Office","CRS RL32270 App. A (11 Mar 2009)","2009-02-01","Hybrid; signed 2008-03-10"
"bentoncountysheriffsoffice","ARKANSAS","Benton County Sheriff's Office","CRS RL32270 App. A (11 Mar 2009)","2009-02-01","Hybrid; signed 2007-09-26"
"springdalepolicedepartment","ARKANSAS","City of Springdale Police Department","CRS RL32270 App. A (11 Mar 2009)","2009-02-01","Task Force; signed 2007-09-26"
"rogerspolicedepartment","ARKANSAS","Rogers Police Department","CRS RL32270 App. A (11 Mar 2009)","2009-02-01","Task Force; signed 2007-09-25"
"washingtoncountysheriffsofficear","ARKANSAS","Washington County Sheriff's Office AR","CRS RL32270 App. A (11 Mar 2009)","2009-02-01","Hybrid; signed 2007-09-26"
"losangelescountysheriffsoffice","CALIFORNIA","Los Angeles County Sheriff's Office","CRS RL32270 App. A (11 Mar 2009)","2009-02-01","Jail Enforcement; signed 2005-02-01"
"orangecountysheriffsoffice","CALIFORNIA","Orange County Sheriff's Office","CRS RL32270 App. A (11 Mar 2009)","2009-02-01","Jail Enforcement; signed 2006-11-02"
"riversidecountysheriffsoffice","CALIFORNIA","Riverside County Sheriff's Office","CRS RL32270 App. A (11 Mar 2009)","2009-02-01","Jail Enforcement; signed 2006-04-28"
"sanbernardinocountysheriffsoffice","CALIFORNIA","San Bernardino County Sheriff's Office","CRS RL32270 App. A (11 Mar 2009)","2009-02-01","Jail Enforcement; signed 2005-10-19"
"countydepartmentofpublicsafety","COLORADO","CO Department of Public Safety","CRS RL32270 App. A (11 Mar 2009)","2009-02-01","Task Force; signed 2007-03-29"
"elpasocountysheriffsoffice","COLORADO","El Paso County Sheriff's Office","CRS RL32270 App. A (11 Mar 2009)","2009-02-01","Jail Enforcement; signed 2007-05-17"
"baycountysheriffsoffice","FLORIDA","Bay County Sheriff's Office","CRS RL32270 App. A (11 Mar 2009)","2009-02-01","Task Force; signed 2008-06-15"
"brevardcountysheriffsoffice","FLORIDA","Brevard County Sheriff's Office","CRS RL32270 App. A (11 Mar 2009)","2009-02-01","Jail Enforcement; signed 2008-08-13"
"colliercountysheriffsoffice","FLORIDA","Collier County Sheriff's Office","CRS RL32270 App. A (11 Mar 2009)","2009-02-01","Hybrid; signed 2007-08-06"
"fldepartmentoflawenforcement","FLORIDA","FL Department of Law Enforcement","CRS RL32270 App. A (11 Mar 2009)","2009-02-01","Task Force; signed 2002-07-02"
"jacksonvillesheriffsoffice","FLORIDA","Jacksonville Sheriff's Office","CRS RL32270 App. A (11 Mar 2009)","2009-02-01","Jail Enforcement; signed 2008-07-08"
"manateecountysheriffsoffice","FLORIDA","Manatee County Sheriff's Office","CRS RL32270 App. A (11 Mar 2009)","2009-02-01","Jail Enforcement; signed 2008-07-08"
"cobbcountysheriffsoffice","GEORGIA","Cobb County Sheriff's Office","CRS RL32270 App. A (11 Mar 2009)","2009-02-01","Jail Enforcement; signed 2007-02-13"
"gadepartmentofpublicsafety","GEORGIA","GA Department of Public Safety","CRS RL32270 App. A (11 Mar 2009)","2009-02-01","Task Force; signed 2007-07-27"
"hallcountysheriffsoffice","GEORGIA","Hall County Sheriff's Office","CRS RL32270 App. A (11 Mar 2009)","2009-02-01","Hybrid; signed 2008-02-29"
"whitfieldcountysheriffsoffice","GEORGIA","Whitfield County Sheriff's Office","CRS RL32270 App. A (11 Mar 2009)","2009-02-01","Jail Enforcement; signed 2008-02-04"
"frederickcountysheriffsoffice","MARYLAND","Frederick County Sheriff's Office","CRS RL32270 App. A (11 Mar 2009)","2009-02-01","Hybrid; signed 2008-02-06"
"barnstablecountysheriffsoffice","MASSACHUSETTS","Barnstable County Sheriff's Office","CRS RL32270 App. A (11 Mar 2009)","2009-02-01","Jail Enforcement; signed 2007-08-25"
"framinghampolicedepartment","MASSACHUSETTS","Framingham Police Department","CRS RL32270 App. A (11 Mar 2009)","2009-02-01","Task Force; signed 2007-08-14"
"madepartmentofcorrections","MASSACHUSETTS","MA Department of Corrections","CRS RL32270 App. A (11 Mar 2009)","2009-02-01","Jail Enforcement; signed 2007-03-26"
"mndepartmentofpublicsafety","MINNESOTA","MN Department of Public Safety","CRS RL32270 App. A (11 Mar 2009)","2009-02-01","Task Force; signed 2008-09-22"
"mostatehighwaypatrol","MISSOURI","MO State Highway Patrol","CRS RL32270 App. A (11 Mar 2009)","2009-02-01","Task Force; signed 2008-06-25"
"lasvegasmetropolitanpolicedepartment","NEVADA","Las Vegas Metropolitan Police Dept","CRS RL32270 App. A (11 Mar 2009)","2009-02-01","Jail Enforcement; signed 2008-09-08"
"hudsoncitypolicedepartment","NEW HAMPSHIRE","Hudson City Police Department","CRS RL32270 App. A (11 Mar 2009)","2009-02-01","Task Force; signed 2007-05-05"
"hudsoncountydepartmentofcorrections","NEW JERSEY","Hudson County Department of Corrections","CRS RL32270 App. A (11 Mar 2009)","2009-02-01","Jail Enforcement; signed 2008-08-11"
"nmdepartmentofcorrections","NEW MEXICO","NM Department of Corrections","CRS RL32270 App. A (11 Mar 2009)","2009-02-01","Jail Enforcement; signed 2007-09-17"
"alamancecountysheriffsoffice","NORTH CAROLINA","Alamance County Sheriff's Office","CRS RL32270 App. A (11 Mar 2009)","2009-02-01","Jail Enforcement; signed 2007-01-10"
"cabarruscountysheriffsoffice","NORTH CAROLINA","Cabarrus County Sheriff's Office","CRS RL32270 App. A (11 Mar 2009)","2009-02-01","Jail Enforcement; signed 2007-08-02"
"cumberlandcountysheriffsoffice","NORTH CAROLINA","Cumberland County Sheriff's Office","CRS RL32270 App. A (11 Mar 2009)","2009-02-01","Jail Enforcement; signed 2008-06-25"
"durhampolicedepartment","NORTH CAROLINA","Durham Police Department","CRS RL32270 App. A (11 Mar 2009)","2009-02-01","Task Force; signed 2008-02-01"
"gastoncountysheriffsoffice","NORTH CAROLINA","Gaston County Sheriff's Office","CRS RL32270 App. A (11 Mar 2009)","2009-02-01","Jail Enforcement; signed 2007-02-22"
"hendersoncountysheriffsoffice","NORTH CAROLINA","Henderson County Sheriff's Office","CRS RL32270 App. A (11 Mar 2009)","2009-02-01","Jail Enforcement; signed 2008-06-25"
"mecklenburgcountysheriffsoffice","NORTH CAROLINA","Mecklenburg County Sheriff's Office","CRS RL32270 App. A (11 Mar 2009)","2009-02-01","Jail Enforcement; signed 2006-02-27"
"wakecountysheriffsoffice","NORTH CAROLINA","Wake County Sheriff's Office","CRS RL32270 App. A (11 Mar 2009)","2009-02-01","Jail Enforcement; signed 2008-06-25"
"butlercountysheriffsoffice","OHIO","Butler County Sheriff's Office","CRS RL32270 App. A (11 Mar 2009)","2009-02-01","Hybrid; signed 2008-02-05"
"tulsacountysheriffsoffice","OKLAHOMA","Tulsa County Sheriff's Office","CRS RL32270 App. A (11 Mar 2009)","2009-02-01","Hybrid; signed 2007-08-06"
"beaufortcountysheriffsoffice","SOUTH CAROLINA","Beaufort County Sheriff's Office","CRS RL32270 App. A (11 Mar 2009)","2009-02-01","Task Force; signed 2008-06-25"
"yorkcountysheriffsoffice","SOUTH CAROLINA","York County Sheriff's Office","CRS RL32270 App. A (11 Mar 2009)","2009-02-01","Jail Enforcement; signed 2007-10-16"
"davidsoncountysheriffsoffice","TENNESSEE","Davidson County Sheriff's Office","CRS RL32270 App. A (11 Mar 2009)","2009-02-01","Jail Enforcement; signed 2007-02-21"
"tndepartmentofsafety","TENNESSEE","TN Department of Safety","CRS RL32270 App. A (11 Mar 2009)","2009-02-01","Task Force; signed 2008-06-25"
"carrolltonpolicedepartment","TEXAS","Carrollton Police Department","CRS RL32270 App. A (11 Mar 2009)","2009-02-01","Jail Enforcement; signed 2008-08-12"
"farmersbranchpolicedepartment","TEXAS","Farmers Branch Police Dept.","CRS RL32270 App. A (11 Mar 2009)","2009-02-01","Task Force; signed 2008-07-08"
"harriscountysheriffsoffice","TEXAS","Harris County Sheriff's Office","CRS RL32270 App. A (11 Mar 2009)","2009-02-01","Jail Enforcement; signed 2008-07-20"
"washingtoncountysheriffsofficeut","UTAH","Washington County Sheriff's Office UT","CRS RL32270 App. A (11 Mar 2009)","2009-02-01","Jail Enforcement; signed 2008-09-22"
"webercountysheriffsoffice","UTAH","Weber County Sheriff's Office","CRS RL32270 App. A (11 Mar 2009)","2009-02-01","Jail Enforcement; signed 2008-09-22"
"manassaspolicedepartment","VIRGINIA","City of Manassas Police Department","CRS RL32270 App. A (11 Mar 2009)","2009-02-01","Task Force; signed 2008-03-05"
"herndonpolicedepartment","VIRGINIA","Herndon Police Department","CRS RL32270 App. A (11 Mar 2009)","2009-02-01","Task Force; signed 2007-03-21"
"loudouncountysheriffsoffice","VIRGINIA","Loudoun County Sheriff's Office","CRS RL32270 App. A (11 Mar 2009)","2009-02-01","Task Force; signed 2008-06-25"
"manassasparkpolicedepartment","VIRGINIA","Manassas Park Police Department","CRS RL32270 App. A (11 Mar 2009)","2009-02-01","Task Force; signed 2008-03-10"
"princewilliamcountypolicedepartment","VIRGINIA","Prince William County Police Department","CRS RL32270 App. A (11 Mar 2009)","2009-02-01","Task Force; signed 2008-02-26"
"princewilliamcountysheriffsoffice","VIRGINIA","Prince William County Sheriff's Office","CRS RL32270 App. A (11 Mar 2009)","2009-02-01","Task Force; signed 2008-02-26"
"princewilliammanassasadultdetentioncenter","VIRGINIA","Prince William-Manassas Adult Detention Center","CRS RL32270 App. A (11 Mar 2009)","2009-02-01","Jail Enforcement; signed 2007-07-09"
"rockinghamcountysheriffsoffice","VIRGINIA","Rockingham County Sheriff's Office","CRS RL32270 App. A (11 Mar 2009)","2009-02-01","Hybrid; signed 2007-04-25"
"shenandoahcountysheriffsoffice","VIRGINIA","Shenandoah County Sheriff's Office","CRS RL32270 App. A (11 Mar 2009)","2009-02-01","Hybrid; signed 2007-05-10"
"alamancecountysheriffsoffice","NORTH CAROLINA","Alamance County Sheriff's Office","Cato WP 52 Table A1 (2018)","","; signed 2007-01-10"
"cabarruscountysheriffsoffice","NORTH CAROLINA","Cabarrus County Sheriff's Office","Cato WP 52 Table A1 (2018)","","; signed 2007-08-02"
"cumberlandcountysheriffsoffice","NORTH CAROLINA","Cumberland County Sheriff's Office","Cato WP 52 Table A1 (2018)","","; signed 2008-06-25"
"durhamcountysheriffsoffice","NORTH CAROLINA","Durham County Sheriff's Office","Cato WP 52 Table A1 (2018)","","; signed 2008-02-01"
"gastoncountysheriffsoffice","NORTH CAROLINA","Gaston County Sheriff's Office","Cato WP 52 Table A1 (2018)","","; signed 2007-02-22"
"guilfordcountysheriffsoffice","NORTH CAROLINA","Guilford County Sheriff's Office","Cato WP 52 Table A1 (2018)","","; signed 2009-10-15"
"hendersoncountysheriffsoffice","NORTH CAROLINA","Henderson County Sheriff's Office","Cato WP 52 Table A1 (2018)","","; signed 2008-06-25"
"mecklenburgcountysheriffsoffice","NORTH CAROLINA","Mecklenburg County Sheriff's Office","Cato WP 52 Table A1 (2018)","","; signed 2006-02-27"
"wakecountysheriffsoffice","NORTH CAROLINA","Wake County Sheriff's Office","Cato WP 52 Table A1 (2018)","","; signed 2008-06-25"
"alabamadepartmentofpublicsafety","","Alabama Department of Public Safety","GAO-09-109 App. III (1 Sep 2007)","2007-09-01","; signed "
"alamancecountysheriffsofficenorthcarolina","","Alamance County Sheriff's Office (North Carolina)","GAO-09-109 App. III (1 Sep 2007)","2007-09-01","; signed "
"arizonadepartmentofcorrections","","Arizona Department of Corrections","GAO-09-109 App. III (1 Sep 2007)","2007-09-01","; signed "
"arizonadepartmentofpublicsafety","","Arizona Department of Public Safety","GAO-09-109 App. III (1 Sep 2007)","2007-09-01","; signed "
"barnstablecountysheriffsofficemassachusetts","","Barnstable County Sheriff's Office (Massachusetts)","GAO-09-109 App. III (1 Sep 2007)","2007-09-01","; signed "
"cabarruscountysheriffsofficenorthcarolina","","Cabarrus County Sheriff's Office (North Carolina)","GAO-09-109 App. III (1 Sep 2007)","2007-09-01","; signed "
"cobbcountysheriffsofficegeorgia","","Cobb County Sheriff's Office (Georgia)","GAO-09-109 App. III (1 Sep 2007)","2007-09-01","; signed "
"colliercountysheriffsofficeflorida","","Collier County Sheriff's Office (Florida)","GAO-09-109 App. III (1 Sep 2007)","2007-09-01","; signed "
"coloradodepartmentofpublicsafetystatepatrol","","Colorado Department of Public Safety/State Patrol","GAO-09-109 App. III (1 Sep 2007)","2007-09-01","; signed "
"davidsoncountysheriffsofficetennessee","","Davidson County Sheriff's Office (Tennessee)","GAO-09-109 App. III (1 Sep 2007)","2007-09-01","; signed "
"elpasocountysheriffsofficecolorado","","El Paso County Sheriff's Office (Colorado)","GAO-09-109 App. III (1 Sep 2007)","2007-09-01","; signed "
"floridadepartmentoflawenforcement","","Florida Department of Law Enforcement","GAO-09-109 App. III (1 Sep 2007)","2007-09-01","; signed "
"framinghampolicedepartmentmassachusetts","","Framingham Police Department (Massachusetts)","GAO-09-109 App. III (1 Sep 2007)","2007-09-01","; signed "
"gastoncountysheriffsofficenorthcarolina","","Gaston County Sheriff's Office (North Carolina)","GAO-09-109 App. III (1 Sep 2007)","2007-09-01","; signed "
"georgiadepartmentofpublicsafety","","Georgia Department of Public Safety","GAO-09-109 App. III (1 Sep 2007)","2007-09-01","; signed "
"herndonpolicedepartmentvirginia","","Herndon Police Department (Virginia)","GAO-09-109 App. III (1 Sep 2007)","2007-09-01","; signed "
"hudsonpolicedepartmentnewhampshire","","Hudson Police Department (New Hampshire)","GAO-09-109 App. III (1 Sep 2007)","2007-09-01","; signed "
"losangelescountysheriffsofficecalifornia","","Los Angeles County Sheriff's Office (California)","GAO-09-109 App. III (1 Sep 2007)","2007-09-01","; signed "
"maricopacountysheriffsofficearizona","","Maricopa County Sheriff's Office (Arizona)","GAO-09-109 App. III (1 Sep 2007)","2007-09-01","; signed "
"massachusettsdepartmentofcorrections","","Massachusetts Department of Corrections","GAO-09-109 App. III (1 Sep 2007)","2007-09-01","; signed "
"mecklenburgcountysheriffsofficenorthcarolina","","Mecklenburg County Sheriff's Office (North Carolina)","GAO-09-109 App. III (1 Sep 2007)","2007-09-01","; signed "
"newmexicodepartmentofcorrections","","New Mexico Department of Corrections","GAO-09-109 App. III (1 Sep 2007)","2007-09-01","; signed "
"orangecountysheriffsofficecalifornia","","Orange County Sheriff's Office (California)","GAO-09-109 App. III (1 Sep 2007)","2007-09-01","; signed "
"princewilliammanassasadultdetentioncentervirginia","","Prince William-Manassas Adult Detention Center (Virginia)","GAO-09-109 App. III (1 Sep 2007)","2007-09-01","; signed "
"riversidecountysheriffsofficecalifornia","","Riverside County Sheriff's Office (California)","GAO-09-109 App. III (1 Sep 2007)","2007-09-01","; signed "
"rockinghamcountysheriffsofficevirginia","","Rockingham County Sheriff's Office (Virginia)","GAO-09-109 App. III (1 Sep 2007)","2007-09-01","; signed "
"sanbernardinocountysheriffsofficecalifornia","","San Bernardino County Sheriff's Office (California)","GAO-09-109 App. III (1 Sep 2007)","2007-09-01","; signed "
"shenandoahcountysheriffsofficevirginia","","Shenandoah County Sheriff's Office (Virginia)","GAO-09-109 App. III (1 Sep 2007)","2007-09-01","; signed "
"tulsacountysheriffsofficeoklahoma","","Tulsa County Sheriff's Office (Oklahoma)","GAO-09-109 App. III (1 Sep 2007)","2007-09-01","; signed "
"alabamadepartmentofpublicsafety","ALABAMA","Alabama Department of Public Safety","MPI A Program in Flux App. 1 (Jan 2010)","2010-01-01","Task Force; signed 2003-09-10"
"etowahcountysheriffsoffice","ALABAMA","Etowah County Sheriff's Office","MPI A Program in Flux App. 1 (Jan 2010)","2010-01-01","Jail Enforcement; signed 2008-07-08"
"bentoncountysheriffsoffice","ARIZONA","Benton County Sheriff's Office","MPI A Program in Flux App. 1 (Jan 2010)","2010-01-01","Hybrid; signed 2007-09-26"
"mesapolicedepartment","ARIZONA","City of Mesa Police Department","MPI A Program in Flux App. 1 (Jan 2010)","2010-01-01","Task Force; signed 2009-11-19"
"phoenixpolicedepartment","ARIZONA","City of Phoenix Police Department","MPI A Program in Flux App. 1 (Jan 2010)","2010-01-01","Task Force; signed 2008-03-10"
"arizonadepartmentofcorrections","ARIZONA","Arizona Department of Corrections","MPI A Program in Flux App. 1 (Jan 2010)","2010-01-01","Jail Enforcement; signed 2005-09-16"
"arizonadepartmentofpublicsafety","ARIZONA","Arizona Department of Public Safety","MPI A Program in Flux App. 1 (Jan 2010)","2010-01-01","Task Force; signed 2007-04-15"
"florencepolicedepartment","ARIZONA","Florence Police Department","MPI A Program in Flux App. 1 (Jan 2010)","2010-01-01","Task Force; signed 2009-10-21"
"maricopacountysheriffsoffice","ARIZONA","Maricopa County Sheriff's Office","MPI A Program in Flux App. 1 (Jan 2010)","2010-01-01","Jail Enforcement; signed 2007-02-07"
"pimacountysheriffsoffice","ARIZONA","Pima County Sheriff's Office","MPI A Program in Flux App. 1 (Jan 2010)","2010-01-01","Hybrid; signed 2008-03-10"
"pinalcountysheriffsoffice","ARIZONA","Pinal County Sheriff's Office","MPI A Program in Flux App. 1 (Jan 2010)","2010-01-01","Hybrid; signed 2008-03-10"
"yavapaicountysheriffsoffice","ARIZONA","Yavapai County Sheriff's Office","MPI A Program in Flux App. 1 (Jan 2010)","2010-01-01","Hybrid; signed 2008-03-10"
"springdalepolicedepartment","ARKANSAS","City of Springdale Police Department","MPI A Program in Flux App. 1 (Jan 2010)","2010-01-01","Task Force; signed 2007-09-26"
"rogerspolicedepartment","ARKANSAS","Rogers Police Department","MPI A Program in Flux App. 1 (Jan 2010)","2010-01-01","Task Force; signed 2007-09-25"
"massachusettsdepartmentofcorrections","MASSACHUSETTS","Massachusetts Department of Corrections","MPI A Program in Flux App. 1 (Jan 2010)","2010-01-01","Jail Enforcement; signed 2007-03-26"
"newmexicodepartmentofcorrections","NEW MEXICO","New Mexico Department of Corrections","MPI A Program in Flux App. 1 (Jan 2010)","2010-01-01","Jail Enforcement; signed 2007-09-17"
"orangecountysheriffsoffice","CALIFORNIA","Orange County Sheriff's Office","MPI A Program in Flux App. 1 (Jan 2010)","2010-01-01","Jail Enforcement; signed 2006-11-02"
"riversidecountysheriffsoffice","CALIFORNIA","Riverside County Sheriff's Office","MPI A Program in Flux App. 1 (Jan 2010)","2010-01-01","Jail Enforcement; signed 2006-04-28"
"sanbernardinocountysheriffsoffice","CALIFORNIA","San Bernardino County Sheriff's Office","MPI A Program in Flux App. 1 (Jan 2010)","2010-01-01","Jail Enforcement; signed 2005-11-19"
"coloradodepartmentofpublicsafety","COLORADO","Colorado Department of Public Safety","MPI A Program in Flux App. 1 (Jan 2010)","2010-01-01","Task Force; signed 2007-03-29"
"elpasocountysheriffsoffice","COLORADO","El Paso County Sheriff's Office","MPI A Program in Flux App. 1 (Jan 2010)","2010-01-01","Jail Enforcement; signed 2007-05-17"
"danburypolicedepartment","CONNECTICUT","City of Danbury Police Department**","MPI A Program in Flux App. 1 (Jan 2010)","2010-01-01","Task Force; signed 2009-10-15"
"baycountysheriffsoffice","DELAWARE","Bay County Sheriff's Office","MPI A Program in Flux App. 1 (Jan 2010)","2010-01-01","Task Force; signed 2008-06-15"
"delawaredepartmentofcorrections","DELAWARE","Delaware Department of Corrections","MPI A Program in Flux App. 1 (Jan 2010)","2010-01-01","Jail Enforcement; signed 2009-10-15"
"cobbcountysheriffsoffice","FLORIDA","Cobb County Sheriff's Office","MPI A Program in Flux App. 1 (Jan 2010)","2010-01-01","Jail Enforcement; signed 2007-02-13"
"colliercountysheriffsoffice","FLORIDA","Collier County Sheriff's Office","MPI A Program in Flux App. 1 (Jan 2010)","2010-01-01","Hybrid; signed 2007-08-06"
"floridadepartmentoflawenforcement","FLORIDA","Florida Department of Law Enforcement","MPI A Program in Flux App. 1 (Jan 2010)","2010-01-01","Task Force; signed 2002-07-02"
"jacksonvillesheriffsoffice","FLORIDA","Jacksonville Sheriff's Office","MPI A Program in Flux App. 1 (Jan 2010)","2010-01-01","Jail Enforcement; signed 2008-07-08"
"georgiadepartmentofpublicsafety","GEORGIA","Georgia Department of Public Safety","MPI A Program in Flux App. 1 (Jan 2010)","2010-01-01","Task Force; signed 2007-07-27"
"gwinnettcountysheriffsoffice","GEORGIA","Gwinnett County Sheriff's Office","MPI A Program in Flux App. 1 (Jan 2010)","2010-01-01","Jail Enforcement; signed 2009-10-15"
"hallcountysheriffsoffice","GEORGIA","Hall County Sheriff's Office","MPI A Program in Flux App. 1 (Jan 2010)","2010-01-01","Hybrid; signed 2008-02-29"
"whitfieldcountysheriffsoffice","GEORGIA","Whitfield County Sheriff's Office","MPI A Program in Flux App. 1 (Jan 2010)","2010-01-01","Jail Enforcement; signed 2008-02-04"
"frederickcountysheriffsoffice","MARYLAND","Frederick County Sheriff's Office","MPI A Program in Flux App. 1 (Jan 2010)","2010-01-01","Hybrid; signed 2008-02-06"
"minnesotadepartmentofpublicsafety","MINNESOTA","Minnesota Department of Public Safety","MPI A Program in Flux App. 1 (Jan 2010)","2010-01-01","Task Force; signed 2008-09-22"
"alamancecountysheriffsoffice","MISSOURI","Alamance County Sheriff's Office","MPI A Program in Flux App. 1 (Jan 2010)","2010-01-01","Jail Enforcement; signed 2007-01-10"
"butlercountysheriffsoffice","MISSOURI","Butler County Sheriff's Office","MPI A Program in Flux App. 1 (Jan 2010)","2010-01-01","Hybrid; signed 2008-02-05"
"gastoncountysheriffsoffice","NORTH CAROLINA","Gaston County Sheriff's Office","MPI A Program in Flux App. 1 (Jan 2010)","2010-01-01","Jail Enforcement; signed 2007-02-22"
"cabarruscountysheriffsoffice","MISSOURI","Cabarrus County Sheriff's Office","MPI A Program in Flux App. 1 (Jan 2010)","2010-01-01","Jail Enforcement; signed 2007-08-02"
"lasvegasmetropolitanpolicedepartment","NEVADA","Las Vegas Metropolitan Police Department","MPI A Program in Flux App. 1 (Jan 2010)","2010-01-01","Jail Enforcement; signed 2008-09-08"
"durhampolicedepartment","MISSOURI","Durham Police Department","MPI A Program in Flux App. 1 (Jan 2010)","2010-01-01","Task Force; signed 2008-02-01"
"guilfordcountysheriffsoffice","MISSOURI","Guilford County Sheriff's Office***","MPI A Program in Flux App. 1 (Jan 2010)","2010-01-01","Task Force; signed 2009-10-15"
"hendersoncountysheriffsoffice","MISSOURI","Henderson County Sheriff's Office","MPI A Program in Flux App. 1 (Jan 2010)","2010-01-01","Jail Enforcement; signed 2008-06-25"
"hudsoncitypolicedepartment","MISSOURI","Hudson City Police Department","MPI A Program in Flux App. 1 (Jan 2010)","2010-01-01","Task Force; signed 2007-05-05"
"mecklenburgcountysheriffsoffice","MISSOURI","Mecklenburg County Sheriff's Office","MPI A Program in Flux App. 1 (Jan 2010)","2010-01-01","Jail Enforcement; signed 2006-02-27"
"monmouthcountysheriffsoffice","MISSOURI","Monmouth County Sheriff's Office **","MPI A Program in Flux App. 1 (Jan 2010)","2010-01-01","Jail Enforcement; signed 2009-10-15"
"statehighwaypatrol","MISSOURI","State Highway Patrol","MPI A Program in Flux App. 1 (Jan 2010)","2010-01-01","Task Force; signed 2008-06-25"
"tulsacountysheriffsoffice","MISSOURI","Tulsa County Sheriff's Office","MPI A Program in Flux App. 1 (Jan 2010)","2010-01-01","Hybrid; signed 2007-08-06"
"wakecountysheriffsoffice","MISSOURI","Wake County Sheriff's Office","MPI A Program in Flux App. 1 (Jan 2010)","2010-01-01","Jail Enforcement; signed 2008-06-25"
"charlestoncountysheriffsoffice","SOUTH CAROLINA","Charleston County Sheriff's Office","MPI A Program in Flux App. 1 (Jan 2010)","2010-01-01","Jail Enforcement; signed 2009-11-09"
"carrolltonpolicedepartment","RHODE ISLAND","Carrollton Police Department","MPI A Program in Flux App. 1 (Jan 2010)","2010-01-01","Jail Enforcement; signed 2008-08-12"
"davidsoncountysheriffsoffice","RHODE ISLAND","Davidson County Sheriff's Office","MPI A Program in Flux App. 1 (Jan 2010)","2010-01-01","Jail Enforcement; signed 2007-02-21"
"beaufortcountysheriffsoffice","SOUTH CAROLINA","Beaufort County Sheriff's Office","MPI A Program in Flux App. 1 (Jan 2010)","2010-01-01","Task Force; signed 2008-06-25"
"rhodeislandstatepolice","RHODE ISLAND","Rhode Island State Police","MPI A Program in Flux App. 1 (Jan 2010)","2010-01-01","Task Force; signed 2009-10-15"
"yorkcountysheriffsoffice","RHODE ISLAND","York County Sheriff's Office","MPI A Program in Flux App. 1 (Jan 2010)","2010-01-01","Jail Enforcement; signed 2007-10-16"
"farmersbranchpolicedepartment","TEXAS","Farmers Branch Police Department","MPI A Program in Flux App. 1 (Jan 2010)","2010-01-01","Task Force; signed 2008-07-08"
"harriscountysheriffsoffice","TEXAS","Harris County Sheriff's Office","MPI A Program in Flux App. 1 (Jan 2010)","2010-01-01","Jail Enforcement; signed 2008-07-20"
"princewilliamcountypolicedepartment","VIRGINIA","Prince William County Police Department","MPI A Program in Flux App. 1 (Jan 2010)","2010-01-01","; signed 2008-02-26"
"herndonpolicedepartment","UTAH","Herndon Police Department","MPI A Program in Flux App. 1 (Jan 2010)","2010-01-01","; signed 2007-03-21"
"losangelescountysheriffsoffice","UTAH","Los Angeles County Sheriff's Office","MPI A Program in Flux App. 1 (Jan 2010)","2010-01-01","Jail Enforcement; signed 2005-02-01"
"loudouncountysheriffsoffice","UTAH","Loudoun County Sheriff's Office","MPI A Program in Flux App. 1 (Jan 2010)","2010-01-01","Task Force; signed 2008-06-25"
"manassasparkpolicedepartment","UTAH","Manassas Park Police Department","MPI A Program in Flux App. 1 (Jan 2010)","2010-01-01","Task Force; signed 2008-03-10"
"manassaspolicedepartment","UTAH","Manassas Police Department","MPI A Program in Flux App. 1 (Jan 2010)","2010-01-01","Task Force; signed 2008-03-05"
"princewilliamcountysheriffsoffice","UTAH","Prince William County Sheriff's Office","MPI A Program in Flux App. 1 (Jan 2010)","2010-01-01","Task Force; signed 2008-02-26"
"princewilliammanassasregionaljail","UTAH","Prince William-Manassas Regional Jail","MPI A Program in Flux App. 1 (Jan 2010)","2010-01-01","Jail Enforcement; signed 2007-07-09"
"rockinghamcountysheriffsoffice","UTAH","Rockingham County Sheriff's Office","MPI A Program in Flux App. 1 (Jan 2010)","2010-01-01","Hybrid; signed 2007-04-25"
"shenandoahcountysheriffsoffice","UTAH","Shenandoah County Sheriff's Office","MPI A Program in Flux App. 1 (Jan 2010)","2010-01-01","Hybrid; signed 2007-05-10"
"webercountysheriffsoffice","UTAH","Weber County Sheriff's Office","MPI A Program in Flux App. 1 (Jan 2010)","2010-01-01","Jail Enforcement; signed 2008-09-22"
"washingtoncountysheriffsoffice","UTAH","Washington County Sheriff Office","MPI A Program in Flux App. 1 (Jan 2010)","2010-01-01","Jail Enforcement; signed 2008-09-22"
"arizonadepartmentofcorrections","ARIZONA","Arizona Department of Corrections","MPI Delegation and Divergence App. 2 (Aug 2010)","2010-08-01","Jail Enforcement; signed 2005-09-16"
"arizonadepartmentofpublicsafety","ARIZONA","Arizona Department of Public Safety","MPI Delegation and Divergence App. 2 (Aug 2010)","2010-08-01","Hybrid; signed 2007-04-15"
"mesapolicedepartment","ARIZONA","City of Mesa Police Department","MPI Delegation and Divergence App. 2 (Aug 2010)","2010-08-01","Hybrid; signed 2009-11-19"
"phoenixpolicedepartment","ARIZONA","City of Phoenix Police Department","MPI Delegation and Divergence App. 2 (Aug 2010)","2010-08-01","Hybrid; signed 2008-03-10"
"florencepolicedepartment","ARIZONA","Florence Police Department","MPI Delegation and Divergence App. 2 (Aug 2010)","2010-08-01","Task Force; signed 2009-10-21"
"maricopacountysheriffsoffice","ARIZONA","Maricopa County Sheriff's Office","MPI Delegation and Divergence App. 2 (Aug 2010)","2010-08-01","Jail Enforcement; signed 2007-02-07"
"pimacountysheriffsoffice","ARIZONA","Pima County Sheriff's Office","MPI Delegation and Divergence App. 2 (Aug 2010)","2010-08-01","Hybrid; signed 2008-03-10"
"pinalcountysheriffsoffice","ARIZONA","Pinal County Sheriff's Office","MPI Delegation and Divergence App. 2 (Aug 2010)","2010-08-01","Hybrid; signed 2008-03-10"
"yavapaicountysheriffsoffice","ARIZONA","Yavapai County Sheriff's Office","MPI Delegation and Divergence App. 2 (Aug 2010)","2010-08-01","Hybrid; signed 2008-03-10"
"bentoncountysheriffsoffice","ARKANSAS","Benton County Sheriff's Office","MPI Delegation and Divergence App. 2 (Aug 2010)","2010-08-01","Hybrid; signed 2007-09-26"
"springdalepolicedepartment","ARKANSAS","City of Springdale Police Department","MPI Delegation and Divergence App. 2 (Aug 2010)","2010-08-01","Task Force; signed 2007-09-26"
"rogerspolicedepartment","ARKANSAS","Rogers Police Department","MPI Delegation and Divergence App. 2 (Aug 2010)","2010-08-01","Task Force; signed 2007-09-25"
"washingtoncountysheriffsoffice","ARKANSAS","Washington County Sheriff's Office","MPI Delegation and Divergence App. 2 (Aug 2010)","2010-08-01","Hybrid; signed 2007-09-26"
"losangelescountysheriffsoffice","CALIFORNIA","Los Angeles County Sheriff's Office","MPI Delegation and Divergence App. 2 (Aug 2010)","2010-08-01","Jail Enforcement; signed 2005-02-01"
"orangecountysheriffsoffice","CALIFORNIA","Orange County Sheriff's Office","MPI Delegation and Divergence App. 2 (Aug 2010)","2010-08-01","Jail Enforcement; signed 2006-11-02"
"riversidecountysheriffsoffice","CALIFORNIA","Riverside County Sheriff's Office","MPI Delegation and Divergence App. 2 (Aug 2010)","2010-08-01","Jail Enforcement; signed 2006-04-28"
"sanbernardinocountysheriffsoffice","CALIFORNIA","San Bernardino County Sheriff's Office","MPI Delegation and Divergence App. 2 (Aug 2010)","2010-08-01","Jail Enforcement; signed 2005-11-19"
"coloradodepartmentofpublicsafety","COLORADO","Colorado Department of Public Safety","MPI Delegation and Divergence App. 2 (Aug 2010)","2010-08-01","Task Force; signed 2007-03-29"
"elpasocountysheriffsoffice","COLORADO","El Paso County Sheriff's Office","MPI Delegation and Divergence App. 2 (Aug 2010)","2010-08-01","Jail Enforcement; signed 2007-05-17"
"danburypolicedepartment","CONNECTICUT","City of Danbury Police Department","MPI Delegation and Divergence App. 2 (Aug 2010)","2010-08-01","Task Force; signed 2009-10-15"
"delawaredepartmentofcorrections","DELAWARE","Delaware Department of Corrections","MPI Delegation and Divergence App. 2 (Aug 2010)","2010-08-01","Jail Enforcement; signed 2009-10-15"
"baycountysheriffsoffice","FLORIDA","Bay County Sheriff's Office","MPI Delegation and Divergence App. 2 (Aug 2010)","2010-08-01","Task Force; signed 2008-06-15"
"colliercountysheriffsoffice","FLORIDA","Collier County Sheriff's Office","MPI Delegation and Divergence App. 2 (Aug 2010)","2010-08-01","Hybrid; signed 2007-08-06"
"floridadepartmentoflawenforcement","FLORIDA","Florida Department of Law Enforcement","MPI Delegation and Divergence App. 2 (Aug 2010)","2010-08-01","Task Force; signed 2002-07-02"
"jacksonvillesheriffsoffice","FLORIDA","Jacksonville Sheriff's Office","MPI Delegation and Divergence App. 2 (Aug 2010)","2010-08-01","Jail Enforcement; signed 2008-07-08"
"cobbcountysheriffsoffice","GEORGIA","Cobb County Sheriff's Office","MPI Delegation and Divergence App. 2 (Aug 2010)","2010-08-01","Jail Enforcement; signed 2007-02-13"
"georgiadepartmentofpublicsafety","GEORGIA","Georgia Department of Public Safety","MPI Delegation and Divergence App. 2 (Aug 2010)","2010-08-01","Task Force; signed 2007-07-27"
"gwinnettcountysheriffsoffice","GEORGIA","Gwinnett County Sheriff's Office","MPI Delegation and Divergence App. 2 (Aug 2010)","2010-08-01","Jail Enforcement; signed 2009-10-15"
"hallcountysheriffsoffice","GEORGIA","Hall County Sheriff's Office","MPI Delegation and Divergence App. 2 (Aug 2010)","2010-08-01","Hybrid; signed 2008-02-29"
"whitfieldcountysheriffsoffice","GEORGIA","Whitfield County Sheriff's Office","MPI Delegation and Divergence App. 2 (Aug 2010)","2010-08-01","Jail Enforcement; signed 2008-02-04"
"frederickcountysheriffsoffice","MARYLAND","Frederick County Sheriff's Office","MPI Delegation and Divergence App. 2 (Aug 2010)","2010-08-01","Hybrid; signed 2008-02-06"
"minnesotadepartmentofpublicsafety","MINNESOTA","Minnesota Department of Public Safety","MPI Delegation and Divergence App. 2 (Aug 2010)","2010-08-01","Task Force; signed 2008-09-22"
"missouristatehighwaypatrol","MISSOURI","Missouri State Highway Patrol","MPI Delegation and Divergence App. 2 (Aug 2010)","2010-08-01","Task Force; signed 2008-06-25"
"lasvegasmetropolitanpolicedepartment","NEVADA","Las Vegas Metropolitan Police Department","MPI Delegation and Divergence App. 2 (Aug 2010)","2010-08-01","Jail Enforcement; signed 2008-09-08"
"hudsoncitypolicedepartment","NEW HAMPSHIRE","Hudson City Police Department","MPI Delegation and Divergence App. 2 (Aug 2010)","2010-08-01","Task Force; signed 2007-05-05"
"hudsoncountydepartmentofcorrections","NEW JERSEY","Hudson County Department of Corrections","MPI Delegation and Divergence App. 2 (Aug 2010)","2010-08-01","Hybrid; signed 2008-08-11"
"monmouthcountysheriffsoffice","NEW JERSEY","Monmouth County Sheriff's Office","MPI Delegation and Divergence App. 2 (Aug 2010)","2010-08-01","Jail Enforcement; signed 2009-10-15"
"newmexicodepartmentofcorrections","NEW MEXICO","New Mexico Department of Corrections","MPI Delegation and Divergence App. 2 (Aug 2010)","2010-08-01","Jail Enforcement; signed 2007-09-17"
"alamancecountysheriffsoffice","NORTH CAROLINA","Alamance County Sheriff's Office","MPI Delegation and Divergence App. 2 (Aug 2010)","2010-08-01","Jail Enforcement; signed 2007-01-10"
"cabarruscountysheriffsoffice","NORTH CAROLINA","Cabarrus County Sheriff's Office","MPI Delegation and Divergence App. 2 (Aug 2010)","2010-08-01","Jail Enforcement; signed 2007-08-02"
"durhampolicedepartment","NORTH CAROLINA","Durham Police Department","MPI Delegation and Divergence App. 2 (Aug 2010)","2010-08-01","Task Force; signed 2008-02-01"
"gastoncountysheriffsoffice","NORTH CAROLINA","Gaston County Sheriff's Office","MPI Delegation and Divergence App. 2 (Aug 2010)","2010-08-01","Jail Enforcement; signed 2007-02-22"
"guilfordcountysheriffsoffice","NORTH CAROLINA","Guilford County Sheriff's Office","MPI Delegation and Divergence App. 2 (Aug 2010)","2010-08-01","Task Force; signed 2009-10-15"
"hendersoncountysheriffsoffice","NORTH CAROLINA","Henderson County Sheriff's Office","MPI Delegation and Divergence App. 2 (Aug 2010)","2010-08-01","Jail Enforcement; signed 2008-06-25"
"mecklenburgcountysheriffsoffice","NORTH CAROLINA","Mecklenburg County Sheriff's Office","MPI Delegation and Divergence App. 2 (Aug 2010)","2010-08-01","Jail Enforcement; signed 2006-02-27"
"wakecountysheriffsoffice","NORTH CAROLINA","Wake County Sheriff's Office","MPI Delegation and Divergence App. 2 (Aug 2010)","2010-08-01","Jail Enforcement; signed 2008-06-25"
"butlercountysheriffsoffice","OHIO","Butler County Sheriff's Office","MPI Delegation and Divergence App. 2 (Aug 2010)","2010-08-01","Hybrid; signed 2008-02-05"
"tulsacountysheriffsoffice","OKLAHOMA","Tulsa County Sheriff's Office","MPI Delegation and Divergence App. 2 (Aug 2010)","2010-08-01","Hybrid; signed 2007-08-06"
"rhodeislandstatepolice","RHODE ISLAND","Rhode Island State Police","MPI Delegation and Divergence App. 2 (Aug 2010)","2010-08-01","Task Force; signed 2009-10-15"
"beaufortcountysheriffsoffice","SOUTH CAROLINA","Beaufort County Sheriff's Office","MPI Delegation and Divergence App. 2 (Aug 2010)","2010-08-01","Task Force; signed 2008-06-25"
"charlestoncountysheriffsoffice","SOUTH CAROLINA","Charleston County Sheriff's Office","MPI Delegation and Divergence App. 2 (Aug 2010)","2010-08-01","Jail Enforcement; signed 2009-11-09"
"yorkcountysheriffsoffice","SOUTH CAROLINA","York County Sheriff's Office","MPI Delegation and Divergence App. 2 (Aug 2010)","2010-08-01","Jail Enforcement; signed 2007-10-16"
"davidsoncountysheriffsoffice","TENNESSEE","Davidson County Sheriff's Office","MPI Delegation and Divergence App. 2 (Aug 2010)","2010-08-01","Jail Enforcement; signed 2007-02-21"
"tennesseedepartmentofsafety","TENNESSEE","Tennessee Department of Safety","MPI Delegation and Divergence App. 2 (Aug 2010)","2010-08-01","Task Force; signed 2008-06-25"
"carrolltonpolicedepartment","TEXAS","Carrollton Police Department","MPI Delegation and Divergence App. 2 (Aug 2010)","2010-08-01","Jail Enforcement; signed 2008-08-12"
"farmersbranchpolicedepartment","TEXAS","Farmers Branch Police Department","MPI Delegation and Divergence App. 2 (Aug 2010)","2010-08-01","Task Force; signed 2008-07-08"
"harriscountysheriffsoffice","TEXAS","Harris County Sheriff's Office","MPI Delegation and Divergence App. 2 (Aug 2010)","2010-08-01","Jail Enforcement; signed 2008-07-20"
"washingtoncountysheriffsoffice","UTAH","Washington County Sheriff Office","MPI Delegation and Divergence App. 2 (Aug 2010)","2010-08-01","Jail Enforcement; signed 2008-09-22"
"webercountysheriffsoffice","UTAH","Weber County Sheriff's Office","MPI Delegation and Divergence App. 2 (Aug 2010)","2010-08-01","Jail Enforcement; signed 2008-09-22"
"herndonpolicedepartment","VIRGINIA","Herndon Police Department","MPI Delegation and Divergence App. 2 (Aug 2010)","2010-08-01","Task Force; signed 2007-03-21"
"loudouncountysheriffsoffice","VIRGINIA","Loudoun County Sheriff's Office","MPI Delegation and Divergence App. 2 (Aug 2010)","2010-08-01","Task Force; signed 2008-06-25"
"manassasparkpolicedepartment","VIRGINIA","Manassas Park Police Department","MPI Delegation and Divergence App. 2 (Aug 2010)","2010-08-01","Task Force; signed 2008-03-10"
"manassaspolicedepartment","VIRGINIA","Manassas Police Department","MPI Delegation and Divergence App. 2 (Aug 2010)","2010-08-01","Task Force; signed 2008-03-05"
"princewilliamcountypolicedepartment","VIRGINIA","Prince William County Police Department","MPI Delegation and Divergence App. 2 (Aug 2010)","2010-08-01","Task Force; signed 2008-02-26"
"princewilliamcountysheriffsoffice","VIRGINIA","Prince William County Sheriff's Office","MPI Delegation and Divergence App. 2 (Aug 2010)","2010-08-01","Task Force; signed 2008-02-26"
"princewilliammanassasregionaljail","VIRGINIA","Prince William-Manassas Regional Jail","MPI Delegation and Divergence App. 2 (Aug 2010)","2010-08-01","Jail Enforcement; signed 2007-07-09"
"rockinghamcountysheriffsoffice","VIRGINIA","Rockingham County Sheriff's Office","MPI Delegation and Divergence App. 2 (Aug 2010)","2010-08-01","Hybrid; signed 2007-04-25"
"shenandoahcountysheriffsoffice","VIRGINIA","Shenandoah County Sheriff's Office","MPI Delegation and Divergence App. 2 (Aug 2010)","2010-08-01","Hybrid; signed 2007-05-10"
"etowahcountysheriffsoffice","ALABAMA","Etowah County Sheriff’s Office","McCann et al. 2024 Appendix","","; signed 2016-06-08"
"kodiakpolicedepartment","ALASKA","Kodiak Police Department","McCann et al. 2024 Appendix","","; signed 2020-07-20"
"arizonadepartmentofcorrections","ARIZONA","Arizona Department of Corrections","McCann et al. 2024 Appendix","","; signed 2020-06-16"
"lapazcountysheriffsoffice","ARIZONA","La Paz County Sheriff’s Office","McCann et al. 2024 Appendix","","; signed 2020-02-27"
"lapazcountysheriffsoffice","ARIZONA","La Paz County Sheriff’s Office","McCann et al. 2024 Appendix","","; signed 2020-03-12"
"mesapolicedepartment","ARIZONA","Mesa Police Department","McCann et al. 2024 Appendix","","; signed 2020-06-08"
"pinalcountysheriffsoffice","ARIZONA","Pinal County Sheriff’s Office","McCann et al. 2024 Appendix","","; signed 2020-06-09"
"yavapaicountysheriffsoffice","ARIZONA","Yavapai County Sheriff’s Office","McCann et al. 2024 Appendix","","; signed 2020-06-09"
"bentoncountysheriffsoffice","ARKANSAS","Benton County Sheriff’s Office","McCann et al. 2024 Appendix","","; signed 2020-06-30"
"craigheadcountysheriffsoffice","ARKANSAS","Craighead County Sheriff’s Office","McCann et al. 2024 Appendix","","; signed 2020-06-18"
"tellercountysheriffsoffice","COLORADO","Teller County Sheriff’s Office","McCann et al. 2024 Appendix","","; signed 2020-06-08"
"bakercountysheriffsoffice","FLORIDA","Baker County Sheriff’s Office","McCann et al. 2024 Appendix","","; signed 2019-10-15"
"baycountysheriffsoffice","FLORIDA","Bay County Sheriff’s Office","McCann et al. 2024 Appendix","","; signed 2019-10-15"
"bradfordcountysheriffsoffice","FLORIDA","Bradford County Sheriff’s Office","McCann et al. 2024 Appendix","","; signed 2019-10-15"
"brevardcountysheriffsoffice","FLORIDA","Brevard County Sheriff’s Office","McCann et al. 2024 Appendix","","; signed 2019-05-06"
"browardcountysheriffsoffice","FLORIDA","Broward County Sheriff’s Office","McCann et al. 2024 Appendix","","; signed 2019-09-09"
"calhouncountysheriffsoffice","FLORIDA","Calhoun County Sheriff’s Office","McCann et al. 2024 Appendix","","; signed 2019-09-09"
"charlottecountysheriffsoffice","FLORIDA","Charlotte County Sheriff’s Office","McCann et al. 2024 Appendix","","; signed 2019-05-06"
"claycountysheriffsoffice","FLORIDA","Clay County Sheriff’s Office","McCann et al. 2024 Appendix","","; signed 2020-03-11"
"colliercountysheriffsoffice","FLORIDA","Collier County Sheriff’s Office","McCann et al. 2024 Appendix","","; signed 2020-06-09"
"columbiacountysheriffsoffice","FLORIDA","Columbia County Sheriff’s Office","McCann et al. 2024 Appendix","","; signed 2019-05-06"
"desotocountysheriffsoffice","FLORIDA","DeSoto County Sheriff’s Office","McCann et al. 2024 Appendix","","; signed 2019-10-15"
"flaglercountysheriffsoffice","FLORIDA","Flagler County Sheriff’s Office","McCann et al. 2024 Appendix","","; signed 2019-09-09"
"floridadepartmentofcorrections","FLORIDA","Florida Department of Corrections","McCann et al. 2024 Appendix","","; signed 2020-08-21"
"franklincountysheriffsoffice","FLORIDA","Franklin County Sheriff’s Office","McCann et al. 2024 Appendix","","; signed 2019-10-15"
"hamiltoncountysheriffsoffice","FLORIDA","Hamilton County Sheriff’s Office","McCann et al. 2024 Appendix","","; signed 2019-10-15"
"hendrycountysheriffsoffice","FLORIDA","Hendry County Sheriff’s Office","McCann et al. 2024 Appendix","","; signed 2019-10-15"
"hernandocountysheriffsoffice","FLORIDA","Hernando County Sheriff’s Office","McCann et al. 2024 Appendix","","; signed 2019-05-06"
"hernandocountysheriffsoffice","FLORIDA","Hernando County Sheriff’s Office","McCann et al. 2024 Appendix","","; signed 2020-06-09"
"highlandscountysheriffsoffice","FLORIDA","Highlands County Sheriff’s Office","McCann et al. 2024 Appendix","","; signed 2019-10-15"
"holmescountysheriffsoffice","FLORIDA","Holmes County Sheriff’s Office","McCann et al. 2024 Appendix","","; signed 2019-10-15"
"indianrivercountysheriffsoffice","FLORIDA","Indian River County Sheriff’s Office","McCann et al. 2024 Appendix","","; signed 2019-10-15"
"jacksonvillesheriffsoffice","FLORIDA","Jacksonville Sheriff’s Office","McCann et al. 2024 Appendix","","; signed 2020-06-09"
"jeffersoncountysheriffsoffice","FLORIDA","Jefferson County Sheriff’s Office","McCann et al. 2024 Appendix","","; signed 2019-10-15"
"lafayettecountysheriffsoffice","FLORIDA","Lafayette County Sheriff’s Office","McCann et al. 2024 Appendix","","; signed 2019-10-15"
"lakecountysheriffsoffice","FLORIDA","Lake County Sheriff’s Office","McCann et al. 2024 Appendix","","; signed 2019-10-15"
"leoncountysheriffsoffice","FLORIDA","Leon County Sheriff’s Office","McCann et al. 2024 Appendix","","; signed 2019-10-15"
"levycountysheriffsoffice","FLORIDA","Levy County Sheriff’s Office","McCann et al. 2024 Appendix","","; signed 2019-05-06"
"libertycountysheriffsoffice","FLORIDA","Liberty County Sheriff’s Office","McCann et al. 2024 Appendix","","; signed 2019-09-09"
"madisoncountysheriffsoffice","FLORIDA","Madison County Sheriff’s Office","McCann et al. 2024 Appendix","","; signed 2019-09-09"
"manateecountysheriffsoffice","FLORIDA","Manatee County Sheriff’s Office","McCann et al. 2024 Appendix","","; signed 2019-05-06"
"marioncountysheriffsoffice","FLORIDA","Marion County Sheriff’s Office","McCann et al. 2024 Appendix","","; signed 2019-10-15"
"martincountysheriffsoffice","FLORIDA","Martin County Sheriff’s Office","McCann et al. 2024 Appendix","","; signed 2020-01-22"
"monroecountysheriffsoffice","FLORIDA","Monroe County Sheriff’s Office","McCann et al. 2024 Appendix","","; signed 2019-10-15"
"nassaucountysheriffsoffice","FLORIDA","Nassau County Sheriff’s Office","McCann et al. 2024 Appendix","","; signed 2019-10-15"
"okeechobeecountysheriffsoffice","FLORIDA","Okeechobee County Sheriff’s Office","McCann et al. 2024 Appendix","","; signed 2019-10-15"
"osceolacountycorrectionsdepart","FLORIDA","Osceola County Corrections Depart-","McCann et al. 2024 Appendix","","; signed 2019-10-15"
"pascocountysheriffsoffice","FLORIDA","Pasco County Sheriff’s Office","McCann et al. 2024 Appendix","","; signed 2020-06-10"
"pinellascountysheriffsoffice","FLORIDA","Pinellas County Sheriff’s Office","McCann et al. 2024 Appendix","","; signed 2019-04-24"
"polkcountysheriffsoffice","FLORIDA","Polk County Sheriff’s Office","McCann et al. 2024 Appendix","","; signed 2019-05-06"
"putnamcountysheriffsoffice","FLORIDA","Putnam County Sheriff’s Office","McCann et al. 2024 Appendix","","; signed 2019-10-15"
"santarosacountysheriffsoffice","FLORIDA","Santa Rosa County Sheriff’s Office","McCann et al. 2024 Appendix","","; signed 2019-10-15"
"sarasotacountysheriffsoffice","FLORIDA","Sarasota County Sheriff’s Office","McCann et al. 2024 Appendix","","; signed 2019-05-06"
"seminolecountysheriffsoffice","FLORIDA","Seminole County Sheriff’s Office","McCann et al. 2024 Appendix","","; signed 2019-09-04"
"stjohnscountysheriffsoffice","FLORIDA","St Johns County Sheriff’s Office","McCann et al. 2024 Appendix","","; signed 2019-10-15"
"sumtercountysheriffsoffice","FLORIDA","Sumter County Sheriff’s Office","McCann et al. 2024 Appendix","","; signed 2019-10-15"
"suwanneecountysheriffsoffice","FLORIDA","Suwannee County Sheriff’s Office","McCann et al. 2024 Appendix","","; signed 2019-10-15"
"taylorcountysheriffsoffice","FLORIDA","Taylor County Sheriff’s Office","McCann et al. 2024 Appendix","","; signed 2019-10-15"
"wakullacountysheriffsoffice","FLORIDA","Wakulla County Sheriff’s Office","McCann et al. 2024 Appendix","","; signed 2019-10-15"
"waltoncountysheriffsoffice","FLORIDA","Walton County Sheriff’s Office","McCann et al. 2024 Appendix","","; signed 2019-05-06"
"cobbcountysheriffsoffice","GEORGIA","Cobb County Sheriff’s Office","McCann et al. 2024 Appendix","","; signed 2020-06-09"
"floydcountysheriffsoffice","GEORGIA","Floyd County Sheriff’s Office","McCann et al. 2024 Appendix","","; signed 2020-06-10"
"georgiadepartmentofcorrections","GEORGIA","Georgia Department of Corrections","McCann et al. 2024 Appendix","","; signed 2020-06-09"
"gwinnettcountysheriffsoffice","GEORGIA","Gwinnett County Sheriff’s Office","McCann et al. 2024 Appendix","","; signed 2020-03-12"
"hallcountysheriffsoffice","GEORGIA","Hall County Sheriff’s Office","McCann et al. 2024 Appendix","","; signed 2020-06-09"
"oconeecountysheriffsoffice","GEORGIA","Oconee County Sheriff’s Office","McCann et al. 2024 Appendix","","; signed 2019-12-31"
"polkcountysheriffsoffice","GEORGIA","Polk County Sheriff’s Office","McCann et al. 2024 Appendix","","; signed 2020-07-02"
"whitfieldcountysheriffsofficehttpswwwicegovdoclib287gmoa287gjemwhitfieldcoga20200609pdf","GEORGIA","Whitfield County Sheriff’s Office https://www.ice.gov/doclib/287gMOA/287gJEM_Whitfi eldCoGa2020-06-09.pdf","McCann et al. 2024 Appendix","","; signed 2020-06-09"
"goodingcountysheriffsoffice","IDAHO","Gooding County Sheriff’s Office","McCann et al. 2024 Appendix","","; signed 2020-08-17"
"finneycountysheriffsoffice","KANSAS","Finney County Sheriff’s Office","McCann et al. 2024 Appendix","","; signed 2020-03-17"
"jacksoncountysheriffsoffice","KANSAS","Jackson County Sheriff’s Office","McCann et al. 2024 Appendix","","; signed 2020-07-23"
"eastbatonrougeparishsheriffs","LOUISIANA","East Baton Rouge Parish Sheriff’s","McCann et al. 2024 Appendix","","; signed 2020-06-09"
"ouachitaparishsheriffsoffice","LOUISIANA","Ouachita Parish Sheriff’s Office","McCann et al. 2024 Appendix","","; signed 2020-06-08"
"cecilcountysheriffsoffice","MARYLAND","Cecil County Sheriff’s Office","McCann et al. 2024 Appendix","","; signed 2020-03-09"
"frederickcountysheriffsoffice","MARYLAND","Frederick County Sheriff’s Office","McCann et al. 2024 Appendix","","; signed 2020-06-09"
"harfordcountysheriffsoffice","MARYLAND","Harford County Sheriff’s Office","McCann et al. 2024 Appendix","","; signed 2020-06-26"
"flatheadcountysheriffsdepartmenthttpswwwicegovdoclib287gmoa287gwsoflatheadcomt20200212pdf","MONTANA","Flathead County Sheriff’s Department https://www.ice.gov/doclib/287gMOA/287gWSO_FlatheadCoMt2020-02-12.pdf","McCann et al. 2024 Appendix","","; signed 2020-02-12"
"gallatincountysheriffsoffice","MONTANA","Gallatin County Sheriff’s Office","McCann et al. 2024 Appendix","","; signed 2020-01-22"
"dakotacountysheriffsoffice","NEBRASKA","Dakota County Sheriff’s Office","McCann et al. 2024 Appendix","","; signed 2020-06-09"
"nyecountysheriffsoffice","NEVADA","Nye County Sheriff’s Office","McCann et al. 2024 Appendix","","; signed 2020-06-09"
"rensselaercountysheriffsoffice","NEW YORK","Rensselaer County Sheriff’s Office","McCann et al. 2024 Appendix","","; signed 2020-06-10"
"butlercountysheriffsoffice","OHIO","Butler County Sheriff’s Office","McCann et al. 2024 Appendix","","; signed 2020-06-09"
"canadiancountysheriffsoffice","OKLAHOMA","Canadian County Sheriff’s Office","McCann et al. 2024 Appendix","","; signed 2020-03-13"
"okmulgeecountycriminaljustice","OKLAHOMA","Okmulgee County Criminal Justice","McCann et al. 2024 Appendix","","; signed 2020-06-09"
"tulsacountysheriffsoffice","OKLAHOMA","Tulsa County Sheriff’s Office","McCann et al. 2024 Appendix","","; signed 2020-06-08"
"greenecountysheriffsoffice","TENNESSEE","Greene County Sheriff’s Office","McCann et al. 2024 Appendix","","; signed 2019-02-28"
"knoxcountysheriffsoffice","TENNESSEE","Knox County Sheriff’s Office","McCann et al. 2024 Appendix","","; signed 2017-06-15"
"aransascountysheriffsoffice","TEXAS","Aransas County Sheriff’s Office","McCann et al. 2024 Appendix","","; signed 2020-06-08"
"burnetcountysheriffsoffice","TEXAS","Burnet County Sheriff’s Office","McCann et al. 2024 Appendix","","; signed 2019-11-05"
"calhouncountysheriffsoffice","TEXAS","Calhoun County Sheriff’s Office","McCann et al. 2024 Appendix","","; signed 2020-03-13"
"chamberscountysheriffsoffice","TEXAS","Chambers County Sheriff’s Office","McCann et al. 2024 Appendix","","; signed 2020-06-09"
"dewittcountysheriffsoffice","TEXAS","DeWitt County Sheriff’s Office","McCann et al. 2024 Appendix","","; signed 2020-06-08"
"galvestoncountysheriffsoffice","TEXAS","Galveston County Sheriff’s Office","McCann et al. 2024 Appendix","","; signed 2020-06-08"
"goliadcountysheriffsoffice","TEXAS","Goliad County Sheriff’s Office","McCann et al. 2024 Appendix","","; signed 2020-06-09"
"jacksoncountysheriffsoffice","TEXAS","Jackson County Sheriff’s Office","McCann et al. 2024 Appendix","","; signed 2020-06-08"
"kendallcountysheriffsoffice","TEXAS","Kendall County Sheriff’s Office","McCann et al. 2024 Appendix","","; signed 2020-03-13"
"klebergcountysheriffsoffice","TEXAS","Kleberg County Sheriff’s Office","McCann et al. 2024 Appendix","","; signed 2020-07-31"
"lavacacountysheriffsoffice","TEXAS","Lavaca County Sheriff’s Office","McCann et al. 2024 Appendix","","; signed 2020-06-08"
"lubbockcountysheriffsoffice","TEXAS","Lubbock County Sheriff’s Office","McCann et al. 2024 Appendix","","; signed 2020-06-08"
"matagordacountysheriffsoffice","TEXAS","Matagorda County Sheriff’s Office","McCann et al. 2024 Appendix","","; signed 2020-03-13"
"montgomerycountysheriffsoffice","TEXAS","Montgomery County Sheriff’s Office","McCann et al. 2024 Appendix","","; signed 2017-06-28"
"nuecescountysheriffsoffice","TEXAS","Nueces County Sheriff’s Office","McCann et al. 2024 Appendix","","; signed 2020-06-09"
"pottercountysheriffsoffice","TEXAS","Potter County Sheriff’s Office","McCann et al. 2024 Appendix","","; signed 2020-03-02"
"refugiocountysheriffsoffice","TEXAS","Refugio County Sheriff’s Office","McCann et al. 2024 Appendix","","; signed 2020-06-09"
"rockwallcountysheriffsoffice","TEXAS","Rockwall County Sheriff’s Office","McCann et al. 2024 Appendix","","; signed 2020-06-09"
"smithcountysheriffsoffice","TEXAS","Smith County Sheriff’s Office","McCann et al. 2024 Appendix","","; signed 2020-06-09"
"tarrantcountysheriffsoffice","TEXAS","Tarrant County Sheriff’s Office","McCann et al. 2024 Appendix","","; signed 2020-06-16"
"terrellcountysheriffsoffice","TEXAS","Terrell County Sheriff’s Office","McCann et al. 2024 Appendix","","; signed 2020-06-09"
"victoriacountysheriffsoffice","TEXAS","Victoria County Sheriff’s Office","McCann et al. 2024 Appendix","","; signed 2020-06-08"
"walkercountysheriffsdepartment","TEXAS","Walker County Sheriff’s Department","McCann et al. 2024 Appendix","","; signed 2020-06-09"
"wallercountysheriffsoffice","TEXAS","Waller County Sheriff’s Office","McCann et al. 2024 Appendix","","; signed 2020-02-12"
"whartoncountysheriffsoffice","TEXAS","Wharton County Sheriff’s Office","McCann et al. 2024 Appendix","","; signed 2020-06-09"
"williamsoncountysheriffsoffice","TEXAS","Williamson County Sheriff’s Office","McCann et al. 2024 Appendix","","; signed 2020-05-04"
"culpepercountysheriffsoffice","VIRGINIA","Culpeper County Sheriff’s Office","McCann et al. 2024 Appendix","","; signed 2020-06-08"
"fonddulaccountysheriffsoffice","WISCONSIN","Fond du Lac County Sheriff’s Office","McCann et al. 2024 Appendix","","; signed 2020-06-05"
"lafayettecountysheriffsoffice","WISCONSIN","Lafayette County Sheriff’s Office","McCann et al. 2024 Appendix","","; signed 2020-08-21"
"mantiowoccountysheriffsoffice","WISCONSIN","Mantiowoc County Sheriff’s Office","McCann et al. 2024 Appendix","","; signed 2020-06-05"
"marquettecountysheriffsoffice","WISCONSIN","Marquette County Sheriff’s Office","McCann et al. 2024 Appendix","","; signed 2020-05-21"
"sheboygancountysheriffsoffice","WISCONSIN","Sheboygan County Sheriff’s Office","McCann et al. 2024 Appendix","","; signed 2020-02-27"
"waukeshacountysheriffsoffice","WISCONSIN","Waukesha County Sheriff’s Office","McCann et al. 2024 Appendix","","; signed 2020-06-10"
"wausharacountysheriffsoffice","WISCONSIN","Waushara County Sheriff’s Office","McCann et al. 2024 Appendix","","; signed 2020-06-08"
"sweetwatercountysheriffsoffice","WYOMING","Sweetwater County Sheriff’s Office","McCann et al. 2024 Appendix","","; signed 2020-03-13"
"etowahcountysheriffsoffice","ALABAMA","Etowah County Sheriff's Office","MyAttorneyUSA roster mirror (1 Aug 2017)","2017-08-01","; signed 2016-06-08"
"arizonadepartmentofcorrections","ARIZONA","Arizona Department of Corrections","MyAttorneyUSA roster mirror (1 Aug 2017)","2017-08-01","; signed 2016-06-08"
"mesapolicedepartment","ARIZONA","City of Mesa Police Department","MyAttorneyUSA roster mirror (1 Aug 2017)","2017-08-01","; signed 2016-06-23"
"pinalcountysheriffsoffice","ARIZONA","Pinal County Sheriff's Office","MyAttorneyUSA roster mirror (1 Aug 2017)","2017-08-01","; signed 2016-06-13"
"yavapaicountysheriffsoffice","ARIZONA","Yavapai County Sheriff's Office","MyAttorneyUSA roster mirror (1 Aug 2017)","2017-08-01","; signed 2016-06-08"
"bentoncountysheriffsoffice","ARKANSAS","Benton County Sheriff's Office","MyAttorneyUSA roster mirror (1 Aug 2017)","2017-08-01","; signed 2016-06-13"
"washingtoncountysheriffsoffice","ARKANSAS","Washington County Sheriff's Office","MyAttorneyUSA roster mirror (1 Aug 2017)","2017-08-01","; signed 2016-06-23"
"orangecountysheriffsoffice","CALIFORNIA","Orange County Sheriff's Office","MyAttorneyUSA roster mirror (1 Aug 2017)","2017-08-01","; signed 2016-06-23"
"claycountysheriffsoffice","FLORIDA","Clay County Sheriff's Office","MyAttorneyUSA roster mirror (1 Aug 2017)","2017-08-01","; signed 2017-06-30"
"colliercountysheriffsoffice","FLORIDA","Collier County Sheriff's Office","MyAttorneyUSA roster mirror (1 Aug 2017)","2017-08-01","; signed 2016-06-13"
"jacksonvillesheriffsoffice","FLORIDA","Jacksonville Sheriff's Office","MyAttorneyUSA roster mirror (1 Aug 2017)","2017-08-01","; signed 2016-06-30"
"cobbcountysheriffsoffice","GEORGIA","Cobb County Sheriff's Office","MyAttorneyUSA roster mirror (1 Aug 2017)","2017-08-01","; signed 2016-06-30"
"gwinnettcountysheriffsoffice","GEORGIA","Gwinnett County Sheriff's Office","MyAttorneyUSA roster mirror (1 Aug 2017)","2017-08-01","; signed 2016-06-30"
"hallcountysheriffsoffice","GEORGIA","Hall County Sheriff's Office","MyAttorneyUSA roster mirror (1 Aug 2017)","2017-08-01","; signed 2016-06-23"
"whitfieldcountysheriffsoffice","GEORGIA","Whitfield County Sheriff's Office","MyAttorneyUSA roster mirror (1 Aug 2017)","2017-08-01","; signed 2016-06-08"
"eastbatonrougeparishsheriffsoffice","LOUISIANA","East Baton Rouge Parish Sheriff's Office","MyAttorneyUSA roster mirror (1 Aug 2017)","2017-08-01","; signed 2017-05-03"
"annearundelcounty","MARYLAND","Anne Arundel County","MyAttorneyUSA roster mirror (1 Aug 2017)","2017-08-01","; signed 2017-06-19"
"frederickcountysheriffsoffice","MARYLAND","Frederick County Sheriff's Office","MyAttorneyUSA roster mirror (1 Aug 2017)","2017-08-01","; signed 2016-08-03"
"harfordcountysheriffsoffice","MARYLAND","Harford County Sheriff's Office","MyAttorneyUSA roster mirror (1 Aug 2017)","2017-08-01","; signed 2016-10-26"
"bristolcountysheriffsoffice","MASSACHUSETTS","Bristol County Sheriff's Office","MyAttorneyUSA roster mirror (1 Aug 2017)","2017-08-01","; signed 2017-01-18"
"massachusettsdepartmentofcorrections","MASSACHUSETTS","Massachusetts Department of Corrections","MyAttorneyUSA roster mirror (1 Aug 2017)","2017-08-01","; signed 2016-06-23"
"plymouthcountysheriffsdepartment","MASSACHUSETTS","Plymouth County Sheriff's Department","MyAttorneyUSA roster mirror (1 Aug 2017)","2017-08-01","; signed 2017-01-18"
"lasvegasmetropolitanpolicedepartment","NEVADA","Las Vegas Metropolitan Police Department","MyAttorneyUSA roster mirror (1 Aug 2017)","2017-08-01","; signed 2016-06-28"
"nyecountysheriffsoffice","NEVADA","Nye County Sheriff's Office","MyAttorneyUSA roster mirror (1 Aug 2017)","2017-08-01","; signed 2017-04-20"
"capemaycountysheriffsoffice","NEW JERSEY","Cape May County Sheriffs Office","MyAttorneyUSA roster mirror (1 Aug 2017)","2017-08-01","; signed 2017-04-10"
"hudsoncountydepartmentofcorrections","NEW JERSEY","Hudson County Department of Corrections","MyAttorneyUSA roster mirror (1 Aug 2017)","2017-08-01","; signed 2016-07-22"
"monmouthcountysheriffsoffice","NEW JERSEY","Monmouth County Sheriff's Office","MyAttorneyUSA roster mirror (1 Aug 2017)","2017-08-01","; signed 2016-06-08"
"salemcountysheriffsoffice","NEW JERSEY","Salem County Sheriff's Office","MyAttorneyUSA roster mirror (1 Aug 2017)","2017-08-01","; signed 2016-12-08"
"cabarruscountysheriffsoffice","NORTH CAROLINA","Cabarrus County Sheriff's Office","MyAttorneyUSA roster mirror (1 Aug 2017)","2017-08-01","; signed 2016-06-28"
"gastoncountysheriffsoffice","NORTH CAROLINA","Gaston County Sheriff's Office","MyAttorneyUSA roster mirror (1 Aug 2017)","2017-08-01","; signed 2016-06-30"
"hendersoncountysheriffsoffice","NORTH CAROLINA","Henderson County Sheriff's Office","MyAttorneyUSA roster mirror (1 Aug 2017)","2017-08-01","; signed 2017-02-28"
"mecklenburgcountysheriffsoffice","NORTH CAROLINA","Mecklenburg County Sheriff's Office","MyAttorneyUSA roster mirror (1 Aug 2017)","2017-08-01","; signed 2017-02-28"
"wakecountysheriffsoffice","NORTH CAROLINA","Wake County Sheriff's Office","MyAttorneyUSA roster mirror (1 Aug 2017)","2017-08-01","; signed 2016-06-08"
"butlercountysheriffsoffice","OHIO","Butler County Sheriff's Office","MyAttorneyUSA roster mirror (1 Aug 2017)","2017-08-01","; signed 2016-09-30"
"tulsacountysheriffsoffice","OKLAHOMA","Tulsa County Sheriff's Office","MyAttorneyUSA roster mirror (1 Aug 2017)","2017-08-01","; signed 2016-06-23"
"charlestoncountysheriffsoffice","SOUTH CAROLINA","Charleston County Sheriff's Office","MyAttorneyUSA roster mirror (1 Aug 2017)","2017-08-01","; signed 2016-06-23"
"horrycountysheriffsoffice","SOUTH CAROLINA","Horry County Sheriff's Office","MyAttorneyUSA roster mirror (1 Aug 2017)","2017-08-01","; signed 2017-06-30"
"lexingtoncountysheriffsoffice","SOUTH CAROLINA","Lexington County Sheriff's Office","MyAttorneyUSA roster mirror (1 Aug 2017)","2017-08-01","; signed 2016-11-04"
"yorkcountysheriffsoffice","SOUTH CAROLINA","York County Sheriff's Office","MyAttorneyUSA roster mirror (1 Aug 2017)","2017-08-01","; signed 2016-06-28"
"knoxcountysheriffsoffice","TENNESSEE","Knox County Sheriff's Office","MyAttorneyUSA roster mirror (1 Aug 2017)","2017-08-01","; signed 2017-06-15"
"aransascountysheriffsoffice","TEXAS","Aransas County Sheriff's Office","MyAttorneyUSA roster mirror (1 Aug 2017)","2017-08-01","; signed 2017-06-30"
"calhouncountysheriffsoffice","TEXAS","Calhoun County Sheriff's Office","MyAttorneyUSA roster mirror (1 Aug 2017)","2017-08-01","; signed 2017-06-28"
"carrolltonpolicedepartment","TEXAS","Carrollton Police Department","MyAttorneyUSA roster mirror (1 Aug 2017)","2017-08-01","; signed 2016-06-13"
"chamberscountysheriffsoffice","TEXAS","Chambers County Sheriff's Office","MyAttorneyUSA roster mirror (1 Aug 2017)","2017-08-01","; signed 2017-07-17"
"dewittcountysheriffsoffice","TEXAS","DeWitt County Sheriff's Office","MyAttorneyUSA roster mirror (1 Aug 2017)","2017-08-01","; signed 2017-06-30"
"galvestoncountysheriffsoffice","TEXAS","Galveston County Sheriff's Office","MyAttorneyUSA roster mirror (1 Aug 2017)","2017-08-01","; signed 2017-06-30"
"goliadcountysheriffsoffice","TEXAS","Goliad County Sheriff's Office","MyAttorneyUSA roster mirror (1 Aug 2017)","2017-08-01","; signed 2017-06-26"
"jacksoncountysheriffsoffice","TEXAS","Jackson County Sheriff's Office","MyAttorneyUSA roster mirror (1 Aug 2017)","2017-08-01","; signed 2017-01-26"
"lavacacountysheriffsoffice","TEXAS","Lavaca County Sheriff's Office","MyAttorneyUSA roster mirror (1 Aug 2017)","2017-08-01","; signed 2017-06-30"
"lubbockcountysheriffsoffice","TEXAS","Lubbock County Sheriff's Office","MyAttorneyUSA roster mirror (1 Aug 2017)","2017-08-01","; signed 2016-11-16"
"matagordacountysheriffsoffice","TEXAS","Matagorda County Sheriff's Office","MyAttorneyUSA roster mirror (1 Aug 2017)","2017-08-01","; signed 2017-07-27"
"montgomerycountysheriffsoffice","TEXAS","Montgomery County Sheriff's Office","MyAttorneyUSA roster mirror (1 Aug 2017)","2017-08-01","; signed 2017-06-28"
"refugiocountysheriffsoffice","TEXAS","Refugio County Sheriff's Office","MyAttorneyUSA roster mirror (1 Aug 2017)","2017-08-01","; signed 2017-06-28"
"smithcountysheriffsoffice","TEXAS","Smith County Sheriff's Office","MyAttorneyUSA roster mirror (1 Aug 2017)","2017-08-01","; signed 2017-04-25"
"tarrantcountysheriffsoffice","TEXAS","Tarrant County Sheriff's Office","MyAttorneyUSA roster mirror (1 Aug 2017)","2017-08-01","; signed 2017-06-19"
"victoriacountysheriffsoffice","TEXAS","Victoria County Sheriff's Office","MyAttorneyUSA roster mirror (1 Aug 2017)","2017-08-01","; signed 2017-07-12"
"walkercountysheriffsoffice","TEXAS","Walker County Sheriff's Office","MyAttorneyUSA roster mirror (1 Aug 2017)","2017-08-01","; signed 2017-07-20"
"wallercountysheriffsoffice","TEXAS","Waller County Sheriff's Office","MyAttorneyUSA roster mirror (1 Aug 2017)","2017-08-01","; signed 2017-05-22"
"whartoncountysheriffsoffice","TEXAS","Wharton County Sheriff's Office","MyAttorneyUSA roster mirror (1 Aug 2017)","2017-08-01","; signed 2017-07-17"
"princewilliammanassasregionaladultdetentioncenter","VIRGINIA","Prince William-Manassas Regional Adult Detention Center","MyAttorneyUSA roster mirror (1 Aug 2017)","2017-08-01","; signed 2016-06-23"
"alabamadepartmentofpublicsafety","ALABAMA","Alabama Department of Public Safety","NCLR/Lacayo App. A (2 Aug 2010)","2010-08-02","Task Force; signed 2003-09-10"
"etowahcountysheriffsoffice","ALABAMA","Etowah County Sheriff's Office","NCLR/Lacayo App. A (2 Aug 2010)","2010-08-02","Jail Enforcement; signed 2008-07-08"
"bentoncountysheriffsoffice","ARIZONA","Benton County Sheriff's Office","NCLR/Lacayo App. A (2 Aug 2010)","2010-08-02","Hybrid; signed 2007-09-26"
"mesapolicedepartment","ARIZONA","City of Mesa Police Department","NCLR/Lacayo App. A (2 Aug 2010)","2010-08-02","Hybrid; signed 2009-11-19"
"phoenixpolicedepartment","ARIZONA","City of Phoenix Police Department","NCLR/Lacayo App. A (2 Aug 2010)","2010-08-02","Hybrid; signed 2008-03-10"
"springdalepolicedepartment","ARIZONA","City of Springdale Police Department","NCLR/Lacayo App. A (2 Aug 2010)","2010-08-02","Hybrid; signed 2007-09-26"
"arizonadepartmentofcorrections","ARIZONA","Arizona Department of Corrections","NCLR/Lacayo App. A (2 Aug 2010)","2010-08-02","Jail Enforcement; signed 2005-09-16"
"arizonadepartmentofpublicsafety","ARIZONA","Arizona Department of Public Safety","NCLR/Lacayo App. A (2 Aug 2010)","2010-08-02","Hybrid; signed 2007-04-15"
"florencepolicedepartment","ARIZONA","Florence Police Department","NCLR/Lacayo App. A (2 Aug 2010)","2010-08-02","Task Force; signed 2009-10-21"
"maricopacountysheriffsoffice","ARIZONA","Maricopa County Sheriff's Office","NCLR/Lacayo App. A (2 Aug 2010)","2010-08-02","Jail Enforcement; signed 2007-02-07"
"pimacountysheriffsoffice","ARIZONA","Pima County Sheriff's Office","NCLR/Lacayo App. A (2 Aug 2010)","2010-08-02","Hybrid; signed 2008-03-10"
"pinalcountysheriffsoffice","ARIZONA","Pinal County Sheriff's Office","NCLR/Lacayo App. A (2 Aug 2010)","2010-08-02","Hybrid; signed 2008-03-10"
"rogerspolicedepartment","ARIZONA","Rogers Police Department","NCLR/Lacayo App. A (2 Aug 2010)","2010-08-02","Task Force; signed 2007-09-25"
"yavapaicountysheriffsoffice","ARIZONA","Yavapai County Sheriff's Office","NCLR/Lacayo App. A (2 Aug 2010)","2010-08-02","Hybrid; signed 2008-03-10"
"coloradodepartmentofpublicsafety","COLORADO","Colorado Department of Public Safety","NCLR/Lacayo App. A (2 Aug 2010)","2010-08-02","Task Force; signed 2007-03-29"
"elpasocountysheriffsoffice","COLORADO","El Paso County Sheriff's Office","NCLR/Lacayo App. A (2 Aug 2010)","2010-08-02","Jail Enforcement; signed 2007-05-17"
"baycountysheriffsoffice","CONNECTICUT","Bay County Sheriff's Office","NCLR/Lacayo App. A (2 Aug 2010)","2010-08-02","Task Force; signed 2008-06-15"
"danburypolicedepartment","CONNECTICUT","City of Danbury Police Department","NCLR/Lacayo App. A (2 Aug 2010)","2010-08-02","Task Force; signed 2009-10-15"
"colliercountysheriffsoffice","CONNECTICUT","Collier County Sheriff's Office","NCLR/Lacayo App. A (2 Aug 2010)","2010-08-02","Hybrid; signed 2007-08-06"
"cobbcountysheriffsoffice","FLORIDA","Cobb County Sheriff's Office","NCLR/Lacayo App. A (2 Aug 2010)","2010-08-02","Hybrid; signed 2007-02-13"
"floridadepartmentoflawenforcement","FLORIDA","Florida Department of Law Enforcement","NCLR/Lacayo App. A (2 Aug 2010)","2010-08-02","Task Force; signed 2002-07-02"
"jacksonvillesheriffsoffice","FLORIDA","Jacksonville Sheriff's Office","NCLR/Lacayo App. A (2 Aug 2010)","2010-08-02","Hybrid; signed 2008-07-08"
"georgiadepartmentofpublicsafety","GEORGIA","Georgia Department of Public Safety","NCLR/Lacayo App. A (2 Aug 2010)","2010-08-02","Task Force; signed 2007-07-27"
"gwinnettcountysheriffsoffice","GEORGIA","Gwinnett County Sheriff's Office","NCLR/Lacayo App. A (2 Aug 2010)","2010-08-02","Jail Enforcement; signed 2009-10-15"
"hallcountysheriffsoffice","GEORGIA","Hall County Sheriff's Office","NCLR/Lacayo App. A (2 Aug 2010)","2010-08-02","Hybrid; signed 2008-02-29"
"whitfieldcountysheriffsoffice","GEORGIA","Whitfield County Sheriff's Office","NCLR/Lacayo App. A (2 Aug 2010)","2010-08-02","Jail Enforcement; signed 2008-02-04"
"frederickcountysheriffsoffice","MARYLAND","Frederick County Sheriff's Office","NCLR/Lacayo App. A (2 Aug 2010)","2010-08-02","Hybrid; signed 2008-02-06"
"minnesotadepartmentofpublicsafety","MINNESOTA","Minnesota Department of Public Safety","NCLR/Lacayo App. A (2 Aug 2010)","2010-08-02","Task Force; signed 2008-09-22"
"statehighwaypatrol","MISSOURI","State Highway Patrol","NCLR/Lacayo App. A (2 Aug 2010)","2010-08-02","Task Force; signed 2008-06-25"
"lasvegasmetropolitanpolicedepartment","NEVADA","Las Vegas Metropolitan Police Department","NCLR/Lacayo App. A (2 Aug 2010)","2010-08-02","Jail Enforcement; signed 2008-09-08"
"hudsoncitypolicedepartment","NEW HAMPSHIRE","Hudson City Police Department","NCLR/Lacayo App. A (2 Aug 2010)","2010-08-02","Task Force; signed 2007-05-05"
"hudsoncountydepartmentofcorrections","NEW HAMPSHIRE","Hudson County Department of Corrections","NCLR/Lacayo App. A (2 Aug 2010)","2010-08-02","Hybrid; signed 2008-08-11"
"monmouthcountysheriffsoffice","NEW HAMPSHIRE","Monmouth County Sheriff's Office","NCLR/Lacayo App. A (2 Aug 2010)","2010-08-02","Jail Enforcement; signed 2009-10-15"
"alamancecountysheriffsoffice","NEW MEXICO","Alamance County Sheriff's Office","NCLR/Lacayo App. A (2 Aug 2010)","2010-08-02","Jail Enforcement; signed 2007-01-10"
"cabarruscountysheriffsoffice","NEW MEXICO","Cabarrus County Sheriff's Office","NCLR/Lacayo App. A (2 Aug 2010)","2010-08-02","Jail Enforcement; signed 2007-08-02"
"newmexicodepartmentofcorrections","NEW MEXICO","New Mexico Department of Corrections","NCLR/Lacayo App. A (2 Aug 2010)","2010-08-02","Jail Enforcement; signed 2007-09-17"
"durhampolicedepartment","NEW MEXICO","Durham Police Department","NCLR/Lacayo App. A (2 Aug 2010)","2010-08-02","Task Force; signed 2008-02-01"
"gastoncountysheriffsoffice","NEW MEXICO","Gaston County Sheriff's Office","NCLR/Lacayo App. A (2 Aug 2010)","2010-08-02","Jail Enforcement; signed 2007-02-22"
"guilfordcountysheriffsoffice","NEW MEXICO","Guilford County Sheriff's Office","NCLR/Lacayo App. A (2 Aug 2010)","2010-08-02","Task Force; signed 2009-10-15"
"hendersoncountysheriffsoffice","NEW MEXICO","Henderson County Sheriff's Office","NCLR/Lacayo App. A (2 Aug 2010)","2010-08-02","Jail Enforcement; signed 2008-06-25"
"mecklenburgcountysheriffsoffice","NEW MEXICO","Mecklenburg County Sheriff's Office","NCLR/Lacayo App. A (2 Aug 2010)","2010-08-02","Jail Enforcement; signed 2006-02-27"
"wakecountysheriffsoffice","NEW MEXICO","Wake County Sheriff's Office","NCLR/Lacayo App. A (2 Aug 2010)","2010-08-02","Jail Enforcement; signed 2008-06-25"
"butlercountysheriffsoffice","OHIO","Butler County Sheriff's Office","NCLR/Lacayo App. A (2 Aug 2010)","2010-08-02","Hybrid; signed 2008-02-05"
"tulsacountysheriffsoffice","OKLAHOMA","Tulsa County Sheriff's Office","NCLR/Lacayo App. A (2 Aug 2010)","2010-08-02","Hybrid; signed 2007-08-06"
"beaufortcountysheriffsoffice","RHODE ISLAND","Beaufort County Sheriff's Office","NCLR/Lacayo App. A (2 Aug 2010)","2010-08-02","Task Force; signed 2008-06-25"
"rhodeislandstatepolice","RHODE ISLAND","Rhode Island State Police","NCLR/Lacayo App. A (2 Aug 2010)","2010-08-02","Task Force; signed 2009-10-15"
"charlestoncountysheriffsoffice","SOUTH CAROLINA","Charleston County Sheriff's Office","NCLR/Lacayo App. A (2 Aug 2010)","2010-08-02","Jail Enforcement; signed 2009-11-09"
"davidsoncountysheriffsoffice","SOUTH CAROLINA","Davidson County Sheriff's Office","NCLR/Lacayo App. A (2 Aug 2010)","2010-08-02","Jail Enforcement; signed 2007-02-21"
"yorkcountysheriffsoffice","SOUTH CAROLINA","York County Sheriff's Office","NCLR/Lacayo App. A (2 Aug 2010)","2010-08-02","Jail Enforcement; signed 2007-10-16"
"carrolltonpolicedepartment","TENNESSEE","Carrollton Police Department","NCLR/Lacayo App. A (2 Aug 2010)","2010-08-02","Jail Enforcement; signed 2008-08-12"
"tennesseehighwaypatroldepartmentofsafety","TENNESSEE","Tennessee Highway Patrol / Department of Safety","NCLR/Lacayo App. A (2 Aug 2010)","2010-08-02","Task Force; signed 2008-06-25"
"farmersbranchpolicedepartment","TEXAS","Farmers Branch Police Department","NCLR/Lacayo App. A (2 Aug 2010)","2010-08-02","Task Force; signed 2008-07-08"
"harriscountysheriffsoffice","TEXAS","Harris County Sheriff's Office","NCLR/Lacayo App. A (2 Aug 2010)","2010-08-02","Jail Enforcement; signed 2008-07-20"
"princewilliamcountypolicedepartment","VIRGINIA","Prince William County Police Department","NCLR/Lacayo App. A (2 Aug 2010)","2010-08-02","Task Force; signed 2008-02-26"
"princewilliamcountysheriffsoffice","VIRGINIA","Prince William County Sheriff's Office","NCLR/Lacayo App. A (2 Aug 2010)","2010-08-02","Task Force; signed 2008-02-26"
"princewilliammanassasregionaljail","VIRGINIA","Prince William-Manassas Regional Jail","NCLR/Lacayo App. A (2 Aug 2010)","2010-08-02","Jail Enforcement; signed 2007-07-09"
"rockinghamcountysheriffsoffice","VIRGINIA","Rockingham County Sheriff's Office","NCLR/Lacayo App. A (2 Aug 2010)","2010-08-02","Hybrid; signed 2007-04-25"
"shenandoahcountysheriffsoffice","VIRGINIA","Shenandoah County Sheriff's Office","NCLR/Lacayo App. A (2 Aug 2010)","2010-08-02","Hybrid; signed 2007-05-10"
"webercountysheriffsoffice","UTAH","Weber County Sheriff's Office","NCLR/Lacayo App. A (2 Aug 2010)","2010-08-02","Jail Enforcement; signed 2008-09-22"
"herndonpolicedepartment","WASHINGTON","Herndon Police Department","NCLR/Lacayo App. A (2 Aug 2010)","2010-08-02","Task Force; signed 2007-03-21"
"loudouncountysheriffsoffice","WASHINGTON","Loudoun County Sheriff's Office","NCLR/Lacayo App. A (2 Aug 2010)","2010-08-02","Task Force; signed 2008-06-25"
"manassasparkpolicedepartment","WASHINGTON","Manassas Park Police Department","NCLR/Lacayo App. A (2 Aug 2010)","2010-08-02","Task Force; signed 2008-03-10"
"manassaspolicedepartment","WASHINGTON","Manassas Police Department","NCLR/Lacayo App. A (2 Aug 2010)","2010-08-02","Task Force; signed 2008-03-05"
"orangecountysheriffsoffice","WASHINGTON","Orange County Sheriff's Office","NCLR/Lacayo App. A (2 Aug 2010)","2010-08-02","Jail Enforcement; signed 2006-11-02"
"riversidecountysheriffsoffice","WASHINGTON","Riverside County Sheriff's Office","NCLR/Lacayo App. A (2 Aug 2010)","2010-08-02","Jail Enforcement; signed 2010-04-28"
"sanbernardinocountysheriffsoffice","WASHINGTON","San Bernardino County Sheriff's Office","NCLR/Lacayo App. A (2 Aug 2010)","2010-08-02","Jail Enforcement; signed 2005-11-19"
"webercountysheriffsoffice","WASHINGTON","Weber County Sheriff's Office","NCLR/Lacayo App. A (2 Aug 2010)","2010-08-02","Jail Enforcement; signed 2008-09-22"
"alabamadepartmentofpublicsafety","ALABAMA","AL Department of Public Safety","ICE identification/removal statistics (FOIA)","FY2009","2 identified; 2 removed"
"alabamadepartmentofpublicsafety","ALABAMA","AL Department of Public Safety","ICE identification/removal statistics (FOIA)","FY2010","5 identified; 3 removed"
"alabamadepartmentofpublicsafety","ALABAMA","AL Department of Public Safety","ICE identification/removal statistics (FOIA)","FY2011","40 identified; 14 removed"
"alabamadepartmentofpublicsafety","ALABAMA","AL Department of Public Safety","ICE identification/removal statistics (FOIA)","FY2012","10 identified; 4 removed"
"etowahcountysheriffsoffice","ALABAMA","Etowah County Sheriff Office","ICE identification/removal statistics (FOIA)","FY2009","5 identified; 3 removed"
"etowahcountysheriffsoffice","ALABAMA","Etowah County Sheriff Office","ICE identification/removal statistics (FOIA)","FY2010","30 identified; 21 removed"
"etowahcountysheriffsoffice","ALABAMA","Etowah County Sheriff Office","ICE identification/removal statistics (FOIA)","FY2011","30 identified; 19 removed"
"etowahcountysheriffsoffice","ALABAMA","Etowah County Sheriff Office","ICE identification/removal statistics (FOIA)","FY2012","63 identified; 20 removed"
"etowahcountysheriffsoffice","ALABAMA","Etowah County Sheriff Office","ICE identification/removal statistics (FOIA)","FY2013","21 identified; 13 removed"
"arizonadepartmentofcorrections","ARIZONA","AZ Department of Corrections","ICE identification/removal statistics (FOIA)","FY2006","414 identified; 302 removed"
"arizonadepartmentofcorrections","ARIZONA","AZ Department of Corrections","ICE identification/removal statistics (FOIA)","FY2007","1912 identified; 1359 removed"
"arizonadepartmentofcorrections","ARIZONA","AZ Department of Corrections","ICE identification/removal statistics (FOIA)","FY2008","2478 identified; 1510 removed"
"arizonadepartmentofcorrections","ARIZONA","AZ Department of Corrections","ICE identification/removal statistics (FOIA)","FY2009","3699 identified; 1517 removed"
"arizonadepartmentofcorrections","ARIZONA","AZ Department of Corrections","ICE identification/removal statistics (FOIA)","FY2010","3057 identified; 593 removed"
"arizonadepartmentofcorrections","ARIZONA","AZ Department of Corrections","ICE identification/removal statistics (FOIA)","FY2011","2304 identified; 506 removed"
"arizonadepartmentofcorrections","ARIZONA","AZ Department of Corrections","ICE identification/removal statistics (FOIA)","FY2012","2024 identified; 278 removed"
"arizonadepartmentofcorrections","ARIZONA","AZ Department of Corrections","ICE identification/removal statistics (FOIA)","FY2013","1359 identified; 906 removed"
"arizonadepartmentofpublicsafety","ARIZONA","AZ Department of Public Safety","ICE identification/removal statistics (FOIA)","FY2007","91 identified; 81 removed"
"arizonadepartmentofpublicsafety","ARIZONA","AZ Department of Public Safety","ICE identification/removal statistics (FOIA)","FY2008","77 identified; 73 removed"
"arizonadepartmentofpublicsafety","ARIZONA","AZ Department of Public Safety","ICE identification/removal statistics (FOIA)","FY2009","126 identified; 105 removed"
"arizonadepartmentofpublicsafety","ARIZONA","AZ Department of Public Safety","ICE identification/removal statistics (FOIA)","FY2010","217 identified; 171 removed"
"arizonadepartmentofpublicsafety","ARIZONA","AZ Department of Public Safety","ICE identification/removal statistics (FOIA)","FY2011","387 identified; 231 removed"
"arizonadepartmentofpublicsafety","ARIZONA","AZ Department of Public Safety","ICE identification/removal statistics (FOIA)","FY2012","50 identified; 22 removed"
"arizonadepartmentofpublicsafety","ARIZONA","AZ Department of Public Safety","ICE identification/removal statistics (FOIA)","FY2013","0 identified; 10 removed"
"mesapolicedepartment","ARIZONA","City of Mesa Police Department","ICE identification/removal statistics (FOIA)","FY2010","91 identified; 70 removed"
"mesapolicedepartment","ARIZONA","City of Mesa Police Department","ICE identification/removal statistics (FOIA)","FY2011","153 identified; 110 removed"
"mesapolicedepartment","ARIZONA","City of Mesa Police Department","ICE identification/removal statistics (FOIA)","FY2012","102 identified; 55 removed"
"mesapolicedepartment","ARIZONA","City of Mesa Police Department","ICE identification/removal statistics (FOIA)","FY2013","0 identified; 41 removed"
"phoenixpolicedepartment","ARIZONA","City of Phoenix Police Department","ICE identification/removal statistics (FOIA)","FY2010","4 identified; 1 removed"
"phoenixpolicedepartment","ARIZONA","City of Phoenix Police Department","ICE identification/removal statistics (FOIA)","FY2011","1 identified; 0 removed"
"phoenixpolicedepartment","ARIZONA","City of Phoenix Police Department","ICE identification/removal statistics (FOIA)","FY2013","0 identified; 1 removed"
"maricopacountysheriffsoffice","ARIZONA","Maricopa County Sheriff Office","ICE identification/removal statistics (FOIA)","FY2007","3056 identified; 2852 removed"
"maricopacountysheriffsoffice","ARIZONA","Maricopa County Sheriff Office","ICE identification/removal statistics (FOIA)","FY2008","13522 identified; 11841 removed"
"maricopacountysheriffsoffice","ARIZONA","Maricopa County Sheriff Office","ICE identification/removal statistics (FOIA)","FY2009","11810 identified; 8222 removed"
"maricopacountysheriffsoffice","ARIZONA","Maricopa County Sheriff Office","ICE identification/removal statistics (FOIA)","FY2010","7700 identified; 4509 removed"
"maricopacountysheriffsoffice","ARIZONA","Maricopa County Sheriff Office","ICE identification/removal statistics (FOIA)","FY2011","4904 identified; 3092 removed"
"maricopacountysheriffsoffice","ARIZONA","Maricopa County Sheriff Office","ICE identification/removal statistics (FOIA)","FY2012","899 identified; 528 removed"
"maricopacountysheriffsoffice","ARIZONA","Maricopa County Sheriff Office","ICE identification/removal statistics (FOIA)","FY2013","0 identified; 234 removed"
"pinalcountysheriffsoffice","ARIZONA","Pinal County Sheriff Office","ICE identification/removal statistics (FOIA)","FY2008","36 identified; 32 removed"
"pinalcountysheriffsoffice","ARIZONA","Pinal County Sheriff Office","ICE identification/removal statistics (FOIA)","FY2009","199 identified; 166 removed"
"pinalcountysheriffsoffice","ARIZONA","Pinal County Sheriff Office","ICE identification/removal statistics (FOIA)","FY2010","128 identified; 86 removed"
"pinalcountysheriffsoffice","ARIZONA","Pinal County Sheriff Office","ICE identification/removal statistics (FOIA)","FY2011","121 identified; 66 removed"
"pinalcountysheriffsoffice","ARIZONA","Pinal County Sheriff Office","ICE identification/removal statistics (FOIA)","FY2012","247 identified; 100 removed"
"pinalcountysheriffsoffice","ARIZONA","Pinal County Sheriff Office","ICE identification/removal statistics (FOIA)","FY2013","8 identified; 121 removed"
"yavapaicountysheriffsoffice","ARIZONA","Yavapai County Sheriff Office","ICE identification/removal statistics (FOIA)","FY2007","167 identified; 21 removed"
"yavapaicountysheriffsoffice","ARIZONA","Yavapai County Sheriff Office","ICE identification/removal statistics (FOIA)","FY2008","260 identified; 246 removed"
"yavapaicountysheriffsoffice","ARIZONA","Yavapai County Sheriff Office","ICE identification/removal statistics (FOIA)","FY2009","352 identified; 303 removed"
"yavapaicountysheriffsoffice","ARIZONA","Yavapai County Sheriff Office","ICE identification/removal statistics (FOIA)","FY2010","235 identified; 200 removed"
"yavapaicountysheriffsoffice","ARIZONA","Yavapai County Sheriff Office","ICE identification/removal statistics (FOIA)","FY2011","134 identified; 93 removed"
"yavapaicountysheriffsoffice","ARIZONA","Yavapai County Sheriff Office","ICE identification/removal statistics (FOIA)","FY2012","64 identified; 31 removed"
"yavapaicountysheriffsoffice","ARIZONA","Yavapai County Sheriff Office","ICE identification/removal statistics (FOIA)","FY2013","2 identified; 26 removed"
"bentoncountysheriffsoffice","ARKANSAS","Benton County Sheriff Office","ICE identification/removal statistics (FOIA)","FY2007","3 identified; 3 removed"
"bentoncountysheriffsoffice","ARKANSAS","Benton County Sheriff Office","ICE identification/removal statistics (FOIA)","FY2008","416 identified; 303 removed"
"bentoncountysheriffsoffice","ARKANSAS","Benton County Sheriff Office","ICE identification/removal statistics (FOIA)","FY2009","279 identified; 167 removed"
"bentoncountysheriffsoffice","ARKANSAS","Benton County Sheriff Office","ICE identification/removal statistics (FOIA)","FY2010","79 identified; 31 removed"
"bentoncountysheriffsoffice","ARKANSAS","Benton County Sheriff Office","ICE identification/removal statistics (FOIA)","FY2011","306 identified; 133 removed"
"bentoncountysheriffsoffice","ARKANSAS","Benton County Sheriff Office","ICE identification/removal statistics (FOIA)","FY2012","176 identified; 53 removed"
"bentoncountysheriffsoffice","ARKANSAS","Benton County Sheriff Office","ICE identification/removal statistics (FOIA)","FY2013","20 identified; 38 removed"
"springdalepolicedepartment","ARKANSAS","City of Springdale Police Department","ICE identification/removal statistics (FOIA)","FY2008","148 identified; 96 removed"
"springdalepolicedepartment","ARKANSAS","City of Springdale Police Department","ICE identification/removal statistics (FOIA)","FY2009","142 identified; 93 removed"
"springdalepolicedepartment","ARKANSAS","City of Springdale Police Department","ICE identification/removal statistics (FOIA)","FY2010","43 identified; 13 removed"
"springdalepolicedepartment","ARKANSAS","City of Springdale Police Department","ICE identification/removal statistics (FOIA)","FY2011","21 identified; 5 removed"
"springdalepolicedepartment","ARKANSAS","City of Springdale Police Department","ICE identification/removal statistics (FOIA)","FY2012","11 identified; 2 removed"
"rogerspolicedepartment","ARKANSAS","Rogers Police Department","ICE identification/removal statistics (FOIA)","FY2007","2 identified; 1 removed"
"rogerspolicedepartment","ARKANSAS","Rogers Police Department","ICE identification/removal statistics (FOIA)","FY2008","123 identified; 83 removed"
"rogerspolicedepartment","ARKANSAS","Rogers Police Department","ICE identification/removal statistics (FOIA)","FY2009","101 identified; 68 removed"
"rogerspolicedepartment","ARKANSAS","Rogers Police Department","ICE identification/removal statistics (FOIA)","FY2010","79 identified; 37 removed"
"rogerspolicedepartment","ARKANSAS","Rogers Police Department","ICE identification/removal statistics (FOIA)","FY2011","17 identified; 11 removed"
"rogerspolicedepartment","ARKANSAS","Rogers Police Department","ICE identification/removal statistics (FOIA)","FY2012","4 identified; 1 removed"
"rogerspolicedepartment","ARKANSAS","Rogers Police Department","ICE identification/removal statistics (FOIA)","FY2013","1 identified; 0 removed"
"washingtoncountysheriffsoffice","ARKANSAS","Washington County Sheriff Office AR","ICE identification/removal statistics (FOIA)","FY2007","3 identified; 3 removed"
"washingtoncountysheriffsoffice","ARKANSAS","Washington County Sheriff Office AR","ICE identification/removal statistics (FOIA)","FY2008","218 identified; 168 removed"
"washingtoncountysheriffsoffice","ARKANSAS","Washington County Sheriff Office AR","ICE identification/removal statistics (FOIA)","FY2009","173 identified; 110 removed"
"washingtoncountysheriffsoffice","ARKANSAS","Washington County Sheriff Office AR","ICE identification/removal statistics (FOIA)","FY2010","173 identified; 82 removed"
"washingtoncountysheriffsoffice","ARKANSAS","Washington County Sheriff Office AR","ICE identification/removal statistics (FOIA)","FY2011","105 identified; 60 removed"
"washingtoncountysheriffsoffice","ARKANSAS","Washington County Sheriff Office AR","ICE identification/removal statistics (FOIA)","FY2012","60 identified; 28 removed"
"washingtoncountysheriffsoffice","ARKANSAS","Washington County Sheriff Office AR","ICE identification/removal statistics (FOIA)","FY2013","14 identified; 7 removed"
"losangelescountysheriffsoffice","CALIFORNIA","Los Angeles County Sheriff Office","ICE identification/removal statistics (FOIA)","FY2006","3646 identified; 2598 removed"
"losangelescountysheriffsoffice","CALIFORNIA","Los Angeles County Sheriff Office","ICE identification/removal statistics (FOIA)","FY2007","4543 identified; 3330 removed"
"losangelescountysheriffsoffice","CALIFORNIA","Los Angeles County Sheriff Office","ICE identification/removal statistics (FOIA)","FY2008","3850 identified; 3002 removed"
"losangelescountysheriffsoffice","CALIFORNIA","Los Angeles County Sheriff Office","ICE identification/removal statistics (FOIA)","FY2009","4761 identified; 3515 removed"
"losangelescountysheriffsoffice","CALIFORNIA","Los Angeles County Sheriff Office","ICE identification/removal statistics (FOIA)","FY2010","3332 identified; 2170 removed"
"losangelescountysheriffsoffice","CALIFORNIA","Los Angeles County Sheriff Office","ICE identification/removal statistics (FOIA)","FY2011","2027 identified; 1320 removed"
"losangelescountysheriffsoffice","CALIFORNIA","Los Angeles County Sheriff Office","ICE identification/removal statistics (FOIA)","FY2012","1403 identified; 687 removed"
"losangelescountysheriffsoffice","CALIFORNIA","Los Angeles County Sheriff Office","ICE identification/removal statistics (FOIA)","FY2013","1046 identified; 584 removed"
"orangecountysheriffsoffice","CALIFORNIA","Orange County Sheriff Office","ICE identification/removal statistics (FOIA)","FY2007","3535 identified; 2693 removed"
"orangecountysheriffsoffice","CALIFORNIA","Orange County Sheriff Office","ICE identification/removal statistics (FOIA)","FY2008","4145 identified; 3127 removed"
"orangecountysheriffsoffice","CALIFORNIA","Orange County Sheriff Office","ICE identification/removal statistics (FOIA)","FY2009","3244 identified; 2403 removed"
"orangecountysheriffsoffice","CALIFORNIA","Orange County Sheriff Office","ICE identification/removal statistics (FOIA)","FY2010","2319 identified; 1423 removed"
"orangecountysheriffsoffice","CALIFORNIA","Orange County Sheriff Office","ICE identification/removal statistics (FOIA)","FY2011","2300 identified; 1458 removed"
"orangecountysheriffsoffice","CALIFORNIA","Orange County Sheriff Office","ICE identification/removal statistics (FOIA)","FY2012","1866 identified; 884 removed"
"orangecountysheriffsoffice","CALIFORNIA","Orange County Sheriff Office","ICE identification/removal statistics (FOIA)","FY2013","1 identified; 901 removed"
"riversidecountysheriffsoffice","CALIFORNIA","Riverside County Sheriff Office","ICE identification/removal statistics (FOIA)","FY2006","290 identified; 179 removed"
"riversidecountysheriffsoffice","CALIFORNIA","Riverside County Sheriff Office","ICE identification/removal statistics (FOIA)","FY2007","1731 identified; 1164 removed"
"riversidecountysheriffsoffice","CALIFORNIA","Riverside County Sheriff Office","ICE identification/removal statistics (FOIA)","FY2008","1108 identified; 799 removed"
"riversidecountysheriffsoffice","CALIFORNIA","Riverside County Sheriff Office","ICE identification/removal statistics (FOIA)","FY2009","1230 identified; 847 removed"
"riversidecountysheriffsoffice","CALIFORNIA","Riverside County Sheriff Office","ICE identification/removal statistics (FOIA)","FY2010","1048 identified; 599 removed"
"riversidecountysheriffsoffice","CALIFORNIA","Riverside County Sheriff Office","ICE identification/removal statistics (FOIA)","FY2011","936 identified; 556 removed"
"riversidecountysheriffsoffice","CALIFORNIA","Riverside County Sheriff Office","ICE identification/removal statistics (FOIA)","FY2012","730 identified; 371 removed"
"riversidecountysheriffsoffice","CALIFORNIA","Riverside County Sheriff Office","ICE identification/removal statistics (FOIA)","FY2013","484 identified; 282 removed"
"sanbernardinocountysheriffsoffice","CALIFORNIA","San Bernardino County Sheriff Office","ICE identification/removal statistics (FOIA)","FY2006","1276 identified; 820 removed"
"sanbernardinocountysheriffsoffice","CALIFORNIA","San Bernardino County Sheriff Office","ICE identification/removal statistics (FOIA)","FY2007","2312 identified; 1611 removed"
"sanbernardinocountysheriffsoffice","CALIFORNIA","San Bernardino County Sheriff Office","ICE identification/removal statistics (FOIA)","FY2008","2460 identified; 1751 removed"
"sanbernardinocountysheriffsoffice","CALIFORNIA","San Bernardino County Sheriff Office","ICE identification/removal statistics (FOIA)","FY2009","3406 identified; 2414 removed"
"sanbernardinocountysheriffsoffice","CALIFORNIA","San Bernardino County Sheriff Office","ICE identification/removal statistics (FOIA)","FY2010","4088 identified; 2593 removed"
"sanbernardinocountysheriffsoffice","CALIFORNIA","San Bernardino County Sheriff Office","ICE identification/removal statistics (FOIA)","FY2011","3311 identified; 2068 removed"
"sanbernardinocountysheriffsoffice","CALIFORNIA","San Bernardino County Sheriff Office","ICE identification/removal statistics (FOIA)","FY2012","2665 identified; 1347 removed"
"sanbernardinocountysheriffsoffice","CALIFORNIA","San Bernardino County Sheriff Office","ICE identification/removal statistics (FOIA)","FY2013","1397 identified; 875 removed"
"coloradodepartmentofpublicsafety","COLORADO","CO Department of Public Safety","ICE identification/removal statistics (FOIA)","FY2007","204 identified; 144 removed"
"coloradodepartmentofpublicsafety","COLORADO","CO Department of Public Safety","ICE identification/removal statistics (FOIA)","FY2008","781 identified; 675 removed"
"coloradodepartmentofpublicsafety","COLORADO","CO Department of Public Safety","ICE identification/removal statistics (FOIA)","FY2009","647 identified; 556 removed"
"coloradodepartmentofpublicsafety","COLORADO","CO Department of Public Safety","ICE identification/removal statistics (FOIA)","FY2010","401 identified; 321 removed"
"coloradodepartmentofpublicsafety","COLORADO","CO Department of Public Safety","ICE identification/removal statistics (FOIA)","FY2011","450 identified; 348 removed"
"coloradodepartmentofpublicsafety","COLORADO","CO Department of Public Safety","ICE identification/removal statistics (FOIA)","FY2012","363 identified; 233 removed"
"coloradodepartmentofpublicsafety","COLORADO","CO Department of Public Safety","ICE identification/removal statistics (FOIA)","FY2013","24 identified; 53 removed"
"elpasocountysheriffsoffice","COLORADO","El Paso County Sheriff Office","ICE identification/removal statistics (FOIA)","FY2008","176 identified; 112 removed"
"elpasocountysheriffsoffice","COLORADO","El Paso County Sheriff Office","ICE identification/removal statistics (FOIA)","FY2009","301 identified; 183 removed"
"elpasocountysheriffsoffice","COLORADO","El Paso County Sheriff Office","ICE identification/removal statistics (FOIA)","FY2010","252 identified; 96 removed"
"elpasocountysheriffsoffice","COLORADO","El Paso County Sheriff Office","ICE identification/removal statistics (FOIA)","FY2011","242 identified; 132 removed"
"elpasocountysheriffsoffice","COLORADO","El Paso County Sheriff Office","ICE identification/removal statistics (FOIA)","FY2012","156 identified; 69 removed"
"elpasocountysheriffsoffice","COLORADO","El Paso County Sheriff Office","ICE identification/removal statistics (FOIA)","FY2013","143 identified; 103 removed"
"danburypolicedepartment","CONNECTICUT","City of Danbury Police Department","ICE identification/removal statistics (FOIA)","FY2011","14 identified; 8 removed"
"danburypolicedepartment","CONNECTICUT","City of Danbury Police Department","ICE identification/removal statistics (FOIA)","FY2012","4 identified; 2 removed"
"danburypolicedepartment","CONNECTICUT","City of Danbury Police Department","ICE identification/removal statistics (FOIA)","FY2013","0 identified; 1 removed"
"baycountysheriffsoffice","FLORIDA","Bay County Sheriff Office","ICE identification/removal statistics (FOIA)","FY2008","7 identified; 3 removed"
"baycountysheriffsoffice","FLORIDA","Bay County Sheriff Office","ICE identification/removal statistics (FOIA)","FY2009","136 identified; 106 removed"
"baycountysheriffsoffice","FLORIDA","Bay County Sheriff Office","ICE identification/removal statistics (FOIA)","FY2010","85 identified; 47 removed"
"baycountysheriffsoffice","FLORIDA","Bay County Sheriff Office","ICE identification/removal statistics (FOIA)","FY2011","55 identified; 35 removed"
"baycountysheriffsoffice","FLORIDA","Bay County Sheriff Office","ICE identification/removal statistics (FOIA)","FY2012","37 identified; 11 removed"
"brevardcountysheriffsoffice","FLORIDA","Brevard County Sheriff Office","ICE identification/removal statistics (FOIA)","FY2009","95 identified; 66 removed"
"colliercountysheriffsoffice","FLORIDA","Collier County Sheriff Office","ICE identification/removal statistics (FOIA)","FY2006","12 identified; 1 removed"
"colliercountysheriffsoffice","FLORIDA","Collier County Sheriff Office","ICE identification/removal statistics (FOIA)","FY2007","18 identified; 10 removed"
"colliercountysheriffsoffice","FLORIDA","Collier County Sheriff Office","ICE identification/removal statistics (FOIA)","FY2008","821 identified; 707 removed"
"colliercountysheriffsoffice","FLORIDA","Collier County Sheriff Office","ICE identification/removal statistics (FOIA)","FY2009","1273 identified; 1063 removed"
"colliercountysheriffsoffice","FLORIDA","Collier County Sheriff Office","ICE identification/removal statistics (FOIA)","FY2010","735 identified; 406 removed"
"colliercountysheriffsoffice","FLORIDA","Collier County Sheriff Office","ICE identification/removal statistics (FOIA)","FY2011","795 identified; 464 removed"
"colliercountysheriffsoffice","FLORIDA","Collier County Sheriff Office","ICE identification/removal statistics (FOIA)","FY2012","679 identified; 298 removed"
"colliercountysheriffsoffice","FLORIDA","Collier County Sheriff Office","ICE identification/removal statistics (FOIA)","FY2013","526 identified; 235 removed"
"floridadepartmentoflawenforcement","FLORIDA","FL Department of Law Enforcement","ICE identification/removal statistics (FOIA)","FY2007","3 identified; 2 removed"
"floridadepartmentoflawenforcement","FLORIDA","FL Department of Law Enforcement","ICE identification/removal statistics (FOIA)","FY2008","10 identified; 7 removed"
"floridadepartmentoflawenforcement","FLORIDA","FL Department of Law Enforcement","ICE identification/removal statistics (FOIA)","FY2009","15 identified; 8 removed"
"floridadepartmentoflawenforcement","FLORIDA","FL Department of Law Enforcement","ICE identification/removal statistics (FOIA)","FY2010","8 identified; 4 removed"
"floridadepartmentoflawenforcement","FLORIDA","FL Department of Law Enforcement","ICE identification/removal statistics (FOIA)","FY2011","6 identified; 3 removed"
"floridadepartmentoflawenforcement","FLORIDA","FL Department of Law Enforcement","ICE identification/removal statistics (FOIA)","FY2012","30 identified; 10 removed"
"floridadepartmentoflawenforcement","FLORIDA","FL Department of Law Enforcement","ICE identification/removal statistics (FOIA)","FY2013","2 identified; 4 removed"
"jacksonvillesheriffsoffice","FLORIDA","Jacksonville Sheriff Office","ICE identification/removal statistics (FOIA)","FY2009","524 identified; 381 removed"
"jacksonvillesheriffsoffice","FLORIDA","Jacksonville Sheriff Office","ICE identification/removal statistics (FOIA)","FY2010","395 identified; 220 removed"
"jacksonvillesheriffsoffice","FLORIDA","Jacksonville Sheriff Office","ICE identification/removal statistics (FOIA)","FY2011","319 identified; 148 removed"
"jacksonvillesheriffsoffice","FLORIDA","Jacksonville Sheriff Office","ICE identification/removal statistics (FOIA)","FY2012","273 identified; 134 removed"
"jacksonvillesheriffsoffice","FLORIDA","Jacksonville Sheriff Office","ICE identification/removal statistics (FOIA)","FY2013","223 identified; 147 removed"
"manateecountysheriffsoffice","FLORIDA","Manatee County Sheriff Office","ICE identification/removal statistics (FOIA)","FY2009","146 identified; 107 removed"
"manateecountysheriffsoffice","FLORIDA","Manatee County Sheriff Office","ICE identification/removal statistics (FOIA)","FY2013","0 identified; 1 removed"
"cobbcountysheriffsoffice","GEORGIA","Cobb County Sheriff Office","ICE identification/removal statistics (FOIA)","FY2007","128 identified; 93 removed"
"cobbcountysheriffsoffice","GEORGIA","Cobb County Sheriff Office","ICE identification/removal statistics (FOIA)","FY2008","3747 identified; 2794 removed"
"cobbcountysheriffsoffice","GEORGIA","Cobb County Sheriff Office","ICE identification/removal statistics (FOIA)","FY2009","2612 identified; 1513 removed"
"cobbcountysheriffsoffice","GEORGIA","Cobb County Sheriff Office","ICE identification/removal statistics (FOIA)","FY2010","2011 identified; 964 removed"
"cobbcountysheriffsoffice","GEORGIA","Cobb County Sheriff Office","ICE identification/removal statistics (FOIA)","FY2011","1283 identified; 693 removed"
"cobbcountysheriffsoffice","GEORGIA","Cobb County Sheriff Office","ICE identification/removal statistics (FOIA)","FY2012","1009 identified; 345 removed"
"cobbcountysheriffsoffice","GEORGIA","Cobb County Sheriff Office","ICE identification/removal statistics (FOIA)","FY2013","701 identified; 424 removed"
"georgiadepartmentofpublicsafety","GEORGIA","GA Department of Public Safety","ICE identification/removal statistics (FOIA)","FY2008","13 identified; 4 removed"
"georgiadepartmentofpublicsafety","GEORGIA","GA Department of Public Safety","ICE identification/removal statistics (FOIA)","FY2009","14 identified; 5 removed"
"georgiadepartmentofpublicsafety","GEORGIA","GA Department of Public Safety","ICE identification/removal statistics (FOIA)","FY2010","9 identified; 1 removed"
"georgiadepartmentofpublicsafety","GEORGIA","GA Department of Public Safety","ICE identification/removal statistics (FOIA)","FY2011","3 identified; 1 removed"
"gwinnettcountysheriffsoffice","GEORGIA","Gwinnett County Sheriff Office","ICE identification/removal statistics (FOIA)","FY2010","2545 identified; 1320 removed"
"gwinnettcountysheriffsoffice","GEORGIA","Gwinnett County Sheriff Office","ICE identification/removal statistics (FOIA)","FY2011","2965 identified; 1979 removed"
"gwinnettcountysheriffsoffice","GEORGIA","Gwinnett County Sheriff Office","ICE identification/removal statistics (FOIA)","FY2012","3292 identified; 1292 removed"
"gwinnettcountysheriffsoffice","GEORGIA","Gwinnett County Sheriff Office","ICE identification/removal statistics (FOIA)","FY2013","1868 identified; 1044 removed"
"hallcountysheriffsoffice","GEORGIA","Hall County Sheriff Office","ICE identification/removal statistics (FOIA)","FY2008","874 identified; 694 removed"
"hallcountysheriffsoffice","GEORGIA","Hall County Sheriff Office","ICE identification/removal statistics (FOIA)","FY2009","1078 identified; 859 removed"
"hallcountysheriffsoffice","GEORGIA","Hall County Sheriff Office","ICE identification/removal statistics (FOIA)","FY2010","755 identified; 437 removed"
"hallcountysheriffsoffice","GEORGIA","Hall County Sheriff Office","ICE identification/removal statistics (FOIA)","FY2011","598 identified; 348 removed"
"hallcountysheriffsoffice","GEORGIA","Hall County Sheriff Office","ICE identification/removal statistics (FOIA)","FY2012","663 identified; 169 removed"
"hallcountysheriffsoffice","GEORGIA","Hall County Sheriff Office","ICE identification/removal statistics (FOIA)","FY2013","424 identified; 199 removed"
"whitfieldcountysheriffsoffice","GEORGIA","Whitfield County Sheriff Office","ICE identification/removal statistics (FOIA)","FY2008","100 identified; 77 removed"
"whitfieldcountysheriffsoffice","GEORGIA","Whitfield County Sheriff Office","ICE identification/removal statistics (FOIA)","FY2009","379 identified; 291 removed"
"whitfieldcountysheriffsoffice","GEORGIA","Whitfield County Sheriff Office","ICE identification/removal statistics (FOIA)","FY2010","581 identified; 311 removed"
"whitfieldcountysheriffsoffice","GEORGIA","Whitfield County Sheriff Office","ICE identification/removal statistics (FOIA)","FY2011","534 identified; 324 removed"
"whitfieldcountysheriffsoffice","GEORGIA","Whitfield County Sheriff Office","ICE identification/removal statistics (FOIA)","FY2012","483 identified; 150 removed"
"whitfieldcountysheriffsoffice","GEORGIA","Whitfield County Sheriff Office","ICE identification/removal statistics (FOIA)","FY2013","316 identified; 143 removed"
"frederickcountysheriffsoffice","MARYLAND","Frederick County Sheriff Office","ICE identification/removal statistics (FOIA)","FY2008","194 identified; 118 removed"
"frederickcountysheriffsoffice","MARYLAND","Frederick County Sheriff Office","ICE identification/removal statistics (FOIA)","FY2009","304 identified; 180 removed"
"frederickcountysheriffsoffice","MARYLAND","Frederick County Sheriff Office","ICE identification/removal statistics (FOIA)","FY2010","240 identified; 70 removed"
"frederickcountysheriffsoffice","MARYLAND","Frederick County Sheriff Office","ICE identification/removal statistics (FOIA)","FY2011","183 identified; 93 removed"
"frederickcountysheriffsoffice","MARYLAND","Frederick County Sheriff Office","ICE identification/removal statistics (FOIA)","FY2012","138 identified; 43 removed"
"frederickcountysheriffsoffice","MARYLAND","Frederick County Sheriff Office","ICE identification/removal statistics (FOIA)","FY2013","65 identified; 54 removed"
"massachusettsdepartmentofcorrections","MASSACHUSETTS","MA Department of Corrections","ICE identification/removal statistics (FOIA)","FY2008","77 identified; 22 removed"
"massachusettsdepartmentofcorrections","MASSACHUSETTS","MA Department of Corrections","ICE identification/removal statistics (FOIA)","FY2009","77 identified; 14 removed"
"massachusettsdepartmentofcorrections","MASSACHUSETTS","MA Department of Corrections","ICE identification/removal statistics (FOIA)","FY2010","42 identified; 2 removed"
"massachusettsdepartmentofcorrections","MASSACHUSETTS","MA Department of Corrections","ICE identification/removal statistics (FOIA)","FY2011","45 identified; 7 removed"
"massachusettsdepartmentofcorrections","MASSACHUSETTS","MA Department of Corrections","ICE identification/removal statistics (FOIA)","FY2012","18 identified; 0 removed"
"massachusettsdepartmentofcorrections","MASSACHUSETTS","MA Department of Corrections","ICE identification/removal statistics (FOIA)","FY2013","6 identified; 18 removed"
"minnesotadepartmentofpublicsafety","MINNESOTA","MN Department of Public Safety","ICE identification/removal statistics (FOIA)","FY2009","6 identified; 1 removed"
"minnesotadepartmentofpublicsafety","MINNESOTA","MN Department of Public Safety","ICE identification/removal statistics (FOIA)","FY2010","18 identified; 11 removed"
"minnesotadepartmentofpublicsafety","MINNESOTA","MN Department of Public Safety","ICE identification/removal statistics (FOIA)","FY2011","5 identified; 5 removed"
"minnesotadepartmentofpublicsafety","MINNESOTA","MN Department of Public Safety","ICE identification/removal statistics (FOIA)","FY2012","2 identified; 1 removed"
"missouristatehighwaypatrol","MISSOURI","MO State Highway Patrol","ICE identification/removal statistics (FOIA)","FY2008","2 identified; 2 removed"
"missouristatehighwaypatrol","MISSOURI","MO State Highway Patrol","ICE identification/removal statistics (FOIA)","FY2009","4 identified; 2 removed"
"missouristatehighwaypatrol","MISSOURI","MO State Highway Patrol","ICE identification/removal statistics (FOIA)","FY2010","2 identified; 0 removed"
"lasvegasmetropolitanpolicedepartment","NEVADA","Las Vegas Metropolitan Police Dept","ICE identification/removal statistics (FOIA)","FY2009","1994 identified; 1554 removed"
"lasvegasmetropolitanpolicedepartment","NEVADA","Las Vegas Metropolitan Police Dept","ICE identification/removal statistics (FOIA)","FY2010","1786 identified; 1016 removed"
"lasvegasmetropolitanpolicedepartment","NEVADA","Las Vegas Metropolitan Police Dept","ICE identification/removal statistics (FOIA)","FY2011","1636 identified; 982 removed"
"lasvegasmetropolitanpolicedepartment","NEVADA","Las Vegas Metropolitan Police Dept","ICE identification/removal statistics (FOIA)","FY2012","1427 identified; 694 removed"
"lasvegasmetropolitanpolicedepartment","NEVADA","Las Vegas Metropolitan Police Dept","ICE identification/removal statistics (FOIA)","FY2013","634 identified; 701 removed"
"hudsoncitypolicedepartment","NEW HAMPSHIRE","Hudson City Police Department","ICE identification/removal statistics (FOIA)","FY2008","5 identified; 5 removed"
"hudsoncitypolicedepartment","NEW HAMPSHIRE","Hudson City Police Department","ICE identification/removal statistics (FOIA)","FY2010","1 identified; 0 removed"
"hudsoncountydepartmentofcorrections","NEW JERSEY","Hudson County Department of Corrections","ICE identification/removal statistics (FOIA)","FY2008","0 identified; 107 removed"
"hudsoncountydepartmentofcorrections","NEW JERSEY","Hudson County Department of Corrections","ICE identification/removal statistics (FOIA)","FY2009","151 identified; 10 removed"
"hudsoncountydepartmentofcorrections","NEW JERSEY","Hudson County Department of Corrections","ICE identification/removal statistics (FOIA)","FY2010","279 identified; 128 removed"
"hudsoncountydepartmentofcorrections","NEW JERSEY","Hudson County Department of Corrections","ICE identification/removal statistics (FOIA)","FY2011","221 identified; 99 removed"
"hudsoncountydepartmentofcorrections","NEW JERSEY","Hudson County Department of Corrections","ICE identification/removal statistics (FOIA)","FY2012","175 identified; 51 removed"
"hudsoncountydepartmentofcorrections","NEW JERSEY","Hudson County Department of Corrections","ICE identification/removal statistics (FOIA)","FY2013","189 identified; 65 removed"
"monmouthcountysheriffsoffice","NEW JERSEY","Monmouth County Sheriff Office","ICE identification/removal statistics (FOIA)","FY2010","107 identified; 41 removed"
"monmouthcountysheriffsoffice","NEW JERSEY","Monmouth County Sheriff Office","ICE identification/removal statistics (FOIA)","FY2011","123 identified; 55 removed"
"monmouthcountysheriffsoffice","NEW JERSEY","Monmouth County Sheriff Office","ICE identification/removal statistics (FOIA)","FY2012","54 identified; 9 removed"
"monmouthcountysheriffsoffice","NEW JERSEY","Monmouth County Sheriff Office","ICE identification/removal statistics (FOIA)","FY2013","49 identified; 31 removed"
"newmexicodepartmentofcorrections","NEW MEXICO","NM Corrections Department","ICE identification/removal statistics (FOIA)","FY2008","5 identified; 3 removed"
"newmexicodepartmentofcorrections","NEW MEXICO","NM Corrections Department","ICE identification/removal statistics (FOIA)","FY2010","1 identified; 0 removed"
"newmexicodepartmentofcorrections","NEW MEXICO","NM Corrections Department","ICE identification/removal statistics (FOIA)","FY2011","17 identified; 3 removed"
"newmexicodepartmentofcorrections","NEW MEXICO","NM Corrections Department","ICE identification/removal statistics (FOIA)","FY2013","0 identified; 2 removed"
"alamancecountysheriffsoffice","NORTH CAROLINA","Alamance County Sheriff Office","ICE identification/removal statistics (FOIA)","FY2007","299 identified; 238 removed"
"alamancecountysheriffsoffice","NORTH CAROLINA","Alamance County Sheriff Office","ICE identification/removal statistics (FOIA)","FY2008","522 identified; 432 removed"
"alamancecountysheriffsoffice","NORTH CAROLINA","Alamance County Sheriff Office","ICE identification/removal statistics (FOIA)","FY2009","390 identified; 239 removed"
"alamancecountysheriffsoffice","NORTH CAROLINA","Alamance County Sheriff Office","ICE identification/removal statistics (FOIA)","FY2010","293 identified; 137 removed"
"alamancecountysheriffsoffice","NORTH CAROLINA","Alamance County Sheriff Office","ICE identification/removal statistics (FOIA)","FY2011","272 identified; 159 removed"
"alamancecountysheriffsoffice","NORTH CAROLINA","Alamance County Sheriff Office","ICE identification/removal statistics (FOIA)","FY2012","280 identified; 97 removed"
"alamancecountysheriffsoffice","NORTH CAROLINA","Alamance County Sheriff Office","ICE identification/removal statistics (FOIA)","FY2013","0 identified; 52 removed"
"cabarruscountysheriffsoffice","NORTH CAROLINA","Cabarrus County Sheriff Office","ICE identification/removal statistics (FOIA)","FY2008","221 identified; 188 removed"
"cabarruscountysheriffsoffice","NORTH CAROLINA","Cabarrus County Sheriff Office","ICE identification/removal statistics (FOIA)","FY2009","301 identified; 211 removed"
"cabarruscountysheriffsoffice","NORTH CAROLINA","Cabarrus County Sheriff Office","ICE identification/removal statistics (FOIA)","FY2010","218 identified; 130 removed"
"cabarruscountysheriffsoffice","NORTH CAROLINA","Cabarrus County Sheriff Office","ICE identification/removal statistics (FOIA)","FY2011","135 identified; 96 removed"
"cabarruscountysheriffsoffice","NORTH CAROLINA","Cabarrus County Sheriff Office","ICE identification/removal statistics (FOIA)","FY2012","137 identified; 59 removed"
"cabarruscountysheriffsoffice","NORTH CAROLINA","Cabarrus County Sheriff Office","ICE identification/removal statistics (FOIA)","FY2013","86 identified; 63 removed"
"cumberlandcountysheriffsoffice","NORTH CAROLINA","Cumberland County Sheriff Office","ICE identification/removal statistics (FOIA)","FY2008","27 identified; 16 removed"
"cumberlandcountysheriffsoffice","NORTH CAROLINA","Cumberland County Sheriff Office","ICE identification/removal statistics (FOIA)","FY2009","104 identified; 69 removed"
"cumberlandcountysheriffsoffice","NORTH CAROLINA","Cumberland County Sheriff Office","ICE identification/removal statistics (FOIA)","FY2010","7 identified; 2 removed"
"durhampolicedepartment","NORTH CAROLINA","Durham Police Department","ICE identification/removal statistics (FOIA)","FY2008","33 identified; 24 removed"
"durhampolicedepartment","NORTH CAROLINA","Durham Police Department","ICE identification/removal statistics (FOIA)","FY2009","27 identified; 17 removed"
"durhampolicedepartment","NORTH CAROLINA","Durham Police Department","ICE identification/removal statistics (FOIA)","FY2010","44 identified; 14 removed"
"durhampolicedepartment","NORTH CAROLINA","Durham Police Department","ICE identification/removal statistics (FOIA)","FY2011","28 identified; 12 removed"
"durhampolicedepartment","NORTH CAROLINA","Durham Police Department","ICE identification/removal statistics (FOIA)","FY2012","11 identified; 6 removed"
"durhampolicedepartment","NORTH CAROLINA","Durham Police Department","ICE identification/removal statistics (FOIA)","FY2013","2 identified; 3 removed"
"gastoncountysheriffsoffice","NORTH CAROLINA","Gaston County Sheriff Office","ICE identification/removal statistics (FOIA)","FY2007","194 identified; 124 removed"
"gastoncountysheriffsoffice","NORTH CAROLINA","Gaston County Sheriff Office","ICE identification/removal statistics (FOIA)","FY2008","402 identified; 345 removed"
"gastoncountysheriffsoffice","NORTH CAROLINA","Gaston County Sheriff Office","ICE identification/removal statistics (FOIA)","FY2009","353 identified; 258 removed"
"gastoncountysheriffsoffice","NORTH CAROLINA","Gaston County Sheriff Office","ICE identification/removal statistics (FOIA)","FY2010","324 identified; 184 removed"
"gastoncountysheriffsoffice","NORTH CAROLINA","Gaston County Sheriff Office","ICE identification/removal statistics (FOIA)","FY2011","247 identified; 161 removed"
"gastoncountysheriffsoffice","NORTH CAROLINA","Gaston County Sheriff Office","ICE identification/removal statistics (FOIA)","FY2012","208 identified; 67 removed"
"gastoncountysheriffsoffice","NORTH CAROLINA","Gaston County Sheriff Office","ICE identification/removal statistics (FOIA)","FY2013","98 identified; 85 removed"
"guilfordcountysheriffsoffice","NORTH CAROLINA","Guilford County Sheriff Office","ICE identification/removal statistics (FOIA)","FY2010","8 identified; 1 removed"
"guilfordcountysheriffsoffice","NORTH CAROLINA","Guilford County Sheriff Office","ICE identification/removal statistics (FOIA)","FY2011","1 identified; 1 removed"
"hendersoncountysheriffsoffice","NORTH CAROLINA","Henderson County Sheriff Office","ICE identification/removal statistics (FOIA)","FY2008","104 identified; 75 removed"
"hendersoncountysheriffsoffice","NORTH CAROLINA","Henderson County Sheriff Office","ICE identification/removal statistics (FOIA)","FY2009","556 identified; 466 removed"
"hendersoncountysheriffsoffice","NORTH CAROLINA","Henderson County Sheriff Office","ICE identification/removal statistics (FOIA)","FY2010","241 identified; 169 removed"
"hendersoncountysheriffsoffice","NORTH CAROLINA","Henderson County Sheriff Office","ICE identification/removal statistics (FOIA)","FY2011","167 identified; 121 removed"
"hendersoncountysheriffsoffice","NORTH CAROLINA","Henderson County Sheriff Office","ICE identification/removal statistics (FOIA)","FY2012","140 identified; 65 removed"
"hendersoncountysheriffsoffice","NORTH CAROLINA","Henderson County Sheriff Office","ICE identification/removal statistics (FOIA)","FY2013","82 identified; 71 removed"
"mecklenburgcountysheriffsoffice","NORTH CAROLINA","Mecklenburg County Sheriff Office","ICE identification/removal statistics (FOIA)","FY2006","516 identified; 319 removed"
"mecklenburgcountysheriffsoffice","NORTH CAROLINA","Mecklenburg County Sheriff Office","ICE identification/removal statistics (FOIA)","FY2007","2201 identified; 1474 removed"
"mecklenburgcountysheriffsoffice","NORTH CAROLINA","Mecklenburg County Sheriff Office","ICE identification/removal statistics (FOIA)","FY2008","2212 identified; 1866 removed"
"mecklenburgcountysheriffsoffice","NORTH CAROLINA","Mecklenburg County Sheriff Office","ICE identification/removal statistics (FOIA)","FY2009","2512 identified; 1813 removed"
"mecklenburgcountysheriffsoffice","NORTH CAROLINA","Mecklenburg County Sheriff Office","ICE identification/removal statistics (FOIA)","FY2010","2037 identified; 1142 removed"
"mecklenburgcountysheriffsoffice","NORTH CAROLINA","Mecklenburg County Sheriff Office","ICE identification/removal statistics (FOIA)","FY2011","1524 identified; 956 removed"
"mecklenburgcountysheriffsoffice","NORTH CAROLINA","Mecklenburg County Sheriff Office","ICE identification/removal statistics (FOIA)","FY2012","1063 identified; 434 removed"
"mecklenburgcountysheriffsoffice","NORTH CAROLINA","Mecklenburg County Sheriff Office","ICE identification/removal statistics (FOIA)","FY2013","626 identified; 444 removed"
"wakecountysheriffsoffice","NORTH CAROLINA","Wake County Sheriff Office","ICE identification/removal statistics (FOIA)","FY2008","540 identified; 352 removed"
"wakecountysheriffsoffice","NORTH CAROLINA","Wake County Sheriff Office","ICE identification/removal statistics (FOIA)","FY2009","2223 identified; 1546 removed"
"wakecountysheriffsoffice","NORTH CAROLINA","Wake County Sheriff Office","ICE identification/removal statistics (FOIA)","FY2010","1703 identified; 957 removed"
"wakecountysheriffsoffice","NORTH CAROLINA","Wake County Sheriff Office","ICE identification/removal statistics (FOIA)","FY2011","1233 identified; 818 removed"
"wakecountysheriffsoffice","NORTH CAROLINA","Wake County Sheriff Office","ICE identification/removal statistics (FOIA)","FY2012","1093 identified; 521 removed"
"wakecountysheriffsoffice","NORTH CAROLINA","Wake County Sheriff Office","ICE identification/removal statistics (FOIA)","FY2013","799 identified; 488 removed"
"butlercountysheriffsoffice","OHIO","Butler County Sheriff Office","ICE identification/removal statistics (FOIA)","FY2008","359 identified; 307 removed"
"butlercountysheriffsoffice","OHIO","Butler County Sheriff Office","ICE identification/removal statistics (FOIA)","FY2009","380 identified; 339 removed"
"butlercountysheriffsoffice","OHIO","Butler County Sheriff Office","ICE identification/removal statistics (FOIA)","FY2010","206 identified; 144 removed"
"butlercountysheriffsoffice","OHIO","Butler County Sheriff Office","ICE identification/removal statistics (FOIA)","FY2011","111 identified; 75 removed"
"butlercountysheriffsoffice","OHIO","Butler County Sheriff Office","ICE identification/removal statistics (FOIA)","FY2012","107 identified; 61 removed"
"butlercountysheriffsoffice","OHIO","Butler County Sheriff Office","ICE identification/removal statistics (FOIA)","FY2013","114 identified; 85 removed"
"tulsacountysheriffsoffice","OKLAHOMA","Tulsa County Sheriff Office","ICE identification/removal statistics (FOIA)","FY2007","39 identified; 30 removed"
"tulsacountysheriffsoffice","OKLAHOMA","Tulsa County Sheriff Office","ICE identification/removal statistics (FOIA)","FY2008","1363 identified; 1248 removed"
"tulsacountysheriffsoffice","OKLAHOMA","Tulsa County Sheriff Office","ICE identification/removal statistics (FOIA)","FY2009","1158 identified; 1017 removed"
"tulsacountysheriffsoffice","OKLAHOMA","Tulsa County Sheriff Office","ICE identification/removal statistics (FOIA)","FY2010","963 identified; 671 removed"
"tulsacountysheriffsoffice","OKLAHOMA","Tulsa County Sheriff Office","ICE identification/removal statistics (FOIA)","FY2011","930 identified; 648 removed"
"tulsacountysheriffsoffice","OKLAHOMA","Tulsa County Sheriff Office","ICE identification/removal statistics (FOIA)","FY2012","1001 identified; 477 removed"
"tulsacountysheriffsoffice","OKLAHOMA","Tulsa County Sheriff Office","ICE identification/removal statistics (FOIA)","FY2013","644 identified; 492 removed"
"rhodeislandstatepolice","RHODE ISLAND","Rhode Island State Police","ICE identification/removal statistics (FOIA)","FY2010","12 identified; 0 removed"
"rhodeislandstatepolice","RHODE ISLAND","Rhode Island State Police","ICE identification/removal statistics (FOIA)","FY2011","1 identified; 0 removed"
"beaufortcountysheriffsoffice","SOUTH CAROLINA","Beaufort County Sheriff Office","ICE identification/removal statistics (FOIA)","FY2008","11 identified; 11 removed"
"beaufortcountysheriffsoffice","SOUTH CAROLINA","Beaufort County Sheriff Office","ICE identification/removal statistics (FOIA)","FY2009","74 identified; 57 removed"
"beaufortcountysheriffsoffice","SOUTH CAROLINA","Beaufort County Sheriff Office","ICE identification/removal statistics (FOIA)","FY2010","59 identified; 11 removed"
"beaufortcountysheriffsoffice","SOUTH CAROLINA","Beaufort County Sheriff Office","ICE identification/removal statistics (FOIA)","FY2011","26 identified; 16 removed"
"beaufortcountysheriffsoffice","SOUTH CAROLINA","Beaufort County Sheriff Office","ICE identification/removal statistics (FOIA)","FY2012","24 identified; 10 removed"
"beaufortcountysheriffsoffice","SOUTH CAROLINA","Beaufort County Sheriff Office","ICE identification/removal statistics (FOIA)","FY2013","2 identified; 1 removed"
"charlestoncountysheriffsoffice","SOUTH CAROLINA","Charleston County Sheriff Office","ICE identification/removal statistics (FOIA)","FY2010","273 identified; 139 removed"
"charlestoncountysheriffsoffice","SOUTH CAROLINA","Charleston County Sheriff Office","ICE identification/removal statistics (FOIA)","FY2011","1239 identified; 947 removed"
"charlestoncountysheriffsoffice","SOUTH CAROLINA","Charleston County Sheriff Office","ICE identification/removal statistics (FOIA)","FY2012","694 identified; 298 removed"
"charlestoncountysheriffsoffice","SOUTH CAROLINA","Charleston County Sheriff Office","ICE identification/removal statistics (FOIA)","FY2013","419 identified; 246 removed"
"lexingtoncountysheriffsoffice","SOUTH CAROLINA","Lexington County Sheriff Department","ICE identification/removal statistics (FOIA)","FY2010","42 identified; 13 removed"
"lexingtoncountysheriffsoffice","SOUTH CAROLINA","Lexington County Sheriff Department","ICE identification/removal statistics (FOIA)","FY2011","610 identified; 480 removed"
"lexingtoncountysheriffsoffice","SOUTH CAROLINA","Lexington County Sheriff Department","ICE identification/removal statistics (FOIA)","FY2012","345 identified; 167 removed"
"lexingtoncountysheriffsoffice","SOUTH CAROLINA","Lexington County Sheriff Department","ICE identification/removal statistics (FOIA)","FY2013","178 identified; 152 removed"
"yorkcountysheriffsoffice","SOUTH CAROLINA","York County Sheriff Office","ICE identification/removal statistics (FOIA)","FY2008","352 identified; 282 removed"
"yorkcountysheriffsoffice","SOUTH CAROLINA","York County Sheriff Office","ICE identification/removal statistics (FOIA)","FY2009","330 identified; 245 removed"
"yorkcountysheriffsoffice","SOUTH CAROLINA","York County Sheriff Office","ICE identification/removal statistics (FOIA)","FY2010","185 identified; 100 removed"
"yorkcountysheriffsoffice","SOUTH CAROLINA","York County Sheriff Office","ICE identification/removal statistics (FOIA)","FY2011","191 identified; 122 removed"
"yorkcountysheriffsoffice","SOUTH CAROLINA","York County Sheriff Office","ICE identification/removal statistics (FOIA)","FY2012","145 identified; 68 removed"
"yorkcountysheriffsoffice","SOUTH CAROLINA","York County Sheriff Office","ICE identification/removal statistics (FOIA)","FY2013","55 identified; 47 removed"
"davidsoncountysheriffsoffice","TENNESSEE","Davidson County Sheriff Office","ICE identification/removal statistics (FOIA)","FY2007","1738 identified; 1077 removed"
"davidsoncountysheriffsoffice","TENNESSEE","Davidson County Sheriff Office","ICE identification/removal statistics (FOIA)","FY2008","2648 identified; 2189 removed"
"davidsoncountysheriffsoffice","TENNESSEE","Davidson County Sheriff Office","ICE identification/removal statistics (FOIA)","FY2009","2242 identified; 1549 removed"
"davidsoncountysheriffsoffice","TENNESSEE","Davidson County Sheriff Office","ICE identification/removal statistics (FOIA)","FY2010","1655 identified; 804 removed"
"davidsoncountysheriffsoffice","TENNESSEE","Davidson County Sheriff Office","ICE identification/removal statistics (FOIA)","FY2011","1289 identified; 654 removed"
"davidsoncountysheriffsoffice","TENNESSEE","Davidson County Sheriff Office","ICE identification/removal statistics (FOIA)","FY2012","1321 identified; 464 removed"
"davidsoncountysheriffsoffice","TENNESSEE","Davidson County Sheriff Office","ICE identification/removal statistics (FOIA)","FY2013","38 identified; 200 removed"
"tennesseehighwaypatroldepartmentofsafety","TENNESSEE","TN Department of Safety","ICE identification/removal statistics (FOIA)","FY2009","23 identified; 12 removed"
"tennesseehighwaypatroldepartmentofsafety","TENNESSEE","TN Department of Safety","ICE identification/removal statistics (FOIA)","FY2010","19 identified; 14 removed"
"tennesseehighwaypatroldepartmentofsafety","TENNESSEE","TN Department of Safety","ICE identification/removal statistics (FOIA)","FY2011","7 identified; 5 removed"
"tennesseehighwaypatroldepartmentofsafety","TENNESSEE","TN Department of Safety","ICE identification/removal statistics (FOIA)","FY2012","18 identified; 5 removed"
"tennesseehighwaypatroldepartmentofsafety","TENNESSEE","TN Department of Safety","ICE identification/removal statistics (FOIA)","FY2013","1 identified; 5 removed"
"carrolltonpolicedepartment","TEXAS","Carrollton Police Department","ICE identification/removal statistics (FOIA)","FY2009","6 identified; 6 removed"
"carrolltonpolicedepartment","TEXAS","Carrollton Police Department","ICE identification/removal statistics (FOIA)","FY2010","106 identified; 78 removed"
"carrolltonpolicedepartment","TEXAS","Carrollton Police Department","ICE identification/removal statistics (FOIA)","FY2011","179 identified; 142 removed"
"carrolltonpolicedepartment","TEXAS","Carrollton Police Department","ICE identification/removal statistics (FOIA)","FY2012","44 identified; 29 removed"
"carrolltonpolicedepartment","TEXAS","Carrollton Police Department","ICE identification/removal statistics (FOIA)","FY2013","0 identified; 26 removed"
"farmersbranchpolicedepartment","TEXAS","Farmers Branch Police Dept.","ICE identification/removal statistics (FOIA)","FY2010","7 identified; 5 removed"
"farmersbranchpolicedepartment","TEXAS","Farmers Branch Police Dept.","ICE identification/removal statistics (FOIA)","FY2011","3 identified; 1 removed"
"farmersbranchpolicedepartment","TEXAS","Farmers Branch Police Dept.","ICE identification/removal statistics (FOIA)","FY2012","3 identified; 3 removed"
"harriscountysheriffsoffice","TEXAS","Harris County Sheriffs Office","ICE identification/removal statistics (FOIA)","FY2009","8821 identified; 6965 removed"
"harriscountysheriffsoffice","TEXAS","Harris County Sheriffs Office","ICE identification/removal statistics (FOIA)","FY2010","5606 identified; 3741 removed"
"harriscountysheriffsoffice","TEXAS","Harris County Sheriffs Office","ICE identification/removal statistics (FOIA)","FY2011","2788 identified; 1817 removed"
"harriscountysheriffsoffice","TEXAS","Harris County Sheriffs Office","ICE identification/removal statistics (FOIA)","FY2012","3659 identified; 1841 removed"
"harriscountysheriffsoffice","TEXAS","Harris County Sheriffs Office","ICE identification/removal statistics (FOIA)","FY2013","1880 identified; 1642 removed"
"washingtoncountysheriffsoffice","UTAH","Washington County Sheriff Office UT","ICE identification/removal statistics (FOIA)","FY2009","7 identified; 7 removed"
"washingtoncountysheriffsoffice","UTAH","Washington County Sheriff Office UT","ICE identification/removal statistics (FOIA)","FY2010","1 identified; 0 removed"
"washingtoncountysheriffsoffice","UTAH","Washington County Sheriff Office UT","ICE identification/removal statistics (FOIA)","FY2011","22 identified; 14 removed"
"washingtoncountysheriffsoffice","UTAH","Washington County Sheriff Office UT","ICE identification/removal statistics (FOIA)","FY2012","31 identified; 13 removed"
"washingtoncountysheriffsoffice","UTAH","Washington County Sheriff Office UT","ICE identification/removal statistics (FOIA)","FY2013","0 identified; 6 removed"
"webercountysheriffsoffice","UTAH","Weber County Sheriff Office","ICE identification/removal statistics (FOIA)","FY2009","89 identified; 73 removed"
"webercountysheriffsoffice","UTAH","Weber County Sheriff Office","ICE identification/removal statistics (FOIA)","FY2011","98 identified; 71 removed"
"webercountysheriffsoffice","UTAH","Weber County Sheriff Office","ICE identification/removal statistics (FOIA)","FY2012","139 identified; 82 removed"
"webercountysheriffsoffice","UTAH","Weber County Sheriff Office","ICE identification/removal statistics (FOIA)","FY2013","1 identified; 61 removed"
"manassaspolicedepartment","VIRGINIA","City of Manassas Police Department","ICE identification/removal statistics (FOIA)","FY2008","1 identified; 0 removed"
"manassaspolicedepartment","VIRGINIA","City of Manassas Police Department","ICE identification/removal statistics (FOIA)","FY2010","2 identified; 1 removed"
"herndonpolicedepartment","VIRGINIA","Herndon Police Department","ICE identification/removal statistics (FOIA)","FY2008","68 identified; 63 removed"
"herndonpolicedepartment","VIRGINIA","Herndon Police Department","ICE identification/removal statistics (FOIA)","FY2009","84 identified; 65 removed"
"herndonpolicedepartment","VIRGINIA","Herndon Police Department","ICE identification/removal statistics (FOIA)","FY2010","44 identified; 27 removed"
"herndonpolicedepartment","VIRGINIA","Herndon Police Department","ICE identification/removal statistics (FOIA)","FY2011","47 identified; 38 removed"
"herndonpolicedepartment","VIRGINIA","Herndon Police Department","ICE identification/removal statistics (FOIA)","FY2012","23 identified; 12 removed"
"herndonpolicedepartment","VIRGINIA","Herndon Police Department","ICE identification/removal statistics (FOIA)","FY2013","0 identified; 9 removed"
"loudouncountysheriffsoffice","VIRGINIA","Loudoun County Sheriff Office","ICE identification/removal statistics (FOIA)","FY2008","3 identified; 2 removed"
"loudouncountysheriffsoffice","VIRGINIA","Loudoun County Sheriff Office","ICE identification/removal statistics (FOIA)","FY2009","90 identified; 71 removed"
"loudouncountysheriffsoffice","VIRGINIA","Loudoun County Sheriff Office","ICE identification/removal statistics (FOIA)","FY2010","56 identified; 37 removed"
"loudouncountysheriffsoffice","VIRGINIA","Loudoun County Sheriff Office","ICE identification/removal statistics (FOIA)","FY2011","73 identified; 44 removed"
"loudouncountysheriffsoffice","VIRGINIA","Loudoun County Sheriff Office","ICE identification/removal statistics (FOIA)","FY2012","28 identified; 14 removed"
"loudouncountysheriffsoffice","VIRGINIA","Loudoun County Sheriff Office","ICE identification/removal statistics (FOIA)","FY2013","3 identified; 9 removed"
"princewilliamcountypolicedepartment","VIRGINIA","Prince William County Police Department","ICE identification/removal statistics (FOIA)","FY2008","30 identified; 27 removed"
"princewilliamcountypolicedepartment","VIRGINIA","Prince William County Police Department","ICE identification/removal statistics (FOIA)","FY2009","73 identified; 57 removed"
"princewilliamcountypolicedepartment","VIRGINIA","Prince William County Police Department","ICE identification/removal statistics (FOIA)","FY2010","22 identified; 14 removed"
"princewilliamcountypolicedepartment","VIRGINIA","Prince William County Police Department","ICE identification/removal statistics (FOIA)","FY2011","15 identified; 10 removed"
"princewilliamcountypolicedepartment","VIRGINIA","Prince William County Police Department","ICE identification/removal statistics (FOIA)","FY2012","5 identified; 2 removed"
"princewilliamcountypolicedepartment","VIRGINIA","Prince William County Police Department","ICE identification/removal statistics (FOIA)","FY2013","1 identified; 3 removed"
"princewilliamcountysheriffsoffice","VIRGINIA","Prince William County Sheriff Office","ICE identification/removal statistics (FOIA)","FY2008","2 identified; 1 removed"
"princewilliamcountysheriffsoffice","VIRGINIA","Prince William County Sheriff Office","ICE identification/removal statistics (FOIA)","FY2011","4 identified; 1 removed"
"princewilliamcountysheriffsoffice","VIRGINIA","Prince William County Sheriff Office","ICE identification/removal statistics (FOIA)","FY2012","3 identified; 1 removed"
"princewilliammanassasregionaladultdetentioncenter","VIRGINIA","Prince William-Manassas Adult Detention Center","ICE identification/removal statistics (FOIA)","FY2007","115 identified; 41 removed"
"princewilliammanassasregionaladultdetentioncenter","VIRGINIA","Prince William-Manassas Adult Detention Center","ICE identification/removal statistics (FOIA)","FY2008","927 identified; 597 removed"
"princewilliammanassasregionaladultdetentioncenter","VIRGINIA","Prince William-Manassas Adult Detention Center","ICE identification/removal statistics (FOIA)","FY2009","991 identified; 517 removed"
"princewilliammanassasregionaladultdetentioncenter","VIRGINIA","Prince William-Manassas Adult Detention Center","ICE identification/removal statistics (FOIA)","FY2010","1046 identified; 312 removed"
"princewilliammanassasregionaladultdetentioncenter","VIRGINIA","Prince William-Manassas Adult Detention Center","ICE identification/removal statistics (FOIA)","FY2011","1389 identified; 806 removed"
"princewilliammanassasregionaladultdetentioncenter","VIRGINIA","Prince William-Manassas Adult Detention Center","ICE identification/removal statistics (FOIA)","FY2012","1119 identified; 369 removed"
"princewilliammanassasregionaladultdetentioncenter","VIRGINIA","Prince William-Manassas Adult Detention Center","ICE identification/removal statistics (FOIA)","FY2013","722 identified; 298 removed"
"rockinghamcountysheriffsoffice","VIRGINIA","Rockingham County Sheriff Office","ICE identification/removal statistics (FOIA)","FY2007","32 identified; 21 removed"
"rockinghamcountysheriffsoffice","VIRGINIA","Rockingham County Sheriff Office","ICE identification/removal statistics (FOIA)","FY2008","163 identified; 109 removed"
"rockinghamcountysheriffsoffice","VIRGINIA","Rockingham County Sheriff Office","ICE identification/removal statistics (FOIA)","FY2009","99 identified; 52 removed"
"rockinghamcountysheriffsoffice","VIRGINIA","Rockingham County Sheriff Office","ICE identification/removal statistics (FOIA)","FY2010","71 identified; 20 removed"
"rockinghamcountysheriffsoffice","VIRGINIA","Rockingham County Sheriff Office","ICE identification/removal statistics (FOIA)","FY2011","90 identified; 46 removed"
"rockinghamcountysheriffsoffice","VIRGINIA","Rockingham County Sheriff Office","ICE identification/removal statistics (FOIA)","FY2012","56 identified; 33 removed"
"rockinghamcountysheriffsoffice","VIRGINIA","Rockingham County Sheriff Office","ICE identification/removal statistics (FOIA)","FY2013","1 identified; 12 removed"
"shenandoahcountysheriffsoffice","VIRGINIA","Shenandoah County Sheriff Office","ICE identification/removal statistics (FOIA)","FY2007","12 identified; 5 removed"
"shenandoahcountysheriffsoffice","VIRGINIA","Shenandoah County Sheriff Office","ICE identification/removal statistics (FOIA)","FY2008","25 identified; 14 removed"
"shenandoahcountysheriffsoffice","VIRGINIA","Shenandoah County Sheriff Office","ICE identification/removal statistics (FOIA)","FY2009","5 identified; 2 removed"
"shenandoahcountysheriffsoffice","VIRGINIA","Shenandoah County Sheriff Office","ICE identification/removal statistics (FOIA)","FY2010","38 identified; 7 removed"
"shenandoahcountysheriffsoffice","VIRGINIA","Shenandoah County Sheriff Office","ICE identification/removal statistics (FOIA)","FY2011","31 identified; 15 removed"
"shenandoahcountysheriffsoffice","VIRGINIA","Shenandoah County Sheriff Office","ICE identification/removal statistics (FOIA)","FY2012","19 identified; 9 removed"
"shenandoahcountysheriffsoffice","VIRGINIA","Shenandoah County Sheriff Office","ICE identification/removal statistics (FOIA)","FY2013","6 identified; 3 removed"
