"state","agency","agency_short","fiscal_year","fy_start","fy_end","identified","removed","attests_active","source_footnote","latitude","longitude","address","agency_raw","source"
"ALABAMA","AL Department of Public Safety","Ala. Dept. of Public Safety",2006,2005-10-01,2006-09-30,,,FALSE,FALSE,32.375987,-86.302175,"502 Washington Ave, Montgomery, AL 36104","AL Department of Public Safety","ICE 287(g) identification/removal statistics FY2006-2013 (FOIA)"
"ALABAMA","AL Department of Public Safety","Ala. Dept. of Public Safety",2007,2006-10-01,2007-09-30,,,FALSE,FALSE,32.375987,-86.302175,"502 Washington Ave, Montgomery, AL 36104","AL Department of Public Safety","ICE 287(g) identification/removal statistics FY2006-2013 (FOIA)"
"ALABAMA","AL Department of Public Safety","Ala. Dept. of Public Safety",2008,2007-10-01,2008-09-30,,,FALSE,FALSE,32.375987,-86.302175,"502 Washington Ave, Montgomery, AL 36104","AL Department of Public Safety","ICE 287(g) identification/removal statistics FY2006-2013 (FOIA)"
"ALABAMA","AL Department of Public Safety","Ala. Dept. of Public Safety",2009,2008-10-01,2009-09-30,2,2,TRUE,FALSE,32.375987,-86.302175,"502 Washington Ave, Montgomery, AL 36104","AL Department of Public Safety","ICE 287(g) identification/removal statistics FY2006-2013 (FOIA)"
"ALABAMA","AL Department of Public Safety","Ala. Dept. of Public Safety",2010,2009-10-01,2010-09-30,5,3,TRUE,FALSE,32.375987,-86.302175,"502 Washington Ave, Montgomery, AL 36104","AL Department of Public Safety","ICE 287(g) identification/removal statistics FY2006-2013 (FOIA)"
"ALABAMA","AL Department of Public Safety","Ala. Dept. of Public Safety",2011,2010-10-01,2011-09-30,40,14,TRUE,FALSE,32.375987,-86.302175,"502 Washington Ave, Montgomery, AL 36104","AL Department of Public Safety","ICE 287(g) identification/removal statistics FY2006-2013 (FOIA)"
"ALABAMA","AL Department of Public Safety","Ala. Dept. of Public Safety",2012,2011-10-01,2012-09-30,10,4,TRUE,FALSE,32.375987,-86.302175,"502 Washington Ave, Montgomery, AL 36104","AL Department of Public Safety","ICE 287(g) identification/removal statistics FY2006-2013 (FOIA)"
"ALABAMA","AL Department of Public Safety","Ala. Dept. of Public Safety",2013,2012-10-01,2013-09-30,0,0,FALSE,FALSE,32.375987,-86.302175,"502 Washington Ave, Montgomery, AL 36104","AL Department of Public Safety","ICE 287(g) identification/removal statistics FY2006-2013 (FOIA)"
"ALABAMA","Etowah County Sheriff Office","Etowah County Sheriff",2006,2005-10-01,2006-09-30,,,FALSE,FALSE,34.016567,-86.012389,"827 Forrest Avenue Gadsden, Alabama 35901","Etowah County Sheriff Office","ICE 287(g) identification/removal statistics FY2006-2013 (FOIA)"
"ALABAMA","Etowah County Sheriff Office","Etowah County Sheriff",2007,2006-10-01,2007-09-30,,,FALSE,FALSE,34.016567,-86.012389,"827 Forrest Avenue Gadsden, Alabama 35901","Etowah County Sheriff Office","ICE 287(g) identification/removal statistics FY2006-2013 (FOIA)"
"ALABAMA","Etowah County Sheriff Office","Etowah County Sheriff",2008,2007-10-01,2008-09-30,,,FALSE,FALSE,34.016567,-86.012389,"827 Forrest Avenue Gadsden, Alabama 35901","Etowah County Sheriff Office","ICE 287(g) identification/removal statistics FY2006-2013 (FOIA)"
"ALABAMA","Etowah County Sheriff Office","Etowah County Sheriff",2009,2008-10-01,2009-09-30,5,3,TRUE,FALSE,34.016567,-86.012389,"827 Forrest Avenue Gadsden, Alabama 35901","Etowah County Sheriff Office","ICE 287(g) identification/removal statistics FY2006-2013 (FOIA)"
"ALABAMA","Etowah County Sheriff Office","Etowah County Sheriff",2010,2009-10-01,2010-09-30,30,21,TRUE,FALSE,34.016567,-86.012389,"827 Forrest Avenue Gadsden, Alabama 35901","Etowah County Sheriff Office","ICE 287(g) identification/removal statistics FY2006-2013 (FOIA)"
"ALABAMA","Etowah County Sheriff Office","Etowah County Sheriff",2011,2010-10-01,2011-09-30,30,19,TRUE,FALSE,34.016567,-86.012389,"827 Forrest Avenue Gadsden, Alabama 35901","Etowah County Sheriff Office","ICE 287(g) identification/removal statistics FY2006-2013 (FOIA)"
"ALABAMA","Etowah County Sheriff Office","Etowah County Sheriff",2012,2011-10-01,2012-09-30,63,20,TRUE,FALSE,34.016567,-86.012389,"827 Forrest Avenue Gadsden, Alabama 35901","Etowah County Sheriff Office","ICE 287(g) identification/removal statistics FY2006-2013 (FOIA)"
"ALABAMA","Etowah County Sheriff Office","Etowah County Sheriff",2013,2012-10-01,2013-09-30,21,13,TRUE,FALSE,34.016567,-86.012389,"827 Forrest Avenue Gadsden, Alabama 35901","Etowah County Sheriff Office","ICE 287(g) identification/removal statistics FY2006-2013 (FOIA)"
"ARIZONA","AZ Department of Corrections","Ariz. Dept. of Corrections",2006,2005-10-01,2006-09-30,414,302,TRUE,FALSE,33.446705,-112.094175,"1601 W Jefferson St, Phoenix, AZ 85007","AZ Department of Corrections","ICE 287(g) identification/removal statistics FY2006-2013 (FOIA)"
"ARIZONA","AZ Department of Corrections","Ariz. Dept. of Corrections",2007,2006-10-01,2007-09-30,1912,1359,TRUE,FALSE,33.446705,-112.094175,"1601 W Jefferson St, Phoenix, AZ 85007","AZ Department of Corrections","ICE 287(g) identification/removal statistics FY2006-2013 (FOIA)"
"ARIZONA","AZ Department of Corrections","Ariz. Dept. of Corrections",2008,2007-10-01,2008-09-30,2478,1510,TRUE,FALSE,33.446705,-112.094175,"1601 W Jefferson St, Phoenix, AZ 85007","AZ Department of Corrections","ICE 287(g) identification/removal statistics FY2006-2013 (FOIA)"
"ARIZONA","AZ Department of Corrections","Ariz. Dept. of Corrections",2009,2008-10-01,2009-09-30,3699,1517,TRUE,FALSE,33.446705,-112.094175,"1601 W Jefferson St, Phoenix, AZ 85007","AZ Department of Corrections","ICE 287(g) identification/removal statistics FY2006-2013 (FOIA)"
"ARIZONA","AZ Department of Corrections","Ariz. Dept. of Corrections",2010,2009-10-01,2010-09-30,3057,593,TRUE,FALSE,33.446705,-112.094175,"1601 W Jefferson St, Phoenix, AZ 85007","AZ Department of Corrections","ICE 287(g) identification/removal statistics FY2006-2013 (FOIA)"
"ARIZONA","AZ Department of Corrections","Ariz. Dept. of Corrections",2011,2010-10-01,2011-09-30,2304,506,TRUE,FALSE,33.446705,-112.094175,"1601 W Jefferson St, Phoenix, AZ 85007","AZ Department of Corrections","ICE 287(g) identification/removal statistics FY2006-2013 (FOIA)"
"ARIZONA","AZ Department of Corrections","Ariz. Dept. of Corrections",2012,2011-10-01,2012-09-30,2024,278,TRUE,FALSE,33.446705,-112.094175,"1601 W Jefferson St, Phoenix, AZ 85007","AZ Department of Corrections","ICE 287(g) identification/removal statistics FY2006-2013 (FOIA)"
"ARIZONA","AZ Department of Corrections","Ariz. Dept. of Corrections",2013,2012-10-01,2013-09-30,1359,906,TRUE,FALSE,33.446705,-112.094175,"1601 W Jefferson St, Phoenix, AZ 85007","AZ Department of Corrections","ICE 287(g) identification/removal statistics FY2006-2013 (FOIA)"
"ARIZONA","AZ Department of Public Safety","Ariz. Dept. of Public Safety",2006,2005-10-01,2006-09-30,,,FALSE,TRUE,33.473913,-112.105336,"2102 W Encanto BLVD, Phoenix, Arizona 85009-2847","AZ Department of Public Safety*","ICE 287(g) identification/removal statistics FY2006-2013 (FOIA)"
"ARIZONA","AZ Department of Public Safety","Ariz. Dept. of Public Safety",2007,2006-10-01,2007-09-30,91,81,TRUE,TRUE,33.473913,-112.105336,"2102 W Encanto BLVD, Phoenix, Arizona 85009-2847","AZ Department of Public Safety*","ICE 287(g) identification/removal statistics FY2006-2013 (FOIA)"
"ARIZONA","AZ Department of Public Safety","Ariz. Dept. of Public Safety",2008,2007-10-01,2008-09-30,77,73,TRUE,TRUE,33.473913,-112.105336,"2102 W Encanto BLVD, Phoenix, Arizona 85009-2847","AZ Department of Public Safety*","ICE 287(g) identification/removal statistics FY2006-2013 (FOIA)"
"ARIZONA","AZ Department of Public Safety","Ariz. Dept. of Public Safety",2009,2008-10-01,2009-09-30,126,105,TRUE,TRUE,33.473913,-112.105336,"2102 W Encanto BLVD, Phoenix, Arizona 85009-2847","AZ Department of Public Safety*","ICE 287(g) identification/removal statistics FY2006-2013 (FOIA)"
"ARIZONA","AZ Department of Public Safety","Ariz. Dept. of Public Safety",2010,2009-10-01,2010-09-30,217,171,TRUE,TRUE,33.473913,-112.105336,"2102 W Encanto BLVD, Phoenix, Arizona 85009-2847","AZ Department of Public Safety*","ICE 287(g) identification/removal statistics FY2006-2013 (FOIA)"
"ARIZONA","AZ Department of Public Safety","Ariz. Dept. of Public Safety",2011,2010-10-01,2011-09-30,387,231,TRUE,TRUE,33.473913,-112.105336,"2102 W Encanto BLVD, Phoenix, Arizona 85009-2847","AZ Department of Public Safety*","ICE 287(g) identification/removal statistics FY2006-2013 (FOIA)"
"ARIZONA","AZ Department of Public Safety","Ariz. Dept. of Public Safety",2012,2011-10-01,2012-09-30,50,22,TRUE,TRUE,33.473913,-112.105336,"2102 W Encanto BLVD, Phoenix, Arizona 85009-2847","AZ Department of Public Safety*","ICE 287(g) identification/removal statistics FY2006-2013 (FOIA)"
"ARIZONA","AZ Department of Public Safety","Ariz. Dept. of Public Safety",2013,2012-10-01,2013-09-30,0,10,TRUE,TRUE,33.473913,-112.105336,"2102 W Encanto BLVD, Phoenix, Arizona 85009-2847","AZ Department of Public Safety*","ICE 287(g) identification/removal statistics FY2006-2013 (FOIA)"
"ARIZONA","City of Mesa Police Department","City of Mesa Police Dept.",2006,2005-10-01,2006-09-30,,,FALSE,TRUE,33.418392,-111.837568,"130 N Robson, Mesa, AZ 85201","City of Mesa Police Department*","ICE 287(g) identification/removal statistics FY2006-2013 (FOIA)"
"ARIZONA","City of Mesa Police Department","City of Mesa Police Dept.",2007,2006-10-01,2007-09-30,,,FALSE,TRUE,33.418392,-111.837568,"130 N Robson, Mesa, AZ 85201","City of Mesa Police Department*","ICE 287(g) identification/removal statistics FY2006-2013 (FOIA)"
"ARIZONA","City of Mesa Police Department","City of Mesa Police Dept.",2008,2007-10-01,2008-09-30,,,FALSE,TRUE,33.418392,-111.837568,"130 N Robson, Mesa, AZ 85201","City of Mesa Police Department*","ICE 287(g) identification/removal statistics FY2006-2013 (FOIA)"
"ARIZONA","City of Mesa Police Department","City of Mesa Police Dept.",2009,2008-10-01,2009-09-30,,,FALSE,TRUE,33.418392,-111.837568,"130 N Robson, Mesa, AZ 85201","City of Mesa Police Department*","ICE 287(g) identification/removal statistics FY2006-2013 (FOIA)"
"ARIZONA","City of Mesa Police Department","City of Mesa Police Dept.",2010,2009-10-01,2010-09-30,91,70,TRUE,TRUE,33.418392,-111.837568,"130 N Robson, Mesa, AZ 85201","City of Mesa Police Department*","ICE 287(g) identification/removal statistics FY2006-2013 (FOIA)"
"ARIZONA","City of Mesa Police Department","City of Mesa Police Dept.",2011,2010-10-01,2011-09-30,153,110,TRUE,TRUE,33.418392,-111.837568,"130 N Robson, Mesa, AZ 85201","City of Mesa Police Department*","ICE 287(g) identification/removal statistics FY2006-2013 (FOIA)"
"ARIZONA","City of Mesa Police Department","City of Mesa Police Dept.",2012,2011-10-01,2012-09-30,102,55,TRUE,TRUE,33.418392,-111.837568,"130 N Robson, Mesa, AZ 85201","City of Mesa Police Department*","ICE 287(g) identification/removal statistics FY2006-2013 (FOIA)"
"ARIZONA","City of Mesa Police Department","City of Mesa Police Dept.",2013,2012-10-01,2013-09-30,0,41,TRUE,TRUE,33.418392,-111.837568,"130 N Robson, Mesa, AZ 85201","City of Mesa Police Department*","ICE 287(g) identification/removal statistics FY2006-2013 (FOIA)"
"ARIZONA","City of Phoenix Police Department","City of Phoenix Police Dept.",2006,2005-10-01,2006-09-30,,,FALSE,TRUE,33.448587,-112.081997,"620 W Washington St, Phoenix, AZ 85003","City of Phoenix Police Department*","ICE 287(g) identification/removal statistics FY2006-2013 (FOIA)"
"ARIZONA","City of Phoenix Police Department","City of Phoenix Police Dept.",2007,2006-10-01,2007-09-30,,,FALSE,TRUE,33.448587,-112.081997,"620 W Washington St, Phoenix, AZ 85003","City of Phoenix Police Department*","ICE 287(g) identification/removal statistics FY2006-2013 (FOIA)"
"ARIZONA","City of Phoenix Police Department","City of Phoenix Police Dept.",2008,2007-10-01,2008-09-30,,,FALSE,TRUE,33.448587,-112.081997,"620 W Washington St, Phoenix, AZ 85003","City of Phoenix Police Department*","ICE 287(g) identification/removal statistics FY2006-2013 (FOIA)"
"ARIZONA","City of Phoenix Police Department","City of Phoenix Police Dept.",2009,2008-10-01,2009-09-30,,,FALSE,TRUE,33.448587,-112.081997,"620 W Washington St, Phoenix, AZ 85003","City of Phoenix Police Department*","ICE 287(g) identification/removal statistics FY2006-2013 (FOIA)"
"ARIZONA","City of Phoenix Police Department","City of Phoenix Police Dept.",2010,2009-10-01,2010-09-30,4,1,TRUE,TRUE,33.448587,-112.081997,"620 W Washington St, Phoenix, AZ 85003","City of Phoenix Police Department*","ICE 287(g) identification/removal statistics FY2006-2013 (FOIA)"
"ARIZONA","City of Phoenix Police Department","City of Phoenix Police Dept.",2011,2010-10-01,2011-09-30,1,0,TRUE,TRUE,33.448587,-112.081997,"620 W Washington St, Phoenix, AZ 85003","City of Phoenix Police Department*","ICE 287(g) identification/removal statistics FY2006-2013 (FOIA)"
"ARIZONA","City of Phoenix Police Department","City of Phoenix Police Dept.",2012,2011-10-01,2012-09-30,0,0,FALSE,TRUE,33.448587,-112.081997,"620 W Washington St, Phoenix, AZ 85003","City of Phoenix Police Department*","ICE 287(g) identification/removal statistics FY2006-2013 (FOIA)"
"ARIZONA","City of Phoenix Police Department","City of Phoenix Police Dept.",2013,2012-10-01,2013-09-30,0,1,TRUE,TRUE,33.448587,-112.081997,"620 W Washington St, Phoenix, AZ 85003","City of Phoenix Police Department*","ICE 287(g) identification/removal statistics FY2006-2013 (FOIA)"
"ARIZONA","Florence Police Department","Florence Police Dept.",2006,2005-10-01,2006-09-30,,,FALSE,TRUE,,,,"Florence Police Department*","ICE 287(g) identification/removal statistics FY2006-2013 (FOIA)"
"ARIZONA","Florence Police Department","Florence Police Dept.",2007,2006-10-01,2007-09-30,,,FALSE,TRUE,,,,"Florence Police Department*","ICE 287(g) identification/removal statistics FY2006-2013 (FOIA)"
"ARIZONA","Florence Police Department","Florence Police Dept.",2008,2007-10-01,2008-09-30,,,FALSE,TRUE,,,,"Florence Police Department*","ICE 287(g) identification/removal statistics FY2006-2013 (FOIA)"
"ARIZONA","Florence Police Department","Florence Police Dept.",2009,2008-10-01,2009-09-30,,,FALSE,TRUE,,,,"Florence Police Department*","ICE 287(g) identification/removal statistics FY2006-2013 (FOIA)"
"ARIZONA","Florence Police Department","Florence Police Dept.",2010,2009-10-01,2010-09-30,,,FALSE,TRUE,,,,"Florence Police Department*","ICE 287(g) identification/removal statistics FY2006-2013 (FOIA)"
"ARIZONA","Florence Police Department","Florence Police Dept.",2011,2010-10-01,2011-09-30,0,0,FALSE,TRUE,,,,"Florence Police Department*","ICE 287(g) identification/removal statistics FY2006-2013 (FOIA)"
"ARIZONA","Florence Police Department","Florence Police Dept.",2012,2011-10-01,2012-09-30,,,FALSE,TRUE,,,,"Florence Police Department*","ICE 287(g) identification/removal statistics FY2006-2013 (FOIA)"
"ARIZONA","Florence Police Department","Florence Police Dept.",2013,2012-10-01,2013-09-30,0,0,FALSE,TRUE,,,,"Florence Police Department*","ICE 287(g) identification/removal statistics FY2006-2013 (FOIA)"
"ARIZONA","Maricopa County Sheriff Office","Maricopa County Sheriff",2006,2005-10-01,2006-09-30,,,FALSE,FALSE,33.445386,-112.080778,"550 West Jackson, Phoenix Arizona 85003","Maricopa County Sheriff Office","ICE 287(g) identification/removal statistics FY2006-2013 (FOIA)"
"ARIZONA","Maricopa County Sheriff Office","Maricopa County Sheriff",2007,2006-10-01,2007-09-30,3056,2852,TRUE,FALSE,33.445386,-112.080778,"550 West Jackson, Phoenix Arizona 85003","Maricopa County Sheriff Office","ICE 287(g) identification/removal statistics FY2006-2013 (FOIA)"
"ARIZONA","Maricopa County Sheriff Office","Maricopa County Sheriff",2008,2007-10-01,2008-09-30,13522,11841,TRUE,FALSE,33.445386,-112.080778,"550 West Jackson, Phoenix Arizona 85003","Maricopa County Sheriff Office","ICE 287(g) identification/removal statistics FY2006-2013 (FOIA)"
"ARIZONA","Maricopa County Sheriff Office","Maricopa County Sheriff",2009,2008-10-01,2009-09-30,11810,8222,TRUE,FALSE,33.445386,-112.080778,"550 West Jackson, Phoenix Arizona 85003","Maricopa County Sheriff Office","ICE 287(g) identification/removal statistics FY2006-2013 (FOIA)"
"ARIZONA","Maricopa County Sheriff Office","Maricopa County Sheriff",2010,2009-10-01,2010-09-30,7700,4509,TRUE,FALSE,33.445386,-112.080778,"550 West Jackson, Phoenix Arizona 85003","Maricopa County Sheriff Office","ICE 287(g) identification/removal statistics FY2006-2013 (FOIA)"
"ARIZONA","Maricopa County Sheriff Office","Maricopa County Sheriff",2011,2010-10-01,2011-09-30,4904,3092,TRUE,FALSE,33.445386,-112.080778,"550 West Jackson, Phoenix Arizona 85003","Maricopa County Sheriff Office","ICE 287(g) identification/removal statistics FY2006-2013 (FOIA)"
"ARIZONA","Maricopa County Sheriff Office","Maricopa County Sheriff",2012,2011-10-01,2012-09-30,899,528,TRUE,FALSE,33.445386,-112.080778,"550 West Jackson, Phoenix Arizona 85003","Maricopa County Sheriff Office","ICE 287(g) identification/removal statistics FY2006-2013 (FOIA)"
"ARIZONA","Maricopa County Sheriff Office","Maricopa County Sheriff",2013,2012-10-01,2013-09-30,0,234,TRUE,FALSE,33.445386,-112.080778,"550 West Jackson, Phoenix Arizona 85003","Maricopa County Sheriff Office","ICE 287(g) identification/removal statistics FY2006-2013 (FOIA)"
"ARIZONA","Pima County Sheriff Office","Pima County Sheriff",2006,2005-10-01,2006-09-30,,,FALSE,TRUE,32.171055,-110.946574,"1750 E. Benson Highway Tucson, AZ 85714","Pima County Sheriff Office*","ICE 287(g) identification/removal statistics FY2006-2013 (FOIA)"
"ARIZONA","Pima County Sheriff Office","Pima County Sheriff",2007,2006-10-01,2007-09-30,,,FALSE,TRUE,32.171055,-110.946574,"1750 E. Benson Highway Tucson, AZ 85714","Pima County Sheriff Office*","ICE 287(g) identification/removal statistics FY2006-2013 (FOIA)"
"ARIZONA","Pima County Sheriff Office","Pima County Sheriff",2008,2007-10-01,2008-09-30,,,FALSE,TRUE,32.171055,-110.946574,"1750 E. Benson Highway Tucson, AZ 85714","Pima County Sheriff Office*","ICE 287(g) identification/removal statistics FY2006-2013 (FOIA)"
"ARIZONA","Pima County Sheriff Office","Pima County Sheriff",2009,2008-10-01,2009-09-30,,,FALSE,TRUE,32.171055,-110.946574,"1750 E. Benson Highway Tucson, AZ 85714","Pima County Sheriff Office*","ICE 287(g) identification/removal statistics FY2006-2013 (FOIA)"
"ARIZONA","Pima County Sheriff Office","Pima County Sheriff",2010,2009-10-01,2010-09-30,,,FALSE,TRUE,32.171055,-110.946574,"1750 E. Benson Highway Tucson, AZ 85714","Pima County Sheriff Office*","ICE 287(g) identification/removal statistics FY2006-2013 (FOIA)"
"ARIZONA","Pima County Sheriff Office","Pima County Sheriff",2011,2010-10-01,2011-09-30,0,0,FALSE,TRUE,32.171055,-110.946574,"1750 E. Benson Highway Tucson, AZ 85714","Pima County Sheriff Office*","ICE 287(g) identification/removal statistics FY2006-2013 (FOIA)"
"ARIZONA","Pima County Sheriff Office","Pima County Sheriff",2012,2011-10-01,2012-09-30,0,0,FALSE,TRUE,32.171055,-110.946574,"1750 E. Benson Highway Tucson, AZ 85714","Pima County Sheriff Office*","ICE 287(g) identification/removal statistics FY2006-2013 (FOIA)"
"ARIZONA","Pima County Sheriff Office","Pima County Sheriff",2013,2012-10-01,2013-09-30,0,0,FALSE,TRUE,32.171055,-110.946574,"1750 E. Benson Highway Tucson, AZ 85714","Pima County Sheriff Office*","ICE 287(g) identification/removal statistics FY2006-2013 (FOIA)"
"ARIZONA","Pinal County Sheriff Office","Pinal County Sheriff",2006,2005-10-01,2006-09-30,,,FALSE,TRUE,33.040197,-111.377428,"971 Jason Lopez Circle Building C Florence, AZ 85132","Pinal County Sheriff Office*","ICE 287(g) identification/removal statistics FY2006-2013 (FOIA)"
"ARIZONA","Pinal County Sheriff Office","Pinal County Sheriff",2007,2006-10-01,2007-09-30,,,FALSE,TRUE,33.040197,-111.377428,"971 Jason Lopez Circle Building C Florence, AZ 85132","Pinal County Sheriff Office*","ICE 287(g) identification/removal statistics FY2006-2013 (FOIA)"
"ARIZONA","Pinal County Sheriff Office","Pinal County Sheriff",2008,2007-10-01,2008-09-30,36,32,TRUE,TRUE,33.040197,-111.377428,"971 Jason Lopez Circle Building C Florence, AZ 85132","Pinal County Sheriff Office*","ICE 287(g) identification/removal statistics FY2006-2013 (FOIA)"
"ARIZONA","Pinal County Sheriff Office","Pinal County Sheriff",2009,2008-10-01,2009-09-30,199,166,TRUE,TRUE,33.040197,-111.377428,"971 Jason Lopez Circle Building C Florence, AZ 85132","Pinal County Sheriff Office*","ICE 287(g) identification/removal statistics FY2006-2013 (FOIA)"
"ARIZONA","Pinal County Sheriff Office","Pinal County Sheriff",2010,2009-10-01,2010-09-30,128,86,TRUE,TRUE,33.040197,-111.377428,"971 Jason Lopez Circle Building C Florence, AZ 85132","Pinal County Sheriff Office*","ICE 287(g) identification/removal statistics FY2006-2013 (FOIA)"
"ARIZONA","Pinal County Sheriff Office","Pinal County Sheriff",2011,2010-10-01,2011-09-30,121,66,TRUE,TRUE,33.040197,-111.377428,"971 Jason Lopez Circle Building C Florence, AZ 85132","Pinal County Sheriff Office*","ICE 287(g) identification/removal statistics FY2006-2013 (FOIA)"
"ARIZONA","Pinal County Sheriff Office","Pinal County Sheriff",2012,2011-10-01,2012-09-30,247,100,TRUE,TRUE,33.040197,-111.377428,"971 Jason Lopez Circle Building C Florence, AZ 85132","Pinal County Sheriff Office*","ICE 287(g) identification/removal statistics FY2006-2013 (FOIA)"
"ARIZONA","Pinal County Sheriff Office","Pinal County Sheriff",2013,2012-10-01,2013-09-30,8,121,TRUE,TRUE,33.040197,-111.377428,"971 Jason Lopez Circle Building C Florence, AZ 85132","Pinal County Sheriff Office*","ICE 287(g) identification/removal statistics FY2006-2013 (FOIA)"
"ARIZONA","Yavapai County Sheriff Office","Yavapai County Sheriff",2006,2005-10-01,2006-09-30,,,FALSE,TRUE,34.541439,-112.466612,"255 E. Gurley Street Prescott, Arizona 86301","Yavapai County Sheriff Office*","ICE 287(g) identification/removal statistics FY2006-2013 (FOIA)"
"ARIZONA","Yavapai County Sheriff Office","Yavapai County Sheriff",2007,2006-10-01,2007-09-30,167,21,TRUE,TRUE,34.541439,-112.466612,"255 E. Gurley Street Prescott, Arizona 86301","Yavapai County Sheriff Office*","ICE 287(g) identification/removal statistics FY2006-2013 (FOIA)"
"ARIZONA","Yavapai County Sheriff Office","Yavapai County Sheriff",2008,2007-10-01,2008-09-30,260,246,TRUE,TRUE,34.541439,-112.466612,"255 E. Gurley Street Prescott, Arizona 86301","Yavapai County Sheriff Office*","ICE 287(g) identification/removal statistics FY2006-2013 (FOIA)"
"ARIZONA","Yavapai County Sheriff Office","Yavapai County Sheriff",2009,2008-10-01,2009-09-30,352,303,TRUE,TRUE,34.541439,-112.466612,"255 E. Gurley Street Prescott, Arizona 86301","Yavapai County Sheriff Office*","ICE 287(g) identification/removal statistics FY2006-2013 (FOIA)"
"ARIZONA","Yavapai County Sheriff Office","Yavapai County Sheriff",2010,2009-10-01,2010-09-30,235,200,TRUE,TRUE,34.541439,-112.466612,"255 E. Gurley Street Prescott, Arizona 86301","Yavapai County Sheriff Office*","ICE 287(g) identification/removal statistics FY2006-2013 (FOIA)"
"ARIZONA","Yavapai County Sheriff Office","Yavapai County Sheriff",2011,2010-10-01,2011-09-30,134,93,TRUE,TRUE,34.541439,-112.466612,"255 E. Gurley Street Prescott, Arizona 86301","Yavapai County Sheriff Office*","ICE 287(g) identification/removal statistics FY2006-2013 (FOIA)"
"ARIZONA","Yavapai County Sheriff Office","Yavapai County Sheriff",2012,2011-10-01,2012-09-30,64,31,TRUE,TRUE,34.541439,-112.466612,"255 E. Gurley Street Prescott, Arizona 86301","Yavapai County Sheriff Office*","ICE 287(g) identification/removal statistics FY2006-2013 (FOIA)"
"ARIZONA","Yavapai County Sheriff Office","Yavapai County Sheriff",2013,2012-10-01,2013-09-30,2,26,TRUE,TRUE,34.541439,-112.466612,"255 E. Gurley Street Prescott, Arizona 86301","Yavapai County Sheriff Office*","ICE 287(g) identification/removal statistics FY2006-2013 (FOIA)"
"ARKANSAS","Benton County Sheriff Office","Benton County Sheriff",2006,2005-10-01,2006-09-30,,,FALSE,TRUE,36.357786,-94.226052,"1300 SW 14th St, Bentonville, AR 72712","Benton County Sheriff Office*","ICE 287(g) identification/removal statistics FY2006-2013 (FOIA)"
"ARKANSAS","Benton County Sheriff Office","Benton County Sheriff",2007,2006-10-01,2007-09-30,3,3,TRUE,TRUE,36.357786,-94.226052,"1300 SW 14th St, Bentonville, AR 72712","Benton County Sheriff Office*","ICE 287(g) identification/removal statistics FY2006-2013 (FOIA)"
"ARKANSAS","Benton County Sheriff Office","Benton County Sheriff",2008,2007-10-01,2008-09-30,416,303,TRUE,TRUE,36.357786,-94.226052,"1300 SW 14th St, Bentonville, AR 72712","Benton County Sheriff Office*","ICE 287(g) identification/removal statistics FY2006-2013 (FOIA)"
"ARKANSAS","Benton County Sheriff Office","Benton County Sheriff",2009,2008-10-01,2009-09-30,279,167,TRUE,TRUE,36.357786,-94.226052,"1300 SW 14th St, Bentonville, AR 72712","Benton County Sheriff Office*","ICE 287(g) identification/removal statistics FY2006-2013 (FOIA)"
"ARKANSAS","Benton County Sheriff Office","Benton County Sheriff",2010,2009-10-01,2010-09-30,79,31,TRUE,TRUE,36.357786,-94.226052,"1300 SW 14th St, Bentonville, AR 72712","Benton County Sheriff Office*","ICE 287(g) identification/removal statistics FY2006-2013 (FOIA)"
"ARKANSAS","Benton County Sheriff Office","Benton County Sheriff",2011,2010-10-01,2011-09-30,306,133,TRUE,TRUE,36.357786,-94.226052,"1300 SW 14th St, Bentonville, AR 72712","Benton County Sheriff Office*","ICE 287(g) identification/removal statistics FY2006-2013 (FOIA)"
"ARKANSAS","Benton County Sheriff Office","Benton County Sheriff",2012,2011-10-01,2012-09-30,176,53,TRUE,TRUE,36.357786,-94.226052,"1300 SW 14th St, Bentonville, AR 72712","Benton County Sheriff Office*","ICE 287(g) identification/removal statistics FY2006-2013 (FOIA)"
"ARKANSAS","Benton County Sheriff Office","Benton County Sheriff",2013,2012-10-01,2013-09-30,20,38,TRUE,TRUE,36.357786,-94.226052,"1300 SW 14th St, Bentonville, AR 72712","Benton County Sheriff Office*","ICE 287(g) identification/removal statistics FY2006-2013 (FOIA)"
"ARKANSAS","City of Springdale Police Department","City of Springdale Police Dept.",2006,2005-10-01,2006-09-30,,,FALSE,FALSE,36.186879,-94.129231,"201 Spring St, Springdale, AR 72764","City of Springdale Police Department","ICE 287(g) identification/removal statistics FY2006-2013 (FOIA)"
"ARKANSAS","City of Springdale Police Department","City of Springdale Police Dept.",2007,2006-10-01,2007-09-30,,,FALSE,FALSE,36.186879,-94.129231,"201 Spring St, Springdale, AR 72764","City of Springdale Police Department","ICE 287(g) identification/removal statistics FY2006-2013 (FOIA)"
"ARKANSAS","City of Springdale Police Department","City of Springdale Police Dept.",2008,2007-10-01,2008-09-30,148,96,TRUE,FALSE,36.186879,-94.129231,"201 Spring St, Springdale, AR 72764","City of Springdale Police Department","ICE 287(g) identification/removal statistics FY2006-2013 (FOIA)"
"ARKANSAS","City of Springdale Police Department","City of Springdale Police Dept.",2009,2008-10-01,2009-09-30,142,93,TRUE,FALSE,36.186879,-94.129231,"201 Spring St, Springdale, AR 72764","City of Springdale Police Department","ICE 287(g) identification/removal statistics FY2006-2013 (FOIA)"
"ARKANSAS","City of Springdale Police Department","City of Springdale Police Dept.",2010,2009-10-01,2010-09-30,43,13,TRUE,FALSE,36.186879,-94.129231,"201 Spring St, Springdale, AR 72764","City of Springdale Police Department","ICE 287(g) identification/removal statistics FY2006-2013 (FOIA)"
"ARKANSAS","City of Springdale Police Department","City of Springdale Police Dept.",2011,2010-10-01,2011-09-30,21,5,TRUE,FALSE,36.186879,-94.129231,"201 Spring St, Springdale, AR 72764","City of Springdale Police Department","ICE 287(g) identification/removal statistics FY2006-2013 (FOIA)"
"ARKANSAS","City of Springdale Police Department","City of Springdale Police Dept.",2012,2011-10-01,2012-09-30,11,2,TRUE,FALSE,36.186879,-94.129231,"201 Spring St, Springdale, AR 72764","City of Springdale Police Department","ICE 287(g) identification/removal statistics FY2006-2013 (FOIA)"
"ARKANSAS","City of Springdale Police Department","City of Springdale Police Dept.",2013,2012-10-01,2013-09-30,0,0,FALSE,FALSE,36.186879,-94.129231,"201 Spring St, Springdale, AR 72764","City of Springdale Police Department","ICE 287(g) identification/removal statistics FY2006-2013 (FOIA)"
"ARKANSAS","Rogers Police Department","Rogers Police Dept.",2006,2005-10-01,2006-09-30,,,FALSE,FALSE,36.334962,-94.119389,"301 W. Chestnut - Rogers, AR 72756","Rogers Police Department","ICE 287(g) identification/removal statistics FY2006-2013 (FOIA)"
"ARKANSAS","Rogers Police Department","Rogers Police Dept.",2007,2006-10-01,2007-09-30,2,1,TRUE,FALSE,36.334962,-94.119389,"301 W. Chestnut - Rogers, AR 72756","Rogers Police Department","ICE 287(g) identification/removal statistics FY2006-2013 (FOIA)"
"ARKANSAS","Rogers Police Department","Rogers Police Dept.",2008,2007-10-01,2008-09-30,123,83,TRUE,FALSE,36.334962,-94.119389,"301 W. Chestnut - Rogers, AR 72756","Rogers Police Department","ICE 287(g) identification/removal statistics FY2006-2013 (FOIA)"
"ARKANSAS","Rogers Police Department","Rogers Police Dept.",2009,2008-10-01,2009-09-30,101,68,TRUE,FALSE,36.334962,-94.119389,"301 W. Chestnut - Rogers, AR 72756","Rogers Police Department","ICE 287(g) identification/removal statistics FY2006-2013 (FOIA)"
"ARKANSAS","Rogers Police Department","Rogers Police Dept.",2010,2009-10-01,2010-09-30,79,37,TRUE,FALSE,36.334962,-94.119389,"301 W. Chestnut - Rogers, AR 72756","Rogers Police Department","ICE 287(g) identification/removal statistics FY2006-2013 (FOIA)"
"ARKANSAS","Rogers Police Department","Rogers Police Dept.",2011,2010-10-01,2011-09-30,17,11,TRUE,FALSE,36.334962,-94.119389,"301 W. Chestnut - Rogers, AR 72756","Rogers Police Department","ICE 287(g) identification/removal statistics FY2006-2013 (FOIA)"
"ARKANSAS","Rogers Police Department","Rogers Police Dept.",2012,2011-10-01,2012-09-30,4,1,TRUE,FALSE,36.334962,-94.119389,"301 W. Chestnut - Rogers, AR 72756","Rogers Police Department","ICE 287(g) identification/removal statistics FY2006-2013 (FOIA)"
"ARKANSAS","Rogers Police Department","Rogers Police Dept.",2013,2012-10-01,2013-09-30,1,0,TRUE,FALSE,36.334962,-94.119389,"301 W. Chestnut - Rogers, AR 72756","Rogers Police Department","ICE 287(g) identification/removal statistics FY2006-2013 (FOIA)"
"ARKANSAS","Washington County Sheriff Office AR","Washington County Sheriff_1",2006,2005-10-01,2006-09-30,,,FALSE,TRUE,36.0342,-94.176082,"1155 W. Clydesdale Dr. Fayetteville, AR 72701","Washington County Sheriff Office AR*","ICE 287(g) identification/removal statistics FY2006-2013 (FOIA)"
"ARKANSAS","Washington County Sheriff Office AR","Washington County Sheriff_1",2007,2006-10-01,2007-09-30,3,3,TRUE,TRUE,36.0342,-94.176082,"1155 W. Clydesdale Dr. Fayetteville, AR 72701","Washington County Sheriff Office AR*","ICE 287(g) identification/removal statistics FY2006-2013 (FOIA)"
"ARKANSAS","Washington County Sheriff Office AR","Washington County Sheriff_1",2008,2007-10-01,2008-09-30,218,168,TRUE,TRUE,36.0342,-94.176082,"1155 W. Clydesdale Dr. Fayetteville, AR 72701","Washington County Sheriff Office AR*","ICE 287(g) identification/removal statistics FY2006-2013 (FOIA)"
"ARKANSAS","Washington County Sheriff Office AR","Washington County Sheriff_1",2009,2008-10-01,2009-09-30,173,110,TRUE,TRUE,36.0342,-94.176082,"1155 W. Clydesdale Dr. Fayetteville, AR 72701","Washington County Sheriff Office AR*","ICE 287(g) identification/removal statistics FY2006-2013 (FOIA)"
"ARKANSAS","Washington County Sheriff Office AR","Washington County Sheriff_1",2010,2009-10-01,2010-09-30,173,82,TRUE,TRUE,36.0342,-94.176082,"1155 W. Clydesdale Dr. Fayetteville, AR 72701","Washington County Sheriff Office AR*","ICE 287(g) identification/removal statistics FY2006-2013 (FOIA)"
"ARKANSAS","Washington County Sheriff Office AR","Washington County Sheriff_1",2011,2010-10-01,2011-09-30,105,60,TRUE,TRUE,36.0342,-94.176082,"1155 W. Clydesdale Dr. Fayetteville, AR 72701","Washington County Sheriff Office AR*","ICE 287(g) identification/removal statistics FY2006-2013 (FOIA)"
"ARKANSAS","Washington County Sheriff Office AR","Washington County Sheriff_1",2012,2011-10-01,2012-09-30,60,28,TRUE,TRUE,36.0342,-94.176082,"1155 W. Clydesdale Dr. Fayetteville, AR 72701","Washington County Sheriff Office AR*","ICE 287(g) identification/removal statistics FY2006-2013 (FOIA)"
"ARKANSAS","Washington County Sheriff Office AR","Washington County Sheriff_1",2013,2012-10-01,2013-09-30,14,7,TRUE,TRUE,36.0342,-94.176082,"1155 W. Clydesdale Dr. Fayetteville, AR 72701","Washington County Sheriff Office AR*","ICE 287(g) identification/removal statistics FY2006-2013 (FOIA)"
"CALIFORNIA","Los Angeles County Sheriff Office","Los Angeles County Sheriff",2006,2005-10-01,2006-09-30,3646,2598,TRUE,FALSE,34.055782,-118.242761,"211 West Temple Street Los Angeles, CA 90012","Los Angeles County Sheriff Office","ICE 287(g) identification/removal statistics FY2006-2013 (FOIA)"
"CALIFORNIA","Los Angeles County Sheriff Office","Los Angeles County Sheriff",2007,2006-10-01,2007-09-30,4543,3330,TRUE,FALSE,34.055782,-118.242761,"211 West Temple Street Los Angeles, CA 90012","Los Angeles County Sheriff Office","ICE 287(g) identification/removal statistics FY2006-2013 (FOIA)"
"CALIFORNIA","Los Angeles County Sheriff Office","Los Angeles County Sheriff",2008,2007-10-01,2008-09-30,3850,3002,TRUE,FALSE,34.055782,-118.242761,"211 West Temple Street Los Angeles, CA 90012","Los Angeles County Sheriff Office","ICE 287(g) identification/removal statistics FY2006-2013 (FOIA)"
"CALIFORNIA","Los Angeles County Sheriff Office","Los Angeles County Sheriff",2009,2008-10-01,2009-09-30,4761,3515,TRUE,FALSE,34.055782,-118.242761,"211 West Temple Street Los Angeles, CA 90012","Los Angeles County Sheriff Office","ICE 287(g) identification/removal statistics FY2006-2013 (FOIA)"
"CALIFORNIA","Los Angeles County Sheriff Office","Los Angeles County Sheriff",2010,2009-10-01,2010-09-30,3332,2170,TRUE,FALSE,34.055782,-118.242761,"211 West Temple Street Los Angeles, CA 90012","Los Angeles County Sheriff Office","ICE 287(g) identification/removal statistics FY2006-2013 (FOIA)"
"CALIFORNIA","Los Angeles County Sheriff Office","Los Angeles County Sheriff",2011,2010-10-01,2011-09-30,2027,1320,TRUE,FALSE,34.055782,-118.242761,"211 West Temple Street Los Angeles, CA 90012","Los Angeles County Sheriff Office","ICE 287(g) identification/removal statistics FY2006-2013 (FOIA)"
"CALIFORNIA","Los Angeles County Sheriff Office","Los Angeles County Sheriff",2012,2011-10-01,2012-09-30,1403,687,TRUE,FALSE,34.055782,-118.242761,"211 West Temple Street Los Angeles, CA 90012","Los Angeles County Sheriff Office","ICE 287(g) identification/removal statistics FY2006-2013 (FOIA)"
"CALIFORNIA","Los Angeles County Sheriff Office","Los Angeles County Sheriff",2013,2012-10-01,2013-09-30,1046,584,TRUE,FALSE,34.055782,-118.242761,"211 West Temple Street Los Angeles, CA 90012","Los Angeles County Sheriff Office","ICE 287(g) identification/removal statistics FY2006-2013 (FOIA)"
"CALIFORNIA","Orange County Sheriff Office","Orange County Sheriff",2006,2005-10-01,2006-09-30,,,FALSE,FALSE,33.749412,-117.877855,"550 N Flower St, Santa Ana, CA 92703","Orange County Sheriff Office","ICE 287(g) identification/removal statistics FY2006-2013 (FOIA)"
"CALIFORNIA","Orange County Sheriff Office","Orange County Sheriff",2007,2006-10-01,2007-09-30,3535,2693,TRUE,FALSE,33.749412,-117.877855,"550 N Flower St, Santa Ana, CA 92703","Orange County Sheriff Office","ICE 287(g) identification/removal statistics FY2006-2013 (FOIA)"
"CALIFORNIA","Orange County Sheriff Office","Orange County Sheriff",2008,2007-10-01,2008-09-30,4145,3127,TRUE,FALSE,33.749412,-117.877855,"550 N Flower St, Santa Ana, CA 92703","Orange County Sheriff Office","ICE 287(g) identification/removal statistics FY2006-2013 (FOIA)"
"CALIFORNIA","Orange County Sheriff Office","Orange County Sheriff",2009,2008-10-01,2009-09-30,3244,2403,TRUE,FALSE,33.749412,-117.877855,"550 N Flower St, Santa Ana, CA 92703","Orange County Sheriff Office","ICE 287(g) identification/removal statistics FY2006-2013 (FOIA)"
"CALIFORNIA","Orange County Sheriff Office","Orange County Sheriff",2010,2009-10-01,2010-09-30,2319,1423,TRUE,FALSE,33.749412,-117.877855,"550 N Flower St, Santa Ana, CA 92703","Orange County Sheriff Office","ICE 287(g) identification/removal statistics FY2006-2013 (FOIA)"
"CALIFORNIA","Orange County Sheriff Office","Orange County Sheriff",2011,2010-10-01,2011-09-30,2300,1458,TRUE,FALSE,33.749412,-117.877855,"550 N Flower St, Santa Ana, CA 92703","Orange County Sheriff Office","ICE 287(g) identification/removal statistics FY2006-2013 (FOIA)"
"CALIFORNIA","Orange County Sheriff Office","Orange County Sheriff",2012,2011-10-01,2012-09-30,1866,884,TRUE,FALSE,33.749412,-117.877855,"550 N Flower St, Santa Ana, CA 92703","Orange County Sheriff Office","ICE 287(g) identification/removal statistics FY2006-2013 (FOIA)"
"CALIFORNIA","Orange County Sheriff Office","Orange County Sheriff",2013,2012-10-01,2013-09-30,1,901,TRUE,FALSE,33.749412,-117.877855,"550 N Flower St, Santa Ana, CA 92703","Orange County Sheriff Office","ICE 287(g) identification/removal statistics FY2006-2013 (FOIA)"
"CALIFORNIA","Riverside County Sheriff Office","Riverside County Sheriff",2006,2005-10-01,2006-09-30,290,179,TRUE,FALSE,33.978281,-117.37443,"4095 Lemon Street, Riverside, CA 92501","Riverside County Sheriff Office","ICE 287(g) identification/removal statistics FY2006-2013 (FOIA)"
"CALIFORNIA","Riverside County Sheriff Office","Riverside County Sheriff",2007,2006-10-01,2007-09-30,1731,1164,TRUE,FALSE,33.978281,-117.37443,"4095 Lemon Street, Riverside, CA 92501","Riverside County Sheriff Office","ICE 287(g) identification/removal statistics FY2006-2013 (FOIA)"
"CALIFORNIA","Riverside County Sheriff Office","Riverside County Sheriff",2008,2007-10-01,2008-09-30,1108,799,TRUE,FALSE,33.978281,-117.37443,"4095 Lemon Street, Riverside, CA 92501","Riverside County Sheriff Office","ICE 287(g) identification/removal statistics FY2006-2013 (FOIA)"
"CALIFORNIA","Riverside County Sheriff Office","Riverside County Sheriff",2009,2008-10-01,2009-09-30,1230,847,TRUE,FALSE,33.978281,-117.37443,"4095 Lemon Street, Riverside, CA 92501","Riverside County Sheriff Office","ICE 287(g) identification/removal statistics FY2006-2013 (FOIA)"
"CALIFORNIA","Riverside County Sheriff Office","Riverside County Sheriff",2010,2009-10-01,2010-09-30,1048,599,TRUE,FALSE,33.978281,-117.37443,"4095 Lemon Street, Riverside, CA 92501","Riverside County Sheriff Office","ICE 287(g) identification/removal statistics FY2006-2013 (FOIA)"
"CALIFORNIA","Riverside County Sheriff Office","Riverside County Sheriff",2011,2010-10-01,2011-09-30,936,556,TRUE,FALSE,33.978281,-117.37443,"4095 Lemon Street, Riverside, CA 92501","Riverside County Sheriff Office","ICE 287(g) identification/removal statistics FY2006-2013 (FOIA)"
"CALIFORNIA","Riverside County Sheriff Office","Riverside County Sheriff",2012,2011-10-01,2012-09-30,730,371,TRUE,FALSE,33.978281,-117.37443,"4095 Lemon Street, Riverside, CA 92501","Riverside County Sheriff Office","ICE 287(g) identification/removal statistics FY2006-2013 (FOIA)"
"CALIFORNIA","Riverside County Sheriff Office","Riverside County Sheriff",2013,2012-10-01,2013-09-30,484,282,TRUE,FALSE,33.978281,-117.37443,"4095 Lemon Street, Riverside, CA 92501","Riverside County Sheriff Office","ICE 287(g) identification/removal statistics FY2006-2013 (FOIA)"
"CALIFORNIA","San Bernardino County Sheriff Office","San Bernardino County Sheriff",2006,2005-10-01,2006-09-30,1276,820,TRUE,FALSE,34.103704,-117.272865,"655 East Third Street San Bernardino, California 92415-0061","San Bernardino County Sheriff Office","ICE 287(g) identification/removal statistics FY2006-2013 (FOIA)"
"CALIFORNIA","San Bernardino County Sheriff Office","San Bernardino County Sheriff",2007,2006-10-01,2007-09-30,2312,1611,TRUE,FALSE,34.103704,-117.272865,"655 East Third Street San Bernardino, California 92415-0061","San Bernardino County Sheriff Office","ICE 287(g) identification/removal statistics FY2006-2013 (FOIA)"
"CALIFORNIA","San Bernardino County Sheriff Office","San Bernardino County Sheriff",2008,2007-10-01,2008-09-30,2460,1751,TRUE,FALSE,34.103704,-117.272865,"655 East Third Street San Bernardino, California 92415-0061","San Bernardino County Sheriff Office","ICE 287(g) identification/removal statistics FY2006-2013 (FOIA)"
"CALIFORNIA","San Bernardino County Sheriff Office","San Bernardino County Sheriff",2009,2008-10-01,2009-09-30,3406,2414,TRUE,FALSE,34.103704,-117.272865,"655 East Third Street San Bernardino, California 92415-0061","San Bernardino County Sheriff Office","ICE 287(g) identification/removal statistics FY2006-2013 (FOIA)"
"CALIFORNIA","San Bernardino County Sheriff Office","San Bernardino County Sheriff",2010,2009-10-01,2010-09-30,4088,2593,TRUE,FALSE,34.103704,-117.272865,"655 East Third Street San Bernardino, California 92415-0061","San Bernardino County Sheriff Office","ICE 287(g) identification/removal statistics FY2006-2013 (FOIA)"
"CALIFORNIA","San Bernardino County Sheriff Office","San Bernardino County Sheriff",2011,2010-10-01,2011-09-30,3311,2068,TRUE,FALSE,34.103704,-117.272865,"655 East Third Street San Bernardino, California 92415-0061","San Bernardino County Sheriff Office","ICE 287(g) identification/removal statistics FY2006-2013 (FOIA)"
"CALIFORNIA","San Bernardino County Sheriff Office","San Bernardino County Sheriff",2012,2011-10-01,2012-09-30,2665,1347,TRUE,FALSE,34.103704,-117.272865,"655 East Third Street San Bernardino, California 92415-0061","San Bernardino County Sheriff Office","ICE 287(g) identification/removal statistics FY2006-2013 (FOIA)"
"CALIFORNIA","San Bernardino County Sheriff Office","San Bernardino County Sheriff",2013,2012-10-01,2013-09-30,1397,875,TRUE,FALSE,34.103704,-117.272865,"655 East Third Street San Bernardino, California 92415-0061","San Bernardino County Sheriff Office","ICE 287(g) identification/removal statistics FY2006-2013 (FOIA)"
"COLORADO","CO Department of Public Safety","Colo. Dept. of Public Safety",2006,2005-10-01,2006-09-30,,,FALSE,FALSE,39.727183,-105.109644,"700 Kipling Street #1000, Denver, CO _80215 USA","CO Department of Public Safety","ICE 287(g) identification/removal statistics FY2006-2013 (FOIA)"
"COLORADO","CO Department of Public Safety","Colo. Dept. of Public Safety",2007,2006-10-01,2007-09-30,204,144,TRUE,FALSE,39.727183,-105.109644,"700 Kipling Street #1000, Denver, CO _80215 USA","CO Department of Public Safety","ICE 287(g) identification/removal statistics FY2006-2013 (FOIA)"
"COLORADO","CO Department of Public Safety","Colo. Dept. of Public Safety",2008,2007-10-01,2008-09-30,781,675,TRUE,FALSE,39.727183,-105.109644,"700 Kipling Street #1000, Denver, CO _80215 USA","CO Department of Public Safety","ICE 287(g) identification/removal statistics FY2006-2013 (FOIA)"
"COLORADO","CO Department of Public Safety","Colo. Dept. of Public Safety",2009,2008-10-01,2009-09-30,647,556,TRUE,FALSE,39.727183,-105.109644,"700 Kipling Street #1000, Denver, CO _80215 USA","CO Department of Public Safety","ICE 287(g) identification/removal statistics FY2006-2013 (FOIA)"
"COLORADO","CO Department of Public Safety","Colo. Dept. of Public Safety",2010,2009-10-01,2010-09-30,401,321,TRUE,FALSE,39.727183,-105.109644,"700 Kipling Street #1000, Denver, CO _80215 USA","CO Department of Public Safety","ICE 287(g) identification/removal statistics FY2006-2013 (FOIA)"
"COLORADO","CO Department of Public Safety","Colo. Dept. of Public Safety",2011,2010-10-01,2011-09-30,450,348,TRUE,FALSE,39.727183,-105.109644,"700 Kipling Street #1000, Denver, CO _80215 USA","CO Department of Public Safety","ICE 287(g) identification/removal statistics FY2006-2013 (FOIA)"
"COLORADO","CO Department of Public Safety","Colo. Dept. of Public Safety",2012,2011-10-01,2012-09-30,363,233,TRUE,FALSE,39.727183,-105.109644,"700 Kipling Street #1000, Denver, CO _80215 USA","CO Department of Public Safety","ICE 287(g) identification/removal statistics FY2006-2013 (FOIA)"
"COLORADO","CO Department of Public Safety","Colo. Dept. of Public Safety",2013,2012-10-01,2013-09-30,24,53,TRUE,FALSE,39.727183,-105.109644,"700 Kipling Street #1000, Denver, CO _80215 USA","CO Department of Public Safety","ICE 287(g) identification/removal statistics FY2006-2013 (FOIA)"
"COLORADO","El Paso County Sheriff Office","El Paso County Sheriff",2006,2005-10-01,2006-09-30,,,FALSE,FALSE,38.829326,-104.824294,"27 East Vermijo Avenue Colorado Springs, CO 80903","El Paso County Sheriff Office","ICE 287(g) identification/removal statistics FY2006-2013 (FOIA)"
"COLORADO","El Paso County Sheriff Office","El Paso County Sheriff",2007,2006-10-01,2007-09-30,,,FALSE,FALSE,38.829326,-104.824294,"27 East Vermijo Avenue Colorado Springs, CO 80903","El Paso County Sheriff Office","ICE 287(g) identification/removal statistics FY2006-2013 (FOIA)"
"COLORADO","El Paso County Sheriff Office","El Paso County Sheriff",2008,2007-10-01,2008-09-30,176,112,TRUE,FALSE,38.829326,-104.824294,"27 East Vermijo Avenue Colorado Springs, CO 80903","El Paso County Sheriff Office","ICE 287(g) identification/removal statistics FY2006-2013 (FOIA)"
"COLORADO","El Paso County Sheriff Office","El Paso County Sheriff",2009,2008-10-01,2009-09-30,301,183,TRUE,FALSE,38.829326,-104.824294,"27 East Vermijo Avenue Colorado Springs, CO 80903","El Paso County Sheriff Office","ICE 287(g) identification/removal statistics FY2006-2013 (FOIA)"
"COLORADO","El Paso County Sheriff Office","El Paso County Sheriff",2010,2009-10-01,2010-09-30,252,96,TRUE,FALSE,38.829326,-104.824294,"27 East Vermijo Avenue Colorado Springs, CO 80903","El Paso County Sheriff Office","ICE 287(g) identification/removal statistics FY2006-2013 (FOIA)"
"COLORADO","El Paso County Sheriff Office","El Paso County Sheriff",2011,2010-10-01,2011-09-30,242,132,TRUE,FALSE,38.829326,-104.824294,"27 East Vermijo Avenue Colorado Springs, CO 80903","El Paso County Sheriff Office","ICE 287(g) identification/removal statistics FY2006-2013 (FOIA)"
"COLORADO","El Paso County Sheriff Office","El Paso County Sheriff",2012,2011-10-01,2012-09-30,156,69,TRUE,FALSE,38.829326,-104.824294,"27 East Vermijo Avenue Colorado Springs, CO 80903","El Paso County Sheriff Office","ICE 287(g) identification/removal statistics FY2006-2013 (FOIA)"
"COLORADO","El Paso County Sheriff Office","El Paso County Sheriff",2013,2012-10-01,2013-09-30,143,103,TRUE,FALSE,38.829326,-104.824294,"27 East Vermijo Avenue Colorado Springs, CO 80903","El Paso County Sheriff Office","ICE 287(g) identification/removal statistics FY2006-2013 (FOIA)"
"CONNECTICUT","City of Danbury Police Department","City of Danbury Police Dept.",2006,2005-10-01,2006-09-30,,,FALSE,FALSE,41.400592,-73.457386,"375 Main St, Danbury, CT 06810","City of Danbury Police Department","ICE 287(g) identification/removal statistics FY2006-2013 (FOIA)"
"CONNECTICUT","City of Danbury Police Department","City of Danbury Police Dept.",2007,2006-10-01,2007-09-30,,,FALSE,FALSE,41.400592,-73.457386,"375 Main St, Danbury, CT 06810","City of Danbury Police Department","ICE 287(g) identification/removal statistics FY2006-2013 (FOIA)"
"CONNECTICUT","City of Danbury Police Department","City of Danbury Police Dept.",2008,2007-10-01,2008-09-30,,,FALSE,FALSE,41.400592,-73.457386,"375 Main St, Danbury, CT 06810","City of Danbury Police Department","ICE 287(g) identification/removal statistics FY2006-2013 (FOIA)"
"CONNECTICUT","City of Danbury Police Department","City of Danbury Police Dept.",2009,2008-10-01,2009-09-30,,,FALSE,FALSE,41.400592,-73.457386,"375 Main St, Danbury, CT 06810","City of Danbury Police Department","ICE 287(g) identification/removal statistics FY2006-2013 (FOIA)"
"CONNECTICUT","City of Danbury Police Department","City of Danbury Police Dept.",2010,2009-10-01,2010-09-30,,,FALSE,FALSE,41.400592,-73.457386,"375 Main St, Danbury, CT 06810","City of Danbury Police Department","ICE 287(g) identification/removal statistics FY2006-2013 (FOIA)"
"CONNECTICUT","City of Danbury Police Department","City of Danbury Police Dept.",2011,2010-10-01,2011-09-30,14,8,TRUE,FALSE,41.400592,-73.457386,"375 Main St, Danbury, CT 06810","City of Danbury Police Department","ICE 287(g) identification/removal statistics FY2006-2013 (FOIA)"
"CONNECTICUT","City of Danbury Police Department","City of Danbury Police Dept.",2012,2011-10-01,2012-09-30,4,2,TRUE,FALSE,41.400592,-73.457386,"375 Main St, Danbury, CT 06810","City of Danbury Police Department","ICE 287(g) identification/removal statistics FY2006-2013 (FOIA)"
"CONNECTICUT","City of Danbury Police Department","City of Danbury Police Dept.",2013,2012-10-01,2013-09-30,0,1,TRUE,FALSE,41.400592,-73.457386,"375 Main St, Danbury, CT 06810","City of Danbury Police Department","ICE 287(g) identification/removal statistics FY2006-2013 (FOIA)"
"FLORIDA","Bay County Sheriff Office","Bay County Sheriff",2006,2005-10-01,2006-09-30,,,FALSE,FALSE,30.210492,-85.652071,"3421 FL-77, Panama City, FL 32405","Bay County Sheriff Office","ICE 287(g) identification/removal statistics FY2006-2013 (FOIA)"
"FLORIDA","Bay County Sheriff Office","Bay County Sheriff",2007,2006-10-01,2007-09-30,,,FALSE,FALSE,30.210492,-85.652071,"3421 FL-77, Panama City, FL 32405","Bay County Sheriff Office","ICE 287(g) identification/removal statistics FY2006-2013 (FOIA)"
"FLORIDA","Bay County Sheriff Office","Bay County Sheriff",2008,2007-10-01,2008-09-30,7,3,TRUE,FALSE,30.210492,-85.652071,"3421 FL-77, Panama City, FL 32405","Bay County Sheriff Office","ICE 287(g) identification/removal statistics FY2006-2013 (FOIA)"
"FLORIDA","Bay County Sheriff Office","Bay County Sheriff",2009,2008-10-01,2009-09-30,136,106,TRUE,FALSE,30.210492,-85.652071,"3421 FL-77, Panama City, FL 32405","Bay County Sheriff Office","ICE 287(g) identification/removal statistics FY2006-2013 (FOIA)"
"FLORIDA","Bay County Sheriff Office","Bay County Sheriff",2010,2009-10-01,2010-09-30,85,47,TRUE,FALSE,30.210492,-85.652071,"3421 FL-77, Panama City, FL 32405","Bay County Sheriff Office","ICE 287(g) identification/removal statistics FY2006-2013 (FOIA)"
"FLORIDA","Bay County Sheriff Office","Bay County Sheriff",2011,2010-10-01,2011-09-30,55,35,TRUE,FALSE,30.210492,-85.652071,"3421 FL-77, Panama City, FL 32405","Bay County Sheriff Office","ICE 287(g) identification/removal statistics FY2006-2013 (FOIA)"
"FLORIDA","Bay County Sheriff Office","Bay County Sheriff",2012,2011-10-01,2012-09-30,37,11,TRUE,FALSE,30.210492,-85.652071,"3421 FL-77, Panama City, FL 32405","Bay County Sheriff Office","ICE 287(g) identification/removal statistics FY2006-2013 (FOIA)"
"FLORIDA","Bay County Sheriff Office","Bay County Sheriff",2013,2012-10-01,2013-09-30,0,0,FALSE,FALSE,30.210492,-85.652071,"3421 FL-77, Panama City, FL 32405","Bay County Sheriff Office","ICE 287(g) identification/removal statistics FY2006-2013 (FOIA)"
"FLORIDA","Brevard County Sheriff Office","Brevard County Sheriff",2006,2005-10-01,2006-09-30,,,FALSE,FALSE,28.607204,-80.820331,"700 S Park Ave, Titusville, FL 32780","Brevard County Sheriff Office","ICE 287(g) identification/removal statistics FY2006-2013 (FOIA)"
"FLORIDA","Brevard County Sheriff Office","Brevard County Sheriff",2007,2006-10-01,2007-09-30,,,FALSE,FALSE,28.607204,-80.820331,"700 S Park Ave, Titusville, FL 32780","Brevard County Sheriff Office","ICE 287(g) identification/removal statistics FY2006-2013 (FOIA)"
"FLORIDA","Brevard County Sheriff Office","Brevard County Sheriff",2008,2007-10-01,2008-09-30,,,FALSE,FALSE,28.607204,-80.820331,"700 S Park Ave, Titusville, FL 32780","Brevard County Sheriff Office","ICE 287(g) identification/removal statistics FY2006-2013 (FOIA)"
"FLORIDA","Brevard County Sheriff Office","Brevard County Sheriff",2009,2008-10-01,2009-09-30,95,66,TRUE,FALSE,28.607204,-80.820331,"700 S Park Ave, Titusville, FL 32780","Brevard County Sheriff Office","ICE 287(g) identification/removal statistics FY2006-2013 (FOIA)"
"FLORIDA","Brevard County Sheriff Office","Brevard County Sheriff",2010,2009-10-01,2010-09-30,,,FALSE,FALSE,28.607204,-80.820331,"700 S Park Ave, Titusville, FL 32780","Brevard County Sheriff Office","ICE 287(g) identification/removal statistics FY2006-2013 (FOIA)"
"FLORIDA","Brevard County Sheriff Office","Brevard County Sheriff",2011,2010-10-01,2011-09-30,0,0,FALSE,FALSE,28.607204,-80.820331,"700 S Park Ave, Titusville, FL 32780","Brevard County Sheriff Office","ICE 287(g) identification/removal statistics FY2006-2013 (FOIA)"
"FLORIDA","Brevard County Sheriff Office","Brevard County Sheriff",2012,2011-10-01,2012-09-30,0,0,FALSE,FALSE,28.607204,-80.820331,"700 S Park Ave, Titusville, FL 32780","Brevard County Sheriff Office","ICE 287(g) identification/removal statistics FY2006-2013 (FOIA)"
"FLORIDA","Brevard County Sheriff Office","Brevard County Sheriff",2013,2012-10-01,2013-09-30,0,0,FALSE,FALSE,28.607204,-80.820331,"700 S Park Ave, Titusville, FL 32780","Brevard County Sheriff Office","ICE 287(g) identification/removal statistics FY2006-2013 (FOIA)"
"FLORIDA","Collier County Sheriff Office","Collier County Sheriff",2006,2005-10-01,2006-09-30,12,1,TRUE,TRUE,26.125879,-81.764981,"3319 Tamiami Trail E, Naples, FL 34112","Collier County Sheriff Office*","ICE 287(g) identification/removal statistics FY2006-2013 (FOIA)"
"FLORIDA","Collier County Sheriff Office","Collier County Sheriff",2007,2006-10-01,2007-09-30,18,10,TRUE,TRUE,26.125879,-81.764981,"3319 Tamiami Trail E, Naples, FL 34112","Collier County Sheriff Office*","ICE 287(g) identification/removal statistics FY2006-2013 (FOIA)"
"FLORIDA","Collier County Sheriff Office","Collier County Sheriff",2008,2007-10-01,2008-09-30,821,707,TRUE,TRUE,26.125879,-81.764981,"3319 Tamiami Trail E, Naples, FL 34112","Collier County Sheriff Office*","ICE 287(g) identification/removal statistics FY2006-2013 (FOIA)"
"FLORIDA","Collier County Sheriff Office","Collier County Sheriff",2009,2008-10-01,2009-09-30,1273,1063,TRUE,TRUE,26.125879,-81.764981,"3319 Tamiami Trail E, Naples, FL 34112","Collier County Sheriff Office*","ICE 287(g) identification/removal statistics FY2006-2013 (FOIA)"
"FLORIDA","Collier County Sheriff Office","Collier County Sheriff",2010,2009-10-01,2010-09-30,735,406,TRUE,TRUE,26.125879,-81.764981,"3319 Tamiami Trail E, Naples, FL 34112","Collier County Sheriff Office*","ICE 287(g) identification/removal statistics FY2006-2013 (FOIA)"
"FLORIDA","Collier County Sheriff Office","Collier County Sheriff",2011,2010-10-01,2011-09-30,795,464,TRUE,TRUE,26.125879,-81.764981,"3319 Tamiami Trail E, Naples, FL 34112","Collier County Sheriff Office*","ICE 287(g) identification/removal statistics FY2006-2013 (FOIA)"
"FLORIDA","Collier County Sheriff Office","Collier County Sheriff",2012,2011-10-01,2012-09-30,679,298,TRUE,TRUE,26.125879,-81.764981,"3319 Tamiami Trail E, Naples, FL 34112","Collier County Sheriff Office*","ICE 287(g) identification/removal statistics FY2006-2013 (FOIA)"
"FLORIDA","Collier County Sheriff Office","Collier County Sheriff",2013,2012-10-01,2013-09-30,526,235,TRUE,TRUE,26.125879,-81.764981,"3319 Tamiami Trail E, Naples, FL 34112","Collier County Sheriff Office*","ICE 287(g) identification/removal statistics FY2006-2013 (FOIA)"
"FLORIDA","FL Department of Law Enforcement","Fla. Dept. of Law Enforcement",2006,2005-10-01,2006-09-30,,,FALSE,FALSE,30.460764,-84.240788,"2331 Phillips Road Tallahassee, FL 32308","FL Department of Law Enforcement","ICE 287(g) identification/removal statistics FY2006-2013 (FOIA)"
"FLORIDA","FL Department of Law Enforcement","Fla. Dept. of Law Enforcement",2007,2006-10-01,2007-09-30,3,2,TRUE,FALSE,30.460764,-84.240788,"2331 Phillips Road Tallahassee, FL 32308","FL Department of Law Enforcement","ICE 287(g) identification/removal statistics FY2006-2013 (FOIA)"
"FLORIDA","FL Department of Law Enforcement","Fla. Dept. of Law Enforcement",2008,2007-10-01,2008-09-30,10,7,TRUE,FALSE,30.460764,-84.240788,"2331 Phillips Road Tallahassee, FL 32308","FL Department of Law Enforcement","ICE 287(g) identification/removal statistics FY2006-2013 (FOIA)"
"FLORIDA","FL Department of Law Enforcement","Fla. Dept. of Law Enforcement",2009,2008-10-01,2009-09-30,15,8,TRUE,FALSE,30.460764,-84.240788,"2331 Phillips Road Tallahassee, FL 32308","FL Department of Law Enforcement","ICE 287(g) identification/removal statistics FY2006-2013 (FOIA)"
"FLORIDA","FL Department of Law Enforcement","Fla. Dept. of Law Enforcement",2010,2009-10-01,2010-09-30,8,4,TRUE,FALSE,30.460764,-84.240788,"2331 Phillips Road Tallahassee, FL 32308","FL Department of Law Enforcement","ICE 287(g) identification/removal statistics FY2006-2013 (FOIA)"
"FLORIDA","FL Department of Law Enforcement","Fla. Dept. of Law Enforcement",2011,2010-10-01,2011-09-30,6,3,TRUE,FALSE,30.460764,-84.240788,"2331 Phillips Road Tallahassee, FL 32308","FL Department of Law Enforcement","ICE 287(g) identification/removal statistics FY2006-2013 (FOIA)"
"FLORIDA","FL Department of Law Enforcement","Fla. Dept. of Law Enforcement",2012,2011-10-01,2012-09-30,30,10,TRUE,FALSE,30.460764,-84.240788,"2331 Phillips Road Tallahassee, FL 32308","FL Department of Law Enforcement","ICE 287(g) identification/removal statistics FY2006-2013 (FOIA)"
"FLORIDA","FL Department of Law Enforcement","Fla. Dept. of Law Enforcement",2013,2012-10-01,2013-09-30,2,4,TRUE,FALSE,30.460764,-84.240788,"2331 Phillips Road Tallahassee, FL 32308","FL Department of Law Enforcement","ICE 287(g) identification/removal statistics FY2006-2013 (FOIA)"
"FLORIDA","Jacksonville Sheriff Office","Jacksonville Sheriff",2006,2005-10-01,2006-09-30,,,FALSE,FALSE,30.325259,-81.651582,"501 E. Bay Street, Jacksonville, FL 32202","Jacksonville Sheriff Office","ICE 287(g) identification/removal statistics FY2006-2013 (FOIA)"
"FLORIDA","Jacksonville Sheriff Office","Jacksonville Sheriff",2007,2006-10-01,2007-09-30,,,FALSE,FALSE,30.325259,-81.651582,"501 E. Bay Street, Jacksonville, FL 32202","Jacksonville Sheriff Office","ICE 287(g) identification/removal statistics FY2006-2013 (FOIA)"
"FLORIDA","Jacksonville Sheriff Office","Jacksonville Sheriff",2008,2007-10-01,2008-09-30,,,FALSE,FALSE,30.325259,-81.651582,"501 E. Bay Street, Jacksonville, FL 32202","Jacksonville Sheriff Office","ICE 287(g) identification/removal statistics FY2006-2013 (FOIA)"
"FLORIDA","Jacksonville Sheriff Office","Jacksonville Sheriff",2009,2008-10-01,2009-09-30,524,381,TRUE,FALSE,30.325259,-81.651582,"501 E. Bay Street, Jacksonville, FL 32202","Jacksonville Sheriff Office","ICE 287(g) identification/removal statistics FY2006-2013 (FOIA)"
"FLORIDA","Jacksonville Sheriff Office","Jacksonville Sheriff",2010,2009-10-01,2010-09-30,395,220,TRUE,FALSE,30.325259,-81.651582,"501 E. Bay Street, Jacksonville, FL 32202","Jacksonville Sheriff Office","ICE 287(g) identification/removal statistics FY2006-2013 (FOIA)"
"FLORIDA","Jacksonville Sheriff Office","Jacksonville Sheriff",2011,2010-10-01,2011-09-30,319,148,TRUE,FALSE,30.325259,-81.651582,"501 E. Bay Street, Jacksonville, FL 32202","Jacksonville Sheriff Office","ICE 287(g) identification/removal statistics FY2006-2013 (FOIA)"
"FLORIDA","Jacksonville Sheriff Office","Jacksonville Sheriff",2012,2011-10-01,2012-09-30,273,134,TRUE,FALSE,30.325259,-81.651582,"501 E. Bay Street, Jacksonville, FL 32202","Jacksonville Sheriff Office","ICE 287(g) identification/removal statistics FY2006-2013 (FOIA)"
"FLORIDA","Jacksonville Sheriff Office","Jacksonville Sheriff",2013,2012-10-01,2013-09-30,223,147,TRUE,FALSE,30.325259,-81.651582,"501 E. Bay Street, Jacksonville, FL 32202","Jacksonville Sheriff Office","ICE 287(g) identification/removal statistics FY2006-2013 (FOIA)"
"FLORIDA","Manatee County Sheriff Office","Manatee County Sheriff",2006,2005-10-01,2006-09-30,,,FALSE,FALSE,27.469755,-82.566755,"600 Highway 301 Boulevard West Bradenton, FL 34205","Manatee County Sheriff Office","ICE 287(g) identification/removal statistics FY2006-2013 (FOIA)"
"FLORIDA","Manatee County Sheriff Office","Manatee County Sheriff",2007,2006-10-01,2007-09-30,,,FALSE,FALSE,27.469755,-82.566755,"600 Highway 301 Boulevard West Bradenton, FL 34205","Manatee County Sheriff Office","ICE 287(g) identification/removal statistics FY2006-2013 (FOIA)"
"FLORIDA","Manatee County Sheriff Office","Manatee County Sheriff",2008,2007-10-01,2008-09-30,,,FALSE,FALSE,27.469755,-82.566755,"600 Highway 301 Boulevard West Bradenton, FL 34205","Manatee County Sheriff Office","ICE 287(g) identification/removal statistics FY2006-2013 (FOIA)"
"FLORIDA","Manatee County Sheriff Office","Manatee County Sheriff",2009,2008-10-01,2009-09-30,146,107,TRUE,FALSE,27.469755,-82.566755,"600 Highway 301 Boulevard West Bradenton, FL 34205","Manatee County Sheriff Office","ICE 287(g) identification/removal statistics FY2006-2013 (FOIA)"
"FLORIDA","Manatee County Sheriff Office","Manatee County Sheriff",2010,2009-10-01,2010-09-30,,,FALSE,FALSE,27.469755,-82.566755,"600 Highway 301 Boulevard West Bradenton, FL 34205","Manatee County Sheriff Office","ICE 287(g) identification/removal statistics FY2006-2013 (FOIA)"
"FLORIDA","Manatee County Sheriff Office","Manatee County Sheriff",2011,2010-10-01,2011-09-30,0,0,FALSE,FALSE,27.469755,-82.566755,"600 Highway 301 Boulevard West Bradenton, FL 34205","Manatee County Sheriff Office","ICE 287(g) identification/removal statistics FY2006-2013 (FOIA)"
"FLORIDA","Manatee County Sheriff Office","Manatee County Sheriff",2012,2011-10-01,2012-09-30,0,0,FALSE,FALSE,27.469755,-82.566755,"600 Highway 301 Boulevard West Bradenton, FL 34205","Manatee County Sheriff Office","ICE 287(g) identification/removal statistics FY2006-2013 (FOIA)"
"FLORIDA","Manatee County Sheriff Office","Manatee County Sheriff",2013,2012-10-01,2013-09-30,0,1,TRUE,FALSE,27.469755,-82.566755,"600 Highway 301 Boulevard West Bradenton, FL 34205","Manatee County Sheriff Office","ICE 287(g) identification/removal statistics FY2006-2013 (FOIA)"
"GEORGIA","Cobb County Sheriff Office","Cobb County Sheriff",2006,2005-10-01,2006-09-30,,,FALSE,FALSE,33.831919,-84.656886,"5000 Austell Powder Springs Rd SW, Austell, GA 30106","Cobb County Sheriff Office","ICE 287(g) identification/removal statistics FY2006-2013 (FOIA)"
"GEORGIA","Cobb County Sheriff Office","Cobb County Sheriff",2007,2006-10-01,2007-09-30,128,93,TRUE,FALSE,33.831919,-84.656886,"5000 Austell Powder Springs Rd SW, Austell, GA 30106","Cobb County Sheriff Office","ICE 287(g) identification/removal statistics FY2006-2013 (FOIA)"
"GEORGIA","Cobb County Sheriff Office","Cobb County Sheriff",2008,2007-10-01,2008-09-30,3747,2794,TRUE,FALSE,33.831919,-84.656886,"5000 Austell Powder Springs Rd SW, Austell, GA 30106","Cobb County Sheriff Office","ICE 287(g) identification/removal statistics FY2006-2013 (FOIA)"
"GEORGIA","Cobb County Sheriff Office","Cobb County Sheriff",2009,2008-10-01,2009-09-30,2612,1513,TRUE,FALSE,33.831919,-84.656886,"5000 Austell Powder Springs Rd SW, Austell, GA 30106","Cobb County Sheriff Office","ICE 287(g) identification/removal statistics FY2006-2013 (FOIA)"
"GEORGIA","Cobb County Sheriff Office","Cobb County Sheriff",2010,2009-10-01,2010-09-30,2011,964,TRUE,FALSE,33.831919,-84.656886,"5000 Austell Powder Springs Rd SW, Austell, GA 30106","Cobb County Sheriff Office","ICE 287(g) identification/removal statistics FY2006-2013 (FOIA)"
"GEORGIA","Cobb County Sheriff Office","Cobb County Sheriff",2011,2010-10-01,2011-09-30,1283,693,TRUE,FALSE,33.831919,-84.656886,"5000 Austell Powder Springs Rd SW, Austell, GA 30106","Cobb County Sheriff Office","ICE 287(g) identification/removal statistics FY2006-2013 (FOIA)"
"GEORGIA","Cobb County Sheriff Office","Cobb County Sheriff",2012,2011-10-01,2012-09-30,1009,345,TRUE,FALSE,33.831919,-84.656886,"5000 Austell Powder Springs Rd SW, Austell, GA 30106","Cobb County Sheriff Office","ICE 287(g) identification/removal statistics FY2006-2013 (FOIA)"
"GEORGIA","Cobb County Sheriff Office","Cobb County Sheriff",2013,2012-10-01,2013-09-30,701,424,TRUE,FALSE,33.831919,-84.656886,"5000 Austell Powder Springs Rd SW, Austell, GA 30106","Cobb County Sheriff Office","ICE 287(g) identification/removal statistics FY2006-2013 (FOIA)"
"GEORGIA","GA Department of Public Safety","Ga. Dept. of Public Safety",2006,2005-10-01,2006-09-30,,,FALSE,FALSE,33.725966,-84.355792,"959 E. Confederate Ave. SE Atlanta, GA 30316","GA Department of Public Safety","ICE 287(g) identification/removal statistics FY2006-2013 (FOIA)"
"GEORGIA","GA Department of Public Safety","Ga. Dept. of Public Safety",2007,2006-10-01,2007-09-30,,,FALSE,FALSE,33.725966,-84.355792,"959 E. Confederate Ave. SE Atlanta, GA 30316","GA Department of Public Safety","ICE 287(g) identification/removal statistics FY2006-2013 (FOIA)"
"GEORGIA","GA Department of Public Safety","Ga. Dept. of Public Safety",2008,2007-10-01,2008-09-30,13,4,TRUE,FALSE,33.725966,-84.355792,"959 E. Confederate Ave. SE Atlanta, GA 30316","GA Department of Public Safety","ICE 287(g) identification/removal statistics FY2006-2013 (FOIA)"
"GEORGIA","GA Department of Public Safety","Ga. Dept. of Public Safety",2009,2008-10-01,2009-09-30,14,5,TRUE,FALSE,33.725966,-84.355792,"959 E. Confederate Ave. SE Atlanta, GA 30316","GA Department of Public Safety","ICE 287(g) identification/removal statistics FY2006-2013 (FOIA)"
"GEORGIA","GA Department of Public Safety","Ga. Dept. of Public Safety",2010,2009-10-01,2010-09-30,9,1,TRUE,FALSE,33.725966,-84.355792,"959 E. Confederate Ave. SE Atlanta, GA 30316","GA Department of Public Safety","ICE 287(g) identification/removal statistics FY2006-2013 (FOIA)"
"GEORGIA","GA Department of Public Safety","Ga. Dept. of Public Safety",2011,2010-10-01,2011-09-30,3,1,TRUE,FALSE,33.725966,-84.355792,"959 E. Confederate Ave. SE Atlanta, GA 30316","GA Department of Public Safety","ICE 287(g) identification/removal statistics FY2006-2013 (FOIA)"
"GEORGIA","GA Department of Public Safety","Ga. Dept. of Public Safety",2012,2011-10-01,2012-09-30,0,0,FALSE,FALSE,33.725966,-84.355792,"959 E. Confederate Ave. SE Atlanta, GA 30316","GA Department of Public Safety","ICE 287(g) identification/removal statistics FY2006-2013 (FOIA)"
"GEORGIA","GA Department of Public Safety","Ga. Dept. of Public Safety",2013,2012-10-01,2013-09-30,0,0,FALSE,FALSE,33.725966,-84.355792,"959 E. Confederate Ave. SE Atlanta, GA 30316","GA Department of Public Safety","ICE 287(g) identification/removal statistics FY2006-2013 (FOIA)"
"GEORGIA","Gwinnett County Sheriff Office","Gwinnett County Sheriff",2006,2005-10-01,2006-09-30,,,FALSE,FALSE,33.982939,-83.977922,"2900 University Pkwy. NE, Lawrenceville, GA 30043","Gwinnett County Sheriff Office","ICE 287(g) identification/removal statistics FY2006-2013 (FOIA)"
"GEORGIA","Gwinnett County Sheriff Office","Gwinnett County Sheriff",2007,2006-10-01,2007-09-30,,,FALSE,FALSE,33.982939,-83.977922,"2900 University Pkwy. NE, Lawrenceville, GA 30043","Gwinnett County Sheriff Office","ICE 287(g) identification/removal statistics FY2006-2013 (FOIA)"
"GEORGIA","Gwinnett County Sheriff Office","Gwinnett County Sheriff",2008,2007-10-01,2008-09-30,,,FALSE,FALSE,33.982939,-83.977922,"2900 University Pkwy. NE, Lawrenceville, GA 30043","Gwinnett County Sheriff Office","ICE 287(g) identification/removal statistics FY2006-2013 (FOIA)"
"GEORGIA","Gwinnett County Sheriff Office","Gwinnett County Sheriff",2009,2008-10-01,2009-09-30,,,FALSE,FALSE,33.982939,-83.977922,"2900 University Pkwy. NE, Lawrenceville, GA 30043","Gwinnett County Sheriff Office","ICE 287(g) identification/removal statistics FY2006-2013 (FOIA)"
"GEORGIA","Gwinnett County Sheriff Office","Gwinnett County Sheriff",2010,2009-10-01,2010-09-30,2545,1320,TRUE,FALSE,33.982939,-83.977922,"2900 University Pkwy. NE, Lawrenceville, GA 30043","Gwinnett County Sheriff Office","ICE 287(g) identification/removal statistics FY2006-2013 (FOIA)"
"GEORGIA","Gwinnett County Sheriff Office","Gwinnett County Sheriff",2011,2010-10-01,2011-09-30,2965,1979,TRUE,FALSE,33.982939,-83.977922,"2900 University Pkwy. NE, Lawrenceville, GA 30043","Gwinnett County Sheriff Office","ICE 287(g) identification/removal statistics FY2006-2013 (FOIA)"
"GEORGIA","Gwinnett County Sheriff Office","Gwinnett County Sheriff",2012,2011-10-01,2012-09-30,3292,1292,TRUE,FALSE,33.982939,-83.977922,"2900 University Pkwy. NE, Lawrenceville, GA 30043","Gwinnett County Sheriff Office","ICE 287(g) identification/removal statistics FY2006-2013 (FOIA)"
"GEORGIA","Gwinnett County Sheriff Office","Gwinnett County Sheriff",2013,2012-10-01,2013-09-30,1868,1044,TRUE,FALSE,33.982939,-83.977922,"2900 University Pkwy. NE, Lawrenceville, GA 30043","Gwinnett County Sheriff Office","ICE 287(g) identification/removal statistics FY2006-2013 (FOIA)"
"GEORGIA","Hall County Sheriff Office","Hall County Sheriff",2006,2005-10-01,2006-09-30,,,FALSE,TRUE,34.279348,-83.875893,"2859 Browns Bridge Road, Gainesville, GA 30504","Hall County Sheriff Office*","ICE 287(g) identification/removal statistics FY2006-2013 (FOIA)"
"GEORGIA","Hall County Sheriff Office","Hall County Sheriff",2007,2006-10-01,2007-09-30,,,FALSE,TRUE,34.279348,-83.875893,"2859 Browns Bridge Road, Gainesville, GA 30504","Hall County Sheriff Office*","ICE 287(g) identification/removal statistics FY2006-2013 (FOIA)"
"GEORGIA","Hall County Sheriff Office","Hall County Sheriff",2008,2007-10-01,2008-09-30,874,694,TRUE,TRUE,34.279348,-83.875893,"2859 Browns Bridge Road, Gainesville, GA 30504","Hall County Sheriff Office*","ICE 287(g) identification/removal statistics FY2006-2013 (FOIA)"
"GEORGIA","Hall County Sheriff Office","Hall County Sheriff",2009,2008-10-01,2009-09-30,1078,859,TRUE,TRUE,34.279348,-83.875893,"2859 Browns Bridge Road, Gainesville, GA 30504","Hall County Sheriff Office*","ICE 287(g) identification/removal statistics FY2006-2013 (FOIA)"
"GEORGIA","Hall County Sheriff Office","Hall County Sheriff",2010,2009-10-01,2010-09-30,755,437,TRUE,TRUE,34.279348,-83.875893,"2859 Browns Bridge Road, Gainesville, GA 30504","Hall County Sheriff Office*","ICE 287(g) identification/removal statistics FY2006-2013 (FOIA)"
"GEORGIA","Hall County Sheriff Office","Hall County Sheriff",2011,2010-10-01,2011-09-30,598,348,TRUE,TRUE,34.279348,-83.875893,"2859 Browns Bridge Road, Gainesville, GA 30504","Hall County Sheriff Office*","ICE 287(g) identification/removal statistics FY2006-2013 (FOIA)"
"GEORGIA","Hall County Sheriff Office","Hall County Sheriff",2012,2011-10-01,2012-09-30,663,169,TRUE,TRUE,34.279348,-83.875893,"2859 Browns Bridge Road, Gainesville, GA 30504","Hall County Sheriff Office*","ICE 287(g) identification/removal statistics FY2006-2013 (FOIA)"
"GEORGIA","Hall County Sheriff Office","Hall County Sheriff",2013,2012-10-01,2013-09-30,424,199,TRUE,TRUE,34.279348,-83.875893,"2859 Browns Bridge Road, Gainesville, GA 30504","Hall County Sheriff Office*","ICE 287(g) identification/removal statistics FY2006-2013 (FOIA)"
"GEORGIA","Whitfield County Sheriff Office","Whitfield County Sheriff",2006,2005-10-01,2006-09-30,,,FALSE,FALSE,34.79378,-84.979963,"805 Professional Blvd, Dalton, GA 30720","Whitfield County Sheriff Office","ICE 287(g) identification/removal statistics FY2006-2013 (FOIA)"
"GEORGIA","Whitfield County Sheriff Office","Whitfield County Sheriff",2007,2006-10-01,2007-09-30,,,FALSE,FALSE,34.79378,-84.979963,"805 Professional Blvd, Dalton, GA 30720","Whitfield County Sheriff Office","ICE 287(g) identification/removal statistics FY2006-2013 (FOIA)"
"GEORGIA","Whitfield County Sheriff Office","Whitfield County Sheriff",2008,2007-10-01,2008-09-30,100,77,TRUE,FALSE,34.79378,-84.979963,"805 Professional Blvd, Dalton, GA 30720","Whitfield County Sheriff Office","ICE 287(g) identification/removal statistics FY2006-2013 (FOIA)"
"GEORGIA","Whitfield County Sheriff Office","Whitfield County Sheriff",2009,2008-10-01,2009-09-30,379,291,TRUE,FALSE,34.79378,-84.979963,"805 Professional Blvd, Dalton, GA 30720","Whitfield County Sheriff Office","ICE 287(g) identification/removal statistics FY2006-2013 (FOIA)"
"GEORGIA","Whitfield County Sheriff Office","Whitfield County Sheriff",2010,2009-10-01,2010-09-30,581,311,TRUE,FALSE,34.79378,-84.979963,"805 Professional Blvd, Dalton, GA 30720","Whitfield County Sheriff Office","ICE 287(g) identification/removal statistics FY2006-2013 (FOIA)"
"GEORGIA","Whitfield County Sheriff Office","Whitfield County Sheriff",2011,2010-10-01,2011-09-30,534,324,TRUE,FALSE,34.79378,-84.979963,"805 Professional Blvd, Dalton, GA 30720","Whitfield County Sheriff Office","ICE 287(g) identification/removal statistics FY2006-2013 (FOIA)"
"GEORGIA","Whitfield County Sheriff Office","Whitfield County Sheriff",2012,2011-10-01,2012-09-30,483,150,TRUE,FALSE,34.79378,-84.979963,"805 Professional Blvd, Dalton, GA 30720","Whitfield County Sheriff Office","ICE 287(g) identification/removal statistics FY2006-2013 (FOIA)"
"GEORGIA","Whitfield County Sheriff Office","Whitfield County Sheriff",2013,2012-10-01,2013-09-30,316,143,TRUE,FALSE,34.79378,-84.979963,"805 Professional Blvd, Dalton, GA 30720","Whitfield County Sheriff Office","ICE 287(g) identification/removal statistics FY2006-2013 (FOIA)"
"MARYLAND","Frederick County Sheriff Office","Frederick County Sheriff",2006,2005-10-01,2006-09-30,,,FALSE,TRUE,39.407135,-77.375224,"110 Airport Drive East Frederick, MD 21701","Frederick County Sheriff Office*","ICE 287(g) identification/removal statistics FY2006-2013 (FOIA)"
"MARYLAND","Frederick County Sheriff Office","Frederick County Sheriff",2007,2006-10-01,2007-09-30,,,FALSE,TRUE,39.407135,-77.375224,"110 Airport Drive East Frederick, MD 21701","Frederick County Sheriff Office*","ICE 287(g) identification/removal statistics FY2006-2013 (FOIA)"
"MARYLAND","Frederick County Sheriff Office","Frederick County Sheriff",2008,2007-10-01,2008-09-30,194,118,TRUE,TRUE,39.407135,-77.375224,"110 Airport Drive East Frederick, MD 21701","Frederick County Sheriff Office*","ICE 287(g) identification/removal statistics FY2006-2013 (FOIA)"
"MARYLAND","Frederick County Sheriff Office","Frederick County Sheriff",2009,2008-10-01,2009-09-30,304,180,TRUE,TRUE,39.407135,-77.375224,"110 Airport Drive East Frederick, MD 21701","Frederick County Sheriff Office*","ICE 287(g) identification/removal statistics FY2006-2013 (FOIA)"
"MARYLAND","Frederick County Sheriff Office","Frederick County Sheriff",2010,2009-10-01,2010-09-30,240,70,TRUE,TRUE,39.407135,-77.375224,"110 Airport Drive East Frederick, MD 21701","Frederick County Sheriff Office*","ICE 287(g) identification/removal statistics FY2006-2013 (FOIA)"
"MARYLAND","Frederick County Sheriff Office","Frederick County Sheriff",2011,2010-10-01,2011-09-30,183,93,TRUE,TRUE,39.407135,-77.375224,"110 Airport Drive East Frederick, MD 21701","Frederick County Sheriff Office*","ICE 287(g) identification/removal statistics FY2006-2013 (FOIA)"
"MARYLAND","Frederick County Sheriff Office","Frederick County Sheriff",2012,2011-10-01,2012-09-30,138,43,TRUE,TRUE,39.407135,-77.375224,"110 Airport Drive East Frederick, MD 21701","Frederick County Sheriff Office*","ICE 287(g) identification/removal statistics FY2006-2013 (FOIA)"
"MARYLAND","Frederick County Sheriff Office","Frederick County Sheriff",2013,2012-10-01,2013-09-30,65,54,TRUE,TRUE,39.407135,-77.375224,"110 Airport Drive East Frederick, MD 21701","Frederick County Sheriff Office*","ICE 287(g) identification/removal statistics FY2006-2013 (FOIA)"
"MASSACHUSETTS","MA Department of Corrections","Mass. Dept. of Corrections",2006,2005-10-01,2006-09-30,,,FALSE,FALSE,42.129408,-71.484035,"50 Maple Street, Suite 3 Milford, MA 01757","MA Department of Corrections","ICE 287(g) identification/removal statistics FY2006-2013 (FOIA)"
"MASSACHUSETTS","MA Department of Corrections","Mass. Dept. of Corrections",2007,2006-10-01,2007-09-30,,,FALSE,FALSE,42.129408,-71.484035,"50 Maple Street, Suite 3 Milford, MA 01757","MA Department of Corrections","ICE 287(g) identification/removal statistics FY2006-2013 (FOIA)"
"MASSACHUSETTS","MA Department of Corrections","Mass. Dept. of Corrections",2008,2007-10-01,2008-09-30,77,22,TRUE,FALSE,42.129408,-71.484035,"50 Maple Street, Suite 3 Milford, MA 01757","MA Department of Corrections","ICE 287(g) identification/removal statistics FY2006-2013 (FOIA)"
"MASSACHUSETTS","MA Department of Corrections","Mass. Dept. of Corrections",2009,2008-10-01,2009-09-30,77,14,TRUE,FALSE,42.129408,-71.484035,"50 Maple Street, Suite 3 Milford, MA 01757","MA Department of Corrections","ICE 287(g) identification/removal statistics FY2006-2013 (FOIA)"
"MASSACHUSETTS","MA Department of Corrections","Mass. Dept. of Corrections",2010,2009-10-01,2010-09-30,42,2,TRUE,FALSE,42.129408,-71.484035,"50 Maple Street, Suite 3 Milford, MA 01757","MA Department of Corrections","ICE 287(g) identification/removal statistics FY2006-2013 (FOIA)"
"MASSACHUSETTS","MA Department of Corrections","Mass. Dept. of Corrections",2011,2010-10-01,2011-09-30,45,7,TRUE,FALSE,42.129408,-71.484035,"50 Maple Street, Suite 3 Milford, MA 01757","MA Department of Corrections","ICE 287(g) identification/removal statistics FY2006-2013 (FOIA)"
"MASSACHUSETTS","MA Department of Corrections","Mass. Dept. of Corrections",2012,2011-10-01,2012-09-30,18,0,TRUE,FALSE,42.129408,-71.484035,"50 Maple Street, Suite 3 Milford, MA 01757","MA Department of Corrections","ICE 287(g) identification/removal statistics FY2006-2013 (FOIA)"
"MASSACHUSETTS","MA Department of Corrections","Mass. Dept. of Corrections",2013,2012-10-01,2013-09-30,6,18,TRUE,FALSE,42.129408,-71.484035,"50 Maple Street, Suite 3 Milford, MA 01757","MA Department of Corrections","ICE 287(g) identification/removal statistics FY2006-2013 (FOIA)"
"MINNESOTA","MN Department of Public Safety","Minn. Dept. of Public Safety",2006,2005-10-01,2006-09-30,,,FALSE,FALSE,44.948483,-93.094304,"445 Minnesota Street Saint Paul MN 55101-5155","MN Department of Public Safety","ICE 287(g) identification/removal statistics FY2006-2013 (FOIA)"
"MINNESOTA","MN Department of Public Safety","Minn. Dept. of Public Safety",2007,2006-10-01,2007-09-30,,,FALSE,FALSE,44.948483,-93.094304,"445 Minnesota Street Saint Paul MN 55101-5155","MN Department of Public Safety","ICE 287(g) identification/removal statistics FY2006-2013 (FOIA)"
"MINNESOTA","MN Department of Public Safety","Minn. Dept. of Public Safety",2008,2007-10-01,2008-09-30,,,FALSE,FALSE,44.948483,-93.094304,"445 Minnesota Street Saint Paul MN 55101-5155","MN Department of Public Safety","ICE 287(g) identification/removal statistics FY2006-2013 (FOIA)"
"MINNESOTA","MN Department of Public Safety","Minn. Dept. of Public Safety",2009,2008-10-01,2009-09-30,6,1,TRUE,FALSE,44.948483,-93.094304,"445 Minnesota Street Saint Paul MN 55101-5155","MN Department of Public Safety","ICE 287(g) identification/removal statistics FY2006-2013 (FOIA)"
"MINNESOTA","MN Department of Public Safety","Minn. Dept. of Public Safety",2010,2009-10-01,2010-09-30,18,11,TRUE,FALSE,44.948483,-93.094304,"445 Minnesota Street Saint Paul MN 55101-5155","MN Department of Public Safety","ICE 287(g) identification/removal statistics FY2006-2013 (FOIA)"
"MINNESOTA","MN Department of Public Safety","Minn. Dept. of Public Safety",2011,2010-10-01,2011-09-30,5,5,TRUE,FALSE,44.948483,-93.094304,"445 Minnesota Street Saint Paul MN 55101-5155","MN Department of Public Safety","ICE 287(g) identification/removal statistics FY2006-2013 (FOIA)"
"MINNESOTA","MN Department of Public Safety","Minn. Dept. of Public Safety",2012,2011-10-01,2012-09-30,2,1,TRUE,FALSE,44.948483,-93.094304,"445 Minnesota Street Saint Paul MN 55101-5155","MN Department of Public Safety","ICE 287(g) identification/removal statistics FY2006-2013 (FOIA)"
"MINNESOTA","MN Department of Public Safety","Minn. Dept. of Public Safety",2013,2012-10-01,2013-09-30,0,0,FALSE,FALSE,44.948483,-93.094304,"445 Minnesota Street Saint Paul MN 55101-5155","MN Department of Public Safety","ICE 287(g) identification/removal statistics FY2006-2013 (FOIA)"
"MISSOURI","MO State Highway Patrol","Mo. State Highway Patrol",2006,2005-10-01,2006-09-30,,,FALSE,FALSE,38.558053,-92.15772,"1510 East Elm Street Jefferson City, MO 65101","MO State Highway Patrol","ICE 287(g) identification/removal statistics FY2006-2013 (FOIA)"
"MISSOURI","MO State Highway Patrol","Mo. State Highway Patrol",2007,2006-10-01,2007-09-30,,,FALSE,FALSE,38.558053,-92.15772,"1510 East Elm Street Jefferson City, MO 65101","MO State Highway Patrol","ICE 287(g) identification/removal statistics FY2006-2013 (FOIA)"
"MISSOURI","MO State Highway Patrol","Mo. State Highway Patrol",2008,2007-10-01,2008-09-30,2,2,TRUE,FALSE,38.558053,-92.15772,"1510 East Elm Street Jefferson City, MO 65101","MO State Highway Patrol","ICE 287(g) identification/removal statistics FY2006-2013 (FOIA)"
"MISSOURI","MO State Highway Patrol","Mo. State Highway Patrol",2009,2008-10-01,2009-09-30,4,2,TRUE,FALSE,38.558053,-92.15772,"1510 East Elm Street Jefferson City, MO 65101","MO State Highway Patrol","ICE 287(g) identification/removal statistics FY2006-2013 (FOIA)"
"MISSOURI","MO State Highway Patrol","Mo. State Highway Patrol",2010,2009-10-01,2010-09-30,2,,TRUE,FALSE,38.558053,-92.15772,"1510 East Elm Street Jefferson City, MO 65101","MO State Highway Patrol","ICE 287(g) identification/removal statistics FY2006-2013 (FOIA)"
"MISSOURI","MO State Highway Patrol","Mo. State Highway Patrol",2011,2010-10-01,2011-09-30,0,0,FALSE,FALSE,38.558053,-92.15772,"1510 East Elm Street Jefferson City, MO 65101","MO State Highway Patrol","ICE 287(g) identification/removal statistics FY2006-2013 (FOIA)"
"MISSOURI","MO State Highway Patrol","Mo. State Highway Patrol",2012,2011-10-01,2012-09-30,0,0,FALSE,FALSE,38.558053,-92.15772,"1510 East Elm Street Jefferson City, MO 65101","MO State Highway Patrol","ICE 287(g) identification/removal statistics FY2006-2013 (FOIA)"
"MISSOURI","MO State Highway Patrol","Mo. State Highway Patrol",2013,2012-10-01,2013-09-30,0,0,FALSE,FALSE,38.558053,-92.15772,"1510 East Elm Street Jefferson City, MO 65101","MO State Highway Patrol","ICE 287(g) identification/removal statistics FY2006-2013 (FOIA)"
"NEVADA","Las Vegas Metropolitan Police Dept","Law Vegas Metropolitan Police Dept.",2006,2005-10-01,2006-09-30,,,FALSE,FALSE,36.167979,-115.160911,"400 S. Martin L. King Boulevard Las Vegas, Nevada 89106","Las Vegas Metropolitan Police Dept","ICE 287(g) identification/removal statistics FY2006-2013 (FOIA)"
"NEVADA","Las Vegas Metropolitan Police Dept","Law Vegas Metropolitan Police Dept.",2007,2006-10-01,2007-09-30,,,FALSE,FALSE,36.167979,-115.160911,"400 S. Martin L. King Boulevard Las Vegas, Nevada 89106","Las Vegas Metropolitan Police Dept","ICE 287(g) identification/removal statistics FY2006-2013 (FOIA)"
"NEVADA","Las Vegas Metropolitan Police Dept","Law Vegas Metropolitan Police Dept.",2008,2007-10-01,2008-09-30,,,FALSE,FALSE,36.167979,-115.160911,"400 S. Martin L. King Boulevard Las Vegas, Nevada 89106","Las Vegas Metropolitan Police Dept","ICE 287(g) identification/removal statistics FY2006-2013 (FOIA)"
"NEVADA","Las Vegas Metropolitan Police Dept","Law Vegas Metropolitan Police Dept.",2009,2008-10-01,2009-09-30,1994,1554,TRUE,FALSE,36.167979,-115.160911,"400 S. Martin L. King Boulevard Las Vegas, Nevada 89106","Las Vegas Metropolitan Police Dept","ICE 287(g) identification/removal statistics FY2006-2013 (FOIA)"
"NEVADA","Las Vegas Metropolitan Police Dept","Law Vegas Metropolitan Police Dept.",2010,2009-10-01,2010-09-30,1786,1016,TRUE,FALSE,36.167979,-115.160911,"400 S. Martin L. King Boulevard Las Vegas, Nevada 89106","Las Vegas Metropolitan Police Dept","ICE 287(g) identification/removal statistics FY2006-2013 (FOIA)"
"NEVADA","Las Vegas Metropolitan Police Dept","Law Vegas Metropolitan Police Dept.",2011,2010-10-01,2011-09-30,1636,982,TRUE,FALSE,36.167979,-115.160911,"400 S. Martin L. King Boulevard Las Vegas, Nevada 89106","Las Vegas Metropolitan Police Dept","ICE 287(g) identification/removal statistics FY2006-2013 (FOIA)"
"NEVADA","Las Vegas Metropolitan Police Dept","Law Vegas Metropolitan Police Dept.",2012,2011-10-01,2012-09-30,1427,694,TRUE,FALSE,36.167979,-115.160911,"400 S. Martin L. King Boulevard Las Vegas, Nevada 89106","Las Vegas Metropolitan Police Dept","ICE 287(g) identification/removal statistics FY2006-2013 (FOIA)"
"NEVADA","Las Vegas Metropolitan Police Dept","Law Vegas Metropolitan Police Dept.",2013,2012-10-01,2013-09-30,634,701,TRUE,FALSE,36.167979,-115.160911,"400 S. Martin L. King Boulevard Las Vegas, Nevada 89106","Las Vegas Metropolitan Police Dept","ICE 287(g) identification/removal statistics FY2006-2013 (FOIA)"
"NEW HAMPSHIRE","Hudson City Police Department","Hudson City Police Dept.",2006,2005-10-01,2006-09-30,,,FALSE,FALSE,42.777659,-71.384562,"1 Constitution Dr, Hudson, NH 03051","Hudson City Police Department","ICE 287(g) identification/removal statistics FY2006-2013 (FOIA)"
"NEW HAMPSHIRE","Hudson City Police Department","Hudson City Police Dept.",2007,2006-10-01,2007-09-30,,,FALSE,FALSE,42.777659,-71.384562,"1 Constitution Dr, Hudson, NH 03051","Hudson City Police Department","ICE 287(g) identification/removal statistics FY2006-2013 (FOIA)"
"NEW HAMPSHIRE","Hudson City Police Department","Hudson City Police Dept.",2008,2007-10-01,2008-09-30,5,5,TRUE,FALSE,42.777659,-71.384562,"1 Constitution Dr, Hudson, NH 03051","Hudson City Police Department","ICE 287(g) identification/removal statistics FY2006-2013 (FOIA)"
"NEW HAMPSHIRE","Hudson City Police Department","Hudson City Police Dept.",2009,2008-10-01,2009-09-30,,,FALSE,FALSE,42.777659,-71.384562,"1 Constitution Dr, Hudson, NH 03051","Hudson City Police Department","ICE 287(g) identification/removal statistics FY2006-2013 (FOIA)"
"NEW HAMPSHIRE","Hudson City Police Department","Hudson City Police Dept.",2010,2009-10-01,2010-09-30,1,,TRUE,FALSE,42.777659,-71.384562,"1 Constitution Dr, Hudson, NH 03051","Hudson City Police Department","ICE 287(g) identification/removal statistics FY2006-2013 (FOIA)"
"NEW HAMPSHIRE","Hudson City Police Department","Hudson City Police Dept.",2011,2010-10-01,2011-09-30,0,0,FALSE,FALSE,42.777659,-71.384562,"1 Constitution Dr, Hudson, NH 03051","Hudson City Police Department","ICE 287(g) identification/removal statistics FY2006-2013 (FOIA)"
"NEW HAMPSHIRE","Hudson City Police Department","Hudson City Police Dept.",2012,2011-10-01,2012-09-30,0,0,FALSE,FALSE,42.777659,-71.384562,"1 Constitution Dr, Hudson, NH 03051","Hudson City Police Department","ICE 287(g) identification/removal statistics FY2006-2013 (FOIA)"
"NEW HAMPSHIRE","Hudson City Police Department","Hudson City Police Dept.",2013,2012-10-01,2013-09-30,0,0,FALSE,FALSE,42.777659,-71.384562,"1 Constitution Dr, Hudson, NH 03051","Hudson City Police Department","ICE 287(g) identification/removal statistics FY2006-2013 (FOIA)"
"NEW JERSEY","Hudson County Department of Corrections","Hudson County Dept. of Corrections",2006,2005-10-01,2006-09-30,,,FALSE,FALSE,40.727906,-74.10838,"30-35 Hackensack Ave, Kearny, NJ 07032","Hudson County Department of Corrections","ICE 287(g) identification/removal statistics FY2006-2013 (FOIA)"
"NEW JERSEY","Hudson County Department of Corrections","Hudson County Dept. of Corrections",2007,2006-10-01,2007-09-30,,,FALSE,FALSE,40.727906,-74.10838,"30-35 Hackensack Ave, Kearny, NJ 07032","Hudson County Department of Corrections","ICE 287(g) identification/removal statistics FY2006-2013 (FOIA)"
"NEW JERSEY","Hudson County Department of Corrections","Hudson County Dept. of Corrections",2008,2007-10-01,2008-09-30,,107,TRUE,FALSE,40.727906,-74.10838,"30-35 Hackensack Ave, Kearny, NJ 07032","Hudson County Department of Corrections","ICE 287(g) identification/removal statistics FY2006-2013 (FOIA)"
"NEW JERSEY","Hudson County Department of Corrections","Hudson County Dept. of Corrections",2009,2008-10-01,2009-09-30,151,10,TRUE,FALSE,40.727906,-74.10838,"30-35 Hackensack Ave, Kearny, NJ 07032","Hudson County Department of Corrections","ICE 287(g) identification/removal statistics FY2006-2013 (FOIA)"
"NEW JERSEY","Hudson County Department of Corrections","Hudson County Dept. of Corrections",2010,2009-10-01,2010-09-30,279,128,TRUE,FALSE,40.727906,-74.10838,"30-35 Hackensack Ave, Kearny, NJ 07032","Hudson County Department of Corrections","ICE 287(g) identification/removal statistics FY2006-2013 (FOIA)"
"NEW JERSEY","Hudson County Department of Corrections","Hudson County Dept. of Corrections",2011,2010-10-01,2011-09-30,221,99,TRUE,FALSE,40.727906,-74.10838,"30-35 Hackensack Ave, Kearny, NJ 07032","Hudson County Department of Corrections","ICE 287(g) identification/removal statistics FY2006-2013 (FOIA)"
"NEW JERSEY","Hudson County Department of Corrections","Hudson County Dept. of Corrections",2012,2011-10-01,2012-09-30,175,51,TRUE,FALSE,40.727906,-74.10838,"30-35 Hackensack Ave, Kearny, NJ 07032","Hudson County Department of Corrections","ICE 287(g) identification/removal statistics FY2006-2013 (FOIA)"
"NEW JERSEY","Hudson County Department of Corrections","Hudson County Dept. of Corrections",2013,2012-10-01,2013-09-30,189,65,TRUE,FALSE,40.727906,-74.10838,"30-35 Hackensack Ave, Kearny, NJ 07032","Hudson County Department of Corrections","ICE 287(g) identification/removal statistics FY2006-2013 (FOIA)"
"NEW JERSEY","Monmouth County Sheriff Office","Monmouth County Sheriff",2006,2005-10-01,2006-09-30,,,FALSE,FALSE,40.263587,-74.249737,"2500 Kozloski Road, Freehold, NJ 07728","Monmouth County Sheriff Office","ICE 287(g) identification/removal statistics FY2006-2013 (FOIA)"
"NEW JERSEY","Monmouth County Sheriff Office","Monmouth County Sheriff",2007,2006-10-01,2007-09-30,,,FALSE,FALSE,40.263587,-74.249737,"2500 Kozloski Road, Freehold, NJ 07728","Monmouth County Sheriff Office","ICE 287(g) identification/removal statistics FY2006-2013 (FOIA)"
"NEW JERSEY","Monmouth County Sheriff Office","Monmouth County Sheriff",2008,2007-10-01,2008-09-30,,,FALSE,FALSE,40.263587,-74.249737,"2500 Kozloski Road, Freehold, NJ 07728","Monmouth County Sheriff Office","ICE 287(g) identification/removal statistics FY2006-2013 (FOIA)"
"NEW JERSEY","Monmouth County Sheriff Office","Monmouth County Sheriff",2009,2008-10-01,2009-09-30,,,FALSE,FALSE,40.263587,-74.249737,"2500 Kozloski Road, Freehold, NJ 07728","Monmouth County Sheriff Office","ICE 287(g) identification/removal statistics FY2006-2013 (FOIA)"
"NEW JERSEY","Monmouth County Sheriff Office","Monmouth County Sheriff",2010,2009-10-01,2010-09-30,107,41,TRUE,FALSE,40.263587,-74.249737,"2500 Kozloski Road, Freehold, NJ 07728","Monmouth County Sheriff Office","ICE 287(g) identification/removal statistics FY2006-2013 (FOIA)"
"NEW JERSEY","Monmouth County Sheriff Office","Monmouth County Sheriff",2011,2010-10-01,2011-09-30,123,55,TRUE,FALSE,40.263587,-74.249737,"2500 Kozloski Road, Freehold, NJ 07728","Monmouth County Sheriff Office","ICE 287(g) identification/removal statistics FY2006-2013 (FOIA)"
"NEW JERSEY","Monmouth County Sheriff Office","Monmouth County Sheriff",2012,2011-10-01,2012-09-30,54,9,TRUE,FALSE,40.263587,-74.249737,"2500 Kozloski Road, Freehold, NJ 07728","Monmouth County Sheriff Office","ICE 287(g) identification/removal statistics FY2006-2013 (FOIA)"
"NEW JERSEY","Monmouth County Sheriff Office","Monmouth County Sheriff",2013,2012-10-01,2013-09-30,49,31,TRUE,FALSE,40.263587,-74.249737,"2500 Kozloski Road, Freehold, NJ 07728","Monmouth County Sheriff Office","ICE 287(g) identification/removal statistics FY2006-2013 (FOIA)"
"NEW MEXICO","NM Corrections Department","N.M. Corrections Dept.",2006,2005-10-01,2006-09-30,,,FALSE,FALSE,35.564291,-106.053737,"4337 NM 14, Santa Fe NM 87508","NM Corrections Department","ICE 287(g) identification/removal statistics FY2006-2013 (FOIA)"
"NEW MEXICO","NM Corrections Department","N.M. Corrections Dept.",2007,2006-10-01,2007-09-30,,,FALSE,FALSE,35.564291,-106.053737,"4337 NM 14, Santa Fe NM 87508","NM Corrections Department","ICE 287(g) identification/removal statistics FY2006-2013 (FOIA)"
"NEW MEXICO","NM Corrections Department","N.M. Corrections Dept.",2008,2007-10-01,2008-09-30,5,3,TRUE,FALSE,35.564291,-106.053737,"4337 NM 14, Santa Fe NM 87508","NM Corrections Department","ICE 287(g) identification/removal statistics FY2006-2013 (FOIA)"
"NEW MEXICO","NM Corrections Department","N.M. Corrections Dept.",2009,2008-10-01,2009-09-30,,,FALSE,FALSE,35.564291,-106.053737,"4337 NM 14, Santa Fe NM 87508","NM Corrections Department","ICE 287(g) identification/removal statistics FY2006-2013 (FOIA)"
"NEW MEXICO","NM Corrections Department","N.M. Corrections Dept.",2010,2009-10-01,2010-09-30,1,,TRUE,FALSE,35.564291,-106.053737,"4337 NM 14, Santa Fe NM 87508","NM Corrections Department","ICE 287(g) identification/removal statistics FY2006-2013 (FOIA)"
"NEW MEXICO","NM Corrections Department","N.M. Corrections Dept.",2011,2010-10-01,2011-09-30,17,3,TRUE,FALSE,35.564291,-106.053737,"4337 NM 14, Santa Fe NM 87508","NM Corrections Department","ICE 287(g) identification/removal statistics FY2006-2013 (FOIA)"
"NEW MEXICO","NM Corrections Department","N.M. Corrections Dept.",2012,2011-10-01,2012-09-30,0,0,FALSE,FALSE,35.564291,-106.053737,"4337 NM 14, Santa Fe NM 87508","NM Corrections Department","ICE 287(g) identification/removal statistics FY2006-2013 (FOIA)"
"NEW MEXICO","NM Corrections Department","N.M. Corrections Dept.",2013,2012-10-01,2013-09-30,0,2,TRUE,FALSE,35.564291,-106.053737,"4337 NM 14, Santa Fe NM 87508","NM Corrections Department","ICE 287(g) identification/removal statistics FY2006-2013 (FOIA)"
"NORTH CAROLINA","Alamance County Sheriff Office","Alamance County Sheriff",2006,2005-10-01,2006-09-30,,,FALSE,FALSE,36.068548,-79.402697,"109 S Maple St, Graham, NC 27253","Alamance County Sheriff Office","ICE 287(g) identification/removal statistics FY2006-2013 (FOIA)"
"NORTH CAROLINA","Alamance County Sheriff Office","Alamance County Sheriff",2007,2006-10-01,2007-09-30,299,238,TRUE,FALSE,36.068548,-79.402697,"109 S Maple St, Graham, NC 27253","Alamance County Sheriff Office","ICE 287(g) identification/removal statistics FY2006-2013 (FOIA)"
"NORTH CAROLINA","Alamance County Sheriff Office","Alamance County Sheriff",2008,2007-10-01,2008-09-30,522,432,TRUE,FALSE,36.068548,-79.402697,"109 S Maple St, Graham, NC 27253","Alamance County Sheriff Office","ICE 287(g) identification/removal statistics FY2006-2013 (FOIA)"
"NORTH CAROLINA","Alamance County Sheriff Office","Alamance County Sheriff",2009,2008-10-01,2009-09-30,390,239,TRUE,FALSE,36.068548,-79.402697,"109 S Maple St, Graham, NC 27253","Alamance County Sheriff Office","ICE 287(g) identification/removal statistics FY2006-2013 (FOIA)"
"NORTH CAROLINA","Alamance County Sheriff Office","Alamance County Sheriff",2010,2009-10-01,2010-09-30,293,137,TRUE,FALSE,36.068548,-79.402697,"109 S Maple St, Graham, NC 27253","Alamance County Sheriff Office","ICE 287(g) identification/removal statistics FY2006-2013 (FOIA)"
"NORTH CAROLINA","Alamance County Sheriff Office","Alamance County Sheriff",2011,2010-10-01,2011-09-30,272,159,TRUE,FALSE,36.068548,-79.402697,"109 S Maple St, Graham, NC 27253","Alamance County Sheriff Office","ICE 287(g) identification/removal statistics FY2006-2013 (FOIA)"
"NORTH CAROLINA","Alamance County Sheriff Office","Alamance County Sheriff",2012,2011-10-01,2012-09-30,280,97,TRUE,FALSE,36.068548,-79.402697,"109 S Maple St, Graham, NC 27253","Alamance County Sheriff Office","ICE 287(g) identification/removal statistics FY2006-2013 (FOIA)"
"NORTH CAROLINA","Alamance County Sheriff Office","Alamance County Sheriff",2013,2012-10-01,2013-09-30,0,52,TRUE,FALSE,36.068548,-79.402697,"109 S Maple St, Graham, NC 27253","Alamance County Sheriff Office","ICE 287(g) identification/removal statistics FY2006-2013 (FOIA)"
"NORTH CAROLINA","Cabarrus County Sheriff Office","Cabarrus County Sheriff",2006,2005-10-01,2006-09-30,,,FALSE,FALSE,35.408865,-80.577753,"30 Corban Ave SE, Concord, NC 28025","Cabarrus County Sheriff Office","ICE 287(g) identification/removal statistics FY2006-2013 (FOIA)"
"NORTH CAROLINA","Cabarrus County Sheriff Office","Cabarrus County Sheriff",2007,2006-10-01,2007-09-30,,,FALSE,FALSE,35.408865,-80.577753,"30 Corban Ave SE, Concord, NC 28025","Cabarrus County Sheriff Office","ICE 287(g) identification/removal statistics FY2006-2013 (FOIA)"
"NORTH CAROLINA","Cabarrus County Sheriff Office","Cabarrus County Sheriff",2008,2007-10-01,2008-09-30,221,188,TRUE,FALSE,35.408865,-80.577753,"30 Corban Ave SE, Concord, NC 28025","Cabarrus County Sheriff Office","ICE 287(g) identification/removal statistics FY2006-2013 (FOIA)"
"NORTH CAROLINA","Cabarrus County Sheriff Office","Cabarrus County Sheriff",2009,2008-10-01,2009-09-30,301,211,TRUE,FALSE,35.408865,-80.577753,"30 Corban Ave SE, Concord, NC 28025","Cabarrus County Sheriff Office","ICE 287(g) identification/removal statistics FY2006-2013 (FOIA)"
"NORTH CAROLINA","Cabarrus County Sheriff Office","Cabarrus County Sheriff",2010,2009-10-01,2010-09-30,218,130,TRUE,FALSE,35.408865,-80.577753,"30 Corban Ave SE, Concord, NC 28025","Cabarrus County Sheriff Office","ICE 287(g) identification/removal statistics FY2006-2013 (FOIA)"
"NORTH CAROLINA","Cabarrus County Sheriff Office","Cabarrus County Sheriff",2011,2010-10-01,2011-09-30,135,96,TRUE,FALSE,35.408865,-80.577753,"30 Corban Ave SE, Concord, NC 28025","Cabarrus County Sheriff Office","ICE 287(g) identification/removal statistics FY2006-2013 (FOIA)"
"NORTH CAROLINA","Cabarrus County Sheriff Office","Cabarrus County Sheriff",2012,2011-10-01,2012-09-30,137,59,TRUE,FALSE,35.408865,-80.577753,"30 Corban Ave SE, Concord, NC 28025","Cabarrus County Sheriff Office","ICE 287(g) identification/removal statistics FY2006-2013 (FOIA)"
"NORTH CAROLINA","Cabarrus County Sheriff Office","Cabarrus County Sheriff",2013,2012-10-01,2013-09-30,86,63,TRUE,FALSE,35.408865,-80.577753,"30 Corban Ave SE, Concord, NC 28025","Cabarrus County Sheriff Office","ICE 287(g) identification/removal statistics FY2006-2013 (FOIA)"
"NORTH CAROLINA","Cumberland County Sheriff Office","Cumberland County Sheriff",2006,2005-10-01,2006-09-30,,,FALSE,FALSE,35.050439,-78.876917,"131 Dick St, Fayetteville, NC 28301","Cumberland County Sheriff Office","ICE 287(g) identification/removal statistics FY2006-2013 (FOIA)"
"NORTH CAROLINA","Cumberland County Sheriff Office","Cumberland County Sheriff",2007,2006-10-01,2007-09-30,,,FALSE,FALSE,35.050439,-78.876917,"131 Dick St, Fayetteville, NC 28301","Cumberland County Sheriff Office","ICE 287(g) identification/removal statistics FY2006-2013 (FOIA)"
"NORTH CAROLINA","Cumberland County Sheriff Office","Cumberland County Sheriff",2008,2007-10-01,2008-09-30,27,16,TRUE,FALSE,35.050439,-78.876917,"131 Dick St, Fayetteville, NC 28301","Cumberland County Sheriff Office","ICE 287(g) identification/removal statistics FY2006-2013 (FOIA)"
"NORTH CAROLINA","Cumberland County Sheriff Office","Cumberland County Sheriff",2009,2008-10-01,2009-09-30,104,69,TRUE,FALSE,35.050439,-78.876917,"131 Dick St, Fayetteville, NC 28301","Cumberland County Sheriff Office","ICE 287(g) identification/removal statistics FY2006-2013 (FOIA)"
"NORTH CAROLINA","Cumberland County Sheriff Office","Cumberland County Sheriff",2010,2009-10-01,2010-09-30,7,2,TRUE,FALSE,35.050439,-78.876917,"131 Dick St, Fayetteville, NC 28301","Cumberland County Sheriff Office","ICE 287(g) identification/removal statistics FY2006-2013 (FOIA)"
"NORTH CAROLINA","Cumberland County Sheriff Office","Cumberland County Sheriff",2011,2010-10-01,2011-09-30,0,0,FALSE,FALSE,35.050439,-78.876917,"131 Dick St, Fayetteville, NC 28301","Cumberland County Sheriff Office","ICE 287(g) identification/removal statistics FY2006-2013 (FOIA)"
"NORTH CAROLINA","Cumberland County Sheriff Office","Cumberland County Sheriff",2012,2011-10-01,2012-09-30,0,0,FALSE,FALSE,35.050439,-78.876917,"131 Dick St, Fayetteville, NC 28301","Cumberland County Sheriff Office","ICE 287(g) identification/removal statistics FY2006-2013 (FOIA)"
"NORTH CAROLINA","Cumberland County Sheriff Office","Cumberland County Sheriff",2013,2012-10-01,2013-09-30,0,0,FALSE,FALSE,35.050439,-78.876917,"131 Dick St, Fayetteville, NC 28301","Cumberland County Sheriff Office","ICE 287(g) identification/removal statistics FY2006-2013 (FOIA)"
"NORTH CAROLINA","Durham Police Department","Durham Police Dept.",2006,2005-10-01,2006-09-30,,,FALSE,FALSE,35.996081,-78.899258,"101 City Hall Plaza, Durham, NC 27701","Durham Police Department","ICE 287(g) identification/removal statistics FY2006-2013 (FOIA)"
"NORTH CAROLINA","Durham Police Department","Durham Police Dept.",2007,2006-10-01,2007-09-30,,,FALSE,FALSE,35.996081,-78.899258,"101 City Hall Plaza, Durham, NC 27701","Durham Police Department","ICE 287(g) identification/removal statistics FY2006-2013 (FOIA)"
"NORTH CAROLINA","Durham Police Department","Durham Police Dept.",2008,2007-10-01,2008-09-30,33,24,TRUE,FALSE,35.996081,-78.899258,"101 City Hall Plaza, Durham, NC 27701","Durham Police Department","ICE 287(g) identification/removal statistics FY2006-2013 (FOIA)"
"NORTH CAROLINA","Durham Police Department","Durham Police Dept.",2009,2008-10-01,2009-09-30,27,17,TRUE,FALSE,35.996081,-78.899258,"101 City Hall Plaza, Durham, NC 27701","Durham Police Department","ICE 287(g) identification/removal statistics FY2006-2013 (FOIA)"
"NORTH CAROLINA","Durham Police Department","Durham Police Dept.",2010,2009-10-01,2010-09-30,44,14,TRUE,FALSE,35.996081,-78.899258,"101 City Hall Plaza, Durham, NC 27701","Durham Police Department","ICE 287(g) identification/removal statistics FY2006-2013 (FOIA)"
"NORTH CAROLINA","Durham Police Department","Durham Police Dept.",2011,2010-10-01,2011-09-30,28,12,TRUE,FALSE,35.996081,-78.899258,"101 City Hall Plaza, Durham, NC 27701","Durham Police Department","ICE 287(g) identification/removal statistics FY2006-2013 (FOIA)"
"NORTH CAROLINA","Durham Police Department","Durham Police Dept.",2012,2011-10-01,2012-09-30,11,6,TRUE,FALSE,35.996081,-78.899258,"101 City Hall Plaza, Durham, NC 27701","Durham Police Department","ICE 287(g) identification/removal statistics FY2006-2013 (FOIA)"
"NORTH CAROLINA","Durham Police Department","Durham Police Dept.",2013,2012-10-01,2013-09-30,2,3,TRUE,FALSE,35.996081,-78.899258,"101 City Hall Plaza, Durham, NC 27701","Durham Police Department","ICE 287(g) identification/removal statistics FY2006-2013 (FOIA)"
"NORTH CAROLINA","Gaston County Sheriff Office","Gaston County Sheriff",2006,2005-10-01,2006-09-30,,,FALSE,FALSE,35.267449,-81.183774,"425 Dr. Martin Luther King Jr. Way, Gastonia, NC 28052","Gaston County Sheriff Office","ICE 287(g) identification/removal statistics FY2006-2013 (FOIA)"
"NORTH CAROLINA","Gaston County Sheriff Office","Gaston County Sheriff",2007,2006-10-01,2007-09-30,194,124,TRUE,FALSE,35.267449,-81.183774,"425 Dr. Martin Luther King Jr. Way, Gastonia, NC 28052","Gaston County Sheriff Office","ICE 287(g) identification/removal statistics FY2006-2013 (FOIA)"
"NORTH CAROLINA","Gaston County Sheriff Office","Gaston County Sheriff",2008,2007-10-01,2008-09-30,402,345,TRUE,FALSE,35.267449,-81.183774,"425 Dr. Martin Luther King Jr. Way, Gastonia, NC 28052","Gaston County Sheriff Office","ICE 287(g) identification/removal statistics FY2006-2013 (FOIA)"
"NORTH CAROLINA","Gaston County Sheriff Office","Gaston County Sheriff",2009,2008-10-01,2009-09-30,353,258,TRUE,FALSE,35.267449,-81.183774,"425 Dr. Martin Luther King Jr. Way, Gastonia, NC 28052","Gaston County Sheriff Office","ICE 287(g) identification/removal statistics FY2006-2013 (FOIA)"
"NORTH CAROLINA","Gaston County Sheriff Office","Gaston County Sheriff",2010,2009-10-01,2010-09-30,324,184,TRUE,FALSE,35.267449,-81.183774,"425 Dr. Martin Luther King Jr. Way, Gastonia, NC 28052","Gaston County Sheriff Office","ICE 287(g) identification/removal statistics FY2006-2013 (FOIA)"
"NORTH CAROLINA","Gaston County Sheriff Office","Gaston County Sheriff",2011,2010-10-01,2011-09-30,247,161,TRUE,FALSE,35.267449,-81.183774,"425 Dr. Martin Luther King Jr. Way, Gastonia, NC 28052","Gaston County Sheriff Office","ICE 287(g) identification/removal statistics FY2006-2013 (FOIA)"
"NORTH CAROLINA","Gaston County Sheriff Office","Gaston County Sheriff",2012,2011-10-01,2012-09-30,208,67,TRUE,FALSE,35.267449,-81.183774,"425 Dr. Martin Luther King Jr. Way, Gastonia, NC 28052","Gaston County Sheriff Office","ICE 287(g) identification/removal statistics FY2006-2013 (FOIA)"
"NORTH CAROLINA","Gaston County Sheriff Office","Gaston County Sheriff",2013,2012-10-01,2013-09-30,98,85,TRUE,FALSE,35.267449,-81.183774,"425 Dr. Martin Luther King Jr. Way, Gastonia, NC 28052","Gaston County Sheriff Office","ICE 287(g) identification/removal statistics FY2006-2013 (FOIA)"
"NORTH CAROLINA","Guilford County Sheriff Office","Gilford County Sheriff",2006,2005-10-01,2006-09-30,,,FALSE,FALSE,36.0709,-79.794527,"400 W Washington St, Greensboro, NC 27401","Guilford County Sheriff Office","ICE 287(g) identification/removal statistics FY2006-2013 (FOIA)"
"NORTH CAROLINA","Guilford County Sheriff Office","Gilford County Sheriff",2007,2006-10-01,2007-09-30,,,FALSE,FALSE,36.0709,-79.794527,"400 W Washington St, Greensboro, NC 27401","Guilford County Sheriff Office","ICE 287(g) identification/removal statistics FY2006-2013 (FOIA)"
"NORTH CAROLINA","Guilford County Sheriff Office","Gilford County Sheriff",2008,2007-10-01,2008-09-30,,,FALSE,FALSE,36.0709,-79.794527,"400 W Washington St, Greensboro, NC 27401","Guilford County Sheriff Office","ICE 287(g) identification/removal statistics FY2006-2013 (FOIA)"
"NORTH CAROLINA","Guilford County Sheriff Office","Gilford County Sheriff",2009,2008-10-01,2009-09-30,,,FALSE,FALSE,36.0709,-79.794527,"400 W Washington St, Greensboro, NC 27401","Guilford County Sheriff Office","ICE 287(g) identification/removal statistics FY2006-2013 (FOIA)"
"NORTH CAROLINA","Guilford County Sheriff Office","Gilford County Sheriff",2010,2009-10-01,2010-09-30,8,1,TRUE,FALSE,36.0709,-79.794527,"400 W Washington St, Greensboro, NC 27401","Guilford County Sheriff Office","ICE 287(g) identification/removal statistics FY2006-2013 (FOIA)"
"NORTH CAROLINA","Guilford County Sheriff Office","Gilford County Sheriff",2011,2010-10-01,2011-09-30,1,1,TRUE,FALSE,36.0709,-79.794527,"400 W Washington St, Greensboro, NC 27401","Guilford County Sheriff Office","ICE 287(g) identification/removal statistics FY2006-2013 (FOIA)"
"NORTH CAROLINA","Guilford County Sheriff Office","Gilford County Sheriff",2012,2011-10-01,2012-09-30,0,0,FALSE,FALSE,36.0709,-79.794527,"400 W Washington St, Greensboro, NC 27401","Guilford County Sheriff Office","ICE 287(g) identification/removal statistics FY2006-2013 (FOIA)"
"NORTH CAROLINA","Guilford County Sheriff Office","Gilford County Sheriff",2013,2012-10-01,2013-09-30,0,0,FALSE,FALSE,36.0709,-79.794527,"400 W Washington St, Greensboro, NC 27401","Guilford County Sheriff Office","ICE 287(g) identification/removal statistics FY2006-2013 (FOIA)"
"NORTH CAROLINA","Henderson County Sheriff Office","Henderson County Sheriff",2006,2005-10-01,2006-09-30,,,FALSE,FALSE,35.315198,-82.456697,"100 North Grove Street Hendersonville, NC 28792","Henderson County Sheriff Office","ICE 287(g) identification/removal statistics FY2006-2013 (FOIA)"
"NORTH CAROLINA","Henderson County Sheriff Office","Henderson County Sheriff",2007,2006-10-01,2007-09-30,,,FALSE,FALSE,35.315198,-82.456697,"100 North Grove Street Hendersonville, NC 28792","Henderson County Sheriff Office","ICE 287(g) identification/removal statistics FY2006-2013 (FOIA)"
"NORTH CAROLINA","Henderson County Sheriff Office","Henderson County Sheriff",2008,2007-10-01,2008-09-30,104,75,TRUE,FALSE,35.315198,-82.456697,"100 North Grove Street Hendersonville, NC 28792","Henderson County Sheriff Office","ICE 287(g) identification/removal statistics FY2006-2013 (FOIA)"
"NORTH CAROLINA","Henderson County Sheriff Office","Henderson County Sheriff",2009,2008-10-01,2009-09-30,556,466,TRUE,FALSE,35.315198,-82.456697,"100 North Grove Street Hendersonville, NC 28792","Henderson County Sheriff Office","ICE 287(g) identification/removal statistics FY2006-2013 (FOIA)"
"NORTH CAROLINA","Henderson County Sheriff Office","Henderson County Sheriff",2010,2009-10-01,2010-09-30,241,169,TRUE,FALSE,35.315198,-82.456697,"100 North Grove Street Hendersonville, NC 28792","Henderson County Sheriff Office","ICE 287(g) identification/removal statistics FY2006-2013 (FOIA)"
"NORTH CAROLINA","Henderson County Sheriff Office","Henderson County Sheriff",2011,2010-10-01,2011-09-30,167,121,TRUE,FALSE,35.315198,-82.456697,"100 North Grove Street Hendersonville, NC 28792","Henderson County Sheriff Office","ICE 287(g) identification/removal statistics FY2006-2013 (FOIA)"
"NORTH CAROLINA","Henderson County Sheriff Office","Henderson County Sheriff",2012,2011-10-01,2012-09-30,140,65,TRUE,FALSE,35.315198,-82.456697,"100 North Grove Street Hendersonville, NC 28792","Henderson County Sheriff Office","ICE 287(g) identification/removal statistics FY2006-2013 (FOIA)"
"NORTH CAROLINA","Henderson County Sheriff Office","Henderson County Sheriff",2013,2012-10-01,2013-09-30,82,71,TRUE,FALSE,35.315198,-82.456697,"100 North Grove Street Hendersonville, NC 28792","Henderson County Sheriff Office","ICE 287(g) identification/removal statistics FY2006-2013 (FOIA)"
"NORTH CAROLINA","Mecklenburg County Sheriff Office","Mecklenburg County Sheriff",2006,2005-10-01,2006-09-30,516,319,TRUE,FALSE,35.220722,-80.838583,"700 E. 4th St. Charlotte, NC 28202","Mecklenburg County Sheriff Office","ICE 287(g) identification/removal statistics FY2006-2013 (FOIA)"
"NORTH CAROLINA","Mecklenburg County Sheriff Office","Mecklenburg County Sheriff",2007,2006-10-01,2007-09-30,2201,1474,TRUE,FALSE,35.220722,-80.838583,"700 E. 4th St. Charlotte, NC 28202","Mecklenburg County Sheriff Office","ICE 287(g) identification/removal statistics FY2006-2013 (FOIA)"
"NORTH CAROLINA","Mecklenburg County Sheriff Office","Mecklenburg County Sheriff",2008,2007-10-01,2008-09-30,2212,1866,TRUE,FALSE,35.220722,-80.838583,"700 E. 4th St. Charlotte, NC 28202","Mecklenburg County Sheriff Office","ICE 287(g) identification/removal statistics FY2006-2013 (FOIA)"
"NORTH CAROLINA","Mecklenburg County Sheriff Office","Mecklenburg County Sheriff",2009,2008-10-01,2009-09-30,2512,1813,TRUE,FALSE,35.220722,-80.838583,"700 E. 4th St. Charlotte, NC 28202","Mecklenburg County Sheriff Office","ICE 287(g) identification/removal statistics FY2006-2013 (FOIA)"
"NORTH CAROLINA","Mecklenburg County Sheriff Office","Mecklenburg County Sheriff",2010,2009-10-01,2010-09-30,2037,1142,TRUE,FALSE,35.220722,-80.838583,"700 E. 4th St. Charlotte, NC 28202","Mecklenburg County Sheriff Office","ICE 287(g) identification/removal statistics FY2006-2013 (FOIA)"
"NORTH CAROLINA","Mecklenburg County Sheriff Office","Mecklenburg County Sheriff",2011,2010-10-01,2011-09-30,1524,956,TRUE,FALSE,35.220722,-80.838583,"700 E. 4th St. Charlotte, NC 28202","Mecklenburg County Sheriff Office","ICE 287(g) identification/removal statistics FY2006-2013 (FOIA)"
"NORTH CAROLINA","Mecklenburg County Sheriff Office","Mecklenburg County Sheriff",2012,2011-10-01,2012-09-30,1063,434,TRUE,FALSE,35.220722,-80.838583,"700 E. 4th St. Charlotte, NC 28202","Mecklenburg County Sheriff Office","ICE 287(g) identification/removal statistics FY2006-2013 (FOIA)"
"NORTH CAROLINA","Mecklenburg County Sheriff Office","Mecklenburg County Sheriff",2013,2012-10-01,2013-09-30,626,444,TRUE,FALSE,35.220722,-80.838583,"700 E. 4th St. Charlotte, NC 28202","Mecklenburg County Sheriff Office","ICE 287(g) identification/removal statistics FY2006-2013 (FOIA)"
"NORTH CAROLINA","Wake County Sheriff Office","Wake County Sheriff",2006,2005-10-01,2006-09-30,,,FALSE,FALSE,35.775997,-78.640898,"330 S. Salisbury St. Raleigh, NC 27602","Wake County Sheriff Office","ICE 287(g) identification/removal statistics FY2006-2013 (FOIA)"
"NORTH CAROLINA","Wake County Sheriff Office","Wake County Sheriff",2007,2006-10-01,2007-09-30,,,FALSE,FALSE,35.775997,-78.640898,"330 S. Salisbury St. Raleigh, NC 27602","Wake County Sheriff Office","ICE 287(g) identification/removal statistics FY2006-2013 (FOIA)"
"NORTH CAROLINA","Wake County Sheriff Office","Wake County Sheriff",2008,2007-10-01,2008-09-30,540,352,TRUE,FALSE,35.775997,-78.640898,"330 S. Salisbury St. Raleigh, NC 27602","Wake County Sheriff Office","ICE 287(g) identification/removal statistics FY2006-2013 (FOIA)"
"NORTH CAROLINA","Wake County Sheriff Office","Wake County Sheriff",2009,2008-10-01,2009-09-30,2223,1546,TRUE,FALSE,35.775997,-78.640898,"330 S. Salisbury St. Raleigh, NC 27602","Wake County Sheriff Office","ICE 287(g) identification/removal statistics FY2006-2013 (FOIA)"
"NORTH CAROLINA","Wake County Sheriff Office","Wake County Sheriff",2010,2009-10-01,2010-09-30,1703,957,TRUE,FALSE,35.775997,-78.640898,"330 S. Salisbury St. Raleigh, NC 27602","Wake County Sheriff Office","ICE 287(g) identification/removal statistics FY2006-2013 (FOIA)"
"NORTH CAROLINA","Wake County Sheriff Office","Wake County Sheriff",2011,2010-10-01,2011-09-30,1233,818,TRUE,FALSE,35.775997,-78.640898,"330 S. Salisbury St. Raleigh, NC 27602","Wake County Sheriff Office","ICE 287(g) identification/removal statistics FY2006-2013 (FOIA)"
"NORTH CAROLINA","Wake County Sheriff Office","Wake County Sheriff",2012,2011-10-01,2012-09-30,1093,521,TRUE,FALSE,35.775997,-78.640898,"330 S. Salisbury St. Raleigh, NC 27602","Wake County Sheriff Office","ICE 287(g) identification/removal statistics FY2006-2013 (FOIA)"
"NORTH CAROLINA","Wake County Sheriff Office","Wake County Sheriff",2013,2012-10-01,2013-09-30,799,488,TRUE,FALSE,35.775997,-78.640898,"330 S. Salisbury St. Raleigh, NC 27602","Wake County Sheriff Office","ICE 287(g) identification/removal statistics FY2006-2013 (FOIA)"
"OHIO","Butler County Sheriff Office","Butler County Sheriff",2006,2005-10-01,2006-09-30,,,FALSE,TRUE,39.388067,-84.555948,"705 Hanover St, Hamilton, OH 45011","Butler County Sheriff Office*","ICE 287(g) identification/removal statistics FY2006-2013 (FOIA)"
"OHIO","Butler County Sheriff Office","Butler County Sheriff",2007,2006-10-01,2007-09-30,,,FALSE,TRUE,39.388067,-84.555948,"705 Hanover St, Hamilton, OH 45011","Butler County Sheriff Office*","ICE 287(g) identification/removal statistics FY2006-2013 (FOIA)"
"OHIO","Butler County Sheriff Office","Butler County Sheriff",2008,2007-10-01,2008-09-30,359,307,TRUE,TRUE,39.388067,-84.555948,"705 Hanover St, Hamilton, OH 45011","Butler County Sheriff Office*","ICE 287(g) identification/removal statistics FY2006-2013 (FOIA)"
"OHIO","Butler County Sheriff Office","Butler County Sheriff",2009,2008-10-01,2009-09-30,380,339,TRUE,TRUE,39.388067,-84.555948,"705 Hanover St, Hamilton, OH 45011","Butler County Sheriff Office*","ICE 287(g) identification/removal statistics FY2006-2013 (FOIA)"
"OHIO","Butler County Sheriff Office","Butler County Sheriff",2010,2009-10-01,2010-09-30,206,144,TRUE,TRUE,39.388067,-84.555948,"705 Hanover St, Hamilton, OH 45011","Butler County Sheriff Office*","ICE 287(g) identification/removal statistics FY2006-2013 (FOIA)"
"OHIO","Butler County Sheriff Office","Butler County Sheriff",2011,2010-10-01,2011-09-30,111,75,TRUE,TRUE,39.388067,-84.555948,"705 Hanover St, Hamilton, OH 45011","Butler County Sheriff Office*","ICE 287(g) identification/removal statistics FY2006-2013 (FOIA)"
"OHIO","Butler County Sheriff Office","Butler County Sheriff",2012,2011-10-01,2012-09-30,107,61,TRUE,TRUE,39.388067,-84.555948,"705 Hanover St, Hamilton, OH 45011","Butler County Sheriff Office*","ICE 287(g) identification/removal statistics FY2006-2013 (FOIA)"
"OHIO","Butler County Sheriff Office","Butler County Sheriff",2013,2012-10-01,2013-09-30,114,85,TRUE,TRUE,39.388067,-84.555948,"705 Hanover St, Hamilton, OH 45011","Butler County Sheriff Office*","ICE 287(g) identification/removal statistics FY2006-2013 (FOIA)"
"OKLAHOMA","Tulsa County Sheriff Office","Tulsa County Sheriff",2006,2005-10-01,2006-09-30,,,FALSE,TRUE,36.154364,-95.996089,"303 W. 1st St. Tulsa, Oklahoma 74103","Tulsa County Sheriff Office*","ICE 287(g) identification/removal statistics FY2006-2013 (FOIA)"
"OKLAHOMA","Tulsa County Sheriff Office","Tulsa County Sheriff",2007,2006-10-01,2007-09-30,39,30,TRUE,TRUE,36.154364,-95.996089,"303 W. 1st St. Tulsa, Oklahoma 74103","Tulsa County Sheriff Office*","ICE 287(g) identification/removal statistics FY2006-2013 (FOIA)"
"OKLAHOMA","Tulsa County Sheriff Office","Tulsa County Sheriff",2008,2007-10-01,2008-09-30,1363,1248,TRUE,TRUE,36.154364,-95.996089,"303 W. 1st St. Tulsa, Oklahoma 74103","Tulsa County Sheriff Office*","ICE 287(g) identification/removal statistics FY2006-2013 (FOIA)"
"OKLAHOMA","Tulsa County Sheriff Office","Tulsa County Sheriff",2009,2008-10-01,2009-09-30,1158,1017,TRUE,TRUE,36.154364,-95.996089,"303 W. 1st St. Tulsa, Oklahoma 74103","Tulsa County Sheriff Office*","ICE 287(g) identification/removal statistics FY2006-2013 (FOIA)"
"OKLAHOMA","Tulsa County Sheriff Office","Tulsa County Sheriff",2010,2009-10-01,2010-09-30,963,671,TRUE,TRUE,36.154364,-95.996089,"303 W. 1st St. Tulsa, Oklahoma 74103","Tulsa County Sheriff Office*","ICE 287(g) identification/removal statistics FY2006-2013 (FOIA)"
"OKLAHOMA","Tulsa County Sheriff Office","Tulsa County Sheriff",2011,2010-10-01,2011-09-30,930,648,TRUE,TRUE,36.154364,-95.996089,"303 W. 1st St. Tulsa, Oklahoma 74103","Tulsa County Sheriff Office*","ICE 287(g) identification/removal statistics FY2006-2013 (FOIA)"
"OKLAHOMA","Tulsa County Sheriff Office","Tulsa County Sheriff",2012,2011-10-01,2012-09-30,1001,477,TRUE,TRUE,36.154364,-95.996089,"303 W. 1st St. Tulsa, Oklahoma 74103","Tulsa County Sheriff Office*","ICE 287(g) identification/removal statistics FY2006-2013 (FOIA)"
"OKLAHOMA","Tulsa County Sheriff Office","Tulsa County Sheriff",2013,2012-10-01,2013-09-30,644,492,TRUE,TRUE,36.154364,-95.996089,"303 W. 1st St. Tulsa, Oklahoma 74103","Tulsa County Sheriff Office*","ICE 287(g) identification/removal statistics FY2006-2013 (FOIA)"
"RHODE ISLAND","Rhode Island State Police","R.I. State Dept.",2006,2005-10-01,2006-09-30,,,FALSE,FALSE,41.83151,-71.606434,"311 Danielson Pike North Scituate, RI 02857","Rhode Island State Police","ICE 287(g) identification/removal statistics FY2006-2013 (FOIA)"
"RHODE ISLAND","Rhode Island State Police","R.I. State Dept.",2007,2006-10-01,2007-09-30,,,FALSE,FALSE,41.83151,-71.606434,"311 Danielson Pike North Scituate, RI 02857","Rhode Island State Police","ICE 287(g) identification/removal statistics FY2006-2013 (FOIA)"
"RHODE ISLAND","Rhode Island State Police","R.I. State Dept.",2008,2007-10-01,2008-09-30,,,FALSE,FALSE,41.83151,-71.606434,"311 Danielson Pike North Scituate, RI 02857","Rhode Island State Police","ICE 287(g) identification/removal statistics FY2006-2013 (FOIA)"
"RHODE ISLAND","Rhode Island State Police","R.I. State Dept.",2009,2008-10-01,2009-09-30,,,FALSE,FALSE,41.83151,-71.606434,"311 Danielson Pike North Scituate, RI 02857","Rhode Island State Police","ICE 287(g) identification/removal statistics FY2006-2013 (FOIA)"
"RHODE ISLAND","Rhode Island State Police","R.I. State Dept.",2010,2009-10-01,2010-09-30,12,,TRUE,FALSE,41.83151,-71.606434,"311 Danielson Pike North Scituate, RI 02857","Rhode Island State Police","ICE 287(g) identification/removal statistics FY2006-2013 (FOIA)"
"RHODE ISLAND","Rhode Island State Police","R.I. State Dept.",2011,2010-10-01,2011-09-30,1,0,TRUE,FALSE,41.83151,-71.606434,"311 Danielson Pike North Scituate, RI 02857","Rhode Island State Police","ICE 287(g) identification/removal statistics FY2006-2013 (FOIA)"
"RHODE ISLAND","Rhode Island State Police","R.I. State Dept.",2012,2011-10-01,2012-09-30,0,0,FALSE,FALSE,41.83151,-71.606434,"311 Danielson Pike North Scituate, RI 02857","Rhode Island State Police","ICE 287(g) identification/removal statistics FY2006-2013 (FOIA)"
"RHODE ISLAND","Rhode Island State Police","R.I. State Dept.",2013,2012-10-01,2013-09-30,0,0,FALSE,FALSE,41.83151,-71.606434,"311 Danielson Pike North Scituate, RI 02857","Rhode Island State Police","ICE 287(g) identification/removal statistics FY2006-2013 (FOIA)"
"SOUTH CAROLINA","Beaufort County Sheriff Office","Beaufort County Sheriff",2006,2005-10-01,2006-09-30,,,FALSE,FALSE,32.436252,-80.686023,"2001 Duke St, Beaufort, SC 29902","Beaufort County Sheriff Office","ICE 287(g) identification/removal statistics FY2006-2013 (FOIA)"
"SOUTH CAROLINA","Beaufort County Sheriff Office","Beaufort County Sheriff",2007,2006-10-01,2007-09-30,,,FALSE,FALSE,32.436252,-80.686023,"2001 Duke St, Beaufort, SC 29902","Beaufort County Sheriff Office","ICE 287(g) identification/removal statistics FY2006-2013 (FOIA)"
"SOUTH CAROLINA","Beaufort County Sheriff Office","Beaufort County Sheriff",2008,2007-10-01,2008-09-30,11,11,TRUE,FALSE,32.436252,-80.686023,"2001 Duke St, Beaufort, SC 29902","Beaufort County Sheriff Office","ICE 287(g) identification/removal statistics FY2006-2013 (FOIA)"
"SOUTH CAROLINA","Beaufort County Sheriff Office","Beaufort County Sheriff",2009,2008-10-01,2009-09-30,74,57,TRUE,FALSE,32.436252,-80.686023,"2001 Duke St, Beaufort, SC 29902","Beaufort County Sheriff Office","ICE 287(g) identification/removal statistics FY2006-2013 (FOIA)"
"SOUTH CAROLINA","Beaufort County Sheriff Office","Beaufort County Sheriff",2010,2009-10-01,2010-09-30,59,11,TRUE,FALSE,32.436252,-80.686023,"2001 Duke St, Beaufort, SC 29902","Beaufort County Sheriff Office","ICE 287(g) identification/removal statistics FY2006-2013 (FOIA)"
"SOUTH CAROLINA","Beaufort County Sheriff Office","Beaufort County Sheriff",2011,2010-10-01,2011-09-30,26,16,TRUE,FALSE,32.436252,-80.686023,"2001 Duke St, Beaufort, SC 29902","Beaufort County Sheriff Office","ICE 287(g) identification/removal statistics FY2006-2013 (FOIA)"
"SOUTH CAROLINA","Beaufort County Sheriff Office","Beaufort County Sheriff",2012,2011-10-01,2012-09-30,24,10,TRUE,FALSE,32.436252,-80.686023,"2001 Duke St, Beaufort, SC 29902","Beaufort County Sheriff Office","ICE 287(g) identification/removal statistics FY2006-2013 (FOIA)"
"SOUTH CAROLINA","Beaufort County Sheriff Office","Beaufort County Sheriff",2013,2012-10-01,2013-09-30,2,1,TRUE,FALSE,32.436252,-80.686023,"2001 Duke St, Beaufort, SC 29902","Beaufort County Sheriff Office","ICE 287(g) identification/removal statistics FY2006-2013 (FOIA)"
"SOUTH CAROLINA","Charleston County Sheriff Office","Charleston County Sheriff",2006,2005-10-01,2006-09-30,,,FALSE,FALSE,32.850367,-80.011786,"3691 Leeds Ave, North Charleston, SC 29405","Charleston County Sheriff Office","ICE 287(g) identification/removal statistics FY2006-2013 (FOIA)"
"SOUTH CAROLINA","Charleston County Sheriff Office","Charleston County Sheriff",2007,2006-10-01,2007-09-30,,,FALSE,FALSE,32.850367,-80.011786,"3691 Leeds Ave, North Charleston, SC 29405","Charleston County Sheriff Office","ICE 287(g) identification/removal statistics FY2006-2013 (FOIA)"
"SOUTH CAROLINA","Charleston County Sheriff Office","Charleston County Sheriff",2008,2007-10-01,2008-09-30,,,FALSE,FALSE,32.850367,-80.011786,"3691 Leeds Ave, North Charleston, SC 29405","Charleston County Sheriff Office","ICE 287(g) identification/removal statistics FY2006-2013 (FOIA)"
"SOUTH CAROLINA","Charleston County Sheriff Office","Charleston County Sheriff",2009,2008-10-01,2009-09-30,,,FALSE,FALSE,32.850367,-80.011786,"3691 Leeds Ave, North Charleston, SC 29405","Charleston County Sheriff Office","ICE 287(g) identification/removal statistics FY2006-2013 (FOIA)"
"SOUTH CAROLINA","Charleston County Sheriff Office","Charleston County Sheriff",2010,2009-10-01,2010-09-30,273,139,TRUE,FALSE,32.850367,-80.011786,"3691 Leeds Ave, North Charleston, SC 29405","Charleston County Sheriff Office","ICE 287(g) identification/removal statistics FY2006-2013 (FOIA)"
"SOUTH CAROLINA","Charleston County Sheriff Office","Charleston County Sheriff",2011,2010-10-01,2011-09-30,1239,947,TRUE,FALSE,32.850367,-80.011786,"3691 Leeds Ave, North Charleston, SC 29405","Charleston County Sheriff Office","ICE 287(g) identification/removal statistics FY2006-2013 (FOIA)"
"SOUTH CAROLINA","Charleston County Sheriff Office","Charleston County Sheriff",2012,2011-10-01,2012-09-30,694,298,TRUE,FALSE,32.850367,-80.011786,"3691 Leeds Ave, North Charleston, SC 29405","Charleston County Sheriff Office","ICE 287(g) identification/removal statistics FY2006-2013 (FOIA)"
"SOUTH CAROLINA","Charleston County Sheriff Office","Charleston County Sheriff",2013,2012-10-01,2013-09-30,419,246,TRUE,FALSE,32.850367,-80.011786,"3691 Leeds Ave, North Charleston, SC 29405","Charleston County Sheriff Office","ICE 287(g) identification/removal statistics FY2006-2013 (FOIA)"
"SOUTH CAROLINA","Lexington County Sheriff Department","Lexington County Sheriff Dept.",2006,2005-10-01,2006-09-30,,,FALSE,FALSE,33.979234,-81.251131,"521 Gibson Road Lexington, SC 29072","Lexington County Sheriff Department","ICE 287(g) identification/removal statistics FY2006-2013 (FOIA)"
"SOUTH CAROLINA","Lexington County Sheriff Department","Lexington County Sheriff Dept.",2007,2006-10-01,2007-09-30,,,FALSE,FALSE,33.979234,-81.251131,"521 Gibson Road Lexington, SC 29072","Lexington County Sheriff Department","ICE 287(g) identification/removal statistics FY2006-2013 (FOIA)"
"SOUTH CAROLINA","Lexington County Sheriff Department","Lexington County Sheriff Dept.",2008,2007-10-01,2008-09-30,,,FALSE,FALSE,33.979234,-81.251131,"521 Gibson Road Lexington, SC 29072","Lexington County Sheriff Department","ICE 287(g) identification/removal statistics FY2006-2013 (FOIA)"
"SOUTH CAROLINA","Lexington County Sheriff Department","Lexington County Sheriff Dept.",2009,2008-10-01,2009-09-30,,,FALSE,FALSE,33.979234,-81.251131,"521 Gibson Road Lexington, SC 29072","Lexington County Sheriff Department","ICE 287(g) identification/removal statistics FY2006-2013 (FOIA)"
"SOUTH CAROLINA","Lexington County Sheriff Department","Lexington County Sheriff Dept.",2010,2009-10-01,2010-09-30,42,13,TRUE,FALSE,33.979234,-81.251131,"521 Gibson Road Lexington, SC 29072","Lexington County Sheriff Department","ICE 287(g) identification/removal statistics FY2006-2013 (FOIA)"
"SOUTH CAROLINA","Lexington County Sheriff Department","Lexington County Sheriff Dept.",2011,2010-10-01,2011-09-30,610,480,TRUE,FALSE,33.979234,-81.251131,"521 Gibson Road Lexington, SC 29072","Lexington County Sheriff Department","ICE 287(g) identification/removal statistics FY2006-2013 (FOIA)"
"SOUTH CAROLINA","Lexington County Sheriff Department","Lexington County Sheriff Dept.",2012,2011-10-01,2012-09-30,345,167,TRUE,FALSE,33.979234,-81.251131,"521 Gibson Road Lexington, SC 29072","Lexington County Sheriff Department","ICE 287(g) identification/removal statistics FY2006-2013 (FOIA)"
"SOUTH CAROLINA","Lexington County Sheriff Department","Lexington County Sheriff Dept.",2013,2012-10-01,2013-09-30,178,152,TRUE,FALSE,33.979234,-81.251131,"521 Gibson Road Lexington, SC 29072","Lexington County Sheriff Department","ICE 287(g) identification/removal statistics FY2006-2013 (FOIA)"
"SOUTH CAROLINA","York County Sheriff Office","York County Sheriff",2006,2005-10-01,2006-09-30,,,FALSE,FALSE,34.983908,-81.1991,"1675-2A York Highway York, SC 29745","York County Sheriff Office","ICE 287(g) identification/removal statistics FY2006-2013 (FOIA)"
"SOUTH CAROLINA","York County Sheriff Office","York County Sheriff",2007,2006-10-01,2007-09-30,,,FALSE,FALSE,34.983908,-81.1991,"1675-2A York Highway York, SC 29745","York County Sheriff Office","ICE 287(g) identification/removal statistics FY2006-2013 (FOIA)"
"SOUTH CAROLINA","York County Sheriff Office","York County Sheriff",2008,2007-10-01,2008-09-30,352,282,TRUE,FALSE,34.983908,-81.1991,"1675-2A York Highway York, SC 29745","York County Sheriff Office","ICE 287(g) identification/removal statistics FY2006-2013 (FOIA)"
"SOUTH CAROLINA","York County Sheriff Office","York County Sheriff",2009,2008-10-01,2009-09-30,330,245,TRUE,FALSE,34.983908,-81.1991,"1675-2A York Highway York, SC 29745","York County Sheriff Office","ICE 287(g) identification/removal statistics FY2006-2013 (FOIA)"
"SOUTH CAROLINA","York County Sheriff Office","York County Sheriff",2010,2009-10-01,2010-09-30,185,100,TRUE,FALSE,34.983908,-81.1991,"1675-2A York Highway York, SC 29745","York County Sheriff Office","ICE 287(g) identification/removal statistics FY2006-2013 (FOIA)"
"SOUTH CAROLINA","York County Sheriff Office","York County Sheriff",2011,2010-10-01,2011-09-30,191,122,TRUE,FALSE,34.983908,-81.1991,"1675-2A York Highway York, SC 29745","York County Sheriff Office","ICE 287(g) identification/removal statistics FY2006-2013 (FOIA)"
"SOUTH CAROLINA","York County Sheriff Office","York County Sheriff",2012,2011-10-01,2012-09-30,145,68,TRUE,FALSE,34.983908,-81.1991,"1675-2A York Highway York, SC 29745","York County Sheriff Office","ICE 287(g) identification/removal statistics FY2006-2013 (FOIA)"
"SOUTH CAROLINA","York County Sheriff Office","York County Sheriff",2013,2012-10-01,2013-09-30,55,47,TRUE,FALSE,34.983908,-81.1991,"1675-2A York Highway York, SC 29745","York County Sheriff Office","ICE 287(g) identification/removal statistics FY2006-2013 (FOIA)"
"TENNESSEE","Davidson County Sheriff Office","Davidson County Sheriff",2006,2005-10-01,2006-09-30,,,FALSE,FALSE,36.090142,-86.687695,"5131 Harding Pl, Nashville, TN 37211","Davidson County Sheriff Office","ICE 287(g) identification/removal statistics FY2006-2013 (FOIA)"
"TENNESSEE","Davidson County Sheriff Office","Davidson County Sheriff",2007,2006-10-01,2007-09-30,1738,1077,TRUE,FALSE,36.090142,-86.687695,"5131 Harding Pl, Nashville, TN 37211","Davidson County Sheriff Office","ICE 287(g) identification/removal statistics FY2006-2013 (FOIA)"
"TENNESSEE","Davidson County Sheriff Office","Davidson County Sheriff",2008,2007-10-01,2008-09-30,2648,2189,TRUE,FALSE,36.090142,-86.687695,"5131 Harding Pl, Nashville, TN 37211","Davidson County Sheriff Office","ICE 287(g) identification/removal statistics FY2006-2013 (FOIA)"
"TENNESSEE","Davidson County Sheriff Office","Davidson County Sheriff",2009,2008-10-01,2009-09-30,2242,1549,TRUE,FALSE,36.090142,-86.687695,"5131 Harding Pl, Nashville, TN 37211","Davidson County Sheriff Office","ICE 287(g) identification/removal statistics FY2006-2013 (FOIA)"
"TENNESSEE","Davidson County Sheriff Office","Davidson County Sheriff",2010,2009-10-01,2010-09-30,1655,804,TRUE,FALSE,36.090142,-86.687695,"5131 Harding Pl, Nashville, TN 37211","Davidson County Sheriff Office","ICE 287(g) identification/removal statistics FY2006-2013 (FOIA)"
"TENNESSEE","Davidson County Sheriff Office","Davidson County Sheriff",2011,2010-10-01,2011-09-30,1289,654,TRUE,FALSE,36.090142,-86.687695,"5131 Harding Pl, Nashville, TN 37211","Davidson County Sheriff Office","ICE 287(g) identification/removal statistics FY2006-2013 (FOIA)"
"TENNESSEE","Davidson County Sheriff Office","Davidson County Sheriff",2012,2011-10-01,2012-09-30,1321,464,TRUE,FALSE,36.090142,-86.687695,"5131 Harding Pl, Nashville, TN 37211","Davidson County Sheriff Office","ICE 287(g) identification/removal statistics FY2006-2013 (FOIA)"
"TENNESSEE","Davidson County Sheriff Office","Davidson County Sheriff",2013,2012-10-01,2013-09-30,38,200,TRUE,FALSE,36.090142,-86.687695,"5131 Harding Pl, Nashville, TN 37211","Davidson County Sheriff Office","ICE 287(g) identification/removal statistics FY2006-2013 (FOIA)"
"TENNESSEE","TN Department of Safety","Tenn. Dept. of Safety",2006,2005-10-01,2006-09-30,,,FALSE,FALSE,36.135144,-86.740126,"1150 Foster Avenue Nashville, TN 37243","TN Department of Safety","ICE 287(g) identification/removal statistics FY2006-2013 (FOIA)"
"TENNESSEE","TN Department of Safety","Tenn. Dept. of Safety",2007,2006-10-01,2007-09-30,,,FALSE,FALSE,36.135144,-86.740126,"1150 Foster Avenue Nashville, TN 37243","TN Department of Safety","ICE 287(g) identification/removal statistics FY2006-2013 (FOIA)"
"TENNESSEE","TN Department of Safety","Tenn. Dept. of Safety",2008,2007-10-01,2008-09-30,,,FALSE,FALSE,36.135144,-86.740126,"1150 Foster Avenue Nashville, TN 37243","TN Department of Safety","ICE 287(g) identification/removal statistics FY2006-2013 (FOIA)"
"TENNESSEE","TN Department of Safety","Tenn. Dept. of Safety",2009,2008-10-01,2009-09-30,23,12,TRUE,FALSE,36.135144,-86.740126,"1150 Foster Avenue Nashville, TN 37243","TN Department of Safety","ICE 287(g) identification/removal statistics FY2006-2013 (FOIA)"
"TENNESSEE","TN Department of Safety","Tenn. Dept. of Safety",2010,2009-10-01,2010-09-30,19,14,TRUE,FALSE,36.135144,-86.740126,"1150 Foster Avenue Nashville, TN 37243","TN Department of Safety","ICE 287(g) identification/removal statistics FY2006-2013 (FOIA)"
"TENNESSEE","TN Department of Safety","Tenn. Dept. of Safety",2011,2010-10-01,2011-09-30,7,5,TRUE,FALSE,36.135144,-86.740126,"1150 Foster Avenue Nashville, TN 37243","TN Department of Safety","ICE 287(g) identification/removal statistics FY2006-2013 (FOIA)"
"TENNESSEE","TN Department of Safety","Tenn. Dept. of Safety",2012,2011-10-01,2012-09-30,18,5,TRUE,FALSE,36.135144,-86.740126,"1150 Foster Avenue Nashville, TN 37243","TN Department of Safety","ICE 287(g) identification/removal statistics FY2006-2013 (FOIA)"
"TENNESSEE","TN Department of Safety","Tenn. Dept. of Safety",2013,2012-10-01,2013-09-30,1,5,TRUE,FALSE,36.135144,-86.740126,"1150 Foster Avenue Nashville, TN 37243","TN Department of Safety","ICE 287(g) identification/removal statistics FY2006-2013 (FOIA)"
"TEXAS","Carrollton Police Department","Carrollton Police Dept.",2006,2005-10-01,2006-09-30,,,FALSE,FALSE,32.976516,-96.886594,"2025 E Jackson Rd, Carrollton, TX 75006","Carrollton Police Department","ICE 287(g) identification/removal statistics FY2006-2013 (FOIA)"
"TEXAS","Carrollton Police Department","Carrollton Police Dept.",2007,2006-10-01,2007-09-30,,,FALSE,FALSE,32.976516,-96.886594,"2025 E Jackson Rd, Carrollton, TX 75006","Carrollton Police Department","ICE 287(g) identification/removal statistics FY2006-2013 (FOIA)"
"TEXAS","Carrollton Police Department","Carrollton Police Dept.",2008,2007-10-01,2008-09-30,,,FALSE,FALSE,32.976516,-96.886594,"2025 E Jackson Rd, Carrollton, TX 75006","Carrollton Police Department","ICE 287(g) identification/removal statistics FY2006-2013 (FOIA)"
"TEXAS","Carrollton Police Department","Carrollton Police Dept.",2009,2008-10-01,2009-09-30,6,6,TRUE,FALSE,32.976516,-96.886594,"2025 E Jackson Rd, Carrollton, TX 75006","Carrollton Police Department","ICE 287(g) identification/removal statistics FY2006-2013 (FOIA)"
"TEXAS","Carrollton Police Department","Carrollton Police Dept.",2010,2009-10-01,2010-09-30,106,78,TRUE,FALSE,32.976516,-96.886594,"2025 E Jackson Rd, Carrollton, TX 75006","Carrollton Police Department","ICE 287(g) identification/removal statistics FY2006-2013 (FOIA)"
"TEXAS","Carrollton Police Department","Carrollton Police Dept.",2011,2010-10-01,2011-09-30,179,142,TRUE,FALSE,32.976516,-96.886594,"2025 E Jackson Rd, Carrollton, TX 75006","Carrollton Police Department","ICE 287(g) identification/removal statistics FY2006-2013 (FOIA)"
"TEXAS","Carrollton Police Department","Carrollton Police Dept.",2012,2011-10-01,2012-09-30,44,29,TRUE,FALSE,32.976516,-96.886594,"2025 E Jackson Rd, Carrollton, TX 75006","Carrollton Police Department","ICE 287(g) identification/removal statistics FY2006-2013 (FOIA)"
"TEXAS","Carrollton Police Department","Carrollton Police Dept.",2013,2012-10-01,2013-09-30,0,26,TRUE,FALSE,32.976516,-96.886594,"2025 E Jackson Rd, Carrollton, TX 75006","Carrollton Police Department","ICE 287(g) identification/removal statistics FY2006-2013 (FOIA)"
"TEXAS","Farmers Branch Police Dept.","Farmers Branch Police Dept.",2006,2005-10-01,2006-09-30,,,FALSE,FALSE,32.920885,-96.893274,"13000 William Dodson Parkway, Farmers Branch, TX 75234","Farmers Branch Police Dept.","ICE 287(g) identification/removal statistics FY2006-2013 (FOIA)"
"TEXAS","Farmers Branch Police Dept.","Farmers Branch Police Dept.",2007,2006-10-01,2007-09-30,,,FALSE,FALSE,32.920885,-96.893274,"13000 William Dodson Parkway, Farmers Branch, TX 75234","Farmers Branch Police Dept.","ICE 287(g) identification/removal statistics FY2006-2013 (FOIA)"
"TEXAS","Farmers Branch Police Dept.","Farmers Branch Police Dept.",2008,2007-10-01,2008-09-30,,,FALSE,FALSE,32.920885,-96.893274,"13000 William Dodson Parkway, Farmers Branch, TX 75234","Farmers Branch Police Dept.","ICE 287(g) identification/removal statistics FY2006-2013 (FOIA)"
"TEXAS","Farmers Branch Police Dept.","Farmers Branch Police Dept.",2009,2008-10-01,2009-09-30,,,FALSE,FALSE,32.920885,-96.893274,"13000 William Dodson Parkway, Farmers Branch, TX 75234","Farmers Branch Police Dept.","ICE 287(g) identification/removal statistics FY2006-2013 (FOIA)"
"TEXAS","Farmers Branch Police Dept.","Farmers Branch Police Dept.",2010,2009-10-01,2010-09-30,7,5,TRUE,FALSE,32.920885,-96.893274,"13000 William Dodson Parkway, Farmers Branch, TX 75234","Farmers Branch Police Dept.","ICE 287(g) identification/removal statistics FY2006-2013 (FOIA)"
"TEXAS","Farmers Branch Police Dept.","Farmers Branch Police Dept.",2011,2010-10-01,2011-09-30,3,1,TRUE,FALSE,32.920885,-96.893274,"13000 William Dodson Parkway, Farmers Branch, TX 75234","Farmers Branch Police Dept.","ICE 287(g) identification/removal statistics FY2006-2013 (FOIA)"
"TEXAS","Farmers Branch Police Dept.","Farmers Branch Police Dept.",2012,2011-10-01,2012-09-30,3,3,TRUE,FALSE,32.920885,-96.893274,"13000 William Dodson Parkway, Farmers Branch, TX 75234","Farmers Branch Police Dept.","ICE 287(g) identification/removal statistics FY2006-2013 (FOIA)"
"TEXAS","Farmers Branch Police Dept.","Farmers Branch Police Dept.",2013,2012-10-01,2013-09-30,0,0,FALSE,FALSE,32.920885,-96.893274,"13000 William Dodson Parkway, Farmers Branch, TX 75234","Farmers Branch Police Dept.","ICE 287(g) identification/removal statistics FY2006-2013 (FOIA)"
"TEXAS","Harris County Sheriffs Office","Harris County Sheriff",2006,2005-10-01,2006-09-30,,,FALSE,FALSE,29.763352,-95.356124,"1200 Baker Street Houston, TX 77002","Harris County Sheriffs Office","ICE 287(g) identification/removal statistics FY2006-2013 (FOIA)"
"TEXAS","Harris County Sheriffs Office","Harris County Sheriff",2007,2006-10-01,2007-09-30,,,FALSE,FALSE,29.763352,-95.356124,"1200 Baker Street Houston, TX 77002","Harris County Sheriffs Office","ICE 287(g) identification/removal statistics FY2006-2013 (FOIA)"
"TEXAS","Harris County Sheriffs Office","Harris County Sheriff",2008,2007-10-01,2008-09-30,,,FALSE,FALSE,29.763352,-95.356124,"1200 Baker Street Houston, TX 77002","Harris County Sheriffs Office","ICE 287(g) identification/removal statistics FY2006-2013 (FOIA)"
"TEXAS","Harris County Sheriffs Office","Harris County Sheriff",2009,2008-10-01,2009-09-30,8821,6965,TRUE,FALSE,29.763352,-95.356124,"1200 Baker Street Houston, TX 77002","Harris County Sheriffs Office","ICE 287(g) identification/removal statistics FY2006-2013 (FOIA)"
"TEXAS","Harris County Sheriffs Office","Harris County Sheriff",2010,2009-10-01,2010-09-30,5606,3741,TRUE,FALSE,29.763352,-95.356124,"1200 Baker Street Houston, TX 77002","Harris County Sheriffs Office","ICE 287(g) identification/removal statistics FY2006-2013 (FOIA)"
"TEXAS","Harris County Sheriffs Office","Harris County Sheriff",2011,2010-10-01,2011-09-30,2788,1817,TRUE,FALSE,29.763352,-95.356124,"1200 Baker Street Houston, TX 77002","Harris County Sheriffs Office","ICE 287(g) identification/removal statistics FY2006-2013 (FOIA)"
"TEXAS","Harris County Sheriffs Office","Harris County Sheriff",2012,2011-10-01,2012-09-30,3659,1841,TRUE,FALSE,29.763352,-95.356124,"1200 Baker Street Houston, TX 77002","Harris County Sheriffs Office","ICE 287(g) identification/removal statistics FY2006-2013 (FOIA)"
"TEXAS","Harris County Sheriffs Office","Harris County Sheriff",2013,2012-10-01,2013-09-30,1880,1642,TRUE,FALSE,29.763352,-95.356124,"1200 Baker Street Houston, TX 77002","Harris County Sheriffs Office","ICE 287(g) identification/removal statistics FY2006-2013 (FOIA)"
"UTAH","Washington County Sheriff Office UT","Washington County Sheriff",2006,2005-10-01,2006-09-30,,,FALSE,FALSE,37.157331,-113.411323,"620 South 5300 West Hurricane, Utah 84737","Washington County Sheriff Office UT","ICE 287(g) identification/removal statistics FY2006-2013 (FOIA)"
"UTAH","Washington County Sheriff Office UT","Washington County Sheriff",2007,2006-10-01,2007-09-30,,,FALSE,FALSE,37.157331,-113.411323,"620 South 5300 West Hurricane, Utah 84737","Washington County Sheriff Office UT","ICE 287(g) identification/removal statistics FY2006-2013 (FOIA)"
"UTAH","Washington County Sheriff Office UT","Washington County Sheriff",2008,2007-10-01,2008-09-30,,,FALSE,FALSE,37.157331,-113.411323,"620 South 5300 West Hurricane, Utah 84737","Washington County Sheriff Office UT","ICE 287(g) identification/removal statistics FY2006-2013 (FOIA)"
"UTAH","Washington County Sheriff Office UT","Washington County Sheriff",2009,2008-10-01,2009-09-30,7,7,TRUE,FALSE,37.157331,-113.411323,"620 South 5300 West Hurricane, Utah 84737","Washington County Sheriff Office UT","ICE 287(g) identification/removal statistics FY2006-2013 (FOIA)"
"UTAH","Washington County Sheriff Office UT","Washington County Sheriff",2010,2009-10-01,2010-09-30,1,,TRUE,FALSE,37.157331,-113.411323,"620 South 5300 West Hurricane, Utah 84737","Washington County Sheriff Office UT","ICE 287(g) identification/removal statistics FY2006-2013 (FOIA)"
"UTAH","Washington County Sheriff Office UT","Washington County Sheriff",2011,2010-10-01,2011-09-30,22,14,TRUE,FALSE,37.157331,-113.411323,"620 South 5300 West Hurricane, Utah 84737","Washington County Sheriff Office UT","ICE 287(g) identification/removal statistics FY2006-2013 (FOIA)"
"UTAH","Washington County Sheriff Office UT","Washington County Sheriff",2012,2011-10-01,2012-09-30,31,13,TRUE,FALSE,37.157331,-113.411323,"620 South 5300 West Hurricane, Utah 84737","Washington County Sheriff Office UT","ICE 287(g) identification/removal statistics FY2006-2013 (FOIA)"
"UTAH","Washington County Sheriff Office UT","Washington County Sheriff",2013,2012-10-01,2013-09-30,0,6,TRUE,FALSE,37.157331,-113.411323,"620 South 5300 West Hurricane, Utah 84737","Washington County Sheriff Office UT","ICE 287(g) identification/removal statistics FY2006-2013 (FOIA)"
"UTAH","Weber County Sheriff Office","Weber County Sheriff",2006,2005-10-01,2006-09-30,,,FALSE,FALSE,41.244467,-111.996048,"721 West 12th Street Ogden, Utah 84404","Weber County Sheriff Office","ICE 287(g) identification/removal statistics FY2006-2013 (FOIA)"
"UTAH","Weber County Sheriff Office","Weber County Sheriff",2007,2006-10-01,2007-09-30,,,FALSE,FALSE,41.244467,-111.996048,"721 West 12th Street Ogden, Utah 84404","Weber County Sheriff Office","ICE 287(g) identification/removal statistics FY2006-2013 (FOIA)"
"UTAH","Weber County Sheriff Office","Weber County Sheriff",2008,2007-10-01,2008-09-30,,,FALSE,FALSE,41.244467,-111.996048,"721 West 12th Street Ogden, Utah 84404","Weber County Sheriff Office","ICE 287(g) identification/removal statistics FY2006-2013 (FOIA)"
"UTAH","Weber County Sheriff Office","Weber County Sheriff",2009,2008-10-01,2009-09-30,89,73,TRUE,FALSE,41.244467,-111.996048,"721 West 12th Street Ogden, Utah 84404","Weber County Sheriff Office","ICE 287(g) identification/removal statistics FY2006-2013 (FOIA)"
"UTAH","Weber County Sheriff Office","Weber County Sheriff",2010,2009-10-01,2010-09-30,,,FALSE,FALSE,41.244467,-111.996048,"721 West 12th Street Ogden, Utah 84404","Weber County Sheriff Office","ICE 287(g) identification/removal statistics FY2006-2013 (FOIA)"
"UTAH","Weber County Sheriff Office","Weber County Sheriff",2011,2010-10-01,2011-09-30,98,71,TRUE,FALSE,41.244467,-111.996048,"721 West 12th Street Ogden, Utah 84404","Weber County Sheriff Office","ICE 287(g) identification/removal statistics FY2006-2013 (FOIA)"
"UTAH","Weber County Sheriff Office","Weber County Sheriff",2012,2011-10-01,2012-09-30,139,82,TRUE,FALSE,41.244467,-111.996048,"721 West 12th Street Ogden, Utah 84404","Weber County Sheriff Office","ICE 287(g) identification/removal statistics FY2006-2013 (FOIA)"
"UTAH","Weber County Sheriff Office","Weber County Sheriff",2013,2012-10-01,2013-09-30,1,61,TRUE,FALSE,41.244467,-111.996048,"721 West 12th Street Ogden, Utah 84404","Weber County Sheriff Office","ICE 287(g) identification/removal statistics FY2006-2013 (FOIA)"
"VIRGINIA","City of Manassas Police Department","City of Manassas Police Dept.",2006,2005-10-01,2006-09-30,,,FALSE,FALSE,38.747884,-77.464975,"9518 Fairview Ave, Manassas, VA 20110","City of Manassas Police Department","ICE 287(g) identification/removal statistics FY2006-2013 (FOIA)"
"VIRGINIA","City of Manassas Police Department","City of Manassas Police Dept.",2007,2006-10-01,2007-09-30,,,FALSE,FALSE,38.747884,-77.464975,"9518 Fairview Ave, Manassas, VA 20110","City of Manassas Police Department","ICE 287(g) identification/removal statistics FY2006-2013 (FOIA)"
"VIRGINIA","City of Manassas Police Department","City of Manassas Police Dept.",2008,2007-10-01,2008-09-30,1,,TRUE,FALSE,38.747884,-77.464975,"9518 Fairview Ave, Manassas, VA 20110","City of Manassas Police Department","ICE 287(g) identification/removal statistics FY2006-2013 (FOIA)"
"VIRGINIA","City of Manassas Police Department","City of Manassas Police Dept.",2009,2008-10-01,2009-09-30,,,FALSE,FALSE,38.747884,-77.464975,"9518 Fairview Ave, Manassas, VA 20110","City of Manassas Police Department","ICE 287(g) identification/removal statistics FY2006-2013 (FOIA)"
"VIRGINIA","City of Manassas Police Department","City of Manassas Police Dept.",2010,2009-10-01,2010-09-30,2,1,TRUE,FALSE,38.747884,-77.464975,"9518 Fairview Ave, Manassas, VA 20110","City of Manassas Police Department","ICE 287(g) identification/removal statistics FY2006-2013 (FOIA)"
"VIRGINIA","City of Manassas Police Department","City of Manassas Police Dept.",2011,2010-10-01,2011-09-30,0,0,FALSE,FALSE,38.747884,-77.464975,"9518 Fairview Ave, Manassas, VA 20110","City of Manassas Police Department","ICE 287(g) identification/removal statistics FY2006-2013 (FOIA)"
"VIRGINIA","City of Manassas Police Department","City of Manassas Police Dept.",2012,2011-10-01,2012-09-30,0,0,FALSE,FALSE,38.747884,-77.464975,"9518 Fairview Ave, Manassas, VA 20110","City of Manassas Police Department","ICE 287(g) identification/removal statistics FY2006-2013 (FOIA)"
"VIRGINIA","City of Manassas Police Department","City of Manassas Police Dept.",2013,2012-10-01,2013-09-30,0,0,FALSE,FALSE,38.747884,-77.464975,"9518 Fairview Ave, Manassas, VA 20110","City of Manassas Police Department","ICE 287(g) identification/removal statistics FY2006-2013 (FOIA)"
"VIRGINIA","Herndon Police Department","Herndon Police Dept.",2006,2005-10-01,2006-09-30,,,FALSE,FALSE,38.961257,-77.371518,"397 Herndon Parkway Herndon, VA, 20170","Herndon Police Department","ICE 287(g) identification/removal statistics FY2006-2013 (FOIA)"
"VIRGINIA","Herndon Police Department","Herndon Police Dept.",2007,2006-10-01,2007-09-30,,,FALSE,FALSE,38.961257,-77.371518,"397 Herndon Parkway Herndon, VA, 20170","Herndon Police Department","ICE 287(g) identification/removal statistics FY2006-2013 (FOIA)"
"VIRGINIA","Herndon Police Department","Herndon Police Dept.",2008,2007-10-01,2008-09-30,68,63,TRUE,FALSE,38.961257,-77.371518,"397 Herndon Parkway Herndon, VA, 20170","Herndon Police Department","ICE 287(g) identification/removal statistics FY2006-2013 (FOIA)"
"VIRGINIA","Herndon Police Department","Herndon Police Dept.",2009,2008-10-01,2009-09-30,84,65,TRUE,FALSE,38.961257,-77.371518,"397 Herndon Parkway Herndon, VA, 20170","Herndon Police Department","ICE 287(g) identification/removal statistics FY2006-2013 (FOIA)"
"VIRGINIA","Herndon Police Department","Herndon Police Dept.",2010,2009-10-01,2010-09-30,44,27,TRUE,FALSE,38.961257,-77.371518,"397 Herndon Parkway Herndon, VA, 20170","Herndon Police Department","ICE 287(g) identification/removal statistics FY2006-2013 (FOIA)"
"VIRGINIA","Herndon Police Department","Herndon Police Dept.",2011,2010-10-01,2011-09-30,47,38,TRUE,FALSE,38.961257,-77.371518,"397 Herndon Parkway Herndon, VA, 20170","Herndon Police Department","ICE 287(g) identification/removal statistics FY2006-2013 (FOIA)"
"VIRGINIA","Herndon Police Department","Herndon Police Dept.",2012,2011-10-01,2012-09-30,23,12,TRUE,FALSE,38.961257,-77.371518,"397 Herndon Parkway Herndon, VA, 20170","Herndon Police Department","ICE 287(g) identification/removal statistics FY2006-2013 (FOIA)"
"VIRGINIA","Herndon Police Department","Herndon Police Dept.",2013,2012-10-01,2013-09-30,0,9,TRUE,FALSE,38.961257,-77.371518,"397 Herndon Parkway Herndon, VA, 20170","Herndon Police Department","ICE 287(g) identification/removal statistics FY2006-2013 (FOIA)"
"VIRGINIA","Loudoun County Sheriff Office","Loudon County Sheriff",2006,2005-10-01,2006-09-30,,,FALSE,FALSE,39.082397,-77.553454,"803 Sycolin Road. SE Leesburg, VA 20175","Loudoun County Sheriff Office","ICE 287(g) identification/removal statistics FY2006-2013 (FOIA)"
"VIRGINIA","Loudoun County Sheriff Office","Loudon County Sheriff",2007,2006-10-01,2007-09-30,,,FALSE,FALSE,39.082397,-77.553454,"803 Sycolin Road. SE Leesburg, VA 20175","Loudoun County Sheriff Office","ICE 287(g) identification/removal statistics FY2006-2013 (FOIA)"
"VIRGINIA","Loudoun County Sheriff Office","Loudon County Sheriff",2008,2007-10-01,2008-09-30,3,2,TRUE,FALSE,39.082397,-77.553454,"803 Sycolin Road. SE Leesburg, VA 20175","Loudoun County Sheriff Office","ICE 287(g) identification/removal statistics FY2006-2013 (FOIA)"
"VIRGINIA","Loudoun County Sheriff Office","Loudon County Sheriff",2009,2008-10-01,2009-09-30,90,71,TRUE,FALSE,39.082397,-77.553454,"803 Sycolin Road. SE Leesburg, VA 20175","Loudoun County Sheriff Office","ICE 287(g) identification/removal statistics FY2006-2013 (FOIA)"
"VIRGINIA","Loudoun County Sheriff Office","Loudon County Sheriff",2010,2009-10-01,2010-09-30,56,37,TRUE,FALSE,39.082397,-77.553454,"803 Sycolin Road. SE Leesburg, VA 20175","Loudoun County Sheriff Office","ICE 287(g) identification/removal statistics FY2006-2013 (FOIA)"
"VIRGINIA","Loudoun County Sheriff Office","Loudon County Sheriff",2011,2010-10-01,2011-09-30,73,44,TRUE,FALSE,39.082397,-77.553454,"803 Sycolin Road. SE Leesburg, VA 20175","Loudoun County Sheriff Office","ICE 287(g) identification/removal statistics FY2006-2013 (FOIA)"
"VIRGINIA","Loudoun County Sheriff Office","Loudon County Sheriff",2012,2011-10-01,2012-09-30,28,14,TRUE,FALSE,39.082397,-77.553454,"803 Sycolin Road. SE Leesburg, VA 20175","Loudoun County Sheriff Office","ICE 287(g) identification/removal statistics FY2006-2013 (FOIA)"
"VIRGINIA","Loudoun County Sheriff Office","Loudon County Sheriff",2013,2012-10-01,2013-09-30,3,9,TRUE,FALSE,39.082397,-77.553454,"803 Sycolin Road. SE Leesburg, VA 20175","Loudoun County Sheriff Office","ICE 287(g) identification/removal statistics FY2006-2013 (FOIA)"
"VIRGINIA","Prince William County Police Department","Prince William County Police Dept.",2006,2005-10-01,2006-09-30,,,FALSE,FALSE,38.679698,-77.352946,"1 County Complex Ct Woodbridge, Virginia, 1 County Complex Ct, Woodbridge, VA 22192","Prince William County Police Department","ICE 287(g) identification/removal statistics FY2006-2013 (FOIA)"
"VIRGINIA","Prince William County Police Department","Prince William County Police Dept.",2007,2006-10-01,2007-09-30,,,FALSE,FALSE,38.679698,-77.352946,"1 County Complex Ct Woodbridge, Virginia, 1 County Complex Ct, Woodbridge, VA 22192","Prince William County Police Department","ICE 287(g) identification/removal statistics FY2006-2013 (FOIA)"
"VIRGINIA","Prince William County Police Department","Prince William County Police Dept.",2008,2007-10-01,2008-09-30,30,27,TRUE,FALSE,38.679698,-77.352946,"1 County Complex Ct Woodbridge, Virginia, 1 County Complex Ct, Woodbridge, VA 22192","Prince William County Police Department","ICE 287(g) identification/removal statistics FY2006-2013 (FOIA)"
"VIRGINIA","Prince William County Police Department","Prince William County Police Dept.",2009,2008-10-01,2009-09-30,73,57,TRUE,FALSE,38.679698,-77.352946,"1 County Complex Ct Woodbridge, Virginia, 1 County Complex Ct, Woodbridge, VA 22192","Prince William County Police Department","ICE 287(g) identification/removal statistics FY2006-2013 (FOIA)"
"VIRGINIA","Prince William County Police Department","Prince William County Police Dept.",2010,2009-10-01,2010-09-30,22,14,TRUE,FALSE,38.679698,-77.352946,"1 County Complex Ct Woodbridge, Virginia, 1 County Complex Ct, Woodbridge, VA 22192","Prince William County Police Department","ICE 287(g) identification/removal statistics FY2006-2013 (FOIA)"
"VIRGINIA","Prince William County Police Department","Prince William County Police Dept.",2011,2010-10-01,2011-09-30,15,10,TRUE,FALSE,38.679698,-77.352946,"1 County Complex Ct Woodbridge, Virginia, 1 County Complex Ct, Woodbridge, VA 22192","Prince William County Police Department","ICE 287(g) identification/removal statistics FY2006-2013 (FOIA)"
"VIRGINIA","Prince William County Police Department","Prince William County Police Dept.",2012,2011-10-01,2012-09-30,5,2,TRUE,FALSE,38.679698,-77.352946,"1 County Complex Ct Woodbridge, Virginia, 1 County Complex Ct, Woodbridge, VA 22192","Prince William County Police Department","ICE 287(g) identification/removal statistics FY2006-2013 (FOIA)"
"VIRGINIA","Prince William County Police Department","Prince William County Police Dept.",2013,2012-10-01,2013-09-30,1,3,TRUE,FALSE,38.679698,-77.352946,"1 County Complex Ct Woodbridge, Virginia, 1 County Complex Ct, Woodbridge, VA 22192","Prince William County Police Department","ICE 287(g) identification/removal statistics FY2006-2013 (FOIA)"
"VIRGINIA","Prince William County Sheriff Office","Prince William County Sheriff",2006,2005-10-01,2006-09-30,,,FALSE,FALSE,38.752008,-77.479097,"9311 Lee Avenue, Manassas, VA 20110","Prince William County Sheriff Office","ICE 287(g) identification/removal statistics FY2006-2013 (FOIA)"
"VIRGINIA","Prince William County Sheriff Office","Prince William County Sheriff",2007,2006-10-01,2007-09-30,,,FALSE,FALSE,38.752008,-77.479097,"9311 Lee Avenue, Manassas, VA 20110","Prince William County Sheriff Office","ICE 287(g) identification/removal statistics FY2006-2013 (FOIA)"
"VIRGINIA","Prince William County Sheriff Office","Prince William County Sheriff",2008,2007-10-01,2008-09-30,2,1,TRUE,FALSE,38.752008,-77.479097,"9311 Lee Avenue, Manassas, VA 20110","Prince William County Sheriff Office","ICE 287(g) identification/removal statistics FY2006-2013 (FOIA)"
"VIRGINIA","Prince William County Sheriff Office","Prince William County Sheriff",2009,2008-10-01,2009-09-30,,,FALSE,FALSE,38.752008,-77.479097,"9311 Lee Avenue, Manassas, VA 20110","Prince William County Sheriff Office","ICE 287(g) identification/removal statistics FY2006-2013 (FOIA)"
"VIRGINIA","Prince William County Sheriff Office","Prince William County Sheriff",2010,2009-10-01,2010-09-30,,,FALSE,FALSE,38.752008,-77.479097,"9311 Lee Avenue, Manassas, VA 20110","Prince William County Sheriff Office","ICE 287(g) identification/removal statistics FY2006-2013 (FOIA)"
"VIRGINIA","Prince William County Sheriff Office","Prince William County Sheriff",2011,2010-10-01,2011-09-30,4,1,TRUE,FALSE,38.752008,-77.479097,"9311 Lee Avenue, Manassas, VA 20110","Prince William County Sheriff Office","ICE 287(g) identification/removal statistics FY2006-2013 (FOIA)"
"VIRGINIA","Prince William County Sheriff Office","Prince William County Sheriff",2012,2011-10-01,2012-09-30,3,1,TRUE,FALSE,38.752008,-77.479097,"9311 Lee Avenue, Manassas, VA 20110","Prince William County Sheriff Office","ICE 287(g) identification/removal statistics FY2006-2013 (FOIA)"
"VIRGINIA","Prince William County Sheriff Office","Prince William County Sheriff",2013,2012-10-01,2013-09-30,0,0,FALSE,FALSE,38.752008,-77.479097,"9311 Lee Avenue, Manassas, VA 20110","Prince William County Sheriff Office","ICE 287(g) identification/removal statistics FY2006-2013 (FOIA)"
"VIRGINIA","Prince William-Manassas Adult Detention Center","Prince William-Manassas Adult Detention Center",2006,2005-10-01,2006-09-30,,,FALSE,FALSE,38.752589,-77.479378,"9320 Lee Ave, Manassas, VA 20110","Prince William-Manassas Adult Detention Center","ICE 287(g) identification/removal statistics FY2006-2013 (FOIA)"
"VIRGINIA","Prince William-Manassas Adult Detention Center","Prince William-Manassas Adult Detention Center",2007,2006-10-01,2007-09-30,115,41,TRUE,FALSE,38.752589,-77.479378,"9320 Lee Ave, Manassas, VA 20110","Prince William-Manassas Adult Detention Center","ICE 287(g) identification/removal statistics FY2006-2013 (FOIA)"
"VIRGINIA","Prince William-Manassas Adult Detention Center","Prince William-Manassas Adult Detention Center",2008,2007-10-01,2008-09-30,927,597,TRUE,FALSE,38.752589,-77.479378,"9320 Lee Ave, Manassas, VA 20110","Prince William-Manassas Adult Detention Center","ICE 287(g) identification/removal statistics FY2006-2013 (FOIA)"
"VIRGINIA","Prince William-Manassas Adult Detention Center","Prince William-Manassas Adult Detention Center",2009,2008-10-01,2009-09-30,991,517,TRUE,FALSE,38.752589,-77.479378,"9320 Lee Ave, Manassas, VA 20110","Prince William-Manassas Adult Detention Center","ICE 287(g) identification/removal statistics FY2006-2013 (FOIA)"
"VIRGINIA","Prince William-Manassas Adult Detention Center","Prince William-Manassas Adult Detention Center",2010,2009-10-01,2010-09-30,1046,312,TRUE,FALSE,38.752589,-77.479378,"9320 Lee Ave, Manassas, VA 20110","Prince William-Manassas Adult Detention Center","ICE 287(g) identification/removal statistics FY2006-2013 (FOIA)"
"VIRGINIA","Prince William-Manassas Adult Detention Center","Prince William-Manassas Adult Detention Center",2011,2010-10-01,2011-09-30,1389,806,TRUE,FALSE,38.752589,-77.479378,"9320 Lee Ave, Manassas, VA 20110","Prince William-Manassas Adult Detention Center","ICE 287(g) identification/removal statistics FY2006-2013 (FOIA)"
"VIRGINIA","Prince William-Manassas Adult Detention Center","Prince William-Manassas Adult Detention Center",2012,2011-10-01,2012-09-30,1119,369,TRUE,FALSE,38.752589,-77.479378,"9320 Lee Ave, Manassas, VA 20110","Prince William-Manassas Adult Detention Center","ICE 287(g) identification/removal statistics FY2006-2013 (FOIA)"
"VIRGINIA","Prince William-Manassas Adult Detention Center","Prince William-Manassas Adult Detention Center",2013,2012-10-01,2013-09-30,722,298,TRUE,FALSE,38.752589,-77.479378,"9320 Lee Ave, Manassas, VA 20110","Prince William-Manassas Adult Detention Center","ICE 287(g) identification/removal statistics FY2006-2013 (FOIA)"
"VIRGINIA","Rockingham County Sheriff Office","Rockingham County Sheriff",2006,2005-10-01,2006-09-30,,,FALSE,FALSE,38.449126,-78.870976,"25 South Liberty Street Harrisonburg, Virginia 22801","Rockingham County Sheriff Office","ICE 287(g) identification/removal statistics FY2006-2013 (FOIA)"
"VIRGINIA","Rockingham County Sheriff Office","Rockingham County Sheriff",2007,2006-10-01,2007-09-30,32,21,TRUE,FALSE,38.449126,-78.870976,"25 South Liberty Street Harrisonburg, Virginia 22801","Rockingham County Sheriff Office","ICE 287(g) identification/removal statistics FY2006-2013 (FOIA)"
"VIRGINIA","Rockingham County Sheriff Office","Rockingham County Sheriff",2008,2007-10-01,2008-09-30,163,109,TRUE,FALSE,38.449126,-78.870976,"25 South Liberty Street Harrisonburg, Virginia 22801","Rockingham County Sheriff Office","ICE 287(g) identification/removal statistics FY2006-2013 (FOIA)"
"VIRGINIA","Rockingham County Sheriff Office","Rockingham County Sheriff",2009,2008-10-01,2009-09-30,99,52,TRUE,FALSE,38.449126,-78.870976,"25 South Liberty Street Harrisonburg, Virginia 22801","Rockingham County Sheriff Office","ICE 287(g) identification/removal statistics FY2006-2013 (FOIA)"
"VIRGINIA","Rockingham County Sheriff Office","Rockingham County Sheriff",2010,2009-10-01,2010-09-30,71,20,TRUE,FALSE,38.449126,-78.870976,"25 South Liberty Street Harrisonburg, Virginia 22801","Rockingham County Sheriff Office","ICE 287(g) identification/removal statistics FY2006-2013 (FOIA)"
"VIRGINIA","Rockingham County Sheriff Office","Rockingham County Sheriff",2011,2010-10-01,2011-09-30,90,46,TRUE,FALSE,38.449126,-78.870976,"25 South Liberty Street Harrisonburg, Virginia 22801","Rockingham County Sheriff Office","ICE 287(g) identification/removal statistics FY2006-2013 (FOIA)"
"VIRGINIA","Rockingham County Sheriff Office","Rockingham County Sheriff",2012,2011-10-01,2012-09-30,56,33,TRUE,FALSE,38.449126,-78.870976,"25 South Liberty Street Harrisonburg, Virginia 22801","Rockingham County Sheriff Office","ICE 287(g) identification/removal statistics FY2006-2013 (FOIA)"
"VIRGINIA","Rockingham County Sheriff Office","Rockingham County Sheriff",2013,2012-10-01,2013-09-30,1,12,TRUE,FALSE,38.449126,-78.870976,"25 South Liberty Street Harrisonburg, Virginia 22801","Rockingham County Sheriff Office","ICE 287(g) identification/removal statistics FY2006-2013 (FOIA)"
"VIRGINIA","Shenandoah County Sheriff Office","Shenandoah County Sheriff",2006,2005-10-01,2006-09-30,,,FALSE,TRUE,38.881785,-78.505988,"109 West Court Street Woodstock VA 22664","Shenandoah County Sheriff Office*","ICE 287(g) identification/removal statistics FY2006-2013 (FOIA)"
"VIRGINIA","Shenandoah County Sheriff Office","Shenandoah County Sheriff",2007,2006-10-01,2007-09-30,12,5,TRUE,TRUE,38.881785,-78.505988,"109 West Court Street Woodstock VA 22664","Shenandoah County Sheriff Office*","ICE 287(g) identification/removal statistics FY2006-2013 (FOIA)"
"VIRGINIA","Shenandoah County Sheriff Office","Shenandoah County Sheriff",2008,2007-10-01,2008-09-30,25,14,TRUE,TRUE,38.881785,-78.505988,"109 West Court Street Woodstock VA 22664","Shenandoah County Sheriff Office*","ICE 287(g) identification/removal statistics FY2006-2013 (FOIA)"
"VIRGINIA","Shenandoah County Sheriff Office","Shenandoah County Sheriff",2009,2008-10-01,2009-09-30,5,2,TRUE,TRUE,38.881785,-78.505988,"109 West Court Street Woodstock VA 22664","Shenandoah County Sheriff Office*","ICE 287(g) identification/removal statistics FY2006-2013 (FOIA)"
"VIRGINIA","Shenandoah County Sheriff Office","Shenandoah County Sheriff",2010,2009-10-01,2010-09-30,38,7,TRUE,TRUE,38.881785,-78.505988,"109 West Court Street Woodstock VA 22664","Shenandoah County Sheriff Office*","ICE 287(g) identification/removal statistics FY2006-2013 (FOIA)"
"VIRGINIA","Shenandoah County Sheriff Office","Shenandoah County Sheriff",2011,2010-10-01,2011-09-30,31,15,TRUE,TRUE,38.881785,-78.505988,"109 West Court Street Woodstock VA 22664","Shenandoah County Sheriff Office*","ICE 287(g) identification/removal statistics FY2006-2013 (FOIA)"
"VIRGINIA","Shenandoah County Sheriff Office","Shenandoah County Sheriff",2012,2011-10-01,2012-09-30,19,9,TRUE,TRUE,38.881785,-78.505988,"109 West Court Street Woodstock VA 22664","Shenandoah County Sheriff Office*","ICE 287(g) identification/removal statistics FY2006-2013 (FOIA)"
"VIRGINIA","Shenandoah County Sheriff Office","Shenandoah County Sheriff",2013,2012-10-01,2013-09-30,6,3,TRUE,TRUE,38.881785,-78.505988,"109 West Court Street Woodstock VA 22664","Shenandoah County Sheriff Office*","ICE 287(g) identification/removal statistics FY2006-2013 (FOIA)"
