saved_path,file_hash,url,retrieved_at,state,agency,original_filename,note,etag,last_modified,capture_time
agreements/agreements_20260607_025243/TENNESSEE/Sumner_County_Sheriff's_Office/SumnerCoSOTN_WSO_MOA_042925.pdf,b16f63528fb9bc2a33f7dfe2c6a08056b5ee2412bb78bc7f9402af277f9aaa12,https://www.ice.gov/doclib/287gMOA/SumnerCoSOTN_WSO_MOA_042925.pdf,2026-09-12T20:57:04Z,TENNESSEE,Sumner County Sheriff's Office,SumnerCoSOTN_WSO_MOA_042925.pdf,MOA; revalidated; bytes identical,"""41d80c4100ab9671e0680c1f62d06a2b:1746559002.941837""","Tue, 06 May 2025 19:16:42 GMT",
agreements/agreements_20260607_025243/SOUTH_CAROLINA/Lancaster_County_Sheriff's_Office/LancasterCoSC_WSO_MOA_040225.pdf,e3ebf902ac1e3129e33d634ff1dbc19084318cfa8693d49922dd641da56d1cee,https://www.ice.gov/doclib/287gMOA/LancasterCoSC_WSO_MOA_040225.pdf,2026-09-12T20:57:04Z,SOUTH CAROLINA,Lancaster County Sheriff's Office,LancasterCoSC_WSO_MOA_040225.pdf,MOA; revalidated; bytes identical,"""d915dc80c7dd164e8325d1fa0a7907df:1746559003.052896""","Tue, 06 May 2025 19:16:43 GMT",
agreements/agreements_20260607_025243/TEXAS/DeWitt_County_Sheriff’s_Office/DeWittCo_WSO_MOA_022625.pdf,ea6e402dd81317db812b904d7ee209851ab65b14b22f97de1da6f4dbf45ab764,https://www.ice.gov/doclib/287gMOA/DeWittCo_WSO_MOA_022625.pdf,2026-09-12T20:57:05Z,TEXAS,DeWitt County Sheriff’s Office,DeWittCo_WSO_MOA_022625.pdf,MOA; revalidated; bytes identical,"""67cd361616a734bc351161fe730f395e:1746559002.666386""","Tue, 06 May 2025 19:16:42 GMT",
agreements/agreements_20260607_025243/TEXAS/Calhoun_County_Sheriff's_Office/CalhounCo_WSO_MOA_022425.pdf,b00294adae5716128fe930b0ef06e7b2c88a417ee424d09b3f7356361a9a8b90,https://www.ice.gov/doclib/287gMOA/CalhounCo_WSO_MOA_022425.pdf,2026-09-12T20:57:05Z,TEXAS,Calhoun County Sheriff's Office,CalhounCo_WSO_MOA_022425.pdf,MOA; revalidated; bytes identical,"""62d220eed47445a4795da7ec3920e5a7:1746559003.781682""","Tue, 06 May 2025 19:16:43 GMT",
agreements/agreements_20260607_025243/FLORIDA/Bartow_Police_Department/BartowPDFL_TFM_MOA_042925.pdf,badf3c0c04ab076ab3e82949ccceb42fad9e02c8e2a81618bd486722235b9917,https://www.ice.gov/doclib/287gMOA/BartowPDFL_TFM_MOA_042925.pdf,2026-09-12T20:57:05Z,FLORIDA,Bartow Police Department,BartowPDFL_TFM_MOA_042925.pdf,MOA; revalidated; bytes identical,"""7523d86c68f4386f2cc78bf7a26b81cf:1746559002.705398""","Tue, 06 May 2025 19:16:42 GMT",
agreements/agreements_20260607_025243/KENTUCKY/Daviess_County_Sheriff's_Office/DaviessCountySOKY_TFM_MOA_030725.pdf,e92e6d9139bc40515b6754bc167a4056c143918f917aa4411e1aff144d84db88,https://www.ice.gov/doclib/287gMOA/DaviessCountySOKY_TFM_MOA_030725.pdf,2026-09-12T20:57:06Z,KENTUCKY,Daviess County Sheriff's Office,DaviessCountySOKY_TFM_MOA_030725.pdf,MOA; revalidated; bytes identical,"""d415ee5c957880ada17481daebfead69:1746558755.734941""","Tue, 06 May 2025 19:12:35 GMT",
agreements/agreements_20260607_025243/FLORIDA/Arcadia_Police_Department/ArcadiaPDFL_TFM_MOA_030425.pdf,e527dba4c798892f345118a570a797ef3db53e1f0b807bc37e5d8194dfd59f74,https://www.ice.gov/doclib/287gMOA/ArcadiaPDFL_TFM_MOA_030425.pdf,2026-09-12T20:57:06Z,FLORIDA,Arcadia Police Department,ArcadiaPDFL_TFM_MOA_030425.pdf,MOA; revalidated; bytes identical,"""999ec9891af2c43776cc801fa21e923d:1746558755.288871""","Tue, 06 May 2025 19:12:35 GMT",
agreements/agreements_20260607_025243/OKLAHOMA/Muskogee_County_Sheriff's_Office/MuskogeeCoOK_WSO_MOA_04.16.2025.pdf,22adda1807d8c2ba8bbdb633db7f6eb3a1657b73218bd15e97b9f3ff58169863,https://www.ice.gov/doclib/287gMOA/MuskogeeCoOK_WSO_MOA_04.16.2025.pdf,2026-09-12T20:57:06Z,OKLAHOMA,Muskogee County Sheriff's Office,MuskogeeCoOK_WSO_MOA_04.16.2025.pdf,MOA; revalidated; bytes identical,"""3d2dc789fab694e1bbda103dabd2f1d7:1746124525.969337""","Thu, 01 May 2025 18:35:25 GMT",
agreements/agreements_20260607_025243/TEXAS/Live_Oak_County_Sheriff's_Office_/LiveOakCoTX_WSO_MOA_04.16.2025 2.pdf,7734b741f3dbeb6d4001629d1350ca66c45cf6af4dae129f2f14cb7eeeaf106f,https://www.ice.gov/doclib/287gMOA/LiveOakCoTX_WSO_MOA_04.16.2025.pdf,2026-09-12T20:57:07Z,TEXAS,Live Oak County Sheriff's Office,LiveOakCoTX_WSO_MOA_04.16.2025 2.pdf,MOA; revalidated; bytes identical,"""ee0d6b8265bda76dd40f05ea0aa68ce1:1746124526.997816""","Thu, 01 May 2025 18:35:26 GMT",
agreements/agreements_20260607_025243/TENNESSEE/Giles_County_Sheriff's_Office/GilesCoTN_WSO_MOA_04.16.2025.pdf,f83c95a8632ad858e5bb9691418d7aa2c27184781fe6d7ec71140d316e8e21e8,https://www.ice.gov/doclib/287gMOA/GilesCoTN_WSO_MOA_04.16.2025.pdf,2026-09-12T20:57:07Z,TENNESSEE,Giles County Sheriff's Office,GilesCoTN_WSO_MOA_04.16.2025.pdf,MOA; revalidated; bytes identical,"""581aeb8b440365fad501f146e3beb521:1746124526.267838""","Thu, 01 May 2025 18:35:26 GMT",
agreements/agreements_20260607_025243/TEXAS/Burleson_County_Sheriff's_Office/BurlesonCoTX_WSO_MOA_04.16.2025.pdf,de98839fc7458baffe2e650636635d4de0327dcc2339eb45043eaef88f416dfc,https://www.ice.gov/doclib/287gMOA/BurlesonCoTX_WSO_MOA_04.16.2025.pdf,2026-09-12T20:57:07Z,TEXAS,Burleson County Sheriff's Office,BurlesonCoTX_WSO_MOA_04.16.2025.pdf,MOA; revalidated; bytes identical,"""466ca2f3524be55e8fed9d1d1f4b88d4:1746124524.715144""","Thu, 01 May 2025 18:35:24 GMT",
agreements/agreements_20260607_025243/TEXAS/Austin_County_Sheriff's_Office/AustinCoTX_WSO_MOA_04.16.2025.pdf,afded8a69ae7ffa7742583ec2a83a222ff6b85d0627474ca0c4c50a03f80d8b0,https://www.ice.gov/doclib/287gMOA/AustinCoTX_WSO_MOA_04.16.2025.pdf,2026-09-12T20:57:08Z,TEXAS,Austin County Sheriff's Office,AustinCoTX_WSO_MOA_04.16.2025.pdf,MOA; revalidated; bytes identical,"""6822854ab4d681acceec128dcfb3e26c:1746124524.195191""","Thu, 01 May 2025 18:35:24 GMT",
agreements/agreements_20260607_025243/UTAH/Washington_County_Sheriff's_Office/WashingtonCoSheriffsOfficeUT_TFM_MOA_03.20.2025.pdf,5f95b9ffc169f1f02ba43878d1a8d0aad92a8b12db292744662160f9a7e103b1,https://www.ice.gov/doclib/287gMOA/WashingtonCoSheriffsOfficeUT_TFM_MOA_03.20.2025.pdf,2026-09-12T20:57:08Z,UTAH,Washington County Sheriff's Office,WashingtonCoSheriffsOfficeUT_TFM_MOA_03.20.2025.pdf,MOA; revalidated; bytes identical,"""a39071066675200450462bb5e57bf8fe:1746035041.643835""","Wed, 30 Apr 2025 17:44:01 GMT",
agreements/agreements_20260607_025243/TEXAS/Terrell_County_Sheriff's_Office/TerrellCoTX_WSO_MOA_04.16.2025.pdf,452c2ad6492059c6432fc0a7b255db230a31a633a0333ed0db243b9cb379d4fc,https://www.ice.gov/doclib/287gMOA/TerrellCoTX_WSO_MOA_04.16.2025.pdf,2026-09-12T20:57:08Z,TEXAS,Terrell County Sheriff's Office,TerrellCoTX_WSO_MOA_04.16.2025.pdf,MOA; revalidated; bytes identical,"""30d516b6fc13fd38700da4cfaa5de8f8:1746035041.100307""","Wed, 30 Apr 2025 17:44:01 GMT",
agreements/agreements_20260607_025243/FLORIDA/Springfield_Police_Department/SpringfieldPoliceDeptFL_TFM_MOA_02.27.2025.pdf,4c632116a2ce58d3fae0082fda73911e921c1af07d7dc9ff6d1216581280c27f,https://www.ice.gov/doclib/287gMOA/SpringfieldPoliceDeptFL_TFM_MOA_02.27.2025.pdf,2026-09-12T20:57:09Z,FLORIDA,Springfield Police Department,SpringfieldPoliceDeptFL_TFM_MOA_02.27.2025.pdf,MOA; revalidated; bytes identical,"""8e21e8962f51a6805513379dc59763a6:1746035045.771232""","Wed, 30 Apr 2025 17:44:05 GMT",
agreements/agreements_20260607_025243/ARIZONA/Navajo_County_Sheriff's_Office/NavajoCoAZ_WSO_MOA_04.16.2025.pdf,0449b944a3a0097c1db67c9ae4353096c043b3fceb8a3e8f68b1722ea2ca9632,https://www.ice.gov/doclib/287gMOA/NavajoCoAZ_WSO_MOA_04.16.2025.pdf,2026-09-12T20:57:09Z,ARIZONA,Navajo County Sheriff's Office,NavajoCoAZ_WSO_MOA_04.16.2025.pdf,MOA; revalidated; bytes identical,"""dbbe3d6f78f22f0e23c50efc43d1455c:1746035041.44528""","Wed, 30 Apr 2025 17:44:01 GMT",
agreements/agreements_20260607_025243/FLORIDA/Lady_Lake_Police_Department/LadyLakePoliceDeptFL_TFM_MOA_04.10.2025.pdf,85de388e6c558cfe9dd1d5280673daf7349da93f09c075e3ccc2766a1f37247f,https://www.ice.gov/doclib/287gMOA/LadyLakePoliceDeptFL_TFM_MOA_04.10.2025.pdf,2026-09-12T20:57:09Z,FLORIDA,Lady Lake Police Department,LadyLakePoliceDeptFL_TFM_MOA_04.10.2025.pdf,MOA; revalidated; bytes identical,"""4f15ddf731a0bb04e7168ffff51a1586:1746035042.233818""","Wed, 30 Apr 2025 17:44:02 GMT",
agreements/agreements_20260607_025243/TEXAS/Ellis_County_Sheriff's_Office/EllisCoTX_JEM_MOA_04.16.2025.pdf,f8cecc479fcef6498ef9b618fd5b476d99783054614c07213b8b2e1ff268459b,https://www.ice.gov/doclib/287gMOA/EllisCoTX_JEM_MOA_04.16.2025.pdf,2026-09-12T20:57:09Z,TEXAS,Ellis County Sheriff's Office,EllisCoTX_JEM_MOA_04.16.2025.pdf,MOA; revalidated; bytes identical,"""7748d017e98181cfb1a2fa18f98d8581:1746035042.61241""","Wed, 30 Apr 2025 17:44:02 GMT",
agreements/agreements_20260607_025243/FLORIDA/Key_Colony_Beach_Police_Department/KeyColonyBeachPoliceDeptFL_TFM_MOA_04.10.2025.pdf,abb8f31b4e3ccc8624358930264b4775cd6bb38a587bf3baa5c4185bc590322a,https://www.ice.gov/doclib/287gMOA/KeyColonyBeachPoliceDeptFL_TFM_MOA_04.10.2025.pdf,2026-09-12T20:57:10Z,FLORIDA,Key Colony Beach Police Department,KeyColonyBeachPoliceDeptFL_TFM_MOA_04.10.2025.pdf,MOA; revalidated; bytes identical,"""18dbaa3efbd6e1066f07609872dd1fb4:1745951067.954421""","Tue, 29 Apr 2025 18:24:27 GMT",
agreements/agreements_20260607_025243/FLORIDA/Kenneth_City_Police_Department/KennethCityPoliceDeptFL_TFM_MOA_02.27.2025.pdf,c234c5a152993e8a3a4602cc99642406027bc3af2dd7778e06e76159d7b9d3f9,https://www.ice.gov/doclib/287gMOA/KennethCityPoliceDeptFL_TFM_MOA_02.27.2025.pdf,2026-09-12T20:57:10Z,FLORIDA,Kenneth City Police Department,KennethCityPoliceDeptFL_TFM_MOA_02.27.2025.pdf,MOA; revalidated; bytes identical,"""17c6e2271307eb84c87a7d8f8323c0df:1745951067.692782""","Tue, 29 Apr 2025 18:24:27 GMT",
agreements/agreements_20260607_025243/FLORIDA/Jacksonville_Sheriff's_Office/JacksonvilleSheriffsOffice_TFM_MOA_02.26.2025.pdf,9812e952d21bdd4ed9d25948fdf8fa91aa53883809c715433406c203e2708680,https://www.ice.gov/doclib/287gMOA/JacksonvilleSheriffsOffice_TFM_MOA_02.26.2025.pdf,2026-09-12T20:57:10Z,FLORIDA,Jacksonville Sheriff's Office,JacksonvilleSheriffsOffice_TFM_MOA_02.26.2025.pdf,MOA; revalidated; bytes identical,"""f8765ea6b73c1b45e768e0bc2ce6f59e:1745951065.790218""","Tue, 29 Apr 2025 18:24:25 GMT",
agreements/agreements_20260607_025243/FLORIDA/Indian_Harbour_Beach_Police_Department/IndianHarbourBeachPoliceDeptFL_TFM_MOA_04.10.2025.pdf,b6ed9438e8d88ee12767e1c500018f072f3ce3b84dea1aeea43d8dddc761ea46,https://www.ice.gov/doclib/287gMOA/IndianHarbourBeachPoliceDeptFL_TFM_MOA_04.10.2025.pdf,2026-09-12T20:57:10Z,FLORIDA,Indian Harbour Beach Police Department,IndianHarbourBeachPoliceDeptFL_TFM_MOA_04.10.2025.pdf,MOA; revalidated; bytes identical,"""f1081b95426a8afc152581b675306de4:1745951068.4255""","Tue, 29 Apr 2025 18:24:28 GMT",
agreements/agreements_20260607_025243/FLORIDA/Highland_Beach_Police_Department/HighlandBeachPoliceDeptFL_TFM_MOA_04.10.2025.pdf,5bf6d46c72767ad4ece66058a32911ae896f8578f4b4d7dc35d9c0ee166fffd9,https://www.ice.gov/doclib/287gMOA/HighlandBeachPoliceDeptFL_TFM_MOA_04.10.2025.pdf,2026-09-12T20:57:11Z,FLORIDA,Highland Beach Police Department,HighlandBeachPoliceDeptFL_TFM_MOA_04.10.2025.pdf,MOA; revalidated; bytes identical,"""3cf76b95755becd9865b61eb31144f64:1745951069.634776""","Tue, 29 Apr 2025 18:24:29 GMT",
agreements/agreements_20260607_025243/FLORIDA/Havana_Police_Department/HavanaPoliceDeptFL_TFM_MOA_04.10.2025.pdf,05436c5ec17dfbcdad99f2e908c6d9f8a1697594878967dc4db54b92c6852a31,https://www.ice.gov/doclib/287gMOA/HavanaPoliceDeptFL_TFM_MOA_04.10.2025.pdf,2026-09-12T20:57:11Z,FLORIDA,Havana Police Department,HavanaPoliceDeptFL_TFM_MOA_04.10.2025.pdf,MOA; revalidated; bytes identical,"""b48db74c3315f7ca4e261c01139cc521:1745951069.837788""","Tue, 29 Apr 2025 18:24:29 GMT",
agreements/agreements_20260607_025243/FLORIDA/Green_Cove_Springs_Police_Department/GreenCoveSpringsPoliceDeptFL_TFM_MOA_04.10.2025.pdf,da0f8946fecf3e93e8f7c64b9b9041ad5a672e2bd82707303461e0f296ce7d91,https://www.ice.gov/doclib/287gMOA/GreenCoveSpringsPoliceDeptFL_TFM_MOA_04.10.2025.pdf,2026-09-12T20:57:11Z,FLORIDA,Green Cove Springs Police Department,GreenCoveSpringsPoliceDeptFL_TFM_MOA_04.10.2025.pdf,MOA; revalidated; bytes identical,"""5ea0eaf6a35340178fcc7928e78fcde2:1745951062.287332""","Tue, 29 Apr 2025 18:24:22 GMT",
agreements/agreements_20260607_025243/FLORIDA/Sunny_Isles_Police_Department/CItySunnyIslesPoliceDeptFL_TFM_MOA_03.05.2025.pdf,82e4905c6a0e84ad29ff3c16c244f447bc05e0a8a2e13dc157a94fad7ab23c44,https://www.ice.gov/doclib/287gMOA/CItySunnyIslesPoliceDeptFL_TFM_MOA_03.05.2025.pdf,2026-09-12T20:57:12Z,FLORIDA,Sunny Isles Police Department,CItySunnyIslesPoliceDeptFL_TFM_MOA_03.05.2025.pdf,MOA; revalidated; bytes identical,"""dbdeac1e8f12188acb9bf2a532adac19:1745951064.171357""","Tue, 29 Apr 2025 18:24:24 GMT",
agreements/agreements_20260607_025243/SOUTH_CAROLINA/Spartanburg_County_Sheriff's_Office/SpartanburgCoSC_WSO_MOA_04.02.2025.pdf,987c3640d3758a27a9cbe06350347270cf57b18c8441a984a3268896924f2e07,https://www.ice.gov/doclib/287gMOA/SpartanburgCoSC_WSO_MOA_04.02.2025.pdf,2026-09-12T20:57:12Z,SOUTH CAROLINA,Spartanburg County Sheriff's Office,SpartanburgCoSC_WSO_MOA_04.02.2025.pdf,MOA; revalidated; bytes identical,"""7fa41e063b14d8a62d9f9575df15a6cd:1745924555.889876""","Tue, 29 Apr 2025 11:02:35 GMT",
agreements/agreements_20260607_025243/TEXAS/Schleicher_County_Sheriff's_Office/SchleicherCoTX_WSO_MOA_03.26.2025.pdf,b2b8554154a8bd89c6fbe686b30ee36f611de35192f2f8bb39eed3da85f47a6f,https://www.ice.gov/doclib/287gMOA/SchleicherCoTX_WSO_MOA_03.26.2025.pdf,2026-09-12T20:57:12Z,TEXAS,Schleicher County Sheriff's Office,SchleicherCoTX_WSO_MOA_03.26.2025.pdf,MOA; revalidated; bytes identical,"""0518692e5991d134b85616d48b822f8d:1745924556.39286""","Tue, 29 Apr 2025 11:02:36 GMT",
agreements/agreements_20260607_025243/TENNESSEE/Putnam_County_Sheriff's_Office/PutnamCoTN_JEM_MOA_02.24.2025.pdf,b8996d3d1597238e574feadd19baa186d0edee7324829ecf8eb3e6b8d82e65f4,https://www.ice.gov/doclib/287gMOA/PutnamCoTN_JEM_MOA_02.24.2025.pdf,2026-09-12T20:57:12Z,TENNESSEE,Putnam County Sheriff's Office,PutnamCoTN_JEM_MOA_02.24.2025.pdf,MOA; revalidated; bytes identical,"""c33d81bdda3226ca0a849f9cb5abaebd:1745924557.068707""","Tue, 29 Apr 2025 11:02:37 GMT",
agreements/agreements_20260607_025243/IDAHO/Owyhee_County_Sheriff's_Office/OwyheeCoSheriffsOfficeID_WSO_MOA_03.07.2025.pdf,8b7d05bd702b37cd3e842070ae2c3d49ad66194f1a48679ea83fda47a87d92d7,https://www.ice.gov/doclib/287gMOA/OwyheeCoSheriffsOfficeID_WSO_MOA_03.07.2025.pdf,2026-09-12T20:57:13Z,IDAHO,Owyhee County Sheriff's Office,OwyheeCoSheriffsOfficeID_WSO_MOA_03.07.2025.pdf,MOA; revalidated; bytes identical,"""58dba22e82317d9bba7c890be50361e3:1745924548.709372""","Tue, 29 Apr 2025 11:02:28 GMT",
agreements/agreements_20260607_025243/FLORIDA/Miami-Dade_Corrections_and_Rehabilitation/MiamiDadeCoFL_WSO_MOA_02.26.2025.pdf,45874605c8daae5d5597850338f990cca5090ca54f05d9e767b265ac686c513c,https://www.ice.gov/doclib/287gMOA/MiamiDadeCoFL_WSO_MOA_02.26.2025.pdf,2026-09-12T20:57:13Z,FLORIDA,Miami-Dade Corrections and Rehabilitation,MiamiDadeCoFL_WSO_MOA_02.26.2025.pdf,MOA; revalidated; bytes identical,"""bbf03af6667d6a067abdf2d3d0609f19:1745924557.241993""","Tue, 29 Apr 2025 11:02:37 GMT",
agreements/agreements_20260607_025243/FLORIDA/Lee_County_Sheriff's_Office/LeeCoSheriffsOffice_JEM_MOA_02.20.2025.pdf,18901f817d50ccedccb9503c91eb0e7f6b00b65b9d4df997b7e4c6307439dcc3,https://www.ice.gov/doclib/287gMOA/LeeCoSheriffsOffice_JEM_MOA_02.20.2025.pdf,2026-09-12T20:57:13Z,FLORIDA,Lee County Sheriff's Office,LeeCoSheriffsOffice_JEM_MOA_02.20.2025.pdf,MOA; revalidated; bytes identical,"""bdf82e83481bbe767fcd5fcc49d84a0e:1745924545.726941""","Tue, 29 Apr 2025 11:02:25 GMT",
agreements/agreements_20260607_025243/TEXAS/Houston_County_Sheriff's_Office/HoustonCoTX_WSO_MOA_04.02.2025.pdf,2a130b3e0b425f68871013a1bcaa1fe7f946df4c5f55101d850dfa0873e0cb04,https://www.ice.gov/doclib/287gMOA/HoustonCoTX_WSO_MOA_04.02.2025.pdf,2026-09-12T20:57:13Z,TEXAS,Houston County Sheriff's Office,HoustonCoTX_WSO_MOA_04.02.2025.pdf,MOA; revalidated; bytes identical,"""02db37b1dc2d77001608d425514fdcbe:1745924553.942058""","Tue, 29 Apr 2025 11:02:33 GMT",
agreements/agreements_20260607_025243/INDIANA/Hamilton_County_Sheriff's_Office/HamiltonCoIN_JEM_MOA_03.03.2025.pdf,d254ae162965616cdf77aa9dec10517c95d8363fc1714db93b7fb8d3b1311805,https://www.ice.gov/doclib/287gMOA/HamiltonCoIN_JEM_MOA_03.03.2025.pdf,2026-09-12T20:57:14Z,INDIANA,Hamilton County Sheriff's Office,HamiltonCoIN_JEM_MOA_03.03.2025.pdf,MOA; revalidated; bytes identical,"""7ce07df41f9ad34701b207c6391b4415:1745924548.463381""","Tue, 29 Apr 2025 11:02:28 GMT",
agreements/agreements_20260607_025243/TEXAS/Gonzales_County_Sheriff's_Office/GonzalesCoTX_WSO_MOA_04.02.2025.pdf,4a32471ec03310319326342449f1c14ac0b4fb4445adff9918d30dae18a52530,https://www.ice.gov/doclib/287gMOA/GonzalesCoTX_WSO_MOA_04.02.2025.pdf,2026-09-12T20:57:14Z,TEXAS,Gonzales County Sheriff's Office,GonzalesCoTX_WSO_MOA_04.02.2025.pdf,MOA; revalidated; bytes identical,"""4af7524bd911c90d1b69c33ec4caeddd:1745924550.433501""","Tue, 29 Apr 2025 11:02:30 GMT",
agreements/agreements_20260607_025243/FLORIDA/Miami_Springs_Police_Department/MiamiSpringsPoliceDeptFL_TFM_MOA_03.26.2025.pdf,efb13df776df92117f09132cfacc31a6588dce135a1316d421b3be97490c7c69,https://www.ice.gov/doclib/287gMOA/MiamiSpringsPoliceDeptFL_TFM_MOA_03.26.2025.pdf,2026-09-12T20:57:14Z,FLORIDA,Miami Springs Police Department,MiamiSpringsPoliceDeptFL_TFM_MOA_03.26.2025.pdf,MOA; revalidated; bytes identical,"""5b628fd1f90f8822b3b26715cb52280b:1745925090.10806""","Tue, 29 Apr 2025 11:11:30 GMT",
agreements/agreements_20260607_025243/FLORIDA/Lighthouse_Point_Police_Department/LighthousePoliceDeptFL_TFM_MOA_03.24.2025.pdf,fc7bb8698c8b5464335043fbe11214bed77bb97f07a43cb7ed392b8b860d12e7,https://www.ice.gov/doclib/287gMOA/LighthousePoliceDeptFL_TFM_MOA_03.24.2025.pdf,2026-09-12T20:57:15Z,FLORIDA,Lighthouse Point Police Department,LighthousePoliceDeptFL_TFM_MOA_03.24.2025.pdf,MOA; revalidated; bytes identical,"""e314bef8bd12719832c373c59d37c978:1745925088.654572""","Tue, 29 Apr 2025 11:11:28 GMT",
agreements/agreements_20260607_025243/SOUTH_CAROLINA/Kershaw_County_Sheriff's_Office/KershawCoSC_TFM_MOA_04.10.2025.pdf,8d7e8a4b1c1054d9a01f61c222b7a2760646d2b2f5faf75904f937eed0dc7455,https://www.ice.gov/doclib/287gMOA/KershawCoSC_TFM_MOA_04.10.2025.pdf,2026-09-12T20:57:15Z,SOUTH CAROLINA,Kershaw County Sheriff's Office,KershawCoSC_TFM_MOA_04.10.2025.pdf,MOA; revalidated; bytes identical,"""0a19d44444d3adcf569bce05e84bca92:1745925089.368011""","Tue, 29 Apr 2025 11:11:29 GMT",
agreements/agreements_20260607_025243/IOWA/Iowa_Department_of_Public_Safety/IowaDeptPublicSafety_TFM_MOA_03.24.2025.pdf,9653ea47fea59ab2af543cc84c69fcc9b9b8097fb25883fab7ade4fc4a359261,https://www.ice.gov/doclib/287gMOA/IowaDeptPublicSafety_TFM_MOA_03.24.2025.pdf,2026-09-12T20:57:15Z,IOWA,Iowa Department of Public Safety,IowaDeptPublicSafety_TFM_MOA_03.24.2025.pdf,MOA; revalidated; bytes identical,"""d06f6ad1e5f56a02599124170452b2ec:1745925081.452981""","Tue, 29 Apr 2025 11:11:21 GMT",
agreements/agreements_20260607_025243/TEXAS/Hamilton_County_Sheriff's_Office_/HamiltonCoSheriffsOfficeTX_TFM_MOA_04.10.2025.pdf,5025e7884ce7e555c431ce228e3cfd479496e6da39582d50383931ddad34aca2,https://www.ice.gov/doclib/287gMOA/HamiltonCoSheriffsOfficeTX_TFM_MOA_04.10.2025.pdf,2026-09-12T20:57:15Z,TEXAS,Hamilton County Sheriff's Office,HamiltonCoSheriffsOfficeTX_TFM_MOA_04.10.2025.pdf,MOA; revalidated; bytes identical,"""598d2f91c15b6837d95a347f741d36fb:1745925082.954997""","Tue, 29 Apr 2025 11:11:22 GMT",
agreements/agreements_20260607_025243/INDIANA/Greens_Fork_Police_Department/GreenForksPoliceDeptIN_TFM_MOA_04.10.2025.pdf,ed8c51497c2f687fd66bd030c40206c36b1879fcd16a0691a8f7d1bdf875aabf,https://www.ice.gov/doclib/287gMOA/GreenForksPoliceDeptIN_TFM_MOA_04.10.2025.pdf,2026-09-12T20:57:16Z,INDIANA,Greens Fork Police Department,GreenForksPoliceDeptIN_TFM_MOA_04.10.2025.pdf,MOA; revalidated; bytes identical,"""c08efccd3f0f4f733d648b8d21c0a8fd:1745925083.382066""","Tue, 29 Apr 2025 11:11:23 GMT",
agreements/agreements_20260607_025243/OHIO/Butler_County_Sheriff's_Office/ButlerCoOH_TFM_MOA_03.20.2025.pdf,ca68c35b0cc97a51a1e3c4d6dd33884fc9da4eb207a51fe1313342804648b06a,https://www.ice.gov/doclib/287gMOA/ButlerCoOH_TFM_MOA_03.20.2025.pdf,2026-09-12T20:57:16Z,OHIO,Butler County Sheriff's Office,ButlerCoOH_TFM_MOA_03.20.2025.pdf,MOA; revalidated; bytes identical,"""4995b598c905c6812703d51539bea822:1745925088.361788""","Tue, 29 Apr 2025 11:11:28 GMT",
agreements/agreements_20260607_025243/VIRGINIA/Loudoun_County_Sheriff's_Office/LoudounCountySO_WSO_MOA_032625.pdf,dfe31bdb5a8a06339a667417bb57f1f88a543fb6fafa0ec0bdef896185f0dd57,https://www.ice.gov/doclib/287gMOA/LoudounCountySO_WSO_MOA_032625.pdf,2026-09-12T20:57:16Z,VIRGINIA,Loudoun County Sheriff's Office,LoudounCountySO_WSO_MOA_032625.pdf,MOA; revalidated; bytes identical,"""9582aad6d87c7216a08813df0b7f5bbf:1745434662.011677""","Wed, 23 Apr 2025 18:57:42 GMT",
agreements/agreements_20260607_025243/TEXAS/Refugio_County_Sheriff’s_Office/RefugioCoTX_WSO_MOA_030725.pdf,81e40f1966f932367a66d30a9c04df4489e8b39a7ecb3259a0a3a3a152365c68,https://www.ice.gov/doclib/287gMOA/RefugioCoTX_WSO_MOA_030725.pdf,2026-09-12T20:57:17Z,TEXAS,Refugio County Sheriff’s Office,RefugioCoTX_WSO_MOA_030725.pdf,MOA; revalidated; bytes identical,"""4d3d78e00527354512490371413a607e:1745434661.989279""","Wed, 23 Apr 2025 18:57:41 GMT",
agreements/agreements_20260607_025243/TEXAS/Rusk_County_Sheriff's_Office_/RuskCoSOTX_WSO_MOA_030425.pdf,b5d98a36630021547249494dd0a966a1231e0d13edc19d2b9471742849a687d4,https://www.ice.gov/doclib/287gMOA/RuskCoSOTX_WSO_MOA_030425.pdf,2026-09-12T20:57:17Z,TEXAS,Rusk County Sheriff's Office,RuskCoSOTX_WSO_MOA_030425.pdf,MOA; revalidated; bytes identical,"""eb4064f1edc54d0b01e48a53725613b5:1745434662.042252""","Wed, 23 Apr 2025 18:57:42 GMT",
agreements/agreements_20260607_025243/TEXAS/Sutton_County_Sheriff's_Office/SuttonCoTX_WSO_MOA_031025.pdf,d9349e4750f36f6c94d0fe48e5a1e18168de09f752d79636d6ed546d99fbd8da,https://www.ice.gov/doclib/287gMOA/SuttonCoTX_WSO_MOA_031025.pdf,2026-09-12T20:57:17Z,TEXAS,Sutton County Sheriff's Office,SuttonCoTX_WSO_MOA_031025.pdf,MOA; revalidated; bytes identical,"""d5183e4deffc2266a3eeade1d7dbfb2f:1745434661.822041""","Wed, 23 Apr 2025 18:57:41 GMT",
agreements/agreements_20260607_025243/TEXAS/Titus_County_Sheriff's_Office/TitusCountyTX_WSO_MOA_030425.pdf,e3efbe9ac3aada25d98d8d7aa093a885b63b7238c106476d0f2f3962a877d6cb,https://www.ice.gov/doclib/287gMOA/TitusCountyTX_WSO_MOA_030425.pdf,2026-09-12T20:57:17Z,TEXAS,Titus County Sheriff's Office,TitusCountyTX_WSO_MOA_030425.pdf,MOA; revalidated; bytes identical,"""f1678564421f875ddd54f9570e5a830c:1745434661.598472""","Wed, 23 Apr 2025 18:57:41 GMT",
agreements/agreements_20260607_025243/TEXAS/Winkler_County_Sheriff's_Office/WinklerCoTX_WSO_MOA_031025.pdf,2928d91923c91d91ceb8128e4fd0bbb150b5843d25a3ef812a6898258a187b00,https://www.ice.gov/doclib/287gMOA/WinklerCoTX_WSO_MOA_031025.pdf,2026-09-12T20:57:18Z,TEXAS,Winkler County Sheriff's Office,WinklerCoTX_WSO_MOA_031025.pdf,MOA; revalidated; bytes identical,"""0c6f6afa3ee9c8efc5e1701ca080bcd4:1745434662.401359""","Wed, 23 Apr 2025 18:57:42 GMT",
agreements/agreements_20260607_025243/WISCONSIN/Wood_County_Sheriff's_Office/WoodCountyWI_WSO_MOA_031725.pdf,cbf0c63bece14edee8a3222b4aaa0793789e660a954fcc62b6be44b8db117690,https://www.ice.gov/doclib/287gMOA/WoodCountyWI_WSO_MOA_031725.pdf,2026-09-12T20:57:18Z,WISCONSIN,Wood County Sheriff's Office,WoodCountyWI_WSO_MOA_031725.pdf,MOA; revalidated; bytes identical,"""2bf34df59b6406aa4bbaaffd68560bba:1745434662.708674""","Wed, 23 Apr 2025 18:57:42 GMT",
agreements/agreements_20260607_025243/TEXAS/Deaf_Smith_County_Sheriff's_Office/DeafSmithCoTX_WSO_MOA_031725.pdf,91e8f306ed261aecb6148bac3be61508b3c49791545fe96afecdee1062004ca7,https://www.ice.gov/doclib/287gMOA/DeafSmithCoTX_WSO_MOA_031725.pdf,2026-09-12T20:57:18Z,TEXAS,Deaf Smith County Sheriff's Office,DeafSmithCoTX_WSO_MOA_031725.pdf,MOA; revalidated; bytes identical,"""a37224fd5a9d32acd871400811879350:1745434662.730964""","Wed, 23 Apr 2025 18:57:42 GMT",
agreements/agreements_20260607_025243/TEXAS/Fayette_County_Sheriff's_Office/FayetteCoTX_WSO_MOA_032125.pdf,5354f21f0abc24ab5d7c5a1671d958e1f606dbefc510c08832e6146b78b9628d,https://www.ice.gov/doclib/287gMOA/FayetteCoTX_WSO_MOA_032125.pdf,2026-09-12T20:57:18Z,TEXAS,Fayette County Sheriff's Office,FayetteCoTX_WSO_MOA_032125.pdf,MOA; revalidated; bytes identical,"""d307ebde446cbd46d19f500732efe532:1745434662.932791""","Wed, 23 Apr 2025 18:57:42 GMT",
agreements/agreements_20260607_025243/TEXAS/Jim_Wells_County_Sheriff's_Office/JimWellsCoSO_WSO_MOA_031725.pdf,121d8621523d7e19a6805e535c8ac5a6d2807f4b4219f727abc1f41d359617e2,https://www.ice.gov/doclib/287gMOA/JimWellsCoSO_WSO_MOA_031725.pdf,2026-09-12T20:57:19Z,TEXAS,Jim Wells County Sheriff's Office,JimWellsCoSO_WSO_MOA_031725.pdf,MOA; revalidated; bytes identical,"""6c69ae2d03e03b3eaf09b611a21f4e62:1745434662.858371""","Wed, 23 Apr 2025 18:57:42 GMT",
agreements/agreements_20260607_025243/NORTH_CAROLINA/Onslow_County_Sheriff's_Office/OnslowCountyNC_WSO_MOA_031225.pdf,31d706d26d325a2ae4102e715f4d9c0bf7f85ba07244efba3a027d31520953f5,https://www.ice.gov/doclib/287gMOA/OnslowCountyNC_WSO_MOA_031225.pdf,2026-09-12T20:57:19Z,NORTH CAROLINA,Onslow County Sheriff's Office,OnslowCountyNC_WSO_MOA_031225.pdf,MOA; revalidated; bytes identical,"""7b6b56ec8179121ca9eb83c5e7ba695c:1745358576.736943""","Tue, 22 Apr 2025 21:49:36 GMT",
agreements/agreements_20260607_025243/SOUTH_CAROLINA/Oconee_County_Sheriff's_Office/OconeeCountySC_WSO_MOA_032625.pdf,fdfeb111322cd5da6980b86b073e0b1ffc002027a9c708134be04a8f4793a19a,https://www.ice.gov/doclib/287gMOA/OconeeCountySC_WSO_MOA_032625.pdf,2026-09-12T20:57:19Z,SOUTH CAROLINA,Oconee County Sheriff's Office,OconeeCountySC_WSO_MOA_032625.pdf,MOA; revalidated; bytes identical,"""f935d84c2936fa28f45f836552c618aa:1745358576.45382""","Tue, 22 Apr 2025 21:49:36 GMT",
agreements/agreements_20260607_025243/SOUTH_DAKOTA/Minnehaha_County_Sheriff's_Office/MinnehahaCountySOSD_WSO_MOA_031225.pdf,e362ccdb350db44f8670788672d6cb62c9cbc43670a7c961f5b55e6909afd5f5,https://www.ice.gov/doclib/287gMOA/MinnehahaCountySOSD_WSO_MOA_031225.pdf,2026-09-12T20:57:20Z,SOUTH DAKOTA,Minnehaha County Sheriff's Office,MinnehahaCountySOSD_WSO_MOA_031225.pdf,MOA; revalidated; bytes identical,"""60a98aa0aeef6bf74a1b945794a16ceb:1745358576.743037""","Tue, 22 Apr 2025 21:49:36 GMT",
agreements/agreements_20260607_025243/SOUTH_DAKOTA/Hughes_County_Sheriff's_Office/HughesCountySOSD_WSO_MOA_030725.pdf,b8abd49452a5842407b2b04f702895a585935a10e3e44044dc68ca57737ff144,https://www.ice.gov/doclib/287gMOA/HughesCountySOSD_WSO_MOA_030725.pdf,2026-09-12T20:57:20Z,SOUTH DAKOTA,Hughes County Sheriff's Office,HughesCountySOSD_WSO_MOA_030725.pdf,MOA; revalidated; bytes identical,"""40ad5c8e7550ecf76010ab34942d4518:1745358576.380978""","Tue, 22 Apr 2025 21:49:36 GMT",
agreements/agreements_20260607_025243/PENNSYLVANIA/County_of_Franklin___Franklin_County_Jail_/FranklinCountyJailPA_WSO_MOA_030725.pdf,2a1115f854ebe4eb041fdffbb87941bd1b4772a4a5cf007d3557340b085e013e,https://www.ice.gov/doclib/287gMOA/FranklinCountyJailPA_WSO_MOA_030725.pdf,2026-09-12T20:57:20Z,PENNSYLVANIA,County of Franklin / Franklin County Jail,FranklinCountyJailPA_WSO_MOA_030725.pdf,MOA; revalidated; bytes identical,"""d3ac9985ae11cc111f0810d34e39f231:1745358577.522208""","Tue, 22 Apr 2025 21:49:37 GMT",
agreements/agreements_20260607_025243/NORTH_DAKOTA/Dunn_County_Sheriff's_Office/DunnCountySOND_WSO_MOA_030725.pdf,63a4d72ed9693d9304432cbd3237fd7701a4b523e965f08a088ea0f0a1a8cb6f,https://www.ice.gov/doclib/287gMOA/DunnCountySOND_WSO_MOA_030725.pdf,2026-09-12T20:57:21Z,NORTH DAKOTA,Dunn County Sheriff's Office,DunnCountySOND_WSO_MOA_030725.pdf,MOA; revalidated; bytes identical,"""09b3a9f419a4eee817bf244efe452890:1745358576.356841""","Tue, 22 Apr 2025 21:49:36 GMT",
agreements/agreements_20260607_025243/NORTH_CAROLINA/Craven_County_Sheriff's_Office/CravenCountyNC_WSO_MOA_031025.pdf,5c2e99ef7f2f02ae7994f02d08fffc2674fce37b87d6b283f24c98230b2e9665,https://www.ice.gov/doclib/287gMOA/CravenCountyNC_WSO_MOA_031025.pdf,2026-09-12T20:57:21Z,NORTH CAROLINA,Craven County Sheriff's Office,CravenCountyNC_WSO_MOA_031025.pdf,MOA; revalidated; bytes identical,"""1dc13d1eeccebe9940c26c5d5947f3f6:1745358577.297902""","Tue, 22 Apr 2025 21:49:37 GMT",
agreements/agreements_20260607_025243/SOUTH_CAROLINA/Chester_County_Sheriff's_Office/ChesterCountySC_WSO_MOA_031025.pdf,1400b767e14de7bbb8088283d1695d7e26a671a0d1eaa51cdedcd0249df5ed41,https://www.ice.gov/doclib/287gMOA/ChesterCountySC_WSO_MOA_031025.pdf,2026-09-12T20:57:21Z,SOUTH CAROLINA,Chester County Sheriff's Office,ChesterCountySC_WSO_MOA_031025.pdf,MOA; revalidated; bytes identical,"""c249d1cb1c04e9d6df5d98f7221077e3:1745358577.939817""","Tue, 22 Apr 2025 21:49:37 GMT",
agreements/agreements_20260607_025243/PENNSYLVANIA/Bradford_County_Sheriff's_Office/BradfordCountyPA_WSO_MOA_03262025.pdf,1ebf98da8b45157467597f3a027ee13996aa82924b1017b7398cc40e09b14c81,https://www.ice.gov/doclib/287gMOA/BradfordCountyPA_WSO_MOA_03262025.pdf,2026-09-12T20:57:21Z,PENNSYLVANIA,Bradford County Sheriff's Office,BradfordCountyPA_WSO_MOA_03262025.pdf,MOA; revalidated; bytes identical,"""9a41c76e44dbafc7b20a1938986a33d4:1745358577.474252""","Tue, 22 Apr 2025 21:49:37 GMT",
agreements/agreements_20260607_025243/FLORIDA/Winter_Garden_Police_Department/WinterGardenPDFL_TFM_MOA_032625.pdf,18717e6b06faa5f39c84a5ae252a346344e5207f4efbccfbfe6f24b5a9532f53,https://www.ice.gov/doclib/287gMOA/WinterGardenPDFL_TFM_MOA_032625.pdf,2026-09-12T20:57:22Z,FLORIDA,Winter Garden Police Department,WinterGardenPDFL_TFM_MOA_032625.pdf,MOA; revalidated; bytes identical,"""c89e1126acc9e4b137ef352f405bbd41:1745358330.960501""","Tue, 22 Apr 2025 21:45:30 GMT",
agreements/agreements_20260607_025243/TEXAS/Wharton_County_Sheriff's_Office/WhartonCoTX_WSO_MOA_040225.pdf,601506ea11b950c41ba483c6769bd2a36e77f5a44e87b40664b8d29c35c9470a,https://www.ice.gov/doclib/287gMOA/WhartonCoTX_WSO_MOA_040225.pdf,2026-09-12T20:57:22Z,TEXAS,Wharton County Sheriff's Office,WhartonCoTX_WSO_MOA_040225.pdf,MOA; revalidated; bytes identical,"""fed31f4a9dcf68f7546b9c58da1c2eb6:1745358330.32098""","Tue, 22 Apr 2025 21:45:30 GMT",
agreements/agreements_20260607_025243/TEXAS/Walker_County_Sheriff's_Office/WalkerCoTX_WSO_MOA_040225.pdf,cb427fabbf09ef52ceadba57e43248d916753163b0b6e3925df890d4ff5f275a,https://www.ice.gov/doclib/287gMOA/WalkerCoTX_WSO_MOA_040225.pdf,2026-09-12T20:57:22Z,TEXAS,Walker County Sheriff's Office,WalkerCoTX_WSO_MOA_040225.pdf,MOA; revalidated; bytes identical,"""f88357dfd6163470d4c2be8030e18fdd:1745358330.505001""","Tue, 22 Apr 2025 21:45:30 GMT",
agreements/agreements_20260607_025243/FLORIDA/St._Lucie_County_Sheriff's_Office/StLucie_TFM_MOA.pdf,b20df5280f67b8ef71d2dc59db0b23047503848c991bae3ae033f8721b33e371,https://www.ice.gov/doclib/287gMOA/StLucie_TFM_MOA.pdf,2026-09-12T20:57:23Z,FLORIDA,St. Lucie County Sheriff's Office,StLucie_TFM_MOA.pdf,MOA; revalidated; bytes identical,"""01ac9bc299ec1be354b9e046e34aa84e:1745358330.021589""","Tue, 22 Apr 2025 21:45:30 GMT",
agreements/agreements_20260607_025243/FLORIDA/Sanibel_Police_Department/SanibelPDFL_TFM_MOA_032625.pdf,7f9a60b50334e5d1ada2c8a3cb2191199eb2a2bfe6797ce38a072766b10702a4,https://www.ice.gov/doclib/287gMOA/SanibelPDFL_TFM_MOA_032625.pdf,2026-09-12T20:57:23Z,FLORIDA,Sanibel Police Department,SanibelPDFL_TFM_MOA_032625.pdf,MOA; revalidated; bytes identical,"""8ec1867721c6fbc5a1e82ad3d125326d:1745358331.014344""","Tue, 22 Apr 2025 21:45:31 GMT",
agreements/agreements_20260607_025243/TEXAS/Panola_County_Sheriff's_Office/PanolaCountyTX_TFM_MOA_030525.pdf,1f13c6ed2d37ad96eb30ff3b51c7100df671c03c55b3ec30bf0ae798755f7950,https://www.ice.gov/doclib/287gMOA/PanolaCountyTX_TFM_MOA_030525.pdf,2026-09-12T20:57:23Z,TEXAS,Panola County Sheriff's Office,PanolaCountyTX_TFM_MOA_030525.pdf,MOA; revalidated; bytes identical,"""605083d8551e53d6994e96354386a194:1745358331.986689""","Tue, 22 Apr 2025 21:45:31 GMT",
agreements/agreements_20260607_025243/FLORIDA/Orange_County_Sheriff's_Office/OrangeCountySO_TFM_MOA.pdf,243b42fbf535d31ef97950c217b3b1779b6fe3ec139502855f24bf59362e668f,https://www.ice.gov/doclib/287gMOA/OrangeCountySO_TFM_MOA.pdf,2026-09-12T20:57:23Z,FLORIDA,Orange County Sheriff's Office,OrangeCountySO_TFM_MOA.pdf,MOA; revalidated; bytes identical,"""756a1d1dbb75df1ac6fd7e4fb570c47b:1745358330.708027""","Tue, 22 Apr 2025 21:45:30 GMT",
agreements/agreements_20260607_025243/FLORIDA/Florida_National_Guard/MOA_Between_ICE_FloridaNatGuard_04022025.pdf,443ff004fd966017e1511e8f9096dcde50274f22bd30d65d2b10bb316a1c9aa7,https://www.ice.gov/doclib/287gMOA/MOA_Between_ICE_FloridaNatGuard_04022025.pdf,2026-09-12T20:57:24Z,FLORIDA,Florida National Guard,MOA_Between_ICE_FloridaNatGuard_04022025.pdf,MOA; revalidated; bytes identical,"""428152e187f0cabcea453e1181301a5d:1744715717.295812""","Tue, 15 Apr 2025 11:15:17 GMT",
agreements/agreements_20260607_025243/FLORIDA/Hillsborough_County_Sheriff's_Office/HillsboroughCoSheriffsOffice_TFM_MOA_02.26.2025.pdf,bb6bb023778858b184296a25c20d0ed7a7e02f87a298c32d3eb0d439787f99fd,https://www.ice.gov/doclib/287gMOA/HillsboroughCoSheriffsOffice_TFM_MOA_02.26.2025.pdf,2026-09-12T20:57:24Z,FLORIDA,Hillsborough County Sheriff's Office,HillsboroughCoSheriffsOffice_TFM_MOA_02.26.2025.pdf,MOA; revalidated; bytes identical,"""26fecfd39aed9a6e51549a53bf571107:1744715712.092081""","Tue, 15 Apr 2025 11:15:12 GMT",
agreements/agreements_20260607_025243/FLORIDA/Hernando_County_Sheriff's_Office/HernandoCoSheriffsOffice_TFM_MOA_02.26.2025.pdf,9e852ca837125b323b7d13880d43551cf38c5aa175f6635214c5e9cbfc9d920a,https://www.ice.gov/doclib/287gMOA/HernandoCoSheriffsOffice_TFM_MOA_02.26.2025.pdf,2026-09-12T20:57:24Z,FLORIDA,Hernando County Sheriff's Office,HernandoCoSheriffsOffice_TFM_MOA_02.26.2025.pdf,MOA; revalidated; bytes identical,"""c6ac2917ae8e8a3fbbc44388e7df25f3:1744715711.390831""","Tue, 15 Apr 2025 11:15:11 GMT",
agreements/agreements_20260607_025243/FLORIDA/Eustis_Police_Department/EustisPoliceDeptFL_TFM_MOA_03.26.2025.pdf,d05e8a101b61f7c5deb4563dc40f59ad7c9f1157efa2be68f744e09ea46707f6,https://www.ice.gov/doclib/287gMOA/EustisPoliceDeptFL_TFM_MOA_03.26.2025.pdf,2026-09-12T20:57:24Z,FLORIDA,Eustis Police Department,EustisPoliceDeptFL_TFM_MOA_03.26.2025.pdf,MOA; revalidated; bytes identical,"""2e8a0f3bedbe46700fb0277babd7b4fa:1744715702.441781""","Tue, 15 Apr 2025 11:15:02 GMT",
agreements/agreements_20260607_025243/FLORIDA/DeSoto_County_Sheriff's_Office/DeSotoCoSheriffsOffice_TFM_MOA_02.26.2025.pdf,a3c04c846471a1fbbd4bc17a4386a04ff6a563e7175aedf260a1b4bf60cb9c38,https://www.ice.gov/doclib/287gMOA/DeSotoCoSheriffsOffice_TFM_MOA_02.26.2025.pdf,2026-09-12T20:57:25Z,FLORIDA,DeSoto County Sheriff's Office,DeSotoCoSheriffsOffice_TFM_MOA_02.26.2025.pdf,MOA; revalidated; bytes identical,"""66e61c23fa290cdffd45107aab79133d:1744715711.180557""","Tue, 15 Apr 2025 11:15:11 GMT",
agreements/agreements_20260607_025243/FLORIDA/Clay_County_Sheriff's_Office/ClayCoSheriffsOffice_TFM_MOA_02.26.2025.pdf,298499259132e4a9ccc634476c8580b195dc114ecf446f0c60756ab93f73aa1f,https://www.ice.gov/doclib/287gMOA/ClayCoSheriffsOffice_TFM_MOA_02.26.2025.pdf,2026-09-12T20:57:25Z,FLORIDA,Clay County Sheriff's Office,ClayCoSheriffsOffice_TFM_MOA_02.26.2025.pdf,MOA; revalidated; bytes identical,"""e7b769fe2a0a5281b0ec1e2e2f8a1269:1744715707.008149""","Tue, 15 Apr 2025 11:15:07 GMT",
agreements/agreements_20260607_025243/FLORIDA/Citrus_County_Sheriff's_Office/CitrusCoSheriffsOffice_TFM_MOA_02.26.2025.pdf,b16aea20f9e43babd1c52061327a7351e8e9446d193a56c44a496f543c47b8be,https://www.ice.gov/doclib/287gMOA/CitrusCoSheriffsOffice_TFM_MOA_02.26.2025.pdf,2026-09-12T20:57:25Z,FLORIDA,Citrus County Sheriff's Office,CitrusCoSheriffsOffice_TFM_MOA_02.26.2025.pdf,MOA; revalidated; bytes identical,"""cebf86d408c3c0e8d29fdd3831cc9f94:1744715706.721287""","Tue, 15 Apr 2025 11:15:06 GMT",
agreements/agreements_20260607_025243/FLORIDA/Charlotte_County_Sheriff's_Office/CharlotteCoSheriffsOffice_TFM_MOA_02.26.2025.pdf,36ce50a9aa38bda254b9de31c1a1bee4f40bd2af222b9f26f2e91de5c142900f,https://www.ice.gov/doclib/287gMOA/CharlotteCoSheriffsOffice_TFM_MOA_02.26.2025.pdf,2026-09-12T20:57:26Z,FLORIDA,Charlotte County Sheriff's Office,CharlotteCoSheriffsOffice_TFM_MOA_02.26.2025.pdf,MOA; revalidated; bytes identical,"""26139ba913dc745a478b591e97cb6efb:1744715714.378178""","Tue, 15 Apr 2025 11:15:14 GMT",
agreements/agreements_20260912_135704/FLORIDA/Alachua_County_Sheriff's_Office/MOA_AlachuaCoSheriffsOfficeFL_TFM_MOA_02262025.pdf,f54f4e6ecd29fd65d17669e0346556271c889de66b49ebb0089871cbaccb5724,https://www.ice.gov/doclib/287gMOA/AlachuaCoSheriffsOfficeFL_TFM_MOA_02262025.pdf,2026-09-12T20:57:27Z,FLORIDA,Alachua County Sheriff's Office,AlachuaCoSheriffsOfficeFL_TFM_MOA_02262025.pdf,MOA; new url in sheet a405c40debaf; deduplicated 2026-09-14; identical bytes retained at agreements/agreements_20260607_025243/FLORIDA/Alachua_County_Sheriff's_Office/AlachuaCoSheriffsOfficeFL_TFM_MOA_02262025.pdf,"""624b5063277ae8820c52e5d58ee95e74:1750946256.620196""","Thu, 26 Jun 2025 13:57:36 GMT",
agreements/agreements_20260607_025243/FLORIDA/Gulf_County_Board_of_County_Commissioners__Detention_Facility_/gulfCoBoardCountyCommissioners_WSO_MOA_02.19.2025.pdf,93d7dabb1835e40588c99638561217d867ae313e3614b1491489d03844119edc,https://www.ice.gov/doclib/287gMOA/gulfCoBoardCountyCommissioners_WSO_MOA_02.19.2025.pdf,2026-09-12T20:57:27Z,FLORIDA,Gulf County Board of County Commissioners /Detention Facility,gulfCoBoardCountyCommissioners_WSO_MOA_02.19.2025.pdf,MOA; revalidated; bytes identical,"""9f0e6fbc92ae123c2817dec6e61b6ff4:1741800735.037873""","Wed, 12 Mar 2025 17:32:15 GMT",
agreements/agreements_20260607_025243/TEXAS/Texas_National_Guard/TexasNationalGuard_TFM_MOA_04.10.2025.pdf,be69134d326a9b12b06423a1a6f1ad48b7c6def4857145a4edbd3cc367c7b075,https://www.ice.gov/doclib/287gMOA/TexasNationalGuard_TFM_MOA_04.10.2025.pdf,2026-09-12T20:57:27Z,TEXAS,Texas National Guard,TexasNationalGuard_TFM_MOA_04.10.2025.pdf,MOA; revalidated; bytes identical,"""ac186bca29b50816dff891d82e527f1b:1744390012.701714""","Fri, 11 Apr 2025 16:46:52 GMT",
agreements/agreements_20260607_025243/KANSAS/Rice_County_Sheriff's_Office/RiceCountyKS_WSO_MOA_031125.pdf,061c6829152ab20dab1e16708ebff58ffa600e9bf8f9f1952476e35531194998,https://www.ice.gov/doclib/287gMOA/RiceCountyKS_WSO_MOA_031125.pdf,2026-09-12T20:57:27Z,KANSAS,Rice County Sheriff's Office,RiceCountyKS_WSO_MOA_031125.pdf,MOA; revalidated; bytes identical,"""29152d9196625c2618245c3e8f273c9b:1744235587.183197""","Wed, 09 Apr 2025 21:53:07 GMT",
agreements/agreements_20260607_025243/KANSAS/Reno_County_Sheriff's_office/RenoCountySOKS_WSO_MOA_030425.pdf,1102acca82ca9288cd029b28a148a739d0de2ca8be3557f27b0bde19c3e389d5,https://www.ice.gov/doclib/287gMOA/RenoCountySOKS_WSO_MOA_030425.pdf,2026-09-12T20:57:28Z,KANSAS,Reno County Sheriff's office,RenoCountySOKS_WSO_MOA_030425.pdf,MOA; revalidated; bytes identical,"""77013511d540bcd4665929c055b598a7:1744235585.812498""","Wed, 09 Apr 2025 21:53:05 GMT",
agreements/agreements_20260607_025243/KENTUCKY/Oldham_County_Detention_Center/OldhamCountySOKY_WSO_MOA_030725.pdf,deafe1a2f037c2521984dbe74f9cd015cea2fcbe7c9c10d3837aa3854799ee9d,https://www.ice.gov/doclib/287gMOA/OldhamCountySOKY_WSO_MOA_030725.pdf,2026-09-12T20:57:28Z,KENTUCKY,Oldham County Detention Center,OldhamCountySOKY_WSO_MOA_030725.pdf,MOA; revalidated; bytes identical,"""2d96841fe018d047ebc07c08066ab9d4:1744235584.721193""","Wed, 09 Apr 2025 21:53:04 GMT",
agreements/agreements_20260607_025243/MICHIGAN/Jackson_County_Sheriff's_Office/JacksonCountyMI_WSO_MOA_031825.pdf,77ee14381ce443fd732b075323d808d84e36c4aa1f3f3b8fb02bb5ca9a7b0c52,https://www.ice.gov/doclib/287gMOA/JacksonCountyMI_WSO_MOA_031825.pdf,2026-09-12T20:57:28Z,MICHIGAN,Jackson County Sheriff's Office,JacksonCountyMI_WSO_MOA_031825.pdf,MOA; revalidated; bytes identical,"""9752a238fb4edb104f5c2333a6d7a7d0:1744235578.08107""","Wed, 09 Apr 2025 21:52:58 GMT",
agreements/agreements_20260607_025243/KENTUCKY/Grayson_County_Detention_Center/GraysonCountyDetCenterKY_WSO_MOA_030425.pdf,c4ce572abde96156e83ba639363d3995a4a47bc781b211320947ac25eb87adfc,https://www.ice.gov/doclib/287gMOA/GraysonCountyDetCenterKY_WSO_MOA_030425.pdf,2026-09-12T20:57:29Z,KENTUCKY,Grayson County Detention Center,GraysonCountyDetCenterKY_WSO_MOA_030425.pdf,MOA; revalidated; bytes identical,"""3ea9b89995104ca443bdd53dd7461210:1744235577.310314""","Wed, 09 Apr 2025 21:52:57 GMT",
agreements/agreements_20260607_025243/MINNESOTA/Freeborn_County_Sheriff's_Office/FreebornCountyMN_WSO_MOA031325.pdf,1b64f79ec1e01f1b37b5d68dc4ca0621eb505d82fa9443247d5a5a745e7b008f,https://www.ice.gov/doclib/287gMOA/FreebornCountyMN_WSO_MOA031325.pdf,2026-09-12T20:57:29Z,MINNESOTA,Freeborn County Sheriff's Office,FreebornCountyMN_WSO_MOA031325.pdf,MOA; revalidated; bytes identical,"""68e4112daf01c7596ebea46a0c4564a9:1744235577.614955""","Wed, 09 Apr 2025 21:52:57 GMT",
agreements/agreements_20260607_025243/OHIO/Portage_County_Sheriff's_Office/PortageCountySO_WSO_MOA_031225.pdf,5d82015b4d6e35d0e58678696d6540dbb3383f5467e2c53fdf1e9371a08a9ebe,https://www.ice.gov/doclib/287gMOA/PortageCountySO_WSO_MOA_031225.pdf,2026-09-12T20:57:29Z,OHIO,Portage County Sheriff's Office,PortageCountySO_WSO_MOA_031225.pdf,MOA; revalidated; bytes identical,"""a492821ace1e01c1973c0ebe2b23b69d:1744235321.179601""","Wed, 09 Apr 2025 21:48:41 GMT",
agreements/agreements_20260607_025243/MISSOURI/Christian_County_Sheriff's_Office/ChristianCountyMO_WSO_MOA_031325.pdf,321e4b64d4bfdc1256e15e3018d9846a1d14920e5b848d1a26cb721b88aa29b3,https://www.ice.gov/doclib/287gMOA/ChristianCountyMO_WSO_MOA_031325.pdf,2026-09-12T20:57:30Z,MISSOURI,Christian County Sheriff's Office,ChristianCountyMO_WSO_MOA_031325.pdf,MOA; revalidated; bytes identical,"""a71d3ea9fb94021202ce08775321c6b9:1744235329.279172""","Wed, 09 Apr 2025 21:48:49 GMT",
agreements/agreements_20260607_025243/NORTH_CAROLINA/Cherokee_County_Sheriff's_Office/CherokeeCountyNC_WSO_MOA_031025.pdf,5808025e5369aa886e0dbcafd81b74c31ff0c393d9c72f8788609ae4f6b6cc12,https://www.ice.gov/doclib/287gMOA/CherokeeCountyNC_WSO_MOA_031025.pdf,2026-09-12T20:57:30Z,NORTH CAROLINA,Cherokee County Sheriff's Office,CherokeeCountyNC_WSO_MOA_031025.pdf,MOA; revalidated; bytes identical,"""f3a58576907c957ed9bce6688078066f:1744235321.235364""","Wed, 09 Apr 2025 21:48:41 GMT",
agreements/agreements_20260607_025243/TEXAS/Titus_County_Sheriff's_Office/TitusCountyTX_TFM_MOA_031025.pdf,812a914835328855b8aed06b0f195649de9deee6964723a9b7c7b482d65d0de6,https://www.ice.gov/doclib/287gMOA/TitusCountyTX_TFM_MOA_031025.pdf,2026-09-12T20:57:30Z,TEXAS,Titus County Sheriff's Office,TitusCountyTX_TFM_MOA_031025.pdf,MOA; revalidated; bytes identical,"""fe322de683905c1e0feae7c7ae72528f:1744141497.385488""","Tue, 08 Apr 2025 19:44:57 GMT",
agreements/agreements_20260607_025243/TEXAS/Sutton_County_Sheriff's_Office/SuttonCountyTX_TFM_MOA_031025.pdf,ae8fd0bf45c2c218fe95449907458327b6a4a97d0f27493711a41cc5521e5cbd,https://www.ice.gov/doclib/287gMOA/SuttonCountyTX_TFM_MOA_031025.pdf,2026-09-12T20:57:30Z,TEXAS,Sutton County Sheriff's Office,SuttonCountyTX_TFM_MOA_031025.pdf,MOA; revalidated; bytes identical,"""b01bbd58d3b6a71706fb078be13eeb83:1744141497.239276""","Tue, 08 Apr 2025 19:44:57 GMT",
agreements/agreements_20260607_025243/KENTUCKY/Oldham_County_Detention_Center/OldhamCountySheriffKY_JEM_MOA_030725.pdf,80261154c68a204486ee70e772c30fcdeabd0e259cf3c30a96a38426d569cb14,https://www.ice.gov/doclib/287gMOA/OldhamCountySheriffKY_JEM_MOA_030725.pdf,2026-09-12T20:57:31Z,KENTUCKY,Oldham County Detention Center,OldhamCountySheriffKY_JEM_MOA_030725.pdf,MOA; revalidated; bytes identical,"""bef7550ef93ce37d7bcfaa640da45755:1744141503.082117""","Tue, 08 Apr 2025 19:45:03 GMT",
agreements/agreements_20260607_025243/ALABAMA/Henry_County_Sheriff's_Office/HenryCountySheriffAL_JEM_MOA_031425.pdf,f9950d9c941e33c8239578061fb234482161c375a8ce35953a4a7a8731bc05b3,https://www.ice.gov/doclib/287gMOA/HenryCountySheriffAL_JEM_MOA_031425.pdf,2026-09-12T20:57:31Z,ALABAMA,Henry County Sheriff's Office,HenryCountySheriffAL_JEM_MOA_031425.pdf,MOA; revalidated; bytes identical,"""1837942f466b9630b43c576a8dd48f47:1744141496.844885""","Tue, 08 Apr 2025 19:44:56 GMT",
agreements/agreements_20260607_025243/KENTUCKY/Grayson_County_Detention_Center/GraysonCountyDCKY_JEM_MOA_030425.pdf,738a30e4a2f235d7616ab72441ed8f6e59eb8930f84040cb0555a4310a19e332,https://www.ice.gov/doclib/287gMOA/GraysonCountyDCKY_JEM_MOA_030425.pdf,2026-09-12T20:57:31Z,KENTUCKY,Grayson County Detention Center,GraysonCountyDCKY_JEM_MOA_030425.pdf,MOA; revalidated; bytes identical,"""689957fc135e0a7515cd32147aeecb6e:1746558755.215372""","Tue, 06 May 2025 19:12:35 GMT",
agreements/agreements_20260607_025243/ALABAMA/Elmore_County_Sheriff's_Office/ElmoreCountyAL_JEM_MOA_030625.pdf,95417db4307bea16b611e982a324c374777eb16f84e3d7b09645ac847b972c83,https://www.ice.gov/doclib/287gMOA/ElmoreCountyAL_JEM_MOA_030625.pdf,2026-09-12T20:57:32Z,ALABAMA,Elmore County Sheriff's Office,ElmoreCountyAL_JEM_MOA_030625.pdf,MOA; revalidated; bytes identical,"""2f6fe442d94e4bfe1572f733beb35aea:1744141504.155228""","Tue, 08 Apr 2025 19:45:04 GMT",
agreements/agreements_20260607_025243/VIRGINIA/Bedford_County_Sheriff's_Office/BedfordCountySheriffVA_TFM_MOA_030725.pdf,db5b1bad7ee4f9adb6e5e12e9c711994c62ba59de4bfdcd7b628b3b53c3c5c0a,https://www.ice.gov/doclib/287gMOA/BedfordCountySheriffVA_TFM_MOA_030725.pdf,2026-09-12T20:57:32Z,VIRGINIA,Bedford County Sheriff's Office,BedfordCountySheriffVA_TFM_MOA_030725.pdf,MOA; revalidated; bytes identical,"""56a9907cce2e9c455cefc9cfc17fafd5:1744141492.509754""","Tue, 08 Apr 2025 19:44:52 GMT",
agreements/agreements_20260607_025243/WYOMING/Sweetwater_County_Sheriff's_Office/SweetwaterCounty_JEM_MOA_030725.pdf,726090745eedfc26eb2466032c80967d58d00aad541120fc42c8218d4ef88a06,https://www.ice.gov/doclib/287gMOA/SweetwaterCounty_JEM_MOA_030725.pdf,2026-09-12T20:57:32Z,WYOMING,Sweetwater County Sheriff's Office,SweetwaterCounty_JEM_MOA_030725.pdf,MOA; revalidated; bytes identical,"""da27a140718511fe9e006efdba6900bc:1744142252.501176""","Tue, 08 Apr 2025 19:57:32 GMT",
agreements/agreements_20260607_025243/INDIANA/Noble_County_Sheriff's_Office/NobleCountyIN_WSO_MOA_031225.pdf,67842bc0c7c7b6bba4a434ef04b46df825c777472892431e29cd62966710f0d8,https://www.ice.gov/doclib/287gMOA/NobleCountyIN_WSO_MOA_031225.pdf,2026-09-12T20:57:32Z,INDIANA,Noble County Sheriff's Office,NobleCountyIN_WSO_MOA_031225.pdf,MOA; revalidated; bytes identical,"""597adc417413b652cf9b0dc5824fd66d:1744142252.602049""","Tue, 08 Apr 2025 19:57:32 GMT",
agreements/agreements_20260607_025243/INDIANA/Jasper_County_Sheriff's_Office/JasperCountyIN_WSO_MOA_031725.pdf,263c8fcfc413af48421e215245eea1f908ac0b3e33246c9b656df0048a1985ad,https://www.ice.gov/doclib/287gMOA/JasperCountyIN_WSO_MOA_031725.pdf,2026-09-12T20:57:33Z,INDIANA,Jasper County Sheriff's Office,JasperCountyIN_WSO_MOA_031725.pdf,MOA; revalidated; bytes identical,"""2c3ca7756de9795e26725386d7b8a4c8:1744142255.016547""","Tue, 08 Apr 2025 19:57:35 GMT",
agreements/agreements_20260607_025243/TENNESSEE/Hamilton_County_Sheriff's_Office/HamiltonCountySheriffTN_JEM_031325.pdf,951ce807329ee9561fd29a4b1d8e41e00a4689f376df90449a6c19d324ea460e,https://www.ice.gov/doclib/287gMOA/HamiltonCountySheriffTN_JEM_031325.pdf,2026-09-12T20:57:33Z,TENNESSEE,Hamilton County Sheriff's Office,HamiltonCountySheriffTN_JEM_031325.pdf,MOA; revalidated; bytes identical,"""cbbaa97b8283f1e67223f0dc8cb41e59:1744142249.858896""","Tue, 08 Apr 2025 19:57:29 GMT",
agreements/agreements_20260607_025243/TEXAS/Gregg_County_Sheriff's_Office/GreggCountyTX_JEM_MOA_031125.pdf,3f0933daeafca0969dbf4670ea6709081b8f42781ed863dd5510e1c5ddd2cc61,https://www.ice.gov/doclib/287gMOA/GreggCountyTX_JEM_MOA_031125.pdf,2026-09-12T20:57:33Z,TEXAS,Gregg County Sheriff's Office,GreggCountyTX_JEM_MOA_031125.pdf,MOA; revalidated; bytes identical,"""7d99f8206f30c77300627e0996d9004e:1744142256.409793""","Tue, 08 Apr 2025 19:57:36 GMT",
agreements/agreements_20260607_025243/ALABAMA/Franklin_County_Sheriff's_Office/FranklinCountyAL_WSO_MOA_030625.pdf,77d71b31dce348c911b14d0d27b521309575401df54470e98f550fd8dbb3a0a9,https://www.ice.gov/doclib/287gMOA/FranklinCountyAL_WSO_MOA_030625.pdf,2026-09-12T20:57:33Z,ALABAMA,Franklin County Sheriff's Office,FranklinCountyAL_WSO_MOA_030625.pdf,MOA; revalidated; bytes identical,"""8edef6b09f94cac44e24d3e53f486d0e:1744142248.699965""","Tue, 08 Apr 2025 19:57:28 GMT",
agreements/agreements_20260607_025243/GEORGIA/Decatur_County_Sheriff's_Office/DecaturCountySheriffGA_WSO_MOA_031825.pdf,db952a3cb95d763ec14bc14e38bf69cf6d82b3b3c9e339ec4aea2b8ec97e8e68,https://www.ice.gov/doclib/287gMOA/DecaturCountySheriffGA_WSO_MOA_031825.pdf,2026-09-12T20:57:34Z,GEORGIA,Decatur County Sheriff's Office,DecaturCountySheriffGA_WSO_MOA_031825.pdf,MOA; revalidated; bytes identical,"""cb47ac39ba3cece21ecbb7f6a767430e:1744142250.452155""","Tue, 08 Apr 2025 19:57:30 GMT",
agreements/agreements_20260607_025243/KANSAS/Cowley_County_Sheriff's_Office/CowleyCountySO_WSO_MOA_030425.pdf,73b1ad610998541af4e65ce71e86e45f47a2c0d51ced545812ad43879d9365da,https://www.ice.gov/doclib/287gMOA/CowleyCountySO_WSO_MOA_030425.pdf,2026-09-12T20:57:34Z,KANSAS,Cowley County Sheriff's Office,CowleyCountySO_WSO_MOA_030425.pdf,MOA; revalidated; bytes identical,"""2f6b84b1f86af268ebac956b3f9eadaf:1744142248.462134""","Tue, 08 Apr 2025 19:57:28 GMT",
agreements/agreements_20260607_025243/OKLAHOMA/Sterling_Police_Department/SterlingOK_PoliceDept_TFM_MOA_03.07.2025.pdf,012f2c1ba62124b7d68dc335227ebccb888d149049cd14af023f3861969dcb87,https://www.ice.gov/doclib/287gMOA/SterlingOK_PoliceDept_TFM_MOA_03.07.2025.pdf,2026-09-12T20:57:34Z,OKLAHOMA,Sterling Police Department,SterlingOK_PoliceDept_TFM_MOA_03.07.2025.pdf,MOA; revalidated; bytes identical,"""f2e21573196daaf8aeed5a0dd15e3259:1744116120.481997""","Tue, 08 Apr 2025 12:42:00 GMT",
agreements/agreements_20260607_025243/SOUTH_CAROLINA/South_Carolina_Law_Enforcement_Division/SouthCarolinaLawEnfDiv_TFM_MOA_03.07.2025.pdf,15454ebe54e91c7761c431d9e18935f2bcd346a2c82e3fdcc4e1adbf7c3f6a21,https://www.ice.gov/doclib/287gMOA/SouthCarolinaLawEnfDiv_TFM_MOA_03.07.2025.pdf,2026-09-12T20:57:35Z,SOUTH CAROLINA,South Carolina Law Enforcement Division,SouthCarolinaLawEnfDiv_TFM_MOA_03.07.2025.pdf,MOA; revalidated; bytes identical,"""5ea4af6787d2932b3dc87c0a62d02b22:1744116116.125565""","Tue, 08 Apr 2025 12:41:56 GMT",
agreements/agreements_20260607_025243/OHIO/Portage_County_Sheriff's_Office/PortageCoSheriffsOfficeOH_TFM_MOA_03.12.2025.pdf,d122040bc5353385d4b02dea2a2e82d26b2a23072967f92273857fa9a4f6375a,https://www.ice.gov/doclib/287gMOA/PortageCoSheriffsOfficeOH_TFM_MOA_03.12.2025.pdf,2026-09-12T20:57:35Z,OHIO,Portage County Sheriff's Office,PortageCoSheriffsOfficeOH_TFM_MOA_03.12.2025.pdf,MOA; revalidated; bytes identical,"""5db44a0a12812bf46059caf70e5a8d93:1744116107.62597""","Tue, 08 Apr 2025 12:41:47 GMT",
agreements/agreements_20260607_025243/TEXAS/Medina_County_Sheriff's_Office/MedinaCoSheriffsOfficeTX_TFM_MOA_03.20.2025.pdf,888f01693060cf629621763b807ea8be585bd78cbcd6be1ad0e949de2e676120,https://www.ice.gov/doclib/287gMOA/MedinaCoSheriffsOfficeTX_TFM_MOA_03.20.2025.pdf,2026-09-12T20:57:35Z,TEXAS,Medina County Sheriff's Office,MedinaCoSheriffsOfficeTX_TFM_MOA_03.20.2025.pdf,MOA; revalidated; bytes identical,"""557ae1c4607c33c57d584468c2ee05e5:1744116111.685895""","Tue, 08 Apr 2025 12:41:51 GMT",
agreements/agreements_20260607_025243/TEXAS/Kinney_County_Sheriff's_Office/KinneyCoTX_TFM_MOA_03.19.2025.pdf,003cb82d4c90ad1e1424043ee13d995de66be9d2cedbcde01b16e00077ed350e,https://www.ice.gov/doclib/287gMOA/KinneyCoTX_TFM_MOA_03.19.2025.pdf,2026-09-12T20:57:35Z,TEXAS,Kinney County Sheriff's Office,KinneyCoTX_TFM_MOA_03.19.2025.pdf,MOA; revalidated; bytes identical,"""5f9e76ef86ce4fa48f94fb4f9e1a17fb:1744116106.121137""","Tue, 08 Apr 2025 12:41:46 GMT",
agreements/agreements_20260607_025243/TEXAS/Jim_Wells_County_Sheriff's_Office/JimWellsCoTX_TFM_MOA_03.03.2025.pdf,0ad117da852258bb1009a34c1a00ad7b64550bbf1ff1374fb4cb38ef6fbb047a,https://www.ice.gov/doclib/287gMOA/JimWellsCoTX_TFM_MOA_03.03.2025.pdf,2026-09-12T20:57:36Z,TEXAS,Jim Wells County Sheriff's Office,JimWellsCoTX_TFM_MOA_03.03.2025.pdf,MOA; revalidated; bytes identical,"""21d7fb6b5a0f31e2ab0da733964e0b14:1744116126.280439""","Tue, 08 Apr 2025 12:42:06 GMT",
agreements/agreements_20260607_025243/PENNSYLVANIA/Franklin_County_Sheriffs_Office/FranklinCoPA_TFM_MOA_03.10.2025.pdf,f20fdfba005e8db7abd60ead58117dba45fb681736e087c724b596305d2c62b6,https://www.ice.gov/doclib/287gMOA/FranklinCoPA_TFM_MOA_03.10.2025.pdf,2026-09-12T20:57:36Z,PENNSYLVANIA,Franklin County Sheriffs Office,FranklinCoPA_TFM_MOA_03.10.2025.pdf,MOA; revalidated; bytes identical,"""c4a505e71c33ff4f5a53f8eb661e0054:1744116110.164894""","Tue, 08 Apr 2025 12:41:50 GMT",
agreements/agreements_20260607_025243/TEXAS/Falls_County_Sheriff's_Office/FallsCoTX_TFM_MOA_03.17.2025.pdf,6ed1a7098c3061139e03ef10a5bd314ebb271ae2f55354390b3c897cdb2638ca,https://www.ice.gov/doclib/287gMOA/FallsCoTX_TFM_MOA_03.17.2025.pdf,2026-09-12T20:57:36Z,TEXAS,Falls County Sheriff's Office,FallsCoTX_TFM_MOA_03.17.2025.pdf,MOA; revalidated; bytes identical,"""66597c3e0dedcddba1335fd76dc07fa1:1744116105.880614""","Tue, 08 Apr 2025 12:41:45 GMT",
agreements/agreements_20260607_025243/TEXAS/Calhoun_County_Sheriff's_Office/CalhounCoTX_TFM_MOA_03.07.2025.pdf,51fc6ebde41538a55a702eb7587c06cc0cea0c84a980a2a57c35de9b73276858,https://www.ice.gov/doclib/287gMOA/CalhounCoTX_TFM_MOA_03.07.2025.pdf,2026-09-12T20:57:37Z,TEXAS,Calhoun County Sheriff's Office,CalhounCoTX_TFM_MOA_03.07.2025.pdf,MOA; revalidated; bytes identical,"""3c267a1657e894e242776f17befcda68:1744116105.215527""","Tue, 08 Apr 2025 12:41:45 GMT",
agreements/agreements_20260607_025243/NEW_HAMPSHIRE/Troy_Police_Department/TroyNH_PoliceDept_TFM_MOA_03.17.2025.pdf,4c98d19e87df00a73bf5db05c9485854a903687d30a2fb36b8220e1351b43c8e,https://www.ice.gov/doclib/287gMOA/TroyNH_PoliceDept_TFM_MOA_03.17.2025.pdf,2026-09-12T20:57:37Z,NEW HAMPSHIRE,Troy Police Department,TroyNH_PoliceDept_TFM_MOA_03.17.2025.pdf,MOA; revalidated; bytes identical,"""d73f61c5b7e07e8e00942338849bef69:1744115570.392437""","Tue, 08 Apr 2025 12:32:50 GMT",
agreements/agreements_20260607_025243/MONTANA/Montana_Department_of_Justice/MontanaDOJ_DHP_TFM_MOA_02.20.2025.pdf,9f8947b69342f4cd5d05ee539ed47642fcd13a532a65855740c6acccca285c11,https://www.ice.gov/doclib/287gMOA/MontanaDOJ_DHP_TFM_MOA_02.20.2025.pdf,2026-09-12T20:57:37Z,MONTANA,Montana Department of Justice,MontanaDOJ_DHP_TFM_MOA_02.20.2025.pdf,MOA; revalidated; bytes identical,"""839bd4e65f9448a2e8a602bbcbb58f75:1744115574.743817""","Tue, 08 Apr 2025 12:32:54 GMT",
agreements/agreements_20260607_025243/MISSOURI/Missouri_Highway_Patrol/MissouriStateHighwayPatrol_TFM_MOA_03.21.2025.pdf,dacb9c3021680bcf3144a282c467c0cd80a44e3e6078a251cbc1ab881b97e685,https://www.ice.gov/doclib/287gMOA/MissouriStateHighwayPatrol_TFM_MOA_03.21.2025.pdf,2026-09-12T20:57:37Z,MISSOURI,Missouri Highway Patrol,MissouriStateHighwayPatrol_TFM_MOA_03.21.2025.pdf,MOA; revalidated; bytes identical,"""ad5f3fe0922433040dc985af22bd2d9e:1744115569.832436""","Tue, 08 Apr 2025 12:32:49 GMT",
agreements/agreements_20260607_025243/MISSISSIPPI/Mississippi_Attorney_General's_Office/MississippiAttorneyGeneralsOffice_TFM_MOA_03.17.2025.pdf,f42b63ff10b2f2940c04cb5475423697d912dbc464e74c47203afe9f54a1e385,https://www.ice.gov/doclib/287gMOA/MississippiAttorneyGeneralsOffice_TFM_MOA_03.17.2025.pdf,2026-09-12T20:57:38Z,MISSISSIPPI,Mississippi Attorney General's Office,MississippiAttorneyGeneralsOffice_TFM_MOA_03.17.2025.pdf,MOA; revalidated; bytes identical,"""d2a6ec9ef96bd98a4cc782a50e08c147:1744115565.360302""","Tue, 08 Apr 2025 12:32:45 GMT",
agreements/agreements_20260607_025243/NORTH_DAKOTA/McKenzie_County_Sheriff's_Office/McKenzieCoND_TFM_MOA_03.06.2025.pdf,6b65be9fe371aa8c30a59e03020af2fa4c77769a0aebf72adebe4694ba2f0b98,https://www.ice.gov/doclib/287gMOA/McKenzieCoND_TFM_MOA_03.06.2025.pdf,2026-09-12T20:57:38Z,NORTH DAKOTA,McKenzie County Sheriff's Office,McKenzieCoND_TFM_MOA_03.06.2025.pdf,MOA; revalidated; bytes identical,"""a74d21dfb10bf07a956a80c0899d553f:1744115575.342858""","Tue, 08 Apr 2025 12:32:55 GMT",
agreements/agreements_20260607_025243/NORTH_DAKOTA/Dunn_County_Sheriff's_Office/DunnCoSheriffsOfficeND_TFM_MOA_03.07.2025.pdf,26a3c5cc8854cccf6c1663702540f4688fb84b490a1364273cb4dc3aaa772764,https://www.ice.gov/doclib/287gMOA/DunnCoSheriffsOfficeND_TFM_MOA_03.07.2025.pdf,2026-09-12T20:57:38Z,NORTH DAKOTA,Dunn County Sheriff's Office,DunnCoSheriffsOfficeND_TFM_MOA_03.07.2025.pdf,MOA; revalidated; bytes identical,"""b27ce4390b69a1afb46d14ed0d4f0a7d:1744115559.996488""","Tue, 08 Apr 2025 12:32:39 GMT",
agreements/agreements_20260607_025243/NORTH_DAKOTA/Dickinson_Police_Department/DickinsonND_PoliceDept_TFM_MOA_03.07.2025.pdf,293375803492c293f1f0c72cd1c69c95df41d23c93fc9742b39b5305b8f5e461,https://www.ice.gov/doclib/287gMOA/DickinsonND_PoliceDept_TFM_MOA_03.07.2025.pdf,2026-09-12T20:57:39Z,NORTH DAKOTA,Dickinson Police Department,DickinsonND_PoliceDept_TFM_MOA_03.07.2025.pdf,MOA; revalidated; bytes identical,"""3d311d8e9b4168fc7757385e6285f3d9:1744115561.208912""","Tue, 08 Apr 2025 12:32:41 GMT",
agreements/agreements_20260607_025243/NEW_HAMPSHIRE/Colebrook_Police_Department/ColebrookNH_PoliceDept_TFM_MOA_03.05.2025.pdf,323bf87486b3e8400237fc40b5652384456b513258748f29889ffe411772ec5b,https://www.ice.gov/doclib/287gMOA/ColebrookNH_PoliceDept_TFM_MOA_03.05.2025.pdf,2026-09-12T20:57:39Z,NEW HAMPSHIRE,Colebrook Police Department,ColebrookNH_PoliceDept_TFM_MOA_03.05.2025.pdf,MOA; revalidated; bytes identical,"""5e0c285d599d4803797605ac9596004a:1744115567.689979""","Tue, 08 Apr 2025 12:32:47 GMT",
agreements/agreements_20260607_025243/FLORIDA/Tequesta_Police_Department/TequestaPoliceDeptFL_TFM_MOA_03.07.2025.pdf,8b8ad9f3e9f65df8021399b378f66c391ac81c64e16e319a75239b86a457a79a,https://www.ice.gov/doclib/287gMOA/TequestaPoliceDeptFL_TFM_MOA_03.07.2025.pdf,2026-09-12T20:57:39Z,FLORIDA,Tequesta Police Department,TequestaPoliceDeptFL_TFM_MOA_03.07.2025.pdf,MOA; revalidated; bytes identical,"""781203d1d225858a7391779a9ddb6136:1744030978.556734""","Mon, 07 Apr 2025 13:02:58 GMT",
agreements/agreements_20260607_025243/FLORIDA/Tavares_Police_Department/TavaresPoliceDeptFL_TFM_MOA_03.06.2025.pdf,f9a040554713367009f564ea71ca2986e547ecdb86e637df8e30d2b982542c4d,https://www.ice.gov/doclib/287gMOA/TavaresPoliceDeptFL_TFM_MOA_03.06.2025.pdf,2026-09-12T20:57:39Z,FLORIDA,Tavares Police Department,TavaresPoliceDeptFL_TFM_MOA_03.06.2025.pdf,MOA; revalidated; bytes identical,"""e783d279a4f701f1c9f1ba3a28cdfa45:1744030962.831589""","Mon, 07 Apr 2025 13:02:42 GMT",
agreements/agreements_20260607_025243/FLORIDA/Tallahassee_Police_Department/TallahaseePoliceDeptFL_TFM_MOA_03.10.2025.pdf,861d6b077d050e37ab6ee5d2f7c3b98aa4a406d2753326427166a465f1dd822b,https://www.ice.gov/doclib/287gMOA/TallahaseePoliceDeptFL_TFM_MOA_03.10.2025.pdf,2026-09-12T20:57:40Z,FLORIDA,Tallahassee Police Department,TallahaseePoliceDeptFL_TFM_MOA_03.10.2025.pdf,MOA; revalidated; bytes identical,"""36561fb10c3612e248bdea1d87a15aed:1744030962.646252""","Mon, 07 Apr 2025 13:02:42 GMT",
agreements/agreements_20260607_025243/FLORIDA/Sweetwater_Police_Department/SweetwaterPoliceDeptFL_TFM_MOA_03.20.2025.pdf,ed79ee9fd1643d2727e6329810539b3f8b1424ee3c362cbd246caa806c365c12,https://www.ice.gov/doclib/287gMOA/SweetwaterPoliceDeptFL_TFM_MOA_03.20.2025.pdf,2026-09-12T20:57:40Z,FLORIDA,Sweetwater Police Department,SweetwaterPoliceDeptFL_TFM_MOA_03.20.2025.pdf,MOA; revalidated; bytes identical,"""ca28bd0c85ffa6b772bf192494adcd7c:1744030978.794381""","Mon, 07 Apr 2025 13:02:58 GMT",
agreements/agreements_20260607_025243/FLORIDA/Palm_Beach_Gardens_Police_Department/PalmBeachGardensPoliceDeptFL_TFM_MOA_03.04.2025.pdf,c5a9164047a51851c2c51b534520c6de368e46b6d640ca8c75406caa7ee0558d,https://www.ice.gov/doclib/287gMOA/PalmBeachGardensPoliceDeptFL_TFM_MOA_03.04.2025.pdf,2026-09-12T20:57:40Z,FLORIDA,Palm Beach Gardens Police Department,PalmBeachGardensPoliceDeptFL_TFM_MOA_03.04.2025.pdf,MOA; revalidated; bytes identical,"""e517bb44fd2f69f848e49f08d006f960:1744030962.339019""","Mon, 07 Apr 2025 13:02:42 GMT",
agreements/agreements_20260607_025243/FLORIDA/Oviedo_Police_Department/OviedoPoliceDeptFL_TFM_MOA_03.25.2025.pdf,cb14a72ed8b48a02752185a9f2a06ffb5396564992752ea61cb708c6a216a309,https://www.ice.gov/doclib/287gMOA/OviedoPoliceDeptFL_TFM_MOA_03.25.2025.pdf,2026-09-12T20:57:41Z,FLORIDA,Oviedo Police Department,OviedoPoliceDeptFL_TFM_MOA_03.25.2025.pdf,MOA; revalidated; bytes identical,"""51a2c633017a3bc3b208ee926c16f47e:1744030971.678602""","Mon, 07 Apr 2025 13:02:51 GMT",
agreements/agreements_20260607_025243/FLORIDA/Marianna_Police_Department/MariannaPoliceDeptFL_TFM_MOA_03.04.2025.pdf,d0ef87041b0629ea36792ed15058acb3f11baca363c3bc7ef915114368968fda,https://www.ice.gov/doclib/287gMOA/MariannaPoliceDeptFL_TFM_MOA_03.04.2025.pdf,2026-09-12T20:57:41Z,FLORIDA,Marianna Police Department,MariannaPoliceDeptFL_TFM_MOA_03.04.2025.pdf,MOA; revalidated; bytes identical,"""436a34e7e7d43f2013f794f1d7f392a4:1744030958.232842""","Mon, 07 Apr 2025 13:02:38 GMT",
agreements/agreements_20260607_025243/FLORIDA/West_Miami_Police_Department/westMiamiPoliceDeptFL_TFM_MOA_03.20.25.pdf,9d9f8f83936a338396741cd386380311278f0b3bc1216553f2484274ad106b00,https://www.ice.gov/doclib/287gMOA/westMiamiPoliceDeptFL_TFM_MOA_03.20.25.pdf,2026-09-12T20:57:41Z,FLORIDA,West Miami Police Department,westMiamiPoliceDeptFL_TFM_MOA_03.20.25.pdf,MOA; revalidated; bytes identical,"""2de5d7f1bb6d7151b29e69ab23317f65:1744030516.519996""","Mon, 07 Apr 2025 12:55:16 GMT",
agreements/agreements_20260607_025243/FLORIDA/Vero_Beach_Police_Department/veroBeachPoliceDeptFL_TFM_MOA_03.20.25.pdf,d0071a74a07702567f28ac5e52e43f7d8c173ade6f3eab6599faffd593b03748,https://www.ice.gov/doclib/287gMOA/veroBeachPoliceDeptFL_TFM_MOA_03.20.25.pdf,2026-09-12T20:57:41Z,FLORIDA,Vero Beach Police Department,veroBeachPoliceDeptFL_TFM_MOA_03.20.25.pdf,MOA; revalidated; bytes identical,"""d3787a8e2dced8dc05ac5ad77c6848ba:1744030524.137803""","Mon, 07 Apr 2025 12:55:24 GMT",
agreements/agreements_20260607_025243/FLORIDA/Venice_Police_Department/venicePoliceDeptFL_TFM_MOA_03.06.25.pdf,ce5dc8965b71bd1d403f63bbf5473da60789957fef755b28d9224a53b765ca3f,https://www.ice.gov/doclib/287gMOA/venicePoliceDeptFL_TFM_MOA_03.06.25.pdf,2026-09-12T20:57:42Z,FLORIDA,Venice Police Department,venicePoliceDeptFL_TFM_MOA_03.06.25.pdf,MOA; revalidated; bytes identical,"""d9a24d649d6703168987524705acf78a:1744030519.482129""","Mon, 07 Apr 2025 12:55:19 GMT",
agreements/agreements_20260607_025243/FLORIDA/Treasure_Island_Police_Department/treasureIslandPoliceDeptFL_TFM_MOA_03.07.25.pdf,5c389050804dca8c5f13f0c78c0b878813f67021b258be1182c035b0256d80e1,https://www.ice.gov/doclib/287gMOA/treasureIslandPoliceDeptFL_TFM_MOA_03.07.25.pdf,2026-09-12T20:57:42Z,FLORIDA,Treasure Island Police Department,treasureIslandPoliceDeptFL_TFM_MOA_03.07.25.pdf,MOA; revalidated; bytes identical,"""d91c43986f6612181cd771e2f6d92b77:1744030515.192939""","Mon, 07 Apr 2025 12:55:15 GMT",
agreements/agreements_20260607_025243/KENTUCKY/Grayson_County_Sheriff’s_Office/graysonCoSheriffsOffice_TFM_MOA_03.04.25.pdf,fdd023b93ce50773d5f1d175868f2c24df1352d253507513e8f2c8140b7f29bd,https://www.ice.gov/doclib/287gMOA/graysonCoSheriffsOffice_TFM_MOA_03.04.25.pdf,2026-09-12T20:57:42Z,KENTUCKY,Grayson County Sheriff’s Office,graysonCoSheriffsOffice_TFM_MOA_03.04.25.pdf,MOA; revalidated; bytes identical,"""3232be097ce65f6736fb6f8191888524:1744030513.682803""","Mon, 07 Apr 2025 12:55:13 GMT",
agreements/agreements_20260607_025243/GEORGIA/Georgia_Department_of_Public_Safety/georgiaDeptPublicSafety_TFM_MOA_03.10.25.pdf,71cd7387aad7bebaaf32bf71f62f3069a8434dfd49e99fcb47644aab2c511dd4,https://www.ice.gov/doclib/287gMOA/georgiaDeptPublicSafety_TFM_MOA_03.10.25.pdf,2026-09-12T20:57:42Z,GEORGIA,Georgia Department of Public Safety,georgiaDeptPublicSafety_TFM_MOA_03.10.25.pdf,MOA; revalidated; bytes identical,"""cb550ce905be0fb373db1b66fe66d633:1744030513.120149""","Mon, 07 Apr 2025 12:55:13 GMT",
agreements/agreements_20260607_025243/FLORIDA/Orlando_Police_Department/OrlandoPoliceDeptFL_TFM_MOA_03.20.2025.pdf,eac110a125ef9771d8261c882ce4f7cfebfc0cd27ca5abc36dd49364584ede70,https://www.ice.gov/doclib/287gMOA/OrlandoPoliceDeptFL_TFM_MOA_03.20.2025.pdf,2026-09-12T20:57:43Z,FLORIDA,Orlando Police Department,OrlandoPoliceDeptFL_TFM_MOA_03.20.2025.pdf,MOA; revalidated; bytes identical,"""bd635d053e47c6c3dbdeed3cf0bf888c:1744030961.015377""","Mon, 07 Apr 2025 13:02:41 GMT",
agreements/agreements_20260607_025243/FLORIDA/Okeechobee_Police_Department/OkechobeePoliceDeptFL_TFM_MOA_03.10.2025.pdf,bc58f27df29fb5ae859f20968f8e05d011eacc52292495fef96a24d546f2c006,https://www.ice.gov/doclib/287gMOA/OkechobeePoliceDeptFL_TFM_MOA_03.10.2025.pdf,2026-09-12T20:57:43Z,FLORIDA,Okeechobee Police Department,OkechobeePoliceDeptFL_TFM_MOA_03.10.2025.pdf,MOA; revalidated; bytes identical,"""ca1312cd0464f0e385c8ddfca3235ff9:1744030959.408086""","Mon, 07 Apr 2025 13:02:39 GMT",
agreements/agreements_20260607_025243/MINNESOTA/Crow_Wing_County_Sheriff's_Office/crowWingCoMN_TFM_MOA_03.19.25.pdf,2386a222004400797be7c607824ddd695c148e67f1cfea4cfe992eeb2b71e6e4,https://www.ice.gov/doclib/287gMOA/crowWingCoMN_TFM_MOA_03.19.25.pdf,2026-09-12T20:57:43Z,MINNESOTA,Crow Wing County Sheriff's Office,crowWingCoMN_TFM_MOA_03.19.25.pdf,MOA; revalidated; bytes identical,"""d4a35743e2f715b34b19f00ea91e1307:1744030511.724369""","Mon, 07 Apr 2025 12:55:11 GMT",
agreements/agreements_20260607_025243/FLORIDA/Key_West_Police_Department/KeyWestPDFL_TFM_MOA_030425.pdf,03661acccaeec5f62ad788bd8dc1d6330d6cdbbcc0b95267908cc131ae19391a,https://www.ice.gov/doclib/287gMOA/KeyWestPDFL_TFM_MOA_030425.pdf,2026-09-12T20:57:44Z,FLORIDA,Key West Police Department,KeyWestPDFL_TFM_MOA_030425.pdf,MOA; revalidated; bytes identical,"""fe476f6f86f30c10a0671357a8a95a0a:1743710318.911755""","Thu, 03 Apr 2025 19:58:38 GMT",
agreements/agreements_20260607_025243/FLORIDA/Jupiter_Police_Department/JupiterPDFL_TFM_MOA_032425.pdf,350fe549cffa84b9e56b276f81c32ef617e7e0cf91d47d60b5f6eb72d8759a0c,https://www.ice.gov/doclib/287gMOA/JupiterPDFL_TFM_MOA_032425.pdf,2026-09-12T20:57:44Z,FLORIDA,Jupiter Police Department,JupiterPDFL_TFM_MOA_032425.pdf,MOA; revalidated; bytes identical,"""bfe5f6e59ae030d2818782dbacbe73ae:1743710318.429107""","Thu, 03 Apr 2025 19:58:38 GMT",
agreements/agreements_20260607_025243/FLORIDA/Jupiter_Island_Department_of_Public_Safety/JupiterIslandDPSFL_TFM_MOA_032625.pdf,849df6d91d774be35284e7af6f3c1f720eb6dff0dd7aa5bfd1245b8301f54cb7,https://www.ice.gov/doclib/287gMOA/JupiterIslandDPSFL_TFM_MOA_032625.pdf,2026-09-12T20:57:44Z,FLORIDA,Jupiter Island Department of Public Safety,JupiterIslandDPSFL_TFM_MOA_032625.pdf,MOA; revalidated; bytes identical,"""6371a2ce653f9be80e00078cb00c161a:1743710317.513486""","Thu, 03 Apr 2025 19:58:37 GMT",
agreements/agreements_20260607_025243/FLORIDA/Jupiter_Inlet_Colony_Police_Department/JupiterInletColonyPolice_TFM_MOA_031025.pdf,6137db746a6da890fdef845e4b21889ad28b680a75aa41e8079107d68417fe12,https://www.ice.gov/doclib/287gMOA/JupiterInletColonyPolice_TFM_MOA_031025.pdf,2026-09-12T20:57:44Z,FLORIDA,Jupiter Inlet Colony Police Department,JupiterInletColonyPolice_TFM_MOA_031025.pdf,MOA; revalidated; bytes identical,"""5dfe0f513be6b525485022055d1b5c29:1743710317.317207""","Thu, 03 Apr 2025 19:58:37 GMT",
agreements/agreements_20260607_025243/FLORIDA/Juno_Beach_Police_Department/JunoBeachPDFL_TF_MOA_030525.pdf,2eb629d70b72e094f5b2d201c1fcaff966b639833b6edb63b4bf4c56b85a6066,https://www.ice.gov/doclib/287gMOA/JunoBeachPDFL_TF_MOA_030525.pdf,2026-09-12T20:57:45Z,FLORIDA,Juno Beach Police Department,JunoBeachPDFL_TF_MOA_030525.pdf,MOA; revalidated; bytes identical,"""907d35dc458b33abf676eb0ef4f13559:1743710325.832869""","Thu, 03 Apr 2025 19:58:45 GMT",
agreements/agreements_20260607_025243/FLORIDA/High_Springs_Police_Department/HighSpringsPDFL_TFM_MOA_032025.pdf,6057bcc1656d6a46988faf9a0971ac331de7cf13b368b3c2472bcab64fcd1839,https://www.ice.gov/doclib/287gMOA/HighSpringsPDFL_TFM_MOA_032025.pdf,2026-09-12T20:57:45Z,FLORIDA,High Springs Police Department,HighSpringsPDFL_TFM_MOA_032025.pdf,MOA; revalidated; bytes identical,"""21e74aafb9243858fc6f484345f1e5f1:1743710317.229648""","Thu, 03 Apr 2025 19:58:37 GMT",
agreements/agreements_20260607_025243/FLORIDA/Deland_Police_Department/DeLandPDFL_TFM_MOA_030425.pdf,822920abe16eef097b978c0acfb5104a3cdae408c57374fc65bba31b2c18d627,https://www.ice.gov/doclib/287gMOA/DeLandPDFL_TFM_MOA_030425.pdf,2026-09-12T20:57:45Z,FLORIDA,Deland Police Department,DeLandPDFL_TFM_MOA_030425.pdf,MOA; revalidated; bytes identical,"""d957ac2be44268c0bdf75afe24031dde:1743710315.294856""","Thu, 03 Apr 2025 19:58:35 GMT",
agreements/agreements_20260607_025243/FLORIDA/Florida_State_Guard/floridaStateGuard_TFM_MOA_03.19.25.pdf,30739358b922c2463c9f53006e9a736cbf52b21b33ede4a7776cbbcccd5a08fc,https://www.ice.gov/doclib/287gMOA/floridaStateGuard_TFM_MOA_03.19.25.pdf,2026-09-12T20:57:46Z,FLORIDA,Florida State Guard,floridaStateGuard_TFM_MOA_03.19.25.pdf,MOA; revalidated; bytes identical,"""a20b75e1330b6b98ed15cec3bfaa2149:1743702408.432769""","Thu, 03 Apr 2025 17:46:48 GMT",
agreements/agreements_20260607_025243/FLORIDA/Daytona_Beach_Shores_Public_Safety/daytonaBeachShoresPoliceDeptFL_TFM_MOA_03.07.25.pdf,87d05523a8cac8605b8a55228f284730db68d51a931a9a8ca7aa21dfc9188c97,https://www.ice.gov/doclib/287gMOA/daytonaBeachShoresPoliceDeptFL_TFM_MOA_03.07.25.pdf,2026-09-12T20:57:46Z,FLORIDA,Daytona Beach Shores Public Safety,daytonaBeachShoresPoliceDeptFL_TFM_MOA_03.07.25.pdf,MOA; revalidated; bytes identical,"""8193d4d8ca7c2c96a59af7d3f683004f:1743702406.562107""","Thu, 03 Apr 2025 17:46:46 GMT",
agreements/agreements_20260607_025243/FLORIDA/Davie_Police_Department/daviePoliceDeptFL_TFM_MOA_03.05.25.pdf,10e14917758ce9c14037b5492ae8076fc79ed02700e2141ece265a529dda5872,https://www.ice.gov/doclib/287gMOA/daviePoliceDeptFL_TFM_MOA_03.05.25.pdf,2026-09-12T20:57:46Z,FLORIDA,Davie Police Department,daviePoliceDeptFL_TFM_MOA_03.05.25.pdf,MOA; revalidated; bytes identical,"""26577f7ce4e0362c6ffff767d1d7efac:1743702408.702189""","Thu, 03 Apr 2025 17:46:48 GMT",
agreements/agreements_20260607_025243/FLORIDA/Coral_Gables_Police_Department/coralCablesPoliceDeptFL_TFM_MOA_03.05.25.pdf,0f5e6a7d05e132ead938cf96851e88f89cc7cbf482967a99b5529fff417d37bb,https://www.ice.gov/doclib/287gMOA/coralCablesPoliceDeptFL_TFM_MOA_03.05.25.pdf,2026-09-12T20:57:46Z,FLORIDA,Coral Gables Police Department,coralCablesPoliceDeptFL_TFM_MOA_03.05.25.pdf,MOA; revalidated; bytes identical,"""0f21853942372cdb05ea588cfec7cf2c:1743702409.391588""","Thu, 03 Apr 2025 17:46:49 GMT",
agreements/agreements_20260607_025243/FLORIDA/Cocoa_Beach_Police_Department/cocoaBeachPoliceDeptFL_TFM_MOA_03.18.25.pdf,67c9876d8bacc94c91d7983f126d5689fb4ff3bc23751a0d78eda2f6189cdf49,https://www.ice.gov/doclib/287gMOA/cocoaBeachPoliceDeptFL_TFM_MOA_03.18.25.pdf,2026-09-12T20:57:47Z,FLORIDA,Cocoa Beach Police Department,cocoaBeachPoliceDeptFL_TFM_MOA_03.18.25.pdf,MOA; revalidated; bytes identical,"""80668d4123b89cddf9bc0d88763587b0:1743702412.706499""","Thu, 03 Apr 2025 17:46:52 GMT",
agreements/agreements_20260607_025243/FLORIDA/Clermont_Police_Department/clermontPoliceDeptFL_TFM_MOA_03.04.25.pdf,e75acfb2adee8fbed70765ca91bf046e0598e945c18d63a4bc35901fbf1fedf6,https://www.ice.gov/doclib/287gMOA/clermontPoliceDeptFL_TFM_MOA_03.04.25.pdf,2026-09-12T20:57:47Z,FLORIDA,Clermont Police Department,clermontPoliceDeptFL_TFM_MOA_03.04.25.pdf,MOA; revalidated; bytes identical,"""635382d2dd26b05e0bfc597ad16c7b7f:1743702412.339244""","Thu, 03 Apr 2025 17:46:52 GMT",
agreements/agreements_20260607_025243/FLORIDA/Bradenton_Police_Department/bradentonPoliceDeptFL_TFM_MOA_03.20.25.pdf,015dd019010f9275489802cae64bb339b8b73be7911956d001c1a215fe681200,https://www.ice.gov/doclib/287gMOA/bradentonPoliceDeptFL_TFM_MOA_03.20.25.pdf,2026-09-12T20:57:47Z,FLORIDA,Bradenton Police Department,bradentonPoliceDeptFL_TFM_MOA_03.20.25.pdf,MOA; revalidated; bytes identical,"""adb535ab5f8c1036768690aa82a45efe:1743702405.097146""","Thu, 03 Apr 2025 17:46:45 GMT",
agreements/agreements_20260607_025243/FLORIDA/Boca_Raton_Police_Services_Department/bocaRatonPoliceDeptFL_TFM_MOA_03.20.25.pdf,64fed0a104d43a51c62c49c7a487e010052730d26bdf06b63b48ce770f3ecf76,https://www.ice.gov/doclib/287gMOA/bocaRatonPoliceDeptFL_TFM_MOA_03.20.25.pdf,2026-09-12T20:57:47Z,FLORIDA,Boca Raton Police Services Department,bocaRatonPoliceDeptFL_TFM_MOA_03.20.25.pdf,MOA; revalidated; bytes identical,"""20c580009c7595549b4fbed77f48b65e:1743702403.912819""","Thu, 03 Apr 2025 17:46:43 GMT",
agreements/agreements_20260607_025243/FLORIDA/Blountstown_Police_Department/blountstownPoliceDeptFL_TFM_MOA_03.04.25.pdf,3c0ad5b2c60f0a88a0da422f3b57cdfffe3a42b1177ef5dc66fdbb6e7804b592,https://www.ice.gov/doclib/287gMOA/blountstownPoliceDeptFL_TFM_MOA_03.04.25.pdf,2026-09-12T20:57:48Z,FLORIDA,Blountstown Police Department,blountstownPoliceDeptFL_TFM_MOA_03.04.25.pdf,MOA; revalidated; bytes identical,"""00d7d6194de2b6b87299a89b2b74caae:1743702405.961622""","Thu, 03 Apr 2025 17:46:45 GMT",
agreements/agreements_20260607_025243/TEXAS/Texas_Office_of_the_Attorney_General/TexasOfficeAttorneyGeneral_TFM_MOA_01.30.25.pdf,ae6108b586ecba39c8b179d1ee25318c30ea9c44345a7d441ce91d049c366d6d,https://www.ice.gov/doclib/287gMOA/TexasOfficeAttorneyGeneral_TFM_MOA_01.30.25.pdf,2026-09-12T20:57:48Z,TEXAS,Texas Office of the Attorney General,TexasOfficeAttorneyGeneral_TFM_MOA_01.30.25.pdf,MOA; revalidated; bytes identical,"""eccc369e6009c3adb9af3014c9a883d8:1743422770.554181""","Mon, 31 Mar 2025 12:06:10 GMT",
agreements/agreements_20260607_025243/TEXAS/Smith_County_Sheriff’s_Office/SmithCoSheriffsOfficeTX_TFM_MOA_02.18.25.pdf,ac98f93f4483c288bf4b52f3f3b47e1604a05247b23c94280b1dc12dda45c083,https://www.ice.gov/doclib/287gMOA/SmithCoSheriffsOfficeTX_TFM_MOA_02.18.25.pdf,2026-09-12T20:57:48Z,TEXAS,Smith County Sheriff’s Office,SmithCoSheriffsOfficeTX_TFM_MOA_02.18.25.pdf,MOA; revalidated; bytes identical,"""6d236d68fcd00a6c7da06f77ced7b83f:1743422768.583454""","Mon, 31 Mar 2025 12:06:08 GMT",
agreements/agreements_20260607_025243/OKLAHOMA/Oklahoma_Department_of_Public_Safety/OklahomaDeptPublicSafety_TFM_MOA_02.18.25.pdf,f2a16676c10887ca10d8abd24f6772ef76e520abe78e751eb1538e3536e23776,https://www.ice.gov/doclib/287gMOA/OklahomaDeptPublicSafety_TFM_MOA_02.18.25.pdf,2026-09-12T20:57:49Z,OKLAHOMA,Oklahoma Department of Public Safety,OklahomaDeptPublicSafety_TFM_MOA_02.18.25.pdf,MOA; revalidated; bytes identical,"""dc6e406d5ffc274f2166037295534f71:1743422769.410215""","Mon, 31 Mar 2025 12:06:09 GMT",
agreements/agreements_20260607_025243/OKLAHOMA/Oklahoma_Bureau_of_Narcotics/OklahomaBureauNarcotics_TFM_MOA_02.18.25.pdf,446638d5008fe0398e3ad27a0e29f1632690c868d5c0c8265d5faae52b3314f4,https://www.ice.gov/doclib/287gMOA/OklahomaBureauNarcotics_TFM_MOA_02.18.25.pdf,2026-09-12T20:57:49Z,OKLAHOMA,Oklahoma Bureau of Narcotics,OklahomaBureauNarcotics_TFM_MOA_02.18.25.pdf,MOA; revalidated; bytes identical,"""6bf405d2c191caadb4c154d75df51ef1:1743422768.285283""","Mon, 31 Mar 2025 12:06:08 GMT",
agreements/agreements_20260607_025243/OKLAHOMA/Oklahoma_Bureau_of_Investigation/OklahomaBureauInvestigation_TFM_MOA_02.18.25.pdf,8b445dd1a4432a22f709217bf5f76ccd76781ac9d589430ac2a717acc33364d3,https://www.ice.gov/doclib/287gMOA/OklahomaBureauInvestigation_TFM_MOA_02.18.25.pdf,2026-09-12T20:57:49Z,OKLAHOMA,Oklahoma Bureau of Investigation,OklahomaBureauInvestigation_TFM_MOA_02.18.25.pdf,MOA; revalidated; bytes identical,"""b6fcc357bd0287345336b6ff3141545b:1743422767.436235""","Mon, 31 Mar 2025 12:06:07 GMT",
agreements/agreements_20260607_025243/TEXAS/Nixon_Police_Department/NixonPoliceDept_TFM_MOA_02.28.25.pdf,213bfe27db5355404726cfcb3351ef178fc4b4440f44c0e35ce9500e6d9d87c0,https://www.ice.gov/doclib/287gMOA/NixonPoliceDept_TFM_MOA_02.28.25.pdf,2026-09-12T20:57:50Z,TEXAS,Nixon Police Department,NixonPoliceDept_TFM_MOA_02.28.25.pdf,MOA; revalidated; bytes identical,"""67005187423e0776a3934e9d7471295d:1743422773.093861""","Mon, 31 Mar 2025 12:06:13 GMT",
agreements/agreements_20260607_025243/TEXAS/Goliad_County_Sheriff's_Office/GoliadCoSheriffsOfficeTX_TFM_MOA_02.18.25.pdf,2fcad242f415b789b0c343890d745395f9645d157ffbdd30cfa772df506ede73,https://www.ice.gov/doclib/287gMOA/GoliadCoSheriffsOfficeTX_TFM_MOA_02.18.25.pdf,2026-09-12T20:57:50Z,TEXAS,Goliad County Sheriff's Office,GoliadCoSheriffsOfficeTX_TFM_MOA_02.18.25.pdf,MOA; revalidated; bytes identical,"""cf3364b8d511d411762a11867c563ca9:1743422774.583912""","Mon, 31 Mar 2025 12:06:14 GMT",
agreements/agreements_20260607_025243/OHIO/Seneca_County_Sheriff's_Office/SenecaCoSheriffsOfficeOH_WSO_MOA_02.28.2025.pdf,87f22dc551142f4e3ba814c867e733eeb20762673c3be714551cde6973319507,https://www.ice.gov/doclib/287gMOA/SenecaCoSheriffsOfficeOH_WSO_MOA_02.28.2025.pdf,2026-09-12T20:57:50Z,OHIO,Seneca County Sheriff's Office,SenecaCoSheriffsOfficeOH_WSO_MOA_02.28.2025.pdf,MOA; revalidated; bytes identical,"""7ef284a1c53d9ba86af65e83ee575f2d:1743422344.795581""","Mon, 31 Mar 2025 11:59:04 GMT",
agreements/agreements_20260607_025243/OKLAHOMA/Okmulgee_County_Criminal_Justice_Authority/OkmulgeeCoCriminalJusticeAuthority_WSO_MOA_02242025.pdf,cc3a1a7542489e8731328f84d8a2f4ba6a4328951a75e82ae9834d782b0a2bda,https://www.ice.gov/doclib/287gMOA/OkmulgeeCoCriminalJusticeAuthority_WSO_MOA_02242025.pdf,2026-09-12T20:57:50Z,OKLAHOMA,Okmulgee County Criminal Justice Authority,OkmulgeeCoCriminalJusticeAuthority_WSO_MOA_02242025.pdf,MOA; revalidated; bytes identical,"""f9542123a77853df2d76d011b61bc214:1743422351.55353""","Mon, 31 Mar 2025 11:59:11 GMT",
agreements/agreements_20260607_025243/TEXAS/Goliad_County_Sheriff's_Office/GoliadCo_WSO_MOA_02.18.2025.pdf,9eb56a4d9694643bf5c6a420f294fbcf9304fe04b6e7f04713f99c84a450c5e5,https://www.ice.gov/doclib/287gMOA/GoliadCo_WSO_MOA_02.18.2025.pdf,2026-09-12T20:57:51Z,TEXAS,Goliad County Sheriff's Office,GoliadCo_WSO_MOA_02.18.2025.pdf,MOA; revalidated; bytes identical,"""02270f738845bd4df06b884efd08456f:1743422348.964698""","Mon, 31 Mar 2025 11:59:08 GMT",
agreements/agreements_20260607_025243/OKLAHOMA/Blaine_County_Sheriff's_Office/BlaineCo_WSO_MOA_02.18.2025.pdf,b9aa9d3a1a421e306212926b089b1e98469afc000c9e5ac05ebeb952fedc6658,https://www.ice.gov/doclib/287gMOA/BlaineCo_WSO_MOA_02.18.2025.pdf,2026-09-12T20:57:51Z,OKLAHOMA,Blaine County Sheriff's Office,BlaineCo_WSO_MOA_02.18.2025.pdf,MOA; revalidated; bytes identical,"""01345f76d82883392d933adf46663301:1743422340.279447""","Mon, 31 Mar 2025 11:59:00 GMT",
agreements/agreements_20260607_025243/WISCONSIN/Winnebago_County_Sheriff's_Office/WinnebagoCoWI_WSO_MOA_03.03.25.pdf,a1096dfbd21d1f132e66c0f164709144e9b641aab820dcceab8847e13ee251fd,https://www.ice.gov/doclib/287gMOA/WinnebagoCoWI_WSO_MOA_03.03.25.pdf,2026-09-12T20:57:51Z,WISCONSIN,Winnebago County Sheriff's Office,WinnebagoCoWI_WSO_MOA_03.03.25.pdf,MOA; revalidated; bytes identical,"""ece5e74fc5db62fcb681b7f9b09d18ec:1743422012.777559""","Mon, 31 Mar 2025 11:53:32 GMT",
agreements/agreements_20260607_025243/WISCONSIN/Washington_County_Sheriff's_Office/WashingtonCoWI_WSO_MOA_03.03.25.pdf,e1ab51ae8281662f1195f7f6a370969b5b0e595980e1219b37d7b998eabd3e0a,https://www.ice.gov/doclib/287gMOA/WashingtonCoWI_WSO_MOA_03.03.25.pdf,2026-09-12T20:57:52Z,WISCONSIN,Washington County Sheriff's Office,WashingtonCoWI_WSO_MOA_03.03.25.pdf,MOA; revalidated; bytes identical,"""976095e2c3bb3ae7fb9675521cccfacc:1743422011.696771""","Mon, 31 Mar 2025 11:53:31 GMT",
agreements/agreements_20260607_025243/TEXAS/Victoria_County_Sheriff’s_Office/VictoriaCo_WSO_MOA_02.26.25.pdf,3b5c123d8704d45388924c9d814b2571b8ead39b9fb6379c5fce57573d4acc1f,https://www.ice.gov/doclib/287gMOA/VictoriaCo_WSO_MOA_02.26.25.pdf,2026-09-12T20:57:52Z,TEXAS,Victoria County Sheriff’s Office,VictoriaCo_WSO_MOA_02.26.25.pdf,MOA; revalidated; bytes identical,"""b6c5ec6d34b2fda2022efa2856c32e93:1743422009.721504""","Mon, 31 Mar 2025 11:53:29 GMT",
agreements/agreements_20260607_025243/WYOMING/Campbell_County_Sheriff's_Office/CampbellCo_WSO_MOA_02.24.25.pdf,82741f864ebcf4d53274c7620be3d359758891f2f9dd2721e58a60d3816385ea,https://www.ice.gov/doclib/287gMOA/CampbellCo_WSO_MOA_02.24.25.pdf,2026-09-12T20:57:52Z,WYOMING,Campbell County Sheriff's Office,CampbellCo_WSO_MOA_02.24.25.pdf,MOA; revalidated; bytes identical,"""3d4f5a77c43b3ae2a2d14e5e11352bb8:1743422013.141505""","Mon, 31 Mar 2025 11:53:33 GMT",
agreements/agreements_20260607_025243/NEW_HAMPSHIRE/Pittsburgh_Police_Department/PIttsburghPoliceDeptNH_TFM_MOA_03.03.25.pdf,5285ff6984884bc02bc862ff7f20947fa2a0b3f2b99544e97f46c6529fbc4961,https://www.ice.gov/doclib/287gMOA/PIttsburghPoliceDeptNH_TFM_MOA_03.03.25.pdf,2026-09-12T20:57:52Z,NEW HAMPSHIRE,Pittsburgh Police Department,PIttsburghPoliceDeptNH_TFM_MOA_03.03.25.pdf,MOA; revalidated; bytes identical,"""942d18c0764b95ffe6becf0ac570a6d9:1742215182.557075""","Mon, 17 Mar 2025 12:39:42 GMT",
agreements/agreements_20260607_025243/NEW_HAMPSHIRE/Ossipee_Police_Department/OssipeePoliceDeptNH_TFM_MOA_03.03.25.pdf,127844dce4631bc779461b6dcfda1842003f8a707ca31e98d19b4cefe636a0db,https://www.ice.gov/doclib/287gMOA/OssipeePoliceDeptNH_TFM_MOA_03.03.25.pdf,2026-09-12T20:57:53Z,NEW HAMPSHIRE,Ossipee Police Department,OssipeePoliceDeptNH_TFM_MOA_03.03.25.pdf,MOA; revalidated; bytes identical,"""9dee0149e1fda6d091ddba56c3c01ff3:1742215184.593857""","Mon, 17 Mar 2025 12:39:44 GMT",
agreements/agreements_20260607_025243/FLORIDA/Lake_Placid_Police_Department/LakePlacidPoliceDeptFL_TFM_MOA_02.28.25.pdf,82a5362694d833ffd2766f018d46fe38ab8b3f2926af98528560ff06225484fd,https://www.ice.gov/doclib/287gMOA/LakePlacidPoliceDeptFL_TFM_MOA_02.28.25.pdf,2026-09-12T20:57:53Z,FLORIDA,Lake Placid Police Department,LakePlacidPoliceDeptFL_TFM_MOA_02.28.25.pdf,MOA; revalidated; bytes identical,"""462b799fb3ec03c512e299bd644496bf:1742215177.910199""","Mon, 17 Mar 2025 12:39:37 GMT",
agreements/agreements_20260607_025243/MINNESOTA/Itasca_County_Sheriff's_Office/ItascaCoMN_TFM_MOA_02.25.25.pdf,9d18ee45c808b73ed535335f060cd6ca1f8bdd32612f35c67219e5da3bca39ce,https://www.ice.gov/doclib/287gMOA/ItascaCoMN_TFM_MOA_02.25.25.pdf,2026-09-12T20:57:53Z,MINNESOTA,Itasca County Sheriff's Office,ItascaCoMN_TFM_MOA_02.25.25.pdf,MOA; revalidated; bytes identical,"""bd6efa6f05fbdd47a9291bbe8cacf4a1:1742215170.91206""","Mon, 17 Mar 2025 12:39:30 GMT",
agreements/agreements_20260607_025243/NEW_HAMPSHIRE/Gorham_Police_Department/GorhamPoliceDeptNH_TFM_MOA_02.26.25.pdf,3a29bd51a4d59a7b031a6f7c904e23514c8b83c56bc8353a94de7352278959dc,https://www.ice.gov/doclib/287gMOA/GorhamPoliceDeptNH_TFM_MOA_02.26.25.pdf,2026-09-12T20:57:53Z,NEW HAMPSHIRE,Gorham Police Department,GorhamPoliceDeptNH_TFM_MOA_02.26.25.pdf,MOA; revalidated; bytes identical,"""e00c2115e8dd44cd278e387f9576c3ce:1742215171.079955""","Mon, 17 Mar 2025 12:39:31 GMT",
agreements/agreements_20260607_025243/NEVADA/Douglas_County_Sheriff's_Office/DouglasCoNV_WSO_MOA_02.19.25.pdf,9036e6860816ea526c45e7af2b91fcfcdc65f8471f4c5b60b51e45bc40d8fc16,https://www.ice.gov/doclib/287gMOA/DouglasCoNV_WSO_MOA_02.19.25.pdf,2026-09-12T20:57:54Z,NEVADA,Douglas County Sheriff's Office,DouglasCoNV_WSO_MOA_02.19.25.pdf,MOA; revalidated; bytes identical,"""87762215b186c089412550ad8281dbc9:1742215171.371442""","Mon, 17 Mar 2025 12:39:31 GMT",
agreements/agreements_20260607_025243/MINNESOTA/Cass_County_Sheriff's_Office/CassCoSheriffsOfficeMN_TFM_MOA_02.28.25.pdf,db66209fa93775d4f4d7bfbc2acd084a7748a8741aa3001d6b1a643bfd0e2964,https://www.ice.gov/doclib/287gMOA/CassCoSheriffsOfficeMN_TFM_MOA_02.28.25.pdf,2026-09-12T20:57:54Z,MINNESOTA,Cass County Sheriff's Office,CassCoSheriffsOfficeMN_TFM_MOA_02.28.25.pdf,MOA; revalidated; bytes identical,"""bebfb83af9e33741039d569d7a38cc6b:1742215179.16823""","Mon, 17 Mar 2025 12:39:39 GMT",
agreements/agreements_20260607_025243/OHIO/Butler_County_Sheriff's_Office/ButlerCoSheriffsOfficeOH_JEM_MOA_02.24.25.pdf,a455eafdba2a59b2428551d5a79edc651d6d1818d1d2f9cf9bace7f7d015e825,https://www.ice.gov/doclib/287gMOA/ButlerCoSheriffsOfficeOH_JEM_MOA_02.24.25.pdf,2026-09-12T20:57:54Z,OHIO,Butler County Sheriff's Office,ButlerCoSheriffsOfficeOH_JEM_MOA_02.24.25.pdf,MOA; revalidated; bytes identical,"""0f5d74378d14eb2949da156643e333e3:1742215180.863042""","Mon, 17 Mar 2025 12:39:40 GMT",
agreements/agreements_20260607_025243/NEW_HAMPSHIRE/Belknap_County_Sheriff's_Office/BelknapCoNH_TFM_MOA_03.03.25.pdf,8b1bf6fee3011efb37bb2b974b103eda014a360439120e2d908baae25c291ec4,https://www.ice.gov/doclib/287gMOA/BelknapCoNH_TFM_MOA_03.03.25.pdf,2026-09-12T20:57:55Z,NEW HAMPSHIRE,Belknap County Sheriff's Office,BelknapCoNH_TFM_MOA_03.03.25.pdf,MOA; revalidated; bytes identical,"""6e8cc8ae01ce5da2d1429d5dc5b198c3:1742215180.993904""","Mon, 17 Mar 2025 12:39:40 GMT",
agreements/agreements_20260607_025243/GEORGIA/Pierce_County_Sheriff's_Office/PierceCoGA_WSO_MOA_02.26.25.pdf,de2536d3215cda81e0a81f04e675c793f1f780eef1e918b0df55e33483823782,https://www.ice.gov/doclib/287gMOA/PierceCoGA_WSO_MOA_02.26.25.pdf,2026-09-12T20:57:55Z,GEORGIA,Pierce County Sheriff's Office,PierceCoGA_WSO_MOA_02.26.25.pdf,MOA; revalidated; bytes identical,"""ee244d920c9003bec6c63e8c5b319f53:1742214665.48982""","Mon, 17 Mar 2025 12:31:05 GMT",
agreements/agreements_20260607_025243/IDAHO/Owyhee_County_Sheriff's_Office/OwyheeCoID_TFM_MOA_03.07.25.pdf,ec60047e8b60b2cf955dca75f5c91032ef5587fec8cfd49ed5f6aeaa07cebde4,https://www.ice.gov/doclib/287gMOA/OwyheeCoID_TFM_MOA_03.07.25.pdf,2026-09-12T20:57:55Z,IDAHO,Owyhee County Sheriff's Office,OwyheeCoID_TFM_MOA_03.07.25.pdf,MOA; revalidated; bytes identical,"""798fb6d210c2668fc226c1aa745176d8:1742214663.76182""","Mon, 17 Mar 2025 12:31:03 GMT",
agreements/agreements_20260607_025243/GEORGIA/Monroe_County_Sheriff's_Office/MonroeCoSheriffsOffice_JEM_MOA_02.24.25.pdf,e7d397c2286d1d4f78c17560aaa57410e4eceee859862e234bcfbbae0636e0e6,https://www.ice.gov/doclib/287gMOA/MonroeCoSheriffsOffice_JEM_MOA_02.24.25.pdf,2026-09-12T20:57:55Z,GEORGIA,Monroe County Sheriff's Office,MonroeCoSheriffsOffice_JEM_MOA_02.24.25.pdf,MOA; revalidated; bytes identical,"""f468543f97fd3bad853617c6726e0de2:1742214674.27055""","Mon, 17 Mar 2025 12:31:14 GMT",
agreements/agreements_20260607_025243/KANSAS/Kansas_Bureau_of_Investigation/KansasBureauOfInv_TFM_MOA_02182025.pdf,60a7640f6a334db81ae19fa06f20097f3547e95e0cbf4f040b0e63a26f58f2a5,https://www.ice.gov/doclib/287gMOA/KansasBureauOfInv_TFM_MOA_02182025.pdf,2026-09-12T20:57:56Z,KANSAS,Kansas Bureau of Investigation,KansasBureauOfInv_TFM_MOA_02182025.pdf,MOA; revalidated; bytes identical,"""761f9d821f2542abd37e7b4c452c874c:1742214660.99592""","Mon, 17 Mar 2025 12:31:00 GMT",
agreements/agreements_20260607_025243/GEORGIA/Columbia_County_Sheriff's_Office/ColumbiaCoSheriffsOffice_JEM_MOA_02.24.25.pdf,a5766b6a3a790b59c37c7f7cd2642002cd09a43d2aab07eb4468a559784e03b5,https://www.ice.gov/doclib/287gMOA/ColumbiaCoSheriffsOffice_JEM_MOA_02.24.25.pdf,2026-09-12T20:57:56Z,GEORGIA,Columbia County Sheriff's Office,ColumbiaCoSheriffsOffice_JEM_MOA_02.24.25.pdf,MOA; revalidated; bytes identical,"""b4b1c2b139dbb14ea974adf896bbf931:1742214674.065957""","Mon, 17 Mar 2025 12:31:14 GMT",
agreements/agreements_20260607_025243/LOUISIANA/Bossier_Parish_Sheriff's_Office/BossierParishSheriff_JEM_MOA_03.02.25.pdf,b07d2976e99c0379e5e5324dd3a7233b93c02e31ed3261057488e4775855c363,https://www.ice.gov/doclib/287gMOA/BossierParishSheriff_JEM_MOA_03.02.25.pdf,2026-09-12T20:57:56Z,LOUISIANA,Bossier Parish Sheriff's Office,BossierParishSheriff_JEM_MOA_03.02.25.pdf,MOA; revalidated; bytes identical,"""50f3a77395a13b5755de46f79377ebb2:1742214664.072586""","Mon, 17 Mar 2025 12:31:04 GMT",
agreements/agreements_20260607_025243/GEORGIA/Bibb_County_Sheriff's_Office/BibbCoGA_WSO_MOA_02.26.25.pdf,0069a620a79931cd6155283889b7e0dfe7544a4cdbeca2c5878a39e88fd2ca00,https://www.ice.gov/doclib/287gMOA/BibbCoGA_WSO_MOA_02.26.25.pdf,2026-09-12T20:57:57Z,GEORGIA,Bibb County Sheriff's Office,BibbCoGA_WSO_MOA_02.26.25.pdf,MOA; revalidated; bytes identical,"""ea3a3279084c94394f5d9c7272bcf2ff:1742214660.4542""","Mon, 17 Mar 2025 12:31:00 GMT",
agreements/agreements_20260607_025243/FLORIDA/Washington_County_Sheriff's_Office/WashingtonCoSheriffsOffice_WSO_MOA_02.18.25.pdf,b106c10ccb49ad78a2d6f1ba116fe96fd72b7bad9549c99da0b75c02b3d5c075,https://www.ice.gov/doclib/287gMOA/WashingtonCoSheriffsOffice_WSO_MOA_02.18.25.pdf,2026-09-12T20:57:57Z,FLORIDA,Washington County Sheriff's Office,WashingtonCoSheriffsOffice_WSO_MOA_02.18.25.pdf,MOA; revalidated; bytes identical,"""def8992e2929c6adbdd80614d739fcdf:1742214027.349305""","Mon, 17 Mar 2025 12:20:27 GMT",
agreements/agreements_20260607_025243/FLORIDA/Volusia_County_Division_of_Corrections/VolusiaCoSheriffsOffice_WSO_MOA_02.20.25.pdf,1d05de5f2c067d2eb591fd33c6f414ed08bc4e277d8dec4a642728f182fcb1be,https://www.ice.gov/doclib/287gMOA/VolusiaCoSheriffsOffice_WSO_MOA_02.20.25.pdf,2026-09-12T20:57:57Z,FLORIDA,Volusia County Division of Corrections,VolusiaCoSheriffsOffice_WSO_MOA_02.20.25.pdf,MOA; revalidated; bytes identical,"""d9488aa1424c0eec8b97fe0103d4d568:1742214031.841201""","Mon, 17 Mar 2025 12:20:31 GMT",
agreements/agreements_20260607_025243/FLORIDA/Union_County_Sheriff's_Office/UnionCoSheriffsOffice_WSO_MOA_02.20.25.pdf,1715a9a4d15c92981f42fcaacaeb99ab153266348495a50ce317bb0e2e569d5c,https://www.ice.gov/doclib/287gMOA/UnionCoSheriffsOffice_WSO_MOA_02.20.25.pdf,2026-09-12T20:57:57Z,FLORIDA,Union County Sheriff's Office,UnionCoSheriffsOffice_WSO_MOA_02.20.25.pdf,MOA; revalidated; bytes identical,"""58f7a52e21f2bc2c61d26da3453582ae:1742214024.591844""","Mon, 17 Mar 2025 12:20:24 GMT",
agreements/agreements_20260607_025243/FLORIDA/St._Augustine_Police_Department/StAugustinePoliceDept_TFM_MOA_02.28.25.pdf,5bd2bf990417798de1a22307b9dfdbe43b4e264bab893c798a7a826559e7e51c,https://www.ice.gov/doclib/287gMOA/StAugustinePoliceDept_TFM_MOA_02.28.25.pdf,2026-09-12T20:57:58Z,FLORIDA,St. Augustine Police Department,StAugustinePoliceDept_TFM_MOA_02.28.25.pdf,MOA; revalidated; bytes identical,"""5e5758d29449ffc21ff95a89918e7781:1742214023.243149""","Mon, 17 Mar 2025 12:20:23 GMT",
agreements/agreements_20260607_025243/FLORIDA/Pinellas_Park_Police_Department/PinellasParkPoliceDept_TFM_MOA_02.28.25.pdf,c8f40d007e9de52060ba6edd5c48930e6533c01e9e7ba012bea54c1b48eb0255,https://www.ice.gov/doclib/287gMOA/PinellasParkPoliceDept_TFM_MOA_02.28.25.pdf,2026-09-12T20:57:58Z,FLORIDA,Pinellas Park Police Department,PinellasParkPoliceDept_TFM_MOA_02.28.25.pdf,MOA; revalidated; bytes identical,"""6051ff16a83b32a8a128870b40014bc5:1742214024.16825""","Mon, 17 Mar 2025 12:20:24 GMT",
agreements/agreements_20260607_025243/FLORIDA/Naples_Police_Department/NaplesPoliceDept_TFM_MOA_02.28.25.pdf,2dd1310eef6a02b3171f24a7204b045331498f75ce70a6f0abe23827bb1b30a5,https://www.ice.gov/doclib/287gMOA/NaplesPoliceDept_TFM_MOA_02.28.25.pdf,2026-09-12T20:57:58Z,FLORIDA,Naples Police Department,NaplesPoliceDept_TFM_MOA_02.28.25.pdf,MOA; revalidated; bytes identical,"""3d1a816961ca3b3e270327af8df40205:1742214032.251823""","Mon, 17 Mar 2025 12:20:32 GMT",
agreements/agreements_20260607_025243/FLORIDA/Indian_River_Shores_Department_of_Public_Safety/IndianRiverShoresDPS_TFM_MOA_03.04.25.pdf,acc84297732bfd7672ae1cc47bcee50dd0011dce96dea246aa810ded809dd72a,https://www.ice.gov/doclib/287gMOA/IndianRiverShoresDPS_TFM_MOA_03.04.25.pdf,2026-09-12T20:57:59Z,FLORIDA,Indian River Shores Department of Public Safety,IndianRiverShoresDPS_TFM_MOA_03.04.25.pdf,MOA; revalidated; bytes identical,"""572402025aa53a36e517c08c1ddbd98f:1757687982.556999""","Fri, 12 Sep 2025 14:39:42 GMT",
agreements/agreements_20260607_025243/FLORIDA/Clearwater_Police_Department/ClearwaterPoliceDept_TFM_MOA_02.28.25.pdf,a9eb85b1910d894fe2e09f0eb4cd24361fa8b66fa7e85437d4f00d9d3e6e67ae,https://www.ice.gov/doclib/287gMOA/ClearwaterPoliceDept_TFM_MOA_02.28.25.pdf,2026-09-12T20:57:59Z,FLORIDA,Clearwater Police Department,ClearwaterPoliceDept_TFM_MOA_02.28.25.pdf,MOA; revalidated; bytes identical,"""0f701ee3954b6e53c1fa34637b2c050a:1742214021.991187""","Mon, 17 Mar 2025 12:20:21 GMT",
agreements/agreements_20260607_025243/FLORIDA/Chattahoochee_Police_Department/ChattahoocheePoliceDept_TFM_MOA_02.28.25.pdf,01e96ca382c237ec7fd36104c124013830135d70bf97de01e7bd17c534fa6ca7,https://www.ice.gov/doclib/287gMOA/ChattahoocheePoliceDept_TFM_MOA_02.28.25.pdf,2026-09-12T20:57:59Z,FLORIDA,Chattahoochee Police Department,ChattahoocheePoliceDept_TFM_MOA_02.28.25.pdf,MOA; revalidated; bytes identical,"""9d64aa341a3fe715d29c1ba85198dd28:1742214019.983493""","Mon, 17 Mar 2025 12:20:19 GMT",
agreements/agreements_20260607_025243/FLORIDA/Belleair_Police_Department/BellairePoliceDept_TFM_MOA_02.28.25%20508.pdf,b460929c2b791c132890a8c170e00703f4917c3fe2249be10873bfcd240117d0,https://www.ice.gov/doclib/287gMOA/BellairePoliceDept_TFM_MOA_02.28.25%20508.pdf,2026-09-12T20:57:59Z,FLORIDA,Belleair Police Department,BellairePoliceDept_TFM_MOA_02.28.25%20508.pdf,MOA; revalidated; bytes identical,"""0ec3f624be5711aae13e925e3423b15d:1742214033.067685""","Mon, 17 Mar 2025 12:20:33 GMT",
agreements/agreements_20260607_025243/FLORIDA/Sumter_County_Sheriff's_Office/sumterCoSheriffsOffice_TFM_MOA_02.26.2025.pdf,966ab367d72491981dc0337b3855504a5a90b4151efc236b546035cfa95611ea,https://www.ice.gov/doclib/287gMOA/sumterCoSheriffsOffice_TFM_MOA_02.26.2025.pdf,2026-09-12T20:58:00Z,FLORIDA,Sumter County Sheriff's Office,sumterCoSheriffsOffice_TFM_MOA_02.26.2025.pdf,MOA; revalidated; bytes identical,"""2130f0a3616ac2595bbe05c30b1c216c:1741954794.688832""","Fri, 14 Mar 2025 12:19:54 GMT",
agreements/agreements_20260607_025243/FLORIDA/St._Lucie_County_Sheriff's_Office/stLucieCo_WSO_MOA_02.19.2025.pdf,8e90add2bb27f079275dd97939de4a39b7bfb4083961c3bec2406ef24600ec87,https://www.ice.gov/doclib/287gMOA/stLucieCo_WSO_MOA_02.19.2025.pdf,2026-09-12T20:58:00Z,FLORIDA,St. Lucie County Sheriff's Office,stLucieCo_WSO_MOA_02.19.2025.pdf,MOA; revalidated; bytes identical,"""1299945789df4c814dd197a5b0fe7747:1741954789.455802""","Fri, 14 Mar 2025 12:19:49 GMT",
agreements/agreements_20260607_025243/FLORIDA/Polk_County_Sheriff's_Office/polkCoSheriffsOffice_TFM_MOA_02.26.2025.pdf,218d9dd97028f1f9b1d5240876763bbae40f9d6066c8964c2b914ee7a5407a71,https://www.ice.gov/doclib/287gMOA/polkCoSheriffsOffice_TFM_MOA_02.26.2025.pdf,2026-09-12T20:58:00Z,FLORIDA,Polk County Sheriff's Office,polkCoSheriffsOffice_TFM_MOA_02.26.2025.pdf,MOA; revalidated; bytes identical,"""d3c0ea97e7a9e24c098a90092a20a143:1741954786.885821""","Fri, 14 Mar 2025 12:19:46 GMT",
agreements/agreements_20260607_025243/FLORIDA/Pinellas_County_Sheriff's_Office/pinellasCoSheriffsOffice_TFM_MOA_02.26.2025.pdf,d15da0e438262749d3143477c17c3fee1248936ca8e1039fb3409f4c078d3dbf,https://www.ice.gov/doclib/287gMOA/pinellasCoSheriffsOffice_TFM_MOA_02.26.2025.pdf,2026-09-12T20:58:00Z,FLORIDA,Pinellas County Sheriff's Office,pinellasCoSheriffsOffice_TFM_MOA_02.26.2025.pdf,MOA; revalidated; bytes identical,"""af1367f0ca348da001328bd1f65bca8c:1741954786.44634""","Fri, 14 Mar 2025 12:19:46 GMT",
agreements/agreements_20260607_025243/FLORIDA/Pasco_County_Sheriff's_Office/pascoCoSheriff_TFM_MOA_02272025.pdf,8f309bedc8f3963954ea4745475dbe427e988026d551c034de767ef5a6438f36,https://www.ice.gov/doclib/287gMOA/pascoCoSheriff_TFM_MOA_02272025.pdf,2026-09-12T20:58:01Z,FLORIDA,Pasco County Sheriff's Office,pascoCoSheriff_TFM_MOA_02272025.pdf,MOA; revalidated; bytes identical,"""782bc1f2e8c4dbccb88924aa87b7c9e9:1741954783.625901""","Fri, 14 Mar 2025 12:19:43 GMT",
agreements/agreements_20260607_025243/FLORIDA/Pasco_County_Board_of_County_Commissioners__Pasco_County_Corrections_/pascoCoBOCC_WSO_MOA_02.20.2025.pdf,0660d2c8c9568956e9aa3ee1f078fb7283d608b9e0c7647c99e040eb534e9501,https://www.ice.gov/doclib/287gMOA/pascoCoBOCC_WSO_MOA_02.20.2025.pdf,2026-09-12T20:58:01Z,FLORIDA,Pasco County Board of County Commissioners/ Pasco County Corrections,pascoCoBOCC_WSO_MOA_02.20.2025.pdf,MOA; revalidated; bytes identical,"""14024e897928b36cd9e99286619257ad:1741954796.31637""","Fri, 14 Mar 2025 12:19:56 GMT",
agreements/agreements_20260607_025243/FLORIDA/Panama_City_Beach_Police_Department/panamaCityBeachPolice_TFM_MOA_02.26.2025.pdf,fe542bdbc6c9a386e8d03767bf575544f738d4a0a5fd786c4d0fda946defa886,https://www.ice.gov/doclib/287gMOA/panamaCityBeachPolice_TFM_MOA_02.26.2025.pdf,2026-09-12T20:58:01Z,FLORIDA,Panama City Beach Police Department,panamaCityBeachPolice_TFM_MOA_02.26.2025.pdf,MOA; revalidated; bytes identical,"""e98af4e9f0e56bdee48af8ee40b736a3:1741954785.698164""","Fri, 14 Mar 2025 12:19:45 GMT",
agreements/agreements_20260607_025243/FLORIDA/Palm_Beach_Police_Department/palmBeachPoliceDept_TFM_MOA_03072025.pdf,b157295838e009b433ede0f32781073e2a3d36beb49f8f9d6bc69f0bb3f8a1ee,https://www.ice.gov/doclib/287gMOA/palmBeachPoliceDept_TFM_MOA_03072025.pdf,2026-09-12T20:58:02Z,FLORIDA,Palm Beach Police Department,palmBeachPoliceDept_TFM_MOA_03072025.pdf,MOA; revalidated; bytes identical,"""be4b3fcd062c8421cad4fe8846ac8b8e:1741954784.594377""","Fri, 14 Mar 2025 12:19:44 GMT",
agreements/agreements_20260607_025243/FLORIDA/Palm_Beach_County_Sheriff's_Office/palmBeachCoSheriffsOffice_WSO_MOA_02.26.2025.pdf,a2ef0ffd4ff37f10f52bf894eaa3f01693f2b3a0a23a920dc9327ac090e8141e,https://www.ice.gov/doclib/287gMOA/palmBeachCoSheriffsOffice_WSO_MOA_02.26.2025.pdf,2026-09-12T20:58:02Z,FLORIDA,Palm Beach County Sheriff's Office,palmBeachCoSheriffsOffice_WSO_MOA_02.26.2025.pdf,MOA; revalidated; bytes identical,"""170c4338ab0add79023eae1697792fe6:1741954781.973024""","Fri, 14 Mar 2025 12:19:41 GMT",
agreements/agreements_20260607_025243/FLORIDA/Orange_County_Corrections_Department/orangeCoCorrDept_WSO_MOA_02.26.2025.pdf,c344a5fd96c4271fc895dc8b0be3fde950f84042f6bb54fb451e9a5e3b69414b,https://www.ice.gov/doclib/287gMOA/orangeCoCorrDept_WSO_MOA_02.26.2025.pdf,2026-09-12T20:58:02Z,FLORIDA,Orange County Corrections Department,orangeCoCorrDept_WSO_MOA_02.26.2025.pdf,MOA; revalidated; bytes identical,"""69dfd2a5f9d9cb3bf8ea057bca4fcd04:1741954092.280672""","Fri, 14 Mar 2025 12:08:12 GMT",
agreements/agreements_20260607_025243/FLORIDA/Okaloosa_County_Board_of_County_Commissioners__Department_of_Corrections_/okaloosaCoCommishBoard_WSO_MOA_02262025.pdf,a9f8d523765b413f5a1d6dc3798ca2c1d3aa6233eab0a4a09eb5eeb8dff9dd8a,https://www.ice.gov/doclib/287gMOA/okaloosaCoCommishBoard_WSO_MOA_02262025.pdf,2026-09-12T20:58:02Z,FLORIDA,Okaloosa County Board of County Commissioners/ Department of Corrections,okaloosaCoCommishBoard_WSO_MOA_02262025.pdf,MOA; revalidated; bytes identical,"""c72a388e5619f72fa4dfbbfa1994c259:1741954086.348206""","Fri, 14 Mar 2025 12:08:06 GMT",
agreements/agreements_20260607_025243/FLORIDA/Monroe_County_Sheriff's_Office/monroeCoSheriffsOffice_TFM_MOA_02262025.pdf,511f35489a1d003de280e456085959e4c782749ed7f177ee9c4df0fbd6985c18,https://www.ice.gov/doclib/287gMOA/monroeCoSheriffsOffice_TFM_MOA_02262025.pdf,2026-09-12T20:58:03Z,FLORIDA,Monroe County Sheriff's Office,monroeCoSheriffsOffice_TFM_MOA_02262025.pdf,MOA; revalidated; bytes identical,"""561f9d4c29cb892299a33cff752f49a3:1741954087.91179""","Fri, 14 Mar 2025 12:08:07 GMT",
agreements/agreements_20260607_025243/FLORIDA/Miami-Dade_Sheriff's_Office/miamiDadeSheriffsOffice_TFM_MOA_02262025.pdf,481c5b82b1fb549c1fe3129eec94869d155eea9dc31b6f226cf3e9beee7e9afa,https://www.ice.gov/doclib/287gMOA/miamiDadeSheriffsOffice_TFM_MOA_02262025.pdf,2026-09-12T20:58:03Z,FLORIDA,Miami-Dade Sheriff's Office,miamiDadeSheriffsOffice_TFM_MOA_02262025.pdf,MOA; revalidated; bytes identical,"""c7fb74311176979a34a2a5f64e3d3833:1741954084.538593""","Fri, 14 Mar 2025 12:08:04 GMT",
agreements/agreements_20260607_025243/FLORIDA/Martin_County_Sheriff's_Office/martinCoSheriffsOffice_TFM_MOA_02262025.pdf,a6306799f2411794d8eb367123a41fbb96a6ebbcad337ccc0315b9a1aa40588d,https://www.ice.gov/doclib/287gMOA/martinCoSheriffsOffice_TFM_MOA_02262025.pdf,2026-09-12T20:58:03Z,FLORIDA,Martin County Sheriff's Office,martinCoSheriffsOffice_TFM_MOA_02262025.pdf,MOA; revalidated; bytes identical,"""06846683ba88c217cf86c4f327d17664:1741954083.326262""","Fri, 14 Mar 2025 12:08:03 GMT",
agreements/agreements_20260607_025243/FLORIDA/Marion_County_Sheriff's_Office/marionCoSheriffsOffice_TFM_MOA_02262025.pdf,adc2c67c4399b99a94aa63cdcc63738a4b7cfa8d66d8cec03547ca37830175fc,https://www.ice.gov/doclib/287gMOA/marionCoSheriffsOffice_TFM_MOA_02262025.pdf,2026-09-12T20:58:03Z,FLORIDA,Marion County Sheriff's Office,marionCoSheriffsOffice_TFM_MOA_02262025.pdf,MOA; revalidated; bytes identical,"""5d345cd37895a144d6eb69c7ce4b70ab:1741954084.222237""","Fri, 14 Mar 2025 12:08:04 GMT",
agreements/agreements_20260607_025243/FLORIDA/Manatee_County_Sheriff's_Office/manateeCoSheriff_TFM_MOA_02.26.2025.pdf,eea57b46c024b8d5e346ca637d65fc7724be0bff62c34e886fbbc5bf8f6afa13,https://www.ice.gov/doclib/287gMOA/manateeCoSheriff_TFM_MOA_02.26.2025.pdf,2026-09-12T20:58:04Z,FLORIDA,Manatee County Sheriff's Office,manateeCoSheriff_TFM_MOA_02.26.2025.pdf,MOA; revalidated; bytes identical,"""53a83e19738c8b55bb51d7e0f75988a0:1741954084.973573""","Fri, 14 Mar 2025 12:08:04 GMT",
agreements/agreements_20260607_025243/FLORIDA/Madison_County_Sheriff's_Office/madisonCoSheriffsOffice_TFM_MOA_02262025.pdf,b3705339fdd9962a4624717a34f5b97f4d69121f89dacc8e4c3f93bf5c35e8a4,https://www.ice.gov/doclib/287gMOA/madisonCoSheriffsOffice_TFM_MOA_02262025.pdf,2026-09-12T20:58:04Z,FLORIDA,Madison County Sheriff's Office,madisonCoSheriffsOffice_TFM_MOA_02262025.pdf,MOA; revalidated; bytes identical,"""943436ee43376993146c8067edce4842:1741954081.881867""","Fri, 14 Mar 2025 12:08:01 GMT",
agreements/agreements_20260607_025243/FLORIDA/Hillsborough_County_Sheriff's_Office/hIllsboroughCountySherrifsOffice_WSO_MOA_03122025.pdf,71d29049d538dd27520f426de4e24defbcfbbd7ede5edb09381d2ebe56604438,https://www.ice.gov/doclib/287gMOA/hIllsboroughCountySherrifsOffice_WSO_MOA_03122025.pdf,2026-09-12T20:58:05Z,FLORIDA,Hillsborough County Sheriff's Office,hIllsboroughCountySherrifsOffice_WSO_MOA_03122025.pdf,MOA; revalidated; bytes identical,"""f70fde90efe39c489563cba7114394b9:1741813730.873048""","Wed, 12 Mar 2025 21:08:50 GMT",
agreements/agreements_20260607_025243/FLORIDA/Indian_River_County_Sheriff's_Office/indianRiverCountySherrifsOffice_TF_MOA_03122025.pdf,1a8b3d90ca5da81a0addfb172644e28dcbb68c8f803e5832dd5b4ce3a293ce79,https://www.ice.gov/doclib/287gMOA/indianRiverCountySherrifsOffice_TF_MOA_03122025.pdf,2026-09-12T20:58:05Z,FLORIDA,Indian River County Sheriff's Office,indianRiverCountySherrifsOffice_TF_MOA_03122025.pdf,MOA; revalidated; bytes identical,"""c586a3b71a5265bfea29f3697defc366:1741813747.465456""","Wed, 12 Mar 2025 21:09:07 GMT",
agreements/agreements_20260607_025243/FLORIDA/Jackson_County_Correctional_Facility/jacksonCountyCorrectional_WSO_MOA_03122025.pdf,000a8eef1b4b3483e742a4ca9162b05438d8af66cb13bdcc3f4eaf86179dfa86,https://www.ice.gov/doclib/287gMOA/jacksonCountyCorrectional_WSO_MOA_03122025.pdf,2026-09-12T20:58:05Z,FLORIDA,Jackson County Correctional Facility,jacksonCountyCorrectional_WSO_MOA_03122025.pdf,MOA; revalidated; bytes identical,"""afd8a848f67813aa0996bd3526036469:1741813742.306327""","Wed, 12 Mar 2025 21:09:02 GMT",
agreements/agreements_20260607_025243/FLORIDA/Jackson_County_Sheriff's_Office/jacksonCountySherrifsOffice_TF_MOA_03122025.pdf,7824bc0032d0ee676030e2515dc97bff8355c481f6cb746c6ffd374df28241a9,https://www.ice.gov/doclib/287gMOA/jacksonCountySherrifsOffice_TF_MOA_03122025.pdf,2026-09-12T20:58:05Z,FLORIDA,Jackson County Sheriff's Office,jacksonCountySherrifsOffice_TF_MOA_03122025.pdf,MOA; revalidated; bytes identical,"""ecd79e8514b55b5d3bc989d73afd14f9:1741813731.125347""","Wed, 12 Mar 2025 21:08:51 GMT",
agreements/agreements_20260607_025243/FLORIDA/Jefferson_County_Sheriff's_Office/jeffersonCountySherrifsOffice_TF_MOA_03122025.pdf,b3d5497c9c0d50ee7c94470cd8f51cc81090cf9f095835955e0adbd9c521bfa3,https://www.ice.gov/doclib/287gMOA/jeffersonCountySherrifsOffice_TF_MOA_03122025.pdf,2026-09-12T20:58:06Z,FLORIDA,Jefferson County Sheriff's Office,jeffersonCountySherrifsOffice_TF_MOA_03122025.pdf,MOA; revalidated; bytes identical,"""bb3d5f284f946cadb4be7376b14bd028:1741813730.191689""","Wed, 12 Mar 2025 21:08:50 GMT",
agreements/agreements_20260607_025243/FLORIDA/Lafayette_County_Sheriff's_Office/lafayetteCountySherrifsOffice_TF_MOA_03122025.pdf,48c8037bd13ad09850fce6c43060c180ddf8ebc857a36f5f36f17c02e8535416,https://www.ice.gov/doclib/287gMOA/lafayetteCountySherrifsOffice_TF_MOA_03122025.pdf,2026-09-12T20:58:06Z,FLORIDA,Lafayette County Sheriff's Office,lafayetteCountySherrifsOffice_TF_MOA_03122025.pdf,MOA; revalidated; bytes identical,"""2402dd4a83b602a2a014999e2c72ff40:1741813731.157996""","Wed, 12 Mar 2025 21:08:51 GMT",
agreements/agreements_20260607_025243/FLORIDA/Lake_County_Sheriff's_Office/lakeCountySherrifsOffice_TF_MOA_03122025.pdf,8b89745dbf007ed40fdf34f0285d1ea5fe56e5d12a9b8a208cb30caaaad0c697,https://www.ice.gov/doclib/287gMOA/lakeCountySherrifsOffice_TF_MOA_03122025.pdf,2026-09-12T20:58:06Z,FLORIDA,Lake County Sheriff's Office,lakeCountySherrifsOffice_TF_MOA_03122025.pdf,MOA; revalidated; bytes identical,"""835bcab3543ec2d56e0a1c9cd7313fa6:1741813731.386786""","Wed, 12 Mar 2025 21:08:51 GMT",
agreements/agreements_20260607_025243/FLORIDA/Lee_County_Sheriff's_Office/leeCountySheriffsOffice_TF_MOA_03122025.pdf,06840489fe61962c651479a3802c52993f54220c7d0bf00d94aa659eba58eee5,https://www.ice.gov/doclib/287gMOA/leeCountySheriffsOffice_TF_MOA_03122025.pdf,2026-09-12T20:58:06Z,FLORIDA,Lee County Sheriff's Office,leeCountySheriffsOffice_TF_MOA_03122025.pdf,MOA; revalidated; bytes identical,"""a6c37292f41e247ce060fe02bd75ecb2:1741813745.67544""","Wed, 12 Mar 2025 21:09:05 GMT",
agreements/agreements_20260607_025243/FLORIDA/Lee_County_Sheriff's_Office/leeCountySheriffsOffice_WSO_MOA_03122025.pdf,7f1cb725221b32f87e3a0840cde66f7f694db9ffa236637a8c3ad85f59368f7d,https://www.ice.gov/doclib/287gMOA/leeCountySheriffsOffice_WSO_MOA_03122025.pdf,2026-09-12T20:58:07Z,FLORIDA,Lee County Sheriff's Office,leeCountySheriffsOffice_WSO_MOA_03122025.pdf,MOA; revalidated; bytes identical,"""615dfd6d71fc98747f9baf9891f4d33c:1741813745.337726""","Wed, 12 Mar 2025 21:09:05 GMT",
agreements/agreements_20260607_025243/FLORIDA/Levy_County_Sheriff's_Office/levyCountySherrifsOffice_TF_MOA_03122025.pdf,3682c43d6844815badfabf4c6eee82601e4b4f54f0d1c75e4415d81f72aed8c1,https://www.ice.gov/doclib/287gMOA/levyCountySherrifsOffice_TF_MOA_03122025.pdf,2026-09-12T20:58:07Z,FLORIDA,Levy County Sheriff's Office,levyCountySherrifsOffice_TF_MOA_03122025.pdf,MOA; revalidated; bytes identical,"""169889fd9c72686b496def6d95cf39f1:1741813748.844171""","Wed, 12 Mar 2025 21:09:08 GMT",
agreements/agreements_20260607_025243/FLORIDA/Liberty_County_Sheriff's_Office/libertyCountySherrifsOffice_TF_MOA_03122025.pdf,6aed5887f779136254f1616ea47ef380cb56a1924f5889e49638740081385cba,https://www.ice.gov/doclib/287gMOA/libertyCountySherrifsOffice_TF_MOA_03122025.pdf,2026-09-12T20:58:07Z,FLORIDA,Liberty County Sheriff's Office,libertyCountySherrifsOffice_TF_MOA_03122025.pdf,MOA; revalidated; bytes identical,"""7eb7535f05456192ee1d2b53fde83056:1741813746.438709""","Wed, 12 Mar 2025 21:09:06 GMT",
agreements/agreements_20260607_025243/FLORIDA/Hardee_County_Sheriff's_Office/hardeeCoSheriffsOffice_WSO_MOA_02.26.2025.pdf,f6f2ecb728b7d95ae406c55f9882a7556acf82590835b5cfb3ca22ff62142604,https://www.ice.gov/doclib/287gMOA/hardeeCoSheriffsOffice_WSO_MOA_02.26.2025.pdf,2026-09-12T20:58:08Z,FLORIDA,Hardee County Sheriff's Office,hardeeCoSheriffsOffice_WSO_MOA_02.26.2025.pdf,MOA; revalidated; bytes identical,"""ba98b6416e46a99300ccfed868eaf32c:1741800728.702629""","Wed, 12 Mar 2025 17:32:08 GMT",
agreements/agreements_20260607_025243/FLORIDA/Glades_County_Sheriff's_Office/gladesCo_WSO_MOA_02.18.2025.pdf,dac16213be92c56073dea7f4c91635342f18f565b042bcb080a534aa20880e61,https://www.ice.gov/doclib/287gMOA/gladesCo_WSO_MOA_02.18.2025.pdf,2026-09-12T20:58:08Z,FLORIDA,Glades County Sheriff's Office,gladesCo_WSO_MOA_02.18.2025.pdf,MOA; revalidated; bytes identical,"""7780042a204bd08a70a2c50da1ad391e:1741800729.725721""","Wed, 12 Mar 2025 17:32:09 GMT",
agreements/agreements_20260607_025243/FLORIDA/Gilchrist_County_Sheriff's_Office/gilchristCoSheriffOffice_WSO_MOA_02.20.2025.pdf,a49c8900846c574b7d44950cd7eab1bc940f88d56bae067915cb0b7d976eeb39,https://www.ice.gov/doclib/287gMOA/gilchristCoSheriffOffice_WSO_MOA_02.20.2025.pdf,2026-09-12T20:58:08Z,FLORIDA,Gilchrist County Sheriff's Office,gilchristCoSheriffOffice_WSO_MOA_02.20.2025.pdf,MOA; revalidated; bytes identical,"""bbe30a02310156cb26f3415364266ed6:1741800727.735825""","Wed, 12 Mar 2025 17:32:07 GMT",
agreements/agreements_20260607_025243/FLORIDA/Gadsden_County_Sheriff's_Office/gadsdenCoSheriffDept_WSO_MOA_02.26.2025.pdf,85086bdf948b48f5a169d642b5c9c098e44c393cf2600d27e28baaf999805b71,https://www.ice.gov/doclib/287gMOA/gadsdenCoSheriffDept_WSO_MOA_02.26.2025.pdf,2026-09-12T20:58:08Z,FLORIDA,Gadsden County Sheriff's Office,gadsdenCoSheriffDept_WSO_MOA_02.26.2025.pdf,MOA; revalidated; bytes identical,"""9c18920b031bf5ed168354191f2486b8:1741800725.974808""","Wed, 12 Mar 2025 17:32:05 GMT",
"agreements/agreements_20260607_025243/FLORIDA/Florida_Department_of_Highway_Safety_and_Motor_Vehicles,_Division_of_Highway_Patrol/floridaHighwayPatrol_02.07.2025.pdf",fb28a57255c727328f0af191472521bdae57133407dfafa1ed05423e994876be,https://www.ice.gov/doclib/287gMOA/floridaHighwayPatrol_02.07.2025.pdf,2026-09-12T20:58:09Z,FLORIDA,"Florida Department of Highway Safety and Motor Vehicles, Division of Highway Patrol",floridaHighwayPatrol_02.07.2025.pdf,MOA; revalidated; bytes identical,"""6e1814ee1b6d05127d8b56d9e367953b:1741800738.122325""","Wed, 12 Mar 2025 17:32:18 GMT",
agreements/agreements_20260607_025243/FLORIDA/Florida_Department_of_Law_Enforcement/floridaDeptLawEnforcement_TFM_MOA_02.14.2025.pdf,6f24cd309bda4c117e3c6ddb0cce6cb2c5c82b3b13eb2c746c87997061d21188,https://www.ice.gov/doclib/287gMOA/floridaDeptLawEnforcement_TFM_MOA_02.14.2025.pdf,2026-09-12T20:58:09Z,FLORIDA,Florida Department of Law Enforcement,floridaDeptLawEnforcement_TFM_MOA_02.14.2025.pdf,MOA; revalidated; bytes identical,"""009a69857c51671702ef87ba7f19d7a2:1741800723.875912""","Wed, 12 Mar 2025 17:32:03 GMT",
agreements/agreements_20260607_025243/FLORIDA/Escambia_County_Board_of_County_Commissioners__Department_of_Corrections_/escambiaCo_WSO_MOA_02.21.2025.pdf,51458757b0e0f36cd4e856a499e096d466b924c02f5a33f50004e72616351fac,https://www.ice.gov/doclib/287gMOA/escambiaCo_WSO_MOA_02.21.2025.pdf,2026-09-12T20:58:09Z,FLORIDA,Escambia County Board of County Commissioners/ Department of Corrections,escambiaCo_WSO_MOA_02.21.2025.pdf,MOA; revalidated; bytes identical,"""4b47ec5d5c185dca101e154c2d472be3:1741800729.11373""","Wed, 12 Mar 2025 17:32:09 GMT",
agreements/agreements_20260607_025243/FLORIDA/Collier_County_Sheriff's_Office/collierCoFL_TFM_MOA_02.24.2025.pdf,c0f3078d9a1fad9dceb511b2f3a1ebf9d5e83f78d802a00825903c1b3b1029e8,https://www.ice.gov/doclib/287gMOA/collierCoFL_TFM_MOA_02.24.2025.pdf,2026-09-12T20:58:09Z,FLORIDA,Collier County Sheriff's Office,collierCoFL_TFM_MOA_02.24.2025.pdf,MOA; revalidated; bytes identical,"""35ed6b52449b8221288d7d771e44ba38:1741800733.61409""","Wed, 12 Mar 2025 17:32:13 GMT",
agreements/agreements_20260607_025243/FLORIDA/Brevard_County_Sheriff's_Office/brevardCo_TFM_MOA_03.04.2025.pdf,f791b1b35fa5b2009bf00ebb3deebe603ee85d3a894c9cb105c7ea9e7d65b27b,https://www.ice.gov/doclib/287gMOA/brevardCo_TFM_MOA_03.04.2025.pdf,2026-09-12T20:58:10Z,FLORIDA,Brevard County Sheriff's Office,brevardCo_TFM_MOA_03.04.2025.pdf,MOA; revalidated; bytes identical,"""b85d5bf9fe4f35123974497a3f34a142:1741800726.041972""","Wed, 12 Mar 2025 17:32:06 GMT",
agreements/agreements_20260607_025243/FLORIDA/Dixie_County_Sheriff's_Office/dixieCoSheriffsOffice_WSO_MOA_02242025.pdf,c0e3aa16fddbbfe7e64c4f7c9a4132e33764a2733df5aa986e3b91279422a3bc,https://www.ice.gov/doclib/287gMOA/dixieCoSheriffsOffice_WSO_MOA_02242025.pdf,2026-09-12T20:58:10Z,FLORIDA,Dixie County Sheriff's Office,dixieCoSheriffsOffice_WSO_MOA_02242025.pdf,MOA; revalidated; bytes identical,"""5be01033a51d603a54972d1a89b7affa:1741718498.822226""","Tue, 11 Mar 2025 18:41:38 GMT",
agreements/agreements_20260607_025243/FLORIDA/Citrus_County_Sheriff's_Office/citrusCoSheriffsOffice_WSO_MOA_02262025.pdf,571f11db776a3aefba6f71800b4f3acc535ab60c46e93925e3dd70d0c9b7b420,https://www.ice.gov/doclib/287gMOA/citrusCoSheriffsOffice_WSO_MOA_02262025.pdf,2026-09-12T20:58:10Z,FLORIDA,Citrus County Sheriff's Office,citrusCoSheriffsOffice_WSO_MOA_02262025.pdf,MOA; revalidated; bytes identical,"""3b704292b096321744b4a5e9eb0493eb:1741718493.752799""","Tue, 11 Mar 2025 18:41:33 GMT",
agreements/agreements_20260607_025243/FLORIDA/Alachua_County_Sheriff's_Office/alachuaCoSheriffsOffice_WSO_MOA_02242025.pdf,fd8444c8fcfcedf457a0054581ca0e12a72f28893d5ec7927d4bfb415e85d6a4,https://www.ice.gov/doclib/287gMOA/alachuaCoSheriffsOffice_WSO_MOA_02242025.pdf,2026-09-12T20:58:11Z,FLORIDA,Alachua County Sheriff's Office,alachuaCoSheriffsOffice_WSO_MOA_02242025.pdf,MOA; revalidated; bytes identical,"""e1a98aa1bb6b49099dbd1f351546a1bf:1741718499.799292""","Tue, 11 Mar 2025 18:41:39 GMT",
agreements/agreements_20260607_025243/WISCONSIN/Waushara_County_Sheriff's_Office/287gWSO_WausharaCoWi2020-06-08.pdf,51c4e8d4967bc02d2015ba59aa4a7ef0d0f0b3ec5e16f507ab6797c32c10db36,https://www.ice.gov/doclib/287gMOA/287gWSO_WausharaCoWi2020-06-08.pdf,2026-09-12T20:58:11Z,WISCONSIN,Waushara County Sheriff's Office,287gWSO_WausharaCoWi2020-06-08.pdf,MOA; revalidated; bytes identical,"""360859d92c95ce13a56329bb75ec0be2:1591732605.621338""","Tue, 09 Jun 2020 19:56:45 GMT",
agreements/agreements_20260607_025243/WISCONSIN/Waukesha_County_Sheriff's_Department/287gJEM_WaukeshaCoWI_06-10-2020.pdf,a82c2dc835fbecc1b7b2397fb11e099633a1d9d80b93a69f7b0ab61bb3ba1611,https://www.ice.gov/doclib/287gMOA/287gJEM_WaukeshaCoWI_06-10-2020.pdf,2026-09-12T20:58:11Z,WISCONSIN,Waukesha County Sheriff's Department,287gJEM_WaukeshaCoWI_06-10-2020.pdf,MOA; revalidated; bytes identical,"""b67b280678598f3d65b7976042210a0c:1594218732.018117""","Wed, 08 Jul 2020 14:32:12 GMT",
agreements/agreements_20260607_025243/WISCONSIN/Sheboygan_County_Sheriff's_Office/287gWSO_SheboyganCoWi2020-02-27.pdf,d889ada641855177dd4d10ba7dac26d71d87d9cf9670e99b1a18d10b25d0bcb6,https://www.ice.gov/doclib/287gMOA/287gWSO_SheboyganCoWi2020-02-27.pdf,2026-09-12T20:58:12Z,WISCONSIN,Sheboygan County Sheriff's Office,287gWSO_SheboyganCoWi2020-02-27.pdf,MOA; revalidated; bytes identical,"""74cf8ddada15ab791c7990128e2b48f9:1585150422.371878""","Wed, 25 Mar 2020 15:33:42 GMT",
agreements/agreements_20260607_025243/WISCONSIN/Marquette_County_Sheriff's_Office/287gWSO_MarquetteWI_05-21-2020.pdf,c7099160db04a0ff980a233c20b2fab4add552c8a5afdf4fe7bd3b18966722ce,https://www.ice.gov/doclib/287gMOA/287gWSO_MarquetteWI_05-21-2020.pdf,2026-09-12T20:58:12Z,WISCONSIN,Marquette County Sheriff's Office,287gWSO_MarquetteWI_05-21-2020.pdf,MOA; revalidated; bytes identical,"""f884ae198e48f523fe07266fb8cc7847:1590591685.331073""","Wed, 27 May 2020 15:01:25 GMT",
agreements/agreements_20260607_025243/WISCONSIN/Manitowoc_County_Sheriff's_Office/287gWSO_MantiowocCoWI_06-05-2020.pdf,6798268f16fea06624b913bddbb417034dd38728c40a014ea9bf84113b17ba9e,https://www.ice.gov/doclib/287gMOA/287gWSO_MantiowocCoWI_06-05-2020.pdf,2026-09-12T20:58:12Z,WISCONSIN,Manitowoc County Sheriff's Office,287gWSO_MantiowocCoWI_06-05-2020.pdf,MOA; revalidated; bytes identical,"""ebd0d3ed8ae8d00129cbb7d6001e358f:1591380459.948582""","Fri, 05 Jun 2020 18:07:39 GMT",
agreements/agreements_20260607_025243/WISCONSIN/Fond_du_Lac_County_Sheriff's_Office/287gWSO_FondDuLacCoWI_06-05-2020.pdf,669b1bd0aaaddb870ea1ce82021701919e96130b3e130f3127363edf4ce7132f,https://www.ice.gov/doclib/287gMOA/287gWSO_FondDuLacCoWI_06-05-2020.pdf,2026-09-12T20:58:13Z,WISCONSIN,Fond du Lac County Sheriff's Office,287gWSO_FondDuLacCoWI_06-05-2020.pdf,MOA; revalidated; bytes identical,"""8a936b965ad1539afd72a6d17488bf61:1591380459.921011""","Fri, 05 Jun 2020 18:07:39 GMT",
agreements/agreements_20260607_025243/WISCONSIN/Brown_County_Sheriff's_Office/287gWSO_BrownCoWI_10-16-2020.pdf,c900064dd76202e6a4a0373c88b275bcbbf318feba34063920da9ab53ff260c5,https://www.ice.gov/doclib/287gMOA/287gWSO_BrownCoWI_10-16-2020.pdf,2026-09-12T20:58:13Z,WISCONSIN,Brown County Sheriff's Office,287gWSO_BrownCoWI_10-16-2020.pdf,MOA; revalidated; bytes identical,"""467fdd51d7a39bcbb0a8a1e9dc056c72:1603888126.389243""","Wed, 28 Oct 2020 12:28:46 GMT",
agreements/agreements_20260607_025243/TEXAS/Wharton_County_Sheriff’s_Office/287gJEM_WhartonCoTX_06-09-2020.pdf,0e0a3d56c36a4afe30122e025ad0e3e5b6c83f97d7ac64184134cb5ca8aeae37,https://www.ice.gov/doclib/287gMOA/287gJEM_WhartonCoTX_06-09-2020.pdf,2026-09-12T20:58:13Z,TEXAS,Wharton County Sheriff’s Office,287gJEM_WhartonCoTX_06-09-2020.pdf,MOA; revalidated; bytes identical,"""7efdc53ce1d108309d832c500be6c32c:1594218733.659546""","Wed, 08 Jul 2020 14:32:13 GMT",
agreements/agreements_20260607_025243/TEXAS/Waller_County_Sheriff’s_Office/287gWSO_WallerCoTx2020-02-12.pdf,ac804757cd66bc585e3d61606e974ba8fc33f06e220244a9a61b8dfd833f6954,https://www.ice.gov/doclib/287gMOA/287gWSO_WallerCoTx2020-02-12.pdf,2026-09-12T20:58:13Z,TEXAS,Waller County Sheriff’s Office,287gWSO_WallerCoTx2020-02-12.pdf,MOA; revalidated; bytes identical,"""36337749cec2bf5e07270be6ffd670d7:1585150425.154945""","Wed, 25 Mar 2020 15:33:45 GMT",
agreements/agreements_20260607_025243/TEXAS/Walker_County_Sheriff’s_Department/287gJEM_WalkerCoTX_06-09-2020.pdf,26645fc5fea8ccb90843aa30142000dfb784bc4427386c02bd598d2bf21acf1a,https://www.ice.gov/doclib/287gMOA/287gJEM_WalkerCoTX_06-09-2020.pdf,2026-09-12T20:58:14Z,TEXAS,Walker County Sheriff’s Department,287gJEM_WalkerCoTX_06-09-2020.pdf,MOA; revalidated; bytes identical,"""5704a579a37853224f26f852f8685649:1593101853.850365""","Thu, 25 Jun 2020 16:17:33 GMT",
agreements/agreements_20260607_025243/TEXAS/Victoria_County_Sheriff’s_Office/287gJEM_VictoriaCoTX_06-08-2020.pdf,f3e0484acfec0bf3810262602811d40f42bf4807ab58a9ecaad64f83357b0d0b,https://www.ice.gov/doclib/287gMOA/287gJEM_VictoriaCoTX_06-08-2020.pdf,2026-09-12T20:58:14Z,TEXAS,Victoria County Sheriff’s Office,287gJEM_VictoriaCoTX_06-08-2020.pdf,MOA; revalidated; bytes identical,"""7d579e9a598ded331eba967164898b3b:1594218729.028585""","Wed, 08 Jul 2020 14:32:09 GMT",
agreements/agreements_20260607_025243/TEXAS/Terrell_County_Sheriff's_Office/287gJEM_TerrellCoTX_06-09-2020.pdf,88af7dee73cfe006f86264eddda29bb881bb7bd529a0e23582ee9be2d1407192,https://www.ice.gov/doclib/287gMOA/287gJEM_TerrellCoTX_06-09-2020.pdf,2026-09-12T20:58:14Z,TEXAS,Terrell County Sheriff's Office,287gJEM_TerrellCoTX_06-09-2020.pdf,MOA; revalidated; bytes identical,"""70932f08b45b9c60d6e0df216aa3e699:1597412870.66543""","Fri, 14 Aug 2020 13:47:50 GMT",
agreements/agreements_20260607_025243/TEXAS/Tarrant_County_Sheriff’s_Office/287g_JEM_TarrantCoTX_06-16-2020.pdf,c4dd776c199dbbe7da989b11c52c92803f0c48a669b72ca530229a2d34539e5a,https://www.ice.gov/doclib/287gMOA/287g_JEM_TarrantCoTX_06-16-2020.pdf,2026-09-12T20:58:15Z,TEXAS,Tarrant County Sheriff’s Office,287g_JEM_TarrantCoTX_06-16-2020.pdf,MOA; revalidated; bytes identical,"""df3d4fba1e17204617e4381e03e3f98e:1592928468.928962""","Tue, 23 Jun 2020 16:07:48 GMT",
agreements/agreements_20260607_025243/TEXAS/Smith_County_Sheriff’s_Office/287gJEM_SmithCoTX_06-09-2020.pdf,48d33e3e995ff6cc76f9d0bd0acd57403b543263764ee79f6b819f937ba78f07,https://www.ice.gov/doclib/287gMOA/287gJEM_SmithCoTX_06-09-2020.pdf,2026-09-12T20:58:15Z,TEXAS,Smith County Sheriff’s Office,287gJEM_SmithCoTX_06-09-2020.pdf,MOA; revalidated; bytes identical,"""5ac456c5a8e28593e9687e24c5478321:1594724996.463285""","Tue, 14 Jul 2020 11:09:56 GMT",
agreements/agreements_20260607_025243/TEXAS/San_Patricio_County_Sheriff’s_Office/287gJEM_SanPatricioCoTX_09-03-2020.pdf,655ae77dd1214898e02d91a1a7e6c3affc896fe10eabefaf98d9a5a21829968d,https://www.ice.gov/doclib/287gMOA/287gJEM_SanPatricioCoTX_09-03-2020.pdf,2026-09-12T20:58:15Z,TEXAS,San Patricio County Sheriff’s Office,287gJEM_SanPatricioCoTX_09-03-2020.pdf,MOA; revalidated; bytes identical,"""56b75caccb233fe08762f29b237a5126:1599160962.675321""","Thu, 03 Sep 2020 19:22:42 GMT",
agreements/agreements_20260607_025243/TEXAS/Rockwall_County_Sheriff's_Office/287gJEMRockwallCoTX_06-09-2020.pdf,9c0b66edca9e859e5d441d4a5c9825235074a602612907da7583b0f52d43858f,https://www.ice.gov/doclib/287gMOA/287gJEMRockwallCoTX_06-09-2020.pdf,2026-09-12T20:58:15Z,TEXAS,Rockwall County Sheriff's Office,287gJEMRockwallCoTX_06-09-2020.pdf,MOA; revalidated; bytes identical,"""2023a375bb51cf7beeb7eb1d46d5cb00:1598359933.94283""","Tue, 25 Aug 2020 12:52:13 GMT",
agreements/agreements_20260607_025243/TEXAS/Refugio_County_Sheriff’s_Office/287gJEM_RefugioCoTX_06-09-2020.pdf,811591e1a70d7ab16ff56eb7b8a78cf8209587509ffaa1a4cd93d872df049c94,https://www.ice.gov/doclib/287gMOA/287gJEM_RefugioCoTX_06-09-2020.pdf,2026-09-12T20:58:16Z,TEXAS,Refugio County Sheriff’s Office,287gJEM_RefugioCoTX_06-09-2020.pdf,MOA; revalidated; bytes identical,"""59f842a84af613cb4dce3f824f905b01:1594724996.215165""","Tue, 14 Jul 2020 11:09:56 GMT",
agreements/agreements_20260607_025243/TEXAS/Potter_County_Sheriff's_Office/2878gJEM_PotterCoTX_03-02-2020 2.pdf,c99c9a1adaf9cea29bd610b639c2c724b4f5977341829f15dc60ed34c6922ad9,https://www.ice.gov/doclib/287gMOA/2878gJEM_PotterCoTX_03-02-2020.pdf,2026-09-12T20:58:16Z,TEXAS,Potter County Sheriff's Office,2878gJEM_PotterCoTX_03-02-2020 2.pdf,MOA; revalidated; bytes identical,"""1d4d30f303b3974dbcb5dfe34b9fbde4:1593700022.220191""","Thu, 02 Jul 2020 14:27:02 GMT",
agreements/agreements_20260607_025243/TEXAS/Matagorda_County_Sheriff's_Office/287gJEM_MatagordaCoTX_03-13-2020.pdf,802e47eeb66b839e93743c685c62d2fbfcb5bdd6b58806eb68344390ffa9c677,https://www.ice.gov/doclib/287gMOA/287gJEM_MatagordaCoTX_03-13-2020.pdf,2026-09-12T20:58:16Z,TEXAS,Matagorda County Sheriff's Office,287gJEM_MatagordaCoTX_03-13-2020.pdf,MOA; revalidated; bytes identical,"""9fe8ddc4aa6dd43c1df4fd925e1b1773:1594218728.750917""","Wed, 08 Jul 2020 14:32:08 GMT",
agreements/agreements_20260607_025243/TEXAS/Lubbock_County_Sheriff's_Office/287g_JEM_LubbockCoTX_06-08-2020.pdf,79272c39f52a0aa9d77dccae3ff59acde84409ea6a127c7d1245dd4618198831,https://www.ice.gov/doclib/287gMOA/287g_JEM_LubbockCoTX_06-08-2020.pdf,2026-09-12T20:58:17Z,TEXAS,Lubbock County Sheriff's Office,287g_JEM_LubbockCoTX_06-08-2020.pdf,MOA; revalidated; bytes identical,"""eb0fb3c6620bee0e37c965858382389b:1592928468.734439""","Tue, 23 Jun 2020 16:07:48 GMT",
agreements/agreements_20260607_025243/TEXAS/Lavaca_County_Sheriff’s_Office/287gJEM_LavacaCoTX_06-08-2020.pdf,0afd2a3b95cc89d01d85e52575e677271f6ed6b7b89a56a6c9172afd3f8664ba,https://www.ice.gov/doclib/287gMOA/287gJEM_LavacaCoTX_06-08-2020.pdf,2026-09-12T20:58:17Z,TEXAS,Lavaca County Sheriff’s Office,287gJEM_LavacaCoTX_06-08-2020.pdf,MOA; revalidated; bytes identical,"""5fb031e8b1267b21c40badf9dfa13651:1594724994.422749""","Tue, 14 Jul 2020 11:09:54 GMT",
agreements/agreements_20260607_025243/TEXAS/Kleberg_County_Sheriff's_Office/287gJEM_KlebergCoTX_07-31-2020.pdf,b203f663e53d0fd877e063952efb1d9e9ca7db469660b0fe6dd09c7e6b672de5,https://www.ice.gov/doclib/287gMOA/287gJEM_KlebergCoTX_07-31-2020.pdf,2026-09-12T20:58:17Z,TEXAS,Kleberg County Sheriff's Office,287gJEM_KlebergCoTX_07-31-2020.pdf,MOA; revalidated; bytes identical,"""090cad386cf911352baa1ec94a104401:1596458433.90377""","Mon, 03 Aug 2020 12:40:33 GMT",
agreements/agreements_20260607_025243/TEXAS/Kendall_County_Sheriff's_Office/287gWSO_KendallCoTX_12-23-2020.pdf,962c503301a2090b6bb88b0c00c0c4eb78aad2098adb5b31a81b479c9099985b,https://www.ice.gov/doclib/287gMOA/287gWSO_KendallCoTX_12-23-2020.pdf,2026-09-12T20:58:17Z,TEXAS,Kendall County Sheriff's Office,287gWSO_KendallCoTX_12-23-2020.pdf,MOA; revalidated; bytes identical,"""d8fbfe9f86fbbe18cde1038d9eea09e6:1609190878.036825""","Mon, 28 Dec 2020 21:27:58 GMT",
agreements/agreements_20260607_025243/TEXAS/Jackson_County_Sheriff's_Office/287gJEM_JacksonCoTX_06-08-2020 2.pdf,58f4a90db531613141a2991c0dca0f4d946bbe4f41cf7fb1ab66c995d2ee9cac,https://www.ice.gov/doclib/287gMOA/287gJEM_JacksonCoTX_06-08-2020.pdf,2026-09-12T20:58:18Z,TEXAS,Jackson County Sheriff's Office,287gJEM_JacksonCoTX_06-08-2020 2.pdf,MOA; revalidated; bytes identical,"""1651796c35f96ae2d1842755842af4ab:1594218728.889076""","Wed, 08 Jul 2020 14:32:08 GMT",
agreements/agreements_20260607_025243/TEXAS/Goliad_County_Sheriff’s_Office/287gJEM_GoliadCoTX_06-09-2020.pdf,9895fa01746b845a8280eff16b14464c713aacfccb58adf793773dbab335a130,https://www.ice.gov/doclib/287gMOA/287gJEM_GoliadCoTX_06-09-2020.pdf,2026-09-12T20:58:18Z,TEXAS,Goliad County Sheriff’s Office,287gJEM_GoliadCoTX_06-09-2020.pdf,MOA; revalidated; bytes identical,"""f7878a9f7e314f4920fd20524e0ed105:1594218728.74057""","Wed, 08 Jul 2020 14:32:08 GMT",
agreements/agreements_20260607_025243/TEXAS/Galveston_County_Sheriff’s_Office/287gJEM_GalvestonCoTX_06-08-2020.pdf,0723573309313bedf0919fc37806cc97b2e40d671723d15d9d01459931a48ed6,https://www.ice.gov/doclib/287gMOA/287gJEM_GalvestonCoTX_06-08-2020.pdf,2026-09-12T20:58:18Z,TEXAS,Galveston County Sheriff’s Office,287gJEM_GalvestonCoTX_06-08-2020.pdf,MOA; revalidated; bytes identical,"""075e028bee0e0f51e0fb22359a9f6511:1592998725.660551""","Wed, 24 Jun 2020 11:38:45 GMT",
agreements/agreements_20260607_025243/TEXAS/DeWitt_County_Sheriff’s_Office/287gJEM_DeWittCoTX_06-08-2020.pdf,d3e5e1c676ff05eb00180094d5333955cb6768a8bdfcb0c4167994c7f3dadec3,https://www.ice.gov/doclib/287gMOA/287gJEM_DeWittCoTX_06-08-2020.pdf,2026-09-12T20:58:19Z,TEXAS,DeWitt County Sheriff’s Office,287gJEM_DeWittCoTX_06-08-2020.pdf,MOA; revalidated; bytes identical,"""ea6607320bd4d4fef2cf444861450328:1594724994.417392""","Tue, 14 Jul 2020 11:09:54 GMT",
agreements/agreements_20260607_025243/TEXAS/Chambers_County_Sheriff’s_Office/287gJEM_ChambersCoTX_06-09-2020.pdf,63f746036b4acc17da034993c3cb31cc279532c2a8f2d185511329d21c2cbb5b,https://www.ice.gov/doclib/287gMOA/287gJEM_ChambersCoTX_06-09-2020.pdf,2026-09-12T20:58:19Z,TEXAS,Chambers County Sheriff’s Office,287gJEM_ChambersCoTX_06-09-2020.pdf,MOA; revalidated; bytes identical,"""023b98e3387ce6a5acc8c6ddb3091b3d:1594724994.346631""","Tue, 14 Jul 2020 11:09:54 GMT",
agreements/agreements_20260607_025243/TEXAS/Burnet_County_Sheriff's_Office/287gWSO_BurnetCoTx2019-11-05.pdf,267fe077b97eea1098fcf5b5a64127ac8872a8cffad0dae65c638dd9639ad0a2,https://www.ice.gov/doclib/287gMOA/287gWSO_BurnetCoTx2019-11-05.pdf,2026-09-12T20:58:19Z,TEXAS,Burnet County Sheriff's Office,287gWSO_BurnetCoTx2019-11-05.pdf,MOA; revalidated; bytes identical,"""42c9904a3fc8a3d65f739bf07e3077af:1591889643.663077""","Thu, 11 Jun 2020 15:34:03 GMT",
agreements/agreements_20260607_025243/TENNESSEE/Knox_County_Sheriff’s_Office/287g_JEM_Knox_6-8-2020.pdf,a825512ff243e1a0292e5bc4b0ec50998a3e788d4cb0eac2b33a392b3f09847f,https://www.ice.gov/doclib/287gMOA/287g_JEM_Knox_6-8-2020.pdf,2026-09-12T20:58:20Z,TENNESSEE,Knox County Sheriff’s Office,287g_JEM_Knox_6-8-2020.pdf,MOA; revalidated; bytes identical,"""26c3fc49ba15d7c5634060f93d07016d:1617890081.98918""","Thu, 08 Apr 2021 13:54:41 GMT",
agreements/agreements_20260607_025243/TENNESSEE/Greene_County_Sheriff’s_Office/287gJEM_GreeneCoTn2020-06-09.pdf,c92d4f12873d2781ab77309aa54eb79099604b770a3b02db6e3adde0b41b6729,https://www.ice.gov/doclib/287gMOA/287gJEM_GreeneCoTn2020-06-09.pdf,2026-09-12T20:58:20Z,TENNESSEE,Greene County Sheriff’s Office,287gJEM_GreeneCoTn2020-06-09.pdf,MOA; revalidated; bytes identical,"""d421a40b8a3358c0b3324e2137b3ab97:1601932782.995097""","Mon, 05 Oct 2020 21:19:42 GMT",
agreements/agreements_20260607_025243/SOUTH_CAROLINA/York_County_Sheriff's_Office/287gJEM_YorkCoSc2020-06-09.pdf,4858100730c40198216c5ee0506511fc2b482bd59da00d0f5975552e3ea469a6,https://www.ice.gov/doclib/287gMOA/287gJEM_YorkCoSc2020-06-09.pdf,2026-09-12T20:58:20Z,SOUTH CAROLINA,York County Sheriff's Office,287gJEM_YorkCoSc2020-06-09.pdf,MOA; revalidated; bytes identical,"""c60b80cefc9a0d7d147eb6cc4cbf16cd:1593727145.610839""","Thu, 02 Jul 2020 21:59:05 GMT",
agreements/agreements_20260607_025243/SOUTH_CAROLINA/Lexington_County_Sheriff's_Department_/287gJEM_LexingtonCountySC_2020-06-08.pdf,af707a184328766291542dd84ff069e4632f6643eafbcff11bc80319c3668d3b,https://www.ice.gov/doclib/287gMOA/287gJEM_LexingtonCountySC_2020-06-08.pdf,2026-09-12T20:58:21Z,SOUTH CAROLINA,Lexington County Sheriff's Department,287gJEM_LexingtonCountySC_2020-06-08.pdf,MOA; revalidated; bytes identical,"""872220e82e65859a07406a3e3f15b496:1600359059.974816""","Thu, 17 Sep 2020 16:10:59 GMT",
agreements/agreements_20260607_025243/SOUTH_CAROLINA/Horry_County_Sheriff's_Office/287gJEM_HorryCoSC_06-09-2020.pdf,4bc0653fe9a689435c44e1c8bb8d5e4a38064995248810c6e1e58e895e7eddb1,https://www.ice.gov/doclib/287gMOA/287gJEM_HorryCoSC_06-09-2020.pdf,2026-09-12T20:58:21Z,SOUTH CAROLINA,Horry County Sheriff's Office,287gJEM_HorryCoSC_06-09-2020.pdf,MOA; revalidated; bytes identical,"""1b861cd64eb8c48a85b359cbc3a3449d:1593700022.157805""","Thu, 02 Jul 2020 14:27:02 GMT",
agreements/agreements_20260607_025243/OKLAHOMA/Tulsa_County_Sheriff's_Office/287gJEM_TulsaCoOK_06-08-2020.pdf,94c983bbfbb9379cb07f11d583bcd004c8849326c7ffc61127fa94bfb95c5b18,https://www.ice.gov/doclib/287gMOA/287gJEM_TulsaCoOK_06-08-2020.pdf,2026-09-12T20:58:21Z,OKLAHOMA,Tulsa County Sheriff's Office,287gJEM_TulsaCoOK_06-08-2020.pdf,MOA; revalidated; bytes identical,"""24807f4bee37caa06c07ae282fc32f0d:1593435218.900172""","Mon, 29 Jun 2020 12:53:38 GMT",
agreements/agreements_20260607_025243/OKLAHOMA/Canadian_County_Sheriff's_Office/287gJEM_CanadianCoOK2020-03-13.pdf,5799b0111f37cfb8fd8a10ca252120e8b5aebd9af1f181b3399b087f3d513ec1,https://www.ice.gov/doclib/287gMOA/287gJEM_CanadianCoOK2020-03-13.pdf,2026-09-12T20:58:21Z,OKLAHOMA,Canadian County Sheriff's Office,287gJEM_CanadianCoOK2020-03-13.pdf,MOA; revalidated; bytes identical,"""7dbe0922c01adb95a9066836cd1007b8:1592511710.951548""","Thu, 18 Jun 2020 20:21:50 GMT",
agreements/agreements_20260607_025243/NORTH_CAROLINA/Rockingham_County_Sheriff's_Office/287gWSO_RockinghamCoNc2019-12-31.pdf,d848c897a94f92813abed45667da550b7f3bb86f2e4cda4423a0ef5ee6afdbaf,https://www.ice.gov/doclib/287gMOA/287gWSO_RockinghamCoNc2019-12-31.pdf,2026-09-12T20:58:22Z,NORTH CAROLINA,Rockingham County Sheriff's Office,287gWSO_RockinghamCoNc2019-12-31.pdf,MOA; revalidated; bytes identical,"""0a1a9876df1436a4083e78cb965748e7:1585150421.325988""","Wed, 25 Mar 2020 15:33:41 GMT",
agreements/agreements_20260607_025243/NORTH_CAROLINA/Randolph_County_Sheriff's_Office/287gWSO_RandolphCoNC_05-21-2020.pdf,f2f68460711b981c01799d0df8c1152d2db5d902ff513b084478fc1761b33ce2,https://www.ice.gov/doclib/287gMOA/287gWSO_RandolphCoNC_05-21-2020.pdf,2026-09-12T20:58:22Z,NORTH CAROLINA,Randolph County Sheriff's Office,287gWSO_RandolphCoNC_05-21-2020.pdf,MOA; revalidated; bytes identical,"""8e9c338452d06625859611a6dbfd094a:1590591685.344727""","Wed, 27 May 2020 15:01:25 GMT",
agreements/agreements_20260607_025243/NORTH_CAROLINA/Nash_County_Sheriff's_Office/287gWSO_NashCoNC2020-01-29.pdf,52860df6ee31fd3cdde18c230ec136951600443022a6f99680f75f0eafde5096,https://www.ice.gov/doclib/287gMOA/287gWSO_NashCoNC2020-01-29.pdf,2026-09-12T20:58:22Z,NORTH CAROLINA,Nash County Sheriff's Office,287gWSO_NashCoNC2020-01-29.pdf,MOA; revalidated; bytes identical,"""78b2778423126be2991e069e66cdd29c:1588016717.950241""","Mon, 27 Apr 2020 19:45:17 GMT",
agreements/agreements_20260607_025243/NORTH_CAROLINA/Lincoln_County_Sheriff's_Office/287gWSO_LincolnCoNC2020-06-05.pdf,723d025529745002d3ab2ec381607a0285fd395753e38a2b303759e5ed2141c7,https://www.ice.gov/doclib/287gMOA/287gWSO_LincolnCoNC2020-06-05.pdf,2026-09-12T20:58:22Z,NORTH CAROLINA,Lincoln County Sheriff's Office,287gWSO_LincolnCoNC2020-06-05.pdf,MOA; revalidated; bytes identical,"""e7ff3c3fd54c5678d62ec662c61638c5:1591732605.625819""","Tue, 09 Jun 2020 19:56:45 GMT",
agreements/agreements_20260607_025243/NORTH_CAROLINA/Henderson_County_Sheriff's_Office/287gJEM_HendersonCoNC2020-06-09.pdf,e12b1a4f1b09b26d0955762edd675c600006a6efdd907374a1020fcd41a1963c,https://www.ice.gov/doclib/287gMOA/287gJEM_HendersonCoNC2020-06-09.pdf,2026-09-12T20:58:23Z,NORTH CAROLINA,Henderson County Sheriff's Office,287gJEM_HendersonCoNC2020-06-09.pdf,MOA; revalidated; bytes identical,"""522adf3a74a4ac114b332c30c678b9c9:1592511712.965011""","Thu, 18 Jun 2020 20:21:52 GMT",
agreements/agreements_20260607_025243/NORTH_CAROLINA/Gaston_County_Sheriff's_Office/287gJEM_GastonCoNC2020-06-09.pdf,ed7cff9e830972939f1b4a3ebb1761b64acc9fac09404626af5493319bd49320,https://www.ice.gov/doclib/287gMOA/287gJEM_GastonCoNC2020-06-09.pdf,2026-09-12T20:58:23Z,NORTH CAROLINA,Gaston County Sheriff's Office,287gJEM_GastonCoNC2020-06-09.pdf,MOA; revalidated; bytes identical,"""4569fe4ba7ab848fce2c223cc4893a7e:1592511713.330268""","Thu, 18 Jun 2020 20:21:53 GMT",
agreements/agreements_20260607_025243/NORTH_CAROLINA/Duplin_County_Sheriff's_Office/287gWSO_DuplinCoNC_06-25-2020.pdf,1533d2bb55365f27bf7b2a4e1dbae8833caf55868e667539d84bc297891d82d6,https://www.ice.gov/doclib/287gMOA/287gWSO_DuplinCoNC_06-25-2020.pdf,2026-09-12T20:58:23Z,NORTH CAROLINA,Duplin County Sheriff's Office,287gWSO_DuplinCoNC_06-25-2020.pdf,MOA; revalidated; bytes identical,"""4075bcd6d4d9fd9e92e64436ed555d3b:1593022365.250746""","Wed, 24 Jun 2020 18:12:45 GMT",
agreements/agreements_20260607_025243/NORTH_CAROLINA/Cleveland_County_Sheriff's_Office/287gWSO_ClevelandCoNc2020-01-16.pdf,13f1865afc876cbb08b6187f1d4ee11bd64315e8574031eee14f48e03d0075f3,https://www.ice.gov/doclib/287gMOA/287gWSO_ClevelandCoNc2020-01-16.pdf,2026-09-12T20:58:24Z,NORTH CAROLINA,Cleveland County Sheriff's Office,287gWSO_ClevelandCoNc2020-01-16.pdf,MOA; revalidated; bytes identical,"""77ffa97d04a66bb8b424291c56080c4c:1585150406.165848""","Wed, 25 Mar 2020 15:33:26 GMT",
agreements/agreements_20260607_025243/NORTH_CAROLINA/Caldwell_County_Sheriff's_Office/287gWSO_CaldwellCoNC_03-19-2020.pdf,aaf86d156a2d44c185095712dd208d7856914d4443297b04652545599c509108,https://www.ice.gov/doclib/287gMOA/287gWSO_CaldwellCoNC_03-19-2020.pdf,2026-09-12T20:58:24Z,NORTH CAROLINA,Caldwell County Sheriff's Office,287gWSO_CaldwellCoNC_03-19-2020.pdf,MOA; revalidated; bytes identical,"""99d5e5651054a9677991483a1362b72b:1593023335.754737""","Wed, 24 Jun 2020 18:28:55 GMT",
agreements/agreements_20260607_025243/NORTH_CAROLINA/Cabarrus_County_Sheriff's_Office/287gJEM_CabarrusCoNC2020-03-11.pdf,87028c9aa76b25b0bfd92cee53983664d4ccba19066d2535cba3d1fe332966f6,https://www.ice.gov/doclib/287gMOA/287gJEM_CabarrusCoNC2020-03-11.pdf,2026-09-12T20:58:24Z,NORTH CAROLINA,Cabarrus County Sheriff's Office,287gJEM_CabarrusCoNC2020-03-11.pdf,MOA; revalidated; bytes identical,"""d7e80de6cd3bc75a26aa9ca6df110572:1592511965.258575""","Thu, 18 Jun 2020 20:26:05 GMT",
agreements/agreements_20260607_025243/NORTH_CAROLINA/Brunswick_County_Sheriff's_Office/287gWSO_BrunswickCoNC_07-23-2020.pdf,60377302edfd21a67ea53c32f96e17560335af07b3dd98154a8d4c591b5e0ee8,https://www.ice.gov/doclib/287gMOA/287gWSO_BrunswickCoNC_07-23-2020.pdf,2026-09-12T20:58:24Z,NORTH CAROLINA,Brunswick County Sheriff's Office,287gWSO_BrunswickCoNC_07-23-2020.pdf,MOA; revalidated; bytes identical,"""a9e18febf2f22664f4ea7cd0bfbd1756:1595938472.549832""","Tue, 28 Jul 2020 12:14:32 GMT",
agreements/agreements_20260607_025243/NORTH_CAROLINA/Avery_County_Sheriff's_Office/287gWSO_AveryCoNC_07-23-2020.pdf,78a1da560d7e1e2c8e95571ce054b4a64fef9344ec33db61a7301163b94ba2bd,https://www.ice.gov/doclib/287gMOA/287gWSO_AveryCoNC_07-23-2020.pdf,2026-09-12T20:58:25Z,NORTH CAROLINA,Avery County Sheriff's Office,287gWSO_AveryCoNC_07-23-2020.pdf,MOA; revalidated; bytes identical,"""b1a623361484096488f649ea7e3af5b2:1595938472.569567""","Tue, 28 Jul 2020 12:14:32 GMT",
agreements/agreements_20260607_025243/NEW_YORK/Rensselaer_County_Sheriff's_Office/287g_JEM_RensselaerCoNY_06-10-2020.pdf,5a8f0f0d254948254d91b19aed7af5955d8c2e8c78b81bc6294140eea68708d1,https://www.ice.gov/doclib/287gMOA/287g_JEM_RensselaerCoNY_06-10-2020.pdf,2026-09-12T20:58:25Z,NEW YORK,Rensselaer County Sheriff's Office,287g_JEM_RensselaerCoNY_06-10-2020.pdf,MOA; revalidated; bytes identical,"""9f377873e9f09e2a7b4135941270c650:1592928468.800234""","Tue, 23 Jun 2020 16:07:48 GMT",
agreements/agreements_20260607_025243/NEBRASKA/Dakota_County_Sheriff's_Office/287g-DAKOTACounty-2020-06-09.pdf,c3a8521ee3a0d9ae33627a03a5b9bba9c12a5a0196543dfe8cd9b75719804889,https://www.ice.gov/doclib/287gMOA/287g-DAKOTACounty-2020-06-09.pdf,2026-09-12T20:58:25Z,NEBRASKA,Dakota County Sheriff's Office,287g-DAKOTACounty-2020-06-09.pdf,MOA; revalidated; bytes identical,"""851caad5ccd813fff267bb4642783675:1594068643.453712""","Mon, 06 Jul 2020 20:50:43 GMT",
agreements/agreements_20260607_025243/MONTANA/Gallatin_County_Sheriff's_Office/287gWSO_GallatinCoMT_01-22-2020.pdf,215cb83c43f6ff1155a3c8483dad9057df069644108d45290f1ca74d5b1149f2,https://www.ice.gov/doclib/287gMOA/287gWSO_GallatinCoMT_01-22-2020.pdf,2026-09-12T20:58:26Z,MONTANA,Gallatin County Sheriff's Office,287gWSO_GallatinCoMT_01-22-2020.pdf,MOA; revalidated; bytes identical,"""e3f14f65b5caf20c04a7654fc53011cd:1593022365.002349""","Wed, 24 Jun 2020 18:12:45 GMT",
agreements/agreements_20260607_025243/MONTANA/Flathead_County_Sheriff's_Office/287gWSO_FlatheadCoMt2020-02-12.pdf,64697a3aff53a71ad41cc468f269d12d521ef29b669f70e25a7d5e18cbdf339e,https://www.ice.gov/doclib/287gMOA/287gWSO_FlatheadCoMt2020-02-12.pdf,2026-09-12T20:58:26Z,MONTANA,Flathead County Sheriff's Office,287gWSO_FlatheadCoMt2020-02-12.pdf,MOA; revalidated; bytes identical,"""33ef2e1d0be43aea58df3789ec1bdff0:1585150409.513659""","Wed, 25 Mar 2020 15:33:29 GMT",
agreements/agreements_20260607_025243/MASSACHUSETTS/Massachusetts_Department_of_Corrections/287g_JEM_MassDOC_06-08-2020.pdf,cfc3503993e8f37bb278bdeefb6c5ae9517ac7385d136d9d2775168e60288a39,https://www.ice.gov/doclib/287gMOA/287g_JEM_MassDOC_06-08-2020.pdf,2026-09-12T20:58:26Z,MASSACHUSETTS,Massachusetts Department of Corrections,287g_JEM_MassDOC_06-08-2020.pdf,MOA; revalidated; bytes identical,"""801d3ef532da5c1c7951bb29ec0be03c:1592928468.635178""","Tue, 23 Jun 2020 16:07:48 GMT",
agreements/agreements_20260607_025243/KANSAS/Jackson_County_Sheriff’s_Office/287gWSO_JacksonCoKS_07-23-2020.pdf,6cade4a375242468c55714026067362059835f19fc4ecbaa2be177af203c39fe,https://www.ice.gov/doclib/287gMOA/287gWSO_JacksonCoKS_07-23-2020.pdf,2026-09-12T20:58:26Z,KANSAS,Jackson County Sheriff’s Office,287gWSO_JacksonCoKS_07-23-2020.pdf,MOA; revalidated; bytes identical,"""fea39d6c855876439051791e636b12b1:1595938472.669969""","Tue, 28 Jul 2020 12:14:32 GMT",
agreements/agreements_20260607_025243/KANSAS/Finney_County_Sheriff’s_Office/287gWSO_FinneyCoKs2020-03-17.pdf,050185e210c6676b11bb4bf6b021cca64e6850f62e5a1a9081486776497dc71a,https://www.ice.gov/doclib/287gMOA/287gWSO_FinneyCoKs2020-03-17.pdf,2026-09-12T20:58:27Z,KANSAS,Finney County Sheriff’s Office,287gWSO_FinneyCoKs2020-03-17.pdf,MOA; revalidated; bytes identical,"""0c6534641530b1063d3ccb8ee4c1c22d:1585150408.564191""","Wed, 25 Mar 2020 15:33:28 GMT",
agreements/agreements_20260607_025243/IDAHO/Power_County_Sheriff’s_Office/287gWSO_PowerCountyID11-20-2020.pdf,11b24157acf2742b5e5862e54023ccad3f398f624797fed00ecb52830782fcc4,https://www.ice.gov/doclib/287gMOA/287gWSO_PowerCountyID11-20-2020.pdf,2026-09-12T20:58:27Z,IDAHO,Power County Sheriff’s Office,287gWSO_PowerCountyID11-20-2020.pdf,MOA; revalidated; bytes identical,"""8b6b9a4db72809b128516193045084fe:1606252347.826765""","Tue, 24 Nov 2020 21:12:27 GMT",
agreements/agreements_20260607_025243/IDAHO/Gooding_County_Sheriff's_Office/287gWSO_GoodingCoID_08-17-2020.pdf,b761f5cb859f22954a058e3e049406ebf36e6ddb3ced6f9d792d06d205af1092,https://www.ice.gov/doclib/287gMOA/287gWSO_GoodingCoID_08-17-2020.pdf,2026-09-12T20:58:27Z,IDAHO,Gooding County Sheriff's Office,287gWSO_GoodingCoID_08-17-2020.pdf,MOA; revalidated; bytes identical,"""bd4b18159061c0a106b784917aeef1f7:1598459894.104139""","Wed, 26 Aug 2020 16:38:14 GMT",
agreements/agreements_20260607_025243/GEORGIA/Polk_County_Sheriff's_Office/287gJEM_PolkCoGa2020-07-02.pdf,517766380553bf852818f5c2e34576f07ddbae7c8c671d190a0626a34adcd0d9,https://www.ice.gov/doclib/287gMOA/287gJEM_PolkCoGa2020-07-02.pdf,2026-09-12T20:58:28Z,GEORGIA,Polk County Sheriff's Office,287gJEM_PolkCoGa2020-07-02.pdf,MOA; revalidated; bytes identical,"""355b2a2f05e9f2c9193ec2a9cf98e7d7:1594068643.315358""","Mon, 06 Jul 2020 20:50:43 GMT",
agreements/agreements_20260607_025243/GEORGIA/Oconee_County_Sheriff's_Office/287gWSO_OconeeCoGa2019-12-31.pdf,e5d2186e4937bba763361e2d215eb26757464289fd4f99783f4b5043380cc59f,https://www.ice.gov/doclib/287gMOA/287gWSO_OconeeCoGa2019-12-31.pdf,2026-09-12T20:58:28Z,GEORGIA,Oconee County Sheriff's Office,287gWSO_OconeeCoGa2019-12-31.pdf,MOA; revalidated; bytes identical,"""9a7c1262ff6a93114679a8127ae603d7:1585150418.69839""","Wed, 25 Mar 2020 15:33:38 GMT",
agreements/agreements_20260607_025243/GEORGIA/Hall_County_Sheriff's_Office/287gJEM_HallCoGa2020-06-09.pdf,7a6e23654a13f007e68be62fe2a615d74a0029be9db2871237c7ce6fe2df87bf,https://www.ice.gov/doclib/287gMOA/287gJEM_HallCoGa2020-06-09.pdf,2026-09-12T20:58:28Z,GEORGIA,Hall County Sheriff's Office,287gJEM_HallCoGa2020-06-09.pdf,MOA; revalidated; bytes identical,"""48e107b4c09fd7c15c872d4bea5ff581:1593555644.511969""","Tue, 30 Jun 2020 22:20:44 GMT",
agreements/agreements_20260607_025243/GEORGIA/Georgia_Department_of_Corrections/287gJEM_GeorgiaDOC_06-09-2020.pdf,72ef6047ff4a0d00c9d3ad06ef36ce4b8ea8b5f042d0c1fad65d4b17fe246507,https://www.ice.gov/doclib/287gMOA/287gJEM_GeorgiaDOC_06-09-2020.pdf,2026-09-12T20:58:28Z,GEORGIA,Georgia Department of Corrections,287gJEM_GeorgiaDOC_06-09-2020.pdf,MOA; revalidated; bytes identical,"""8d96c763bb1400ae99b0f06cba83c43b:1593435218.961335""","Mon, 29 Jun 2020 12:53:38 GMT",
agreements/agreements_20260607_025243/GEORGIA/Floyd_County_Sheriff's_Office/287gJEM_FloydCoGa2020-06-10.pdf,2899e4c195a021b6cd169923b6569d0f3503d9a270dbe71678c2207b0ba89efa,https://www.ice.gov/doclib/287gMOA/287gJEM_FloydCoGa2020-06-10.pdf,2026-09-12T20:58:29Z,GEORGIA,Floyd County Sheriff's Office,287gJEM_FloydCoGa2020-06-10.pdf,MOA; revalidated; bytes identical,"""ad41bd8b59efefb2d656a6364e4de387:1592601087.233413""","Fri, 19 Jun 2020 21:09:28 GMT",
agreements/agreements_20260607_025243/FLORIDA/Walton_County_Sheriff's_Office/287gWSO_WaltonCoFl2019-05-06.pdf,6557bd17813f670f2c38cba900583c0c56640b40b25306d8d913d3b47413b267,https://www.ice.gov/doclib/287gMOA/287gWSO_WaltonCoFl2019-05-06.pdf,2026-09-12T20:58:29Z,FLORIDA,Walton County Sheriff's Office,287gWSO_WaltonCoFl2019-05-06.pdf,MOA; revalidated; bytes identical,"""0fa3d86cf5dfc50a367000a35419ffa2:1585150425.697032""","Wed, 25 Mar 2020 15:33:45 GMT",
agreements/agreements_20260607_025243/FLORIDA/Wakulla_County_Sheriff's_Office/287gWSO_WakullaCoFl2019-10-15.pdf,4bc86d856d7a7c0974c1505327c523f132938314a35ae49462f05773b927219a,https://www.ice.gov/doclib/287gMOA/287gWSO_WakullaCoFl2019-10-15.pdf,2026-09-12T20:58:29Z,FLORIDA,Wakulla County Sheriff's Office,287gWSO_WakullaCoFl2019-10-15.pdf,MOA; revalidated; bytes identical,"""870c9b2a60723330cf816d8fb1ce603e:1585150424.786433""","Wed, 25 Mar 2020 15:33:44 GMT",
agreements/agreements_20260607_025243/FLORIDA/Taylor_County_Sheriff's_Office/287gWSO_TaylorCoFl2019-10-15.pdf,0095d8dda8b1b27081474d74c7fa4969b55989e0d423429b13bebbf6cc776879,https://www.ice.gov/doclib/287gMOA/287gWSO_TaylorCoFl2019-10-15.pdf,2026-09-12T20:58:30Z,FLORIDA,Taylor County Sheriff's Office,287gWSO_TaylorCoFl2019-10-15.pdf,MOA; revalidated; bytes identical,"""09b7ded93ef6a847d6aef478ed954f6d:1585150424.644877""","Wed, 25 Mar 2020 15:33:44 GMT",
agreements/agreements_20260607_025243/FLORIDA/Suwannee_County_Sheriff's_Office/287gWSO_SuwanneeCoFl2019-10-15.pdf,3f4024c0e0a0b6f15fe34e8f07a1a92c7cf5be517cd2e5019c46ca9f086b5247,https://www.ice.gov/doclib/287gMOA/287gWSO_SuwanneeCoFl2019-10-15.pdf,2026-09-12T20:58:30Z,FLORIDA,Suwannee County Sheriff's Office,287gWSO_SuwanneeCoFl2019-10-15.pdf,MOA; revalidated; bytes identical,"""f56d7d437d0939d62537698465885a60:1585150425.168132""","Wed, 25 Mar 2020 15:33:45 GMT",
agreements/agreements_20260607_025243/FLORIDA/Sumter_County_Sheriff's_Office/287gWSO_SumterCoFl2019-10-15.pdf,e20063c14e7cb08d346c1f9c7b21b2b3ac03e616ea286b14f7b1a15765cac727,https://www.ice.gov/doclib/287gMOA/287gWSO_SumterCoFl2019-10-15.pdf,2026-09-12T20:58:30Z,FLORIDA,Sumter County Sheriff's Office,287gWSO_SumterCoFl2019-10-15.pdf,MOA; revalidated; bytes identical,"""ccb74253e6108b040bf2bb2f5f84dd46:1585150424.332975""","Wed, 25 Mar 2020 15:33:44 GMT",
agreements/agreements_20260607_025243/FLORIDA/St._Johns_County_Sheriff's_Office/287gWSO_StJohnsCoFl2019-10-15.pdf,dae6cd12f637deca99bdac675460f9537ca1d61a1db44d02ff6d0e5f92271e0b,https://www.ice.gov/doclib/287gMOA/287gWSO_StJohnsCoFl2019-10-15.pdf,2026-09-12T20:58:30Z,FLORIDA,St. Johns County Sheriff's Office,287gWSO_StJohnsCoFl2019-10-15.pdf,MOA; revalidated; bytes identical,"""25786f0ec3d05e86ac0e61ef84dc2257:1585150422.891045""","Wed, 25 Mar 2020 15:33:42 GMT",
agreements/agreements_20260607_025243/FLORIDA/Seminole_County_Sheriff's_Office/287gWSO_SeminoleCoFl2019-09-04.pdf,ca0721a45dc77b20983d48ebbcb193f9e204e024b223b4ccc4cfdc1b013c2114,https://www.ice.gov/doclib/287gMOA/287gWSO_SeminoleCoFl2019-09-04.pdf,2026-09-12T20:58:31Z,FLORIDA,Seminole County Sheriff's Office,287gWSO_SeminoleCoFl2019-09-04.pdf,MOA; revalidated; bytes identical,"""8d5d8057ff06b839fdec7726162eb2f2:1585150421.73219""","Wed, 25 Mar 2020 15:33:41 GMT",
agreements/agreements_20260607_025243/FLORIDA/Sarasota_County_Sheriff's_Office/287gWSO_SarasotaCoFl2019-05-06.pdf,6b7d2ef4e7bb1610c5cd4ec65ae65d52e16dd8b565c0e341df1fd899b86713b9,https://www.ice.gov/doclib/287gMOA/287gWSO_SarasotaCoFl2019-05-06.pdf,2026-09-12T20:58:31Z,FLORIDA,Sarasota County Sheriff's Office,287gWSO_SarasotaCoFl2019-05-06.pdf,MOA; revalidated; bytes identical,"""e3598421d6a1193a944a4896c3526b46:1585150421.886381""","Wed, 25 Mar 2020 15:33:41 GMT",
agreements/agreements_20260607_025243/FLORIDA/Santa_Rosa_County_Sheriff's_Office/287gWSO_SantaRosaCoFl2019-10-15.pdf,687b4a224f86066272c23a2464fcf434f16bed645de471a4ce2c09589d63bdd1,https://www.ice.gov/doclib/287gMOA/287gWSO_SantaRosaCoFl2019-10-15.pdf,2026-09-12T20:58:31Z,FLORIDA,Santa Rosa County Sheriff's Office,287gWSO_SantaRosaCoFl2019-10-15.pdf,MOA; revalidated; bytes identical,"""82763f356105b4e7fe2e6c2b385378be:1585150421.538595""","Wed, 25 Mar 2020 15:33:41 GMT",
agreements/agreements_20260607_025243/FLORIDA/Putnam_County_Sheriff's_Office/287gWSO_PutnamCoFl2019-10-15.pdf,1f23af81c5b3d5cf2339bcdcdb61498dd27a43fc7760fa0a549b9e8d7002ef68,https://www.ice.gov/doclib/287gMOA/287gWSO_PutnamCoFl2019-10-15.pdf,2026-09-12T20:58:31Z,FLORIDA,Putnam County Sheriff's Office,287gWSO_PutnamCoFl2019-10-15.pdf,MOA; revalidated; bytes identical,"""f1692fd3973eadfe8787221fe6652786:1585150420.474824""","Wed, 25 Mar 2020 15:33:40 GMT",
agreements/agreements_20260607_025243/FLORIDA/Polk_County_Sheriff's_Office/287gWSO_PolkCoFl2019-05-06.pdf,65ec3b4571f284cb31c3c2438cde9e3abacb952d3fd016f86e44dbff205bf2cd,https://www.ice.gov/doclib/287gMOA/287gWSO_PolkCoFl2019-05-06.pdf,2026-09-12T20:58:32Z,FLORIDA,Polk County Sheriff's Office,287gWSO_PolkCoFl2019-05-06.pdf,MOA; revalidated; bytes identical,"""79f738c5fdd4f22e3d679e4a93903842:1585150420.263865""","Wed, 25 Mar 2020 15:33:40 GMT",
agreements/agreements_20260607_025243/FLORIDA/Pinellas_County_Sheriff's_Office/287gWSO_PinellasCoFl2019-04-24.pdf,82a51bf38462d744729597965399272b7733398e456140cead93b71518d75214,https://www.ice.gov/doclib/287gMOA/287gWSO_PinellasCoFl2019-04-24.pdf,2026-09-12T20:58:32Z,FLORIDA,Pinellas County Sheriff's Office,287gWSO_PinellasCoFl2019-04-24.pdf,MOA; revalidated; bytes identical,"""542443a941a477fe6b39bfd5c648d86d:1585150419.697372""","Wed, 25 Mar 2020 15:33:39 GMT",
agreements/agreements_20260607_025243/FLORIDA/Osceola_County_Corrections_Department/287gWSO_OsceolaCoCorrDeptFl2019-10-15.pdf,faf89ab8b67050dbcf5e588e4e0c76293b7f3df23d9ca06d5feda6d2f696e014,https://www.ice.gov/doclib/287gMOA/287gWSO_OsceolaCoCorrDeptFl2019-10-15.pdf,2026-09-12T20:58:32Z,FLORIDA,Osceola County Corrections Department,287gWSO_OsceolaCoCorrDeptFl2019-10-15.pdf,MOA; revalidated; bytes identical,"""669c2be1ed6b2ffba6a962062e38c553:1585150419.253525""","Wed, 25 Mar 2020 15:33:39 GMT",
agreements/agreements_20260607_025243/FLORIDA/Okeechobee_County_Sheriff's_Office/287gWSO_OkeechobeeCoFl2019-10-15.pdf,2828cbc84a5eafbd4c9f4a8a44dbc9f2933be70d3fef4c1a3b47453bc6d79d79,https://www.ice.gov/doclib/287gMOA/287gWSO_OkeechobeeCoFl2019-10-15.pdf,2026-09-12T20:58:33Z,FLORIDA,Okeechobee County Sheriff's Office,287gWSO_OkeechobeeCoFl2019-10-15.pdf,MOA; revalidated; bytes identical,"""99704d7b9923633b94f426112cd347b1:1585150419.271348""","Wed, 25 Mar 2020 15:33:39 GMT",
agreements/agreements_20260607_025243/FLORIDA/Nassau_County_Sheriff's_Office/287gWSO_NassauCoFl2019-10-15.pdf,6f117248923bc90b4c3edd02c823a8fade74140368f9a06e197e937ee75992a0,https://www.ice.gov/doclib/287gMOA/287gWSO_NassauCoFl2019-10-15.pdf,2026-09-12T20:58:33Z,FLORIDA,Nassau County Sheriff's Office,287gWSO_NassauCoFl2019-10-15.pdf,MOA; revalidated; bytes identical,"""37e638b6f8bd0ba71fd205b000369931:1585150418.393473""","Wed, 25 Mar 2020 15:33:38 GMT",
agreements/agreements_20260607_025243/FLORIDA/Monroe_County_Sheriff's_Office/287gWSO_MonroeCoFl2019-10-15.pdf,3daa740b5ac0a28c1546128f519f2008948bc47e3a609cee96f37a5115f9fb48,https://www.ice.gov/doclib/287gMOA/287gWSO_MonroeCoFl2019-10-15.pdf,2026-09-12T20:58:33Z,FLORIDA,Monroe County Sheriff's Office,287gWSO_MonroeCoFl2019-10-15.pdf,MOA; revalidated; bytes identical,"""8611f6e072f52671d02897631b501733:1585150417.838894""","Wed, 25 Mar 2020 15:33:37 GMT",
agreements/agreements_20260607_025243/FLORIDA/Martin_County_Sheriff's_Office/287gWSO_MartinCoFl2020-01-22.pdf,0a3cbf5f14e81dabbbe4ce5101ae781569948bb92851eb2e22d866d050d8dbf4,https://www.ice.gov/doclib/287gMOA/287gWSO_MartinCoFl2020-01-22.pdf,2026-09-12T20:58:34Z,FLORIDA,Martin County Sheriff's Office,287gWSO_MartinCoFl2020-01-22.pdf,MOA; revalidated; bytes identical,"""418d16ad3e816da6b72a8b084cae4054:1585150417.680501""","Wed, 25 Mar 2020 15:33:37 GMT",
agreements/agreements_20260607_025243/FLORIDA/Marion_County_Sheriff's_Office/287gWSO_MarionCoFl2019-10-15.pdf,a40739fef2615a4bd10209342e93a349df4fecc70407a49348b478cdc480d452,https://www.ice.gov/doclib/287gMOA/287gWSO_MarionCoFl2019-10-15.pdf,2026-09-12T20:58:34Z,FLORIDA,Marion County Sheriff's Office,287gWSO_MarionCoFl2019-10-15.pdf,MOA; revalidated; bytes identical,"""68f6359e8bcefa3829fe4621a3ffa225:1585150417.2799""","Wed, 25 Mar 2020 15:33:37 GMT",
agreements/agreements_20260607_025243/FLORIDA/Manatee_County_Sheriff's_Office/287gWSO_ManateeCoFl2019-05-06.pdf,49b2b3f9e35c001370ef2b5021f44a5b2f4a9aec80839e40d2c605acd05a973a,https://www.ice.gov/doclib/287gMOA/287gWSO_ManateeCoFl2019-05-06.pdf,2026-09-12T20:58:34Z,FLORIDA,Manatee County Sheriff's Office,287gWSO_ManateeCoFl2019-05-06.pdf,MOA; revalidated; bytes identical,"""4aab385aec65c1edd4893c694f48b217:1585150416.962734""","Wed, 25 Mar 2020 15:33:36 GMT",
agreements/agreements_20260607_025243/FLORIDA/Madison_County_Sheriff's_Office/287gWSO_MadisonCoFl2019-09-09.pdf,b7a1a816ac002b292aa9dc7d7821648c234b5702210bcf93c066faea36f06eaa,https://www.ice.gov/doclib/287gMOA/287gWSO_MadisonCoFl2019-09-09.pdf,2026-09-12T20:58:34Z,FLORIDA,Madison County Sheriff's Office,287gWSO_MadisonCoFl2019-09-09.pdf,MOA; revalidated; bytes identical,"""6bf9e6ead57bca946bcbfda51d599573:1585150415.814741""","Wed, 25 Mar 2020 15:33:35 GMT",
agreements/agreements_20260607_025243/FLORIDA/Liberty_County_Sheriff's_Office/287gWSO_LibertyCoFl2019-09-09.pdf,359d11810fe8cf90390e9b45bacc7b11d48c3e5a08406b598fa8b222d93b7d34,https://www.ice.gov/doclib/287gMOA/287gWSO_LibertyCoFl2019-09-09.pdf,2026-09-12T20:58:35Z,FLORIDA,Liberty County Sheriff's Office,287gWSO_LibertyCoFl2019-09-09.pdf,MOA; revalidated; bytes identical,"""229c99d6efcd987ae418df74bf3b229e:1585150415.627376""","Wed, 25 Mar 2020 15:33:35 GMT",
agreements/agreements_20260607_025243/FLORIDA/Levy_County_Sheriff's_Office/287gWSO_LevyCoFl2019-05-06.pdf,15f8dbadd4da37d69a96320bc60c2ed637f05d6ba9a6ad49a9e56a56b61188b6,https://www.ice.gov/doclib/287gMOA/287gWSO_LevyCoFl2019-05-06.pdf,2026-09-12T20:58:35Z,FLORIDA,Levy County Sheriff's Office,287gWSO_LevyCoFl2019-05-06.pdf,MOA; revalidated; bytes identical,"""f7d3bb4c705faebd8e456dff7c985cfa:1585150415.251741""","Wed, 25 Mar 2020 15:33:35 GMT",
agreements/agreements_20260607_025243/FLORIDA/Leon_County_Sheriff's_Office/287gWSO_LeonCoFl2019-10-15.pdf,5a7b8c69c400b4c05bdd46bc9cffca0967e8ece0ca039a87cf11b2ff938ed2e7,https://www.ice.gov/doclib/287gMOA/287gWSO_LeonCoFl2019-10-15.pdf,2026-09-12T20:58:35Z,FLORIDA,Leon County Sheriff's Office,287gWSO_LeonCoFl2019-10-15.pdf,MOA; revalidated; bytes identical,"""4d8c3f940f796b716077552709dbedfb:1585150415.009796""","Wed, 25 Mar 2020 15:33:35 GMT",
agreements/agreements_20260607_025243/FLORIDA/Lake_County_Sheriff's_Office/287gWSO_LakeCoFl2019-10-15.pdf,348a5c70f607c36763e2b2665ff69c59c6733ec5488cf898d0379325f3eae7bb,https://www.ice.gov/doclib/287gMOA/287gWSO_LakeCoFl2019-10-15.pdf,2026-09-12T20:58:36Z,FLORIDA,Lake County Sheriff's Office,287gWSO_LakeCoFl2019-10-15.pdf,MOA; revalidated; bytes identical,"""595e591dfb8c9880284ae5e1ba2e8f94:1585150414.483882""","Wed, 25 Mar 2020 15:33:34 GMT",
agreements/agreements_20260607_025243/FLORIDA/Lafayette_County_Sheriff's_Office/287gWSO_LafayetteCoFl2019-10-15.pdf,7818a1fc80c1b07662ed74f5491475339825eb799dc4ed6c637d5319a45de493,https://www.ice.gov/doclib/287gMOA/287gWSO_LafayetteCoFl2019-10-15.pdf,2026-09-12T20:58:36Z,FLORIDA,Lafayette County Sheriff's Office,287gWSO_LafayetteCoFl2019-10-15.pdf,MOA; revalidated; bytes identical,"""b98c737e29d1082079c700619e6b7000:1585150413.530065""","Wed, 25 Mar 2020 15:33:33 GMT",
agreements/agreements_20260607_025243/FLORIDA/Jefferson_County_Sheriff's_Office/287gWSO_JeffersonCoFl2019-10-15.pdf,4c9f659ac926afffb2e5569e6a2fb27786eb5413028bf42c83668025c7a3f057,https://www.ice.gov/doclib/287gMOA/287gWSO_JeffersonCoFl2019-10-15.pdf,2026-09-12T20:58:36Z,FLORIDA,Jefferson County Sheriff's Office,287gWSO_JeffersonCoFl2019-10-15.pdf,MOA; revalidated; bytes identical,"""28be7984a70dc54217c9bfd03cdb1399:1585150413.287158""","Wed, 25 Mar 2020 15:33:33 GMT",
agreements/agreements_20260607_025243/FLORIDA/Jacksonville_Sheriff's_Office/JacksonvilleCoFL_JEM_MOA_04052026.pdf,66de13e711198198fe6ed95683be866233c2b39097138ab10c51cedfdc78cf0c,https://www.ice.gov/doclib/287gMOA/JacksonvilleCoFL_JEM_MOA_04052026.pdf,2026-09-12T20:58:36Z,FLORIDA,Jacksonville Sheriff's Office,JacksonvilleCoFL_JEM_MOA_04052026.pdf,MOA; revalidated; bytes identical,"""c95cf2e007392fc2433eac90e55906e0:1776689975.757291""","Mon, 20 Apr 2026 12:59:35 GMT",
agreements/agreements_20260607_025243/FLORIDA/Indian_River_County_Sheriff's_Office/287gWSO_IndianRiverCoFL2019-10-15.pdf,b430ab0e59f1ab741fcc92875902809fca4715b5a6d20dfa548418e74b88ea5a,https://www.ice.gov/doclib/287gMOA/287gWSO_IndianRiverCoFL2019-10-15.pdf,2026-09-12T20:58:37Z,FLORIDA,Indian River County Sheriff's Office,287gWSO_IndianRiverCoFL2019-10-15.pdf,MOA; revalidated; bytes identical,"""bb703b6b72cd76b369d72077d1e181c9:1585150413.016699""","Wed, 25 Mar 2020 15:33:33 GMT",
agreements/agreements_20260607_025243/FLORIDA/Holmes_County_Sheriff's_Office/287gWSO_HolmesCoFl2019-10-15.pdf,524081a7483fc11348ae9c4b0d957dd87a42aee30d8d26bc42074ddfd9b03cdd,https://www.ice.gov/doclib/287gMOA/287gWSO_HolmesCoFl2019-10-15.pdf,2026-09-12T20:58:37Z,FLORIDA,Holmes County Sheriff's Office,287gWSO_HolmesCoFl2019-10-15.pdf,MOA; revalidated; bytes identical,"""139ae611a20ffabfbbc94469b5c38949:1585150412.887724""","Wed, 25 Mar 2020 15:33:32 GMT",
agreements/agreements_20260607_025243/FLORIDA/Highlands_County_Sheriff's_Office/287gWSO_HighlandsCoFl2019-10-15.pdf,0dbac41b158a4208dac8d209a14ae9c26625344d3ad693eb2b7709793222209d,https://www.ice.gov/doclib/287gMOA/287gWSO_HighlandsCoFl2019-10-15.pdf,2026-09-12T20:58:37Z,FLORIDA,Highlands County Sheriff's Office,287gWSO_HighlandsCoFl2019-10-15.pdf,MOA; revalidated; bytes identical,"""bbcd4f119631e4e922d16bd05fd58b17:1585150412.223102""","Wed, 25 Mar 2020 15:33:32 GMT",
agreements/agreements_20260607_025243/FLORIDA/Hernando_County_Sheriff's_Office/287gJEM_HernandoCoFl2020-06-09.pdf,dbe831cdecf1b5053318953b0f5b234c2e5b7daab75a24136104a819feb91c7b,https://www.ice.gov/doclib/287gMOA/287gJEM_HernandoCoFl2020-06-09.pdf,2026-09-12T20:58:38Z,FLORIDA,Hernando County Sheriff's Office,287gJEM_HernandoCoFl2020-06-09.pdf,MOA; revalidated; bytes identical,"""13612ff216a26b87dad39e015333aaf9:1594932535.008267""","Thu, 16 Jul 2020 20:48:55 GMT",
agreements/agreements_20260607_025243/FLORIDA/Hernando_County_Sheriff's_Office/287gWSO_HernandoCoFl2019-05-06.pdf,2ece78be0feb79372a41e1dabb4bcb7ae9b1b7e65c8ac6c684b4b6be574aae81,https://www.ice.gov/doclib/287gMOA/287gWSO_HernandoCoFl2019-05-06.pdf,2026-09-12T20:58:38Z,FLORIDA,Hernando County Sheriff's Office,287gWSO_HernandoCoFl2019-05-06.pdf,MOA; revalidated; bytes identical,"""b257f94bdebea174eccd3eccdd3e19ff:1585150411.652276""","Wed, 25 Mar 2020 15:33:31 GMT",
agreements/agreements_20260607_025243/FLORIDA/Hendry_County_Sheriff's_Office/287gWSO_HendryCoFl2019-10-15.pdf,e10efff0956fe79c20e2969001a183ae6a49b93b35af02a7213895ce39e63e5b,https://www.ice.gov/doclib/287gMOA/287gWSO_HendryCoFl2019-10-15.pdf,2026-09-12T20:58:38Z,FLORIDA,Hendry County Sheriff's Office,287gWSO_HendryCoFl2019-10-15.pdf,MOA; revalidated; bytes identical,"""92eb4d799578db6c72b8ee074fee55e0:1585150411.280151""","Wed, 25 Mar 2020 15:33:31 GMT",
agreements/agreements_20260607_025243/FLORIDA/Hamilton_County_Sheriff's_Office/287gWSO_HamiltonCoFl2019-10-15.pdf,5a7b782cddfa4b91b151ed0f15f5e9b03e88e909532d3969c211250e3c93f321,https://www.ice.gov/doclib/287gMOA/287gWSO_HamiltonCoFl2019-10-15.pdf,2026-09-12T20:58:38Z,FLORIDA,Hamilton County Sheriff's Office,287gWSO_HamiltonCoFl2019-10-15.pdf,MOA; revalidated; bytes identical,"""46c32c93972d6aca4e376c4d7123ddb9:1585150411.09108""","Wed, 25 Mar 2020 15:33:31 GMT",
agreements/agreements_20260607_025243/FLORIDA/Franklin_County_Sheriff's_Office/287gWSO_FranklinCoFl2019-10-15.pdf,c3bab9406ff956ea2381eff28ac597ac584bd339b60b46fb730762f050cb259f,https://www.ice.gov/doclib/287gMOA/287gWSO_FranklinCoFl2019-10-15.pdf,2026-09-12T20:58:39Z,FLORIDA,Franklin County Sheriff's Office,287gWSO_FranklinCoFl2019-10-15.pdf,MOA; revalidated; bytes identical,"""0102c899c609e73fca63b28c55bcc0f6:1585150409.697089""","Wed, 25 Mar 2020 15:33:29 GMT",
agreements/agreements_20260607_025243/FLORIDA/Florida_Department_of_Corrections/287gJEM_FL_DOC_FL_08-21-2020.pdf,27dec8c53fec905179dc2f488383a350b930494ee5063377482b130ff467cf64,https://www.ice.gov/doclib/287gMOA/287gJEM_FL_DOC_FL_08-21-2020.pdf,2026-09-12T20:58:39Z,FLORIDA,Florida Department of Corrections,287gJEM_FL_DOC_FL_08-21-2020.pdf,MOA; revalidated; bytes identical,"""16fc805d8595b454de7571ec7e036303:1598359933.942168""","Tue, 25 Aug 2020 12:52:13 GMT",
agreements/agreements_20260607_025243/FLORIDA/Flagler_County_Sheriff's_Office/287gWSO_FlaglerCoFl2019-09-09.pdf,f3a071c8eaa47204444f7e0bbce261a2d30d9d4d6bb61765794f00a2719cfe38,https://www.ice.gov/doclib/287gMOA/287gWSO_FlaglerCoFl2019-09-09.pdf,2026-09-12T20:58:39Z,FLORIDA,Flagler County Sheriff's Office,287gWSO_FlaglerCoFl2019-09-09.pdf,MOA; revalidated; bytes identical,"""b0ddbc8df0661ba2ebe5ab11a2e5517a:1585150409.239065""","Wed, 25 Mar 2020 15:33:29 GMT",
agreements/agreements_20260607_025243/FLORIDA/DeSoto_County_Sheriff's_Office/287gWSO_DesotoCoFl2019-10-15.pdf,3f6a8bfd4c30f88b96e3de732faff0a6e3c2314b08ea7fd9bda3219d6f587d35,https://www.ice.gov/doclib/287gMOA/287gWSO_DesotoCoFl2019-10-15.pdf,2026-09-12T20:58:39Z,FLORIDA,DeSoto County Sheriff's Office,287gWSO_DesotoCoFl2019-10-15.pdf,MOA; revalidated; bytes identical,"""ec2a99d8706827f0552995f0b4f724fb:1585150407.044757""","Wed, 25 Mar 2020 15:33:27 GMT",
agreements/agreements_20260607_025243/FLORIDA/Columbia_County_Sheriff's_Office/287gWSO_ColumbiaCoFl2019-05-06.pdf,980d69d0fe48a18e3470c6c3a7f6d7b066eb904fded9a46eaaf37beb5b4dce12,https://www.ice.gov/doclib/287gMOA/287gWSO_ColumbiaCoFl2019-05-06.pdf,2026-09-12T20:58:40Z,FLORIDA,Columbia County Sheriff's Office,287gWSO_ColumbiaCoFl2019-05-06.pdf,MOA; revalidated; bytes identical,"""92112fbd62a7e1c55bb3aa392d7905e1:1585150406.436002""","Wed, 25 Mar 2020 15:33:26 GMT",
agreements/agreements_20260607_025243/FLORIDA/Collier_County_Sheriff's_Office/287gJEM_CollierCoFL2020-06-09.pdf,62701991a4cea90c31e6e490b46d0c7bb5bcd4e77498b2780b58fc52bf54564c,https://www.ice.gov/doclib/287gMOA/287gJEM_CollierCoFL2020-06-09.pdf,2026-09-12T20:58:40Z,FLORIDA,Collier County Sheriff's Office,287gJEM_CollierCoFL2020-06-09.pdf,MOA; revalidated; bytes identical,"""bde09690b35b1ba530f33425bec0fe10:1592600968.959547""","Fri, 19 Jun 2020 21:09:28 GMT",
agreements/agreements_20260607_025243/FLORIDA/Clay_County_Sheriff's_Office/287gJEM_ClayCoFl2020-03-11.pdf,9b413374d18494f9bff21d5a0ea4aba16102013fadfb8c04113ad3c5434776d6,https://www.ice.gov/doclib/287gMOA/287gJEM_ClayCoFl2020-03-11.pdf,2026-09-12T20:58:40Z,FLORIDA,Clay County Sheriff's Office,287gJEM_ClayCoFl2020-03-11.pdf,MOA; revalidated; bytes identical,"""0300a4032cf867a66297106eb3f93293:1596462858.175586""","Mon, 03 Aug 2020 13:54:18 GMT",
agreements/agreements_20260607_025243/FLORIDA/Charlotte_County_Sheriff's_Office/287gWSO_CharlotteCoFl2019-05-06.pdf,b7b4f2205bfc4fbd67c0af7190109ecd1b4af3e783dc17845d60dfc421bb20a9,https://www.ice.gov/doclib/287gMOA/287gWSO_CharlotteCoFl2019-05-06.pdf,2026-09-12T20:58:41Z,FLORIDA,Charlotte County Sheriff's Office,287gWSO_CharlotteCoFl2019-05-06.pdf,MOA; revalidated; bytes identical,"""ef247da64da8ac5fc178366f34834634:1585150411.396137""","Wed, 25 Mar 2020 15:33:31 GMT",
agreements/agreements_20260607_025243/FLORIDA/Calhoun_County_Sheriff's_Office/287gWSO_CalhounCoFl2019-09-09.pdf,18237824f18c040fa8593c7821ccb9847bbbb5867f01faf66c8c1f03c1f21bb5,https://www.ice.gov/doclib/287gMOA/287gWSO_CalhounCoFl2019-09-09.pdf,2026-09-12T20:58:41Z,FLORIDA,Calhoun County Sheriff's Office,287gWSO_CalhounCoFl2019-09-09.pdf,MOA; revalidated; bytes identical,"""e12ea8520b7d06d22cec143b016ad0a6:1585150405.323517""","Wed, 25 Mar 2020 15:33:25 GMT",
agreements/agreements_20260607_025243/FLORIDA/Broward_County_Sheriff's_Office/287gWSO_BrowardCoFl2019-09-09.pdf,16ad011d778deec810cf6c93e94f07ed685eb73507ea087d3fda7de9dc8a0386,https://www.ice.gov/doclib/287gMOA/287gWSO_BrowardCoFl2019-09-09.pdf,2026-09-12T20:58:41Z,FLORIDA,Broward County Sheriff's Office,287gWSO_BrowardCoFl2019-09-09.pdf,MOA; revalidated; bytes identical,"""d634d15e1d21447fd61db448aab16ffd:1585150404.291545""","Wed, 25 Mar 2020 15:33:24 GMT",
agreements/agreements_20260607_025243/FLORIDA/Brevard_County_Sheriff's_Office/287gWSO_BrevardCoFl2019-05-06.pdf,a790e692421093345242d87920fd28c07d249b4daed7be0a73babc227aee8817,https://www.ice.gov/doclib/287gMOA/287gWSO_BrevardCoFl2019-05-06.pdf,2026-09-12T20:58:41Z,FLORIDA,Brevard County Sheriff's Office,287gWSO_BrevardCoFl2019-05-06.pdf,MOA; revalidated; bytes identical,"""796ae167312c70318da0ec29a7ed3b2c:1585150403.637793""","Wed, 25 Mar 2020 15:33:23 GMT",
agreements/agreements_20260607_025243/FLORIDA/Bradford_County_Sheriff's_Office/287gWSO_BradfordCoFl2019-10-15.pdf,82bb44429c7f14a37b14e46e962cefed4a0e23afbd75820105fd5cdcef49a264,https://www.ice.gov/doclib/287gMOA/287gWSO_BradfordCoFl2019-10-15.pdf,2026-09-12T20:58:42Z,FLORIDA,Bradford County Sheriff's Office,287gWSO_BradfordCoFl2019-10-15.pdf,MOA; revalidated; bytes identical,"""397f4b1238547b5c8cccc4bae2feca83:1585150403.255347""","Wed, 25 Mar 2020 15:33:23 GMT",
agreements/agreements_20260607_025243/FLORIDA/Bay_County_Sheriff's_Office/287gWSO_BayCoFl2019-10-15.pdf,5726230798f20af02a0f6f20c04b68a7c59dbf2e764700e931f60668cf240648,https://www.ice.gov/doclib/287gMOA/287gWSO_BayCoFl2019-10-15.pdf,2026-09-12T20:58:42Z,FLORIDA,Bay County Sheriff's Office,287gWSO_BayCoFl2019-10-15.pdf,MOA; revalidated; bytes identical,"""553017bc70add5fc128242746d06a4d2:1585150402.957913""","Wed, 25 Mar 2020 15:33:22 GMT",
agreements/agreements_20260607_025243/FLORIDA/Baker_County_Sheriff's_Office/287gWSO_BakerCoFl2019-10-15.pdf,e1a0288a8865112b99b920607860354d74f01998d0a63d64de95c6f61299b306,https://www.ice.gov/doclib/287gMOA/287gWSO_BakerCoFl2019-10-15.pdf,2026-09-12T20:58:42Z,FLORIDA,Baker County Sheriff's Office,287gWSO_BakerCoFl2019-10-15.pdf,MOA; revalidated; bytes identical,"""895464fb66fa42ae4578caddaa248a8f:1585150402.498651""","Wed, 25 Mar 2020 15:33:22 GMT",
agreements/agreements_20260607_025243/COLORADO/Teller_County_Sheriff's_Office/287gJEM_TellerCoCo2020-06-08.pdf,fefc35ec9afdee8240fdf817941ebba63b02d5dc2378546223a9423f079749ce,https://www.ice.gov/doclib/287gMOA/287gJEM_TellerCoCo2020-06-08.pdf,2026-09-12T20:58:42Z,COLORADO,Teller County Sheriff's Office,287gJEM_TellerCoCo2020-06-08.pdf,MOA; revalidated; bytes identical,"""dc46c0dfa276e45fb880e2bdb0f8b84c:1593555644.641641""","Tue, 30 Jun 2020 22:20:44 GMT",
agreements/agreements_20260607_025243/ARKANSAS/Craighead_County_Sheriff's_Office/287gJEM_CraigheadCoAR_06-18-2020.pdf,8af77fb464638ee2283f8ae04c570b902088dea261b3ad2771e605974c644371,https://www.ice.gov/doclib/287gMOA/287gJEM_CraigheadCoAR_06-18-2020.pdf,2026-09-12T20:58:43Z,ARKANSAS,Craighead County Sheriff's Office,287gJEM_CraigheadCoAR_06-18-2020.pdf,MOA; revalidated; bytes identical,"""88049b905d3b322a8be39cfe1475aee5:1593435218.884616""","Mon, 29 Jun 2020 12:53:38 GMT",
agreements/agreements_20260607_025243/ARKANSAS/Benton_County_Sheriff's_Office/287gJEM_BentonCoAR_06-30-2020.pdf,b22447a803a77fd21db359779c8e02592271e4774c525565b60409ddfb9e88f8,https://www.ice.gov/doclib/287gMOA/287gJEM_BentonCoAR_06-30-2020.pdf,2026-09-12T20:58:43Z,ARKANSAS,Benton County Sheriff's Office,287gJEM_BentonCoAR_06-30-2020.pdf,MOA; revalidated; bytes identical,"""e51520139a8ee13e038d705b3282c9cc:1593700022.156722""","Thu, 02 Jul 2020 14:27:02 GMT",
agreements/agreements_20260607_025243/ARIZONA/Yavapai_County_Sheriff's_Office/287gJEM_YvapaiCoAZ2020-06-09.pdf,e9beff486e44cd0e9db7af3df0858e8ac759ccee1ee9c72c2c4afd6116842b2e,https://www.ice.gov/doclib/287gMOA/287gJEM_YvapaiCoAZ2020-06-09.pdf,2026-09-12T20:58:43Z,ARIZONA,Yavapai County Sheriff's Office,287gJEM_YvapaiCoAZ2020-06-09.pdf,MOA; revalidated; bytes identical,"""f286910263694ed336eceb91e94a57e6:1592511713.129502""","Thu, 18 Jun 2020 20:21:53 GMT",
agreements/agreements_20260607_025243/ARIZONA/Pinal_County_Sheriff's_Office/287gJEM_PinalCoAz2020-06-09.pdf,6d14e3b69a20232926eaa365392f04f4ce63e9cd759feddd6a3b4e5d987fe34a,https://www.ice.gov/doclib/287gMOA/287gJEM_PinalCoAz2020-06-09.pdf,2026-09-12T20:58:44Z,ARIZONA,Pinal County Sheriff's Office,287gJEM_PinalCoAz2020-06-09.pdf,MOA; revalidated; bytes identical,"""a48ae6b08e51a51bd431429aa565ac07:1594932535.022989""","Thu, 16 Jul 2020 20:48:55 GMT",
agreements/agreements_20260607_025243/ARIZONA/Mesa_Police_Department/287gJEM_MesaPoliceDeptAZ_06-08-2020.pdf,d7fece126bc583b9af9b91458aa43d8534263ebfda4b8432f6f1f514441a5bd4,https://www.ice.gov/doclib/287gMOA/287gJEM_MesaPoliceDeptAZ_06-08-2020.pdf,2026-09-12T20:58:44Z,ARIZONA,Mesa Police Department,287gJEM_MesaPoliceDeptAZ_06-08-2020.pdf,MOA; revalidated; bytes identical,"""b5127642730119ef7599a9c57b97d4de:1592998093.408103""","Wed, 24 Jun 2020 11:28:13 GMT",
agreements/agreements_20260607_025243/ARIZONA/La_Paz_County_Sheriff's_Office/287gJEM_LaPazCoAZ2020-03-12.pdf,8016ff9e5b07e8b8b251d1a246c8682d118e097b9e73de948ebcad07d0317aac,https://www.ice.gov/doclib/287gMOA/287gJEM_LaPazCoAZ2020-03-12.pdf,2026-09-12T20:58:44Z,ARIZONA,La Paz County Sheriff's Office,287gJEM_LaPazCoAZ2020-03-12.pdf,MOA; revalidated; bytes identical,"""a8ac88f2b984b615da58265c3da8cf4f:1592511711.041971""","Thu, 18 Jun 2020 20:21:51 GMT",
agreements/agreements_20260607_025243/ARIZONA/La_Paz_County_Sheriff's_Office/287gWSO_LaPazCoAz2020-02-27.pdf,5488803d9f24cdc2422ff92d6a3baa5ffdca3713234b6b11dcfdb3a356782125,https://www.ice.gov/doclib/287gMOA/287gWSO_LaPazCoAz2020-02-27.pdf,2026-09-12T20:58:44Z,ARIZONA,La Paz County Sheriff's Office,287gWSO_LaPazCoAz2020-02-27.pdf,MOA; revalidated; bytes identical,"""e83186c2d345c6797f266770a80c780e:1585150414.793484""","Wed, 25 Mar 2020 15:33:34 GMT",
agreements/agreements_20260607_025243/ARIZONA/Arizona_Department_of_Corrections/287gJEM_ArizDOC_AZ_06-16-2020.pdf,67d3097a226bce8636fa80432093aaead808c4405d18587eaf234a6ba152f491,https://www.ice.gov/doclib/287gMOA/287gJEM_ArizDOC_AZ_06-16-2020.pdf,2026-09-12T20:58:45Z,ARIZONA,Arizona Department of Corrections,287gJEM_ArizDOC_AZ_06-16-2020.pdf,MOA; revalidated; bytes identical,"""e84e0c6648ce5c312eb96a9c24fe8ce1:1593101853.803929""","Thu, 25 Jun 2020 16:17:33 GMT",
agreements/agreements_20260607_025243/ALASKA/Kodiak_Police_Department/287gWSO_KodiakAk2020-07-20.pdf,c7859eecf148f85b97b3a21b9c673015108dd9d46164f0d847d1b353002a0805,https://www.ice.gov/doclib/287gMOA/287gWSO_KodiakAk2020-07-20.pdf,2026-09-12T20:58:45Z,ALASKA,Kodiak Police Department,287gWSO_KodiakAk2020-07-20.pdf,MOA; revalidated; bytes identical,"""65aa8359b7abb21a8e339f1e9117f0a0:1595369851.208248""","Tue, 21 Jul 2020 22:17:31 GMT",
agreements/agreements_20260607_025243/ALASKA/Alaska_Department_of_Corrections/287gWSO_DeptOfCorrectionsAK_07-24-2020.pdf,097cc0aa4d44d4d1a1df49023eff174fe3b4550ad329d3e41d077f397ec96ad1,https://www.ice.gov/doclib/287gMOA/287gWSO_DeptOfCorrectionsAK_07-24-2020.pdf,2026-09-12T20:58:45Z,ALASKA,Alaska Department of Corrections,287gWSO_DeptOfCorrectionsAK_07-24-2020.pdf,MOA; revalidated; bytes identical,"""de2415bac9773dc68a0f7e37a37752ab:1595938472.650014""","Tue, 28 Jul 2020 12:14:32 GMT",
agreements/agreements_20260607_025243/ALABAMA/Etowah_County_Sheriff's_Office/287gJEM_%20etowahCoAL_06-09-2020.pdf,85b7004ef157b9de60c987ebba277315f4248a0d15c341a1b280f4975e6efadb,https://www.ice.gov/doclib/287gMOA/287gJEM_%20etowahCoAL_06-09-2020.pdf,2026-09-12T20:58:45Z,ALABAMA,Etowah County Sheriff's Office,287gJEM_%20etowahCoAL_06-09-2020.pdf,MOA; revalidated; bytes identical,"""c856013ff51952f2d58aad0e2287b23e:1646406746.19737""","Fri, 04 Mar 2022 15:12:26 GMT",
agreements/agreements_20260607_025243/ALABAMA/Crenshaw_County_Sheriff's_Office/CrenshawCoAL_WSO_MOA_04.16.2025.pdf,e51a1e6cdb5da1a429680d5a2e1dde3d40ce0a78c8d42439978d323925a87913,https://www.ice.gov/doclib/287gMOA/CrenshawCoAL_WSO_MOA_04.16.2025.pdf,2026-09-12T20:58:46Z,ALABAMA,Crenshaw County Sheriff's Office,CrenshawCoAL_WSO_MOA_04.16.2025.pdf,MOA; revalidated; bytes identical,"""3f50dff72eeeb553e352426d7d950599:1746124526.495849""","Thu, 01 May 2025 18:35:26 GMT",
agreements/agreements_20260607_025243/NEW_HAMPSHIRE/Candia_Police_Department/CandiaPDNH_TFM_MOA_042325.pdf,ba0a6ee05149a0278e9bd54997af3173664ebe3984c62e03850ace55b8991fa7,https://www.ice.gov/doclib/287gMOA/CandiaPDNH_TFM_MOA_042325.pdf,2026-09-12T20:58:46Z,NEW HAMPSHIRE,Candia Police Department,CandiaPDNH_TFM_MOA_042325.pdf,MOA; revalidated; bytes identical,"""5a2cc1284b3502093bfdae4d94f755d7:1747264178.88428""","Wed, 14 May 2025 23:09:38 GMT",
agreements/agreements_20260607_025243/KENTUCKY/Heritage_Creek_Police_Department/HeritageCreekPDKY_TFM_MOA_042925.pdf,c2de822470cb653dee2e2336650cea05c00ee1d338b0fedac8d667fc333faa12,https://www.ice.gov/doclib/287gMOA/HeritageCreekPDKY_TFM_MOA_042925.pdf,2026-09-12T20:58:46Z,KENTUCKY,Heritage Creek Police Department,HeritageCreekPDKY_TFM_MOA_042925.pdf,MOA; revalidated; bytes identical,"""923ec7938ecb9dd16ea69a2d13200a24:1747264178.980235""","Wed, 14 May 2025 23:09:38 GMT",
agreements/agreements_20260607_025243/NEW_HAMPSHIRE/New_Hampshire_State_Police_Department/NHSPD_TFM_MOA_042525.pdf,34f71e07861c0352070be9af6f3e90b1505e5e4cc5d415eb20854f5035d5d176,https://www.ice.gov/doclib/287gMOA/NHSPD_TFM_MOA_042525.pdf,2026-09-12T20:58:47Z,NEW HAMPSHIRE,New Hampshire State Police Department,NHSPD_TFM_MOA_042525.pdf,MOA; revalidated; bytes identical,"""d3bbf24fc95bf03d9649f445b30a8685:1747264179.598775""","Wed, 14 May 2025 23:09:39 GMT",
agreements/agreements_20260607_025243/NEW_HAMPSHIRE/Rockingham_County_Sheriff's_Office_/RockinghamCoNH_TFM_MOA_042425.pdf,84eff679a9a5e2c78d26388c4044c94002d4b2c895b9f0f97061c91c7f5827fb,https://www.ice.gov/doclib/287gMOA/RockinghamCoNH_TFM_MOA_042425.pdf,2026-09-12T20:58:47Z,NEW HAMPSHIRE,Rockingham County Sheriff's Office,RockinghamCoNH_TFM_MOA_042425.pdf,MOA; revalidated; bytes identical,"""b06040c657428fbe2a04b72d60675dbd:1747264179.792465""","Wed, 14 May 2025 23:09:39 GMT",
agreements/agreements_20260607_025243/OHIO/Seneca_County_Sheriff's_Office/SenecaCoSOOH_TFM_MOA_022825.pdf,d04bc04180c68082b9ea2d7cd7a1d48fcc7f3c77017eed24e99dec903066d2bd,https://www.ice.gov/doclib/287gMOA/SenecaCoSOOH_TFM_MOA_022825.pdf,2026-09-12T20:58:47Z,OHIO,Seneca County Sheriff's Office,SenecaCoSOOH_TFM_MOA_022825.pdf,MOA; revalidated; bytes identical,"""28ed73db111e129b05b6a45fbc607519:1747264179.765123""","Wed, 14 May 2025 23:09:39 GMT",
agreements/agreements_20260607_025243/FLORIDA/Tallahassee_State_College_Police_Department/TallahasseeStateCollegePDFL_TFM_MOA_041525.pdf,a944838395728f7be90878cf1e3d91231a17673b7f8fd7c631a5226f414e168d,https://www.ice.gov/doclib/287gMOA/TallahasseeStateCollegePDFL_TFM_MOA_041525.pdf,2026-09-12T20:58:47Z,FLORIDA,Tallahassee State College Police Department,TallahasseeStateCollegePDFL_TFM_MOA_041525.pdf,MOA; revalidated; bytes identical,"""3485386676c1727b1343e3682326ee4b:1747264179.782535""","Wed, 14 May 2025 23:09:39 GMT",
agreements/agreements_20260607_025243/TEXAS/Winkler_County_Sheriff's_Office/WinklerCoSO_TX_TFM_MOA_041525.pdf,f70be887d7b795d87e9a45067347f22a0053eaa5654403b3438f84c34d1f8114,https://www.ice.gov/doclib/287gMOA/WinklerCoSO_TX_TFM_MOA_041525.pdf,2026-09-12T20:58:48Z,TEXAS,Winkler County Sheriff's Office,WinklerCoSO_TX_TFM_MOA_041525.pdf,MOA; revalidated; bytes identical,"""e9b24392c310104439a608162177caa7:1747264178.923489""","Wed, 14 May 2025 23:09:38 GMT",
agreements/agreements_20260607_025243/FLORIDA/Florida_A&M_University_Board_of_Trustees/FLORIDA_AM_UNIVERSITY_BOARD_OF_TRUSTEES_FL_TFM_04.15.25.pdf,36e433f347e2cbd8d205218e7ffb536a81fe129c41fd8116749e2e5a122b0d1c,https://www.ice.gov/doclib/287gMOA/FLORIDA_AM_UNIVERSITY_BOARD_OF_TRUSTEES_FL_TFM_04.15.25.pdf,2026-09-12T20:58:48Z,FLORIDA,Florida A&M University Board of Trustees,FLORIDA_AM_UNIVERSITY_BOARD_OF_TRUSTEES_FL_TFM_04.15.25.pdf,MOA; revalidated; bytes identical,"""3dc2c42813512eda935388c4e59e6e04:1747260701.376322""","Wed, 14 May 2025 22:11:41 GMT",
agreements/agreements_20260607_025243/FLORIDA/Florida_Department_of_Lottery_Services_/Florida_Dept_of_Lottery_Division_of_Security_State_FL_TFM_04.23.25.pdf,5f1b2da63a98474f2f9cf92ad9e9f49259db2dc4c9786cdeb34b414cb1196f6c,https://www.ice.gov/doclib/287gMOA/Florida_Dept_of_Lottery_Division_of_Security_State_FL_TFM_04.23.25.pdf,2026-09-12T20:58:48Z,FLORIDA,Florida Department of Lottery Services,Florida_Dept_of_Lottery_Division_of_Security_State_FL_TFM_04.23.25.pdf,MOA; revalidated; bytes identical,"""699b7a6e776ac5518aaef4a0f92fa06d:1747260703.986735""","Wed, 14 May 2025 22:11:43 GMT",
agreements/agreements_20260607_025243/FLORIDA/Daytona_Beach_Police_Department/Daytona_beach_PD_FL_TFM_MOA_04.29.25.pdf,e44f9d94d83f9e040a6dde25ecf3bbe8fca24c1ab5baf9624a62ecb902802550,https://www.ice.gov/doclib/287gMOA/Daytona_beach_PD_FL_TFM_MOA_04.29.25.pdf,2026-09-12T20:58:48Z,FLORIDA,Daytona Beach Police Department,Daytona_beach_PD_FL_TFM_MOA_04.29.25.pdf,MOA; revalidated; bytes identical,"""9fe598eca3ad12eb450b39093cf9528c:1747260703.440035""","Wed, 14 May 2025 22:11:43 GMT",
agreements/agreements_20260912_135704/FLORIDA/St._Cloud_Police_Department/MOA_StCloudPoliceDeptFL_TFM_MOA_04142025.pdf,d7321e38f4cd6cbff3963bf3accaff74fe6330a5d55d22b71049d50e42bf928f,https://www.ice.gov/doclib/287gMOA/StCloudPoliceDeptFL_TFM_MOA_04142025.pdf,2026-09-12T20:58:49Z,FLORIDA,St. Cloud Police Department,StCloudPoliceDeptFL_TFM_MOA_04142025.pdf,MOA; new url in sheet a405c40debaf; deduplicated 2026-09-14; identical bytes retained at agreements/agreements_20260607_025243/FLORIDA/St._Cloud_Police_Department/StCloudPoliceDeptFL_TFM_MOA_04142025.pdf,"""1d68ed7190f5e1582217a9fdbdad6d0a:1750854092.214738""","Wed, 25 Jun 2025 12:21:32 GMT",
agreements/agreements_20260607_025243/TEXAS/Lavaca_County_Sheriff's_Office/Lavaca_County_WSO_MOA_02.24.25.pdf,0c1339bf1ef2b75757a7b656eacfef2cc3ad34957c3997ac034e9b13a9e87f95,https://www.ice.gov/doclib/287gMOA/Lavaca_County_WSO_MOA_02.24.25.pdf,2026-09-12T20:58:49Z,TEXAS,Lavaca County Sheriff's Office,Lavaca_County_WSO_MOA_02.24.25.pdf,MOA; revalidated; bytes identical,"""84b47504782c93a084a283d754903aa3:1747260722.162183""","Wed, 14 May 2025 22:12:02 GMT",
agreements/agreements_20260607_025243/FLORIDA/Lake_City_Police_Department/Lake_City_PD_FL_TFM_MOA_04.29.25.pdf,56f59c8464e741cb897a3bc2ab72cf528fedd1ad087fcb043257534844c0414f,https://www.ice.gov/doclib/287gMOA/Lake_City_PD_FL_TFM_MOA_04.29.25.pdf,2026-09-12T20:58:49Z,FLORIDA,Lake City Police Department,Lake_City_PD_FL_TFM_MOA_04.29.25.pdf,MOA; revalidated; bytes identical,"""8c07231e1fe4cca606d12812a59b69e3:1747260701.280576""","Wed, 14 May 2025 22:11:41 GMT",
agreements/agreements_20260607_025243/TEXAS/Jackson_County_Sheriff's_Office_/Jackson_County_WSO_MOA_02.24.25.pdf,e77fe59ae2680e95cf5d8f661a273df1590aaffa2c8ec5ae1c7c93a058026868,https://www.ice.gov/doclib/287gMOA/Jackson_County_WSO_MOA_02.24.25.pdf,2026-09-12T20:58:50Z,TEXAS,Jackson County Sheriff's Office,Jackson_County_WSO_MOA_02.24.25.pdf,MOA; revalidated; bytes identical,"""48cdbfdd5508503d1537bc0ac3147682:1747260725.137908""","Wed, 14 May 2025 22:12:05 GMT",
agreements/agreements_20260607_025243/FLORIDA/Florida_Southwestern_State_College_Police_Department/Florida_Southwestern_State_College_PD_FL_TFM_04.15.25.pdf,1752f5c49b64624dd7a2a4319952262ae5ea99623be19a9359f8c8ccf5dbb893,https://www.ice.gov/doclib/287gMOA/Florida_Southwestern_State_College_PD_FL_TFM_04.15.25.pdf,2026-09-12T20:58:50Z,FLORIDA,Florida Southwestern State College Police Department,Florida_Southwestern_State_College_PD_FL_TFM_04.15.25.pdf,MOA; revalidated; bytes identical,"""f02e30c29c83d7907dea72566ed7e81a:1747260704.658854""","Wed, 14 May 2025 22:11:44 GMT",
agreements/agreements_20260607_025243/FLORIDA/Lake_Clarke_Shores_Police_Department/LakeClarkShoresPDFL_TFM_MOA_042925.pdf,776010a56dfd7db5da244febca952699af2657d633e0313bdcbf4cec41519fec,https://www.ice.gov/doclib/287gMOA/LakeClarkShoresPDFL_TFM_MOA_042925.pdf,2026-09-12T20:58:50Z,FLORIDA,Lake Clarke Shores Police Department,LakeClarkShoresPDFL_TFM_MOA_042925.pdf,MOA; revalidated; bytes identical,"""51de78c55436972b1223a6a12d2fb600:1747407853.256766""","Fri, 16 May 2025 15:04:13 GMT",
agreements/agreements_20260607_025243/FLORIDA/Melbourne_International_Airport_Police_Department/MelbourneInternationalAirportPDFL_TFM_MOA_042525.pdf,0ba47034bc022d350a834edf69201102acd86604b64584af2addcad61262b732,https://www.ice.gov/doclib/287gMOA/MelbourneInternationalAirportPDFL_TFM_MOA_042525.pdf,2026-09-12T20:58:50Z,FLORIDA,Melbourne International Airport Police Department,MelbourneInternationalAirportPDFL_TFM_MOA_042525.pdf,MOA; revalidated; bytes identical,"""261c6d21dd3d60acb98e48a0c380234c:1747407853.783557""","Fri, 16 May 2025 15:04:13 GMT",
agreements/agreements_20260607_025243/FLORIDA/New_College_of_Florida_Police_Department/NewCollegeFloridaPDFL_TFM_MOA_041525.pdf,04d06c75e81b2b6924ed287f5c310f34f7f44f6c89ddc29f6e5b2b5d309bc71e,https://www.ice.gov/doclib/287gMOA/NewCollegeFloridaPDFL_TFM_MOA_041525.pdf,2026-09-12T20:58:51Z,FLORIDA,New College of Florida Police Department,NewCollegeFloridaPDFL_TFM_MOA_041525.pdf,MOA; revalidated; bytes identical,"""6fdecefad3d8b028c09a2f9a49913d56:1747407852.370955""","Fri, 16 May 2025 15:04:12 GMT",
agreements/agreements_20260607_025243/FLORIDA/New_Smyrna_Beach_Police_Department/NewSmyrnaBeachPDFL_TFM_MOA_042425.pdf,6b5dc9ee18ddab3b09286f1768a7aedf83c607d065557f251e3037baecd3223b,https://www.ice.gov/doclib/287gMOA/NewSmyrnaBeachPDFL_TFM_MOA_042425.pdf,2026-09-12T20:58:51Z,FLORIDA,New Smyrna Beach Police Department,NewSmyrnaBeachPDFL_TFM_MOA_042425.pdf,MOA; revalidated; bytes identical,"""4156e73edab11e68727d63c2e019acb0:1747407963.626999""","Fri, 16 May 2025 15:06:03 GMT",
agreements/agreements_20260607_025243/FLORIDA/Oakland_Police_Department/OaklandPDFL_TFM_MOA_042325.pdf,aedc5a5afa4993e8a54bf8c45a7bd9720d4a33d962885d961b26cea55168e3e0,https://www.ice.gov/doclib/287gMOA/OaklandPDFL_TFM_MOA_042325.pdf,2026-09-12T20:58:51Z,FLORIDA,Oakland Police Department,OaklandPDFL_TFM_MOA_042325.pdf,MOA; revalidated; bytes identical,"""016cbdd5a153b0282b0d00747e9081d8:1747407852.010887""","Fri, 16 May 2025 15:04:12 GMT",
agreements/agreements_20260607_025243/FLORIDA/Ocean_Ridge_Police_Department/OceanRidgePDFL_TFM_MOA_041425.pdf,d56a1b7c2a26f1bc07489d58144cc93b5baa06524c16d3fd16b2447b2c967fa3,https://www.ice.gov/doclib/287gMOA/OceanRidgePDFL_TFM_MOA_041425.pdf,2026-09-12T20:58:52Z,FLORIDA,Ocean Ridge Police Department,OceanRidgePDFL_TFM_MOA_041425.pdf,MOA; revalidated; bytes identical,"""77899cb4070470bb06a1ef498608815b:1747407852.459467""","Fri, 16 May 2025 15:04:12 GMT",
agreements/agreements_20260607_025243/FLORIDA/Port_Orange_Police_Department/PortOrangePDFL_TFM_MOA_042425.pdf,0386519502b30ecf4239e9dd324b22e0174552b422d150a8d4d36cd511afd7a8,https://www.ice.gov/doclib/287gMOA/PortOrangePDFL_TFM_MOA_042425.pdf,2026-09-12T20:58:52Z,FLORIDA,Port Orange Police Department,PortOrangePDFL_TFM_MOA_042425.pdf,MOA; revalidated; bytes identical,"""b72b5b68f5174d282b4c1444cfb75fa5:1747407852.276793""","Fri, 16 May 2025 15:04:12 GMT",
agreements/agreements_20260607_025243/FLORIDA/Punta_Gorda_Police_Department/PuntaGordaPDFL_TFM_MOA_042425.pdf,14e72ec44790234787691ff118bcac24c4236cf12ebce32c9c4192a28ed36f50,https://www.ice.gov/doclib/287gMOA/PuntaGordaPDFL_TFM_MOA_042425.pdf,2026-09-12T20:58:52Z,FLORIDA,Punta Gorda Police Department,PuntaGordaPDFL_TFM_MOA_042425.pdf,MOA; revalidated; bytes identical,"""1b7cfb53486cec4e8a1f987064bfbfcc:1747407852.787795""","Fri, 16 May 2025 15:04:12 GMT",
agreements/agreements_20260607_025243/FLORIDA/Riviera_Beach_Police_Department/RivieraBeachPDFL_TFM_MOA_042925.pdf,f59d16014d206fd388315f25ad905e29fb47e7821a9a42b9324b1bd1507c2808,https://www.ice.gov/doclib/287gMOA/RivieraBeachPDFL_TFM_MOA_042925.pdf,2026-09-12T20:58:52Z,FLORIDA,Riviera Beach Police Department,RivieraBeachPDFL_TFM_MOA_042925.pdf,MOA; revalidated; bytes identical,"""19f424a2fbc5c8a61058cbe8617f9ad9:1747407853.216057""","Fri, 16 May 2025 15:04:13 GMT",
agreements/agreements_20260607_025243/NEVADA/Mineral_County_Sheriff's_Office/MineralCountyNV_WSO_MOA_031025.pdf,04e2bf8329094d35b09d6cbff83b9a32ed54ae6c1d4463d2d34fc9dc92ff6c83,https://www.ice.gov/doclib/287gMOA/MineralCountyNV_WSO_MOA_031025.pdf,2026-09-12T20:58:53Z,NEVADA,Mineral County Sheriff's Office,MineralCountyNV_WSO_MOA_031025.pdf,MOA; revalidated; bytes identical,"""a2337e196921ea5424831ff790c9a064:1744235321.362986""","Wed, 09 Apr 2025 21:48:41 GMT",
agreements/agreements_20260912_135704/GEORGIA/Catoosa_County_Sheriff's_Office/MOA_CatoosaCoSheriffsOfficeGA_WSO_MOA_05.22.25.pdf,bd74737e8207f205580432da950514220f53e7b2e12452d80be37c6e011e1513,https://www.ice.gov/doclib/287gMOA/CatoosaCoSheriffsOfficeGA_WSO_MOA_05.22.25.pdf,2026-09-12T20:58:53Z,GEORGIA,Catoosa County Sheriff's Office,CatoosaCoSheriffsOfficeGA_WSO_MOA_05.22.25.pdf,MOA; new url in sheet a405c40debaf; deduplicated 2026-09-14; identical bytes retained at agreements/agreements_20260607_025243/GEORGIA/Catoosa_County_Sheriff's_Office/CatoosaCoSheriffsOfficeGA_WSO_MOA_05.22.25.pdf,"""9a1ca580ecc6fdddfc711887d6981292:1749661183.755311""","Wed, 11 Jun 2025 16:59:43 GMT",
agreements/agreements_20260912_135704/ALABAMA/Colbert_County_Sheriff's_Office/MOA_ColbertCoSheriffsOfficeAL_WSO_MOA_05.08.25.pdf,e4fbba35a17184cd0605a404978ede41cfd3be712bede0c1759233d7bd479e50,https://www.ice.gov/doclib/287gMOA/ColbertCoSheriffsOfficeAL_WSO_MOA_05.08.25.pdf,2026-09-12T20:58:53Z,ALABAMA,Colbert County Sheriff's Office,ColbertCoSheriffsOfficeAL_WSO_MOA_05.08.25.pdf,MOA; new url in sheet a405c40debaf; deduplicated 2026-09-14; identical bytes retained at agreements/agreements_20260607_025243/ALABAMA/Colbert_County_Sheriff's_Office/ColbertCoSheriffsOfficeAL_WSO_MOA_05.08.25.pdf,"""66dda526a2c16ebe09c64301bf2a11ea:1749661190.537563""","Wed, 11 Jun 2025 16:59:50 GMT",
agreements/agreements_20260912_135704/GEORGIA/Coweta_County_Sheriff's_Office/MOA_CowetaCoSheriffsOfficeGA_WSO_MOA_05.22.25.pdf,f02671118d42fcc5b20a1338cbb6e167ef5fce2e823ffa40df060953757ce2be,https://www.ice.gov/doclib/287gMOA/CowetaCoSheriffsOfficeGA_WSO_MOA_05.22.25.pdf,2026-09-12T20:58:54Z,GEORGIA,Coweta County Sheriff's Office,CowetaCoSheriffsOfficeGA_WSO_MOA_05.22.25.pdf,MOA; new url in sheet a405c40debaf; deduplicated 2026-09-14; identical bytes retained at agreements/agreements_20260607_025243/GEORGIA/Coweta_County_Sheriff's_Office/CowetaCoSheriffsOfficeGA_WSO_MOA_05.22.25.pdf,"""abf361631b4be8d58e90df982831c282:1749661183.324328""","Wed, 11 Jun 2025 16:59:43 GMT",
agreements/agreements_20260912_135704/GEORGIA/Dawson_County_Sheriff's_Office/MOA_DawsonCoSheriffsOfficeGA_WSO_MOA_05.22.25.pdf,8162bd90c5a210dbf2554d8efbb6a4ed5c1d830b3601ce9c9c42b2b62e61b2c8,https://www.ice.gov/doclib/287gMOA/DawsonCoSheriffsOfficeGA_WSO_MOA_05.22.25.pdf,2026-09-12T20:58:54Z,GEORGIA,Dawson County Sheriff's Office,DawsonCoSheriffsOfficeGA_WSO_MOA_05.22.25.pdf,MOA; new url in sheet a405c40debaf; deduplicated 2026-09-14; identical bytes retained at agreements/agreements_20260607_025243/GEORGIA/Dawson_County_Sheriff's_Office/DawsonCoSheriffsOfficeGA_WSO_MOA_05.22.25.pdf,"""b247826b31c11c8e2abf7b58f326c863:1749661183.099758""","Wed, 11 Jun 2025 16:59:43 GMT",
agreements/agreements_20260912_135704/GEORGIA/Forsyth_County_Sheriff's_Office/MOA_ForsythCoSheriffsOfficeGA_WSO_MOA_05.13.25.pdf,a7d31cc7c9fe4a15000552575c2fb4a2e0e25ed47d6074594c588eab5fb7ac50,https://www.ice.gov/doclib/287gMOA/ForsythCoSheriffsOfficeGA_WSO_MOA_05.13.25.pdf,2026-09-12T20:58:54Z,GEORGIA,Forsyth County Sheriff's Office,ForsythCoSheriffsOfficeGA_WSO_MOA_05.13.25.pdf,MOA; new url in sheet a405c40debaf; deduplicated 2026-09-14; identical bytes retained at agreements/agreements_20260607_025243/GEORGIA/Forsyth_County_Sheriff's_Office/ForsythCoSheriffsOfficeGA_WSO_MOA_05.13.25.pdf,"""5b4d055ec53189c0b5d160521eeed92c:1749661193.041127""","Wed, 11 Jun 2025 16:59:53 GMT",
agreements/agreements_20260912_135704/GEORGIA/Glynn_County_Sheriff's_Office/MOA_GlynnCoSheriffsOfficeGA_WSO_MOA_05.13.25.pdf,7e012742395385460206ebfe4eaa73ae1a8ae8fa7dc52bdecff5b4920fa4c6df,https://www.ice.gov/doclib/287gMOA/GlynnCoSheriffsOfficeGA_WSO_MOA_05.13.25.pdf,2026-09-12T20:58:55Z,GEORGIA,Glynn County Sheriff's Office,GlynnCoSheriffsOfficeGA_WSO_MOA_05.13.25.pdf,MOA; new url in sheet a405c40debaf; deduplicated 2026-09-14; identical bytes retained at agreements/agreements_20260607_025243/GEORGIA/Glynn_County_Sheriff's_Office/GlynnCoSheriffsOfficeGA_WSO_MOA_05.13.25.pdf,"""0bd5d982ff96683511f1e57614f77e3f:1749661192.927023""","Wed, 11 Jun 2025 16:59:52 GMT",
agreements/agreements_20260912_135704/GEORGIA/Harris_County_Sheriff's_Office/MOA_HarrisCoSheriffsOfficeGA_WSO_MOA_05.22.25.pdf,5a505a6b0848a7639f46dbaa7753cf08613880c10fb63623d3063bea521c0f2e,https://www.ice.gov/doclib/287gMOA/HarrisCoSheriffsOfficeGA_WSO_MOA_05.22.25.pdf,2026-09-12T20:58:55Z,GEORGIA,Harris County Sheriff's Office,HarrisCoSheriffsOfficeGA_WSO_MOA_05.22.25.pdf,MOA; new url in sheet a405c40debaf; deduplicated 2026-09-14; identical bytes retained at agreements/agreements_20260607_025243/GEORGIA/Harris_County_Sheriff's_Office/HarrisCoSheriffsOfficeGA_WSO_MOA_05.22.25.pdf,"""3cfd5030b8a2510c0f78e086809c4d06:1749661184.839705""","Wed, 11 Jun 2025 16:59:44 GMT",
agreements/agreements_20260912_135704/ALABAMA/Limestone_County_Sheriff's_Office/MOA_LimestoneCoSheriffsOfficeAL_WSO_MOA_05.22.25.pdf,e800498c42a89384509d487bca8dc7982a11974f7e29e25f17c1e59f51d9a210,https://www.ice.gov/doclib/287gMOA/LimestoneCoSheriffsOfficeAL_WSO_MOA_05.22.25.pdf,2026-09-12T20:58:56Z,ALABAMA,Limestone County Sheriff's Office,LimestoneCoSheriffsOfficeAL_WSO_MOA_05.22.25.pdf,MOA; new url in sheet a405c40debaf; deduplicated 2026-09-14; identical bytes retained at agreements/agreements_20260607_025243/ALABAMA/Limestone_County_Sheriff's_Office/LimestoneCoSheriffsOfficeAL_WSO_MOA_05.22.25.pdf,"""7682d1a41f8a1a84579bebf31d093ca0:1749661186.298713""","Wed, 11 Jun 2025 16:59:46 GMT",
agreements/agreements_20260912_135704/GEORGIA/Lumpkin_County_Sheriff's_Office/MOA_LumpkinCoSheriffsOfficeGA_WSO_MOA_03.26.25.pdf,fbeebd78c9ab1b0d149d45c68eb5d370d1443ad2026813c3d9b4c9ff219e7c0a,https://www.ice.gov/doclib/287gMOA/LumpkinCoSheriffsOfficeGA_WSO_MOA_03.26.25.pdf,2026-09-12T20:58:56Z,GEORGIA,Lumpkin County Sheriff's Office,LumpkinCoSheriffsOfficeGA_WSO_MOA_03.26.25.pdf,MOA; new url in sheet a405c40debaf; deduplicated 2026-09-14; identical bytes retained at agreements/agreements_20260607_025243/GEORGIA/Lumpkin_County_Sheriff's_Office/LumpkinCoSheriffsOfficeGA_WSO_MOA_03.26.25.pdf,"""efe8116e9da0762463adef18059ab1c8:1749661186.03112""","Wed, 11 Jun 2025 16:59:46 GMT",
agreements/agreements_20260912_135704/ARIZONA/Yuma_County_Sheriff's_Office/MOA_YumaCoSheriffsOfficeAZ_WSO_MOA_06.03.25.pdf,688ceb5d589ae33b40b48e71c0e164557870c2da592aa0b0a2bbf1798a68dbe5,https://www.ice.gov/doclib/287gMOA/YumaCoSheriffsOfficeAZ_WSO_MOA_06.03.25.pdf,2026-09-12T20:58:56Z,ARIZONA,Yuma County Sheriff's Office,YumaCoSheriffsOfficeAZ_WSO_MOA_06.03.25.pdf,MOA; new url in sheet a405c40debaf; deduplicated 2026-09-14; identical bytes retained at agreements/agreements_20260607_025243/ARIZONA/Yuma_County_Sheriff's_Office/YumaCoSheriffsOfficeAZ_WSO_MOA_06.03.25.pdf,"""1e092b08f52440ea4a330ef531f49cdd:1749661188.471079""","Wed, 11 Jun 2025 16:59:48 GMT",
agreements/agreements_20260912_135704/MICHIGAN/Berrian_County_Sheriff's_Office/MOA_BerrienCoSheriffsOfficeMI_WSO_MOA_05.05.25.pdf,5ccc3b3a829a74d36401f937646a2a2ca9d4cc13fc0c3703348d1c0fbb845f5f,https://www.ice.gov/doclib/287gMOA/BerrienCoSheriffsOfficeMI_WSO_MOA_05.05.25.pdf,2026-09-12T20:58:57Z,MICHIGAN,Berrian County Sheriff's Office,BerrienCoSheriffsOfficeMI_WSO_MOA_05.05.25.pdf,MOA; new url in sheet a405c40debaf; deduplicated 2026-09-14; identical bytes retained at agreements/agreements_20260607_025243/MICHIGAN/Berrian_County_Sheriff's_Office/BerrienCoSheriffsOfficeMI_WSO_MOA_05.05.25.pdf,"""66673efafa6c390908c57c2ebcfdafc5:1749663309.570237""","Wed, 11 Jun 2025 17:35:09 GMT",
agreements/agreements_20260912_135704/MICHIGAN/Calhoun_County_Sheriff's_Office/MOA_CalhounCoSheriffsOfficeMI_WSO_MOA_05.06.25.pdf,ac78174b9b4786fa23e942c61aaf9dd6e5f42529fd3351f088d0b8fb9d27e58f,https://www.ice.gov/doclib/287gMOA/CalhounCoSheriffsOfficeMI_WSO_MOA_05.06.25.pdf,2026-09-12T20:58:57Z,MICHIGAN,Calhoun County Sheriff's Office,CalhounCoSheriffsOfficeMI_WSO_MOA_05.06.25.pdf,MOA; new url in sheet a405c40debaf; deduplicated 2026-09-14; identical bytes retained at agreements/agreements_20260607_025243/MICHIGAN/Calhoun_County_Sheriff's_Office/CalhounCoSheriffsOfficeMI_WSO_MOA_05.06.25.pdf,"""b98257a9bd735b47c9cf35f8ed776aae:1749663312.432323""","Wed, 11 Jun 2025 17:35:12 GMT",
agreements/agreements_20260912_135704/NORTH_CAROLINA/Carteret_County_Sheriff's_Office/MOA_CarteretCoSheriffsOfficeNC_WSO_MOA_05.13.25.pdf,56c863962ee1668651f6ed904d1daa606f115eb265b092bf099d6221df413934,https://www.ice.gov/doclib/287gMOA/CarteretCoSheriffsOfficeNC_WSO_MOA_05.13.25.pdf,2026-09-12T20:58:57Z,NORTH CAROLINA,Carteret County Sheriff's Office,CarteretCoSheriffsOfficeNC_WSO_MOA_05.13.25.pdf,MOA; new url in sheet a405c40debaf; deduplicated 2026-09-14; identical bytes retained at agreements/agreements_20260607_025243/NORTH_CAROLINA/Carteret_County_Sheriff's_Office/CarteretCoSheriffsOfficeNC_WSO_MOA_05.13.25.pdf,"""e947f90377906cb27cda956d831647fe:1749663307.994154""","Wed, 11 Jun 2025 17:35:07 GMT",
agreements/agreements_20260912_135704/NEVADA/Lyon_County_Sheriff's_Office/MOA_LyonCoSheriffsOfficeNV_WSO_MOA_06.03.25.pdf,3b9ec8a489932f90b315b9ce12818638d0eb6be508a206a0b06b90d893db1e48,https://www.ice.gov/doclib/287gMOA/LyonCoSheriffsOfficeNV_WSO_MOA_06.03.25.pdf,2026-09-12T20:58:58Z,NEVADA,Lyon County Sheriff's Office,LyonCoSheriffsOfficeNV_WSO_MOA_06.03.25.pdf,MOA; new url in sheet a405c40debaf; deduplicated 2026-09-14; identical bytes retained at agreements/agreements_20260607_025243/NEVADA/Lyon_County_Sheriff's_Office/LyonCoSheriffsOfficeNV_WSO_MOA_06.03.25.pdf,"""f0bca1252cd873772a1f8c38473bc240:1749663308.488241""","Wed, 11 Jun 2025 17:35:08 GMT",
agreements/agreements_20260912_135704/GEORGIA/Madison_County_Sheriff's_Office/MOA_MadisonCoSheriffsOfficeGA_WSO_MOA_05.13.25.pdf,5217e7c3fb285abe9244df51ab36c0e08bd662b0e86733752169871bdd0e29bd,https://www.ice.gov/doclib/287gMOA/MadisonCoSheriffsOfficeGA_WSO_MOA_05.13.25.pdf,2026-09-12T20:58:58Z,GEORGIA,Madison County Sheriff's Office,MadisonCoSheriffsOfficeGA_WSO_MOA_05.13.25.pdf,MOA; new url in sheet a405c40debaf; deduplicated 2026-09-14; identical bytes retained at agreements/agreements_20260607_025243/GEORGIA/Madison_County_Sheriff's_Office/MadisonCoSheriffsOfficeGA_WSO_MOA_05.13.25.pdf,"""5211a1ff9fbe94a1ee412c065224a390:1749663312.583731""","Wed, 11 Jun 2025 17:35:12 GMT",
agreements/agreements_20260912_135704/GEORGIA/Morgan_County_Sheriff's_Office/MOA_MorganCoSheriffsOfficeGA_WSO_MOA_02.28.25.pdf,38228fe76893bad6ffe0720a1b83d0caa15c7b70a02d73be8816c3ca2ef969c4,https://www.ice.gov/doclib/287gMOA/MorganCoSheriffsOfficeGA_WSO_MOA_02.28.25.pdf,2026-09-12T20:58:58Z,GEORGIA,Morgan County Sheriff's Office,MorganCoSheriffsOfficeGA_WSO_MOA_02.28.25.pdf,MOA; new url in sheet a405c40debaf; deduplicated 2026-09-14; identical bytes retained at agreements/agreements_20260607_025243/GEORGIA/Morgan_County_Sheriff's_Office/MorganCoSheriffsOfficeGA_WSO_MOA_02.28.25.pdf,"""9c0e621385fa6e784a058a0e19d2eab4:1749663318.545163""","Wed, 11 Jun 2025 17:35:18 GMT",
agreements/agreements_20260912_135704/VIRGINIA/Alleghany_County_Sheriff's_Office/MOA_AlleghanyCoSheriffsOfficeVA_WSO_MOA_06.03.25.pdf,975a27429ebbc22d85c163be7ea377c55bc74ee072190785248defc8ca349c01,https://www.ice.gov/doclib/287gMOA/AlleghanyCoSheriffsOfficeVA_WSO_MOA_06.03.25.pdf,2026-09-12T20:58:59Z,VIRGINIA,Alleghany County Sheriff's Office,AlleghanyCoSheriffsOfficeVA_WSO_MOA_06.03.25.pdf,MOA; new url in sheet a405c40debaf; deduplicated 2026-09-14; identical bytes retained at agreements/agreements_20260607_025243/VIRGINIA/Alleghany_County_Sheriff's_Office/AlleghanyCoSheriffsOfficeVA_WSO_MOA_06.03.25.pdf,"""f2114cb1241062cd39a97180650a693d:1749663853.627168""","Wed, 11 Jun 2025 17:44:13 GMT",
agreements/agreements_20260912_135704/SOUTH_CAROLINA/Berkeley_County_Sheriff's_Office/MOA_BerkeleyCoSheriffsOfficeSC_WSO_MOA_05.08.25.pdf,15bb5d06c333d1bf9954600af60fb98a4672a37692b90dcdcd6de4cda672ca6a,https://www.ice.gov/doclib/287gMOA/BerkeleyCoSheriffsOfficeSC_WSO_MOA_05.08.25.pdf,2026-09-12T20:58:59Z,SOUTH CAROLINA,Berkeley County Sheriff's Office,BerkeleyCoSheriffsOfficeSC_WSO_MOA_05.08.25.pdf,MOA; new url in sheet a405c40debaf; deduplicated 2026-09-14; identical bytes retained at agreements/agreements_20260607_025243/SOUTH_CAROLINA/Berkeley_County_Sheriff's_Office/BerkeleyCoSheriffsOfficeSC_WSO_MOA_05.08.25.pdf,"""1a3a4aaad68c997e7d80a3c5cb78aa70:1749663864.302327""","Wed, 11 Jun 2025 17:44:24 GMT",
agreements/agreements_20260912_135704/TEXAS/Fort_Bend_County_Sheriff's_Office/MOA_FortBendCoSheriffsOfficeTX_WSO_MOA_05.28.25.pdf,013f7c0b00f0d6ea40886b6e21d2899dfd548de0fc49187eb74224b5be1d5a1a,https://www.ice.gov/doclib/287gMOA/FortBendCoSheriffsOfficeTX_WSO_MOA_05.28.25.pdf,2026-09-12T20:58:59Z,TEXAS,Fort Bend County Sheriff's Office,FortBendCoSheriffsOfficeTX_WSO_MOA_05.28.25.pdf,MOA; new url in sheet a405c40debaf; deduplicated 2026-09-14; identical bytes retained at agreements/agreements_20260607_025243/TEXAS/Fort_Bend_County_Sheriff's_Office/FortBendCoSheriffsOfficeTX_WSO_MOA_05.28.25.pdf,"""354684650f46f0d5237f9f5041d3a0ba:1749663858.052972""","Wed, 11 Jun 2025 17:44:18 GMT",
agreements/agreements_20260912_135704/SOUTH_CAROLINA/Greenville_County_Sheriff's_Office/MOA_GreenvilleCoSheriffsOfficeSC_WSO_MOA_03.21.25.pdf,2206bd8e91988485df4470c1634c333c72f0a04df9644fdf97de538427bd1e33,https://www.ice.gov/doclib/287gMOA/GreenvilleCoSheriffsOfficeSC_WSO_MOA_03.21.25.pdf,2026-09-12T20:58:59Z,SOUTH CAROLINA,Greenville County Sheriff's Office,GreenvilleCoSheriffsOfficeSC_WSO_MOA_03.21.25.pdf,MOA; new url in sheet a405c40debaf; deduplicated 2026-09-14; identical bytes retained at agreements/agreements_20260607_025243/SOUTH_CAROLINA/Greenville_County_Sheriff's_Office/GreenvilleCoSheriffsOfficeSC_WSO_MOA_03.21.25.pdf,"""10befc71337b6f14908b694cf0eb4a17:1749663857.408974""","Wed, 11 Jun 2025 17:44:17 GMT",
agreements/agreements_20260912_135704/TEXAS/Hill_County_Sheriff's_Office/MOA_HillCoSheriffsOfficeTX_WSO_MOA_05.06.25.pdf,ccbd25ec429ce88ff797b46f4b7874db7dda0024cbba4b09cbe92287200ac5cd,https://www.ice.gov/doclib/287gMOA/HillCoSheriffsOfficeTX_WSO_MOA_05.06.25.pdf,2026-09-12T20:59:00Z,TEXAS,Hill County Sheriff's Office,HillCoSheriffsOfficeTX_WSO_MOA_05.06.25.pdf,MOA; new url in sheet a405c40debaf; deduplicated 2026-09-14; identical bytes retained at agreements/agreements_20260607_025243/TEXAS/Hill_County_Sheriff's_Office/HillCoSheriffsOfficeTX_WSO_MOA_05.06.25.pdf,"""719545261a519499b12f28aaad52cf98:1749663865.803481""","Wed, 11 Jun 2025 17:44:25 GMT",
agreements/agreements_20260912_135704/TEXAS/Hood_County_Sheriff's_Office/MOA_HoodCoSheriffsOfficeTX_WSO_MOA_05.13.25.pdf,8623e5d5dc7fdc9a8a8a966fad71e26ca74d70a4df231f3adf1ed9b8da6bdaf5,https://www.ice.gov/doclib/287gMOA/HoodCoSheriffsOfficeTX_WSO_MOA_05.13.25.pdf,2026-09-12T20:59:00Z,TEXAS,Hood County Sheriff's Office,HoodCoSheriffsOfficeTX_WSO_MOA_05.13.25.pdf,MOA; new url in sheet a405c40debaf; deduplicated 2026-09-14; identical bytes retained at agreements/agreements_20260607_025243/TEXAS/Hood_County_Sheriff's_Office/HoodCoSheriffsOfficeTX_WSO_MOA_05.13.25.pdf,"""ced518d37034b1e5bc3d2526daedb725:1749663867.034963""","Wed, 11 Jun 2025 17:44:27 GMT",
agreements/agreements_20260912_135704/LOUISIANA/Plaquemines_Parish_Sheriff's_Office/MOA_PlaqueminesParishSheriffsOfficeLA_WSO_MOA_05.28.25.pdf,1766a71282e0b2da428c344ed28d1fbf965499951b52209c9fb5b8d35523b9e2,https://www.ice.gov/doclib/287gMOA/PlaqueminesParishSheriffsOfficeLA_WSO_MOA_05.28.25.pdf,2026-09-12T20:59:00Z,LOUISIANA,Plaquemines Parish Sheriff's Office,PlaqueminesParishSheriffsOfficeLA_WSO_MOA_05.28.25.pdf,MOA; new url in sheet a405c40debaf; deduplicated 2026-09-14; identical bytes retained at agreements/agreements_20260607_025243/LOUISIANA/Plaquemines_Parish_Sheriff's_Office/PlaqueminesParishSheriffsOfficeLA_WSO_MOA_05.28.25.pdf,"""6c0a4bed06d9017021e39c835b30649e:1749663855.885338""","Wed, 11 Jun 2025 17:44:15 GMT",
agreements/agreements_20260912_135704/GEORGIA/Tift_County_Sheriff's_Office/MOA_TiftCoSheriffsOfficeGA_WSO_MOA_05.06.25.pdf,c8d5d241eb0030e97f506583634d8e3d5057c3a0b777261502ff269128581976,https://www.ice.gov/doclib/287gMOA/TiftCoSheriffsOfficeGA_WSO_MOA_05.06.25.pdf,2026-09-12T20:59:01Z,GEORGIA,Tift County Sheriff's Office,TiftCoSheriffsOfficeGA_WSO_MOA_05.06.25.pdf,MOA; new url in sheet a405c40debaf; deduplicated 2026-09-14; identical bytes retained at agreements/agreements_20260607_025243/GEORGIA/Tift_County_Sheriff's_Office/TiftCoSheriffsOfficeGA_WSO_MOA_05.06.25.pdf,"""ee990a529f987df332ceccb614674cca:1749663860.979064""","Wed, 11 Jun 2025 17:44:20 GMT",
agreements/agreements_20260912_135704/NORTH_CAROLINA/Union_County_Sheriff's_Office/MOA_UnionCoSheriffsOfficeNC_WSO_MOA_05.06.25.pdf,e53d02f3b2456ce7437ad5c4d00e2da515f96d7f20a3d80a96b9c599aba81b53,https://www.ice.gov/doclib/287gMOA/UnionCoSheriffsOfficeNC_WSO_MOA_05.06.25.pdf,2026-09-12T20:59:01Z,NORTH CAROLINA,Union County Sheriff's Office,UnionCoSheriffsOfficeNC_WSO_MOA_05.06.25.pdf,MOA; new url in sheet a405c40debaf; deduplicated 2026-09-14; identical bytes retained at agreements/agreements_20260607_025243/NORTH_CAROLINA/Union_County_Sheriff's_Office/UnionCoSheriffsOfficeNC_WSO_MOA_05.06.25.pdf,"""1b945890baefceff2c6d6ad6d05583bf:1749663867.258648""","Wed, 11 Jun 2025 17:44:27 GMT",
agreements/agreements_20260912_135704/FLORIDA/Columbia_County_Sheriff's_Office/MOA_ColumbiaCoSheriffsOfficeFL_TFM_MOA_02262025.pdf,3344cf4b0d733587cc92cd8d65e27d059a830f402fd9581bdda3ca69cd935127,https://www.ice.gov/doclib/287gMOA/ColumbiaCoSheriffsOfficeFL_TFM_MOA_02262025.pdf,2026-09-12T20:59:01Z,FLORIDA,Columbia County Sheriff's Office,ColumbiaCoSheriffsOfficeFL_TFM_MOA_02262025.pdf,MOA; new url in sheet a405c40debaf; deduplicated 2026-09-14; identical bytes retained at agreements/agreements_20260607_025243/FLORIDA/Columbia_County_Sheriff's_Office/ColumbiaCoSheriffsOfficeFL_TFM_MOA_02262025.pdf,"""fb231a9df9e2f0ba34eb1989fdcd0c93:1750854088.50735""","Wed, 25 Jun 2025 12:21:28 GMT",
agreements/agreements_20260912_135704/UTAH/Washington_County_Sheriff's_Office/MOA_WashingtonCoSheriffsOfficeUT_JEM_MOA_03.20.2025.pdf,ceebc5123404019272d97fd1a4c73cc6ea36474c3de648398f4f1d64e86de210,https://www.ice.gov/doclib/287gMOA/WashingtonCoSheriffsOfficeUT_JEM_MOA_03.20.2025.pdf,2026-09-12T20:59:02Z,UTAH,Washington County Sheriff's Office,WashingtonCoSheriffsOfficeUT_JEM_MOA_03.20.2025.pdf,MOA; new url in sheet a405c40debaf; deduplicated 2026-09-14; identical bytes retained at agreements/agreements_20260607_025243/UTAH/Washington_County_Sheriff's_Office/WashingtonCoSheriffsOfficeUT_JEM_MOA_03.20.2025.pdf,"""4385de2de3a62dc16733157fd30403f7:1750089101.941047""","Mon, 16 Jun 2025 15:51:41 GMT",
agreements/agreements_20260912_135704/GEORGIA/Tift_County_Sheriff's_Office/MOA_TiftCoSheriffsOfficeGA_JEM_MOA_05.06.2025.pdf,fc1644eae15167b8a00a869e3b639c559c56e1a3d1c2b33c1c2450f4eda97400,https://www.ice.gov/doclib/287gMOA/TiftCoSheriffsOfficeGA_JEM_MOA_05.06.2025.pdf,2026-09-12T20:59:02Z,GEORGIA,Tift County Sheriff's Office,TiftCoSheriffsOfficeGA_JEM_MOA_05.06.2025.pdf,MOA; new url in sheet a405c40debaf; deduplicated 2026-09-14; identical bytes retained at agreements/agreements_20260812_014703/GEORGIA/Tift_County_Sheriff's_Office/TiftCoSheriffsOfficeGA_JEM_MOA_05.06.2025.pdf,"""f516aec8f1769d68f86e3ed462048a60:1750089109.231807""","Mon, 16 Jun 2025 15:51:49 GMT",
agreements/agreements_20260912_135704/NEVADA/Lyon_County_Sheriff's_Office/MOA_LyonCoSheriffsOfficeNV_JEM_MOA_06.03.2025.pdf,b44608462d84d8236e7d6e5f999c8d0fde4108d2b9696a1196f4f3e01da8cb80,https://www.ice.gov/doclib/287gMOA/LyonCoSheriffsOfficeNV_JEM_MOA_06.03.2025.pdf,2026-09-12T20:59:02Z,NEVADA,Lyon County Sheriff's Office,LyonCoSheriffsOfficeNV_JEM_MOA_06.03.2025.pdf,MOA; new url in sheet a405c40debaf; deduplicated 2026-09-14; identical bytes retained at agreements/agreements_20260812_014703/NEVADA/Lyon_County_Sheriff's_Office/LyonCoSheriffsOfficeNV_JEM_MOA_06.03.2025.pdf,"""fef0b5628c47991e0e907870d5d35c27:1750089098.803346""","Mon, 16 Jun 2025 15:51:38 GMT",
agreements/agreements_20260912_135704/FLORIDA/Zephyrhills_Police_Department/MOA_ZephyrHillsPoliceDeptFL_TFM_MOA_04142025.pdf,f05d8d0a18d04e316faa21379a1fee149e73bad429f82489df03572006546d6e,https://www.ice.gov/doclib/287gMOA/ZephyrHillsPoliceDeptFL_TFM_MOA_04142025.pdf,2026-09-12T20:59:03Z,FLORIDA,Zephyrhills Police Department,ZephyrHillsPoliceDeptFL_TFM_MOA_04142025.pdf,MOA; new url in sheet a405c40debaf; deduplicated 2026-09-14; identical bytes retained at agreements/agreements_20260607_025243/FLORIDA/Zephyrhills_Police_Department/ZephyrHillsPoliceDeptFL_TFM_MOA_04142025.pdf,"""831453f78ea54ca1e0579e751330d6d2:1750854092.528555""","Wed, 25 Jun 2025 12:21:32 GMT",
agreements/agreements_20260912_135704/GEORGIA/Catoosa_County_Sheriff's_Office/MOA_CatoosaCoSheriffsOfficeGA_JEM_MOA_05.22.2025.pdf,0c2b3a44d3141ee42fba2800be61c45b5ed57c02e4751c966c8b583ee988efba,https://www.ice.gov/doclib/287gMOA/CatoosaCoSheriffsOfficeGA_JEM_MOA_05.22.2025.pdf,2026-09-12T20:59:03Z,GEORGIA,Catoosa County Sheriff's Office,CatoosaCoSheriffsOfficeGA_JEM_MOA_05.22.2025.pdf,MOA; new url in sheet a405c40debaf; deduplicated 2026-09-14; identical bytes retained at agreements/agreements_20260812_014703/GEORGIA/Catoosa_County_Sheriff's_Office/CatoosaCoSheriffsOfficeGA_JEM_MOA_05.22.2025.pdf,"""c1e484ff472b7efcd63619e1af4a1d79:1750853315.739277""","Wed, 25 Jun 2025 12:08:35 GMT",
agreements/agreements_20260912_135704/TEXAS/Kerr_County_Sheriff's_Office/MOA_KerrCoSheriffsOfficeTX_JEM_MOA_05.05.2025.pdf,157e0a1bd9670d56c97e73e51cfd138bae578381fc25a516eefc52ac0d31dbb2,https://www.ice.gov/doclib/287gMOA/KerrCoSheriffsOfficeTX_JEM_MOA_05.05.2025.pdf,2026-09-12T20:59:04Z,TEXAS,Kerr County Sheriff's Office,KerrCoSheriffsOfficeTX_JEM_MOA_05.05.2025.pdf,MOA; new url in sheet a405c40debaf; deduplicated 2026-09-14; identical bytes retained at agreements/agreements_20260607_025243/TEXAS/Kerr_County_Sheriff's_Office/KerrCoSheriffsOfficeTX_JEM_MOA_05.05.2025.pdf,"""05f086f0bfd6ab1c1f70790dc277e170:1750089105.396649""","Mon, 16 Jun 2025 15:51:45 GMT",
agreements/agreements_20260912_135704/KENTUCKY/Kenton_County_Sheriff's_Office/MOA_KentonCoDetCntrKY_JEM_MOA_05.05.2025.pdf,07b3264b39ffece227c1de083b61f5bca8036389175d5ba10c8afd916db6609f,https://www.ice.gov/doclib/287gMOA/KentonCoDetCntrKY_JEM_MOA_05.05.2025.pdf,2026-09-12T20:59:04Z,KENTUCKY,Kenton County Sheriff's Office,KentonCoDetCntrKY_JEM_MOA_05.05.2025.pdf,MOA; new url in sheet a405c40debaf; deduplicated 2026-09-14; identical bytes retained at agreements/agreements_20260607_025243/KENTUCKY/Kenton_County_Sheriff's_Office/KentonCoDetCntrKY_JEM_MOA_05.05.2025.pdf,"""ee86a2c8ceb231d3c58634dd8e65ef7f:1750089132.593666""","Mon, 16 Jun 2025 15:52:12 GMT",
agreements/agreements_20260912_135704/TEXAS/Jim_Wells_County_Sheriff's_Office/MOA_JimWellsCoSheriffsOfficeTX_JEM_MOA_02.27.2025.pdf,acd1c18a8eab60de3fc42408320592245b3f63ba2ad00ff5d3eca3c9cfdfe21a,https://www.ice.gov/doclib/287gMOA/JimWellsCoSheriffsOfficeTX_JEM_MOA_02.27.2025.pdf,2026-09-12T20:59:05Z,TEXAS,Jim Wells County Sheriff's Office,JimWellsCoSheriffsOfficeTX_JEM_MOA_02.27.2025.pdf,MOA; new url in sheet a405c40debaf; deduplicated 2026-09-14; identical bytes retained at agreements/agreements_20260607_025243/TEXAS/Jim_Wells_County_Sheriff's_Office/JimWellsCoSheriffsOfficeTX_JEM_MOA_02.27.2025.pdf,"""a63b3bc7b248a7d6dd34694108f40375:1750089116.167337""","Mon, 16 Jun 2025 15:51:56 GMT",
agreements/agreements_20260912_135704/GEORGIA/Jasper_County_Sheriff's_Office/MOA_JasperCoSheriffsOfficeGA_JEM_MOA_05.22.2025.pdf,76c3ac3b75fd087cc81224a64c7e6acfefefdb72241d51b70955163216cd6a66,https://www.ice.gov/doclib/287gMOA/JasperCoSheriffsOfficeGA_JEM_MOA_05.22.2025.pdf,2026-09-12T20:59:05Z,GEORGIA,Jasper County Sheriff's Office,JasperCoSheriffsOfficeGA_JEM_MOA_05.22.2025.pdf,MOA; new url in sheet a405c40debaf; deduplicated 2026-09-14; identical bytes retained at agreements/agreements_20260607_025243/GEORGIA/Jasper_County_Sheriff's_Office/JasperCoSheriffsOfficeGA_JEM_MOA_05.22.2025.pdf,"""f1c17de17cddd335278641875d08c3d0:1750089116.531172""","Mon, 16 Jun 2025 15:51:56 GMT",
agreements/agreements_20260912_135704/ALABAMA/Colbert_County_Sheriff's_Office/MOA_ColbertCoSheriffsOfficeAL_JEM_MOA_05.08.2025.pdf,70d80bb6106a8abc84683d608d3833604f20953e985b41ab3bf2ae845c7bcb09,https://www.ice.gov/doclib/287gMOA/ColbertCoSheriffsOfficeAL_JEM_MOA_05.08.2025.pdf,2026-09-12T20:59:05Z,ALABAMA,Colbert County Sheriff's Office,ColbertCoSheriffsOfficeAL_JEM_MOA_05.08.2025.pdf,MOA; new url in sheet a405c40debaf; deduplicated 2026-09-14; identical bytes retained at agreements/agreements_20260812_014703/ALABAMA/Colbert_County_Sheriff's_Office/ColbertCoSheriffsOfficeAL_JEM_MOA_05.08.2025.pdf,"""b07385b67f608d1d775abf4741fffc9a:1750853324.831004""","Wed, 25 Jun 2025 12:08:44 GMT",
agreements/agreements_20260912_135704/TEXAS/Colorado_County_Sheriff's_Office/MOA_ColoradoCoSheriffsOfficeTX_JEM_MOA_05.22.2025.pdf,62060003d08529bdfae16756163eba40d2a232b028569bead2c11c7aa2282cd1,https://www.ice.gov/doclib/287gMOA/ColoradoCoSheriffsOfficeTX_JEM_MOA_05.22.2025.pdf,2026-09-12T20:59:06Z,TEXAS,Colorado County Sheriff's Office,ColoradoCoSheriffsOfficeTX_JEM_MOA_05.22.2025.pdf,MOA; new url in sheet a405c40debaf; deduplicated 2026-09-14; identical bytes retained at agreements/agreements_20260607_025243/TEXAS/Colorado_County_Sheriff's_Office/ColoradoCoSheriffsOfficeTX_JEM_MOA_05.22.2025.pdf,"""c7e683ea2801910cf83da0ace0c63cde:1750853319.482785""","Wed, 25 Jun 2025 12:08:39 GMT",
agreements/agreements_20260912_135704/TEXAS/Fort_Bend_County_Sheriff's_Office/MOA_FortBendCoSheriffsOfficeTX_JEM_MOA_05.28.2025.pdf,6de4bfe77ac1c32c3c02cac1cdf31dc84b9a97e43ec4a0c8ccaf58a32d7ae015,https://www.ice.gov/doclib/287gMOA/FortBendCoSheriffsOfficeTX_JEM_MOA_05.28.2025.pdf,2026-09-12T20:59:06Z,TEXAS,Fort Bend County Sheriff's Office,FortBendCoSheriffsOfficeTX_JEM_MOA_05.28.2025.pdf,MOA; new url in sheet a405c40debaf; deduplicated 2026-09-14; identical bytes retained at agreements/agreements_20260812_014703/TEXAS/Fort_Bend_County_Sheriff's_Office/FortBendCoSheriffsOfficeTX_JEM_MOA_05.28.2025.pdf,"""e9028500f910c116384fdb42690cbc56:1750853317.270407""","Wed, 25 Jun 2025 12:08:37 GMT",
agreements/agreements_20260912_135704/UTAH/Utah_Department_of_Corrections/MOA_UtahDoC_WSO_MOA_05.13.2025.pdf,fc467a2a64e3f12fdda0002d50fee03e53fdb00d71ea19ee4f8898244414449c,https://www.ice.gov/doclib/287gMOA/UtahDoC_WSO_MOA_05.13.2025.pdf,2026-09-12T20:59:07Z,UTAH,Utah Department of Corrections,UtahDoC_WSO_MOA_05.13.2025.pdf,MOA; new url in sheet a405c40debaf; deduplicated 2026-09-14; identical bytes retained at agreements/agreements_20260607_025243/UTAH/Utah_Department_of_Corrections/UtahDoC_WSO_MOA_05.13.2025.pdf,"""2da15536063c7ab72a7a3f26b2120237:1750853326.459597""","Wed, 25 Jun 2025 12:08:46 GMT",
agreements/agreements_20260912_135704/WISCONSIN/Waukesha_County_Sheriff's_Office/MOA_WaukeshaCoSheriffsOfficeWI_WSO_MOA_05.13.2025.pdf,2475fd626dc18f059608dc5ae5301df9a6f82c4aeb094df560557937120e787f,https://www.ice.gov/doclib/287gMOA/WaukeshaCoSheriffsOfficeWI_WSO_MOA_05.13.2025.pdf,2026-09-12T20:59:07Z,WISCONSIN,Waukesha County Sheriff's Office,WaukeshaCoSheriffsOfficeWI_WSO_MOA_05.13.2025.pdf,MOA; new url in sheet a405c40debaf; deduplicated 2026-09-14; identical bytes retained at agreements/agreements_20260607_025243/WISCONSIN/Waukesha_County_Sheriff's_Office/WaukeshaCoSheriffsOfficeWI_WSO_MOA_05.13.2025.pdf,"""3432455076d0d0a02cc472502e0ae6a7:1750853326.18379""","Wed, 25 Jun 2025 12:08:46 GMT",
agreements/agreements_20260912_135704/FLORIDA/Flagler_County_Sheriff's_Office/MOA_FlaglerCoSheriffsOfficeFL_TFM_MOA_02262025.pdf,a1ee0c7215f691249f2ec3b8b87bf3d661418e75ee782dac1af1b07e6528973a,https://www.ice.gov/doclib/287gMOA/FlaglerCoSheriffsOfficeFL_TFM_MOA_02262025.pdf,2026-09-12T20:59:07Z,FLORIDA,Flagler County Sheriff's Office,FlaglerCoSheriffsOfficeFL_TFM_MOA_02262025.pdf,MOA; new url in sheet a405c40debaf; deduplicated 2026-09-14; identical bytes retained at agreements/agreements_20260607_025243/FLORIDA/Flagler_County_Sheriff's_Office/FlaglerCoSheriffsOfficeFL_TFM_MOA_02262025.pdf,"""1a908ff7d649acd2ed1bd39c94e7b092:1750854090.674164""","Wed, 25 Jun 2025 12:21:30 GMT",
agreements/agreements_20260912_135704/FLORIDA/Auburndale_Police_Department/MOA_AuburndalePoliceDeptFL_TFM_MOA_04242025.pdf,3eaed96978204abfa1d505b886b1020b78895cc7919b3f20bff2ddd871e448be,https://www.ice.gov/doclib/287gMOA/AuburndalePoliceDeptFL_TFM_MOA_04242025.pdf,2026-09-12T20:59:08Z,FLORIDA,Auburndale Police Department,AuburndalePoliceDeptFL_TFM_MOA_04242025.pdf,MOA; new url in sheet a405c40debaf; deduplicated 2026-09-14; identical bytes retained at agreements/agreements_20260607_025243/FLORIDA/Auburndale_Police_Department/AuburndalePoliceDeptFL_TFM_MOA_04242025.pdf,"""7b0f49630defbf3f67e17ffb153714ed:1750854534.867498""","Wed, 25 Jun 2025 12:28:54 GMT",
agreements/agreements_20260912_135704/FLORIDA/Florida_Gaming_Control_Commission/MOA_FloridaGamingControlCommission_TFM_MOA_04242025.pdf,896c1eab538fc2e1b913ce4a01b07c9aacfb779c3ac8c6c2b37466e82cbcc0f2,https://www.ice.gov/doclib/287gMOA/FloridaGamingControlCommission_TFM_MOA_04242025.pdf,2026-09-12T20:59:08Z,FLORIDA,Florida Gaming Control Commission,FloridaGamingControlCommission_TFM_MOA_04242025.pdf,MOA; new url in sheet a405c40debaf; deduplicated 2026-09-14; identical bytes retained at agreements/agreements_20260607_025243/FLORIDA/Florida_Gaming_Control_Commission/FloridaGamingControlCommission_TFM_MOA_04242025.pdf,"""23df7a53c82f3cb95299306fe4e2925a:1750854976.967745""","Wed, 25 Jun 2025 12:36:16 GMT",
agreements/agreements_20260912_135704/FLORIDA/Fellsmere_Police_Department/MOA_FellsmerePoliceDeptFL_TFM_MOA_04232025.pdf,0d8d5c4eb9f271c380b496b2c0ab2e679262e416d8406cc1aac9a1f006c2e2bf,https://www.ice.gov/doclib/287gMOA/FellsmerePoliceDeptFL_TFM_MOA_04232025.pdf,2026-09-12T20:59:08Z,FLORIDA,Fellsmere Police Department,FellsmerePoliceDeptFL_TFM_MOA_04232025.pdf,MOA; new url in sheet a405c40debaf; deduplicated 2026-09-14; identical bytes retained at agreements/agreements_20260607_025243/FLORIDA/Fellsmere_Police_Department/FellsmerePoliceDeptFL_TFM_MOA_04232025.pdf,"""35e05c338d6e4c1ac8f4e9f9e410dadd:1750854090.24882""","Wed, 25 Jun 2025 12:21:30 GMT",
agreements/agreements_20260912_135704/FLORIDA/Baker_County_Sheriff's_Office/MOA_BakerCoSheriffsOfficeFL_TFM_MOA_02262025.pdf,b152a02ed27a22bae932cbe676773e356f0ab1e576389cbd7976b1c43dd4d6e4,https://www.ice.gov/doclib/287gMOA/BakerCoSheriffsOfficeFL_TFM_MOA_02262025.pdf,2026-09-12T20:59:09Z,FLORIDA,Baker County Sheriff's Office,BakerCoSheriffsOfficeFL_TFM_MOA_02262025.pdf,MOA; new url in sheet a405c40debaf; deduplicated 2026-09-14; identical bytes retained at agreements/agreements_20260607_025243/FLORIDA/Baker_County_Sheriff's_Office/BakerCoSheriffsOfficeFL_TFM_MOA_02262025.pdf,"""823a1b1c11fddf7a6f8874ddbab0308d:1750854520.345272""","Wed, 25 Jun 2025 12:28:40 GMT",
agreements/agreements_20260912_135704/FLORIDA/Florida_Gulf_Coast_University_Police_Department/MOA_GulfCoastUnivPoliceDeptFL_TFM_MOA_05082025.pdf,2d8c6fdd5e61ff2b7df0db69d63dbd7b76782ed34afb63281eef6be3da435010,https://www.ice.gov/doclib/287gMOA/GulfCoastUnivPoliceDeptFL_TFM_MOA_05082025.pdf,2026-09-12T20:59:09Z,FLORIDA,Florida Gulf Coast University Police Department,GulfCoastUnivPoliceDeptFL_TFM_MOA_05082025.pdf,MOA; new url in sheet a405c40debaf; deduplicated 2026-09-14; identical bytes retained at agreements/agreements_20260607_025243/FLORIDA/Florida_Gulf_Coast_University_Police_Department/GulfCoastUnivPoliceDeptFL_TFM_MOA_05082025.pdf,"""3177235689bf72d91545446717161644:1750854980.650658""","Wed, 25 Jun 2025 12:36:20 GMT",
agreements/agreements_20260912_135704/FLORIDA/Bay_County_Sheriff's_Office/MOA_BayCoSheriffsOfficeFL_TFM_MOA_02262025.pdf,b5dfc303893b827074d7384dfdaa7c779f56e5a9c5d1ea0cecd255ba44fc39b2,https://www.ice.gov/doclib/287gMOA/BayCoSheriffsOfficeFL_TFM_MOA_02262025.pdf,2026-09-12T20:59:09Z,FLORIDA,Bay County Sheriff's Office,BayCoSheriffsOfficeFL_TFM_MOA_02262025.pdf,MOA; new url in sheet a405c40debaf; deduplicated 2026-09-14; identical bytes retained at agreements/agreements_20260607_025243/FLORIDA/Bay_County_Sheriff's_Office/BayCoSheriffsOfficeFL_TFM_MOA_02262025.pdf,"""ab1d157714732de7fc2ef2b91813f1a5:1750854526.636545""","Wed, 25 Jun 2025 12:28:46 GMT",
agreements/agreements_20260912_135704/FLORIDA/Florida_Polytechnic_University_Police_Department/MOA_PolytechnicUnivPoliceDeptFL_TFM_MOA_04242025.pdf,007f1a43c3fe117bbd4c5cdf4bdab0cd9042cf9a423d249707e229049388d6f8,https://www.ice.gov/doclib/287gMOA/PolytechnicUnivPoliceDeptFL_TFM_MOA_04242025.pdf,2026-09-12T20:59:10Z,FLORIDA,Florida Polytechnic University Police Department,PolytechnicUnivPoliceDeptFL_TFM_MOA_04242025.pdf,MOA; new url in sheet a405c40debaf; deduplicated 2026-09-14; identical bytes retained at agreements/agreements_20260607_025243/FLORIDA/Florida_Polytechnic_University_Police_Department/PolytechnicUnivPoliceDeptFL_TFM_MOA_04242025.pdf,"""461f09798d21c980dcd1fae64d80fae8:1750854978.801078""","Wed, 25 Jun 2025 12:36:18 GMT",
agreements/agreements_20260912_135704/FLORIDA/Belle_Isle_Police_Department/MOA_BelleIslePoliceDeptFL_TFM_MOA_04242025.pdf,86caee67cb4468f68a064951e895b7b1ed8087ecdba35b6385bd9c1100b7d09f,https://www.ice.gov/doclib/287gMOA/BelleIslePoliceDeptFL_TFM_MOA_04242025.pdf,2026-09-12T20:59:10Z,FLORIDA,Belle Isle Police Department,BelleIslePoliceDeptFL_TFM_MOA_04242025.pdf,MOA; new url in sheet a405c40debaf; deduplicated 2026-09-14; identical bytes retained at agreements/agreements_20260607_025243/FLORIDA/Belle_Isle_Police_Department/BelleIslePoliceDeptFL_TFM_MOA_04242025.pdf,"""b0c6844182031ec148dd44784050169f:1750854533.779734""","Wed, 25 Jun 2025 12:28:53 GMT",
agreements/agreements_20260912_135704/FLORIDA/Escambia_County_Sheriff's_Office/MOA_EscambiaCoSheriffsOfficeFL_TFM_MOA_02262025.pdf,cb676764a518a6ccac2befcae11264ee6178c4f0e2ede521bdbf394472d9972e,https://www.ice.gov/doclib/287gMOA/EscambiaCoSheriffsOfficeFL_TFM_MOA_02262025.pdf,2026-09-12T20:59:11Z,FLORIDA,Escambia County Sheriff's Office,EscambiaCoSheriffsOfficeFL_TFM_MOA_02262025.pdf,MOA; new url in sheet a405c40debaf; deduplicated 2026-09-14; identical bytes retained at agreements/agreements_20260607_025243/FLORIDA/Escambia_County_Sheriff's_Office/EscambiaCoSheriffsOfficeFL_TFM_MOA_02262025.pdf,"""35bcafdd0f8c7afb84193c7d556ef0f4:1750854093.136137""","Wed, 25 Jun 2025 12:21:33 GMT",
agreements/agreements_20260912_135704/FLORIDA/Fort_Myers_Police_Department/MOA_FortMyersPoliceDeptFL_TFM_MOA_05162025.pdf,5fc1c3f9316bebd4afb98b23caf5047c757daee991a304c8884c5a04c77c7bd8,https://www.ice.gov/doclib/287gMOA/FortMyersPoliceDeptFL_TFM_MOA_05162025.pdf,2026-09-12T20:59:11Z,FLORIDA,Fort Myers Police Department,FortMyersPoliceDeptFL_TFM_MOA_05162025.pdf,MOA; new url in sheet a405c40debaf; deduplicated 2026-09-14; identical bytes retained at agreements/agreements_20260607_025243/FLORIDA/Fort_Myers_Police_Department/FortMyersPoliceDeptFL_TFM_MOA_05162025.pdf,"""c6347417f55501067edeebef47c15743:1750854967.679343""","Wed, 25 Jun 2025 12:36:07 GMT",
agreements/agreements_20260912_135704/FLORIDA/Gadsden_County_Sheriff's_Office/MOA_GadsdenCoSheriffsOfficeFL_TFM_MOA_02262025.pdf,0c58caac0fa69f940f8ea3c128baa2d3a69d783ad173b24dfdb2102043b7dbe3,https://www.ice.gov/doclib/287gMOA/GadsdenCoSheriffsOfficeFL_TFM_MOA_02262025.pdf,2026-09-12T20:59:11Z,FLORIDA,Gadsden County Sheriff's Office,GadsdenCoSheriffsOfficeFL_TFM_MOA_02262025.pdf,MOA; new url in sheet a405c40debaf; deduplicated 2026-09-14; identical bytes retained at agreements/agreements_20260607_025243/FLORIDA/Gadsden_County_Sheriff's_Office/GadsdenCoSheriffsOfficeFL_TFM_MOA_02262025.pdf,"""a6653f38411d7c7ec30a767350fd11a0:1750854968.527426""","Wed, 25 Jun 2025 12:36:08 GMT",
agreements/agreements_20260912_135704/FLORIDA/Boynton_Beach_Police_Department/MOA_BoyntonBeachPoliceDeptFL_TFM_MOA_05082025.pdf,ae125e08d16fb59f1a84c3143c5c346c0d15c7a30916e78e232e8494be13aa02,https://www.ice.gov/doclib/287gMOA/BoyntonBeachPoliceDeptFL_TFM_MOA_05082025.pdf,2026-09-12T20:59:12Z,FLORIDA,Boynton Beach Police Department,BoyntonBeachPoliceDeptFL_TFM_MOA_05082025.pdf,MOA; new url in sheet a405c40debaf; deduplicated 2026-09-14; identical bytes retained at agreements/agreements_20260607_025243/FLORIDA/Boynton_Beach_Police_Department/BoyntonBeachPoliceDeptFL_TFM_MOA_05082025.pdf,"""0d2a8cd824b564118d5475769934c8d0:1750854536.248021""","Wed, 25 Jun 2025 12:28:56 GMT",
agreements/agreements_20260912_135704/FLORIDA/Franklin_County_Sheriff's_Office/MOA_FranklinCoSheriffsOfficeFL_TFM_MOA_02262025.pdf,1291f3aad2de140a0e31afb9f663abe14fcf324ed5de129c6fd60cf28a6c72df,https://www.ice.gov/doclib/287gMOA/FranklinCoSheriffsOfficeFL_TFM_MOA_02262025.pdf,2026-09-12T20:59:12Z,FLORIDA,Franklin County Sheriff's Office,FranklinCoSheriffsOfficeFL_TFM_MOA_02262025.pdf,MOA; new url in sheet a405c40debaf; deduplicated 2026-09-14; identical bytes retained at agreements/agreements_20260607_025243/FLORIDA/Franklin_County_Sheriff's_Office/FranklinCoSheriffsOfficeFL_TFM_MOA_02262025.pdf,"""ef129b4dd5f7cb7f6b2bb6407398fa30:1750854967.076799""","Wed, 25 Jun 2025 12:36:07 GMT",
agreements/agreements_20260912_135704/FLORIDA/Dixie_County_Sheriff's_Office/MOA_DixieCoSheriffsOfficeFL_TFM_MOA_02262025.pdf,8dcf432b3e6b13bd1456dbdc833d01ce58d0e9a0d43a05b2a91b7fc4bd42acd8,https://www.ice.gov/doclib/287gMOA/DixieCoSheriffsOfficeFL_TFM_MOA_02262025.pdf,2026-09-12T20:59:12Z,FLORIDA,Dixie County Sheriff's Office,DixieCoSheriffsOfficeFL_TFM_MOA_02262025.pdf,MOA; new url in sheet a405c40debaf; deduplicated 2026-09-14; identical bytes retained at agreements/agreements_20260607_025243/FLORIDA/Dixie_County_Sheriff's_Office/DixieCoSheriffsOfficeFL_TFM_MOA_02262025.pdf,"""6250af1219a5beb93dfa3b1145220ff8:1750854095.667222""","Wed, 25 Jun 2025 12:21:35 GMT",
agreements/agreements_20260912_135704/FLORIDA/Bradford_County_Sheriff's_Office/MOA_BradfordCoSheriffsOfficeFL_TFM_MOA_02262025.pdf,0a90eded48a78001d2dda05a796b7aa551e8c418988d1288fa6905f1bc73a3e9,https://www.ice.gov/doclib/287gMOA/BradfordCoSheriffsOfficeFL_TFM_MOA_02262025.pdf,2026-09-12T20:59:13Z,FLORIDA,Bradford County Sheriff's Office,BradfordCoSheriffsOfficeFL_TFM_MOA_02262025.pdf,MOA; new url in sheet a405c40debaf; deduplicated 2026-09-14; identical bytes retained at agreements/agreements_20260607_025243/FLORIDA/Bradford_County_Sheriff's_Office/BradfordCoSheriffsOfficeFL_TFM_MOA_02262025.pdf,"""b1cd9fe3bbd04838ffbb5ec961b23d21:1750854520.535842""","Wed, 25 Jun 2025 12:28:40 GMT",
agreements/agreements_20260912_135704/FLORIDA/Broward_County_Sheriff's_Office/MOA_BrowardCoSheriffsOfficeFL_TFM_MOA_02262025.pdf,b234a8c224baeef194357f94d1826fa5a9e9502aaef8e75fcc88259736ef0e0b,https://www.ice.gov/doclib/287gMOA/BrowardCoSheriffsOfficeFL_TFM_MOA_02262025.pdf,2026-09-12T20:59:13Z,FLORIDA,Broward County Sheriff's Office,BrowardCoSheriffsOfficeFL_TFM_MOA_02262025.pdf,MOA; new url in sheet a405c40debaf; deduplicated 2026-09-14; identical bytes retained at agreements/agreements_20260607_025243/FLORIDA/Broward_County_Sheriff's_Office/BrowardCoSheriffsOfficeFL_TFM_MOA_02262025.pdf,"""da5957c6218f4ebc4aed70f858f1f76a:1750854538.086617""","Wed, 25 Jun 2025 12:28:58 GMT",
agreements/agreements_20260912_135704/FLORIDA/Gilchrist_County_Sheriff's_Office/MOA_GilchristCoSheriffsOfficeFL_TFM_MOA_02262025.pdf,642312d8b43cfda5b0cd6e4a84e6aac39b8c5dbb284b9cbfe1eb9b029c488006,https://www.ice.gov/doclib/287gMOA/GilchristCoSheriffsOfficeFL_TFM_MOA_02262025.pdf,2026-09-12T20:59:13Z,FLORIDA,Gilchrist County Sheriff's Office,GilchristCoSheriffsOfficeFL_TFM_MOA_02262025.pdf,MOA; new url in sheet a405c40debaf; deduplicated 2026-09-14; identical bytes retained at agreements/agreements_20260607_025243/FLORIDA/Gilchrist_County_Sheriff's_Office/GilchristCoSheriffsOfficeFL_TFM_MOA_02262025.pdf,"""f617e460d11c00fb169bbece40688798:1750854980.248306""","Wed, 25 Jun 2025 12:36:20 GMT",
agreements/agreements_20260912_135704/FLORIDA/Calhoun_County_Sheriff's_Office/MOA_CalhounCoSheriffsOfficeFL_TFM_MOA_02262025.pdf,a65d786fddd16c1578c2d844d8ca89db34c892c433a4d11724d1c919f5de41e3,https://www.ice.gov/doclib/287gMOA/CalhounCoSheriffsOfficeFL_TFM_MOA_02262025.pdf,2026-09-12T20:59:14Z,FLORIDA,Calhoun County Sheriff's Office,CalhounCoSheriffsOfficeFL_TFM_MOA_02262025.pdf,MOA; new url in sheet a405c40debaf; deduplicated 2026-09-14; identical bytes retained at agreements/agreements_20260607_025243/FLORIDA/Calhoun_County_Sheriff's_Office/CalhounCoSheriffsOfficeFL_TFM_MOA_02262025.pdf,"""a9cb292d07678f8ba1679c48c7d13ae2:1750854539.753742""","Wed, 25 Jun 2025 12:28:59 GMT",
agreements/agreements_20260912_135704/FLORIDA/Davenport_Police_Department/MOA_DavenportPoliceDeptFL_TFM_MOA_04282025.pdf,12caf0b8b92b1acc1a22f35cec64507f1cb745603b506986634864028c2c15e5,https://www.ice.gov/doclib/287gMOA/DavenportPoliceDeptFL_TFM_MOA_04282025.pdf,2026-09-12T20:59:14Z,FLORIDA,Davenport Police Department,DavenportPoliceDeptFL_TFM_MOA_04282025.pdf,MOA; new url in sheet a405c40debaf; deduplicated 2026-09-14; identical bytes retained at agreements/agreements_20260607_025243/FLORIDA/Davenport_Police_Department/DavenportPoliceDeptFL_TFM_MOA_04282025.pdf,"""48f7d507932b7707dbc0f9fcd544d7a5:1750854097.626809""","Wed, 25 Jun 2025 12:21:37 GMT",
agreements/agreements_20260912_135704/FLORIDA/Florida_Division_of_Alcoholic_Beverages_and_Tobacco/MOA_FloridaDBPR_ABT_ABLE_TFM_MOA_04242025.pdf,84095ef5a896947ed83229fbaf092e312e57775af9debf9d28d24f329b943a84,https://www.ice.gov/doclib/287gMOA/FloridaDBPR_ABT_ABLE_TFM_MOA_04242025.pdf,2026-09-12T20:59:14Z,FLORIDA,Florida Division of Alcoholic Beverages and Tobacco,FloridaDBPR_ABT_ABLE_TFM_MOA_04242025.pdf,MOA; new url in sheet a405c40debaf; deduplicated 2026-09-14; identical bytes retained at agreements/agreements_20260607_025243/FLORIDA/Florida_Division_of_Alcoholic_Beverages_and_Tobacco/FloridaDBPR_ABT_ABLE_TFM_MOA_04242025.pdf,"""a76221150a7d9493943296f98d6eeb57:1750854969.810271""","Wed, 25 Jun 2025 12:36:09 GMT",
"agreements/agreements_20260912_135704/FLORIDA/Florida_Department_of_Environmental_Protection,_Division_of_Law_Enforcement/MOA_FloridaDeptEnvironProtectDivLawEnf_TFM_MOA_04252025.pdf",12c8d9d2e24ba3ed44245b05fd5ea7f8731b8e95ae991ea78b37e1df3a05847e,https://www.ice.gov/doclib/287gMOA/FloridaDeptEnvironProtectDivLawEnf_TFM_MOA_04252025.pdf,2026-09-12T20:59:15Z,FLORIDA,"Florida Department of Environmental Protection, Division of Law Enforcement",FloridaDeptEnvironProtectDivLawEnf_TFM_MOA_04252025.pdf,"MOA; new url in sheet a405c40debaf; deduplicated 2026-09-14; identical bytes retained at agreements/agreements_20260607_025243/FLORIDA/Florida_Department_of_Environmental_Protection,_Division_of_Law_Enforcement_/FloridaDeptEnvironProtectDivLawEnf_TFM_MOA_04252025.pdf","""e7fd4bab83b1cc701f236db454cdcaf0:1750854980.356475""","Wed, 25 Jun 2025 12:36:20 GMT",
agreements/agreements_20260912_135704/FLORIDA/Glades_County_Sheriff's_Office/MOA_GladesCoSheriffsOfficeFL_TFM_MOA_02262025.pdf,a0ae6f447fabaf46b056d12ac69731599d18987022cdf182d8a5403a2ebd7ded,https://www.ice.gov/doclib/287gMOA/GladesCoSheriffsOfficeFL_TFM_MOA_02262025.pdf,2026-09-12T20:59:15Z,FLORIDA,Glades County Sheriff's Office,GladesCoSheriffsOfficeFL_TFM_MOA_02262025.pdf,MOA; new url in sheet a405c40debaf; deduplicated 2026-09-14; identical bytes retained at agreements/agreements_20260607_025243/FLORIDA/Glades_County_Sheriff's_Office/GladesCoSheriffsOfficeFL_TFM_MOA_02262025.pdf,"""f4c1a73e060448a8d2fa46d7223da391:1750855312.765239""","Wed, 25 Jun 2025 12:41:52 GMT",
agreements/agreements_20260912_135704/FLORIDA/Gulf_Breeze_Police_Department/MOA_GulfBreezePoliceDeptFL_TFM_MOA_04242025.pdf,44412cf7e7fdae3c9d31678dd9771ee77c0b71cd091e81f9857df44d0d78f7c0,https://www.ice.gov/doclib/287gMOA/GulfBreezePoliceDeptFL_TFM_MOA_04242025.pdf,2026-09-12T20:59:15Z,FLORIDA,Gulf Breeze Police Department,GulfBreezePoliceDeptFL_TFM_MOA_04242025.pdf,MOA; new url in sheet a405c40debaf; deduplicated 2026-09-14; identical bytes retained at agreements/agreements_20260607_025243/FLORIDA/Gulf_Breeze_Police_Department/GulfBreezePoliceDeptFL_TFM_MOA_04242025.pdf,"""ebe9883caf76481805d6efdb985341d9:1750855317.085188""","Wed, 25 Jun 2025 12:41:57 GMT",
agreements/agreements_20260912_135704/FLORIDA/Windermere_Police_Department/MOA_WindermerePoliceDeptFL_TFM_MOA_06052025.pdf,ff1435a857b7534a5b6369c85acc7b86e53832ce77b124f5231e43a93f9056c1,https://www.ice.gov/doclib/287gMOA/WindermerePoliceDeptFL_TFM_MOA_06052025.pdf,2026-09-12T20:59:16Z,FLORIDA,Windermere Police Department,WindermerePoliceDeptFL_TFM_MOA_06052025.pdf,MOA; new url in sheet a405c40debaf; deduplicated 2026-09-14; identical bytes retained at agreements/agreements_20260607_025243/FLORIDA/Windermere_Police_Department/WindermerePoliceDeptFL_TFM_MOA_06052025.pdf,"""634b2cb7b7857aa0d4153daa26696850:1750940050.005398""","Thu, 26 Jun 2025 12:14:10 GMT",
agreements/agreements_20260912_135704/OHIO/Lake_County_Sheriff's_Office/MOA_LakeCoSheriffsOfficeOH_TFM_MOA_05282025.pdf,bf43c78bf3e366126a15882e87962b52eccf96fe2b5e7bfa75950be34167b497,https://www.ice.gov/doclib/287gMOA/LakeCoSheriffsOfficeOH_TFM_MOA_05282025.pdf,2026-09-12T20:59:16Z,OHIO,Lake County Sheriff's Office,LakeCoSheriffsOfficeOH_TFM_MOA_05282025.pdf,MOA; new url in sheet a405c40debaf; deduplicated 2026-09-14; identical bytes retained at agreements/agreements_20260607_025243/OHIO/Lake_County_Sheriff's_Office/LakeCoSheriffsOfficeOH_TFM_MOA_05282025.pdf,"""ab587f46558fd72bb7677066d1bd1b58:1750940045.078943""","Thu, 26 Jun 2025 12:14:05 GMT",
agreements/agreements_20260912_135704/FLORIDA/Hamilton_County_Sheriff's_Office/MOA_HamiltonCoSheriffsOfficeFL_TFM_MOA_02262025.pdf,d8eb5de82f953b18d52f4efe4544d4b550509afa309d270658d48b3bcbd6acb8,https://www.ice.gov/doclib/287gMOA/HamiltonCoSheriffsOfficeFL_TFM_MOA_02262025.pdf,2026-09-12T20:59:16Z,FLORIDA,Hamilton County Sheriff's Office,HamiltonCoSheriffsOfficeFL_TFM_MOA_02262025.pdf,MOA; new url in sheet a405c40debaf; deduplicated 2026-09-14; identical bytes retained at agreements/agreements_20260607_025243/FLORIDA/Hamilton_County_Sheriff's_Office/HamiltonCoSheriffsOfficeFL_TFM_MOA_02262025.pdf,"""63d41143009460fa415eceda70405cf0:1750855323.257456""","Wed, 25 Jun 2025 12:42:03 GMT",
agreements/agreements_20260912_135704/FLORIDA/Hendry_County_Sheriff's_Office/MOA_HendryCoSheriffsOfficeFL_TFM_MOA_02262025.pdf,cf24aca875fa35aa2f80d1c34148d5afce1306cc71565ff1639951ce4d41196a,https://www.ice.gov/doclib/287gMOA/HendryCoSheriffsOfficeFL_TFM_MOA_02262025.pdf,2026-09-12T20:59:17Z,FLORIDA,Hendry County Sheriff's Office,HendryCoSheriffsOfficeFL_TFM_MOA_02262025.pdf,MOA; new url in sheet a405c40debaf; deduplicated 2026-09-14; identical bytes retained at agreements/agreements_20260607_025243/FLORIDA/Hendry_County_Sheriff's_Office/HendryCoSheriffsOfficeFL_TFM_MOA_02262025.pdf,"""af31a6aba1caee4a77ee898717b982b3:1750855319.947131""","Wed, 25 Jun 2025 12:41:59 GMT",
agreements/agreements_20260912_135704/FLORIDA/Highlands_County_Sheriff's_Office/MOA_HighlandsCoSheriffsOfficeFL_TFM_MOA_02262025.pdf,815037d6eafa0a353cb006f2d6d7a04e05f371ed64adb74efa7cf6e6e237d0a6,https://www.ice.gov/doclib/287gMOA/HighlandsCoSheriffsOfficeFL_TFM_MOA_02262025.pdf,2026-09-12T20:59:17Z,FLORIDA,Highlands County Sheriff's Office,HighlandsCoSheriffsOfficeFL_TFM_MOA_02262025.pdf,MOA; new url in sheet a405c40debaf; deduplicated 2026-09-14; identical bytes retained at agreements/agreements_20260607_025243/FLORIDA/Highlands_County_Sheriff's_Office/HighlandsCoSheriffsOfficeFL_TFM_MOA_02262025.pdf,"""2aa821ccd4a7a7d9256a37fa8a1f955f:1750855315.605931""","Wed, 25 Jun 2025 12:41:55 GMT",
agreements/agreements_20260912_135704/FLORIDA/North_Port_Police_Department/MOA_NorthPortCityPoliceDeptFL_TFM_MOA_04082025.pdf,c89e6e5027b08578d9a3dd0f2365dbb26f17367bd65b0fd7ec99233f96346543,https://www.ice.gov/doclib/287gMOA/NorthPortCityPoliceDeptFL_TFM_MOA_04082025.pdf,2026-09-12T20:59:18Z,FLORIDA,North Port Police Department,NorthPortCityPoliceDeptFL_TFM_MOA_04082025.pdf,MOA; new url in sheet a405c40debaf; deduplicated 2026-09-14; identical bytes retained at agreements/agreements_20260607_025243/FLORIDA/North_Port_Police_Department/NorthPortCityPoliceDeptFL_TFM_MOA_04082025.pdf,"""71eb92c25f5b0a15ec6c25bf30c89e59:1750946245.092875""","Thu, 26 Jun 2025 13:57:25 GMT",
agreements/agreements_20260912_135704/FLORIDA/Holly_Hill_Police_Department/MOA_HollyHillPoliceDeptFL_TFM_MOA_05082025.pdf,7b9cf7686e7c02e2c8951e23921c8d4571bb4c45186d509ce23c10a67cb5867b,https://www.ice.gov/doclib/287gMOA/HollyHillPoliceDeptFL_TFM_MOA_05082025.pdf,2026-09-12T20:59:18Z,FLORIDA,Holly Hill Police Department,HollyHillPoliceDeptFL_TFM_MOA_05082025.pdf,MOA; new url in sheet a405c40debaf; deduplicated 2026-09-14; identical bytes retained at agreements/agreements_20260607_025243/FLORIDA/Holly_Hill_Police_Department/HollyHillPoliceDeptFL_TFM_MOA_05082025.pdf,"""69f5857ec69f3c4ded72491e555be396:1750855323.913365""","Wed, 25 Jun 2025 12:42:03 GMT",
agreements/agreements_20260912_135704/FLORIDA/Holmes_Beach_Police_Department/MOA_HolmesBeachPoliceDeptFL_TFM_MOA_04102025.pdf,61978f1aead761af347df3ad2c09ded1d1a89f602e1e906d98c75d7111e9c3ae,https://www.ice.gov/doclib/287gMOA/HolmesBeachPoliceDeptFL_TFM_MOA_04102025.pdf,2026-09-12T20:59:19Z,FLORIDA,Holmes Beach Police Department,HolmesBeachPoliceDeptFL_TFM_MOA_04102025.pdf,MOA; new url in sheet a405c40debaf; deduplicated 2026-09-14; identical bytes retained at agreements/agreements_20260607_025243/FLORIDA/Holmes_Beach_Police_Department/HolmesBeachPoliceDeptFL_TFM_MOA_04102025.pdf,"""8a9d3299b8df77a31e5a12b7980a4da2:1750855315.136038""","Wed, 25 Jun 2025 12:41:55 GMT",
agreements/agreements_20260912_135704/FLORIDA/Ocala_Police_Department/MOA_OcalaCityPoliceDeptFL_TFM_MOA_04242025.pdf,fb40685473b4ee321b2bac20908c4036b493682e9a6ae59715e122b7cec66d01,https://www.ice.gov/doclib/287gMOA/OcalaCityPoliceDeptFL_TFM_MOA_04242025.pdf,2026-09-12T20:59:19Z,FLORIDA,Ocala Police Department,OcalaCityPoliceDeptFL_TFM_MOA_04242025.pdf,MOA; new url in sheet a405c40debaf; deduplicated 2026-09-14; identical bytes retained at agreements/agreements_20260607_025243/FLORIDA/Ocala_Police_Department/OcalaCityPoliceDeptFL_TFM_MOA_04242025.pdf,"""35c356acee154a443a29dc757689c239:1750943769.004521""","Thu, 26 Jun 2025 13:16:09 GMT",
agreements/agreements_20260912_135704/FLORIDA/Holmes_County_Sheriff's_Office/MOA_HolmesCoSheriffsOfficeFL_TFM_MOA_02262025.pdf,a27c12ccc3dc9988f74ed094d19db8f49f8e31a39b4784eb447782598455b84f,https://www.ice.gov/doclib/287gMOA/HolmesCoSheriffsOfficeFL_TFM_MOA_02262025.pdf,2026-09-12T20:59:20Z,FLORIDA,Holmes County Sheriff's Office,HolmesCoSheriffsOfficeFL_TFM_MOA_02262025.pdf,MOA; new url in sheet a405c40debaf; deduplicated 2026-09-14; identical bytes retained at agreements/agreements_20260607_025243/FLORIDA/Holmes_County_Sheriff's_Office/HolmesCoSheriffsOfficeFL_TFM_MOA_02262025.pdf,"""4f88903388705e0dd1d8b4c835803003:1750946240.744564""","Thu, 26 Jun 2025 13:57:20 GMT",
agreements/agreements_20260912_135704/FLORIDA/Kissimmee_Police_Department/MOA_KissimmeePoliceDeptFL_TFM_MOA_04242025.pdf,5584f0d3d59c082db1b38e9c6e8e797ab59b8cffbfa9842eb24ff87e3bdf9b23,https://www.ice.gov/doclib/287gMOA/KissimmeePoliceDeptFL_TFM_MOA_04242025.pdf,2026-09-12T20:59:20Z,FLORIDA,Kissimmee Police Department,KissimmeePoliceDeptFL_TFM_MOA_04242025.pdf,MOA; new url in sheet a405c40debaf; deduplicated 2026-09-14; identical bytes retained at agreements/agreements_20260607_025243/FLORIDA/Kissimmee_Police_Department/KissimmeePoliceDeptFL_TFM_MOA_04242025.pdf,"""f3084a1566597678dcf1c294bc3d9634:1750855323.804535""","Wed, 25 Jun 2025 12:42:03 GMT",
agreements/agreements_20260912_135704/FLORIDA/Lakeland_Police_Department/MOA_LakelandPoliceDeptFL_TFM_MOA_04242025.pdf,91d79642bfb69fbfd34b626922b807570252c5b1f2c55e3642688ddda3f5372e,https://www.ice.gov/doclib/287gMOA/LakelandPoliceDeptFL_TFM_MOA_04242025.pdf,2026-09-12T20:59:20Z,FLORIDA,Lakeland Police Department,LakelandPoliceDeptFL_TFM_MOA_04242025.pdf,MOA; new url in sheet a405c40debaf; deduplicated 2026-09-14; identical bytes retained at agreements/agreements_20260607_025243/FLORIDA/Lakeland_Police_Department/LakelandPoliceDeptFL_TFM_MOA_04242025.pdf,"""d67d335393b9c3810d2887feccafbf11:1750855326.072568""","Wed, 25 Jun 2025 12:42:06 GMT",
agreements/agreements_20260912_135704/FLORIDA/Okaloosa_County_Sheriff's_Office/MOA_OkaloosaCoSheriffsOfficeFL_TFM_MOA_02262025.pdf,c939891e7e782e82b770b8f4d2a9a20cf3316a50b953951da0ab4a625d84b010,https://www.ice.gov/doclib/287gMOA/OkaloosaCoSheriffsOfficeFL_TFM_MOA_02262025.pdf,2026-09-12T20:59:21Z,FLORIDA,Okaloosa County Sheriff's Office,OkaloosaCoSheriffsOfficeFL_TFM_MOA_02262025.pdf,MOA; new url in sheet a405c40debaf; deduplicated 2026-09-14; identical bytes retained at agreements/agreements_20260607_025243/FLORIDA/Okaloosa_County_Sheriff's_Office/OkaloosaCoSheriffsOfficeFL_TFM_MOA_02262025.pdf,"""fe922c15849630f9432bfb1c51b253b6:1750943752.354051""","Thu, 26 Jun 2025 13:15:52 GMT",
agreements/agreements_20260912_135704/FLORIDA/Okeechobee_County_Sheriff's_Office/MOA_OkeechobeeCoSheriffsOfficeFL_TFM_MOA_02262025.pdf,6b1dd0ec8f69b0828b6b530d4db4efaedbd3f3e9edc26dc3c5a45dc83753c03d,https://www.ice.gov/doclib/287gMOA/OkeechobeeCoSheriffsOfficeFL_TFM_MOA_02262025.pdf,2026-09-12T20:59:21Z,FLORIDA,Okeechobee County Sheriff's Office,OkeechobeeCoSheriffsOfficeFL_TFM_MOA_02262025.pdf,MOA; new url in sheet a405c40debaf; deduplicated 2026-09-14; identical bytes retained at agreements/agreements_20260607_025243/FLORIDA/Okeechobee_County_Sheriff's_Office/OkeechobeeCoSheriffsOfficeFL_TFM_MOA_02262025.pdf,"""91ead5025b71d2abfe441c2546b9d1d0:1750943758.644704""","Thu, 26 Jun 2025 13:15:58 GMT",
agreements/agreements_20260912_135704/FLORIDA/Palm_Beach_County_Sheriff's_Office/MOA_PalmBeachCoSheriffsOfficeFL_TFM_MOA_02262025.pdf,d3953e10fe6e63947d606b9790f460329262f0740741ad8969b8d9acb79e0bb6,https://www.ice.gov/doclib/287gMOA/PalmBeachCoSheriffsOfficeFL_TFM_MOA_02262025.pdf,2026-09-12T20:59:21Z,FLORIDA,Palm Beach County Sheriff's Office,PalmBeachCoSheriffsOfficeFL_TFM_MOA_02262025.pdf,MOA; new url in sheet a405c40debaf; deduplicated 2026-09-14; identical bytes retained at agreements/agreements_20260607_025243/FLORIDA/Palm_Beach_County_Sheriff's_Office/PalmBeachCoSheriffsOfficeFL_TFM_MOA_02262025.pdf,"""9309c4e9c5616e10a7a1dde27e33ac3b:1750943748.86047""","Thu, 26 Jun 2025 13:15:48 GMT",
agreements/agreements_20260912_135704/FLORIDA/Palm_Springs_Police_Department/MOA_PalmSpringsPoliceDeptFL_TFM_MOA_06052025.pdf,349d8cdfb4421641f1e8813272e65ea7826ab9a3482c29838ae9454edc0e8664,https://www.ice.gov/doclib/287gMOA/PalmSpringsPoliceDeptFL_TFM_MOA_06052025.pdf,2026-09-12T20:59:22Z,FLORIDA,Palm Springs Police Department,PalmSpringsPoliceDeptFL_TFM_MOA_06052025.pdf,MOA; new url in sheet a405c40debaf; deduplicated 2026-09-14; identical bytes retained at agreements/agreements_20260607_025243/FLORIDA/Palm_Springs_Police_Department/PalmSpringsPoliceDeptFL_TFM_MOA_06052025.pdf,"""274e89e144feda377bd710da586edf00:1750943756.265625""","Thu, 26 Jun 2025 13:15:56 GMT",
agreements/agreements_20260912_135704/FLORIDA/Pembroke_Park_Police_Department/MOA_PenbrokeParkPoliceDeptFL_TFM_MOA_04142025.pdf,d8b31fad19ea4315cd27fd407b97c5f79ebd6fe69b19fafda38e4debc2d41e04,https://www.ice.gov/doclib/287gMOA/PenbrokeParkPoliceDeptFL_TFM_MOA_04142025.pdf,2026-09-12T20:59:22Z,FLORIDA,Pembroke Park Police Department,PenbrokeParkPoliceDeptFL_TFM_MOA_04142025.pdf,MOA; new url in sheet a405c40debaf; deduplicated 2026-09-14; identical bytes retained at agreements/agreements_20260607_025243/FLORIDA/Pembroke_Park_Police_Department/PenbrokeParkPoliceDeptFL_TFM_MOA_04142025.pdf,"""95189714f545e59d6a0fb3625f6e617b:1750943751.874139""","Thu, 26 Jun 2025 13:15:51 GMT",
agreements/agreements_20260607_025243/ALABAMA/Limestone_County_Sheriff's_Office/LimestoneCoSheriffsOfficeAL_TFM_MOA_06112025.pdf,ef55ea84417c554b17b08c52a149baebb15dbcbdb99bac5722077dff1aac1662,https://www.ice.gov/doclib/287gMOA/LimestoneCoSheriffsOfficeAL_TFM_MOA_06112025.pdf,2026-09-12T20:59:22Z,ALABAMA,Limestone County Sheriff's Office,LimestoneCoSheriffsOfficeAL_TFM_MOA_06112025.pdf,MOA; revalidated; bytes identical,"""b2132357bc99d314791c6c34b9e9befc:1750939407.79476""","Thu, 26 Jun 2025 12:03:27 GMT",
agreements/agreements_20260607_025243/FLORIDA/Live_Oak_Police_Department/LiveOakPoliceDeptFL_TFM_MOA_04142025.pdf,ce4a55306b01a9fad2e925417852d4ed5f772476e6ca23a521cbdce4d26690e5,https://www.ice.gov/doclib/287gMOA/LiveOakPoliceDeptFL_TFM_MOA_04142025.pdf,2026-09-12T20:59:23Z,FLORIDA,Live Oak Police Department,LiveOakPoliceDeptFL_TFM_MOA_04142025.pdf,MOA; revalidated; bytes identical,"""1429114bd7432cf28f48743608621353:1750939407.04212""","Thu, 26 Jun 2025 12:03:27 GMT",
agreements/agreements_20260607_025243/FLORIDA/Longboat_Key_Police_Department/LongboatKeyPoliceDeptFL_TFM_MOA_04232025.pdf,be857ee7f4bd754b90f2ed36dafa279efb1729750bf500f231ec3d0e1fd31e6d,https://www.ice.gov/doclib/287gMOA/LongboatKeyPoliceDeptFL_TFM_MOA_04232025.pdf,2026-09-12T20:59:23Z,FLORIDA,Longboat Key Police Department,LongboatKeyPoliceDeptFL_TFM_MOA_04232025.pdf,MOA; revalidated; bytes identical,"""44e62e12b56a6a1d442f74edfc47d9e3:1750939407.722243""","Thu, 26 Jun 2025 12:03:27 GMT",
agreements/agreements_20260607_025243/FLORIDA/Longwood_Police_Department/LongwoodPoliceDeptFL_TFM_MOA_04142025.pdf,9b18d08cc60eb78150d17bf5b4c99071eda85516aede6f8dec0ee148dbf8da57,https://www.ice.gov/doclib/287gMOA/LongwoodPoliceDeptFL_TFM_MOA_04142025.pdf,2026-09-12T20:59:23Z,FLORIDA,Longwood Police Department,LongwoodPoliceDeptFL_TFM_MOA_04142025.pdf,MOA; revalidated; bytes identical,"""c83d9c9f2f8a6ba634d704f6cd756e64:1750939407.040668""","Thu, 26 Jun 2025 12:03:27 GMT",
agreements/agreements_20260607_025243/FLORIDA/Marco_Island_Police_Department/MarcoIslandPoliceDeptFL_TFM_MOA_04242025.pdf,1678a7d6ed64a8a45026de23437c405c90c4ec38f6547baa44a05a4c0d2149b8,https://www.ice.gov/doclib/287gMOA/MarcoIslandPoliceDeptFL_TFM_MOA_04242025.pdf,2026-09-12T20:59:24Z,FLORIDA,Marco Island Police Department,MarcoIslandPoliceDeptFL_TFM_MOA_04242025.pdf,MOA; revalidated; bytes identical,"""f9e1dc4bb2dcb70ebbbf51a46ee8625a:1750939406.445665""","Thu, 26 Jun 2025 12:03:26 GMT",
agreements/agreements_20260607_025243/TEXAS/Atascosa_County_Sheriff's_Office/AtascosaCoSheriffsOfficeTX_TFM_MOA_05082025.pdf,e1cbbb4eea3e59b9b9b563feb4233180b26ac477cccfa89ed449b7d147f122c8,https://www.ice.gov/doclib/287gMOA/AtascosaCoSheriffsOfficeTX_TFM_MOA_05082025.pdf,2026-09-12T20:59:24Z,TEXAS,Atascosa County Sheriff's Office,AtascosaCoSheriffsOfficeTX_TFM_MOA_05082025.pdf,MOA; revalidated; bytes identical,"""78b25f87c1725937b534825e797e1afd:1751302141.118992""","Mon, 30 Jun 2025 16:49:01 GMT",
agreements/agreements_20260607_025243/TEXAS/Kerr_County_Sheriff's_Office/KerrCoSheriffsOfficeTX_TFM_MOA_05082025.pdf,b8ce45b6ea35b460b4c7d9e279a8d3c7c04a2f4bc87b092df1f82a9d68180ade,https://www.ice.gov/doclib/287gMOA/KerrCoSheriffsOfficeTX_TFM_MOA_05082025.pdf,2026-09-12T20:59:24Z,TEXAS,Kerr County Sheriff's Office,KerrCoSheriffsOfficeTX_TFM_MOA_05082025.pdf,MOA; revalidated; bytes identical,"""b4563d69563308a0785abcae474d2df4:1751302130.066615""","Mon, 30 Jun 2025 16:48:50 GMT",
agreements/agreements_20260607_025243/WYOMING/Laramie_County_Sheriff’s_Office/LaramieCoSheriffsOfficeWY_TFM_MOA_06112025.pdf,a1a3281bb672d092dbd4771d958ebd2225862948614de4cfffd1c1c4e6e02a35,https://www.ice.gov/doclib/287gMOA/LaramieCoSheriffsOfficeWY_TFM_MOA_06112025.pdf,2026-09-12T20:59:25Z,WYOMING,Laramie County Sheriff’s Office,LaramieCoSheriffsOfficeWY_TFM_MOA_06112025.pdf,MOA; revalidated; bytes identical,"""b085c85153702bfeaa892215d6f8dda2:1750939790.196849""","Thu, 26 Jun 2025 12:09:50 GMT",
agreements/agreements_20260607_025243/WYOMING/Sweetwater_County_Sheriff's_Office/SweetwaterCoSheriffsOfficeWY_TFM_MOA_0424025.pdf,56ded1f1ea49dbaa0ceded4397dc4e5611586a3044efddb927ace499a8c177d5,https://www.ice.gov/doclib/287gMOA/SweetwaterCoSheriffsOfficeWY_TFM_MOA_0424025.pdf,2026-09-12T20:59:25Z,WYOMING,Sweetwater County Sheriff's Office,SweetwaterCoSheriffsOfficeWY_TFM_MOA_0424025.pdf,MOA; revalidated; bytes identical,"""1e83d1012755a63678fe905b84c593c7:1750939793.135606""","Thu, 26 Jun 2025 12:09:53 GMT",
agreements/agreements_20260607_025243/WEST_VIRGINIA/West_Virginia_National_Guard/WestVirginiaNatGuard_TFM_MOA_0611025.pdf,c335ba5bbf81e5faa63c4fc1076076861113b9551862a587919fdb480b8e3d8f,https://www.ice.gov/doclib/287gMOA/WestVirginiaNatGuard_TFM_MOA_0611025.pdf,2026-09-12T20:59:25Z,WEST VIRGINIA,West Virginia National Guard,WestVirginiaNatGuard_TFM_MOA_0611025.pdf,MOA; revalidated; bytes identical,"""4def216ac069f383a8ac1d6fefeeb244:1750939788.262811""","Thu, 26 Jun 2025 12:09:48 GMT",
agreements/agreements_20260607_025243/WEST_VIRGINIA/Wood_County_Sheriff's_Office/WoodCoSheriffsOfficeWV_TFM_MOA_0508025.pdf,6c5f7c062674950e0137022312ae4276621172a59edda4b2ddac1d35b53a1979,https://www.ice.gov/doclib/287gMOA/WoodCoSheriffsOfficeWV_TFM_MOA_0508025.pdf,2026-09-12T20:59:26Z,WEST VIRGINIA,Wood County Sheriff's Office,WoodCoSheriffsOfficeWV_TFM_MOA_0508025.pdf,MOA; revalidated; bytes identical,"""66a5a560aaccb2af9cc46b4f56f1e321:1750939795.480003""","Thu, 26 Jun 2025 12:09:55 GMT",
agreements/agreements_20260912_135704/FLORIDA/Pembroke_Pines_Police_Department/MOA_PembrokePinesPoliceDeptFL_TFM_MOA_04142025.pdf,3da0a290b298ee104c870c041ce123cbf97f986da5808875cb96dbe8533a0565,https://www.ice.gov/doclib/287gMOA/PembrokePinesPoliceDeptFL_TFM_MOA_04142025.pdf,2026-09-12T20:59:26Z,FLORIDA,Pembroke Pines Police Department,PembrokePinesPoliceDeptFL_TFM_MOA_04142025.pdf,MOA; new url in sheet a405c40debaf; deduplicated 2026-09-14; identical bytes retained at agreements/agreements_20260607_025243/FLORIDA/Pembroke_Pines_Police_Department/PembrokePinesPoliceDeptFL_TFM_MOA_04142025.pdf,"""a374a0f26f03678be78d50b539c1a364:1751049641.976252""","Fri, 27 Jun 2025 18:40:41 GMT",
agreements/agreements_20260912_135704/FLORIDA/Ponce_Inlet_Police_Department/MOA_PonceInletPoliceDeptFL_TFM_MOA_04152025.pdf,9bed658f53f707a867fdea596ec5b3e85dff775bb7c5c58b1fd7b625b3283c27,https://www.ice.gov/doclib/287gMOA/PonceInletPoliceDeptFL_TFM_MOA_04152025.pdf,2026-09-12T20:59:26Z,FLORIDA,Ponce Inlet Police Department,PonceInletPoliceDeptFL_TFM_MOA_04152025.pdf,MOA; new url in sheet a405c40debaf; deduplicated 2026-09-14; identical bytes retained at agreements/agreements_20260607_025243/FLORIDA/Ponce_Inlet_Police_Department/PonceInletPoliceDeptFL_TFM_MOA_04152025.pdf,"""6ed1da0f595f2463f2a2046d068d2ad3:1751049644.299203""","Fri, 27 Jun 2025 18:40:44 GMT",
agreements/agreements_20260912_135704/FLORIDA/Rockledge_Police_Department/MOA_RockledgePoliceDeptFL_TFM_MOA_06052025.pdf,751c9f75c74a799ff101abfbcc2c54a0e11548160442d1d2cbc0ad1adddd47ad,https://www.ice.gov/doclib/287gMOA/RockledgePoliceDeptFL_TFM_MOA_06052025.pdf,2026-09-12T20:59:27Z,FLORIDA,Rockledge Police Department,RockledgePoliceDeptFL_TFM_MOA_06052025.pdf,MOA; new url in sheet a405c40debaf; deduplicated 2026-09-14; identical bytes retained at agreements/agreements_20260607_025243/FLORIDA/Rockledge_Police_Department/RockledgePoliceDeptFL_TFM_MOA_06052025.pdf,"""4107d37650b85d5de9836ec66a8d337d:1751049650.279531""","Fri, 27 Jun 2025 18:40:50 GMT",
agreements/agreements_20260912_135704/FLORIDA/Sanford_Police_Department/MOA_SanfordPoliceDeptFL_TFM_MOA_06052025.pdf,1c9b1136227133f857fe13c5a827639da80eb0f006a2f382ae3f97de2b9491b3,https://www.ice.gov/doclib/287gMOA/SanfordPoliceDeptFL_TFM_MOA_06052025.pdf,2026-09-12T20:59:27Z,FLORIDA,Sanford Police Department,SanfordPoliceDeptFL_TFM_MOA_06052025.pdf,MOA; new url in sheet a405c40debaf; deduplicated 2026-09-14; identical bytes retained at agreements/agreements_20260607_025243/FLORIDA/Sanford_Police_Department/SanfordPoliceDeptFL_TFM_MOA_06052025.pdf,"""ffe3189bcbbe1cf7a424089cc84c7254:1751049649.408228""","Fri, 27 Jun 2025 18:40:49 GMT",
agreements/agreements_20260912_135704/FLORIDA/Sarasota_County_Sheriff's_Office/MOA_SarasotaSheriffsOfficeFL_TFM_MOA_02262025.pdf,2e5b8319eab28cdd42c6b5bc319852e007d8583615e5b9af20d7065ddf799b33,https://www.ice.gov/doclib/287gMOA/SarasotaSheriffsOfficeFL_TFM_MOA_02262025.pdf,2026-09-12T20:59:28Z,FLORIDA,Sarasota County Sheriff's Office,SarasotaSheriffsOfficeFL_TFM_MOA_02262025.pdf,MOA; new url in sheet a405c40debaf; deduplicated 2026-09-14; identical bytes retained at agreements/agreements_20260607_025243/FLORIDA/Sarasota_County_Sheriff's_Office/SarasotaSheriffsOfficeFL_TFM_MOA_02262025.pdf,"""014a9dcf7340d92a946db92b6b7514f8:1751049649.41162""","Fri, 27 Jun 2025 18:40:49 GMT",
agreements/agreements_20260912_135704/FLORIDA/Satellite_Beach_Police_Department/MOA_SatelliteBeachPoliceDeptFL_TFM_MOA_06052025.pdf,28b2de93b29875fdb161cc962c6300a608fe3cf9374adfa6f19b185819c3d908,https://www.ice.gov/doclib/287gMOA/SatelliteBeachPoliceDeptFL_TFM_MOA_06052025.pdf,2026-09-12T20:59:28Z,FLORIDA,Satellite Beach Police Department,SatelliteBeachPoliceDeptFL_TFM_MOA_06052025.pdf,MOA; new url in sheet a405c40debaf; deduplicated 2026-09-14; identical bytes retained at agreements/agreements_20260607_025243/FLORIDA/Satellite_Beach_Police_Department/SatelliteBeachPoliceDeptFL_TFM_MOA_06052025.pdf,"""b08ef36b20b97a7b6fa387e502fce84b:1751049644.851477""","Fri, 27 Jun 2025 18:40:44 GMT",
agreements/agreements_20260607_025243/FLORIDA/Sebastian_Police_Department/SebastianPoliceDeptFL_TFM_MOA_04152025.pdf,f109ede6915ea31ab43c9af16a7391a8bd53a95f01bf41baabf9551459c56bec,https://www.ice.gov/doclib/287gMOA/SebastianPoliceDeptFL_TFM_MOA_04152025.pdf,2026-09-12T20:59:28Z,FLORIDA,Sebastian Police Department,SebastianPoliceDeptFL_TFM_MOA_04152025.pdf,MOA; revalidated; bytes identical,"""ce83933749f416ecea48114fed905871:1751049649.87075""","Fri, 27 Jun 2025 18:40:49 GMT",
agreements/agreements_20260912_135704/FLORIDA/Sewall's_Point_Police_Department/MOA_SewallsPointPoliceDeptFL_TFM_MOA_04152025.pdf,93dcf26adb8e8dc0db7a92dc6beeb66fac7f62ebeee656c118a6a4b704045238,https://www.ice.gov/doclib/287gMOA/SewallsPointPoliceDeptFL_TFM_MOA_04152025.pdf,2026-09-12T20:59:29Z,FLORIDA,Sewall's Point Police Department,SewallsPointPoliceDeptFL_TFM_MOA_04152025.pdf,MOA; new url in sheet a405c40debaf; deduplicated 2026-09-14; identical bytes retained at agreements/agreements_20260607_025243/FLORIDA/Sewall's_Point_Police_Department/SewallsPointPoliceDeptFL_TFM_MOA_04152025.pdf,"""d831354f64d77b6f2ad15b742f78ac7f:1751049658.181183""","Fri, 27 Jun 2025 18:40:58 GMT",
agreements/agreements_20260912_135704/FLORIDA/West_Melbourne_Police_Department/MOA_WestMelbournePoliceDeptFL_TFM_MOA_04242025.pdf,ca7d1dfd34b1697f45e80d36c8a486e82248047be714ca97564f471bb33cc82c,https://www.ice.gov/doclib/287gMOA/WestMelbournePoliceDeptFL_TFM_MOA_04242025.pdf,2026-09-12T20:59:29Z,FLORIDA,West Melbourne Police Department,WestMelbournePoliceDeptFL_TFM_MOA_04242025.pdf,MOA; new url in sheet a405c40debaf; deduplicated 2026-09-14; identical bytes retained at agreements/agreements_20260607_025243/FLORIDA/West_Melbourne_Police_Department/WestMelbournePoliceDeptFL_TFM_MOA_04242025.pdf,"""66c7dd944fbbcc0799ba2ff6157f3194:1751048989.23196""","Fri, 27 Jun 2025 18:29:49 GMT",
agreements/agreements_20260912_135704/FLORIDA/Winter_Springs_Police_Department/MOA_WinterSpringPoliceDeptFL_TFM_MOA_06052025.pdf,a95806fd057ac72fa2437045b1e625ffe25af17ce8978c7260daa3e3aff29a83,https://www.ice.gov/doclib/287gMOA/WinterSpringPoliceDeptFL_TFM_MOA_06052025.pdf,2026-09-12T20:59:30Z,FLORIDA,Winter Springs Police Department,WinterSpringPoliceDeptFL_TFM_MOA_06052025.pdf,MOA; new url in sheet a405c40debaf; deduplicated 2026-09-14; identical bytes retained at agreements/agreements_20260607_025243/FLORIDA/Winter_Springs_Police_Department/WinterSpringPoliceDeptFL_TFM_MOA_06052025.pdf,"""00d5552cac218fb04f8de8cea9171fc0:1751048980.747489""","Fri, 27 Jun 2025 18:29:40 GMT",
agreements/agreements_20260912_135704/FLORIDA/South_Daytona_Police_Department/MOA_SouthDaytonaPoliceDeptFL_TFM_MOA_04242025.pdf,9724b4c2871264f2dd27157574d80dee4924ebe9874f7aa19d5e7ef59d4e1690,https://www.ice.gov/doclib/287gMOA/SouthDaytonaPoliceDeptFL_TFM_MOA_04242025.pdf,2026-09-12T20:59:31Z,FLORIDA,South Daytona Police Department,SouthDaytonaPoliceDeptFL_TFM_MOA_04242025.pdf,MOA; new url in sheet a405c40debaf; deduplicated 2026-09-14; identical bytes retained at agreements/agreements_20260607_025243/FLORIDA/South_Daytona_Police_Department/SouthDaytonaPoliceDeptFL_TFM_MOA_04242025.pdf,"""1e07f9cc0891fe09855b6dbdc9a33b8b:1751048853.196299""","Fri, 27 Jun 2025 18:27:33 GMT",
agreements/agreements_20260912_135704/KENTUCKY/Bracken_County_Sheriff's_Office/MOA_BrackenCoSheriffsOfficeKY_TFM_MOA_05082025.pdf,36064ae382b6c85f7de66cc51b354ad9936490efd67233a43b205f81c010f8c5,https://www.ice.gov/doclib/287gMOA/BrackenCoSheriffsOfficeKY_TFM_MOA_05082025.pdf,2026-09-12T20:59:31Z,KENTUCKY,Bracken County Sheriff's Office,BrackenCoSheriffsOfficeKY_TFM_MOA_05082025.pdf,MOA; new url in sheet a405c40debaf; deduplicated 2026-09-14; identical bytes retained at agreements/agreements_20260607_025243/KENTUCKY/Bracken_County_Sheriff's_Office/BrackenCoSheriffsOfficeKY_TFM_MOA_05082025.pdf,"""8050f09e4770b39e392d745a578ee645:1751044328.553025""","Fri, 27 Jun 2025 17:12:08 GMT",
agreements/agreements_20260912_135704/IDAHO/Idaho_State_Police_Department/MOA_IdahoStatePolice_TFM_MOA_06052025.pdf,260b427fbee52b54997a8de07630207a8327ab53c95a78b213f6d5995a8a6e1e,https://www.ice.gov/doclib/287gMOA/IdahoStatePolice_TFM_MOA_06052025.pdf,2026-09-12T20:59:31Z,IDAHO,Idaho State Police Department,IdahoStatePolice_TFM_MOA_06052025.pdf,MOA; new url in sheet a405c40debaf; deduplicated 2026-09-14; identical bytes retained at agreements/agreements_20260607_025243/IDAHO/Idaho_State_Police_Department_/IdahoStatePolice_TFM_MOA_06052025.pdf,"""a7fe0ed9f81cc92b05add6f2faf28214:1751044318.484348""","Fri, 27 Jun 2025 17:11:58 GMT",
agreements/agreements_20260912_135704/PENNSYLVANIA/Juniata_County_Sheriff's_Office/MOA_JuniataCoSheriffsOfficePA_TFM_MOA_06112025.pdf,6cfd5d61162664345b09e5dfe42ba644c0ffd5179f810a69449e7b32fca2e102,https://www.ice.gov/doclib/287gMOA/JuniataCoSheriffsOfficePA_TFM_MOA_06112025.pdf,2026-09-12T20:59:32Z,PENNSYLVANIA,Juniata County Sheriff's Office,JuniataCoSheriffsOfficePA_TFM_MOA_06112025.pdf,MOA; new url in sheet a405c40debaf; deduplicated 2026-09-14; identical bytes retained at agreements/agreements_20260607_025243/PENNSYLVANIA/Juniata_County_Sheriff's_Office/JuniataCoSheriffsOfficePA_TFM_MOA_06112025.pdf,"""f3c549f084b563d87383bfc049176a9f:1751044318.246946""","Fri, 27 Jun 2025 17:11:58 GMT",
agreements/agreements_20260912_135704/PENNSYLVANIA/Lancaster_County_Sheriff's_Office/MOA_LancasterCoSheriffsOfficePA_TFM_MOA_04242025.pdf,0a0818282196c999da2d90196e79706f737517a08309b68e386b8deca07d31cd,https://www.ice.gov/doclib/287gMOA/LancasterCoSheriffsOfficePA_TFM_MOA_04242025.pdf,2026-09-12T20:59:32Z,PENNSYLVANIA,Lancaster County Sheriff's Office,LancasterCoSheriffsOfficePA_TFM_MOA_04242025.pdf,MOA; new url in sheet a405c40debaf; deduplicated 2026-09-14; identical bytes retained at agreements/agreements_20260607_025243/PENNSYLVANIA/Lancaster_County_Sheriff's_Office/LancasterCoSheriffsOfficePA_TFM_MOA_04242025.pdf,"""d246cc145fa5f4839abc5f6b0f31e3d4:1751044325.002416""","Fri, 27 Jun 2025 17:12:05 GMT",
agreements/agreements_20260912_135704/PENNSYLVANIA/Lower_Burrell_Fourth_Ward_Constable/MOA_LowerBurrellFourthWardConstablesOfficePA_TFM_MOA_05162025.pdf,e75a8e8fdff8680c4cb04a447cd55090815bc5aa17989ad5150790072238e998,https://www.ice.gov/doclib/287gMOA/LowerBurrellFourthWardConstablesOfficePA_TFM_MOA_05162025.pdf,2026-09-12T20:59:32Z,PENNSYLVANIA,Lower Burrell Fourth Ward Constable,LowerBurrellFourthWardConstablesOfficePA_TFM_MOA_05162025.pdf,MOA; new url in sheet a405c40debaf; deduplicated 2026-09-14; identical bytes retained at agreements/agreements_20260607_025243/PENNSYLVANIA/Lower_Burrell_Fourth_Ward_Constable/LowerBurrellFourthWardConstablesOfficePA_TFM_MOA_05162025.pdf,"""c45c700df7335f78f3a80e367bd33d8b:1751044324.534277""","Fri, 27 Jun 2025 17:12:04 GMT",
agreements/agreements_20260912_135704/KENTUCKY/Lyon_County_Sheriff's_Office/MOA_LyonCoSheriffsOfficeKY_TFM_MOA_05082025.pdf,1880bcbbcbbfed793a7c41b0e970d1331c0ab0fa67df154f159851037bf20e87,https://www.ice.gov/doclib/287gMOA/LyonCoSheriffsOfficeKY_TFM_MOA_05082025.pdf,2026-09-12T20:59:33Z,KENTUCKY,Lyon County Sheriff's Office,LyonCoSheriffsOfficeKY_TFM_MOA_05082025.pdf,MOA; new url in sheet a405c40debaf; deduplicated 2026-09-14; identical bytes retained at agreements/agreements_20260607_025243/KENTUCKY/Lyon_County_Sheriff's_Office/LyonCoSheriffsOfficeKY_TFM_MOA_05082025.pdf,"""025ac1064a22b1750f23868e7397984e:1751044324.119404""","Fri, 27 Jun 2025 17:12:04 GMT",
agreements/agreements_20260912_135704/KENTUCKY/Marshall_County_Sheriff's_Office/MOA_MarshallCoSheriffsOfficeKY_TFM_MOA_05082025.pdf,e1cd119d77831bf920b70ab1e88d55572a3ed3a8cbdf120ad1b69fcef7da47ab,https://www.ice.gov/doclib/287gMOA/MarshallCoSheriffsOfficeKY_TFM_MOA_05082025.pdf,2026-09-12T20:59:33Z,KENTUCKY,Marshall County Sheriff's Office,MarshallCoSheriffsOfficeKY_TFM_MOA_05082025.pdf,MOA; new url in sheet a405c40debaf; deduplicated 2026-09-14; identical bytes retained at agreements/agreements_20260607_025243/KENTUCKY/Marshall_County_Sheriff's_Office/MarshallCoSheriffsOfficeKY_TFM_MOA_05082025.pdf,"""fa9e68e0d80dfdf7b8d15fa665f4d9e3:1751044320.173148""","Fri, 27 Jun 2025 17:12:00 GMT",
agreements/agreements_20260912_135704/SOUTH_CAROLINA/Berkeley_County_Sheriff's_Office/MOA_BerkeleyCoSheriffsOfficeSC_TFM_MOA_05082025.pdf,c71df22fdad05c94298ac043873d45e17101a454ce4e61422e2283f982128c24,https://www.ice.gov/doclib/287gMOA/BerkeleyCoSheriffsOfficeSC_TFM_MOA_05082025.pdf,2026-09-12T20:59:33Z,SOUTH CAROLINA,Berkeley County Sheriff's Office,BerkeleyCoSheriffsOfficeSC_TFM_MOA_05082025.pdf,MOA; new url in sheet a405c40debaf; deduplicated 2026-09-14; identical bytes retained at agreements/agreements_20260812_014703/SOUTH_CAROLINA/Berkeley_County_Sheriff's_Office/BerkeleyCoSheriffsOfficeSC_TFM_MOA_05082025.pdf,"""328fbe39f88641453ab95a462b34f543:1751044805.485777""","Fri, 27 Jun 2025 17:20:05 GMT",
agreements/agreements_20260912_135704/SOUTH_CAROLINA/Pickens_County_Sheriff's_Office/MOA_PickensCoSheriffsOfficeSC_TFM_MOA_05162025.pdf,6853ab4678764a9d910af079623df82f1663f10a743422cc20bbb0d23799195b,https://www.ice.gov/doclib/287gMOA/PickensCoSheriffsOfficeSC_TFM_MOA_05162025.pdf,2026-09-12T20:59:34Z,SOUTH CAROLINA,Pickens County Sheriff's Office,PickensCoSheriffsOfficeSC_TFM_MOA_05162025.pdf,MOA; new url in sheet a405c40debaf; deduplicated 2026-09-14; identical bytes retained at agreements/agreements_20260607_025243/SOUTH_CAROLINA/Pickens_County_Sheriff's_Office/PickensCoSheriffsOfficeSC_TFM_MOA_05162025.pdf,"""9ab5d9e1db1d8db97ae574009c3eca58:1751044805.340419""","Fri, 27 Jun 2025 17:20:05 GMT",
agreements/agreements_20260912_135704/SOUTH_DAKOTA/South_Dakota_Highway_Patrol/MOA_SouthDakotaHighwayPatrol_TFM_MOA_05222025.pdf,8a773a38cd71192d1ce70f81ad43d22905d1578f65d5c6fd5af7b4b841bceb38,https://www.ice.gov/doclib/287gMOA/SouthDakotaHighwayPatrol_TFM_MOA_05222025.pdf,2026-09-12T20:59:34Z,SOUTH DAKOTA,South Dakota Highway Patrol,SouthDakotaHighwayPatrol_TFM_MOA_05222025.pdf,MOA; new url in sheet a405c40debaf; deduplicated 2026-09-14; identical bytes retained at agreements/agreements_20260607_025243/SOUTH_DAKOTA/South_Dakota_Highway_Patrol/SouthDakotaHighwayPatrol_TFM_MOA_05222025.pdf,"""98e729fa715c114f5760a458bc810b3f:1751460939.510361""","Wed, 02 Jul 2025 12:55:39 GMT",
agreements/agreements_20260912_135704/VIRGINIA/Washington_County_Sheriff's_Office/MOA_WashingtonCoSheriffsOfficeVA_TFM_MOA_06112025.pdf,4ff9d1a1c40b7a09a362e0ecbebe03f3d02a905c1c2a2d7431679cb4bdc4d920,https://www.ice.gov/doclib/287gMOA/WashingtonCoSheriffsOfficeVA_TFM_MOA_06112025.pdf,2026-09-12T20:59:34Z,VIRGINIA,Washington County Sheriff's Office,WashingtonCoSheriffsOfficeVA_TFM_MOA_06112025.pdf,MOA; new url in sheet a405c40debaf; deduplicated 2026-09-14; identical bytes retained at agreements/agreements_20260607_025243/VIRGINIA/Washington_County_Sheriff's_Office/WashingtonCoSheriffsOfficeVA_TFM_MOA_06112025.pdf,"""1ee7cb57328aea70bb3272884136a97a:1751044806.139256""","Fri, 27 Jun 2025 17:20:06 GMT",
agreements/agreements_20260912_135704/LOUISIANA/Louisiana_Department_of_Wildlife_&_Fisheries/MOA_LouisianaDeptWildlifeFisheriesLawEnfDiv_TFM_MOA_05202025.pdf,a40687d891889d9f2f3148017381c566d3895fc2744ca13de49485d930015ffe,https://www.ice.gov/doclib/287gMOA/LouisianaDeptWildlifeFisheriesLawEnfDiv_TFM_MOA_05202025.pdf,2026-09-12T20:59:35Z,LOUISIANA,Louisiana Department of Wildlife & Fisheries,LouisianaDeptWildlifeFisheriesLawEnfDiv_TFM_MOA_05202025.pdf,MOA; new url in sheet a405c40debaf; deduplicated 2026-09-14; identical bytes retained at agreements/agreements_20260607_025243/LOUISIANA/Louisiana_Department_of_Wildlife_&_Fisheries/LouisianaDeptWildlifeFisheriesLawEnfDiv_TFM_MOA_05202025.pdf,"""285964a2d5d9ebfec2ac372e98c14358:1751048637.068126""","Fri, 27 Jun 2025 18:23:57 GMT",
agreements/agreements_20260912_135704/LOUISIANA/Louisiana_Military_Department/MOA_LouisianaMilitaryDept_TFM_MOA_05202025.pdf,6fa8210150377e5c480cbecf0ba5d3276ab8126fbc054511e1bd7993c7cf4f6c,https://www.ice.gov/doclib/287gMOA/LouisianaMilitaryDept_TFM_MOA_05202025.pdf,2026-09-12T20:59:35Z,LOUISIANA,Louisiana Military Department,LouisianaMilitaryDept_TFM_MOA_05202025.pdf,MOA; new url in sheet a405c40debaf; deduplicated 2026-09-14; identical bytes retained at agreements/agreements_20260607_025243/LOUISIANA/Louisiana_Military_Department/LouisianaMilitaryDept_TFM_MOA_05202025.pdf,"""2c0e69f4d52248c86323a193c32397c4:1751048654.847346""","Fri, 27 Jun 2025 18:24:14 GMT",
agreements/agreements_20260912_135704/LOUISIANA/Louisiana_Alcohol_and_Tobacco_Control/MOA_LouisianaOfficeAlcoholTobaccoControl_TFM_MOA_05202025.pdf,1727bd4589dff7e0796da2adcfaf38184f1c592bb031232d4e7fe971cbcef56d,https://www.ice.gov/doclib/287gMOA/LouisianaOfficeAlcoholTobaccoControl_TFM_MOA_05202025.pdf,2026-09-12T20:59:35Z,LOUISIANA,Louisiana Alcohol and Tobacco Control,LouisianaOfficeAlcoholTobaccoControl_TFM_MOA_05202025.pdf,MOA; new url in sheet a405c40debaf; deduplicated 2026-09-14; identical bytes retained at agreements/agreements_20260607_025243/LOUISIANA/Louisiana_Alcohol_and_Tobacco_Control/LouisianaOfficeAlcoholTobaccoControl_TFM_MOA_05202025.pdf,"""aa8fbfcb68dcf1385d8cfebd58aec0af:1751048640.291502""","Fri, 27 Jun 2025 18:24:00 GMT",
agreements/agreements_20260912_135704/LOUISIANA/Louisiana_State_Police_Department/MOA_LouisianaStatePolice_TFM_MOA_05202025.pdf,b2346486d5df5746e814a8783b66a5b2ea6e2ee0912a8a536d75fedb1407405c,https://www.ice.gov/doclib/287gMOA/LouisianaStatePolice_TFM_MOA_05202025.pdf,2026-09-12T20:59:36Z,LOUISIANA,Louisiana State Police Department,LouisianaStatePolice_TFM_MOA_05202025.pdf,MOA; new url in sheet a405c40debaf; deduplicated 2026-09-14; identical bytes retained at agreements/agreements_20260607_025243/LOUISIANA/Louisiana_State_Police_Department/LouisianaStatePolice_TFM_MOA_05202025.pdf,"""618d6bedd1da0db6fc73dff83aa88f09:1751048657.558253""","Fri, 27 Jun 2025 18:24:17 GMT",
agreements/agreements_20260912_135704/LOUISIANA/Louisiana_Office_of_the_State_Fire_Marshal/MOA_OfficeStateFireMarshalLA_TFM_MOA_05202025.pdf,a6f4b3ae7199e48b48974e8326be63bf4549c715333ebc773174bb4bff81123b,https://www.ice.gov/doclib/287gMOA/OfficeStateFireMarshalLA_TFM_MOA_05202025.pdf,2026-09-12T20:59:36Z,LOUISIANA,Louisiana Office of the State Fire Marshal,OfficeStateFireMarshalLA_TFM_MOA_05202025.pdf,MOA; new url in sheet a405c40debaf; deduplicated 2026-09-14; identical bytes retained at agreements/agreements_20260607_025243/LOUISIANA/Louisiana_Office_of_the_State_Fire_Marshal/OfficeStateFireMarshalLA_TFM_MOA_05202025.pdf,"""2c40428048ceca0bab32afd941412a71:1751048655.91603""","Fri, 27 Jun 2025 18:24:15 GMT",
agreements/agreements_20260912_135704/MICHIGAN/Roscommon_County_Sheriff's_Office/MOA_RoscommonCoSheriffsOfficeMI_TFM_MOA_06052025.pdf,9363419d3ff495585d6bff0a19541898a4e29ccc183323df9a179faeca116b15,https://www.ice.gov/doclib/287gMOA/RoscommonCoSheriffsOfficeMI_TFM_MOA_06052025.pdf,2026-09-12T20:59:36Z,MICHIGAN,Roscommon County Sheriff's Office,RoscommonCoSheriffsOfficeMI_TFM_MOA_06052025.pdf,MOA; new url in sheet a405c40debaf; deduplicated 2026-09-14; identical bytes retained at agreements/agreements_20260607_025243/MICHIGAN/Roscommon_County_Sheriff's_Office/RoscommonCoSheriffsOfficeMI_TFM_MOA_06052025.pdf,"""86b29f6b61a562dd394847934bba2ae8:1751048641.503738""","Fri, 27 Jun 2025 18:24:01 GMT",
agreements/agreements_20260912_135704/MICHIGAN/Taylor_Police_Department/MOA_TaylorPoliceDeptMI_TFM_MOA_04282025.pdf,5e3cee3a94d717a4cd90c1c5a4e04ded17cf16df7423fe8b4e0c0bcaa3db31bf,https://www.ice.gov/doclib/287gMOA/TaylorPoliceDeptMI_TFM_MOA_04282025.pdf,2026-09-12T20:59:37Z,MICHIGAN,Taylor Police Department,TaylorPoliceDeptMI_TFM_MOA_04282025.pdf,MOA; new url in sheet a405c40debaf; deduplicated 2026-09-14; identical bytes retained at agreements/agreements_20260607_025243/MICHIGAN/Taylor_Police_Department/TaylorPoliceDeptMI_TFM_MOA_04282025.pdf,"""77b1d676b39b7b73da129527c96e5a8e:1751048654.606528""","Fri, 27 Jun 2025 18:24:14 GMT",
agreements/agreements_20260607_025243/FLORIDA/Melbourne_Police_Department/MelbournePoliceDeptFL_TFM_MOA_04142025.pdf,ab4f4b723d68dd2ace6bf709ebb9ef80030b58ab9dd3450c989054b6ed6f7b23,https://www.ice.gov/doclib/287gMOA/MelbournePoliceDeptFL_TFM_MOA_04142025.pdf,2026-09-12T20:59:37Z,FLORIDA,Melbourne Police Department,MelbournePoliceDeptFL_TFM_MOA_04142025.pdf,MOA; revalidated; bytes identical,"""0d6541110ba61fce0ea97a4e6e6d3f02:1750939406.84427""","Thu, 26 Jun 2025 12:03:26 GMT",
agreements/agreements_20260912_135704/FLORIDA/Leon_County_Sheriff's_Office/addendum_LeonCoSheriffsOfficeFL_WSO_MOA_06252025.pdf,0203154720ed2db031aca42be207c4171d02add71c72f3cc491d87bb5c50f1c1,https://www.ice.gov/doclib/287gMOA/LeonCoSheriffsOfficeFL_WSO_MOA_06252025.pdf,2026-09-12T20:59:37Z,FLORIDA,Leon County Sheriff's Office,LeonCoSheriffsOfficeFL_WSO_MOA_06252025.pdf,addendum; new url in sheet a405c40debaf,"""babb9264aadf34efac46449af24e7f70:1751394742.005168""","Tue, 01 Jul 2025 18:32:22 GMT",
agreements/agreements_20260912_135704/FLORIDA/Holmes_County_Sheriff's_Office/addendum_HolmesCoSheriffsOfficeFL_WSO_MOA_06252025.pdf,201ffcbb7b660fb282aea2a7cb4f7fc0dcc69b8eac08ca1b26cfd9d073d0bb6f,https://www.ice.gov/doclib/287gMOA/HolmesCoSheriffsOfficeFL_WSO_MOA_06252025.pdf,2026-09-12T20:59:37Z,FLORIDA,Holmes County Sheriff's Office,HolmesCoSheriffsOfficeFL_WSO_MOA_06252025.pdf,addendum; new url in sheet a405c40debaf,"""481e6f3ed92322638e0f735725b246af:1751395359.639109""","Tue, 01 Jul 2025 18:42:39 GMT",
agreements/agreements_20260912_135704/FLORIDA/Indian_River_County_Sheriff's_Office/addendum_indianRiverCountySherrifsOffice_WSO_MOA_06092025.pdf,d36c5b5aef4132992d48a1c4ccda37ccbee11bdb766152f30cf47e713ec43d6d,https://www.ice.gov/doclib/287gMOA/indianRiverCountySherrifsOffice_WSO_MOA_06092025.pdf,2026-09-12T20:59:38Z,FLORIDA,Indian River County Sheriff's Office,indianRiverCountySherrifsOffice_WSO_MOA_06092025.pdf,addendum; new url in sheet a405c40debaf,"""a78c2e631991c310d376fc39c69ad9f5:1751395359.510297""","Tue, 01 Jul 2025 18:42:39 GMT",
agreements/agreements_20260912_135704/FLORIDA/Jackson_County_Correctional_Facility/addendum_JacksonCountyCF_WSO_MOA_06252025.pdf,2e138d2a5d8b2851a94f44afcbb77b473cd69a710d1b330a486df52ceac969fa,https://www.ice.gov/doclib/287gMOA/JacksonCountyCF_WSO_MOA_06252025.pdf,2026-09-12T20:59:38Z,FLORIDA,Jackson County Correctional Facility,JacksonCountyCF_WSO_MOA_06252025.pdf,addendum; new url in sheet a405c40debaf,"""309be276dd4248e210913edcd0497f7a:1751395359.748261""","Tue, 01 Jul 2025 18:42:39 GMT",
agreements/agreements_20260912_135704/FLORIDA/Jefferson_County_Sheriff's_Office/addendum_jeffersonCountySherrifsOffice_WSO_MOA_06252025.pdf,a5b77bdd93bacce85a313a8677e732e56086c741a875ad4771a26493ce6bc7c5,https://www.ice.gov/doclib/287gMOA/jeffersonCountySherrifsOffice_WSO_MOA_06252025.pdf,2026-09-12T20:59:38Z,FLORIDA,Jefferson County Sheriff's Office,jeffersonCountySherrifsOffice_WSO_MOA_06252025.pdf,addendum; new url in sheet a405c40debaf,"""25214766918bfcdb02dac7c648dce290:1751395360.36926""","Tue, 01 Jul 2025 18:42:40 GMT",
agreements/agreements_20260912_135704/FLORIDA/Lake_County_Sheriff's_Office/addendum_lakeCountySherrifsOffice_WSO_MOA_06252025.pdf,06d8e3df171099b00bf3cbd5eb3d9dbf71a705299a6c7ee056062ee22f0176c1,https://www.ice.gov/doclib/287gMOA/lakeCountySherrifsOffice_WSO_MOA_06252025.pdf,2026-09-12T20:59:39Z,FLORIDA,Lake County Sheriff's Office,lakeCountySherrifsOffice_WSO_MOA_06252025.pdf,addendum; new url in sheet a405c40debaf,"""ccb2637968d46047fb76f7ad509a6b7c:1751395360.393922""","Tue, 01 Jul 2025 18:42:40 GMT",
agreements/agreements_20260912_135704/FLORIDA/Miami-Dade_Corrections_and_Rehabilitation/addendum_miamiDadeSheriffsOffice_WSO_MOA_06182025.pdf,692ab65f60dbc4e0e24053f7566881f1b86c576f3beec467b7d5c006ce6d1845,https://www.ice.gov/doclib/287gMOA/miamiDadeSheriffsOffice_WSO_MOA_06182025.pdf,2026-09-12T20:59:39Z,FLORIDA,Miami-Dade Corrections and Rehabilitation,miamiDadeSheriffsOffice_WSO_MOA_06182025.pdf,addendum; new url in sheet a405c40debaf,"""4e57ecb174e32f9ce614b04efbf221b5:1751395360.447788""","Tue, 01 Jul 2025 18:42:40 GMT",
agreements/agreements_20260912_135704/FLORIDA/Nassau_County_Sheriff's_Office/addendum_NassauCoSheriffsOfficeFL_WSO_MOA_06102025.pdf,29a20e55ddf8e0346fb93d6f24e0e8082e08ca9e1e3685d56a0ca607e25321d4,https://www.ice.gov/doclib/287gMOA/NassauCoSheriffsOfficeFL_WSO_MOA_06102025.pdf,2026-09-12T20:59:40Z,FLORIDA,Nassau County Sheriff's Office,NassauCoSheriffsOfficeFL_WSO_MOA_06102025.pdf,addendum; new url in sheet a405c40debaf,"""29473a73d95f42a9df848fcd2343d66e:1751395360.529243""","Tue, 01 Jul 2025 18:42:40 GMT",
agreements/agreements_20260912_135704/FLORIDA/Osceola_County_Corrections_Department/addendum_287gWSO_OsceolaCoCorrDeptFl2025-06-25.pdf,f847a273b1b705acbb5948054c0171a11325b268541c4c81c27b5309fe1d11f3,https://www.ice.gov/doclib/287gMOA/287gWSO_OsceolaCoCorrDeptFl2025-06-25.pdf,2026-09-12T20:59:40Z,FLORIDA,Osceola County Corrections Department,287gWSO_OsceolaCoCorrDeptFl2025-06-25.pdf,addendum; new url in sheet a405c40debaf,"""69237d1729c216b9bc9f0eea450d39eb:1751395359.63465""","Tue, 01 Jul 2025 18:42:39 GMT",
agreements/agreements_20260912_135704/FLORIDA/Volusia_County_Division_of_Corrections/addendum_VolusiaCoSheriffsOffice_WSO_MOA_06252025.pdf,f2c77af92e4bbebc9aada5569a0f91bdfb99d6517255006fbb0ddca10dcdfbf0,https://www.ice.gov/doclib/287gMOA/VolusiaCoSheriffsOffice_WSO_MOA_06252025.pdf,2026-09-12T20:59:40Z,FLORIDA,Volusia County Division of Corrections,VolusiaCoSheriffsOffice_WSO_MOA_06252025.pdf,addendum; new url in sheet a405c40debaf,"""e30fcf11cc1f2983d2ff6642227e0530:1751395360.5023""","Tue, 01 Jul 2025 18:42:40 GMT",
agreements/agreements_20260912_135704/FLORIDA/Wakulla_County_Sheriff's_Office/addendum_287gWSO_WakullaCoFl2025-06-25.pdf,0c9a3cd1200c9b9782ec407ea614a1d252b7d181793bf7a850e78258b57ae34e,https://www.ice.gov/doclib/287gMOA/287gWSO_WakullaCoFl2025-06-25.pdf,2026-09-12T20:59:40Z,FLORIDA,Wakulla County Sheriff's Office,287gWSO_WakullaCoFl2025-06-25.pdf,addendum; new url in sheet a405c40debaf,"""c1c0e79e6850c27535a6aa17134683d3:1751395359.506172""","Tue, 01 Jul 2025 18:42:39 GMT",
agreements/agreements_20260912_135704/FLORIDA/Walton_County_Sheriff's_Office/addendum_287gWSO_WaltonCoFl2025-06-25.pdf,f5ab67290e2f857ff3d45aa3a4ceeeb0535e7995cf2c86323bd41079177d1504,https://www.ice.gov/doclib/287gMOA/287gWSO_WaltonCoFl2025-06-25.pdf,2026-09-12T20:59:41Z,FLORIDA,Walton County Sheriff's Office,287gWSO_WaltonCoFl2025-06-25.pdf,addendum; new url in sheet a405c40debaf,"""702c2e39b5ce891fd976e2dbeebebbee:1751395359.423389""","Tue, 01 Jul 2025 18:42:39 GMT",
agreements/agreements_20260912_135704/FLORIDA/Washington_County_Sheriff's_Office/addendum_WashingtonCoSheriffsOffice_WSO_MOA_06.25.25.pdf,13f6b6a6978992596b21880aa66d68ebddc5f60c67f1615f940f024f557bf11f,https://www.ice.gov/doclib/287gMOA/WashingtonCoSheriffsOffice_WSO_MOA_06.25.25.pdf,2026-09-12T20:59:41Z,FLORIDA,Washington County Sheriff's Office,WashingtonCoSheriffsOffice_WSO_MOA_06.25.25.pdf,addendum; new url in sheet a405c40debaf,"""29abb161a6a096a4790c355a5db46e91:1751395359.063322""","Tue, 01 Jul 2025 18:42:39 GMT",
agreements/agreements_20260912_135704/NEW_MEXICO/Curry_County_Sheriff's_Office/MOA_CurryCoSheriffsOfficeNM_WSO_MOA_05.13.25.pdf,77850ede79785ea4a5b3da333f6c803f2aec963d14228803feac03c9ac44be8d,https://www.ice.gov/doclib/287gMOA/CurryCoSheriffsOfficeNM_WSO_MOA_05.13.25.pdf,2026-09-12T20:59:41Z,NEW MEXICO,Curry County Sheriff's Office,CurryCoSheriffsOfficeNM_WSO_MOA_05.13.25.pdf,MOA; new url in sheet a405c40debaf; deduplicated 2026-09-14; identical bytes retained at agreements/agreements_20260607_025243/NEW_MEXICO/Curry_County_Sheriff's_Office/CurryCoSheriffsOfficeNM_WSO_MOA_05.13.25.pdf,"""894fb0f749aaff409181b9a771bf55f8:1749663303.112979""","Wed, 11 Jun 2025 17:35:03 GMT",
agreements/agreements_20260912_135704/VIRGINIA/Appomattox_County_Sheriff's_Office/MOA_AppomattoxCoSheriffsOfficeVA_TFM_MOA_05132025.pdf,c03a887c45ba767c9757ddc768220f0eea719d84501431ebbae2cf1b7455a868,https://www.ice.gov/doclib/287gMOA/AppomattoxCoSheriffsOfficeVA_TFM_MOA_05132025.pdf,2026-09-12T20:59:42Z,VIRGINIA,Appomattox County Sheriff's Office,AppomattoxCoSheriffsOfficeVA_TFM_MOA_05132025.pdf,MOA; new url in sheet a405c40debaf; deduplicated 2026-09-14; identical bytes retained at agreements/agreements_20260607_025243/VIRGINIA/Appomattox_County_Sheriff's_Office/AppomattoxCoSheriffsOfficeVA_TFM_MOA_05132025.pdf,"""f2ca8eb6576aa7074b3bf2e5dad2219b:1751460947.043535""","Wed, 02 Jul 2025 12:55:47 GMT",
agreements/agreements_20260912_135704/TEXAS/Coke_County_Sheriff's_Office/MOA_CokeCoSheriffsOfficeTX_TFM_MOA_05132025.pdf,676ed7c2d47cef039b034d12899a305c79eae8ff677ab845f30fe5900a6c8bde,https://www.ice.gov/doclib/287gMOA/CokeCoSheriffsOfficeTX_TFM_MOA_05132025.pdf,2026-09-12T20:59:42Z,TEXAS,Coke County Sheriff's Office,CokeCoSheriffsOfficeTX_TFM_MOA_05132025.pdf,MOA; new url in sheet a405c40debaf; deduplicated 2026-09-14; identical bytes retained at agreements/agreements_20260607_025243/TEXAS/Coke_County_Sheriff's_Office/CokeCoSheriffsOfficeTX_TFM_MOA_05132025.pdf,"""ae34033e8675b3ece2fd94b932fc3867:1751460943.135649""","Wed, 02 Jul 2025 12:55:43 GMT",
agreements/agreements_20260912_135704/TENNESSEE/Tennessee_Department_of_Safety_and_Homeland_Security/MOA_DeptSafetyHomelandSecTN_TFM_MOA_05132025.pdf,60e5c0a43cd478130e906ab1089c82eae031092bf143b0037893d196af451b6a,https://www.ice.gov/doclib/287gMOA/DeptSafetyHomelandSecTN_TFM_MOA_05132025.pdf,2026-09-12T20:59:43Z,TENNESSEE,Tennessee Department of Safety and Homeland Security,DeptSafetyHomelandSecTN_TFM_MOA_05132025.pdf,MOA; new url in sheet a405c40debaf; deduplicated 2026-09-14; identical bytes retained at agreements/agreements_20260607_025243/TENNESSEE/Tennessee_Department_of_Safety_and_Homeland_Security_/DeptSafetyHomelandSecTN_TFM_MOA_05132025.pdf,"""b5f1c842748ee5e907d71d8e3030c4d8:1751460945.113549""","Wed, 02 Jul 2025 12:55:45 GMT",
agreements/agreements_20260912_135704/VIRGINIA/Mecklenburg_County_Sheriff's_Office/MOA_MecklenburgCoSheriffsOfficeVA_TFM_MOA_05132025.pdf,8b4d90d54e4dca1316ed3cb37f08e71307b125694b8abcbe2d3091ba628161c3,https://www.ice.gov/doclib/287gMOA/MecklenburgCoSheriffsOfficeVA_TFM_MOA_05132025.pdf,2026-09-12T20:59:43Z,VIRGINIA,Mecklenburg County Sheriff's Office,MecklenburgCoSheriffsOfficeVA_TFM_MOA_05132025.pdf,MOA; new url in sheet a405c40debaf; deduplicated 2026-09-14; identical bytes retained at agreements/agreements_20260607_025243/VIRGINIA/Mecklenburg_County_Sheriff's_Office/MecklenburgCoSheriffsOfficeVA_TFM_MOA_05132025.pdf,"""e351d56e9b007b8e4bb4a0f737346aed:1751460937.075066""","Wed, 02 Jul 2025 12:55:37 GMT",
agreements/agreements_20260912_135704/FLORIDA/Sarasota_Manatee_Airport_Authority_Police_Department/MOA_SarasotaManateeAirportAuthorityFL_TFM_MOA_06112025.pdf,722aa8dc08add06dc07f47e0ec125443b41e4e66155dbdb21ac6bc5ec3cbccf0,https://www.ice.gov/doclib/287gMOA/SarasotaManateeAirportAuthorityFL_TFM_MOA_06112025.pdf,2026-09-12T20:59:44Z,FLORIDA,Sarasota Manatee Airport Authority Police Department,SarasotaManateeAirportAuthorityFL_TFM_MOA_06112025.pdf,MOA; new url in sheet a405c40debaf; deduplicated 2026-09-14; identical bytes retained at agreements/agreements_20260607_025243/FLORIDA/Sarasota_Manatee_Airport_Authority_Police_Department/SarasotaManateeAirportAuthorityFL_TFM_MOA_06112025.pdf,"""fa0cb4f139bcea997447e7e8f03bc44a:1751460940.920379""","Wed, 02 Jul 2025 12:55:40 GMT",
agreements/agreements_20260912_135704/SOUTH_CAROLINA/Union_County_Sheriff's_Office/MOA_UnionCoSheriffsOfficeSC_TFM_MOA_06122025.pdf,b996a98fe14a0791d2c9d64c4e93377d912c95606b73312792b432b632329fcd,https://www.ice.gov/doclib/287gMOA/UnionCoSheriffsOfficeSC_TFM_MOA_06122025.pdf,2026-09-12T20:59:44Z,SOUTH CAROLINA,Union County Sheriff's Office,UnionCoSheriffsOfficeSC_TFM_MOA_06122025.pdf,MOA; new url in sheet a405c40debaf; deduplicated 2026-09-14; identical bytes retained at agreements/agreements_20260607_025243/SOUTH_CAROLINA/Union_County_Sheriff's_Office/UnionCoSheriffsOfficeSC_TFM_MOA_06122025.pdf,"""5528e42a85fa546c2c99b0816fead57f:1751460942.081004""","Wed, 02 Jul 2025 12:55:42 GMT",
agreements/agreements_20260607_025243/FLORIDA/St._Petersburg_Police_Department/StPetersburghPoliceDeptFL_TFM_MOA_02282025.pdf,14d346e366c89ce81223c943edb1d9f05675dc1c4a024243b8658f67486bc9e9,https://www.ice.gov/doclib/287gMOA/StPetersburghPoliceDeptFL_TFM_MOA_02282025.pdf,2026-09-12T20:59:44Z,FLORIDA,St. Petersburg Police Department,StPetersburghPoliceDeptFL_TFM_MOA_02282025.pdf,MOA; revalidated; bytes identical,"""dec0cc68be7ded1d11dcc083f0d42ca4:1751476824.960361""","Wed, 02 Jul 2025 17:20:24 GMT",
agreements/agreements_20260607_025243/FLORIDA/Tampa_Police_Department/TampaPoliceDeptFL_TFM_MOA_02282025.pdf,bf5b442fc2bbaa32838903e5b2dbefcb3be6f9c1e4da2901063bfdabd13707a4,https://www.ice.gov/doclib/287gMOA/TampaPoliceDeptFL_TFM_MOA_02282025.pdf,2026-09-12T20:59:45Z,FLORIDA,Tampa Police Department,TampaPoliceDeptFL_TFM_MOA_02282025.pdf,MOA; revalidated; bytes identical,"""3d36a65f459e7138abdfa772768a28f4:1751476822.979991""","Wed, 02 Jul 2025 17:20:22 GMT",
agreements/agreements_20260607_025243/ALABAMA/Lawrence_County_Sheriff's_Office/LawrenceCoSheriffsOfficeAL_TFM_MOA_06182025.pdf,390bbee14d0180094a01d111f7a60eb610eea8316910a786d6a6976b27331b93,https://www.ice.gov/doclib/287gMOA/LawrenceCoSheriffsOfficeAL_TFM_MOA_06182025.pdf,2026-09-12T20:59:45Z,ALABAMA,Lawrence County Sheriff's Office,LawrenceCoSheriffsOfficeAL_TFM_MOA_06182025.pdf,MOA; revalidated; bytes identical,"""51f660d4554003b0dd0a40515baed9b5:1751477015.02704""","Wed, 02 Jul 2025 17:23:35 GMT",
agreements/agreements_20260607_025243/FLORIDA/Sanford_Airport_Police_Department/SanfordAirportPoliceDeptFL_TFM_MOA_05132025.pdf,0c70400b59cfdf95611cd6875c3fa737da8551091e957e11f44593a82f5b69a3,https://www.ice.gov/doclib/287gMOA/SanfordAirportPoliceDeptFL_TFM_MOA_05132025.pdf,2026-09-12T20:59:45Z,FLORIDA,Sanford Airport Police Department,SanfordAirportPoliceDeptFL_TFM_MOA_05132025.pdf,MOA; revalidated; bytes identical,"""505275b13f56f267fb3bf9b8e4ae6688:1751477019.82756""","Wed, 02 Jul 2025 17:23:39 GMT",
agreements/agreements_20260912_135704/FLORIDA/Lake_Wales_Police_Department/MOA_LakeWalesPoliceDeptFL_TFM_MOA_06132025.pdf,531a21d72539e3c2a0af6e63733f6449095e173a325e7052123bd84750291b0e,https://www.ice.gov/doclib/287gMOA/LakeWalesPoliceDeptFL_TFM_MOA_06132025.pdf,2026-09-12T20:59:46Z,FLORIDA,Lake Wales Police Department,LakeWalesPoliceDeptFL_TFM_MOA_06132025.pdf,MOA; new url in sheet a405c40debaf; deduplicated 2026-09-14; identical bytes retained at agreements/agreements_20260607_025243/FLORIDA/Lake_Wales_Police_Department/LakeWalesPoliceDeptFL_TFM_MOA_06132025.pdf,"""adfe12c8d203ea2f9a9d3bed6aaf21e2:1751895638.160935""","Mon, 07 Jul 2025 13:40:38 GMT",
agreements/agreements_20260912_135704/FLORIDA/Leon_County_Sheriff's_Office/MOA_LeonCoSheriffsOfficeFL_TFM_MOA_02262025.pdf,d343c71cbe46db19139eddac4a2150d75ee3e4ddd1cdabb5f1a5eaa837075a84,https://www.ice.gov/doclib/287gMOA/LeonCoSheriffsOfficeFL_TFM_MOA_02262025.pdf,2026-09-12T20:59:46Z,FLORIDA,Leon County Sheriff's Office,LeonCoSheriffsOfficeFL_TFM_MOA_02262025.pdf,MOA; new url in sheet a405c40debaf; deduplicated 2026-09-14; identical bytes retained at agreements/agreements_20260607_025243/FLORIDA/Leon_County_Sheriff's_Office/LeonCoSheriffsOfficeFL_TFM_MOA_02262025.pdf,"""147897cfb91385eb446211eaddb10f00:1751895638.988902""","Mon, 07 Jul 2025 13:40:38 GMT",
agreements/agreements_20260912_135704/FLORIDA/Melbourne_Beach_Police_Department/MOA_MelbourneBeachPoliceDeptFL_TFM_MOA_05132025.pdf,a45fa3235b47f7626a5605e2d43a8f1a2e572a5094266acb19075aa6b8b5cac2,https://www.ice.gov/doclib/287gMOA/MelbourneBeachPoliceDeptFL_TFM_MOA_05132025.pdf,2026-09-12T20:59:46Z,FLORIDA,Melbourne Beach Police Department,MelbourneBeachPoliceDeptFL_TFM_MOA_05132025.pdf,MOA; new url in sheet a405c40debaf; deduplicated 2026-09-14; identical bytes retained at agreements/agreements_20260607_025243/FLORIDA/Melbourne_Beach_Police_Department/MelbourneBeachPoliceDeptFL_TFM_MOA_05132025.pdf,"""1a3923131b10ebfb7b03a62dab6160d6:1751895642.671194""","Mon, 07 Jul 2025 13:40:42 GMT",
agreements/agreements_20260912_135704/FLORIDA/Coconut_Creek_Police_Department/MOA_CoconutCreekPoliceDeptFL_TFM_MOA_06132025.pdf,ccc720614a071e8f1177088801ca68e65e3f85de60e04ece7c239406af0bfeaa,https://www.ice.gov/doclib/287gMOA/CoconutCreekPoliceDeptFL_TFM_MOA_06132025.pdf,2026-09-12T20:59:47Z,FLORIDA,Coconut Creek Police Department,CoconutCreekPoliceDeptFL_TFM_MOA_06132025.pdf,MOA; new url in sheet a405c40debaf; deduplicated 2026-09-14; identical bytes retained at agreements/agreements_20260607_025243/FLORIDA/Coconut_Creek_Police_Department/CoconutCreekPoliceDeptFL_TFM_MOA_06132025.pdf,"""338e3b18855e0b71a4e13e772face2a6:1751895938.752373""","Mon, 07 Jul 2025 13:45:38 GMT",
agreements/agreements_20260912_135704/FLORIDA/Eatonville_Police_Department/MOA_EatonvillePoliceDeptFL_TFM_MOA_06182025.pdf,d219dc0a2bca7af0a84739bbaac722a5b9da7f3a57eb7ebc91eaf2e9c86edfd7,https://www.ice.gov/doclib/287gMOA/EatonvillePoliceDeptFL_TFM_MOA_06182025.pdf,2026-09-12T20:59:47Z,FLORIDA,Eatonville Police Department,EatonvillePoliceDeptFL_TFM_MOA_06182025.pdf,MOA; new url in sheet a405c40debaf; deduplicated 2026-09-14; identical bytes retained at agreements/agreements_20260607_025243/FLORIDA/Eatonville_Police_Department/EatonvillePoliceDeptFL_TFM_MOA_06182025.pdf,"""d0b3f553ff556b590921ca2f513a7150:1751895939.450548""","Mon, 07 Jul 2025 13:45:39 GMT",
agreements/agreements_20260607_025243/FLORIDA/Edgewood_Police_Department/EdgewoodPoliceDeptFL_TFM_MOA_04.10.2025.pdf,2c7b36d805a9a542059e0e8895b34315a336ed3ab6cc055031533f08b775d6c8,https://www.ice.gov/doclib/287gMOA/EdgewoodPoliceDeptFL_TFM_MOA_04.10.2025.pdf,2026-09-12T20:59:47Z,FLORIDA,Edgewood Police Department,EdgewoodPoliceDeptFL_TFM_MOA_04.10.2025.pdf,MOA; revalidated; bytes identical,"""ba26f50b98d24f3f087438f308726cd4:1745951064.114314""","Tue, 29 Apr 2025 18:24:24 GMT",
agreements/agreements_20260912_135704/FLORIDA/Edgewater_Police_Department/MOA_EdgewaterPoliceDeptFL_TFM_MOA_07022025.pdf,01f1e23bda782583bee1192c6dde803c199d8c4ce4640ad689b393d60a21288c,https://www.ice.gov/doclib/287gMOA/EdgewaterPoliceDeptFL_TFM_MOA_07022025.pdf,2026-09-12T20:59:48Z,FLORIDA,Edgewater Police Department,EdgewaterPoliceDeptFL_TFM_MOA_07022025.pdf,MOA; new url in sheet a405c40debaf; deduplicated 2026-09-14; identical bytes retained at agreements/agreements_20260607_025243/FLORIDA/Edgewater_Police_Department/EdgewaterPoliceDeptFL_TFM_MOA_07022025.pdf,"""723b350ef7e429ab3638aed16ce45566:1751895942.310837""","Mon, 07 Jul 2025 13:45:42 GMT",
agreements/agreements_20260912_135704/FLORIDA/Office_of_Agricultural_Law_Enforcement/MOA_FloridaAgLawEnfOffice_TFM_MOA_06112025.pdf,943b9f3ad4bc6b44de3e35f314903c228cb205b05cb01d54912e0f1b8393b246,https://www.ice.gov/doclib/287gMOA/FloridaAgLawEnfOffice_TFM_MOA_06112025.pdf,2026-09-12T20:59:48Z,FLORIDA,Office of Agricultural Law Enforcement,FloridaAgLawEnfOffice_TFM_MOA_06112025.pdf,MOA; new url in sheet a405c40debaf; deduplicated 2026-09-14; identical bytes retained at agreements/agreements_20260607_025243/FLORIDA/Office_of_Agricultural_Law_Enforcement_/FloridaAgLawEnfOffice_TFM_MOA_06112025.pdf,"""b4e51456e2654bed4923cfc8b084f3f1:1751895944.14078""","Mon, 07 Jul 2025 13:45:44 GMT",
agreements/agreements_20260912_135704/FLORIDA/Hollywood_Police_Department/MOA_HollywoodPoliceDeptFL_TFM_MOA_06182025.pdf,ab5ef0dccb5f214a886e6bdc5aa2e12648a687c4181871a45634f86b8e549f31,https://www.ice.gov/doclib/287gMOA/HollywoodPoliceDeptFL_TFM_MOA_06182025.pdf,2026-09-12T20:59:48Z,FLORIDA,Hollywood Police Department,HollywoodPoliceDeptFL_TFM_MOA_06182025.pdf,MOA; new url in sheet a405c40debaf; deduplicated 2026-09-14; identical bytes retained at agreements/agreements_20260607_025243/FLORIDA/Hollywood_Police_Department_/HollywoodPoliceDeptFL_TFM_MOA_06182025.pdf,"""6584dcbd6f769e9172d40d1d2c46b70c:1751895950.429303""","Mon, 07 Jul 2025 13:45:50 GMT",
agreements/agreements_20260912_135704/FLORIDA/Indialantic_Police_Department/MOA_IndiatlanticPoliceDeptFL_TFM_MOA_05132025.pdf,74e7734be4bbcfcd3be661781ef75d9db9d3268971ed9cdea5810909aa7e1b9c,https://www.ice.gov/doclib/287gMOA/IndiatlanticPoliceDeptFL_TFM_MOA_05132025.pdf,2026-09-12T20:59:49Z,FLORIDA,Indialantic Police Department,IndiatlanticPoliceDeptFL_TFM_MOA_05132025.pdf,MOA; new url in sheet a405c40debaf; deduplicated 2026-09-14; identical bytes retained at agreements/agreements_20260607_025243/FLORIDA/Indialantic_Police_Department/IndiatlanticPoliceDeptFL_TFM_MOA_05132025.pdf,"""3101f0295b0bfe0a1cf905c4fd0c8b60:1751895951.091116""","Mon, 07 Jul 2025 13:45:51 GMT",
agreements/agreements_20260912_135704/FLORIDA/Lake_Alfred_Police_Department/MOA_LakeAlfredPoliceDeptFL_TFM_MOA_06242025.pdf,28e9ce1aa6357e346dacc2ceaee189f5e2d1e65d527fa3cee8f6b333b26f58ad,https://www.ice.gov/doclib/287gMOA/LakeAlfredPoliceDeptFL_TFM_MOA_06242025.pdf,2026-09-12T20:59:49Z,FLORIDA,Lake Alfred Police Department,LakeAlfredPoliceDeptFL_TFM_MOA_06242025.pdf,MOA; new url in sheet a405c40debaf; deduplicated 2026-09-14; identical bytes retained at agreements/agreements_20260607_025243/FLORIDA/Lake_Alfred_Police_Department/LakeAlfredPoliceDeptFL_TFM_MOA_06242025.pdf,"""b8b7bbdf70fecd08f0a36a1041796935:1751895940.788978""","Mon, 07 Jul 2025 13:45:40 GMT",
agreements/agreements_20260912_135704/FLORIDA/Lake_Mary_Police_Department/MOA_LakeMaryPoliceDeptFL_TFM_MOA_06182025.pdf,87fce437d4e1f0b56e5e821509c550ac139e4f9eb97f31382f0da28735e3bb43,https://www.ice.gov/doclib/287gMOA/LakeMaryPoliceDeptFL_TFM_MOA_06182025.pdf,2026-09-12T20:59:50Z,FLORIDA,Lake Mary Police Department,LakeMaryPoliceDeptFL_TFM_MOA_06182025.pdf,MOA; new url in sheet a405c40debaf; deduplicated 2026-09-14; identical bytes retained at agreements/agreements_20260607_025243/FLORIDA/Lake_Mary_Police_Department/LakeMaryPoliceDeptFL_TFM_MOA_06182025.pdf,"""d7697ba8f388f61f8c3a46de51a927aa:1751895942.267672""","Mon, 07 Jul 2025 13:45:42 GMT",
agreements/agreements_20260912_135704/ARKANSAS/Hampton_Police_Department/MOA_HamptonPoliceDeptAR_TFM_MOA_06302025.pdf,892342c41682f5ab746b28f3cd0183377c2ccdc3852eaf49d9ad05e4fbde1447,https://www.ice.gov/doclib/287gMOA/HamptonPoliceDeptAR_TFM_MOA_06302025.pdf,2026-09-12T20:59:50Z,ARKANSAS,Hampton Police Department,HamptonPoliceDeptAR_TFM_MOA_06302025.pdf,MOA; new url in sheet a405c40debaf; deduplicated 2026-09-14; identical bytes retained at agreements/agreements_20260607_025243/ARKANSAS/Hampton_Police_Department/HamptonPoliceDeptAR_TFM_MOA_06302025.pdf,"""c4a6fbabbf4102da61c7b615251afb63:1751482874.288882""","Wed, 02 Jul 2025 19:01:14 GMT",
agreements/agreements_20260912_135704/ALABAMA/Marion_County_Sheriff's_Office/MOA_MarionCoSheriffsOfficeAL_TFM_MOA_06122025.pdf,23a39ad6f5851fdc329286d062cd53d244b87df583de1761332bbfb0be2096ce,https://www.ice.gov/doclib/287gMOA/MarionCoSheriffsOfficeAL_TFM_MOA_06122025.pdf,2026-09-12T20:59:50Z,ALABAMA,Marion County Sheriff's Office,MarionCoSheriffsOfficeAL_TFM_MOA_06122025.pdf,MOA; new url in sheet a405c40debaf; deduplicated 2026-09-14; identical bytes retained at agreements/agreements_20260812_014703/ALABAMA/Marion_County_Sheriff's_Office/MarionCoSheriffsOfficeAL_TFM_MOA_06122025.pdf,"""4981d9268bd6dce891e049871b29e4dd:1751482871.857076""","Wed, 02 Jul 2025 19:01:11 GMT",
agreements/agreements_20260912_135704/VIRGINIA/Buckingham_County_Sheriff's_Office/MOA_BuckinghamCoSheriffsOfficeVA_TFM_MOA_05162025.pdf,ec0c37dd6e7e4887f3496fadd5ed14952bb4cf0baba27554d8f273f73a087ee9,https://www.ice.gov/doclib/287gMOA/BuckinghamCoSheriffsOfficeVA_TFM_MOA_05162025.pdf,2026-09-12T20:59:51Z,VIRGINIA,Buckingham County Sheriff's Office,BuckinghamCoSheriffsOfficeVA_TFM_MOA_05162025.pdf,MOA; new url in sheet a405c40debaf; deduplicated 2026-09-14; identical bytes retained at agreements/agreements_20260607_025243/VIRGINIA/Buckingham_County_Sheriff's_Office/BuckinghamCoSheriffsOfficeVA_TFM_MOA_05162025.pdf,"""3a1153fe76c0705c96714f1d513c1743:1753112212.71868""","Mon, 21 Jul 2025 15:36:52 GMT",
agreements/agreements_20260912_135704/VIRGINIA/Franklin_County_Sheriff's_Office/MOA_FranklinCoSheriffsOfficeVA_TFM_MOA_04232025.pdf,40e676bb3b3ce0d0a0a2ef9b740e4cbec305078e31a4bb9d61811719e03c605c,https://www.ice.gov/doclib/287gMOA/FranklinCoSheriffsOfficeVA_TFM_MOA_04232025.pdf,2026-09-12T20:59:51Z,VIRGINIA,Franklin County Sheriff's Office,FranklinCoSheriffsOfficeVA_TFM_MOA_04232025.pdf,MOA; new url in sheet a405c40debaf; deduplicated 2026-09-14; identical bytes retained at agreements/agreements_20260607_025243/VIRGINIA/Franklin_County_Sheriff's_Office/FranklinCoSheriffsOfficeVA_TFM_MOA_04232025.pdf,"""6953753096c37beedd7aba7459c4fddf:1753112212.622963""","Mon, 21 Jul 2025 15:36:52 GMT",
agreements/agreements_20260912_135704/VIRGINIA/Grayson_County_Sheriff's_Office/MOA_GraysonCoSheriffsOfficeVA_TFM_MOA_05082025.pdf,6c02dd22e52580ea0c6ad1cc4fe28807e0e4b322ac99b794856440a8370d4f7e,https://www.ice.gov/doclib/287gMOA/GraysonCoSheriffsOfficeVA_TFM_MOA_05082025.pdf,2026-09-12T20:59:51Z,VIRGINIA,Grayson County Sheriff's Office,GraysonCoSheriffsOfficeVA_TFM_MOA_05082025.pdf,MOA; new url in sheet a405c40debaf; deduplicated 2026-09-14; identical bytes retained at agreements/agreements_20260607_025243/VIRGINIA/Grayson_County_Sheriff's_Office/GraysonCoSheriffsOfficeVA_TFM_MOA_05082025.pdf,"""058020991565bf766fe472d37a0c2027:1753112238.558465""","Mon, 21 Jul 2025 15:37:18 GMT",
agreements/agreements_20260912_135704/VIRGINIA/Greene_County_Sheriff's_Office/MOA_GreeneCoSheriffsOfficeVA_TFM_MOA_05082025.pdf,f83eceaf9ed3b076af7159e2ec104c1752f978602a947f595cefd7f12a5221d2,https://www.ice.gov/doclib/287gMOA/GreeneCoSheriffsOfficeVA_TFM_MOA_05082025.pdf,2026-09-12T20:59:52Z,VIRGINIA,Greene County Sheriff's Office,GreeneCoSheriffsOfficeVA_TFM_MOA_05082025.pdf,MOA; new url in sheet a405c40debaf; deduplicated 2026-09-14; identical bytes retained at agreements/agreements_20260607_025243/VIRGINIA/Greene_County_Sheriff's_Office/GreeneCoSheriffsOfficeVA_TFM_MOA_05082025.pdf,"""fb8920ba370646667e3b4102a818d9a1:1753112231.401498""","Mon, 21 Jul 2025 15:37:11 GMT",
agreements/agreements_20260912_135704/VIRGINIA/Scott_County_Sheriff's_Office/MOA_ScottCoSheriffsOfficeVA_TFM_MOA_05082025.pdf,365868df9a75fc594e6cdd62a335328f01f136b5891f06704b78e77f60427ac4,https://www.ice.gov/doclib/287gMOA/ScottCoSheriffsOfficeVA_TFM_MOA_05082025.pdf,2026-09-12T20:59:52Z,VIRGINIA,Scott County Sheriff's Office,ScottCoSheriffsOfficeVA_TFM_MOA_05082025.pdf,MOA; new url in sheet a405c40debaf; deduplicated 2026-09-14; identical bytes retained at agreements/agreements_20260607_025243/VIRGINIA/Scott_County_Sheriff's_Office/ScottCoSheriffsOfficeVA_TFM_MOA_05082025.pdf,"""7b356f684454c557561a838cbacbff66:1753112218.582034""","Mon, 21 Jul 2025 15:36:58 GMT",
agreements/agreements_20260912_135704/VIRGINIA/Richmond_County_Sheriff's_Office/MOA_RichmondCoSheriffsOfficeVA_TFM_MOA_06122025.pdf,2f08aaf2d1602e5b9e226cb7a75ee146fc5a203ae907ce372b883be4a17d711b,https://www.ice.gov/doclib/287gMOA/RichmondCoSheriffsOfficeVA_TFM_MOA_06122025.pdf,2026-09-12T20:59:53Z,VIRGINIA,Richmond County Sheriff's Office,RichmondCoSheriffsOfficeVA_TFM_MOA_06122025.pdf,MOA; new url in sheet a405c40debaf; deduplicated 2026-09-14; identical bytes retained at agreements/agreements_20260607_025243/VIRGINIA/Richmond_County_Sheriff's_Office/RichmondCoSheriffsOfficeVA_TFM_MOA_06122025.pdf,"""411c56102745ac16a4803e7e51ec9251:1753112212.920503""","Mon, 21 Jul 2025 15:36:52 GMT",
agreements/agreements_20260912_135704/VIRGINIA/Shenandoah_County_Sheriff's_Office/MOA_ShenandoahCoSheriffsOfficeVA_TFM_MOA_04142025.pdf,531dc542c7883814f5cf8c216fad89a10b224753cdbc22be767f465ff70c497e,https://www.ice.gov/doclib/287gMOA/ShenandoahCoSheriffsOfficeVA_TFM_MOA_04142025.pdf,2026-09-12T20:59:53Z,VIRGINIA,Shenandoah County Sheriff's Office,ShenandoahCoSheriffsOfficeVA_TFM_MOA_04142025.pdf,MOA; new url in sheet a405c40debaf; deduplicated 2026-09-14; identical bytes retained at agreements/agreements_20260607_025243/VIRGINIA/Shenandoah_County_Sheriff's_Office/ShenandoahCoSheriffsOfficeVA_TFM_MOA_04142025.pdf,"""ebef1f48cabd595c16d7c6bb4e7311a0:1753112218.051341""","Mon, 21 Jul 2025 15:36:58 GMT",
agreements/agreements_20260912_135704/VIRGINIA/Campbell_County_Sheriff's_Office/MOA_CampbellCoSheriffsOfficeVA_TFM_MOA_05082025.pdf,9394074fbf0897ffb7e429f6c32314b2712ae7511bdbf454d66250ecb3a0834e,https://www.ice.gov/doclib/287gMOA/CampbellCoSheriffsOfficeVA_TFM_MOA_05082025.pdf,2026-09-12T20:59:55Z,VIRGINIA,Campbell County Sheriff's Office,CampbellCoSheriffsOfficeVA_TFM_MOA_05082025.pdf,MOA; new url in sheet a405c40debaf; deduplicated 2026-09-14; identical bytes retained at agreements/agreements_20260607_025243/VIRGINIA/Campbell_County_Sheriff's_Office/CampbellCoSheriffsOfficeVA_TFM_MOA_05082025.pdf,"""fc4bf954ded3469a56ecf85e93f57eab:1753112502.526565""","Mon, 21 Jul 2025 15:41:42 GMT",
agreements/agreements_20260912_135704/UTAH/Tooele_County_Sheriff's_Office/MOA_TooeleCoSheriffsOfficeUT_TFM_MOA_07022025.pdf,f8148672110810f9db3347b97373434dce2d0ed5747a40ab5780247da6e7612d,https://www.ice.gov/doclib/287gMOA/TooeleCoSheriffsOfficeUT_TFM_MOA_07022025.pdf,2026-09-12T20:59:56Z,UTAH,Tooele County Sheriff's Office,TooeleCoSheriffsOfficeUT_TFM_MOA_07022025.pdf,MOA; new url in sheet a405c40debaf; deduplicated 2026-09-14; identical bytes retained at agreements/agreements_20260607_025243/UTAH/Tooele_County_Sheriff's_Office/TooeleCoSheriffsOfficeUT_TFM_MOA_07022025.pdf,"""00d85e368d74b54aa5e2f6c5e834e66e:1753119801.618934""","Mon, 21 Jul 2025 17:43:21 GMT",
agreements/agreements_20260912_135704/UTAH/Weber_County_Sheriff's_Office/MOA_WeberCoSheriffsOfficeUT_TFM_MOA_07022025.pdf,fe13b5885972df2b1747fd61c82587a8b8071af913f82d9d245cc85c9eaab8d4,https://www.ice.gov/doclib/287gMOA/WeberCoSheriffsOfficeUT_TFM_MOA_07022025.pdf,2026-09-12T20:59:56Z,UTAH,Weber County Sheriff's Office,WeberCoSheriffsOfficeUT_TFM_MOA_07022025.pdf,MOA; new url in sheet a405c40debaf; deduplicated 2026-09-14; identical bytes retained at agreements/agreements_20260607_025243/UTAH/Weber_County_Sheriff's_Office/WeberCoSheriffsOfficeUT_TFM_MOA_07022025.pdf,"""fe6cc88ba93cb9ba58c88ab7b80f4213:1753119802.553208""","Mon, 21 Jul 2025 17:43:22 GMT",
agreements/agreements_20260912_135704/TEXAS/Brooks_County_Sheriff's_Office/MOA_BrooksCoSheriffsOfficeTX_TFM_MOA_06122025.pdf,bafa3a3cdb6122280482a4f94f2580ed03aeeb5c028829465e5ee7fcb70b5f8f,https://www.ice.gov/doclib/287gMOA/BrooksCoSheriffsOfficeTX_TFM_MOA_06122025.pdf,2026-09-12T20:59:57Z,TEXAS,Brooks County Sheriff's Office,BrooksCoSheriffsOfficeTX_TFM_MOA_06122025.pdf,MOA; new url in sheet a405c40debaf; deduplicated 2026-09-14; identical bytes retained at agreements/agreements_20260607_025243/TEXAS/Brooks_County_Sheriff's_Office/BrooksCoSheriffsOfficeTX_TFM_MOA_06122025.pdf,"""a22d361e0314214f97fd7a5f43c0a2ff:1753122390.912188""","Mon, 21 Jul 2025 18:26:30 GMT",
agreements/agreements_20260912_135704/TEXAS/Jefferson_County_Sheriff's_Office/MOA_JeffersonCoSheriffsOfficeTX_TFM_MOA_06302025.pdf,18be64bc16d838e21aae7adf9d52e2c64ca9b0a91d145082ae49afc4d4e51eb3,https://www.ice.gov/doclib/287gMOA/JeffersonCoSheriffsOfficeTX_TFM_MOA_06302025.pdf,2026-09-12T20:59:57Z,TEXAS,Jefferson County Sheriff's Office,JeffersonCoSheriffsOfficeTX_TFM_MOA_06302025.pdf,MOA; new url in sheet a405c40debaf; deduplicated 2026-09-14; identical bytes retained at agreements/agreements_20260607_025243/TEXAS/Jefferson_County_Sheriff's_Office/JeffersonCoSheriffsOfficeTX_TFM_MOA_06302025.pdf,"""4c390af071411e1ae6df812060b8c53f:1753122398.615419""","Mon, 21 Jul 2025 18:26:38 GMT",
agreements/agreements_20260912_135704/TEXAS/Rockwall_County_Sheriff's_Office/MOA_RockwallCoSheriffsOfficeTX_TFM_MOA_07072025.pdf,cb15b4e84dd9a8c39dfb0cbe3568471ab590578842b7c0ceb337329d818c1b96,https://www.ice.gov/doclib/287gMOA/RockwallCoSheriffsOfficeTX_TFM_MOA_07072025.pdf,2026-09-12T20:59:57Z,TEXAS,Rockwall County Sheriff's Office,RockwallCoSheriffsOfficeTX_TFM_MOA_07072025.pdf,MOA; new url in sheet a405c40debaf; deduplicated 2026-09-14; identical bytes retained at agreements/agreements_20260607_025243/TEXAS/Rockwall_County_Sheriff's_Office/RockwallCoSheriffsOfficeTX_TFM_MOA_07072025.pdf,"""571553fc561c95cbf496941d9b4bbb88:1753122400.874604""","Mon, 21 Jul 2025 18:26:40 GMT",
agreements/agreements_20260912_135704/TEXAS/Splendora_Police_Department/MOA_SplendoraCoPoliceDeptTX_TFM_MOA_06132025.pdf,283bb02684b612e16edcb96d78a9543c7f3bc23132615c302396216e5c2942e2,https://www.ice.gov/doclib/287gMOA/SplendoraCoPoliceDeptTX_TFM_MOA_06132025.pdf,2026-09-12T20:59:58Z,TEXAS,Splendora Police Department,SplendoraCoPoliceDeptTX_TFM_MOA_06132025.pdf,MOA; new url in sheet a405c40debaf; deduplicated 2026-09-14; identical bytes retained at agreements/agreements_20260607_025243/TEXAS/Splendora_Police_Department/SplendoraCoPoliceDeptTX_TFM_MOA_06132025.pdf,"""7b09eada1ba8900e736ba2bafbd7e5dd:1753122392.140765""","Mon, 21 Jul 2025 18:26:32 GMT",
agreements/agreements_20260912_135704/TEXAS/Terrell_County_Sheriff's_Office/MOA_TerrellCoSheriffsOfficeTX_TFM_MOA_07022025.pdf,f94f8345a557b42e94770a6c1b7eacc46c647058e688d429a220162460dd2a31,https://www.ice.gov/doclib/287gMOA/TerrellCoSheriffsOfficeTX_TFM_MOA_07022025.pdf,2026-09-12T20:59:58Z,TEXAS,Terrell County Sheriff's Office,TerrellCoSheriffsOfficeTX_TFM_MOA_07022025.pdf,MOA; new url in sheet a405c40debaf; deduplicated 2026-09-14; identical bytes retained at agreements/agreements_20260607_025243/TEXAS/Terrell_County_Sheriff's_Office/TerrellCoSheriffsOfficeTX_TFM_MOA_07022025.pdf,"""8980f79aeed7e7fa854c3d513284f208:1753122393.452764""","Mon, 21 Jul 2025 18:26:33 GMT",
agreements/agreements_20260912_135704/TEXAS/Victoria_County_Sheriff’s_Office/MOA_VictoriaCoSheriffsOfficeTX_TFM_MOA_07072025.pdf,29e687f407a8fd49c2fc08c8708cc4a64b5f41c8c7ccfa03672d87f133b93371,https://www.ice.gov/doclib/287gMOA/VictoriaCoSheriffsOfficeTX_TFM_MOA_07072025.pdf,2026-09-12T20:59:58Z,TEXAS,Victoria County Sheriff’s Office,VictoriaCoSheriffsOfficeTX_TFM_MOA_07072025.pdf,MOA; new url in sheet a405c40debaf; deduplicated 2026-09-14; identical bytes retained at agreements/agreements_20260607_025243/TEXAS/Victoria_County_Sheriff’s_Office/VictoriaCoSheriffsOfficeTX_TFM_MOA_07072025.pdf,"""ada8e4a3e1da353a9e2490bb35ba48b4:1753122395.159688""","Mon, 21 Jul 2025 18:26:35 GMT",
agreements/agreements_20260912_135704/PENNSYLVANIA/Washington_County_Sheriff's_Office/MOA_WashingtonCoSheriffsOfficePA_TFM_MOA_06182025.pdf,eb48f7b37ab604535b398085c92768dc77d088a6029c64c97b18235eaac8ed98,https://www.ice.gov/doclib/287gMOA/WashingtonCoSheriffsOfficePA_TFM_MOA_06182025.pdf,2026-09-12T20:59:59Z,PENNSYLVANIA,Washington County Sheriff's Office,WashingtonCoSheriffsOfficePA_TFM_MOA_06182025.pdf,MOA; new url in sheet a405c40debaf; deduplicated 2026-09-14; identical bytes retained at agreements/agreements_20260607_025243/PENNSYLVANIA/Washington_County_Sheriff's_Office/WashingtonCoSheriffsOfficePA_TFM_MOA_06182025.pdf,"""5106b0882eada506ec573ab5d0fb3540:1753185314.28474""","Tue, 22 Jul 2025 11:55:14 GMT",
agreements/agreements_20260912_135704/SOUTH_CAROLINA/Duncan_Police_Department/MOA_DuncanPoliceDeptSC_TFM_MOA_06112025.pdf,d1f8fdecae53d85bf9fe3538db69af3d6154423c499d2aef2ad6b01d5047428d,https://www.ice.gov/doclib/287gMOA/DuncanPoliceDeptSC_TFM_MOA_06112025.pdf,2026-09-12T20:59:59Z,SOUTH CAROLINA,Duncan Police Department,DuncanPoliceDeptSC_TFM_MOA_06112025.pdf,MOA; new url in sheet a405c40debaf; deduplicated 2026-09-14; identical bytes retained at agreements/agreements_20260607_025243/SOUTH_CAROLINA/Duncan_Police_Department/DuncanPoliceDeptSC_TFM_MOA_06112025.pdf,"""cf3989fdac063e6a3b51c00041bfe78e:1753185587.387887""","Tue, 22 Jul 2025 11:59:47 GMT",
agreements/agreements_20260912_135704/TENNESSEE/Putnam_County_Sheriff's_Office/MOA_PutnamCoSheriffsOfficeTN_TFM_MOA_06242025.pdf,05b5eca0d19cfb2c5ea172e1f2a20f8ad504fa326fba9832e0b6357e0324a9a1,https://www.ice.gov/doclib/287gMOA/PutnamCoSheriffsOfficeTN_TFM_MOA_06242025.pdf,2026-09-12T20:59:59Z,TENNESSEE,Putnam County Sheriff's Office,PutnamCoSheriffsOfficeTN_TFM_MOA_06242025.pdf,MOA; new url in sheet a405c40debaf; deduplicated 2026-09-14; identical bytes retained at agreements/agreements_20260607_025243/TENNESSEE/Putnam_County_Sheriff's_Office/PutnamCoSheriffsOfficeTN_TFM_MOA_06242025.pdf,"""bb86dd7a3e2ed5b730b9143b76c43522:1753185587.425728""","Tue, 22 Jul 2025 11:59:47 GMT",
agreements/agreements_20260912_135704/SOUTH_DAKOTA/South_Dakota_Division_of_Criminal_Investigation/MOA_SouthDakotaDivCrimInv_TFM_MOA_06122025.pdf,a590a3235859fec9c3e1681d18c7c582ea5777c017aa892a64c9590f1816eefb,https://www.ice.gov/doclib/287gMOA/SouthDakotaDivCrimInv_TFM_MOA_06122025.pdf,2026-09-12T21:00:00Z,SOUTH DAKOTA,South Dakota Division of Criminal Investigation,SouthDakotaDivCrimInv_TFM_MOA_06122025.pdf,MOA; new url in sheet a405c40debaf; deduplicated 2026-09-14; identical bytes retained at agreements/agreements_20260607_025243/SOUTH_DAKOTA/South_Dakota_Division_of_Criminal_Investigation/SouthDakotaDivCrimInv_TFM_MOA_06122025.pdf,"""c5b2d0f1605dfaec87ff73f943d14e2b:1753185589.753822""","Tue, 22 Jul 2025 11:59:49 GMT",
agreements/agreements_20260912_135704/SOUTH_CAROLINA/Holly_Hill_Police_Department/MOA_HollyHillPoliceDeptSC_TFM_MOA_06162025.pdf,f5db9e02a4c6984995116523a74890469db19a1ec8a24367032a8d40030221ef,https://www.ice.gov/doclib/287gMOA/HollyHillPoliceDeptSC_TFM_MOA_06162025.pdf,2026-09-12T21:00:00Z,SOUTH CAROLINA,Holly Hill Police Department,HollyHillPoliceDeptSC_TFM_MOA_06162025.pdf,MOA; new url in sheet a405c40debaf; deduplicated 2026-09-14; identical bytes retained at agreements/agreements_20260607_025243/SOUTH_CAROLINA/Holly_Hill_Police_Department/HollyHillPoliceDeptSC_TFM_MOA_06162025.pdf,"""c783d81357aafe999cb89c893a993a05:1753185587.08886""","Tue, 22 Jul 2025 11:59:47 GMT",
agreements/agreements_20260912_135704/PENNSYLVANIA/Butler_County_Sheriff's_Office/MOA_ButlerCoSheriffsOfficePA_TFM_MOA_06122025.pdf,0b056cddc9b96878902fdb08404053736201292cf4564cdc7e3109c919e88af7,https://www.ice.gov/doclib/287gMOA/ButlerCoSheriffsOfficePA_TFM_MOA_06122025.pdf,2026-09-12T21:00:00Z,PENNSYLVANIA,Butler County Sheriff's Office,ButlerCoSheriffsOfficePA_TFM_MOA_06122025.pdf,MOA; new url in sheet a405c40debaf; deduplicated 2026-09-14; identical bytes retained at agreements/agreements_20260607_025243/PENNSYLVANIA/Butler_County_Sheriff's_Office/ButlerCoSheriffsOfficePA_TFM_MOA_06122025.pdf,"""15a7a4e5c6afb3574b54834db0a11ee8:1753186011.45183""","Tue, 22 Jul 2025 12:06:51 GMT",
agreements/agreements_20260912_135704/PENNSYLVANIA/Manheim_Borough_Police_Department/MOA_ManheimBoroughPoliceDeptPA_TFM_MOA_06182025.pdf,10b1ca0e2ff3f5d795247a40db8156ad2610cac4794a08a73ca1569dab01d773,https://www.ice.gov/doclib/287gMOA/ManheimBoroughPoliceDeptPA_TFM_MOA_06182025.pdf,2026-09-12T21:00:01Z,PENNSYLVANIA,Manheim Borough Police Department,ManheimBoroughPoliceDeptPA_TFM_MOA_06182025.pdf,MOA; new url in sheet a405c40debaf; deduplicated 2026-09-14; identical bytes retained at agreements/agreements_20260607_025243/PENNSYLVANIA/Manheim_Borough_Police_Department/ManheimBoroughPoliceDeptPA_TFM_MOA_06182025.pdf,"""068fc7ad5979770d34465f0b08172e6d:1753186010.047216""","Tue, 22 Jul 2025 12:06:50 GMT",
agreements/agreements_20260912_135704/PENNSYLVANIA/Northwest_Regional_Police_Department/MOA_NW_RegPoliceDeptPA_TFM_MOA_04232025.pdf,7ab263dd75cd7c948e0f0a106d1bc584e01b7fcf3be3aedc455e777d972494fb,https://www.ice.gov/doclib/287gMOA/NW_RegPoliceDeptPA_TFM_MOA_04232025.pdf,2026-09-12T21:00:01Z,PENNSYLVANIA,Northwest Regional Police Department,NW_RegPoliceDeptPA_TFM_MOA_04232025.pdf,MOA; new url in sheet a405c40debaf; deduplicated 2026-09-14; identical bytes retained at agreements/agreements_20260607_025243/PENNSYLVANIA/Northwest_Regional_Police_Department/NW_RegPoliceDeptPA_TFM_MOA_04232025.pdf,"""94e3b3649e821b8419c81445d0e3896f:1753186009.756597""","Tue, 22 Jul 2025 12:06:49 GMT",
agreements/agreements_20260912_135704/PENNSYLVANIA/Preston_Township_Constable's_Office/MOA_PrestonTownshipConstablePA_TFM_MOA_05082025.pdf,ba5c20f2c2a0759b8139d06812b17da4fd3cce55ac56db5bfd537fc025e40a85,https://www.ice.gov/doclib/287gMOA/PrestonTownshipConstablePA_TFM_MOA_05082025.pdf,2026-09-12T21:00:01Z,PENNSYLVANIA,Preston Township Constable's Office,PrestonTownshipConstablePA_TFM_MOA_05082025.pdf,MOA; new url in sheet a405c40debaf; deduplicated 2026-09-14; identical bytes retained at agreements/agreements_20260607_025243/PENNSYLVANIA/Preston_Township_Constable's_Office/PrestonTownshipConstablePA_TFM_MOA_05082025.pdf,"""92e92d0dccbac1865f7def6512da5289:1753186013.413594""","Tue, 22 Jul 2025 12:06:53 GMT",
agreements/agreements_20260912_135704/PENNSYLVANIA/Sewickley_Township_Constable's_Office/MOA_SewickleyTownshipConstablePA_TFM_MOA_05082025.pdf,2b26894c6247470e96e63ef7b57d95fa903e77badb6473dba8618276ac42e9a9,https://www.ice.gov/doclib/287gMOA/SewickleyTownshipConstablePA_TFM_MOA_05082025.pdf,2026-09-12T21:00:02Z,PENNSYLVANIA,Sewickley Township Constable's Office,SewickleyTownshipConstablePA_TFM_MOA_05082025.pdf,MOA; new url in sheet a405c40debaf; deduplicated 2026-09-14; identical bytes retained at agreements/agreements_20260607_025243/PENNSYLVANIA/Sewickley_Township_Constable's_Office/SewickleyTownshipConstablePA_TFM_MOA_05082025.pdf,"""84b5de3337aeac3b42c497566c503d99:1753186016.508359""","Tue, 22 Jul 2025 12:06:56 GMT",
agreements/agreements_20260912_135704/NORTH_DAKOTA/Eddy_County_Sheriff's_Office/MOA_EddyCoSheriffsDeptND_TFM_MOA_05082025.pdf,f5088481d5ba91d46150b062401de4191fea58ecec4099a573ed565c58c2aed1,https://www.ice.gov/doclib/287gMOA/EddyCoSheriffsDeptND_TFM_MOA_05082025.pdf,2026-09-12T21:00:02Z,NORTH DAKOTA,Eddy County Sheriff's Office,EddyCoSheriffsDeptND_TFM_MOA_05082025.pdf,MOA; new url in sheet a405c40debaf; deduplicated 2026-09-14; identical bytes retained at agreements/agreements_20260607_025243/NORTH_DAKOTA/Eddy_County_Sheriff's_Office/EddyCoSheriffsDeptND_TFM_MOA_05082025.pdf,"""f9bcfbe1ae7ced633df514022403d53c:1753186394.111233""","Tue, 22 Jul 2025 12:13:14 GMT",
agreements/agreements_20260912_135704/NEW_HAMPSHIRE/Hillsborough_County_Sheriff's_Office/MOA_HillsboroughCoSheriffsOfficeNH_TFM_MOA_05222025.pdf,45f4edf0dbb98034aa8bc141bf53f6fe9d7e36fdc9d22e79d8603afc22fcca88,https://www.ice.gov/doclib/287gMOA/HillsboroughCoSheriffsOfficeNH_TFM_MOA_05222025.pdf,2026-09-12T21:00:02Z,NEW HAMPSHIRE,Hillsborough County Sheriff's Office,HillsboroughCoSheriffsOfficeNH_TFM_MOA_05222025.pdf,MOA; new url in sheet a405c40debaf; deduplicated 2026-09-14; identical bytes retained at agreements/agreements_20260607_025243/NEW_HAMPSHIRE/Hillsborough_County_Sheriff's_Office/HillsboroughCoSheriffsOfficeNH_TFM_MOA_05222025.pdf,"""5e96b8d04749a7c19909d8efe527152a:1753186390.806766""","Tue, 22 Jul 2025 12:13:10 GMT",
agreements/agreements_20260912_135704/NORTH_DAKOTA/Ramsey_County_Sheriff's_Office/MOA_RamseyCoSheriffsOfficeND_TFM_MOA_06132025.pdf,62a4b3ce7b4965d63d43edd3c84e57244df298c569687a38e67bcd197967f094,https://www.ice.gov/doclib/287gMOA/RamseyCoSheriffsOfficeND_TFM_MOA_06132025.pdf,2026-09-12T21:00:03Z,NORTH DAKOTA,Ramsey County Sheriff's Office,RamseyCoSheriffsOfficeND_TFM_MOA_06132025.pdf,MOA; new url in sheet a405c40debaf; deduplicated 2026-09-14; identical bytes retained at agreements/agreements_20260607_025243/NORTH_DAKOTA/Ramsey_County_Sheriff's_Office/RamseyCoSheriffsOfficeND_TFM_MOA_06132025.pdf,"""5518e71a36644631cec4155915244844:1753186391.5925""","Tue, 22 Jul 2025 12:13:11 GMT",
agreements/agreements_20260912_135704/FLORIDA/Alachua_Police_Department/MOA_Alachua_PD_FL_signed_7_2_25.pdf,86e3f3005de470c93c458b1265a79e20eb47ab406cd9b190b19742d3d2e9a2d3,https://www.ice.gov/doclib/287gMOA/Alachua_PD_FL_signed_7_2_25.pdf,2026-09-12T21:00:03Z,FLORIDA,Alachua Police Department,Alachua_PD_FL_signed_7_2_25.pdf,MOA; new url in sheet a405c40debaf; deduplicated 2026-09-14; identical bytes retained at agreements/agreements_20260607_025243/FLORIDA/Alachua_Police_Department/Alachua_PD_FL_signed_7_2_25.pdf,"""da487541e3e198b0d094f9a282e34053:1753300992.484165""","Wed, 23 Jul 2025 20:03:12 GMT",
agreements/agreements_20260912_135704/FLORIDA/Apopka_Police_Department/MOA_Apopka_PD_FL_signed_7_2_2025.pdf,abb221ffe475d68c8d6c10f0293665d76c2d76a5c5b7179b3e55a4e22523a77a,https://www.ice.gov/doclib/287gMOA/Apopka_PD_FL_signed_7_2_2025.pdf,2026-09-12T21:00:04Z,FLORIDA,Apopka Police Department,Apopka_PD_FL_signed_7_2_2025.pdf,MOA; new url in sheet a405c40debaf; deduplicated 2026-09-14; identical bytes retained at agreements/agreements_20260607_025243/FLORIDA/Apopka_Police_Department/Apopka_PD_FL_signed_7_2_2025.pdf,"""edf58bb752977a31e381896f1197f714:1753300985.879812""","Wed, 23 Jul 2025 20:03:05 GMT",
agreements/agreements_20260912_135704/LOUISIANA/Beauregard_Parish_Sheriff's_Office/MOA_Beauregard_Parish_Sheriff_Office_LA_5_16_25.pdf,d359347a9bdecb8fae4d81f84504c17561b247a6fa7b5afb33e847380bcf3daf,https://www.ice.gov/doclib/287gMOA/Beauregard_Parish_Sheriff_Office_LA_5_16_25.pdf,2026-09-12T21:00:04Z,LOUISIANA,Beauregard Parish Sheriff's Office,Beauregard_Parish_Sheriff_Office_LA_5_16_25.pdf,MOA; new url in sheet a405c40debaf; deduplicated 2026-09-14; identical bytes retained at agreements/agreements_20260607_025243/LOUISIANA/Beauregard_Parish_Sheriff's_Office/Beauregard_Parish_Sheriff_Office_LA_5_16_25.pdf,"""d0cac9204eb91153c2e87f1c697b642b:1753300994.653808""","Wed, 23 Jul 2025 20:03:14 GMT",
agreements/agreements_20260912_135704/MISSOURI/Christian_County_Sheriff's_Office/MOA_ChristianCountySheriffsMO_7.7.2025.pdf,552bfcf3804be47a919c1ae67f02f4aa28a7b822e753da40b5e5faa9dd59c976,https://www.ice.gov/doclib/287gMOA/ChristianCountySheriffsMO_7.7.2025.pdf,2026-09-12T21:00:04Z,MISSOURI,Christian County Sheriff's Office,ChristianCountySheriffsMO_7.7.2025.pdf,MOA; new url in sheet a405c40debaf; deduplicated 2026-09-14; identical bytes retained at agreements/agreements_20260607_025243/MISSOURI/Christian_County_Sheriff's_Office/ChristianCountySheriffsMO_7.7.2025.pdf,"""85622ad6b3510ac79daa8793523c0309:1753300989.598608""","Wed, 23 Jul 2025 20:03:09 GMT",
agreements/agreements_20260912_135704/GEORGIA/Monroe_Police_Department/MOA_CityofMonroePDGA7.7.2025.pdf,79d77e4cc5b5f4c4531abe89e75488c25559d09ad0f610a4f328f0215b39db94,https://www.ice.gov/doclib/287gMOA/CityofMonroePDGA7.7.2025.pdf,2026-09-12T21:00:05Z,GEORGIA,Monroe Police Department,CityofMonroePDGA7.7.2025.pdf,MOA; new url in sheet a405c40debaf; deduplicated 2026-09-14; identical bytes retained at agreements/agreements_20260607_025243/GEORGIA/Monroe_Police_Department_/CityofMonroePDGA7.7.2025.pdf,"""77b11bc3607fdc8542188c9e91a7faae:1753300979.876441""","Wed, 23 Jul 2025 20:02:59 GMT",
agreements/agreements_20260912_135704/LOUISIANA/Plaquemines_Parish_Sheriff's_Office/MOA_PlaqueminesLA_6.13.25.pdf,c8140adca31a38d35a88efe41936c5c2c452ab90bc723d6130d2d89d171c78dc,https://www.ice.gov/doclib/287gMOA/PlaqueminesLA_6.13.25.pdf,2026-09-12T21:00:05Z,LOUISIANA,Plaquemines Parish Sheriff's Office,PlaqueminesLA_6.13.25.pdf,MOA; new url in sheet a405c40debaf; deduplicated 2026-09-14; identical bytes retained at agreements/agreements_20260812_014703/LOUISIANA/Plaquemines_Parish_Sheriff's_Office/PlaqueminesLA_6.13.25.pdf,"""7f7927739a2e0801080524303bf9eeef:1753300972.934186""","Wed, 23 Jul 2025 20:02:52 GMT",
agreements/agreements_20260912_135704/KENTUCKY/Scott_County_Sheriff's_Office/MOA_ScottCountySheriffsOfficeKY_7.2.25.pdf,ad7d0a95ae1d1fd81a3701f61e4480f5cdb37beff35e24563718a3d342b814bf,https://www.ice.gov/doclib/287gMOA/ScottCountySheriffsOfficeKY_7.2.25.pdf,2026-09-12T21:00:05Z,KENTUCKY,Scott County Sheriff's Office,ScottCountySheriffsOfficeKY_7.2.25.pdf,MOA; new url in sheet a405c40debaf; deduplicated 2026-09-14; identical bytes retained at agreements/agreements_20260607_025243/KENTUCKY/Scott_County_Sheriff's_Office/ScottCountySheriffsOfficeKY_7.2.25.pdf,"""7520a998304b235dfb6396b5d8d00e98:1753300975.434111""","Wed, 23 Jul 2025 20:02:55 GMT",
agreements/agreements_20260912_135704/KANSAS/Shawnee_County_Sheriff's_Office/MOA_ShawneeCountySheriffsOfficeKS7.2.25.pdf,b2c2058aa44e926009a4501d7cb7864d1116b0769edca88d0bf8e46d12f37544,https://www.ice.gov/doclib/287gMOA/ShawneeCountySheriffsOfficeKS7.2.25.pdf,2026-09-12T21:00:06Z,KANSAS,Shawnee County Sheriff's Office,ShawneeCountySheriffsOfficeKS7.2.25.pdf,MOA; new url in sheet a405c40debaf; deduplicated 2026-09-14; identical bytes retained at agreements/agreements_20260607_025243/KANSAS/Shawnee_County_Sheriff's_Office/ShawneeCountySheriffsOfficeKS7.2.25.pdf,"""5c0b08428ef0c38c324ba5172d98bee8:1753300972.529064""","Wed, 23 Jul 2025 20:02:52 GMT",
agreements/agreements_20260912_135704/KENTUCKY/Union_County_Sheriff's_Office/MOA_UnionCountySheriffsOfficeKY_5.16.25.pdf,8ab4d0c0b2cfb42def866fca1112884522787b584386ed900a46fcefbe3e643d,https://www.ice.gov/doclib/287gMOA/UnionCountySheriffsOfficeKY_5.16.25.pdf,2026-09-12T21:00:06Z,KENTUCKY,Union County Sheriff's Office,UnionCountySheriffsOfficeKY_5.16.25.pdf,MOA; new url in sheet a405c40debaf; deduplicated 2026-09-14; identical bytes retained at agreements/agreements_20260607_025243/KENTUCKY/Union_County_Sheriff's_Office/UnionCountySheriffsOfficeKY_5.16.25.pdf,"""76ef4b2d078eb6889661e56c582e2598:1753300975.978652""","Wed, 23 Jul 2025 20:02:55 GMT",
agreements/agreements_20260912_135704/PENNSYLVANIA/Luzerne_County_District_Attorney's_Office/MOA_LuzerneCoDistrictAttorneyPA_TFM_MOA_07072025.pdf,a0c3368188f33410af7d4c158fc225d868d31745cedb3ce1857d73539fa8c49a,https://www.ice.gov/doclib/287gMOA/LuzerneCoDistrictAttorneyPA_TFM_MOA_07072025.pdf,2026-09-12T21:00:06Z,PENNSYLVANIA,Luzerne County District Attorney's Office,LuzerneCoDistrictAttorneyPA_TFM_MOA_07072025.pdf,MOA; new url in sheet a405c40debaf; deduplicated 2026-09-14; identical bytes retained at agreements/agreements_20260607_025243/PENNSYLVANIA/Luzerne_County_District_Attorney's_Office/LuzerneCoDistrictAttorneyPA_TFM_MOA_07072025.pdf,"""82a8721a9f36e499734d52a5069732b9:1753466390.46234""","Fri, 25 Jul 2025 17:59:50 GMT",
agreements/agreements_20260912_135704/PENNSYLVANIA/New_Sewickley_Township_Police_Department/MOA_NewSewickleyTownshipPoliceDeptPA_TFM_MOA_07022025.pdf,e38b25d0c7a2b26d14f1d7ccb9e51933e1c9bdff90904005535b5fc4c935c024,https://www.ice.gov/doclib/287gMOA/NewSewickleyTownshipPoliceDeptPA_TFM_MOA_07022025.pdf,2026-09-12T21:00:07Z,PENNSYLVANIA,New Sewickley Township Police Department,NewSewickleyTownshipPoliceDeptPA_TFM_MOA_07022025.pdf,MOA; new url in sheet a405c40debaf; deduplicated 2026-09-14; identical bytes retained at agreements/agreements_20260607_025243/PENNSYLVANIA/New_Sewickley_Township_Police_Department/NewSewickleyTownshipPoliceDeptPA_TFM_MOA_07022025.pdf,"""d040828ca36011ae901268f8453cfad2:1753466390.24133""","Fri, 25 Jul 2025 17:59:50 GMT",
agreements/agreements_20260912_135704/FLORIDA/University_of_Florida_Police_Department/MOA_UnivFLPDFL_TFM_MOA_041525.pdf,1cf49d3054fa84d4d3d71294523715410413ca88dfe37aa6a79af87f1106d6f2,https://www.ice.gov/doclib/287gMOA/UnivFLPDFL_TFM_MOA_041525.pdf,2026-09-12T21:00:07Z,FLORIDA,University of Florida Police Department,UnivFLPDFL_TFM_MOA_041525.pdf,MOA; new url in sheet a405c40debaf,"""30368106a98b72f5105193b547adbbc9:1747264178.781773""","Wed, 14 May 2025 23:09:38 GMT",
agreements/agreements_20260912_135704/ALABAMA/Franklin_County_Sheriff's_Office/MOA_FranklinCoSheriffsOfficeAL_JEM_MOA_06122025.pdf,609e29b15bb31506cba84e3ba830916948d8c2bfe9e838b305025f18f26c7f1f,https://www.ice.gov/doclib/287gMOA/FranklinCoSheriffsOfficeAL_JEM_MOA_06122025.pdf,2026-09-12T21:00:07Z,ALABAMA,Franklin County Sheriff's Office,FranklinCoSheriffsOfficeAL_JEM_MOA_06122025.pdf,MOA; new url in sheet a405c40debaf; deduplicated 2026-09-14; identical bytes retained at agreements/agreements_20260607_025243/ALABAMA/Franklin_County_Sheriff's_Office/FranklinCoSheriffsOfficeAL_JEM_MOA_06122025.pdf,"""d0de46ab8c0f45438b50fecfd11739f0:1754058397.716751""","Fri, 01 Aug 2025 14:26:37 GMT",
agreements/agreements_20260912_135704/MISSISSIPPI/Stone_County_Sheriff's_Office/MOA_StoneCountySheriffsOfficeMS_7.7.2025.pdf,9edd18dfe6f95c7419786c45b9fa5d7a3c44a15c76dd99bf8f20f6b5ee194541,https://www.ice.gov/doclib/287gMOA/StoneCountySheriffsOfficeMS_7.7.2025.pdf,2026-09-12T21:00:08Z,MISSISSIPPI,Stone County Sheriff's Office,StoneCountySheriffsOfficeMS_7.7.2025.pdf,MOA; new url in sheet a405c40debaf; deduplicated 2026-09-14; identical bytes retained at agreements/agreements_20260607_025243/MISSISSIPPI/Stone_County_Sheriff's_Office/StoneCountySheriffsOfficeMS_7.7.2025.pdf,"""0174191afeb982fc06109f857605057e:1754058140.834093""","Fri, 01 Aug 2025 14:22:20 GMT",
agreements/agreements_20260912_135704/FLORIDA/Bunnell_Police_Department/MOA_BunnellPoliceDeptFL_TFM_MOA_07152025.pdf,598c7c10bb6d9b8b858ab796361e7ca17eb4f3d3a63a60345c7c3542defbc2b9,https://www.ice.gov/doclib/287gMOA/BunnellPoliceDeptFL_TFM_MOA_07152025.pdf,2026-09-12T21:00:08Z,FLORIDA,Bunnell Police Department,BunnellPoliceDeptFL_TFM_MOA_07152025.pdf,MOA; new url in sheet a405c40debaf; deduplicated 2026-09-14; identical bytes retained at agreements/agreements_20260607_025243/FLORIDA/Bunnell_Police_Department_/BunnellPoliceDeptFL_TFM_MOA_07152025.pdf,"""1c8d5d339a935f1bede887dc3a56b9af:1754395259.247134""","Tue, 05 Aug 2025 12:00:59 GMT",
agreements/agreements_20260912_135704/FLORIDA/Clewiston_Police_Department/MOA_ClewistonPoliceDeptFL_TFM_MOA_07242025.pdf,c29ab2c27227b7df8524723017a9e6c5782de03605b6ffdcf3c4213cafa35074,https://www.ice.gov/doclib/287gMOA/ClewistonPoliceDeptFL_TFM_MOA_07242025.pdf,2026-09-12T21:00:08Z,FLORIDA,Clewiston Police Department,ClewistonPoliceDeptFL_TFM_MOA_07242025.pdf,MOA; new url in sheet a405c40debaf; deduplicated 2026-09-14; identical bytes retained at agreements/agreements_20260607_025243/FLORIDA/Clewiston_Police_Department/ClewistonPoliceDeptFL_TFM_MOA_07242025.pdf,"""ffb9ceb33275b84f6932941c544ec29e:1754395256.278542""","Tue, 05 Aug 2025 12:00:56 GMT",
agreements/agreements_20260912_135704/ARKANSAS/Miller_County_Sheriff's_Office/MOA_MillerCoSheriffsOfficeAR_TFM_MOA_07112025.pdf,0c113a83a53cde908bfe7653ce1b39646ed4103a13027db518480c44f7c09619,https://www.ice.gov/doclib/287gMOA/MillerCoSheriffsOfficeAR_TFM_MOA_07112025.pdf,2026-09-12T21:00:09Z,ARKANSAS,Miller County Sheriff's Office,MillerCoSheriffsOfficeAR_TFM_MOA_07112025.pdf,MOA; new url in sheet a405c40debaf; deduplicated 2026-09-14; identical bytes retained at agreements/agreements_20260607_025243/ARKANSAS/Miller_County_Sheriff's_Office/MillerCoSheriffsOfficeAR_TFM_MOA_07112025.pdf,"""c4ba26f1d34ed88a998d27b9d4f9462b:1754395270.984467""","Tue, 05 Aug 2025 12:01:10 GMT",
agreements/agreements_20260912_135704/ARKANSAS/Sebastian_County_Sheriff's_Office/MOA_SebastianCoSheriffsOfficeAR_WSO_MOA_07182025.pdf,07b367df79e56f84d7611b18c707910caa7223430c521b41f92aeebb54fe6228,https://www.ice.gov/doclib/287gMOA/SebastianCoSheriffsOfficeAR_WSO_MOA_07182025.pdf,2026-09-12T21:00:09Z,ARKANSAS,Sebastian County Sheriff's Office,SebastianCoSheriffsOfficeAR_WSO_MOA_07182025.pdf,MOA; new url in sheet a405c40debaf; deduplicated 2026-09-14; identical bytes retained at agreements/agreements_20260607_025243/ARKANSAS/Sebastian_County_Sheriff's_Office_/SebastianCoSheriffsOfficeAR_WSO_MOA_07182025.pdf,"""729eb0de49375d3cdbafbe8a78f6bf08:1754395262.116659""","Tue, 05 Aug 2025 12:01:02 GMT",
agreements/agreements_20260912_135704/ARKANSAS/Baxter_County_Sheriff's_Office/MOA_BaxterCoSheriffsOfficeAR_TFM_MOA_07152025.pdf,0d8184f749511a3b909513a1d9b4dd1d3ecd2d56322ad5928d89542131e46302,https://www.ice.gov/doclib/287gMOA/BaxterCoSheriffsOfficeAR_TFM_MOA_07152025.pdf,2026-09-12T21:00:09Z,ARKANSAS,Baxter County Sheriff's Office,BaxterCoSheriffsOfficeAR_TFM_MOA_07152025.pdf,MOA; new url in sheet a405c40debaf; deduplicated 2026-09-14; identical bytes retained at agreements/agreements_20260812_014703/ARKANSAS/Baxter_County_Sheriff's_Office/BaxterCoSheriffsOfficeAR_TFM_MOA_07152025.pdf,"""3a064502a66493ffd499694ee0d073a0:1754395714.372682""","Tue, 05 Aug 2025 12:08:34 GMT",
agreements/agreements_20260912_135704/ARKANSAS/Baxter_County_Sheriff's_Office/MOA_BaxterCoSheriffsOfficeAR_WSO_MOA_07152025.pdf,fec123a83e998a39dcdcd9b76fbeaba8091653a3aef3b205ceac46394f746d52,https://www.ice.gov/doclib/287gMOA/BaxterCoSheriffsOfficeAR_WSO_MOA_07152025.pdf,2026-09-12T21:00:10Z,ARKANSAS,Baxter County Sheriff's Office,BaxterCoSheriffsOfficeAR_WSO_MOA_07152025.pdf,MOA; new url in sheet a405c40debaf; deduplicated 2026-09-14; identical bytes retained at agreements/agreements_20260607_025243/ARKANSAS/Baxter_County_Sheriff's_Office_/BaxterCoSheriffsOfficeAR_WSO_MOA_07152025.pdf,"""498fa2de92b234595609e7cf3e132ed3:1754395714.805625""","Tue, 05 Aug 2025 12:08:34 GMT",
agreements/agreements_20260912_135704/ARKANSAS/Crawford_County_Sheriff's_Office/MOA_CrawfordCoSheriffsOfficeAR_WSO_MOA_07252025.pdf,b55449e45a8e7ffff22dbc92a165f0043118d4d8a8e9981e0e8199d5e13312e8,https://www.ice.gov/doclib/287gMOA/CrawfordCoSheriffsOfficeAR_WSO_MOA_07252025.pdf,2026-09-12T21:00:10Z,ARKANSAS,Crawford County Sheriff's Office,CrawfordCoSheriffsOfficeAR_WSO_MOA_07252025.pdf,MOA; new url in sheet a405c40debaf; deduplicated 2026-09-14; identical bytes retained at agreements/agreements_20260607_025243/ARKANSAS/Crawford_County_Sheriff's_Office/CrawfordCoSheriffsOfficeAR_WSO_MOA_07252025.pdf,"""1401c94953a66608290244fbb8caca39:1754395715.032311""","Tue, 05 Aug 2025 12:08:35 GMT",
agreements/agreements_20260912_135704/ARKANSAS/Johnson_County_Sheriff's_Office/MOA_JohnsonCoSheriffsOfficeAR_WSO_MOA_07182025.pdf,7be22416b2391cf3a1ba5c9c20673afa82b2c855349858512d5a247b474ef417,https://www.ice.gov/doclib/287gMOA/JohnsonCoSheriffsOfficeAR_WSO_MOA_07182025.pdf,2026-09-12T21:00:10Z,ARKANSAS,Johnson County Sheriff's Office,JohnsonCoSheriffsOfficeAR_WSO_MOA_07182025.pdf,MOA; new url in sheet a405c40debaf; deduplicated 2026-09-14; identical bytes retained at agreements/agreements_20260607_025243/ARKANSAS/Johnson_County_Sheriff's_Office/JohnsonCoSheriffsOfficeAR_WSO_MOA_07182025.pdf,"""5485d2cb4debbe2186d4c668b6e16dbd:1754395735.565154""","Tue, 05 Aug 2025 12:08:55 GMT",
agreements/agreements_20260912_135704/ARKANSAS/Lafayette_County_Sheriff's_Office/MOA_LafayetteCoSheriffsOfficeAR_WSO_MOA_07112025.pdf,896f0342df5646a5d48d7f733f54a22fae1d1fff629df6b59c18fa936be60927,https://www.ice.gov/doclib/287gMOA/LafayetteCoSheriffsOfficeAR_WSO_MOA_07112025.pdf,2026-09-12T21:00:10Z,ARKANSAS,Lafayette County Sheriff's Office,LafayetteCoSheriffsOfficeAR_WSO_MOA_07112025.pdf,MOA; new url in sheet a405c40debaf; deduplicated 2026-09-14; identical bytes retained at agreements/agreements_20260607_025243/ARKANSAS/Lafayette_County_Sheriff's_Office_/LafayetteCoSheriffsOfficeAR_WSO_MOA_07112025.pdf,"""68150ce2ef00fe4e03a808f72b69781a:1754395715.205894""","Tue, 05 Aug 2025 12:08:35 GMT",
agreements/agreements_20260912_135704/ARKANSAS/Little_River_County_Sheriff's_Office/MOA_LittleRiverCoSheriffsOfficeAR_WSO_MOA_07072025.pdf,4cd547015720e5e5074452202e3d838b736999dfb87191caef4b7b97fe97d65f,https://www.ice.gov/doclib/287gMOA/LittleRiverCoSheriffsOfficeAR_WSO_MOA_07072025.pdf,2026-09-12T21:00:11Z,ARKANSAS,Little River County Sheriff's Office,LittleRiverCoSheriffsOfficeAR_WSO_MOA_07072025.pdf,MOA; new url in sheet a405c40debaf; deduplicated 2026-09-14; identical bytes retained at agreements/agreements_20260607_025243/ARKANSAS/Little_River_County_Sheriff's_Office/LittleRiverCoSheriffsOfficeAR_WSO_MOA_07072025.pdf,"""4f029a0985426a6cb1a8460700c207fe:1754395727.153448""","Tue, 05 Aug 2025 12:08:47 GMT",
agreements/agreements_20260912_135704/ALABAMA/Marion_County_Sheriff's_Office/MOA_MarionCoSheriffsOfficeAL_JEM_MOA_07232025.pdf,30c892e74355b355a2292ad5052f1592808d5edfe9c9df36218e24eb2d79d201,https://www.ice.gov/doclib/287gMOA/MarionCoSheriffsOfficeAL_JEM_MOA_07232025.pdf,2026-09-12T21:00:11Z,ALABAMA,Marion County Sheriff's Office,MarionCoSheriffsOfficeAL_JEM_MOA_07232025.pdf,MOA; new url in sheet a405c40debaf; deduplicated 2026-09-14; identical bytes retained at agreements/agreements_20260812_014703/ALABAMA/Marion_County_Sheriff's_Office/MarionCoSheriffsOfficeAL_JEM_MOA_07232025.pdf,"""419eca0f1fb490ee451725ee321ea272:1754395733.250365""","Tue, 05 Aug 2025 12:08:53 GMT",
agreements/agreements_20260912_135704/ALABAMA/Marion_County_Sheriff's_Office/MOA_MarionCoSheriffsOfficeAL_WSO_MOA_07232025.pdf,080b738b773be35311e10689169a19ed9f2d0b8c6ba4103069dc0b2519404fd7,https://www.ice.gov/doclib/287gMOA/MarionCoSheriffsOfficeAL_WSO_MOA_07232025.pdf,2026-09-12T21:00:12Z,ALABAMA,Marion County Sheriff's Office,MarionCoSheriffsOfficeAL_WSO_MOA_07232025.pdf,MOA; new url in sheet a405c40debaf; deduplicated 2026-09-14; identical bytes retained at agreements/agreements_20260607_025243/ALABAMA/Marion_County_Sheriff's_Office/MarionCoSheriffsOfficeAL_WSO_MOA_07232025.pdf,"""c9eb10498fb3aff29916697854506014:1754395728.496943""","Tue, 05 Aug 2025 12:08:48 GMT",
agreements/agreements_20260912_135704/ALABAMA/Mobile_County_Sheriff's_Office/MOA_MobileCoSheriffsOfficeAL_TFM_MOA_07232025.pdf,98abdd35519dd9e2fb566366a703739b6602f8b82b5aac661873e4091ed23974,https://www.ice.gov/doclib/287gMOA/MobileCoSheriffsOfficeAL_TFM_MOA_07232025.pdf,2026-09-12T21:00:12Z,ALABAMA,Mobile County Sheriff's Office,MobileCoSheriffsOfficeAL_TFM_MOA_07232025.pdf,MOA; new url in sheet a405c40debaf; deduplicated 2026-09-14; identical bytes retained at agreements/agreements_20260607_025243/ALABAMA/Mobile_County_Sheriff's_Office_/MobileCoSheriffsOfficeAL_TFM_MOA_07232025.pdf,"""cd9bbae6a9652877f9117efe82109cb5:1754395719.870042""","Tue, 05 Aug 2025 12:08:39 GMT",
agreements/agreements_20260912_135704/ARKANSAS/Texarkana_Police_Department/MOA_TexarkanaPoliceDeptAR_TFM_MOA_07112025.pdf,cff775f749abb665408596ae8c5d9aecc06f682da11bded955359d1a0a91740c,https://www.ice.gov/doclib/287gMOA/TexarkanaPoliceDeptAR_TFM_MOA_07112025.pdf,2026-09-12T21:00:12Z,ARKANSAS,Texarkana Police Department,TexarkanaPoliceDeptAR_TFM_MOA_07112025.pdf,MOA; new url in sheet a405c40debaf; deduplicated 2026-09-14; identical bytes retained at agreements/agreements_20260607_025243/ARKANSAS/Texarkana_Police_Department/TexarkanaPoliceDeptAR_TFM_MOA_07112025.pdf,"""070beda912373e469cc5bb6e4bc6f865:1754395734.019547""","Tue, 05 Aug 2025 12:08:54 GMT",
"agreements/agreements_20260912_135704/FLORIDA/Florida_Department_of_Financial_Services,_Criminal_Investigation_Division/MOA_CriminalInvDivDeptFinSvcsFL_TFM_MOA_07242025.pdf",fe35a0e87fae40aece9653ee15b12b24a19292c68a8a7e22799f903af4f2cca9,https://www.ice.gov/doclib/287gMOA/CriminalInvDivDeptFinSvcsFL_TFM_MOA_07242025.pdf,2026-09-12T21:00:13Z,FLORIDA,"Florida Department of Financial Services, Criminal Investigation Division",CriminalInvDivDeptFinSvcsFL_TFM_MOA_07242025.pdf,"MOA; new url in sheet a405c40debaf; deduplicated 2026-09-14; identical bytes retained at agreements/agreements_20260607_025243/FLORIDA/Florida_Department_of_Financial_Services,_Criminal_Investigation_Division/CriminalInvDivDeptFinSvcsFL_TFM_MOA_07242025.pdf","""8e1663b96f9cf2040e2edc28676f38a0:1754488490.68324""","Wed, 06 Aug 2025 13:54:50 GMT",
agreements/agreements_20260912_135704/FLORIDA/Flagler_Beach_Police_Department/MOA_FlaglerBeachPoliceDeptFL_TFM_MOA_07232025.pdf,66d36d7812597f3bbbb650aeb7cd80f51f72d2190976aabf08e4bdda9dcc7ce9,https://www.ice.gov/doclib/287gMOA/FlaglerBeachPoliceDeptFL_TFM_MOA_07232025.pdf,2026-09-12T21:00:13Z,FLORIDA,Flagler Beach Police Department,FlaglerBeachPoliceDeptFL_TFM_MOA_07232025.pdf,MOA; new url in sheet a405c40debaf; deduplicated 2026-09-14; identical bytes retained at agreements/agreements_20260607_025243/FLORIDA/Flagler_Beach_Police_Department/FlaglerBeachPoliceDeptFL_TFM_MOA_07232025.pdf,"""b062a2ecc6db62d69e59b40382733fdf:1754488490.306116""","Wed, 06 Aug 2025 13:54:50 GMT",
agreements/agreements_20260912_135704/FLORIDA/Florida_Atlantic_Police_Department/MOA_FloridaAtlanticPoliceDeptFL_TFM_MOA_07242025.pdf,4516a1415411e73b6723b4a061ce7c90bafb599d53af7f945b148556ebede720,https://www.ice.gov/doclib/287gMOA/FloridaAtlanticPoliceDeptFL_TFM_MOA_07242025.pdf,2026-09-12T21:00:13Z,FLORIDA,Florida Atlantic Police Department,FloridaAtlanticPoliceDeptFL_TFM_MOA_07242025.pdf,MOA; new url in sheet a405c40debaf; deduplicated 2026-09-14; identical bytes retained at agreements/agreements_20260607_025243/FLORIDA/Florida_Atlantic_Police_Department_/FloridaAtlanticPoliceDeptFL_TFM_MOA_07242025.pdf,"""1e38a3657c62554fc9e58346750617a3:1754488490.186313""","Wed, 06 Aug 2025 13:54:50 GMT",
agreements/agreements_20260912_135704/FLORIDA/Gulf_County_Sheriff's_Office/MOA_GulfCoSheriffsOfficeFL_TFM_MOA_02262025.pdf,8cb37c7c6f793afb0648b372c928408bc2cefebdc1033c7f43367dd703116a4e,https://www.ice.gov/doclib/287gMOA/GulfCoSheriffsOfficeFL_TFM_MOA_02262025.pdf,2026-09-12T21:00:14Z,FLORIDA,Gulf County Sheriff's Office,GulfCoSheriffsOfficeFL_TFM_MOA_02262025.pdf,MOA; new url in sheet a405c40debaf; deduplicated 2026-09-14; identical bytes retained at agreements/agreements_20260607_025243/FLORIDA/Gulf_County_Sheriff's_Office/GulfCoSheriffsOfficeFL_TFM_MOA_02262025.pdf,"""b34083aeef44926367e4e5c201bc249e:1754488490.387456""","Wed, 06 Aug 2025 13:54:50 GMT",
agreements/agreements_20260912_135704/FLORIDA/Gulfport_Police_Department/MOA_GulfportPoliceDeptFL_TFM_MOA_02272025.pdf,899d20cc184119a6106709b70b4d45be9f6a1d29369033de4e6ae8591c7ea8cc,https://www.ice.gov/doclib/287gMOA/GulfportPoliceDeptFL_TFM_MOA_02272025.pdf,2026-09-12T21:00:14Z,FLORIDA,Gulfport Police Department,GulfportPoliceDeptFL_TFM_MOA_02272025.pdf,MOA; new url in sheet a405c40debaf; deduplicated 2026-09-14; identical bytes retained at agreements/agreements_20260607_025243/FLORIDA/Gulfport_Police_Department/GulfportPoliceDeptFL_TFM_MOA_02272025.pdf,"""1eb68025bb5363114fe706a52c3db2ee:1754488487.084554""","Wed, 06 Aug 2025 13:54:47 GMT",
agreements/agreements_20260607_025243/VIRGINIA/Buchanan_County_Sheriff's_Office/BuchananCoSheriffsOfficeVA_TFM_MOA_06112025.pdf,bf7867705192f4fbb7741f860007397a55560c882689bfe79a1a9410dbeca208,https://www.ice.gov/doclib/287gMOA/BuchananCoSheriffsOfficeVA_TFM_MOA_06112025.pdf,2026-09-12T21:00:14Z,VIRGINIA,Buchanan County Sheriff's Office,BuchananCoSheriffsOfficeVA_TFM_MOA_06112025.pdf,MOA; revalidated; bytes identical,"""84c02c435ebaef82643e24ce5f743111:1753980881.510841""","Thu, 31 Jul 2025 16:54:41 GMT",
agreements/agreements_20260607_025243/TEXAS/Caldwell_County_Sheriff's_Office/CaldwellCountyTX_TFM_MOA_071525.pdf,45073fe79e514bdd0a9a290d9cf0642078ad8f5f8fad3a6e9f7e761dd1a047cb,https://www.ice.gov/doclib/287gMOA/CaldwellCountyTX_TFM_MOA_071525.pdf,2026-09-12T21:00:15Z,TEXAS,Caldwell County Sheriff's Office,CaldwellCountyTX_TFM_MOA_071525.pdf,MOA; revalidated; bytes identical,"""b0e98699b43714e503c2abe596356409:1755206137.368266""","Thu, 14 Aug 2025 21:15:37 GMT",
agreements/agreements_20260607_025243/TEXAS/Callahan_County_Sheriff's_Office/CallahanCountySOTX_TFM_MOA_072325.pdf,18e9ee58638306aece1a6ba8feda47f703612ab3c2c864d80e01df2f92a446e1,https://www.ice.gov/doclib/287gMOA/CallahanCountySOTX_TFM_MOA_072325.pdf,2026-09-12T21:00:15Z,TEXAS,Callahan County Sheriff's Office,CallahanCountySOTX_TFM_MOA_072325.pdf,MOA; revalidated; bytes identical,"""ed5e0081e56516d4d23f96d6fa85db97:1755206132.923512""","Thu, 14 Aug 2025 21:15:32 GMT",
agreements/agreements_20260607_025243/LOUISIANA/Arnaudville_Police_Department/ArnaudvillePDLA_TFM_MOA_070725.pdf,09b3d0b662c923792b863c1803f886ec521f4308a54fc3d148bdd6d04d44b005,https://www.ice.gov/doclib/287gMOA/ArnaudvillePDLA_TFM_MOA_070725.pdf,2026-09-12T21:00:15Z,LOUISIANA,Arnaudville Police Department,ArnaudvillePDLA_TFM_MOA_070725.pdf,MOA; revalidated; bytes identical,"""76d0daece34560a539b9e09790ee051b:1755206133.984974""","Thu, 14 Aug 2025 21:15:33 GMT",
agreements/agreements_20260607_025243/SOUTH_CAROLINA/Beaufort_County_Sheriff's_Office/BeaufortCountySO_TFM_MOA_072925.pdf,5ff1106f7aced2da8bc30eaa032b1da41c8b3cd3506603b914179189f88038c3,https://www.ice.gov/doclib/287gMOA/BeaufortCountySO_TFM_MOA_072925.pdf,2026-09-12T21:00:15Z,SOUTH CAROLINA,Beaufort County Sheriff's Office,BeaufortCountySO_TFM_MOA_072925.pdf,MOA; revalidated; bytes identical,"""cc279118803d6c955759676bfa8681c1:1755206133.035224""","Thu, 14 Aug 2025 21:15:33 GMT",
agreements/agreements_20260607_025243/TEXAS/Bailey_County_Sheriff's_Office/BaileyCountySOTX_WSO_MOA_073125.pdf,cab7052012e2bbe1d9f0665d9c37b1790e049c26cd643a5495062103eef7547b,https://www.ice.gov/doclib/287gMOA/BaileyCountySOTX_WSO_MOA_073125.pdf,2026-09-12T21:00:16Z,TEXAS,Bailey County Sheriff's Office,BaileyCountySOTX_WSO_MOA_073125.pdf,MOA; revalidated; bytes identical,"""d383cf34f62e4949f67b24ad73d57a1f:1755206135.476824""","Thu, 14 Aug 2025 21:15:35 GMT",
agreements/agreements_20260607_025243/UTAH/Beaver_County_Sheriff's_Office/BeaverCountyUT_WSO_MOA_071125.pdf,fac4f813fb4021646a830ada0c4bc162bd6141bde8a316271d0ea7fc44897dee,https://www.ice.gov/doclib/287gMOA/BeaverCountyUT_WSO_MOA_071125.pdf,2026-09-12T21:00:16Z,UTAH,Beaver County Sheriff's Office,BeaverCountyUT_WSO_MOA_071125.pdf,MOA; revalidated; bytes identical,"""5a24dbd5b14109733a96268b8e14ee9d:1755206133.913326""","Thu, 14 Aug 2025 21:15:33 GMT",
agreements/agreements_20260607_025243/UTAH/Cache_County_Sheriff's_Office/CacheCountySOUT_WSO_MOA_080425.pdf,7b8c6a0dd6dac935b8962ea07adf550d788b5119525e309cdc8b057f5a9c84f0,https://www.ice.gov/doclib/287gMOA/CacheCountySOUT_WSO_MOA_080425.pdf,2026-09-12T21:00:17Z,UTAH,Cache County Sheriff's Office,CacheCountySOUT_WSO_MOA_080425.pdf,MOA; revalidated; bytes identical,"""dab4f9d5dd90e3b037acf33bf3fffd92:1755206136.318531""","Thu, 14 Aug 2025 21:15:36 GMT",
agreements/agreements_20260607_025243/IDAHO/Bonneville_County_Sheriff's_Office_/BonnevilleCountyID_WSO_MOA_070825.pdf,bd5f386138fdb14692464dc9713b30f07a4163a10f978861df47c12ffd848d17,https://www.ice.gov/doclib/287gMOA/BonnevilleCountyID_WSO_MOA_070825.pdf,2026-09-12T21:00:17Z,IDAHO,Bonneville County Sheriff's Office,BonnevilleCountyID_WSO_MOA_070825.pdf,MOA; revalidated; bytes identical,"""7f2383d17aac93d561bc979c2b06cff2:1755206134.105903""","Thu, 14 Aug 2025 21:15:34 GMT",
agreements/agreements_20260607_025243/NORTH_DAKOTA/Mercer_County_Sheriff's_Office/MercerCoSheriffsOfficeND_TFM_MOA_06132025.pdf,ea0796c573004d1e160bb2941bf2b306012d10a10d3cbaca2c5ce7b9f51b8b94,https://www.ice.gov/doclib/287gMOA/MercerCoSheriffsOfficeND_TFM_MOA_06132025.pdf,2026-09-12T21:00:17Z,NORTH DAKOTA,Mercer County Sheriff's Office,MercerCoSheriffsOfficeND_TFM_MOA_06132025.pdf,MOA; revalidated; bytes identical,"""00cb674ed1b67fe01ffd39c12c13147a:1755197331.586144""","Thu, 14 Aug 2025 18:48:51 GMT",
agreements/agreements_20260607_025243/FLORIDA/Winter_Haven_Police_Department/CityOfWinterHavenFL_TFM_MOA_07022025.pdf,a559b45933256bfd047decd6636401fda2f057cab28b71bfac233378a4c157bf,https://www.ice.gov/doclib/287gMOA/CityOfWinterHavenFL_TFM_MOA_07022025.pdf,2026-09-12T21:00:17Z,FLORIDA,Winter Haven Police Department,CityOfWinterHavenFL_TFM_MOA_07022025.pdf,MOA; revalidated; bytes identical,"""138fc1cc25751ad84a15eadc01d8dc9f:1755191057.415801""","Thu, 14 Aug 2025 17:04:17 GMT",
agreements/agreements_20260607_025243/VIRGINIA/Amherst_County_Sheriff's_Office_/AmherstCoSheriffsOfficeVA_TFM_MOA_07292025.pdf,e96aa53d6e412eef2f7eb9bfc0ff471ae6bcb7ebd79e72e660920f0ac056c427,https://www.ice.gov/doclib/287gMOA/AmherstCoSheriffsOfficeVA_TFM_MOA_07292025.pdf,2026-09-12T21:00:18Z,VIRGINIA,Amherst County Sheriff's Office,AmherstCoSheriffsOfficeVA_TFM_MOA_07292025.pdf,MOA; revalidated; bytes identical,"""035d759aa3f8e829c2a181fdd44b734b:1754930263.912644""","Mon, 11 Aug 2025 16:37:43 GMT",
agreements/agreements_20260607_025243/KANSAS/Anderson_County_Sheriff's_Office/AndersonCoSheriffsOfficeKS_WSO_MOA_06122025.pdf,8d5e5526ea0e82ecfd145755b4a9201da4e50bf1650d7f2e55ce7b662e4ed9fb,https://www.ice.gov/doclib/287gMOA/AndersonCoSheriffsOfficeKS_WSO_MOA_06122025.pdf,2026-09-12T21:00:18Z,KANSAS,Anderson County Sheriff's Office,AndersonCoSheriffsOfficeKS_WSO_MOA_06122025.pdf,MOA; revalidated; bytes identical,"""aa0ec37e494558686ce8ee310042fa51:1754930251.221173""","Mon, 11 Aug 2025 16:37:31 GMT",
agreements/agreements_20260607_025243/KANSAS/Ellis_County_Sheriff's_Office_/EllisCoSheriffsOfficeKS_WSO_MOA_07072025.pdf,d4b4eb372a0bcf20ee205cf1a842b100823fd6e0145614d7680710b7c67c8e60,https://www.ice.gov/doclib/287gMOA/EllisCoSheriffsOfficeKS_WSO_MOA_07072025.pdf,2026-09-12T21:00:18Z,KANSAS,Ellis County Sheriff's Office,EllisCoSheriffsOfficeKS_WSO_MOA_07072025.pdf,MOA; revalidated; bytes identical,"""4b9901f08f7f7edf0f0948aa273d5cad:1754930251.048481""","Mon, 11 Aug 2025 16:37:31 GMT",
agreements/agreements_20260607_025243/KANSAS/Franklin_County_Sheriff's_Office/FranklinCoSheriffsOfficeKS_WSO_MOA_06172025.pdf,357d47de369745dffa20505d3651dfa63bbfdc7b02223ecdb0e4d65d99e5cd5a,https://www.ice.gov/doclib/287gMOA/FranklinCoSheriffsOfficeKS_WSO_MOA_06172025.pdf,2026-09-12T21:00:18Z,KANSAS,Franklin County Sheriff's Office,FranklinCoSheriffsOfficeKS_WSO_MOA_06172025.pdf,MOA; revalidated; bytes identical,"""add0952a16517381b766d7d386d50c0c:1754930253.67097""","Mon, 11 Aug 2025 16:37:33 GMT",
agreements/agreements_20260607_025243/FLORIDA/Santa_Fe_College_Police_Department/SantaFeCollegePoliceDeptFL_TFM_MOA_07242025.pdf,02344c51ede0a2f56e6d394a4dea3a46973a1e68566a9a732e56d8d57048a999,https://www.ice.gov/doclib/287gMOA/SantaFeCollegePoliceDeptFL_TFM_MOA_07242025.pdf,2026-09-12T21:00:19Z,FLORIDA,Santa Fe College Police Department,SantaFeCollegePoliceDeptFL_TFM_MOA_07242025.pdf,MOA; revalidated; bytes identical,"""7f03d75f3ef7ec8b3a4acca2732979d9:1754930263.439106""","Mon, 11 Aug 2025 16:37:43 GMT",
agreements/agreements_20260607_025243/FLORIDA/Tarpon_Springs_Police_Department/TarponSpringsPoliceDeptFL_TFM_MOA_02282025.pdf,7741f3cb93afb37cf2fd4b426c40146d578ba81cf89a4ee59bb8164918a776d1,https://www.ice.gov/doclib/287gMOA/TarponSpringsPoliceDeptFL_TFM_MOA_02282025.pdf,2026-09-12T21:00:19Z,FLORIDA,Tarpon Springs Police Department,TarponSpringsPoliceDeptFL_TFM_MOA_02282025.pdf,MOA; revalidated; bytes identical,"""a3b2582ae53b0d95efb8b45a921ba9aa:1754930258.262586""","Mon, 11 Aug 2025 16:37:38 GMT",
agreements/agreements_20260607_025243/FLORIDA/Wakulla_County_Sheriff's_Office/WakullaCoSheriffsOfficeFL_TFM_MOA_02262025.pdf,b4e5f9cd7bfdaf062dad119cf60c7de4ae7269109eb97faa4d67ed19e90456b2,https://www.ice.gov/doclib/287gMOA/WakullaCoSheriffsOfficeFL_TFM_MOA_02262025.pdf,2026-09-12T21:00:19Z,FLORIDA,Wakulla County Sheriff's Office,WakullaCoSheriffsOfficeFL_TFM_MOA_02262025.pdf,MOA; revalidated; bytes identical,"""590b43f78a5b21673696eff04fedbddb:1754930254.501717""","Mon, 11 Aug 2025 16:37:34 GMT",
agreements/agreements_20260607_025243/FLORIDA/Walton_County_Sheriff's_Office/waltonCoSheriffsOfficeFL_TFM_MOA_02262025.pdf,6115d93acee9cd4ec564d73a2b84ac04c84fa2600e40441cb2d2d127a9394368,https://www.ice.gov/doclib/287gMOA/waltonCoSheriffsOfficeFL_TFM_MOA_02262025.pdf,2026-09-12T21:00:20Z,FLORIDA,Walton County Sheriff's Office,waltonCoSheriffsOfficeFL_TFM_MOA_02262025.pdf,MOA; revalidated; bytes identical,"""a0750e083cde3c89640f509c738c5117:1754928025.692735""","Mon, 11 Aug 2025 16:00:25 GMT",
agreements/agreements_20260607_025243/FLORIDA/Howey_in_the_Hills_Police_Department_/HoweyHillsPoliceDeptFL_TFM_MOA_07242025.pdf,4545606aef56615d1ba944144258e0b3df2a10723a91f8c9c174170f665f3fcf,https://www.ice.gov/doclib/287gMOA/HoweyHillsPoliceDeptFL_TFM_MOA_07242025.pdf,2026-09-12T21:00:20Z,FLORIDA,Howey in the Hills Police Department,HoweyHillsPoliceDeptFL_TFM_MOA_07242025.pdf,MOA; revalidated; bytes identical,"""3d408310f98fadf0c907a850339d92fe:1754573625.318659""","Thu, 07 Aug 2025 13:33:45 GMT",
agreements/agreements_20260607_025243/FLORIDA/Indian_Shores_Police_Department/IndianShoresPoliceDeptFL_TFM_MOA_02282025.pdf,e03d4cac40f7a8473647609f35072c45e63b56021d031b7d725731fa5d1c6027,https://www.ice.gov/doclib/287gMOA/IndianShoresPoliceDeptFL_TFM_MOA_02282025.pdf,2026-09-12T21:00:20Z,FLORIDA,Indian Shores Police Department,IndianShoresPoliceDeptFL_TFM_MOA_02282025.pdf,MOA; revalidated; bytes identical,"""6dcac8bfe0c733c05b608b6a33b8f200:1754573633.429353""","Thu, 07 Aug 2025 13:33:53 GMT",
agreements/agreements_20260607_025243/FLORIDA/Largo_Police_Department/LargoPoliceDeptFL_TFM_MOA_07232025.pdf,41434739b6bf8b9290777713925b0cf90b08f71d0fa3112bfce77a8784838e5e,https://www.ice.gov/doclib/287gMOA/LargoPoliceDeptFL_TFM_MOA_07232025.pdf,2026-09-12T21:00:20Z,FLORIDA,Largo Police Department,LargoPoliceDeptFL_TFM_MOA_07232025.pdf,MOA; revalidated; bytes identical,"""97b205f59cc374d757f9b53f2ba400d6:1754573618.559298""","Thu, 07 Aug 2025 13:33:38 GMT",
agreements/agreements_20260607_025243/FLORIDA/Orange_Park_Police_Department_/OrangeParkPoliceDeptFL_TFM_MOA_07242025.pdf,a64cdc797cbd4be5d5f56b1c643baf6a15f055bbda1a1927a8054e494180c61b,https://www.ice.gov/doclib/287gMOA/OrangeParkPoliceDeptFL_TFM_MOA_07242025.pdf,2026-09-12T21:00:21Z,FLORIDA,Orange Park Police Department,OrangeParkPoliceDeptFL_TFM_MOA_07242025.pdf,MOA; revalidated; bytes identical,"""66704a5aa56584f3a2e7a72c55a0bf03:1754573635.386201""","Thu, 07 Aug 2025 13:33:55 GMT",
agreements/agreements_20260607_025243/FLORIDA/Palm_Bay_Police_Department_/PalmBayPoliceDeptFL_TFM_MOA_07152025.pdf,325334eb19d20e95b2e99cd39258fabbb1261d3677c8e76456f0107103a454a5,https://www.ice.gov/doclib/287gMOA/PalmBayPoliceDeptFL_TFM_MOA_07152025.pdf,2026-09-12T21:00:21Z,FLORIDA,Palm Bay Police Department,PalmBayPoliceDeptFL_TFM_MOA_07152025.pdf,MOA; revalidated; bytes identical,"""89c943904b94a1b722faf48be7a5d86c:1754573640.814553""","Thu, 07 Aug 2025 13:34:00 GMT",
agreements/agreements_20260607_025243/FLORIDA/Panama_City_Police_Department/PanamaCityPoliceDeptFL_TFM_MOA_02282025.pdf,cabe889b976d37ff820326c1d37df1c2bbbb270d3ef3fb090dde4cbd07f69b30,https://www.ice.gov/doclib/287gMOA/PanamaCityPoliceDeptFL_TFM_MOA_02282025.pdf,2026-09-12T21:00:21Z,FLORIDA,Panama City Police Department,PanamaCityPoliceDeptFL_TFM_MOA_02282025.pdf,MOA; revalidated; bytes identical,"""03104d864b47d242430291e866db4280:1754573641.72286""","Thu, 07 Aug 2025 13:34:01 GMT",
agreements/agreements_20260607_025243/FLORIDA/Perry_Police_Department/PerryPoliceDeptFL_TFM_MOA_07232025.pdf,5111b3c8c5d4ac5dd4ea4a7d64b00c9b7e7995ba9767b6059ac4858c11b28f18,https://www.ice.gov/doclib/287gMOA/PerryPoliceDeptFL_TFM_MOA_07232025.pdf,2026-09-12T21:00:21Z,FLORIDA,Perry Police Department,PerryPoliceDeptFL_TFM_MOA_07232025.pdf,MOA; revalidated; bytes identical,"""459204eac9c7b2ec5d3255969c417166:1754573626.355818""","Thu, 07 Aug 2025 13:33:46 GMT",
agreements/agreements_20260607_025243/FLORIDA/North_Palm_Beach_Police_Department/NorthPalmBeachPDFL_6.11.25.pdf,3d48950b65364231e75adbf170afeedd52f857c0e391f2f9d7617ec36b255a0a,https://www.ice.gov/doclib/287gMOA/NorthPalmBeachPDFL_6.11.25.pdf,2026-09-12T21:00:22Z,FLORIDA,North Palm Beach Police Department,NorthPalmBeachPDFL_6.11.25.pdf,MOA; revalidated; bytes identical,"""368d570f5f11d0acec7bd80ffa7faf7e:1754309546.781039""","Mon, 04 Aug 2025 12:12:26 GMT",
agreements/agreements_20260607_025243/NEW_HAMPSHIRE/Carroll_Police_Department/CarrollPDNH_TFM_MOA_070225.pdf,ec7959ed25ddb57d12d326923d3b6298020d9fe38212fdbb8d082c9d5883a12c,https://www.ice.gov/doclib/287gMOA/CarrollPDNH_TFM_MOA_070225.pdf,2026-09-12T21:00:22Z,NEW HAMPSHIRE,Carroll Police Department,CarrollPDNH_TFM_MOA_070225.pdf,MOA; revalidated; bytes identical,"""673df7481e86230b2aaa4e956948d182:1754047642.315504""","Fri, 01 Aug 2025 11:27:22 GMT",
agreements/agreements_20260607_025243/SOUTH_CAROLINA/Coward_Police_Department/CowardPoliceDeptSC_TFM_MOA_06122025.pdf,9538df7aa3da916e8413ccc12abc13a6af174ccefa5796cd64e737389aa503f7,https://www.ice.gov/doclib/287gMOA/CowardPoliceDeptSC_TFM_MOA_06122025.pdf,2026-09-12T21:00:22Z,SOUTH CAROLINA,Coward Police Department,CowardPoliceDeptSC_TFM_MOA_06122025.pdf,MOA; revalidated; bytes identical,"""a20322dc819cd63aa04c7f016640a311:1754047497.367207""","Fri, 01 Aug 2025 11:24:57 GMT",
agreements/agreements_20260607_025243/FLORIDA/Quincy_Police_Department/QuincyPDFL_7.7.2025.pdf,85e3adce020b7c3001d3e312742b19d3933b08288593e7868f787b0e6496a0ff,https://www.ice.gov/doclib/287gMOA/QuincyPDFL_7.7.2025.pdf,2026-09-12T21:00:23Z,FLORIDA,Quincy Police Department,QuincyPDFL_7.7.2025.pdf,MOA; revalidated; bytes identical,"""2456be727eefbb747b04d0fa8bfc0dc5:1754047502.535773""","Fri, 01 Aug 2025 11:25:02 GMT",
agreements/agreements_20260607_025243/TEXAS/Jefferson_County_Sheriff's_Office/JeffersonCoSheriffsOfficeTX_WSO_MOA_06302025 2.pdf,0c77d8e500a5cb7d1b88b7b5a1ee42b1bcc528c1583da0a62a6c2526863fde96,https://www.ice.gov/doclib/287gMOA/JeffersonCoSheriffsOfficeTX_WSO_MOA_06302025.pdf,2026-09-12T21:00:23Z,TEXAS,Jefferson County Sheriff's Office,JeffersonCoSheriffsOfficeTX_WSO_MOA_06302025 2.pdf,MOA; revalidated; bytes identical,"""cf90b3141e4473267e6a1cab37b900ab:1754058041.534404""","Fri, 01 Aug 2025 14:20:41 GMT",
agreements/agreements_20260607_025243/ALABAMA/Lawrence_County_Sheriff's_Office/LawrenceCoSheriffsOfficeAL_WSO_MOA_06302025.pdf,a8575446962b6095d85fc99788eb9756f032b0ef2615d6faf82530636456386c,https://www.ice.gov/doclib/287gMOA/LawrenceCoSheriffsOfficeAL_WSO_MOA_06302025.pdf,2026-09-12T21:00:23Z,ALABAMA,Lawrence County Sheriff's Office,LawrenceCoSheriffsOfficeAL_WSO_MOA_06302025.pdf,MOA; revalidated; bytes identical,"""e3565e8cda4707b08b631b033a6d51be:1754058041.474109""","Fri, 01 Aug 2025 14:20:41 GMT",
agreements/agreements_20260607_025243/ALABAMA/Colbert_County_Sheriff's_Office/ColbertCountySO_TFM_LEA_070225.pdf,cd3df68f7b1b565436d45c2256f74d6c783740f33506ccce251f792776068270,https://www.ice.gov/doclib/287gMOA/ColbertCountySO_TFM_LEA_070225.pdf,2026-09-12T21:00:23Z,ALABAMA,Colbert County Sheriff's Office,ColbertCountySO_TFM_LEA_070225.pdf,MOA; revalidated; bytes identical,"""d9464a36940d48ae4e26e9298377a9be:1753980882.062225""","Thu, 31 Jul 2025 16:54:42 GMT",
agreements/agreements_20260607_025243/FLORIDA/Florida_Fish_&_Wildlife_Conservation_Commission/floridaFishWildlife_TFM_MOA_02.14.2025.pdf,c8f8fe1b6279ae245e85981efe25862dce0046a91a8869a1ece361533729047d,https://www.ice.gov/doclib/287gMOA/floridaFishWildlife_TFM_MOA_02.14.2025.pdf,2026-09-12T21:00:24Z,FLORIDA,Florida Fish & Wildlife Conservation Commission,floridaFishWildlife_TFM_MOA_02.14.2025.pdf,MOA; revalidated; bytes identical,"""7b85bbd4a325c15b5b5dd27e336d6e87:1753980880.37793""","Thu, 31 Jul 2025 16:54:40 GMT",
agreements/agreements_20260607_025243/OKLAHOMA/Vinita_Police_Department/VinitaPoliceDeptOK_TFM_MOA_05132025.pdf,8a9d0ae8c9cf5105d6ead95521cd7e07ea65930514977fff832ff40710fe8c07,https://www.ice.gov/doclib/287gMOA/VinitaPoliceDeptOK_TFM_MOA_05132025.pdf,2026-09-12T21:00:24Z,OKLAHOMA,Vinita Police Department,VinitaPoliceDeptOK_TFM_MOA_05132025.pdf,MOA; revalidated; bytes identical,"""85f7e318a4449c6d084294169050bcad:1753980880.660686""","Thu, 31 Jul 2025 16:54:40 GMT",
agreements/agreements_20260607_025243/FLORIDA/University_of_North_Florida_Police_Department/University-of-NorthFloridaPD-TFM-MOA-07302025.pdf,36c9bcc1765a0324861be9ebadd8d406507d65f862ab1790450813cfd37f7c4d,https://www.ice.gov/doclib/about/offices/ero/287g/University-of-NorthFloridaPD-TFM-MOA-07302025.pdf,2026-09-12T21:00:24Z,FLORIDA,University of North Florida Police Department,University-of-NorthFloridaPD-TFM-MOA-07302025.pdf,MOA; revalidated; bytes identical,"""f12d31902b334ca91647ac6ff602e53b:1753880103.275651""","Wed, 30 Jul 2025 12:55:03 GMT",
agreements/agreements_20260607_025243/ARKANSAS/Arkansas_State_Police_Department/ArkansasStatePoliceTFM-07302025.pdf,9b47c3047d3119583b9ab3e5ecf57c4c511ea9580f1285fc7c81fe00b919c904,https://www.ice.gov/doclib/about/offices/ero/287g/ArkansasStatePoliceTFM-07302025.pdf,2026-09-12T21:00:25Z,ARKANSAS,Arkansas State Police Department,ArkansasStatePoliceTFM-07302025.pdf,MOA; revalidated; bytes identical,"""abee9ff7a7ecbdeba2d5531340992f78:1753880102.770972""","Wed, 30 Jul 2025 12:55:02 GMT",
agreements/agreements_20260607_025243/ALABAMA/Level_Plains_Police_Department/LevelPlainsPD-AL-TFM-MOA-07302025.pdf,28b41db6f9fe04c1291b4c84819794742e027dfc19276cd65af8fc05bbb76cdb,https://www.ice.gov/doclib/about/offices/ero/287g/LevelPlainsPD-AL-TFM-MOA-07302025.pdf,2026-09-12T21:00:25Z,ALABAMA,Level Plains Police Department,LevelPlainsPD-AL-TFM-MOA-07302025.pdf,MOA; revalidated; bytes identical,"""f328bf70892992c5c9a780c80d631ea3:1753880102.338757""","Wed, 30 Jul 2025 12:55:02 GMT",
agreements/agreements_20260607_025243/FLORIDA/Suwannee_County_Sheriff's_Office/SuwanneeTaskForce-FL-287g-MOA-TFM-07302025.pdf,eef994542cb7d9e19f1c5b7cfc54dc169f35e44da1f172ea791b4241a70bbfb9,https://www.ice.gov/doclib/about/offices/ero/287g/SuwanneeTaskForce-FL-287g-MOA-TFM-07302025.pdf,2026-09-12T21:00:25Z,FLORIDA,Suwannee County Sheriff's Office,SuwanneeTaskForce-FL-287g-MOA-TFM-07302025.pdf,MOA; revalidated; bytes identical,"""e9a549290cb9daa0cce1d543a787b167:1753880102.19359""","Wed, 30 Jul 2025 12:55:02 GMT",
agreements/agreements_20260607_025243/FLORIDA/Putnam_County_Sheriff's_Office/PutnamCountySheriffsOffice-FL-287g-MOA-07302025.pdf,da1ead9abfbb3c69182c495df43681caae585b878541b4cb07b0eee6fef9997c,https://www.ice.gov/doclib/about/offices/ero/287g/PutnamCountySheriffsOffice-FL-287g-MOA-07302025.pdf,2026-09-12T21:00:25Z,FLORIDA,Putnam County Sheriff's Office,PutnamCountySheriffsOffice-FL-287g-MOA-07302025.pdf,MOA; revalidated; bytes identical,"""7a1b964c1875a54cce062bd40e72bb42:1753880101.707895""","Wed, 30 Jul 2025 12:55:01 GMT",
agreements/agreements_20260607_025243/FLORIDA/St._Johns_County_Sheriff's_Office/StJohnsTaskForce-287g-MOA-07302025.pdf,a0f150857c3def5e8e37d256a15b20105d5a5d93e254a97b8b3c7671077c891c,https://www.ice.gov/doclib/about/offices/ero/287g/StJohnsTaskForce-287g-MOA-07302025.pdf,2026-09-12T21:00:26Z,FLORIDA,St. Johns County Sheriff's Office,StJohnsTaskForce-287g-MOA-07302025.pdf,MOA; revalidated; bytes identical,"""4f6389cb413649091ace967eae791016:1753880101.215244""","Wed, 30 Jul 2025 12:55:01 GMT",
agreements/agreements_20260607_025243/VIRGINIA/Hopewell_County_Sheriff's_Office/HopewellSheriffsOfficeVA-TFM-MOA-07302025.pdf,21026a7eccf81fe250bdf0c586bbf8d3ee53ff1a81cc5ff85e43588301096ca7,https://www.ice.gov/doclib/about/offices/ero/287g/HopewellSheriffsOfficeVA-TFM-MOA-07302025.pdf,2026-09-12T21:00:26Z,VIRGINIA,Hopewell County Sheriff's Office,HopewellSheriffsOfficeVA-TFM-MOA-07302025.pdf,MOA; revalidated; bytes identical,"""466361935f5139c891e804d8b69c5eec:1753880100.280285""","Wed, 30 Jul 2025 12:55:00 GMT",
agreements/agreements_20260607_025243/FLORIDA/Union_County_Sheriff's_Office/UnionTaskForce287g-MOA-07302025.pdf,815a46bb4378e9328e9b817a3965058082ca16118dbe4381d2c99f80e81d0b5c,https://www.ice.gov/doclib/about/offices/ero/287g/UnionTaskForce287g-MOA-07302025.pdf,2026-09-12T21:00:26Z,FLORIDA,Union County Sheriff's Office,UnionTaskForce287g-MOA-07302025.pdf,MOA; revalidated; bytes identical,"""c522b9f95b75b9195f7dc4dc1a9270e1:1753880100.542982""","Wed, 30 Jul 2025 12:55:00 GMT",
agreements/agreements_20260607_025243/FLORIDA/University_of_Central_Florida_Police_Department/University-of-CentralFloridaPoliceDepartment-FL-TFM-07302025.pdf,dfc793b8892c1ddc6ccab85f09e65369508640ac2f047d6eaadc730853ccb7d3,https://www.ice.gov/doclib/about/offices/ero/287g/University-of-CentralFloridaPoliceDepartment-FL-TFM-07302025.pdf,2026-09-12T21:00:27Z,FLORIDA,University of Central Florida Police Department,University-of-CentralFloridaPoliceDepartment-FL-TFM-07302025.pdf,MOA; revalidated; bytes identical,"""b6fb9e43942f8cf9edeac6a01ccddfcc:1753880100.222404""","Wed, 30 Jul 2025 12:55:00 GMT",
agreements/agreements_20260607_025243/FLORIDA/West_Palm_Beach_Police_Department/WestPalmBeachPD-FL-TFM-07302025.pdf,056291c3a63fdfc941be0bc7a38d3d8fc0be62ada5bfbaef0f53237a0cee0cde,https://www.ice.gov/doclib/about/offices/ero/287g/WestPalmBeachPD-FL-TFM-07302025.pdf,2026-09-12T21:00:27Z,FLORIDA,West Palm Beach Police Department,WestPalmBeachPD-FL-TFM-07302025.pdf,MOA; revalidated; bytes identical,"""bc9d4552f3bcf5e929207c13eb17514b:1753880100.475716""","Wed, 30 Jul 2025 12:55:00 GMT",
agreements/agreements_20260607_025243/FLORIDA/Osceola_County_Sheriff's_Office/OsceolaSO_TF_MOA_022625.pdf,9e852cb33313d2e8f40c14a01eb5ae87a9d0433903931fb0a43f0c0d211985e5,https://www.ice.gov/doclib/287gMOA/OsceolaSO_TF_MOA_022625.pdf,2026-09-12T21:00:27Z,FLORIDA,Osceola County Sheriff's Office,OsceolaSO_TF_MOA_022625.pdf,MOA; revalidated; bytes identical,"""7e692dade71458bdd3da715761b6b3ca:1753824330.680169""","Tue, 29 Jul 2025 21:25:30 GMT",
agreements/agreements_20260607_025243/SOUTH_CAROLINA/Chester_County_Sheriff's_Office/ChesterCountySO_TFM_LEA_061225.pdf,d8238e953f26fdee5db2f21e405bdc1579b4c3ae7820e1ce7b3b405b55a7b7c1,https://www.ice.gov/doclib/287gMOA/ChesterCountySO_TFM_LEA_061225.pdf,2026-09-12T21:00:28Z,SOUTH CAROLINA,Chester County Sheriff's Office,ChesterCountySO_TFM_LEA_061225.pdf,MOA; revalidated; bytes identical,"""1fe343cd98b6b72860302ae62d6b5a02:1753824330.946637""","Tue, 29 Jul 2025 21:25:30 GMT",
agreements/agreements_20260607_025243/FLORIDA/Sebring_Police_Department/SebringPDFL_TFM_MOA_070725.pdf,b29b0c1d0f21e24ae18a2c75ff60cb738b837461ccc5eae3da2354595b3a125e,https://www.ice.gov/doclib/287gMOA/SebringPDFL_TFM_MOA_070725.pdf,2026-09-12T21:00:28Z,FLORIDA,Sebring Police Department,SebringPDFL_TFM_MOA_070725.pdf,MOA; revalidated; bytes identical,"""d97acfe4d1728eae839753dbc5ce6ce5:1753824331.767692""","Tue, 29 Jul 2025 21:25:31 GMT",
agreements/agreements_20260607_025243/FLORIDA/Pensacola_Police_Department/PensacolaPDFL_TFM_MOA_061825.pdf,04d6cdaa150f125fcd7462377393283ce3464fe68bee1522894c0da3beb88c99,https://www.ice.gov/doclib/287gMOA/PensacolaPDFL_TFM_MOA_061825.pdf,2026-09-12T21:00:28Z,FLORIDA,Pensacola Police Department,PensacolaPDFL_TFM_MOA_061825.pdf,MOA; revalidated; bytes identical,"""20f203890468869421a44a9bcd4d20da:1753824330.173888""","Tue, 29 Jul 2025 21:25:30 GMT",
agreements/agreements_20260607_025243/PENNSYLVANIA/Damascus_Township_Constable/DamascusTownshipConstablePA_TFM_MOA_042925.pdf,407a68fa0db5b65e364757d14b70d7ccf02e56f38c8710b19a75bdc295cc6126,https://www.ice.gov/doclib/287gMOA/DamascusTownshipConstablePA_TFM_MOA_042925.pdf,2026-09-12T21:00:28Z,PENNSYLVANIA,Damascus Township Constable,DamascusTownshipConstablePA_TFM_MOA_042925.pdf,MOA; revalidated; bytes identical,"""bc8ed60b83019ccebac1538987b8813c:1753824329.989434""","Tue, 29 Jul 2025 21:25:29 GMT",
agreements/agreements_20260607_025243/FLORIDA/Lantana_Police_Department/LantanaPDFL_041425.pdf,ceb8d77f0e2f3441ccee21d446a3b69188cff1de4e944cb2ebef4759ee700ad9,https://www.ice.gov/doclib/287gMOA/LantanaPDFL_041425.pdf,2026-09-12T21:00:29Z,FLORIDA,Lantana Police Department,LantanaPDFL_041425.pdf,MOA; revalidated; bytes identical,"""da71fe317b9c1ffe909fbbba4c5e5c90:1753475195.725991""","Fri, 25 Jul 2025 20:26:35 GMT",
agreements/agreements_20260607_025243/FLORIDA/Sarasota_Police_Department/SarasotaPDFL_5.16.25.pdf,71752fafd992fa3c8a1c585479371af77c3204051c3c29a7386a120520aefc61,https://www.ice.gov/doclib/287gMOA/SarasotaPDFL_5.16.25.pdf,2026-09-12T21:00:29Z,FLORIDA,Sarasota Police Department,SarasotaPDFL_5.16.25.pdf,MOA; revalidated; bytes identical,"""4ebd54c1008b52038a6693d20ff5e292:1753303283.437826""","Wed, 23 Jul 2025 20:41:23 GMT",
agreements/agreements_20260607_025243/FLORIDA/St._Augustine_Beach_Police_Department/StAugustineBeachPoliceFL_03.03.25.pdf,d38006364396cca532e621436fe4bc73c2533a16dc68c5358c08c68e97a5d928,https://www.ice.gov/doclib/287gMOA/StAugustineBeachPoliceFL_03.03.25.pdf,2026-09-12T21:00:29Z,FLORIDA,St. Augustine Beach Police Department,StAugustineBeachPoliceFL_03.03.25.pdf,MOA; revalidated; bytes identical,"""27d630be873413b0f4e854259ff2f7b3:1753303269.631579""","Wed, 23 Jul 2025 20:41:09 GMT",
agreements/agreements_20260607_025243/FLORIDA/Stuart_Police_Department/STUARTPDFL_4.14.25.pdf,933e141a90149b9d07139eb728115a258cf442ad0b3dbae2f8468534283ec02a,https://www.ice.gov/doclib/287gMOA/STUARTPDFL_4.14.25.pdf,2026-09-12T21:00:29Z,FLORIDA,Stuart Police Department,STUARTPDFL_4.14.25.pdf,MOA; revalidated; bytes identical,"""2a0ed54ba4af3d42182568756d030bed:1753303278.949804""","Wed, 23 Jul 2025 20:41:18 GMT",
agreements/agreements_20260607_025243/FLORIDA/Titusville_Police_Department/TitusvillePDFL_6.24.25.pdf,b2f7cafe250990822c6b40ddad454291e70d648bc12e0b065c6d9f27d17fc486,https://www.ice.gov/doclib/287gMOA/TitusvillePDFL_6.24.25.pdf,2026-09-12T21:00:30Z,FLORIDA,Titusville Police Department,TitusvillePDFL_6.24.25.pdf,MOA; revalidated; bytes identical,"""3493fd38d8c550a1a3170f6e3815d096:1753303274.38566""","Wed, 23 Jul 2025 20:41:14 GMT",
agreements/agreements_20260607_025243/FLORIDA/University_of_West_Florida_Police_Department/UNIVERSITYOFWEST%20FLORIDAPDFL_4.15.25.pdf,f4f70808f034d0accc38f8171483b9d1b4674eae32eb36e1370f50cbe9ddf3c9,https://www.ice.gov/doclib/287gMOA/UNIVERSITYOFWEST%20FLORIDAPDFL_4.15.25.pdf,2026-09-12T21:00:30Z,FLORIDA,University of West Florida Police Department,UNIVERSITYOFWEST%20FLORIDAPDFL_4.15.25.pdf,MOA; revalidated; bytes identical,"""3dc73346c929a1348d340c74eff27e97:1753303278.117321""","Wed, 23 Jul 2025 20:41:18 GMT",
agreements/agreements_20260607_025243/FLORIDA/Atlantis_Police_Department/AtlantisPDFL_7.2.2025.pdf,e0a2df372e12a224e10ab963e78168833cd1cdcbda190cb1a4ae6d9d61098fd4,https://www.ice.gov/doclib/287gMOA/AtlantisPDFL_7.2.2025.pdf,2026-09-12T21:00:31Z,FLORIDA,Atlantis Police Department,AtlantisPDFL_7.2.2025.pdf,MOA; revalidated; bytes identical,"""28cc87b03319b266121143d6894871e3:1753302197.095265""","Wed, 23 Jul 2025 20:23:17 GMT",
agreements/agreements_20260607_025243/FLORIDA/Cape_Coral_Police_Department/CapeCoralPDFL_7.2.2025.pdf,80268eee8d83e49ff4ac50108f2d283d86e7a23f211d0e0aa90a52a747df3ddf,https://www.ice.gov/doclib/287gMOA/CapeCoralPDFL_7.2.2025.pdf,2026-09-12T21:00:31Z,FLORIDA,Cape Coral Police Department,CapeCoralPDFL_7.2.2025.pdf,MOA; revalidated; bytes identical,"""92748b07d558de62008a29206126e95f:1753302195.612074""","Wed, 23 Jul 2025 20:23:15 GMT",
agreements/agreements_20260607_025243/FLORIDA/Casselberry_Police_Department/CasselberryPDFL_7.2.2025.pdf,af9cb2ec06272d15572060c33bc8b32046ccf68234c16594e2921e240628e2d3,https://www.ice.gov/doclib/287gMOA/CasselberryPDFL_7.2.2025.pdf,2026-09-12T21:00:31Z,FLORIDA,Casselberry Police Department,CasselberryPDFL_7.2.2025.pdf,MOA; revalidated; bytes identical,"""ada4b5104f1c12d1d85b5e643680eea5:1753302194.89424""","Wed, 23 Jul 2025 20:23:14 GMT",
agreements/agreements_20260607_025243/FLORIDA/Cocoa_Police_Department/CocoaPDFL_7.2.2025.pdf,b43921c8aec427ca9834f5a545101fe6319deed7367283af1ddda5baeb00312a,https://www.ice.gov/doclib/287gMOA/CocoaPDFL_7.2.2025.pdf,2026-09-12T21:00:31Z,FLORIDA,Cocoa Police Department,CocoaPDFL_7.2.2025.pdf,MOA; revalidated; bytes identical,"""5463ce96a153f84a8965a55ac21b9789:1753302195.054233""","Wed, 23 Jul 2025 20:23:15 GMT",
agreements/agreements_20260607_025243/FLORIDA/Florida_International_University_Police_Department/FloridaInternationalUniversityPD_7.2.2025.pdf,a7d495f2c3e544ccce00021dac2811b9455ce0b34eaeebdfe2ea847e299b710e,https://www.ice.gov/doclib/287gMOA/FloridaInternationalUniversityPD_7.2.2025.pdf,2026-09-12T21:00:32Z,FLORIDA,Florida International University Police Department,FloridaInternationalUniversityPD_7.2.2025.pdf,MOA; revalidated; bytes identical,"""5059544f7927a9cc3d7d464fa2563cbf:1753302214.583451""","Wed, 23 Jul 2025 20:23:34 GMT",
agreements/agreements_20260607_025243/FLORIDA/Haines_City_Police_Department/HainesCityPoliceDepartmentFL_07.02.2025.pdf,8cbb6781fd3f723490eb09d065cf841de63f91e74883176bd75ba131c966a0bc,https://www.ice.gov/doclib/287gMOA/HainesCityPoliceDepartmentFL_07.02.2025.pdf,2026-09-12T21:00:32Z,FLORIDA,Haines City Police Department,HainesCityPoliceDepartmentFL_07.02.2025.pdf,MOA; revalidated; bytes identical,"""cb6a883599507a32c9717551e759f134:1753302198.781315""","Wed, 23 Jul 2025 20:23:18 GMT",
agreements/agreements_20260607_025243/FLORIDA/Hardee_County_Sheriff's_Office/HardeeCountyFL_5.8.25.pdf,f3a8f9cd4ec70903ce565f19c9eeeea268bf3aaafddc401340e781a52ebba57a,https://www.ice.gov/doclib/287gMOA/HardeeCountyFL_5.8.25.pdf,2026-09-12T21:00:32Z,FLORIDA,Hardee County Sheriff's Office,HardeeCountyFL_5.8.25.pdf,MOA; revalidated; bytes identical,"""007ad4f89609a6237d4e415634dc7980:1753302208.979594""","Wed, 23 Jul 2025 20:23:28 GMT",
agreements/agreements_20260607_025243/FLORIDA/Hialeah_Police_Department/HialeahPDFL_7.2.25.pdf,85d079571aee6294b33b3a1505816a20849cb50ba0b1bb7860fa58accc908ce7,https://www.ice.gov/doclib/287gMOA/HialeahPDFL_7.2.25.pdf,2026-09-12T21:00:32Z,FLORIDA,Hialeah Police Department,HialeahPDFL_7.2.25.pdf,MOA; revalidated; bytes identical,"""16ea6b5fda703b7828dba6462d21a550:1753302186.89241""","Wed, 23 Jul 2025 20:23:06 GMT",
agreements/agreements_20260607_025243/FLORIDA/Indian_Creek_Village_Department_of_Public_Safety/IndianCreekFL_7.7.2025.pdf,3108e83a38e55981bf194d3fd7163c01529e393824ddb8349a7d2a59afc18633,https://www.ice.gov/doclib/287gMOA/IndianCreekFL_7.7.2025.pdf,2026-09-12T21:00:33Z,FLORIDA,Indian Creek Village Department of Public Safety,IndianCreekFL_7.7.2025.pdf,MOA; revalidated; bytes identical,"""ce6d7c40ee4e432ba37da68aa9145386:1753302189.389637""","Wed, 23 Jul 2025 20:23:09 GMT",
agreements/agreements_20260607_025243/FLORIDA/Lee_County_Port_Authority_Police/LeeCountyFL_7.2.25.pdf,a0d147c11abca586ab7a48ea1076fc102607ddedb18221203dfa9edd51ba47b0,https://www.ice.gov/doclib/287gMOA/LeeCountyFL_7.2.25.pdf,2026-09-12T21:00:33Z,FLORIDA,Lee County Port Authority Police,LeeCountyFL_7.2.25.pdf,MOA; revalidated; bytes identical,"""e4964f6389404354797dc4375ed91661:1753302192.621372""","Wed, 23 Jul 2025 20:23:12 GMT",
agreements/agreements_20260607_025243/FLORIDA/Neptune_Beach_Police_Department/NeptuneBeachPoliceDepartmentFL_7.2.25.pdf,25b4224a0f282a6afada1bb964d27746596eb43b797bc4e9462676680d03feb7,https://www.ice.gov/doclib/287gMOA/NeptuneBeachPoliceDepartmentFL_7.2.25.pdf,2026-09-12T21:00:33Z,FLORIDA,Neptune Beach Police Department,NeptuneBeachPoliceDepartmentFL_7.2.25.pdf,MOA; revalidated; bytes identical,"""28ee9a6c84fa71e204ddef128610bc5a:1753302189.528673""","Wed, 23 Jul 2025 20:23:09 GMT",
agreements/agreements_20260607_025243/FLORIDA/New_Port_Richey_Police_Department/NewPortRicheyPDFL_5.13.25.pdf,612e47116b5d691f29be5d7f41605faa57129708eecf81efaca3d9aeb58874a5,https://www.ice.gov/doclib/287gMOA/NewPortRicheyPDFL_5.13.25.pdf,2026-09-12T21:00:34Z,FLORIDA,New Port Richey Police Department,NewPortRicheyPDFL_5.13.25.pdf,MOA; revalidated; bytes identical,"""617999a77b8863f9ea3765324cd628bb:1753302189.40203""","Wed, 23 Jul 2025 20:23:09 GMT",
agreements/agreements_20260912_135704/FLORIDA/Hillsborough_County_Sheriff's_Office/addendum_hIllsboroughCountySherrifsOffice_WSO_MOA_06102025.pdf,3e79de68eb18ae34add881c7cfea70370cac213755bb5bae083bbc37d571c833,https://www.ice.gov/doclib/287gMOA/hIllsboroughCountySherrifsOffice_WSO_MOA_06102025.pdf,2026-09-12T21:00:34Z,FLORIDA,Hillsborough County Sheriff's Office,hIllsboroughCountySherrifsOffice_WSO_MOA_06102025.pdf,addendum; new url in sheet a405c40debaf,"""f6deac6202b592135e0c81585ff996af:1751395712.218879""","Tue, 01 Jul 2025 18:48:32 GMT",
agreements/agreements_20260912_135704/FLORIDA/Lee_County_Sheriff's_Office/addendum_leeCountySheriffsOffice_WSO_MOA_06252025.pdf,6c8b54bd4898d076b5be51f5318bee01498e9dcb8270462be22f1591c84c421b,https://www.ice.gov/doclib/287gMOA/leeCountySheriffsOffice_WSO_MOA_06252025.pdf,2026-09-12T21:00:34Z,FLORIDA,Lee County Sheriff's Office,leeCountySheriffsOffice_WSO_MOA_06252025.pdf,addendum; new url in sheet a405c40debaf,"""08fe0ae45ae765a91471c268126c92bf:1751395712.102615""","Tue, 01 Jul 2025 18:48:32 GMT",
agreements/agreements_20260912_135704/FLORIDA/Levy_County_Sheriff's_Office/addendum_levyCountySherrifsOffice_WSO_MOA_06252025.pdf,a4e1efd152df538a0d37c96098606c9e7ed6e3d77f83d2a7d00cc34b0507275f,https://www.ice.gov/doclib/287gMOA/levyCountySherrifsOffice_WSO_MOA_06252025.pdf,2026-09-12T21:00:34Z,FLORIDA,Levy County Sheriff's Office,levyCountySherrifsOffice_WSO_MOA_06252025.pdf,addendum; new url in sheet a405c40debaf,"""96061b1a45a3f5699efb565ad7e86631:1751395711.657437""","Tue, 01 Jul 2025 18:48:31 GMT",
agreements/agreements_20260912_135704/FLORIDA/Martin_County_Sheriff's_Office/addendum_martinCoSheriffsOffice_WSO_MOA_06252025.pdf,5de6ae80bc4a04c4f23726f1983bac596b6e15f017f4a0693be50964bd51b68a,https://www.ice.gov/doclib/287gMOA/martinCoSheriffsOffice_WSO_MOA_06252025.pdf,2026-09-12T21:00:35Z,FLORIDA,Martin County Sheriff's Office,martinCoSheriffsOffice_WSO_MOA_06252025.pdf,addendum; new url in sheet a405c40debaf,"""b1522b0454901e447e35a88fa394386b:1751395711.567296""","Tue, 01 Jul 2025 18:48:31 GMT",
agreements/agreements_20260912_135704/FLORIDA/Monroe_County_Sheriff's_Office/addendum_monroeCoSheriffsOffice_WSO_MOA_06252025.pdf,8115530946e811f50e95765758d3a47f0ea0badef35d95735222d5bb6c097e45,https://www.ice.gov/doclib/287gMOA/monroeCoSheriffsOffice_WSO_MOA_06252025.pdf,2026-09-12T21:00:35Z,FLORIDA,Monroe County Sheriff's Office,monroeCoSheriffsOffice_WSO_MOA_06252025.pdf,addendum; new url in sheet a405c40debaf,"""7eb7182af570c703746e82b49e157807:1751395711.524465""","Tue, 01 Jul 2025 18:48:31 GMT",
agreements/agreements_20260912_135704/FLORIDA/Okaloosa_County_Board_of_County_Commissioners_Department_of_Corrections/addendum_OkaloosaCoSheriffsOfficeFL_WSO_MOA_06252025.pdf,51673bd24e852515702f4fb03a89943be0374e1280eb78c3c87039e267d920ab,https://www.ice.gov/doclib/287gMOA/OkaloosaCoSheriffsOfficeFL_WSO_MOA_06252025.pdf,2026-09-12T21:00:35Z,FLORIDA,Okaloosa County Board of County Commissioners/ Department of Corrections,OkaloosaCoSheriffsOfficeFL_WSO_MOA_06252025.pdf,addendum; new url in sheet a405c40debaf,"""634b6dae11ef12329ef413c88c9ea763:1751395711.545003""","Tue, 01 Jul 2025 18:48:31 GMT",
agreements/agreements_20260912_135704/FLORIDA/Okeechobee_County_Sheriff's_Office/addendum_OkeechobeeCoSheriffsOfficeFL_WSO_MOA_06052025.pdf,f7083996400497996d0be8ac03323ad296781448f9c106453574c5d053481db5,https://www.ice.gov/doclib/287gMOA/OkeechobeeCoSheriffsOfficeFL_WSO_MOA_06052025.pdf,2026-09-12T21:00:36Z,FLORIDA,Okeechobee County Sheriff's Office,OkeechobeeCoSheriffsOfficeFL_WSO_MOA_06052025.pdf,addendum; new url in sheet a405c40debaf,"""52731cb1b22868d3f67b6654a08f7647:1751395711.671216""","Tue, 01 Jul 2025 18:48:31 GMT",
agreements/agreements_20260912_135704/FLORIDA/Palm_Beach_County_Sheriff's_Office/addendum_palmBeachCoSheriffsOffice_WSO_MOA_06252025.PDF,bf53a5f974266d18acfebc26692c0ec5045a4c4cb35b029f3c07e3e2677ac3de,https://www.ice.gov/doclib/287gMOA/palmBeachCoSheriffsOffice_WSO_MOA_06252025.PDF,2026-09-12T21:00:36Z,FLORIDA,Palm Beach County Sheriff's Office,palmBeachCoSheriffsOffice_WSO_MOA_06252025.PDF,addendum; new url in sheet a405c40debaf,"""2a691d28501ab0be865bf6f901bc4472:1751395711.695823""","Tue, 01 Jul 2025 18:48:31 GMT",
agreements/agreements_20260912_135704/FLORIDA/Lafayette_County_Sheriff's_Office/addendum_LafayetteCoSheriffsOfficeFL_WSO_MOA_06252025.pdf,5c4a35a6178a70b69e28edabd8a4c65fc7fe94e5ff481fb276b224c4eeffe5a6,https://www.ice.gov/doclib/287gMOA/LafayetteCoSheriffsOfficeFL_WSO_MOA_06252025.pdf,2026-09-12T21:00:36Z,FLORIDA,Lafayette County Sheriff's Office,LafayetteCoSheriffsOfficeFL_WSO_MOA_06252025.pdf,addendum; new url in sheet a405c40debaf,"""c127ba45d7e69f4016baf412a2de3806:1751297454.203855""","Mon, 30 Jun 2025 15:30:54 GMT",
agreements/agreements_20260912_135704/FLORIDA/St._Johns_County_Sheriff's_Office/addendum_StJohnsCoSheriffsOfficeFL_WSO_MOA_06252025.pdf,e1d0576b294461c989cf16bfd4a49c35ae19e2b4f3b17a62102fc8cf183b6ce0,https://www.ice.gov/doclib/287gMOA/StJohnsCoSheriffsOfficeFL_WSO_MOA_06252025.pdf,2026-09-12T21:00:36Z,FLORIDA,St. Johns County Sheriff's Office,StJohnsCoSheriffsOfficeFL_WSO_MOA_06252025.pdf,addendum; new url in sheet a405c40debaf,"""cbf72a6feb113ee50fd1c3159e0334bf:1751394065.924718""","Tue, 01 Jul 2025 18:21:05 GMT",
agreements/agreements_20260607_025243/MINNESOTA/Mille_Lacs_County_Sheriff's_Office/MilleLacsCoSheriffsOfficeMN_TFM_MOA_06182025.pdf,c07c276ad83cd37fcc28d479361316044071316b588f2f2b3538f32080412eed,https://www.ice.gov/doclib/287gMOA/MilleLacsCoSheriffsOfficeMN_TFM_MOA_06182025.pdf,2026-09-12T21:00:37Z,MINNESOTA,Mille Lacs County Sheriff's Office,MilleLacsCoSheriffsOfficeMN_TFM_MOA_06182025.pdf,MOA; revalidated; bytes identical,"""6b46f04a57af151a18b7e04eda095923:1751390739.32922""","Tue, 01 Jul 2025 17:25:39 GMT",
agreements/agreements_20260912_135704/FLORIDA/Pasco_County_Board_of_County_Commissioners_Pasco_County_Corrections/addendum_PascoCoCorrBOCC_FL_WSO_MOA_06252025.pdf,f48b1b7712fa91b5916ee18bc9b6541b0ee41e3307355d6aeba21525d7e0fb64,https://www.ice.gov/doclib/287gMOA/PascoCoCorrBOCC_FL_WSO_MOA_06252025.pdf,2026-09-12T21:00:37Z,FLORIDA,Pasco County Board of County Commissioners/ Pasco County Corrections,PascoCoCorrBOCC_FL_WSO_MOA_06252025.pdf,addendum; new url in sheet a405c40debaf,"""dee86c856ee5d9480a60f2af0d652363:1751383932.8332""","Tue, 01 Jul 2025 15:32:12 GMT",
agreements/agreements_20260912_135704/FLORIDA/Santa_Rosa_County_Sheriff's_Office/addendum_SantaRosaCoSheriffsOfficeFL_WSO_MOA_06252025.pdf,2c913579b5b4b0a1d22fc216b08c9c10fbaf2c68c14840f27a87b8cb6e1c9520,https://www.ice.gov/doclib/287gMOA/SantaRosaCoSheriffsOfficeFL_WSO_MOA_06252025.pdf,2026-09-12T21:00:37Z,FLORIDA,Santa Rosa County Sheriff's Office,SantaRosaCoSheriffsOfficeFL_WSO_MOA_06252025.pdf,addendum; new url in sheet a405c40debaf,"""13e5e09fde5778fbc48d46e9635d2210:1751383932.924255""","Tue, 01 Jul 2025 15:32:12 GMT",
agreements/agreements_20260912_135704/FLORIDA/Sarasota_County_Sheriff's_Office/addendum_SarasotaCoSheriffsOfficeFL_WSO_MOA_06252025.pdf,94694c20ec4bd95336d533a61b665fbfe3807da11a46c7dcb4bb62d3b24a392b,https://www.ice.gov/doclib/287gMOA/SarasotaCoSheriffsOfficeFL_WSO_MOA_06252025.pdf,2026-09-12T21:00:38Z,FLORIDA,Sarasota County Sheriff's Office,SarasotaCoSheriffsOfficeFL_WSO_MOA_06252025.pdf,addendum; new url in sheet a405c40debaf,"""4a78c071c538e26a640ac3b1f7a9f0bf:1751383933.196868""","Tue, 01 Jul 2025 15:32:13 GMT",
agreements/agreements_20260912_135704/FLORIDA/Seminole_County_Sheriff's_Office/addendum_SeminoleCoSheriffsOfficeFL_WSO_MOA_06252025.pdf,8b3933814c61de5a72c64fbd097a133383480831619b2dfbd21710a57d7be6b7,https://www.ice.gov/doclib/287gMOA/SeminoleCoSheriffsOfficeFL_WSO_MOA_06252025.pdf,2026-09-12T21:00:38Z,FLORIDA,Seminole County Sheriff's Office,SeminoleCoSheriffsOfficeFL_WSO_MOA_06252025.pdf,addendum; new url in sheet a405c40debaf,"""11ff472a3304ba07b82c9eb0b313a371:1751383933.04404""","Tue, 01 Jul 2025 15:32:13 GMT",
agreements/agreements_20260912_135704/FLORIDA/St._Lucie_County_Sheriff's_Office/addendum_StLucieCoSheriffsOfficeFL_WSO_MOA_06252025.pdf,d179c0b523c6798f446b45d4ff9a1b9c90fe5062d1cefc98db5c00032b6d7736,https://www.ice.gov/doclib/287gMOA/StLucieCoSheriffsOfficeFL_WSO_MOA_06252025.pdf,2026-09-12T21:00:39Z,FLORIDA,St. Lucie County Sheriff's Office,StLucieCoSheriffsOfficeFL_WSO_MOA_06252025.pdf,addendum; new url in sheet a405c40debaf,"""173317ad8a28d117fafbc8581e52aea1:1751383934.062869""","Tue, 01 Jul 2025 15:32:14 GMT",
agreements/agreements_20260912_135704/FLORIDA/Taylor_County_Sheriff's_Office/addendum_TaylorCoSheriffsOfficeFL_WSO_MOA_06252025.pdf,217721e64e360e547327d91d1988ea675519ccf9a598a3db646e92bf4df9d475,https://www.ice.gov/doclib/287gMOA/TaylorCoSheriffsOfficeFL_WSO_MOA_06252025.pdf,2026-09-12T21:00:39Z,FLORIDA,Taylor County Sheriff's Office,TaylorCoSheriffsOfficeFL_WSO_MOA_06252025.pdf,addendum; new url in sheet a405c40debaf,"""b995930c64b9ec1d36c0636a651e0cf4:1751383933.945622""","Tue, 01 Jul 2025 15:32:13 GMT",
agreements/agreements_20260607_025243/TEXAS/Aransas_County_Sheriff's_Office/287gJEM_AransasCoTX_06-08-2020.pdf,0bb57508e19563b17e9194c59f43bcf4847085223d52b63821966e45eec28016,https://www.ice.gov/doclib/287gMOA/287gJEM_AransasCoTX_06-08-2020.pdf,2026-09-12T21:00:39Z,TEXAS,Aransas County Sheriff's Office,287gJEM_AransasCoTX_06-08-2020.pdf,MOA; revalidated; bytes identical,"""483261b6b7dcb8935c1adcbec16cce87:1594218729.004579""","Wed, 08 Jul 2020 14:32:09 GMT",
agreements/agreements_20260912_135704/TEXAS/Aransas_County_Sheriff's_Office/addendum_287gJEM_AransasCoTX_addendum.pdf,03b1cc3cf0f0142bec1a8302f9a3ffc8ffaecf03ef1280e6e1511b678688fa9c,https://www.ice.gov/doclib/287gMOA/287gJEM_AransasCoTX_addendum.pdf,2026-09-12T21:00:39Z,TEXAS,Aransas County Sheriff's Office,287gJEM_AransasCoTX_addendum.pdf,addendum; new url in sheet a405c40debaf,"""f9b4db9955463197870b0cf85236a195:1645643515.706185""","Wed, 23 Feb 2022 19:11:55 GMT",
agreements/agreements_20260607_025243/TEXAS/Nueces_County_Sheriff's_Office/287gJEM_NuecesCoTx2020-06-09 2.pdf,a524762d235413277250c412227d2e415370c8c9a1eab42e514ea2873614a6ed,https://www.ice.gov/doclib/287gMOA/287gJEM_NuecesCoTx2020-06-09.pdf,2026-09-12T21:00:40Z,TEXAS,Nueces County Sheriff's Office,287gJEM_NuecesCoTx2020-06-09 2.pdf,MOA; revalidated; bytes identical,"""28b433426ab6c28b5095e382c39b600f:1592600968.933912""","Fri, 19 Jun 2020 21:09:28 GMT",
agreements/agreements_20260912_135704/TEXAS/Nueces_County_Sheriff's_Office/addendum_287gJEM_NuecesCoTx_addendum.pdf,a0199cb8468d894f101c3ef16f55758a817487c2ddaa7bddaf5239725cde6d9f,https://www.ice.gov/doclib/287gMOA/287gJEM_NuecesCoTx_addendum.pdf,2026-09-12T21:00:40Z,TEXAS,Nueces County Sheriff's Office,287gJEM_NuecesCoTx_addendum.pdf,addendum; new url in sheet a405c40debaf,"""7a163ae094971a3b75190a93775ebb05:1645643515.631233""","Wed, 23 Feb 2022 19:11:55 GMT",
agreements/agreements_20260912_135704/FLORIDA/Pinellas_County_Sheriff's_Office/addendum_PinellasCoSheriffsOfficeFL_WSO_MOA_06252025.pdf,1f2665eaa291c5cbce572fc298ddb7e690775a6582ffd85714c5117c1dd531e4,https://www.ice.gov/doclib/287gMOA/PinellasCoSheriffsOfficeFL_WSO_MOA_06252025.pdf,2026-09-12T21:00:40Z,FLORIDA,Pinellas County Sheriff's Office,PinellasCoSheriffsOfficeFL_WSO_MOA_06252025.pdf,addendum; new url in sheet a405c40debaf,"""82accd0a3820f4ff8eaec1db2556345f:1751309330.652956""","Mon, 30 Jun 2025 18:48:50 GMT",
agreements/agreements_20260912_135704/FLORIDA/Polk_County_Sheriff's_Office/addendum_PolkCoSheriffsOfficeFL_WSO_MOA_06252025.pdf,7b3412e86bdce972fefbb5e9a4243a9d79d6291f7923ee5b2cba6106f0ff3967,https://www.ice.gov/doclib/287gMOA/PolkCoSheriffsOfficeFL_WSO_MOA_06252025.pdf,2026-09-12T21:00:41Z,FLORIDA,Polk County Sheriff's Office,PolkCoSheriffsOfficeFL_WSO_MOA_06252025.pdf,addendum; new url in sheet a405c40debaf,"""a6d1f258f72c91f518e04dc1877ac28e:1751309330.275175""","Mon, 30 Jun 2025 18:48:50 GMT",
agreements/agreements_20260912_135704/FLORIDA/Putnam_County_Sheriff's_Office/addendum_PutnamCoSheriffsOfficeFL_WSO_MOA_06252025.pdf,2ea49f1099af65e62eb57af354581a53b28c16426c3ebc63fb7cae43c8ae144d,https://www.ice.gov/doclib/287gMOA/PutnamCoSheriffsOfficeFL_WSO_MOA_06252025.pdf,2026-09-12T21:00:41Z,FLORIDA,Putnam County Sheriff's Office,PutnamCoSheriffsOfficeFL_WSO_MOA_06252025.pdf,addendum; new url in sheet a405c40debaf,"""b849acfaf71156790ca751be052300c5:1751309330.265045""","Mon, 30 Jun 2025 18:48:50 GMT",
agreements/agreements_20260912_135704/FLORIDA/Sumter_County_Sheriff's_Office/addendum_SumterCoSheriffsOfficeFL_WSO_MOA_06252025.pdf,deda26dba22ce4b205ff4f1d40e47815d2dd0fa4d49bb67dd08a5c44c5dea09a,https://www.ice.gov/doclib/287gMOA/SumterCoSheriffsOfficeFL_WSO_MOA_06252025.pdf,2026-09-12T21:00:41Z,FLORIDA,Sumter County Sheriff's Office,SumterCoSheriffsOfficeFL_WSO_MOA_06252025.pdf,addendum; new url in sheet a405c40debaf,"""8832498ae4e4c991ee72965a1b568c1d:1751309329.932521""","Mon, 30 Jun 2025 18:48:49 GMT",
agreements/agreements_20260912_135704/FLORIDA/Suwannee_County_Sheriff's_Office/addendum_SuwaneeCoSheriffsOfficeFL_WSO_MOA_06252025.pdf,1b70352a0c3662222a3d0e0069e3141459133994081d3e4712603995fee3f5e1,https://www.ice.gov/doclib/287gMOA/SuwaneeCoSheriffsOfficeFL_WSO_MOA_06252025.pdf,2026-09-12T21:00:41Z,FLORIDA,Suwannee County Sheriff's Office,SuwaneeCoSheriffsOfficeFL_WSO_MOA_06252025.pdf,addendum; new url in sheet a405c40debaf,"""4838680316d34a35ae52f4f4fa5024e9:1751309330.340128""","Mon, 30 Jun 2025 18:48:50 GMT",
agreements/agreements_20260912_135704/FLORIDA/Union_County_Sheriff's_Office/addendum_UnionCoSheriffsOfficeFL_WSO_MOA_06252025.pdf,8c568f5a5e7f20e584d8e70f499d4e0a9b27765cb8dac12a83605a9491a9c1c3,https://www.ice.gov/doclib/287gMOA/UnionCoSheriffsOfficeFL_WSO_MOA_06252025.pdf,2026-09-12T21:00:42Z,FLORIDA,Union County Sheriff's Office,UnionCoSheriffsOfficeFL_WSO_MOA_06252025.pdf,addendum; new url in sheet a405c40debaf,"""7908a901b3d38b2c5b0dc3de9078dd53:1751309330.101396""","Mon, 30 Jun 2025 18:48:50 GMT",
agreements/agreements_20260607_025243/WYOMING/Laramie_County_Sheriff’s_Office/LaramieCountySO_JEM_MOA_052025.pdf,df308cb7528603eca2d525417a59ab05de41a06846bd019c9aeb7010b6e9039a,https://www.ice.gov/doclib/287gMOA/LaramieCountySO_JEM_MOA_052025.pdf,2026-09-12T21:00:42Z,WYOMING,Laramie County Sheriff’s Office,LaramieCountySO_JEM_MOA_052025.pdf,MOA; revalidated; bytes identical,"""bfc0e1d72beb1e9fde51b2c29a22428e:1750959325.035732""","Thu, 26 Jun 2025 17:35:25 GMT",
agreements/agreements_20260607_025243/FLORIDA/Nassau_County_Sheriff's_Office/NassauCoSheriffsOfficeFL_TFM_MOA_02262025.pdf,6f382a8ccd77435ef0a706d2e35fc9c5980b5095defabb015d465b1aadfa39f2,https://www.ice.gov/doclib/287gMOA/NassauCoSheriffsOfficeFL_TFM_MOA_02262025.pdf,2026-09-12T21:00:42Z,FLORIDA,Nassau County Sheriff's Office,NassauCoSheriffsOfficeFL_TFM_MOA_02262025.pdf,MOA; revalidated; bytes identical,"""0c835b523d04fbfedc718067c1e89294:1750946604.244067""","Thu, 26 Jun 2025 14:03:24 GMT",
agreements/agreements_20260607_025243/FLORIDA/Northwest_Florida_State_College_Police_Department/NorthwestFloridaStateCollegePoliceDeptFL_TFM_MOA_05082025.pdf,204d78aa039769da918117e3dd9175950a7c5ab564327b9d25f946fd73eba72e,https://www.ice.gov/doclib/287gMOA/NorthwestFloridaStateCollegePoliceDeptFL_TFM_MOA_05082025.pdf,2026-09-12T21:00:43Z,FLORIDA,Northwest Florida State College Police Department,NorthwestFloridaStateCollegePoliceDeptFL_TFM_MOA_05082025.pdf,MOA; revalidated; bytes identical,"""40e7d054fbfd55518099753278f23fc4:1750946599.649133""","Thu, 26 Jun 2025 14:03:19 GMT",
agreements/agreements_20260607_025243/FLORIDA/Orange_City_Police_Department/OrangeCityPoliceDeptFL_TFM_MOA_04142025.pdf,ff7fafbf953515c526b66b9165c72a72bbf30f6a14b60a76515117e8587cc391,https://www.ice.gov/doclib/287gMOA/OrangeCityPoliceDeptFL_TFM_MOA_04142025.pdf,2026-09-12T21:00:43Z,FLORIDA,Orange City Police Department,OrangeCityPoliceDeptFL_TFM_MOA_04142025.pdf,MOA; revalidated; bytes identical,"""f2e4e108ec44f59d325409cdf1f422e5:1750946595.258102""","Thu, 26 Jun 2025 14:03:15 GMT",
agreements/agreements_20260607_025243/FLORIDA/Ormond_Beach_Police_Department/OrmondBeachPoliceDeptFL_TFM_MOA_04142025.pdf,36ed80bdcc584b0a0a886af7b60c1b8c299de9c161f771a545e50ea161c621d9,https://www.ice.gov/doclib/287gMOA/OrmondBeachPoliceDeptFL_TFM_MOA_04142025.pdf,2026-09-12T21:00:43Z,FLORIDA,Ormond Beach Police Department,OrmondBeachPoliceDeptFL_TFM_MOA_04142025.pdf,MOA; revalidated; bytes identical,"""9504335bb47de63fc2f2e8794b084225:1750946642.236821""","Thu, 26 Jun 2025 14:04:02 GMT",
agreements/agreements_20260607_025243/SOUTH_CAROLINA/Anderson_County_Sheriff's_Office/AndersonCountySC_WSO_MOA_061225.pdf,2daff279aa30ffb4000bec2a203a9b909af86ded9a7459ac257e258f9e5ff779,https://www.ice.gov/doclib/287gMOA/AndersonCountySC_WSO_MOA_061225.pdf,2026-09-12T21:00:43Z,SOUTH CAROLINA,Anderson County Sheriff's Office,AndersonCountySC_WSO_MOA_061225.pdf,MOA; revalidated; bytes identical,"""ffd38c40a11f840d8076b87444b85ec6:1755206133.033157""","Thu, 14 Aug 2025 21:15:33 GMT",
agreements/agreements_20260607_025243/TEXAS/Angelina_County_Sheriff's_Office/AngelinaCountyTX_WSO_MOA_061825.pdf,68c8a5a5e680b5ec5d9e7d353a9750de56169a21e60ca45933d1e67a97464c8b,https://www.ice.gov/doclib/287gMOA/AngelinaCountyTX_WSO_MOA_061825.pdf,2026-09-12T21:00:44Z,TEXAS,Angelina County Sheriff's Office,AngelinaCountyTX_WSO_MOA_061825.pdf,MOA; revalidated; bytes identical,"""460d095ddc265378a350e3b7a814999c:1755206134.10678""","Thu, 14 Aug 2025 21:15:34 GMT",
agreements/agreements_20260607_025243/TEXAS/Brooks_County_Sheriff's_Office/BrooksCountySOTX_JEM_MOA_061125.pdf,41b008a0f9ad5bb95f7fe3306e7fc8b9e1b9a1b68da64848bf9101cdea627d99,https://www.ice.gov/doclib/287gMOA/BrooksCountySOTX_JEM_MOA_061125.pdf,2026-09-12T21:00:44Z,TEXAS,Brooks County Sheriff's Office,BrooksCountySOTX_JEM_MOA_061125.pdf,MOA; revalidated; bytes identical,"""d72697f984a1d6d89640d15ca83f5019:1755206135.395597""","Thu, 14 Aug 2025 21:15:35 GMT",
agreements/agreements_20260607_025243/GEORGIA/Burke_County_Sheriff's_Office/BurkeCountyGA_WSO_MOA_032625.pdf,9640e598e6495c44b2b2c8404e21292e1e11ffaa1f7dc14680fa2158640aeea3,https://www.ice.gov/doclib/287gMOA/BurkeCountyGA_WSO_MOA_032625.pdf,2026-09-12T21:00:44Z,GEORGIA,Burke County Sheriff's Office,BurkeCountyGA_WSO_MOA_032625.pdf,MOA; revalidated; bytes identical,"""0e973b01a834f41074e32e7998faaece:1755206136.035532""","Thu, 14 Aug 2025 21:15:36 GMT",
agreements/agreements_20260607_025243/TEXAS/Callahan_County_Sheriff's_Office/CallahanCoSO_WSO_MOA_072325.pdf,03905c6710b9b83df77a8b6b310e2917fc39334bddd2a90364edf3d10973e3b8,https://www.ice.gov/doclib/287gMOA/CallahanCoSO_WSO_MOA_072325.pdf,2026-09-12T21:00:45Z,TEXAS,Callahan County Sheriff's Office,CallahanCoSO_WSO_MOA_072325.pdf,MOA; revalidated; bytes identical,"""ac5f17f71b53ef3752cdb5c6a418649e:1755206132.734305""","Thu, 14 Aug 2025 21:15:32 GMT",
agreements/agreements_20260607_025243/TENNESSEE/Robertson_County_Sheriff's_Office/RobertsonCoSheriffsOfficeTN_WSO_MOA_07072025.pdf,b4a8cdac5868274579d5c9ebb8bcf0350788c7633a894861827742f7ed0c1a7f,https://www.ice.gov/doclib/287gMOA/RobertsonCoSheriffsOfficeTN_WSO_MOA_07072025.pdf,2026-09-12T21:00:46Z,TENNESSEE,Robertson County Sheriff's Office,RobertsonCoSheriffsOfficeTN_WSO_MOA_07072025.pdf,MOA; revalidated; bytes identical,"""1e4009605a5af3b64b6a72275d4f1382:1756826515.695912""","Tue, 02 Sep 2025 15:21:55 GMT",
agreements/agreements_20260912_135704/TEXAS/Montgomery_County_Sheriff’s_Office/addendum_287gJEM_%20montgomeryCoTX_06-09-2020_addendum.pdf,6cecd7e6e957bbe7a50cd668231c5e2983159fb2b94f604f60814fddb67b7434,https://www.ice.gov/doclib/287gMOA/287gJEM_%20montgomeryCoTX_06-09-2020_addendum.pdf,2026-09-12T21:00:47Z,TEXAS,Montgomery County Sheriff’s Office,287gJEM_%20montgomeryCoTX_06-09-2020_addendum.pdf,addendum; new url in sheet a405c40debaf,"""5d5d56d7074ff7f9209ed5f09a0f8f6d:1646406746.527232""","Fri, 04 Mar 2022 15:12:26 GMT",
agreements/agreements_20260607_025243/SOUTH_CAROLINA/Pickens_County_Sheriff's_Office/PickensCoSheriffsOfficeSC_WSO_MOA_05.22.2025.pdf,0875749c7f7d26d985929ebffc6eef316177f592e0257a5576a4b8dd2d186eb1,https://www.ice.gov/doclib/287gMOA/PickensCoSheriffsOfficeSC_WSO_MOA_05.22.2025.pdf,2026-09-12T21:00:47Z,SOUTH CAROLINA,Pickens County Sheriff's Office,PickensCoSheriffsOfficeSC_WSO_MOA_05.22.2025.pdf,MOA; revalidated; bytes identical,"""6bb10905410ca5808da48833fde88fac:1750089606.556242""","Mon, 16 Jun 2025 16:00:06 GMT",
agreements/agreements_20260607_025243/TENNESSEE/Macon_County_Sheriff's_Office/MaconCoSheriffsOfficeTN_WSO_MOA_06.03.2025.pdf,ccee9a5d8dfb3fc270e831383f742300830b41a70b2d80179e2f386e07c49e2a,https://www.ice.gov/doclib/287gMOA/MaconCoSheriffsOfficeTN_WSO_MOA_06.03.2025.pdf,2026-09-12T21:00:47Z,TENNESSEE,Macon County Sheriff's Office,MaconCoSheriffsOfficeTN_WSO_MOA_06.03.2025.pdf,MOA; revalidated; bytes identical,"""96b89f227bcb38bc91098a095321e01d:1750089607.135348""","Mon, 16 Jun 2025 16:00:07 GMT",
agreements/agreements_20260607_025243/TENNESSEE/Sullivan_County_Sheriff's_Office/SullivanCoSheriffsOfficeTN_WSO_MOA_05.22.2025.pdf,ed580873198b5b475943175f044b4a6584da0cd4c9902291d45379ff9e12ad7e,https://www.ice.gov/doclib/287gMOA/SullivanCoSheriffsOfficeTN_WSO_MOA_05.22.2025.pdf,2026-09-12T21:00:48Z,TENNESSEE,Sullivan County Sheriff's Office,SullivanCoSheriffsOfficeTN_WSO_MOA_05.22.2025.pdf,MOA; revalidated; bytes identical,"""0f71d10379beb9178cbc320e02247f0f:1750089611.093669""","Mon, 16 Jun 2025 16:00:11 GMT",
agreements/agreements_20260607_025243/WISCONSIN/Outagamie_County_Sheriff's_Office/OutagamieCoSheriffsOfficeWI_WSO_MOA_05.08.2025.pdf,ae62163c35103174a991b0f8e315ce8cb52f33c1f249536225a6ee1d2e2d3447,https://www.ice.gov/doclib/287gMOA/OutagamieCoSheriffsOfficeWI_WSO_MOA_05.08.2025.pdf,2026-09-12T21:00:48Z,WISCONSIN,Outagamie County Sheriff's Office,OutagamieCoSheriffsOfficeWI_WSO_MOA_05.08.2025.pdf,MOA; revalidated; bytes identical,"""d03bc7afd221a4f88be15003acd4c453:1750089610.371617""","Mon, 16 Jun 2025 16:00:10 GMT",
agreements/agreements_20260607_025243/WYOMING/Carbon_County_Sheriff's_Office/CarbonCoSheriffsOfficeWY_WSO_MOA_06122025.pdf,bc02b306d8a46e2fd60e198637b576d63778476f9ccc4db60df8894aa89db677,https://www.ice.gov/doclib/287gMOA/CarbonCoSheriffsOfficeWY_WSO_MOA_06122025.pdf,2026-09-12T21:00:48Z,WYOMING,Carbon County Sheriff's Office,CarbonCoSheriffsOfficeWY_WSO_MOA_06122025.pdf,MOA; revalidated; bytes identical,"""6ccde1cee22c6263f41200f08612305d:1756918310.653903""","Wed, 03 Sep 2025 16:51:50 GMT",
agreements/agreements_20260607_025243/WEST_VIRGINIA/West_Virginia_Division_of_Corrections_and_Rehabilitation/DivisionCorrectionsRehabilitationWV_WSO_MOA_06062025.pdf,cc39140956d861d50cf55ca84a356951962d8dad04bd74b569290db648a92180,https://www.ice.gov/doclib/287gMOA/DivisionCorrectionsRehabilitationWV_WSO_MOA_06062025.pdf,2026-09-12T21:00:49Z,WEST VIRGINIA,West Virginia Division of Corrections and Rehabilitation,DivisionCorrectionsRehabilitationWV_WSO_MOA_06062025.pdf,MOA; revalidated; bytes identical,"""202d7662974e6f836212af005b7ec401:1756918310.931013""","Wed, 03 Sep 2025 16:51:50 GMT",
agreements/agreements_20260607_025243/WEST_VIRGINIA/Jefferson_County_Sheriff's_Office/JeffersonCoSheriffsOfficeWV_TFM_MOA_08042025.pdf,43d218629edc2a57ef28f4497d2563a60fd46c78aec1da69a03f7f7e478320f7,https://www.ice.gov/doclib/287gMOA/JeffersonCoSheriffsOfficeWV_TFM_MOA_08042025.pdf,2026-09-12T21:00:49Z,WEST VIRGINIA,Jefferson County Sheriff's Office,JeffersonCoSheriffsOfficeWV_TFM_MOA_08042025.pdf,MOA; revalidated; bytes identical,"""2f3e481ec5153a56b1afa4c6ca2900f2:1756918335.512453""","Wed, 03 Sep 2025 16:52:15 GMT",
agreements/agreements_20260607_025243/UTAH/Kane_County_Sheriff's_Office/KaneCoSheriffsOfficeUT_WSO_MOA_07242025.pdf,65a244246ed48af86e7d572d48773107f663a672e8c53cb7b21fcd419339f455,https://www.ice.gov/doclib/287gMOA/KaneCoSheriffsOfficeUT_WSO_MOA_07242025.pdf,2026-09-12T21:00:49Z,UTAH,Kane County Sheriff's Office,KaneCoSheriffsOfficeUT_WSO_MOA_07242025.pdf,MOA; revalidated; bytes identical,"""cd8b606294aac7b4e5a241d388f5474f:1756918315.414521""","Wed, 03 Sep 2025 16:51:55 GMT",
agreements/agreements_20260607_025243/WISCONSIN/Kewaunee_County_Sheriff's_Office/KewauneeCoSheriffsOfficeWI_WSO_MOA_06122025.pdf,340b87a0161db91709ca9fefa4774d5967a0e8dcc2258031156f540d6f79b0a9,https://www.ice.gov/doclib/287gMOA/KewauneeCoSheriffsOfficeWI_WSO_MOA_06122025.pdf,2026-09-12T21:00:49Z,WISCONSIN,Kewaunee County Sheriff's Office,KewauneeCoSheriffsOfficeWI_WSO_MOA_06122025.pdf,MOA; revalidated; bytes identical,"""a26c5e3d5063cbcf27a444d629f86aca:1756918323.487734""","Wed, 03 Sep 2025 16:52:03 GMT",
agreements/agreements_20260607_025243/WYOMING/Laramie_County_Sheriff’s_Office/LaramieCoSheriffsOfficeWY_WSO_MOA_06122025.pdf,39cb991d9ed1ad047239e928f100c5cffb1fa4d5c8c64d99aa264b898f8b4360,https://www.ice.gov/doclib/287gMOA/LaramieCoSheriffsOfficeWY_WSO_MOA_06122025.pdf,2026-09-12T21:00:50Z,WYOMING,Laramie County Sheriff’s Office,LaramieCoSheriffsOfficeWY_WSO_MOA_06122025.pdf,MOA; revalidated; bytes identical,"""7972a5f27b8b08761fa2eb08419b842f:1756918319.555724""","Wed, 03 Sep 2025 16:51:59 GMT",
agreements/agreements_20260607_025243/WEST_VIRGINIA/West_Virginia_State_Police_Department/StatePoliceWV_TFM_MOA_07232025.pdf,924993d39ae9fc4b0c1aaf8a43aa868a50b056c5339f13a6b72505fe91fae4f0,https://www.ice.gov/doclib/287gMOA/StatePoliceWV_TFM_MOA_07232025.pdf,2026-09-12T21:00:50Z,WEST VIRGINIA,West Virginia State Police Department,StatePoliceWV_TFM_MOA_07232025.pdf,MOA; revalidated; bytes identical,"""1742b35455cd568e78ec29e64fc9f901:1756918322.935192""","Wed, 03 Sep 2025 16:52:02 GMT",
agreements/agreements_20260607_025243/PENNSYLVANIA/Constable_Unity_Township/UnityTownshipConstableOfficePA_TFM_MOA_07152025.pdf,6a345799d3768ededca25c72aa19efd47343e9924b0a15da5cb9319e8feb40ef,https://www.ice.gov/doclib/287gMOA/UnityTownshipConstableOfficePA_TFM_MOA_07152025.pdf,2026-09-12T21:00:50Z,PENNSYLVANIA,Constable Unity Township,UnityTownshipConstableOfficePA_TFM_MOA_07152025.pdf,MOA; revalidated; bytes identical,"""f104c9af373ab430a7ac06f2735c10b3:1756918400.014295""","Wed, 03 Sep 2025 16:53:20 GMT",
agreements/agreements_20260607_025243/UTAH/Wasatch_County_Sheriff's_Office/WasatchCoSheriffsOfficeUT_WSO_MOA_08042025.pdf,4b0ac70bb8981bf911a444114eb51e485af4d10f7a20c6bf43c020c6271c0c38,https://www.ice.gov/doclib/287gMOA/WasatchCoSheriffsOfficeUT_WSO_MOA_08042025.pdf,2026-09-12T21:00:50Z,UTAH,Wasatch County Sheriff's Office,WasatchCoSheriffsOfficeUT_WSO_MOA_08042025.pdf,MOA; revalidated; bytes identical,"""9c122ef1debceaf62ac0356eda8900ab:1756918332.175053""","Wed, 03 Sep 2025 16:52:12 GMT",
agreements/agreements_20260607_025243/FLORIDA/Washington_County_Sheriff's_Office/WashingtonCoSheriffsOfficeFL_TFM_MOA_02262025.pdf,05b5f2a10a342c7e8f9e3997f425b882486e9d5f001741e10c18e9863d9b0f1a,https://www.ice.gov/doclib/287gMOA/WashingtonCoSheriffsOfficeFL_TFM_MOA_02262025.pdf,2026-09-12T21:00:51Z,FLORIDA,Washington County Sheriff's Office,WashingtonCoSheriffsOfficeFL_TFM_MOA_02262025.pdf,MOA; revalidated; bytes identical,"""8782091a6dc5fea2c66e57867f5a388b:1756918327.128275""","Wed, 03 Sep 2025 16:52:07 GMT",
agreements/agreements_20260607_025243/TEXAS/Winkler_County_Sheriff's_Office/WinklerCoSheriffsOfficeTX_JEM_MOA_03212025.pdf,95fe937abe14d96feec0d60ca8d9236ae53f6431508dd3094133b477e740c50c,https://www.ice.gov/doclib/287gMOA/WinklerCoSheriffsOfficeTX_JEM_MOA_03212025.pdf,2026-09-12T21:00:51Z,TEXAS,Winkler County Sheriff's Office,WinklerCoSheriffsOfficeTX_JEM_MOA_03212025.pdf,MOA; revalidated; bytes identical,"""0ef6f0fe0dfa6c76857615c4b5ae35c8:1756918327.638661""","Wed, 03 Sep 2025 16:52:07 GMT",
agreements/agreements_20260607_025243/TEXAS/Cooke_County_Sheriff's_Office/CookeCoSheriffsOfficeTX_WSO_MOA_07242025.pdf,ed31d782949c2ad348e4abcbae2a46df9489df49da8a2017983d70e427ae8811,https://www.ice.gov/doclib/287gMOA/CookeCoSheriffsOfficeTX_WSO_MOA_07242025.pdf,2026-09-12T21:00:51Z,TEXAS,Cooke County Sheriff's Office,CookeCoSheriffsOfficeTX_WSO_MOA_07242025.pdf,MOA; revalidated; bytes identical,"""f35c50be03815ff1bed4e0a7fcfc9699:1757008542.712362""","Thu, 04 Sep 2025 17:55:42 GMT",
agreements/agreements_20260607_025243/TEXAS/Crosby_County_Sheriff's_Office/CrosbyCoSheriffsOfficeTX_WSO_MOA_08282025.pdf,d0f7361f699d1e7df75d9f52eb2e23ef12acc4b35748780a6d9a00fa697f30ec,https://www.ice.gov/doclib/287gMOA/CrosbyCoSheriffsOfficeTX_WSO_MOA_08282025.pdf,2026-09-12T21:00:52Z,TEXAS,Crosby County Sheriff's Office,CrosbyCoSheriffsOfficeTX_WSO_MOA_08282025.pdf,MOA; revalidated; bytes identical,"""a9336212fc10f699fc2fec735f44a9ec:1757008557.389751""","Thu, 04 Sep 2025 17:55:57 GMT",
agreements/agreements_20260607_025243/TEXAS/Gray_County_Sheriff's_Office_/GrayCoSheriffsOfficeTX_WSO_MOA_08282025.pdf,6090b7480dc3edd6538424f5c5f9f5987a01ae0e997564d11f953f6bdf2e9c92,https://www.ice.gov/doclib/287gMOA/GrayCoSheriffsOfficeTX_WSO_MOA_08282025.pdf,2026-09-12T21:00:52Z,TEXAS,Gray County Sheriff's Office,GrayCoSheriffsOfficeTX_WSO_MOA_08282025.pdf,MOA; revalidated; bytes identical,"""dcfc714f893373dedbc19fccd20792d4:1757008550.322791""","Thu, 04 Sep 2025 17:55:50 GMT",
agreements/agreements_20260607_025243/TEXAS/Hemphill_County_Sheriff's_Office/HemphillCoSheriffsOfficeTX_WSO_MOA_07242025 2.pdf,f9b47f33a4231e86df9091c963ec7bba67654743ba85ca5adc1bdff85ded8a6c,https://www.ice.gov/doclib/287gMOA/HemphillCoSheriffsOfficeTX_WSO_MOA_07242025.pdf,2026-09-12T21:00:52Z,TEXAS,Hemphill County Sheriff's Office,HemphillCoSheriffsOfficeTX_WSO_MOA_07242025 2.pdf,MOA; revalidated; bytes identical,"""dc1d9eb9a9e8c6fd648ed212951963ac:1757008544.248042""","Thu, 04 Sep 2025 17:55:44 GMT",
agreements/agreements_20260607_025243/TEXAS/Ochiltree_County_Sheriff's_Office/OchiltreeCoSheriffsOfficeTX_WSO_MOA_07242025.pdf,09156ff5ed4c45fba5216ef5dc2e357f262d160e897272ec346ad1802ae711f4,https://www.ice.gov/doclib/287gMOA/OchiltreeCoSheriffsOfficeTX_WSO_MOA_07242025.pdf,2026-09-12T21:00:52Z,TEXAS,Ochiltree County Sheriff's Office,OchiltreeCoSheriffsOfficeTX_WSO_MOA_07242025.pdf,MOA; revalidated; bytes identical,"""08f02e040775ed889a250cf439f2faf8:1757008567.490898""","Thu, 04 Sep 2025 17:56:07 GMT",
agreements/agreements_20260607_025243/TEXAS/Denton_County_Sheriff's_Office/DentonCoSheriffsOfficeTX_JEM_MOA_07292025.pdf,668229de0506137d306001fada7e25d77d32df151d39501e66d92ac3b437ad25,https://www.ice.gov/doclib/287gMOA/DentonCoSheriffsOfficeTX_JEM_MOA_07292025.pdf,2026-09-12T21:00:53Z,TEXAS,Denton County Sheriff's Office,DentonCoSheriffsOfficeTX_JEM_MOA_07292025.pdf,MOA; revalidated; bytes identical,"""a193b16ad9035e27910a13f94412825d:1757007890.779667""","Thu, 04 Sep 2025 17:44:50 GMT",
agreements/agreements_20260607_025243/TEXAS/Jack_County_Sheriff's_Office/JackCoSheriffsOfficeTX_WSO_MOA_07242025.pdf,3658b96f18b7878f0418de6060a2461ae1978e426bf26cd3ea0ccd6a4fe0ba21,https://www.ice.gov/doclib/287gMOA/JackCoSheriffsOfficeTX_WSO_MOA_07242025.pdf,2026-09-12T21:00:53Z,TEXAS,Jack County Sheriff's Office,JackCoSheriffsOfficeTX_WSO_MOA_07242025.pdf,MOA; revalidated; bytes identical,"""363700acc32fade0be09fec6b3c958f8:1757007871.918917""","Thu, 04 Sep 2025 17:44:31 GMT",
agreements/agreements_20260607_025243/TEXAS/Lampasas_County_Sheriff's_Office/LampasasCoSheriffsOfficeTX_WSO_MOA_07152025.pdf,7bdee2aa2950cef10222b8e1901a4a4dbba5122675b2d7af66ba3c55166427e6,https://www.ice.gov/doclib/287gMOA/LampasasCoSheriffsOfficeTX_WSO_MOA_07152025.pdf,2026-09-12T21:00:53Z,TEXAS,Lampasas County Sheriff's Office,LampasasCoSheriffsOfficeTX_WSO_MOA_07152025.pdf,MOA; revalidated; bytes identical,"""a2f89b151c5932e39ea56ee0d803939f:1757007888.94313""","Thu, 04 Sep 2025 17:44:48 GMT",
agreements/agreements_20260607_025243/TEXAS/Motley_County_Sheriff's_Office_/MotleyCoSheriffsOfficeTX_TFM_MOA_08282025 2.pdf,4fb8d7f26a03eacae9dffab643f134b59bce514fa62bdf33ae077262c67be3dc,https://www.ice.gov/doclib/287gMOA/MotleyCoSheriffsOfficeTX_TFM_MOA_08282025.pdf,2026-09-12T21:00:53Z,TEXAS,Motley County Sheriff's Office,MotleyCoSheriffsOfficeTX_TFM_MOA_08282025 2.pdf,MOA; revalidated; bytes identical,"""c44195ebdfb33522374d89aec7451ba5:1757007877.265111""","Thu, 04 Sep 2025 17:44:37 GMT",
agreements/agreements_20260607_025243/TEXAS/San_Jacinto_County_Sheriff's_Office/SanJacintoCoSheriffsOfficeTX_TFM_MOA_08282025.pdf,2a28040dfca74e0ef2227e2394dfdf056dad7acdd454250b84e968ceadbefe15,https://www.ice.gov/doclib/287gMOA/SanJacintoCoSheriffsOfficeTX_TFM_MOA_08282025.pdf,2026-09-12T21:00:54Z,TEXAS,San Jacinto County Sheriff's Office,SanJacintoCoSheriffsOfficeTX_TFM_MOA_08282025.pdf,MOA; revalidated; bytes identical,"""740b0abe307aa196a677b66b3f76397e:1757007881.360868""","Thu, 04 Sep 2025 17:44:41 GMT",
agreements/agreements_20260607_025243/TEXAS/Shackelford_County_Sheriff's_Office/ShackelfordCoSheriffsOfficeTX_WSO_MOA_07242025.pdf,49507600cc13ab41503171053eeaab97b76b4fcc29ad2cde966a7da15d2f6fc9,https://www.ice.gov/doclib/287gMOA/ShackelfordCoSheriffsOfficeTX_WSO_MOA_07242025.pdf,2026-09-12T21:00:54Z,TEXAS,Shackelford County Sheriff's Office,ShackelfordCoSheriffsOfficeTX_WSO_MOA_07242025.pdf,MOA; revalidated; bytes identical,"""bbea81f9ebd10bff7fd22a1b936886bb:1757007873.163733""","Thu, 04 Sep 2025 17:44:33 GMT",
agreements/agreements_20260607_025243/TEXAS/Sterling_County_Sheriff's_Office/SterlingCoSheriffsOfficeTX_TFM_MOA_07232025.pdf,f1bfac8995eb1c8957ae935532247d89b2b3d582a6548e947ac88d05f2139e4d,https://www.ice.gov/doclib/287gMOA/SterlingCoSheriffsOfficeTX_TFM_MOA_07232025.pdf,2026-09-12T21:00:55Z,TEXAS,Sterling County Sheriff's Office,SterlingCoSheriffsOfficeTX_TFM_MOA_07232025.pdf,MOA; revalidated; bytes identical,"""c4e7c9047a0bac05d82347a60c5cf1c3:1757007875.127022""","Thu, 04 Sep 2025 17:44:35 GMT",
agreements/agreements_20260607_025243/TEXAS/Carson_County_Sheriff's_Office/CarsonCoSheriffsOfficeTX_WSO_MOA_08282025.pdf,76017237737d0da62b6905312533f9c10cd5f5b3627a7af50c2b32cfb60dcc35,https://www.ice.gov/doclib/287gMOA/CarsonCoSheriffsOfficeTX_WSO_MOA_08282025.pdf,2026-09-12T21:00:55Z,TEXAS,Carson County Sheriff's Office,CarsonCoSheriffsOfficeTX_WSO_MOA_08282025.pdf,MOA; revalidated; bytes identical,"""bd975836bc0a91b8a0ab092dffbe41d0:1757007453.339362""","Thu, 04 Sep 2025 17:37:33 GMT",
agreements/agreements_20260607_025243/TEXAS/Dallam_County_Sheriff's_Office/DallamCoSheriffsOfficeTX_WSO_MOA_07312025.pdf,89aa276f482e39abfd5c7b24fa57b861a24fda971cb64c798887b30aca7da1a8,https://www.ice.gov/doclib/287gMOA/DallamCoSheriffsOfficeTX_WSO_MOA_07312025.pdf,2026-09-12T21:00:55Z,TEXAS,Dallam County Sheriff's Office,DallamCoSheriffsOfficeTX_WSO_MOA_07312025.pdf,MOA; revalidated; bytes identical,"""dd217ebe947f845189805d43d034ec07:1757007459.203647""","Thu, 04 Sep 2025 17:37:39 GMT",
agreements/agreements_20260607_025243/TEXAS/Gaines_County_Sheriff's_Office/GainesCoSheriffsOfficeTX_WSO_MOA_07312025.pdf,e7ac99e059b6db1eb49bd61587413d5a9f4e1e94a28d9badb1aa398afbde32f3,https://www.ice.gov/doclib/287gMOA/GainesCoSheriffsOfficeTX_WSO_MOA_07312025.pdf,2026-09-12T21:00:55Z,TEXAS,Gaines County Sheriff's Office,GainesCoSheriffsOfficeTX_WSO_MOA_07312025.pdf,MOA; revalidated; bytes identical,"""ad03fd836adedbb19260463b0a1b7ddc:1757007461.075156""","Thu, 04 Sep 2025 17:37:41 GMT",
agreements/agreements_20260607_025243/TEXAS/Hale_County_Sheriff's_Office/HaleCoSheriffsOfficeTX_WSO_MOA_08042025.pdf,4fc5fcea42d8fb6fadf1c58ffb5f08db8be1e53f2160b58afafda9b984f229f9,https://www.ice.gov/doclib/287gMOA/HaleCoSheriffsOfficeTX_WSO_MOA_08042025.pdf,2026-09-12T21:00:56Z,TEXAS,Hale County Sheriff's Office,HaleCoSheriffsOfficeTX_WSO_MOA_08042025.pdf,MOA; revalidated; bytes identical,"""c9067b0feb2294686079fd05715e7eb3:1757007454.405702""","Thu, 04 Sep 2025 17:37:34 GMT",
agreements/agreements_20260607_025243/TEXAS/Hockley_County_Sheriff's_Office/HockleyCoSheriffsOfficeTX_WSO_MOA_08042025 2.pdf,d946ac4a7edf4a265682c7d14974326e4d2917d3c2df3279952deb5d2d6d95ca,https://www.ice.gov/doclib/287gMOA/HockleyCoSheriffsOfficeTX_WSO_MOA_08042025.pdf,2026-09-12T21:00:56Z,TEXAS,Hockley County Sheriff's Office,HockleyCoSheriffsOfficeTX_WSO_MOA_08042025 2.pdf,MOA; revalidated; bytes identical,"""8acc5793468e7138675cd9feaa5d2f9a:1757007457.568254""","Thu, 04 Sep 2025 17:37:37 GMT",
agreements/agreements_20260607_025243/TEXAS/Newton_County_Sheriff's_Office/NewtonCoSheriffsOfficeTX_WSO_MOA_06122025.pdf,a4d278fc3d18a322359fbf81541dcc748eedb0356ed2f5d9c1dfce6bf8f1b32e,https://www.ice.gov/doclib/287gMOA/NewtonCoSheriffsOfficeTX_WSO_MOA_06122025.pdf,2026-09-12T21:00:56Z,TEXAS,Newton County Sheriff's Office,NewtonCoSheriffsOfficeTX_WSO_MOA_06122025.pdf,MOA; revalidated; bytes identical,"""fadf1ef5c385d4d64bb34487f389652a:1757007453.629732""","Thu, 04 Sep 2025 17:37:33 GMT",
agreements/agreements_20260607_025243/TEXAS/Childress_County_Sheriff's_Office/ChildressCoSheriffsOfficeTX_WSO_MOA_06302025.pdf,bc520d08fab561e0a9aaa2add3a727d0132a7eeb2371bfda459dd4837ea9197a,https://www.ice.gov/doclib/287gMOA/ChildressCoSheriffsOfficeTX_WSO_MOA_06302025.pdf,2026-09-12T21:00:57Z,TEXAS,Childress County Sheriff's Office,ChildressCoSheriffsOfficeTX_WSO_MOA_06302025.pdf,MOA; revalidated; bytes identical,"""873dfde0ee7641bcf93013bd3b1ed83f:1756998136.399454""","Thu, 04 Sep 2025 15:02:16 GMT",
agreements/agreements_20260607_025243/TEXAS/Dickens_County_Sheriff's_Office/DickensCoSheriffsOfficeTX_WSO_MOA_06252025.pdf,86668576efb48c0e48d6dcaede733f63aa9c101acd73da27f16b7d1d3dc522d2,https://www.ice.gov/doclib/287gMOA/DickensCoSheriffsOfficeTX_WSO_MOA_06252025.pdf,2026-09-12T21:00:57Z,TEXAS,Dickens County Sheriff's Office,DickensCoSheriffsOfficeTX_WSO_MOA_06252025.pdf,MOA; revalidated; bytes identical,"""b69510828da13e78972d12b67c301acb:1756998145.89108""","Thu, 04 Sep 2025 15:02:25 GMT",
agreements/agreements_20260607_025243/TEXAS/Garza_County_Sheriff's_Office/GarzaCoSheriffsOfficeTX_WSO_MOA_07072025.pdf,77f2123140c63809359f99840114be781ca637e3a95c3e8c6fe666cad4e432c5,https://www.ice.gov/doclib/287gMOA/GarzaCoSheriffsOfficeTX_WSO_MOA_07072025.pdf,2026-09-12T21:00:57Z,TEXAS,Garza County Sheriff's Office,GarzaCoSheriffsOfficeTX_WSO_MOA_07072025.pdf,MOA; revalidated; bytes identical,"""7d6819a3ec01aae05a90254f01c9def1:1756998135.876344""","Thu, 04 Sep 2025 15:02:15 GMT",
agreements/agreements_20260607_025243/TEXAS/Hardeman_County_Sheriff's_Office/HardemanCoSheriffsOfficeTX_WSO_MOA_06252025.pdf,a95382211b9bd5d94472bf71692c78f14559361c192cb887a3cbfd9a631b08f2,https://www.ice.gov/doclib/287gMOA/HardemanCoSheriffsOfficeTX_WSO_MOA_06252025.pdf,2026-09-12T21:00:57Z,TEXAS,Hardeman County Sheriff's Office,HardemanCoSheriffsOfficeTX_WSO_MOA_06252025.pdf,MOA; revalidated; bytes identical,"""f937db4c3549d1f122b7dee2d13e2b9e:1756998135.789066""","Thu, 04 Sep 2025 15:02:15 GMT",
agreements/agreements_20260607_025243/TEXAS/Knox_County_Sheriff's_Office/KnoxCoSheriffsOfficeTX_WSO_MOA_06302025.pdf,e038fa51519470d59918d174f928d1c356d5fe200550983cab77f88a1e45e16e,https://www.ice.gov/doclib/287gMOA/KnoxCoSheriffsOfficeTX_WSO_MOA_06302025.pdf,2026-09-12T21:00:58Z,TEXAS,Knox County Sheriff's Office,KnoxCoSheriffsOfficeTX_WSO_MOA_06302025.pdf,MOA; revalidated; bytes identical,"""2f84f6708fac8792691ec9e390f3813e:1756998136.925893""","Thu, 04 Sep 2025 15:02:16 GMT",
agreements/agreements_20260607_025243/TEXAS/Lynn_County_Sheriff's_Office/LynnCoSheriffsOfficeTX_WSO_MOA_07022025.pdf,53edc2e84a764a40aecd16a1485bc9635ee3e9d42b03797c54bcd8b7282759be,https://www.ice.gov/doclib/287gMOA/LynnCoSheriffsOfficeTX_WSO_MOA_07022025.pdf,2026-09-12T21:00:58Z,TEXAS,Lynn County Sheriff's Office,LynnCoSheriffsOfficeTX_WSO_MOA_07022025.pdf,MOA; revalidated; bytes identical,"""fd03d7e7d083b735eaf91f21e7b417c5:1756998145.281783""","Thu, 04 Sep 2025 15:02:25 GMT",
agreements/agreements_20260607_025243/UTAH/Utah_County_Sheriff's_Office/UtahCoSheriffsOfficeUT_TFM_MOA_07242025.pdf,9eb21b26e0a327fa164f4daac445e3661c5534ff0d8056f9f745258ec88dab7a,https://www.ice.gov/doclib/287gMOA/UtahCoSheriffsOfficeUT_TFM_MOA_07242025.pdf,2026-09-12T21:00:58Z,UTAH,Utah County Sheriff's Office,UtahCoSheriffsOfficeUT_TFM_MOA_07242025.pdf,MOA; revalidated; bytes identical,"""9c0bcc4a81e5222e1aa0b5b7d14b7c4b:1756998138.499056""","Thu, 04 Sep 2025 15:02:18 GMT",
agreements/agreements_20260607_025243/UTAH/Utah_County_Sheriff's_Office/UtahCoSheriffsOfficeUT_WSO_MOA_07242025.pdf,96ce2b6d653eb3fc43873cfd18691df07e9571a21bbd9e591f9316176fa81093,https://www.ice.gov/doclib/287gMOA/UtahCoSheriffsOfficeUT_WSO_MOA_07242025.pdf,2026-09-12T21:00:58Z,UTAH,Utah County Sheriff's Office,UtahCoSheriffsOfficeUT_WSO_MOA_07242025.pdf,MOA; revalidated; bytes identical,"""2aa2f6f9ae3339875b641a891611b145:1756998139.12888""","Thu, 04 Sep 2025 15:02:19 GMT",
agreements/agreements_20260607_025243/FLORIDA/St._Johns_County_Sheriff's_Office/StJohnsCountySOFL_JEM%20MOA_07182025.pdf,3957af1f603317ce2da52e43c995c8bee9515984e55aaa085d3ed59dc8aa404a,https://www.ice.gov/doclib/287gMOA/StJohnsCountySOFL_JEM%20MOA_07182025.pdf,2026-09-12T21:00:59Z,FLORIDA,St. Johns County Sheriff's Office,StJohnsCountySOFL_JEM%20MOA_07182025.pdf,MOA; revalidated; bytes identical,"""5c8bca8a85db0bb10feef047b31e662a:1757019301.296457""","Thu, 04 Sep 2025 20:55:01 GMT",
agreements/agreements_20260607_025243/TEXAS/Galveston_County_Sheriff's_Office/GalvestonCoSheriffsOfficeTX_TFM_MOA_07232025.pdf,8139269e93f8f086ec3cd7ea8a5cc54d85cf09d4880ae42409f9315e3e451caa,https://www.ice.gov/doclib/287gMOA/GalvestonCoSheriffsOfficeTX_TFM_MOA_07232025.pdf,2026-09-12T21:00:59Z,TEXAS,Galveston County Sheriff's Office,GalvestonCoSheriffsOfficeTX_TFM_MOA_07232025.pdf,MOA; revalidated; bytes identical,"""cb47a45e76270404c833570743820df8:1756999064.145678""","Thu, 04 Sep 2025 15:17:44 GMT",
agreements/agreements_20260607_025243/TEXAS/Galveston_County_Sheriff's_Office/GalvestonCoSheriffsOfficeTX_WSO_MOA_03262025.pdf,5a524fe0d9da995efedf4ba1ef9a1d77717551bff916dd770e632d82aed6ab53,https://www.ice.gov/doclib/287gMOA/GalvestonCoSheriffsOfficeTX_WSO_MOA_03262025.pdf,2026-09-12T21:00:59Z,TEXAS,Galveston County Sheriff's Office,GalvestonCoSheriffsOfficeTX_WSO_MOA_03262025.pdf,MOA; revalidated; bytes identical,"""0fd293183d2808d3b6abe88ea9ef4884:1756999055.289748""","Thu, 04 Sep 2025 15:17:35 GMT",
agreements/agreements_20260607_025243/TEXAS/Hartley_County_Sheriff's_Office/HartleyCoSheriffsOfficeTX_TFM_MOA_07232025.pdf,175ccf7141d58bcf4399472aee5819727275edc7bd46bf84b105983c82ced5bd,https://www.ice.gov/doclib/287gMOA/HartleyCoSheriffsOfficeTX_TFM_MOA_07232025.pdf,2026-09-12T21:01:00Z,TEXAS,Hartley County Sheriff's Office,HartleyCoSheriffsOfficeTX_TFM_MOA_07232025.pdf,MOA; revalidated; bytes identical,"""92271a5a57188ca5f89fc0a5cf0ec223:1756999048.004104""","Thu, 04 Sep 2025 15:17:28 GMT",
agreements/agreements_20260607_025243/TEXAS/Jasper_County_Sheriff's_Office_/JasperCoSheriffsOfficeTX_WSO_MOA_08072025.pdf,c49604426d663f5ab2a75c3343f862a3ecd04d70ce02dbe973927475aab68a27,https://www.ice.gov/doclib/287gMOA/JasperCoSheriffsOfficeTX_WSO_MOA_08072025.pdf,2026-09-12T21:01:00Z,TEXAS,Jasper County Sheriff's Office,JasperCoSheriffsOfficeTX_WSO_MOA_08072025.pdf,MOA; revalidated; bytes identical,"""17be82b50c868e571446f23478ab147e:1756999048.402666""","Thu, 04 Sep 2025 15:17:28 GMT",
agreements/agreements_20260607_025243/TEXAS/Madison_County_Sheriff's_Office/MadisonCoSheriffsOfficeTX_WSO_MOA_06122025.pdf,a38e44fdcda9accc3aadb58ecab653eea1746a0b304a55519f430d86785f2c22,https://www.ice.gov/doclib/287gMOA/MadisonCoSheriffsOfficeTX_WSO_MOA_06122025.pdf,2026-09-12T21:01:00Z,TEXAS,Madison County Sheriff's Office,MadisonCoSheriffsOfficeTX_WSO_MOA_06122025.pdf,MOA; revalidated; bytes identical,"""ba8a5caa91d677f4fd48072f708a1841:1756999048.526463""","Thu, 04 Sep 2025 15:17:28 GMT",
agreements/agreements_20260607_025243/TEXAS/Milam_County_Sheriff's_Office/MilamCoSheriffsOfficeTX_WSO_MOA_06112025.pdf,fea0bf2f2504b362c7708027f58dda53575e06c68b3ad1aff6acaa9c421f3add,https://www.ice.gov/doclib/287gMOA/MilamCoSheriffsOfficeTX_WSO_MOA_06112025.pdf,2026-09-12T21:01:00Z,TEXAS,Milam County Sheriff's Office,MilamCoSheriffsOfficeTX_WSO_MOA_06112025.pdf,MOA; revalidated; bytes identical,"""6b82456d5f23b8759fa9e071e6ee661f:1756999054.964222""","Thu, 04 Sep 2025 15:17:34 GMT",
agreements/agreements_20260607_025243/TEXAS/Nacogdoches_County_Sheriff's_Office_/NacogdochesCoSheriffsOfficeTX_WSO_MOA_08042025.pdf,fcf9cf3c3157c4f0c7ad2945596dcd83a55d6a1e9f061f9fd668b736ae1e31e6,https://www.ice.gov/doclib/287gMOA/NacogdochesCoSheriffsOfficeTX_WSO_MOA_08042025.pdf,2026-09-12T21:01:01Z,TEXAS,Nacogdoches County Sheriff's Office,NacogdochesCoSheriffsOfficeTX_WSO_MOA_08042025.pdf,MOA; revalidated; bytes identical,"""35ff3e8bb465ace423e1e1d506c13731:1756999051.366277""","Thu, 04 Sep 2025 15:17:31 GMT",
agreements/agreements_20260607_025243/TEXAS/Panola_County_Sheriff's_Office/PanolaCoSheriffsOfficeTX_WSO_MOA_03262025.pdf,afb0a83ec422690bb72680c7be69897116a81bfe0e37761647a78a9e1df3b5bc,https://www.ice.gov/doclib/287gMOA/PanolaCoSheriffsOfficeTX_WSO_MOA_03262025.pdf,2026-09-12T21:01:01Z,TEXAS,Panola County Sheriff's Office,PanolaCoSheriffsOfficeTX_WSO_MOA_03262025.pdf,MOA; revalidated; bytes identical,"""dffe8d5f0f367a7a3eb3dbffee1ea74f:1756999050.798579""","Thu, 04 Sep 2025 15:17:30 GMT",
agreements/agreements_20260607_025243/TEXAS/Rains_County_Sheriff's_Office/RainsCoSheriffsOfficeTX_WSO_MOA_06112025.pdf,da2ae4a7a907150a79e83ebcde9f009b24f8c6615c07d30ccde3c2b8ca865b17,https://www.ice.gov/doclib/287gMOA/RainsCoSheriffsOfficeTX_WSO_MOA_06112025.pdf,2026-09-12T21:01:01Z,TEXAS,Rains County Sheriff's Office,RainsCoSheriffsOfficeTX_WSO_MOA_06112025.pdf,MOA; revalidated; bytes identical,"""2cf19438cbbc0e1c2df24510ef2fa118:1756999052.709018""","Thu, 04 Sep 2025 15:17:32 GMT",
agreements/agreements_20260607_025243/TEXAS/Randall_County_Sheriff's_Office/RandallCoSheriffsOfficeTX_JEM_MOA_02282025.pdf,8ed59c21c1ecbc1369df885e0aaf9a61b027b58214dc86c3c4965c9f148b0946,https://www.ice.gov/doclib/287gMOA/RandallCoSheriffsOfficeTX_JEM_MOA_02282025.pdf,2026-09-12T21:01:02Z,TEXAS,Randall County Sheriff's Office,RandallCoSheriffsOfficeTX_JEM_MOA_02282025.pdf,MOA; revalidated; bytes identical,"""67bdd5891afc16e01f10b24eab857379:1756999062.673287""","Thu, 04 Sep 2025 15:17:42 GMT",
agreements/agreements_20260607_025243/TEXAS/Scurry_County_Sheriff's_Office/ScurryCoSheriffsOfficeTX_WSO_MOA_06252025.pdf,ad3969a75a4f76d29b6ba0c5518b9df9f71871faecc3a520d7a148f7342d48ed,https://www.ice.gov/doclib/287gMOA/ScurryCoSheriffsOfficeTX_WSO_MOA_06252025.pdf,2026-09-12T21:01:02Z,TEXAS,Scurry County Sheriff's Office,ScurryCoSheriffsOfficeTX_WSO_MOA_06252025.pdf,MOA; revalidated; bytes identical,"""0e2529b11d0fc95d233f36b768138ae5:1756999053.335043""","Thu, 04 Sep 2025 15:17:33 GMT",
agreements/agreements_20260607_025243/TEXAS/Terry_County_Sheriff's_Office/TerryCoSheriffsOfficeTX_WSO_MOA_07072025.pdf,7fb1e4e834e52810e5828cfd404f2ee14056117be1d82dfa764af26520875097,https://www.ice.gov/doclib/287gMOA/TerryCoSheriffsOfficeTX_WSO_MOA_07072025.pdf,2026-09-12T21:01:02Z,TEXAS,Terry County Sheriff's Office,TerryCoSheriffsOfficeTX_WSO_MOA_07072025.pdf,MOA; revalidated; bytes identical,"""140defb27b9da45fd41e80f160ad81e1:1756999061.802832""","Thu, 04 Sep 2025 15:17:41 GMT",
agreements/agreements_20260607_025243/TEXAS/Wichita_County_Sheriff's_Office/WichitaCoSheriffsOfficeTX_WSO_MOA_04162025.pdf,769f66cc2cc6247db9ff69442931959b7f297830dc26b1e9a140e59f34a332be,https://www.ice.gov/doclib/287gMOA/WichitaCoSheriffsOfficeTX_WSO_MOA_04162025.pdf,2026-09-12T21:01:03Z,TEXAS,Wichita County Sheriff's Office,WichitaCoSheriffsOfficeTX_WSO_MOA_04162025.pdf,MOA; revalidated; bytes identical,"""5ae4fe39dcee774155031f122e1c32ee:1756999056.753089""","Thu, 04 Sep 2025 15:17:36 GMT",
agreements/agreements_20260607_025243/TEXAS/Yoakum_County_Sheriff's_Office/YoakumCoSheriffsOfficeTX_WSO_MOA_06252025.pdf,9900fa0cdc70381415d512f93f768d536107eb73b2c7f4c4f0e64e991c12355b,https://www.ice.gov/doclib/287gMOA/YoakumCoSheriffsOfficeTX_WSO_MOA_06252025.pdf,2026-09-12T21:01:03Z,TEXAS,Yoakum County Sheriff's Office,YoakumCoSheriffsOfficeTX_WSO_MOA_06252025.pdf,MOA; revalidated; bytes identical,"""6d5c2b8fff3aadd2fd9c1af40e41246d:1756999065.502606""","Thu, 04 Sep 2025 15:17:45 GMT",
agreements/agreements_20260607_025243/TEXAS/Kerr_County_Sheriff's_Office/KerrCoSheriffsOfficeTX_WSO_MOA_05.05.2025 2.pdf,16902156e46aebc7eee1e9d8454d25716bd55dc2d5ffeb720c834bf183e1b87c,https://www.ice.gov/doclib/287gMOA/KerrCoSheriffsOfficeTX_WSO_MOA_05.05.2025.pdf,2026-09-12T21:01:03Z,TEXAS,Kerr County Sheriff's Office,KerrCoSheriffsOfficeTX_WSO_MOA_05.05.2025 2.pdf,MOA; revalidated; bytes identical,"""3dc159a85ddf54c39e6b1de0b5223b44:1750089607.727335""","Mon, 16 Jun 2025 16:00:07 GMT",
agreements/agreements_20260607_025243/TEXAS/Orange_County_Sheriff's_Office/OrangeCoSheriffsOfficeTX_WSO_MOA_05.06.2025.pdf,bc46359caa68c6a060fe7aaabfaf2687c1f950a9fca62ae1df9e74779ab6b6c3,https://www.ice.gov/doclib/287gMOA/OrangeCoSheriffsOfficeTX_WSO_MOA_05.06.2025.pdf,2026-09-12T21:01:03Z,TEXAS,Orange County Sheriff's Office,OrangeCoSheriffsOfficeTX_WSO_MOA_05.06.2025.pdf,MOA; revalidated; bytes identical,"""e99060df6dbe193d14fe11f6a0a1c405:1750089619.961585""","Mon, 16 Jun 2025 16:00:19 GMT",
agreements/agreements_20260607_025243/TEXAS/Polk_County_Sheriff's_Office/PolkCoSheriffsOfficeTX_WSO_MOA_05.06.2025 2.pdf,eca22448cd85bf1a44ce1672760b27b40c0e025109966416955199f566f150e6,https://www.ice.gov/doclib/287gMOA/PolkCoSheriffsOfficeTX_WSO_MOA_05.06.2025.pdf,2026-09-12T21:01:04Z,TEXAS,Polk County Sheriff's Office,PolkCoSheriffsOfficeTX_WSO_MOA_05.06.2025 2.pdf,MOA; revalidated; bytes identical,"""d1b111980ab90299721365d911980740:1750089615.66269""","Mon, 16 Jun 2025 16:00:15 GMT",
agreements/agreements_20260607_025243/FLORIDA/Ocoee_Police_Department/OcoeePD-FL-TFM-MOA-07302025.pdf,0143549ea623ad5ab8132237ec4264b4d0614ff3941372ced8115e905b051312,https://www.ice.gov/doclib/about/offices/ero/287g/OcoeePD-FL-TFM-MOA-07302025.pdf,2026-09-12T21:01:04Z,FLORIDA,Ocoee Police Department,OcoeePD-FL-TFM-MOA-07302025.pdf,MOA; revalidated; bytes identical,"""24ede40d033c0c4555247cec113c7ceb:1753880103.188948""","Wed, 30 Jul 2025 12:55:03 GMT",
agreements/agreements_20260607_025243/TENNESSEE/Coffee_County_Sheriff's_Office/CoffeeCountySOTN_WSO_MOA.pdf,924f5fce84c66c87b0b0aacd4baa13de81adef55f7a58208e846f82bef9eadce,https://www.ice.gov/doclib/287gMOA/CoffeeCountySOTN_WSO_MOA.pdf,2026-09-12T21:01:04Z,TENNESSEE,Coffee County Sheriff's Office,CoffeeCountySOTN_WSO_MOA.pdf,MOA; revalidated; bytes identical,"""64a8ce032a0de9776c61bf7776eb4711:1757100557.434097""","Fri, 05 Sep 2025 19:29:17 GMT",
agreements/agreements_20260607_025243/TENNESSEE/Cumberland_County_Sheriff's_Office/CumberlandCountySOTN_WSO_MOA.pdf,102f3b0dd1af3310af4116c60801b990c5b3b6d4c8d8e1bffa2ba7ce1b575574,https://www.ice.gov/doclib/287gMOA/CumberlandCountySOTN_WSO_MOA.pdf,2026-09-12T21:01:05Z,TENNESSEE,Cumberland County Sheriff's Office,CumberlandCountySOTN_WSO_MOA.pdf,MOA; revalidated; bytes identical,"""09ca9041d0deda962a72d41b424fc18b:1757100560.410417""","Fri, 05 Sep 2025 19:29:20 GMT",
agreements/agreements_20260607_025243/TENNESSEE/Dyer_County_Sheriff's_Office/DyerCountySOTN_WSO_MOA.pdf,1ee2e395a989de4691c63daddebd3bcac9d1eee8cb302b19484b8be0077931b4,https://www.ice.gov/doclib/287gMOA/DyerCountySOTN_WSO_MOA.pdf,2026-09-12T21:01:05Z,TENNESSEE,Dyer County Sheriff's Office,DyerCountySOTN_WSO_MOA.pdf,MOA; revalidated; bytes identical,"""e1dc17661de250fc28b509025de1752b:1757100556.170032""","Fri, 05 Sep 2025 19:29:16 GMT",
agreements/agreements_20260607_025243/TENNESSEE/Grainger_County_Sheriff's_Office/GraingerCountySOTN_WSO_MOA.pdf,54244b166d079bad6a61d5954640a038972152a3de8d5a6f40521366a4a7c636,https://www.ice.gov/doclib/287gMOA/GraingerCountySOTN_WSO_MOA.pdf,2026-09-12T21:01:05Z,TENNESSEE,Grainger County Sheriff's Office,GraingerCountySOTN_WSO_MOA.pdf,MOA; revalidated; bytes identical,"""f137767d836b126c656fa12cfcef4dd8:1757100557.694577""","Fri, 05 Sep 2025 19:29:17 GMT",
agreements/agreements_20260607_025243/TENNESSEE/Madison_County_Sheriff's_Office/MadisonCountySOTN_WSO_MOA.pdf,274fcf96be31e34545c671d056b4511e78038eb97e8ac245c2bdea7b79c3ea2f,https://www.ice.gov/doclib/287gMOA/MadisonCountySOTN_WSO_MOA.pdf,2026-09-12T21:01:05Z,TENNESSEE,Madison County Sheriff's Office,MadisonCountySOTN_WSO_MOA.pdf,MOA; revalidated; bytes identical,"""b83f1e87960d5af0f2e047d23518e4fd:1757100560.883148""","Fri, 05 Sep 2025 19:29:20 GMT",
agreements/agreements_20260607_025243/ARKANSAS/Washington_County_Sheriff's_Office/WashingtonCountySOAR_WSO_MOA.pdf,cb6b029e7dbea1ee830f8233eaea01606d41a7f146bc4cefc5db130829328ae8,https://www.ice.gov/doclib/287gMOA/WashingtonCountySOAR_WSO_MOA.pdf,2026-09-12T21:01:06Z,ARKANSAS,Washington County Sheriff's Office,WashingtonCountySOAR_WSO_MOA.pdf,MOA; revalidated; bytes identical,"""e57d8042efe2bbb8a64651e12f48b0dd:1757100828.468825""","Fri, 05 Sep 2025 19:29:19 GMT",
agreements/agreements_20260607_025243/TEXAS/Morris_County_Sheriff's_Office_/MorrisCountySOTX_JEM_MOA 2.pdf,1615ac22b97b1faaac75c2d8a7d4fb12ef53e59650dbf45f9d9cc043fa4c01e3,https://www.ice.gov/doclib/287gMOA/MorrisCountySOTX_JEM_MOA.pdf,2026-09-12T21:01:06Z,TEXAS,Morris County Sheriff's Office,MorrisCountySOTX_JEM_MOA 2.pdf,MOA; revalidated; bytes identical,"""7c3b78a8496064562a76fa86cb173134:1757100927.330092""","Fri, 05 Sep 2025 19:29:17 GMT",
agreements/agreements_20260607_025243/TEXAS/Bee_County_Sheriff's_Office/BeeCounty_WSO_MOA_022525.pdf,0edb323b726bd4aa5350bde20fb4878e1a74e64c9c91634686be2b87156da1c7,https://www.ice.gov/doclib/287gMOA/BeeCounty_WSO_MOA_022525.pdf,2026-09-12T21:01:06Z,TEXAS,Bee County Sheriff's Office,BeeCounty_WSO_MOA_022525.pdf,MOA; revalidated; bytes identical,"""ecdd5cb12df0aff8d912c181c3173f58:1757107960.865217""","Fri, 05 Sep 2025 21:32:40 GMT",
agreements/agreements_20260607_025243/FLORIDA/Fort_Walton_Beach_Police_Department/FortWaltonBeachPDFL_TFM_MOA.pdf,5bc20e054f5b4c866aa989dd5dae986a5b921f7fd18530704c060ff7e20e8dbb,https://www.ice.gov/doclib/287gMOA/FortWaltonBeachPDFL_TFM_MOA.pdf,2026-09-12T21:01:06Z,FLORIDA,Fort Walton Beach Police Department,FortWaltonBeachPDFL_TFM_MOA.pdf,MOA; revalidated; bytes identical,"""4130065b88feef7aa372b4880a9818d7:1757107959.230251""","Fri, 05 Sep 2025 21:32:39 GMT",
agreements/agreements_20260607_025243/GEORGIA/Dade_County_Sheriff's_Office/DadeCountyGA_WSO_MOA_032625.pdf,c03819e7ff02800ed579c05d2e6ea08a285fa42a5d926f339047291a493e6cf8,https://www.ice.gov/doclib/287gMOA/DadeCountyGA_WSO_MOA_032625.pdf,2026-09-12T21:01:07Z,GEORGIA,Dade County Sheriff's Office,DadeCountyGA_WSO_MOA_032625.pdf,MOA; revalidated; bytes identical,"""4bd42bbcd91ccbd59813737de258dbad:1757107959.080056""","Fri, 05 Sep 2025 21:32:39 GMT",
agreements/agreements_20260607_025243/WISCONSIN/Calumet_County_Sheriff's_Office/CalumetCoSheriffsOfficeWI_WSO_MOA_07312025.pdf,2d973f3deef00806f40ee5712ef25832e131f45c9b173213b5b47350a729d6bd,https://www.ice.gov/doclib/287gMOA/CalumetCoSheriffsOfficeWI_WSO_MOA_07312025.pdf,2026-09-12T21:01:07Z,WISCONSIN,Calumet County Sheriff's Office,CalumetCoSheriffsOfficeWI_WSO_MOA_07312025.pdf,MOA; revalidated; bytes identical,"""8b9c482f9f0d5cfcdf89a2a104530770:1757334872.811856""","Mon, 08 Sep 2025 12:34:32 GMT",
agreements/agreements_20260607_025243/FLORIDA/Volusia_County_Sheriff's_Office/VolusiaCoSheriffsOfficeFL_TFM_MOA_02262025.pdf,f03e2605aa72e25973141b3ff33527816a82b996e3c59fe93316f094ff5ecf7a,https://www.ice.gov/doclib/287gMOA/VolusiaCoSheriffsOfficeFL_TFM_MOA_02262025.pdf,2026-09-12T21:01:08Z,FLORIDA,Volusia County Sheriff's Office,VolusiaCoSheriffsOfficeFL_TFM_MOA_02262025.pdf,MOA; revalidated; bytes identical,"""fc59f1abbbcb23718da38ea958175943:1757334901.36089""","Mon, 08 Sep 2025 12:35:01 GMT",
agreements/agreements_20260607_025243/TEXAS/Trinity_County_Sheriff's_Office_/TrinityCoSheriffsOfficeTX_WSO_MOA_08072025.pdf,d73ad733f53e51f33516eb28fd0c718fee9a5a0b6efc99282b2eba1a73d26f28,https://www.ice.gov/doclib/287gMOA/TrinityCoSheriffsOfficeTX_WSO_MOA_08072025.pdf,2026-09-12T21:01:08Z,TEXAS,Trinity County Sheriff's Office,TrinityCoSheriffsOfficeTX_WSO_MOA_08072025.pdf,MOA; revalidated; bytes identical,"""e5b63a1a497439b1450c1ebc6c2fe68c:1757340730.066419""","Mon, 08 Sep 2025 14:12:10 GMT",
agreements/agreements_20260912_135704/FLORIDA/Alachua_County_Sheriff's_Office/addendum_AlachuaCoSheriffsOfficeFL_WSO_MOA_06252025.pdf,f3efce9984cca2ce3a9e7e70df41240e53e783611bf855d3852177138f504e41,https://www.ice.gov/doclib/287gMOA/AlachuaCoSheriffsOfficeFL_WSO_MOA_06252025.pdf,2026-09-12T21:01:08Z,FLORIDA,Alachua County Sheriff's Office,AlachuaCoSheriffsOfficeFL_WSO_MOA_06252025.pdf,addendum; new url in sheet a405c40debaf,"""84cd68e2de3607afae95f72be3d8d679:1755191054.574368""","Thu, 14 Aug 2025 17:04:14 GMT",
agreements/agreements_20260912_135704/FLORIDA/Bay_County_Sheriff's_Office/addendum_BayCoSheriffsOfficeFL_WSO_MOA_06252025.pdf,f7167f655bdd3ba07b87c1e110650011f805ac28b8e67fbb47d559321fc97b79,https://www.ice.gov/doclib/287gMOA/BayCoSheriffsOfficeFL_WSO_MOA_06252025.pdf,2026-09-12T21:01:09Z,FLORIDA,Bay County Sheriff's Office,BayCoSheriffsOfficeFL_WSO_MOA_06252025.pdf,addendum; new url in sheet a405c40debaf,"""6103e7c3e0ecc31e17e50f7cbaf46eb3:1755191055.401784""","Thu, 14 Aug 2025 17:04:15 GMT",
agreements/agreements_20260912_135704/FLORIDA/Bradford_County_Sheriff's_Office/addendum_BradfordCoSheriffsOfficeFL_WSO_MOA_06252025.pdf,3da3cfcf19c6e93b985a65aaf1b082ae4960b5a0ce2749c6fd10f1fd64cb2472,https://www.ice.gov/doclib/287gMOA/BradfordCoSheriffsOfficeFL_WSO_MOA_06252025.pdf,2026-09-12T21:01:09Z,FLORIDA,Bradford County Sheriff's Office,BradfordCoSheriffsOfficeFL_WSO_MOA_06252025.pdf,addendum; new url in sheet a405c40debaf,"""60547998f22dce285380a200b1a2b585:1755191055.554804""","Thu, 14 Aug 2025 17:04:15 GMT",
agreements/agreements_20260912_135704/FLORIDA/Brevard_County_Sheriff's_Office/addendum_BrevardCoSheriffsOfficeFL_WSO_MOA_06252025.pdf,07e6bdf591b92a13e23e48b88da1c8a2d6ec58d9fcb7234dcaee4650c7a146aa,https://www.ice.gov/doclib/287gMOA/BrevardCoSheriffsOfficeFL_WSO_MOA_06252025.pdf,2026-09-12T21:01:09Z,FLORIDA,Brevard County Sheriff's Office,BrevardCoSheriffsOfficeFL_WSO_MOA_06252025.pdf,addendum; new url in sheet a405c40debaf,"""5e8d5398b298d6740b82fd4f8ac4c7ba:1755191055.630763""","Thu, 14 Aug 2025 17:04:15 GMT",
agreements/agreements_20260912_135704/FLORIDA/Broward_County_Sheriff's_Office/addendum_BrowardCoSheriffsOfficeFL_WSO_MOA_06252025.pdf,c5991482d279efd3af40a894603a0f6c4b839be1da507a627d47b6d2cbbebf9f,https://www.ice.gov/doclib/287gMOA/BrowardCoSheriffsOfficeFL_WSO_MOA_06252025.pdf,2026-09-12T21:01:10Z,FLORIDA,Broward County Sheriff's Office,BrowardCoSheriffsOfficeFL_WSO_MOA_06252025.pdf,addendum; new url in sheet a405c40debaf,"""36dbec15fb746291f2c73354c1b4f523:1755191056.084164""","Thu, 14 Aug 2025 17:04:16 GMT",
agreements/agreements_20260607_025243/ARKANSAS/Saline_County_Sheriff's_Office/SalineCoSheriffsOfficeAR_WSO_MOA_06122025.pdf,8b8ae1eeb0edae3d8ad2069dae1258f764e26222a02aca4c8b5ceed9b9e44d9d,https://www.ice.gov/doclib/287gMOA/SalineCoSheriffsOfficeAR_WSO_MOA_06122025.pdf,2026-09-12T21:01:10Z,ARKANSAS,Saline County Sheriff's Office,SalineCoSheriffsOfficeAR_WSO_MOA_06122025.pdf,MOA; revalidated; bytes identical,"""1607be129a95ef3d71a0774fe964fbf9:1757340119.650914""","Mon, 08 Sep 2025 14:01:59 GMT",
agreements/agreements_20260607_025243/ARIZONA/Pinal_County_Attorney's_Office/PinalCountyAOAZ_TFM_MOA_08282025.pdf,ac89f10c667b470e090264cba531cb01047e255df500c87a75a07349b10e1e4c,https://www.ice.gov/doclib/287gMOA/PinalCountyAOAZ_TFM_MOA_08282025.pdf,2026-09-12T21:01:10Z,ARIZONA,Pinal County Attorney's Office,PinalCountyAOAZ_TFM_MOA_08282025.pdf,MOA; revalidated; bytes identical,"""e484797ad98a1266ba20d7e8ad295853:1757371838.201542""","Mon, 08 Sep 2025 22:50:38 GMT",
agreements/agreements_20260607_025243/ARKANSAS/Osceola_Police_Department_/OsceolaPDAR_TFM_MOA_08282025.pdf,4651ce65b127f3a27b5b8636c7b822edfc658bbcb0e809ebf2c0636838d44e48,https://www.ice.gov/doclib/287gMOA/OsceolaPDAR_TFM_MOA_08282025.pdf,2026-09-12T21:01:10Z,ARKANSAS,Osceola Police Department,OsceolaPDAR_TFM_MOA_08282025.pdf,MOA; revalidated; bytes identical,"""9beb1eb9e42c3091dbf4c3c974e0e804:1757371837.647317""","Mon, 08 Sep 2025 22:50:37 GMT",
agreements/agreements_20260607_025243/FLORIDA/Office_of_the_State_Attorney_Sixth_Judicial_Circuit/OSASixthJudicialCircuitFL_TFM_MOA_08282025.pdf,d9a92cb24da33d2650a28b11b86eee628a68c10b2680add7d47982289a3130d7,https://www.ice.gov/doclib/287gMOA/OSASixthJudicialCircuitFL_TFM_MOA_08282025.pdf,2026-09-12T21:01:11Z,FLORIDA,Office of the State Attorney Sixth Judicial Circuit,OSASixthJudicialCircuitFL_TFM_MOA_08282025.pdf,MOA; revalidated; bytes identical,"""2244f0a868f52bfdb2457eb820e91bd0:1757371837.514671""","Mon, 08 Sep 2025 22:50:37 GMT",
agreements/agreements_20260607_025243/ARKANSAS/Lafayette_County_Sheriff's_Office_/LafayetteCoSOAR_TFM_MOA_08062025.pdf,adc1481ff0c9b245648ecb4c4041ceb84eafe0f36a0b1c057290e122cd166bca,https://www.ice.gov/doclib/287gMOA/LafayetteCoSOAR_TFM_MOA_08062025.pdf,2026-09-12T21:01:11Z,ARKANSAS,Lafayette County Sheriff's Office,LafayetteCoSOAR_TFM_MOA_08062025.pdf,MOA; revalidated; bytes identical,"""114024fb219eaf9223585e1ba7a2e46b:1757371838.081003""","Mon, 08 Sep 2025 22:50:38 GMT",
agreements/agreements_20260607_025243/FLORIDA/Gulf_Stream_Police_Department/GulfStreamPDFL_TFM_MOA08282025.pdf,45e0ec096d0bc9dc0126e783bc1b55e641a7c8c1d1059f9e68099236b8699e03,https://www.ice.gov/doclib/287gMOA/GulfStreamPDFL_TFM_MOA08282025.pdf,2026-09-12T21:01:11Z,FLORIDA,Gulf Stream Police Department,GulfStreamPDFL_TFM_MOA08282025.pdf,MOA; revalidated; bytes identical,"""d0b093d7062334f82ea6a7637b3ff7bc:1757371837.016783""","Mon, 08 Sep 2025 22:50:37 GMT",
agreements/agreements_20260607_025243/ARKANSAS/Fordyce_Police_Department_/FordycePDAR_TFM_MOA_08282025.pdf,74ace0822153953be9291a943d37e363e9454d0455441f18eee9b90c3badc63f,https://www.ice.gov/doclib/287gMOA/FordycePDAR_TFM_MOA_08282025.pdf,2026-09-12T21:01:11Z,ARKANSAS,Fordyce Police Department,FordycePDAR_TFM_MOA_08282025.pdf,MOA; revalidated; bytes identical,"""b0bceb1239994d91b52a851031a310f5:1757371836.30409""","Mon, 08 Sep 2025 22:50:36 GMT",
agreements/agreements_20260607_025243/FLORIDA/Florida_State_College_at_Jacksonville_Police_Department_/FloridaStateCollegeJacksonvillePDFL_TFM_MOA_08282025.pdf,d09ca00567d32ab76335ab6adef6e30af605c7a48cbce7d490b8bd8c8c858361,https://www.ice.gov/doclib/287gMOA/FloridaStateCollegeJacksonvillePDFL_TFM_MOA_08282025.pdf,2026-09-12T21:01:12Z,FLORIDA,Florida State College at Jacksonville Police Department,FloridaStateCollegeJacksonvillePDFL_TFM_MOA_08282025.pdf,MOA; revalidated; bytes identical,"""6f9d53f9fcfad9eb36a0d0d1571b305a:1757371836.109241""","Mon, 08 Sep 2025 22:50:36 GMT",
agreements/agreements_20260607_025243/ARKANSAS/Faulkner_County_Sheriff's_Office_/FaulknerCoSOAR_WSO_MOA_08282025.pdf,78527292dcd485bf64f52d3231ef9f393b32d2f2bd11be043499449a4fdef324,https://www.ice.gov/doclib/287gMOA/FaulknerCoSOAR_WSO_MOA_08282025.pdf,2026-09-12T21:01:12Z,ARKANSAS,Faulkner County Sheriff's Office,FaulknerCoSOAR_WSO_MOA_08282025.pdf,MOA; revalidated; bytes identical,"""1b87bed068892bbb30bd4d5519ffb9a5:1757371835.750302""","Mon, 08 Sep 2025 22:50:35 GMT",
agreements/agreements_20260607_025243/FLORIDA/City_of_Miami_Police_Department_/CityMiamiPDFL_TFM_MOA_08282025.pdf,a66301ffca14c3837a8c207072f347593c302c3574cd4a3c48dcbbbcf750e963,https://www.ice.gov/doclib/287gMOA/CityMiamiPDFL_TFM_MOA_08282025.pdf,2026-09-12T21:01:12Z,FLORIDA,City of Miami Police Department,CityMiamiPDFL_TFM_MOA_08282025.pdf,MOA; revalidated; bytes identical,"""19059b15a74dc51d468e4d49f93fa06b:1757371836.380923""","Mon, 08 Sep 2025 22:50:36 GMT",
agreements/agreements_20260607_025243/FLORIDA/Altamonte_Springs_Police_Department/AltamonteSpringsPDFL_TFM_MOA_08282025.pdf,b847f2ea00b89bfb6c3bb3c999c4a345731b68f8aac7b0ba051e9dfe5eb6a09b,https://www.ice.gov/doclib/287gMOA/AltamonteSpringsPDFL_TFM_MOA_08282025.pdf,2026-09-12T21:01:13Z,FLORIDA,Altamonte Springs Police Department,AltamonteSpringsPDFL_TFM_MOA_08282025.pdf,MOA; revalidated; bytes identical,"""cd62c4324f3ab0b59501de1d5bd07073:1757371836.006483""","Mon, 08 Sep 2025 22:50:36 GMT",
agreements/agreements_20260607_025243/ARIZONA/Cochise_County_Sheriff's_Office_/CochiseCoSheriffsOfficeAZ_WSO_MOA_08282025.pdf,6dc4a3c74045ad1be2274dfd647b4f63d71f89105fbac64c935015c10bc701a0,https://www.ice.gov/doclib/287gMOA/CochiseCoSheriffsOfficeAZ_WSO_MOA_08282025.pdf,2026-09-12T21:01:13Z,ARIZONA,Cochise County Sheriff's Office,CochiseCoSheriffsOfficeAZ_WSO_MOA_08282025.pdf,MOA; revalidated; bytes identical,"""f0d0c6023e8bf79e509f52c065c9548a:1757421554.057916""","Tue, 09 Sep 2025 12:39:14 GMT",
agreements/agreements_20260607_025243/GEORGIA/Euharlee_Police_Department/EuharleePoliceDeptGA_TFM_MOA_05162025.pdf,dca3a2ff8f001bc0869e017268ea5507645f110b6bc224b862d679b2678c3d35,https://www.ice.gov/doclib/287gMOA/EuharleePoliceDeptGA_TFM_MOA_05162025.pdf,2026-09-12T21:01:13Z,GEORGIA,Euharlee Police Department,EuharleePoliceDeptGA_TFM_MOA_05162025.pdf,MOA; revalidated; bytes identical,"""06aba0a10024f8b7f3770081146f2e06:1757515920.43564""","Wed, 10 Sep 2025 14:52:00 GMT",
agreements/agreements_20260607_025243/INDIANA/Indiana_State_Police_Department/IndianaStatePoliceDeptIN_TFM_MOA_08042025.pdf,b4dae412e6f3eba24e5555ee30d274c99bd3a92373335ecabec192e860bb8e05,https://www.ice.gov/doclib/287gMOA/IndianaStatePoliceDeptIN_TFM_MOA_08042025.pdf,2026-09-12T21:01:14Z,INDIANA,Indiana State Police Department,IndianaStatePoliceDeptIN_TFM_MOA_08042025.pdf,MOA; revalidated; bytes identical,"""fa0ffe6d31b3a20f6a91d4a7223fb634:1757515938.581481""","Wed, 10 Sep 2025 14:52:18 GMT",
agreements/agreements_20260607_025243/GEORGIA/Morven_Police_Department_/MorvenPoliceDeptGA_TFM_MOA_08282025.pdf,1cdbe22e34689a00d89094f9ac3d75201ef708af705ce24c2b02698bf74b1ef0,https://www.ice.gov/doclib/287gMOA/MorvenPoliceDeptGA_TFM_MOA_08282025.pdf,2026-09-12T21:01:14Z,GEORGIA,Morven Police Department,MorvenPoliceDeptGA_TFM_MOA_08282025.pdf,MOA; revalidated; bytes identical,"""e081e2def39d679268dfbe8cf965d823:1757515942.321808""","Wed, 10 Sep 2025 14:52:22 GMT",
agreements/agreements_20260607_025243/FLORIDA/Santa_Rosa_County_Sheriff's_Office/SantaRosaCoSheriffsOfficeFL_TFM_MOA_02262025.pdf,c5562840fc383386ad35efaf22a836b4bc9ae219f95aec1613a83bb5bed457b9,https://www.ice.gov/doclib/287gMOA/SantaRosaCoSheriffsOfficeFL_TFM_MOA_02262025.pdf,2026-09-12T21:01:14Z,FLORIDA,Santa Rosa County Sheriff's Office,SantaRosaCoSheriffsOfficeFL_TFM_MOA_02262025.pdf,MOA; revalidated; bytes identical,"""4c8f706bb388d5675162791876b89c0a:1757515927.876532""","Wed, 10 Sep 2025 14:52:07 GMT",
agreements/agreements_20260607_025243/FLORIDA/Seminole_County_Sheriff's_Office/SeminoleCoSheriffsOfficeFL_TFM_MOA_02262025.pdf,3b2dc7e004cbf6182fef13bc29bc12c96f6902a29df0695c40afee963b95738d,https://www.ice.gov/doclib/287gMOA/SeminoleCoSheriffsOfficeFL_TFM_MOA_02262025.pdf,2026-09-12T21:01:14Z,FLORIDA,Seminole County Sheriff's Office,SeminoleCoSheriffsOfficeFL_TFM_MOA_02262025.pdf,MOA; revalidated; bytes identical,"""5fc0ea7069265752f901b52da16953a8:1757515941.516885""","Wed, 10 Sep 2025 14:52:21 GMT",
agreements/agreements_20260607_025243/FLORIDA/Shalimar_Police_Department/ShalimarPoliceDeptFL_TFM_MOA_08282025.pdf,98ab8b94b77add8a0008fedd48be528a07b79f4f07e690ab7ef3824b0aec71ca,https://www.ice.gov/doclib/287gMOA/ShalimarPoliceDeptFL_TFM_MOA_08282025.pdf,2026-09-12T21:01:15Z,FLORIDA,Shalimar Police Department,ShalimarPoliceDeptFL_TFM_MOA_08282025.pdf,MOA; revalidated; bytes identical,"""9be3ed8ba191907ad23067a5b0d8e2bf:1757515917.999849""","Wed, 10 Sep 2025 14:51:57 GMT",
agreements/agreements_20260607_025243/IDAHO/Bingham_County_Sheriff's_Office/BinghamCoSheriffsOfficeID_WSO_MOA_05282025.pdf,7d58731eaa04d9292165ab08d04ac37d64440d84f258a7ab45ccd5c8523b8701,https://www.ice.gov/doclib/287gMOA/BinghamCoSheriffsOfficeID_WSO_MOA_05282025.pdf,2026-09-12T21:01:15Z,IDAHO,Bingham County Sheriff's Office,BinghamCoSheriffsOfficeID_WSO_MOA_05282025.pdf,MOA; revalidated; bytes identical,"""49f6de9a75b360036d7accdd36d69584:1757516164.070669""","Wed, 10 Sep 2025 14:56:04 GMT",
agreements/agreements_20260607_025243/GEORGIA/Jasper_County_Sheriff's_Office/JasperCoSheriffsOfficeGA_WSO_MOA_06252025.pdf,c5e397eecd9a5e081118e00cbfa8524c77b5d49a0e4baa40465522104d4f59ee,https://www.ice.gov/doclib/287gMOA/JasperCoSheriffsOfficeGA_WSO_MOA_06252025.pdf,2026-09-12T21:01:15Z,GEORGIA,Jasper County Sheriff's Office,JasperCoSheriffsOfficeGA_WSO_MOA_06252025.pdf,MOA; revalidated; bytes identical,"""eb42564b43a09c9f78a9e64e0ebea191:1757516167.949575""","Wed, 10 Sep 2025 14:56:07 GMT",
agreements/agreements_20260607_025243/IDAHO/Kootenai_County_Sheriff's_Office_/KootenaiCoSheriffsOfficeID_JEM_MOA_08282025.pdf,0859f2d7e0c4724d341a207f2cc878847ad0ff41f7014733b777672470897f30,https://www.ice.gov/doclib/287gMOA/KootenaiCoSheriffsOfficeID_JEM_MOA_08282025.pdf,2026-09-12T21:01:16Z,IDAHO,Kootenai County Sheriff's Office,KootenaiCoSheriffsOfficeID_JEM_MOA_08282025.pdf,MOA; revalidated; bytes identical,"""ef1330af95ae6e611375e11d3883a282:1757687839.829892""","Fri, 12 Sep 2025 14:37:19 GMT",
agreements/agreements_20260607_025243/INDIANA/Indiana_Department_of_Homeland_Security/DeptHomelandSecIN_TFM_MOA_08042025.pdf,7a5cfab9b2328e14d202589b9c56d78a287595079b0aa9492d16d1c0580cba4a,https://www.ice.gov/doclib/287gMOA/DeptHomelandSecIN_TFM_MOA_08042025.pdf,2026-09-12T21:01:16Z,INDIANA,Indiana Department of Homeland Security,DeptHomelandSecIN_TFM_MOA_08042025.pdf,MOA; revalidated; bytes identical,"""48e7f7ca819b1daec673ef88ad39d9a5:1757687731.817066""","Fri, 12 Sep 2025 14:35:31 GMT",
agreements/agreements_20260607_025243/KANSAS/Haskell_County_Sheriff's_Office/HaskellCoSheriffsOfficeKS_WSO_MOA_06122025.pdf,9f6a9e9629eafc1f0091e86c3f1133d862b6a5af2d542872668fb134b7174f47,https://www.ice.gov/doclib/287gMOA/HaskellCoSheriffsOfficeKS_WSO_MOA_06122025.pdf,2026-09-12T21:01:16Z,KANSAS,Haskell County Sheriff's Office,HaskellCoSheriffsOfficeKS_WSO_MOA_06122025.pdf,MOA; revalidated; bytes identical,"""880bb88f3d778c6f5e825e52cccb2c35:1757687544.631471""","Fri, 12 Sep 2025 14:32:24 GMT",
agreements/agreements_20260607_025243/KANSAS/Jewell_County_Sheriff's_Office/JewellCoSheriffsOfficeKS_WSO_MOA_06252025.pdf,b9485bb3f8e4dc83c90dc0f39ea31432360aa787981a617c2e4746742bbfa68f,https://www.ice.gov/doclib/287gMOA/JewellCoSheriffsOfficeKS_WSO_MOA_06252025.pdf,2026-09-12T21:01:16Z,KANSAS,Jewell County Sheriff's Office,JewellCoSheriffsOfficeKS_WSO_MOA_06252025.pdf,MOA; revalidated; bytes identical,"""06e7aeba9819365c73da583252401977:1757687446.87076""","Fri, 12 Sep 2025 14:30:46 GMT",
agreements/agreements_20260607_025243/INDIANA/North_Salem_Police_Department_/NorthSalemPoliceDeptIN_TFM_MOA_08042025.pdf,dc1714e163ac752f4804f0eab1ab3d6e3b99773a14d39dad604524da6ce32739,https://www.ice.gov/doclib/287gMOA/NorthSalemPoliceDeptIN_TFM_MOA_08042025.pdf,2026-09-12T21:01:17Z,INDIANA,North Salem Police Department,NorthSalemPoliceDeptIN_TFM_MOA_08042025.pdf,MOA; revalidated; bytes identical,"""1f6740e711e2f712ff6e2c2b6e9cace1:1757687429.640988""","Fri, 12 Sep 2025 14:30:29 GMT",
agreements/agreements_20260607_025243/KANSAS/Rush_County_Sheriff's_Office/RushCoSheriffsOfficeKS_WSO_MOA_07072025.pdf.pdf,ab43c9e2eea0d2940fb80e1898b8af150a181facb98088f0457dfca00dd758f0,https://www.ice.gov/doclib/287gMOA/RushCoSheriffsOfficeKS_WSO_MOA_07072025.pdf.pdf,2026-09-12T21:01:17Z,KANSAS,Rush County Sheriff's Office,RushCoSheriffsOfficeKS_WSO_MOA_07072025.pdf.pdf,MOA; revalidated; bytes identical,"""07d3058cf81edcd2359f510148cf167c:1757687438.197747""","Fri, 12 Sep 2025 14:30:38 GMT",
agreements/agreements_20260607_025243/KANSAS/Wabaunsee_County_Sheriff's_Office/WabaunseeCoSheriffsOfficeKS_WSO_MOA_05282025.pdf,631e33145b10457f893124603c3ce3a48400e5434c65bd5593fdd0f2117ca542,https://www.ice.gov/doclib/287gMOA/WabaunseeCoSheriffsOfficeKS_WSO_MOA_05282025.pdf,2026-09-12T21:01:17Z,KANSAS,Wabaunsee County Sheriff's Office,WabaunseeCoSheriffsOfficeKS_WSO_MOA_05282025.pdf,MOA; revalidated; bytes identical,"""b01fbf57c9661485aa0780249af86b09:1757687428.964978""","Fri, 12 Sep 2025 14:30:28 GMT",
agreements/agreements_20260607_025243/INDIANA/Indiana_Department_of_Corrections_/DeptCorrectionIN_WSO_MOA_08042025.pdf,77983c1a7e7994010c523b783757dfa05f30c5da15b8501ec83034015d80289f,https://www.ice.gov/doclib/287gMOA/DeptCorrectionIN_WSO_MOA_08042025.pdf,2026-09-12T21:01:17Z,INDIANA,Indiana Department of Corrections,DeptCorrectionIN_WSO_MOA_08042025.pdf,MOA; revalidated; bytes identical,"""ba40d44de17a817ece6296d9adfa0d8f:1757687731.388457""","Fri, 12 Sep 2025 14:35:31 GMT",
agreements/agreements_20260607_025243/MINNESOTA/Crow_Wing_County_Sheriff's_Office_/CrowWingCoSheriffsOfficeMA_WSO_MOA_03262025.pdf,3c50283c97b587dafc13aaeb9ccf2c0bf427dfa723e51eb1382ad5dfb37ab0b5,https://www.ice.gov/doclib/287gMOA/CrowWingCoSheriffsOfficeMA_WSO_MOA_03262025.pdf,2026-09-12T21:01:18Z,MINNESOTA,Crow Wing County Sheriff's Office,CrowWingCoSheriffsOfficeMA_WSO_MOA_03262025.pdf,MOA; revalidated; bytes identical,"""7e1d4113335537a808bd01e182758e59:1757697812.26058""","Fri, 12 Sep 2025 17:23:32 GMT",
agreements/agreements_20260607_025243/OKLAHOMA/Oklahoma_Department_of_Corrections/DeptCorrectionOK_JEM_MOA_02252025.pdf,18e0fd8e24e7392c4dd094a47030d22ff434cefacc1b69fc22db12c059fab3b9,https://www.ice.gov/doclib/287gMOA/DeptCorrectionOK_JEM_MOA_02252025.pdf,2026-09-12T21:01:18Z,OKLAHOMA,Oklahoma Department of Corrections,DeptCorrectionOK_JEM_MOA_02252025.pdf,MOA; revalidated; bytes identical,"""e102eca230214f7946c3f7d6bc3dd909:1757697815.429312""","Fri, 12 Sep 2025 17:23:35 GMT",
agreements/agreements_20260607_025243/OKLAHOMA/Oklahoma_Department_of_Corrections/DeptCorrectionOK_WSO_MOA_02252025.pdf.pdf,2d99fc87ee9cea84478e1490ae76e4378716d0ed4c4689294602acfd19708bcf,https://www.ice.gov/doclib/287gMOA/DeptCorrectionOK_WSO_MOA_02252025.pdf.pdf,2026-09-12T21:01:18Z,OKLAHOMA,Oklahoma Department of Corrections,DeptCorrectionOK_WSO_MOA_02252025.pdf.pdf,MOA; revalidated; bytes identical,"""ca8d1ab555f4f5b606263109a686810c:1757697815.331207""","Fri, 12 Sep 2025 17:23:35 GMT",
agreements/agreements_20260607_025243/OKLAHOMA/Logan_County_Sheriff's_Office/LoganCoSheriffsOfficeOK_JEM_MOA_02282025.pdf,73223534f6e18f418be0a27677b00b50206fe6a60ffae61ea539699ebccd3843,https://www.ice.gov/doclib/287gMOA/LoganCoSheriffsOfficeOK_JEM_MOA_02282025.pdf,2026-09-12T21:01:19Z,OKLAHOMA,Logan County Sheriff's Office,LoganCoSheriffsOfficeOK_JEM_MOA_02282025.pdf,MOA; revalidated; bytes identical,"""4b3ddf07cad75298c50a40dc8ac9ed2a:1757697829.128324""","Fri, 12 Sep 2025 17:23:49 GMT",
agreements/agreements_20260607_025243/LOUISIANA/St._Charles_Parish_Sheriff's_Office_/StCharlesParishLASO_WSO_MOA_072425.pdf,4156f0fbf0970ee9e3000ab32acd0b39a19e47fbe1fb97ceb5085f0c2ff46612,https://www.ice.gov/doclib/287gMOA/StCharlesParishLASO_WSO_MOA_072425.pdf,2026-09-12T21:01:19Z,LOUISIANA,St. Charles Parish Sheriff's Office,StCharlesParishLASO_WSO_MOA_072425.pdf,MOA; revalidated; bytes identical,"""873797607d34da2e4dfd02539c7fd99b:1757711145.542388""","Fri, 12 Sep 2025 21:05:45 GMT",
agreements/agreements_20260607_025243/LOUISIANA/Louisiana_Department_of_Public_Safety_&_Corrections/LouisianaDPSCLA_JEM_MOA_072425.pdf,c553627f9a3d957d73a360a936fca0ff7b6f6aad852b8b5dd7580348aa727828,https://www.ice.gov/doclib/287gMOA/LouisianaDPSCLA_JEM_MOA_072425.pdf,2026-09-12T21:01:19Z,LOUISIANA,Louisiana Department of Public Safety & Corrections,LouisianaDPSCLA_JEM_MOA_072425.pdf,MOA; revalidated; bytes identical,"""0ca72ad11368ad63abc2c0777111d070:1757711142.976919""","Fri, 12 Sep 2025 21:05:42 GMT",
agreements/agreements_20260607_025243/MISSISSIPPI/Lauderdale_County_Sheriff's_Office/LauderdaleCoSOMS_WSO_MOA_073125.pdf,e76151e67ea191f9f07f1d99ebfac8d1c2f7115cd9971758f4a7d686b12a4ba1,https://www.ice.gov/doclib/287gMOA/LauderdaleCoSOMS_WSO_MOA_073125.pdf,2026-09-12T21:01:19Z,MISSISSIPPI,Lauderdale County Sheriff's Office,LauderdaleCoSOMS_WSO_MOA_073125.pdf,MOA; revalidated; bytes identical,"""e4a8076452008031e06ebe7c1d228c34:1757711143.148211""","Fri, 12 Sep 2025 21:05:43 GMT",
agreements/agreements_20260607_025243/LOUISIANA/Lafourche_Parish_Sheriff's_Office/LafourcheParishSOLA_WSO_MOA_061225.pdf,07400c487c79f4802c7538a11c32c9cf579f0d09de7e17bfab01423b4bf71e08,https://www.ice.gov/doclib/287gMOA/LafourcheParishSOLA_WSO_MOA_061225.pdf,2026-09-12T21:01:20Z,LOUISIANA,Lafourche Parish Sheriff's Office,LafourcheParishSOLA_WSO_MOA_061225.pdf,MOA; revalidated; bytes identical,"""f0d9e16d04e5e9dc4e43995935d0f21a:1757711143.412949""","Fri, 12 Sep 2025 21:05:43 GMT",
agreements/agreements_20260607_025243/MISSISSIPPI/Harrison_County_Sheriff's_Office/HarrisonCoSOMS_WSO_MOA_070225.pdf,47730d6b0a1b1c09f695d3f2f4ccf462540a6629a943c09f6a1817473f83e0a2,https://www.ice.gov/doclib/287gMOA/HarrisonCoSOMS_WSO_MOA_070225.pdf,2026-09-12T21:01:20Z,MISSISSIPPI,Harrison County Sheriff's Office,HarrisonCoSOMS_WSO_MOA_070225.pdf,MOA; revalidated; bytes identical,"""77fecd3f39f74eb185766e238697d54a:1757711142.361706""","Fri, 12 Sep 2025 21:05:42 GMT",
agreements/agreements_20260607_025243/MISSISSIPPI/Harrison_County_Sheriff's_Office/HarrisonCoSOMS_JEM_MOA_063025.pdf,1259aed584e88e3054707e5c510024044d690033a95d92c12e83b17768b0eb7f,https://www.ice.gov/doclib/287gMOA/HarrisonCoSOMS_JEM_MOA_063025.pdf,2026-09-12T21:01:20Z,MISSISSIPPI,Harrison County Sheriff's Office,HarrisonCoSOMS_JEM_MOA_063025.pdf,MOA; revalidated; bytes identical,"""cc5437ad28c4cf1b1177d7e67529d76f:1757711141.680918""","Fri, 12 Sep 2025 21:05:41 GMT",
agreements/agreements_20260607_025243/LOUISIANA/Gretna_Police_Department_/GretnaPDLA_TFM_MOA_082825.pdf,257c178c231e03f6fcab5f8b78e8e7f8a4380aa2eaca68aab009e22903081887,https://www.ice.gov/doclib/287gMOA/GretnaPDLA_TFM_MOA_082825.pdf,2026-09-12T21:01:21Z,LOUISIANA,Gretna Police Department,GretnaPDLA_TFM_MOA_082825.pdf,MOA; revalidated; bytes identical,"""a2f57b5b1794e15b103993a7f5159dba:1757711142.656261""","Fri, 12 Sep 2025 21:05:42 GMT",
agreements/agreements_20260607_025243/LOUISIANA/Greenwood_Police_Department/GreenwoodPDLA_TFM_MOA_071025.pdf,42f60ce28079e6b5a3e99123bfc32694a8269979e80200425c94776a2a4e459b,https://www.ice.gov/doclib/287gMOA/GreenwoodPDLA_TFM_MOA_071025.pdf,2026-09-12T21:01:21Z,LOUISIANA,Greenwood Police Department,GreenwoodPDLA_TFM_MOA_071025.pdf,MOA; revalidated; bytes identical,"""d2b633e2a74166843fa9564963ee47e0:1757711142.816133""","Fri, 12 Sep 2025 21:05:42 GMT",
agreements/agreements_20260607_025243/PENNSYLVANIA/West_York_Borough_Police_Department/West_York_Borough_Police_Department_PA_MOA_08_04_2025.pdf,90757ed581f984c90f0bdc440c25ba779f06a1acdee6865599cdbdcc9547bffc,https://www.ice.gov/doclib/287gMOA/West_York_Borough_Police_Department_PA_MOA_08_04_2025.pdf,2026-09-12T21:01:21Z,PENNSYLVANIA,West York Borough Police Department,West_York_Borough_Police_Department_PA_MOA_08_04_2025.pdf,MOA; revalidated; bytes identical,"""db69024f6869d69479116054fbd8ed66:1758027810.623449""","Tue, 16 Sep 2025 13:03:30 GMT",
agreements/agreements_20260607_025243/SOUTH_CAROLINA/Georgetown_County_Sheriff's_Office/Georgetown_County_Sheriffs_Office_SC_MOA_07_15_2025.pdf,431852da9b75228bf99978fe9b8e8597f761686628bf48e99f3daeef1b885c0e,https://www.ice.gov/doclib/287gMOA/Georgetown_County_Sheriffs_Office_SC_MOA_07_15_2025.pdf,2026-09-12T21:01:21Z,SOUTH CAROLINA,Georgetown County Sheriff's Office,Georgetown_County_Sheriffs_Office_SC_MOA_07_15_2025.pdf,MOA; revalidated; bytes identical,"""5b6f2e614598596ee0d20cc7cfdd9b19:1758027811.017382""","Tue, 16 Sep 2025 13:03:31 GMT",
agreements/agreements_20260607_025243/SOUTH_CAROLINA/Scranton_Police_Department/Scranton_Police_Department_SC_MOA_7_31_2025.pdf,1151fb360d75f992667cb0ad7c8313eba13e5bf92974cd5346662457eda1b5cd,https://www.ice.gov/doclib/287gMOA/Scranton_Police_Department_SC_MOA_7_31_2025.pdf,2026-09-12T21:01:22Z,SOUTH CAROLINA,Scranton Police Department,Scranton_Police_Department_SC_MOA_7_31_2025.pdf,MOA; revalidated; bytes identical,"""183e8fea62300b9cbd02525bc0300ff5:1758027810.797293""","Tue, 16 Sep 2025 13:03:30 GMT",
agreements/agreements_20260607_025243/SOUTH_CAROLINA/South_Carolina_Department_of_Public_Safety_/South_Carolina_Department_Public_Safety_SC_MOA%20_8_28_2025.pdf,bf139f847d554f3e78c75233433fd778c1d3b5ee34b5d7ef5af9a71fc9307018,https://www.ice.gov/doclib/287gMOA/South_Carolina_Department_Public_Safety_SC_MOA%20_8_28_2025.pdf,2026-09-12T21:01:22Z,SOUTH CAROLINA,South Carolina Department of Public Safety,South_Carolina_Department_Public_Safety_SC_MOA%20_8_28_2025.pdf,MOA; revalidated; bytes identical,"""51e8938704ed3a752368fe760c06d115:1758027811.352131""","Tue, 16 Sep 2025 13:03:31 GMT",
agreements/agreements_20260607_025243/SOUTH_CAROLINA/Dorchester_County_Sheriff's_Office/Dorchester_County_SC_WSO_MOA_6_12_25.pdf,3179e0416720a2639fe6c19062128b24752fb76b1443d0fde6b0b15904dd4392,https://www.ice.gov/doclib/287gMOA/Dorchester_County_SC_WSO_MOA_6_12_25.pdf,2026-09-12T21:01:22Z,SOUTH CAROLINA,Dorchester County Sheriff's Office,Dorchester_County_SC_WSO_MOA_6_12_25.pdf,MOA; revalidated; bytes identical,"""d325d14c6f24bba795646211b567d461:1758027809.441163""","Tue, 16 Sep 2025 13:03:29 GMT",
agreements/agreements_20260607_025243/SOUTH_CAROLINA/Georgetown_County_Sheriff's_Office/Georgetown_County_SC_WSO_MOA_7_2_25.pdf,38999e32d787d468954cd5e5ee619efdf644272a958ea792e9dced14302f120b,https://www.ice.gov/doclib/287gMOA/Georgetown_County_SC_WSO_MOA_7_2_25.pdf,2026-09-12T21:01:22Z,SOUTH CAROLINA,Georgetown County Sheriff's Office,Georgetown_County_SC_WSO_MOA_7_2_25.pdf,MOA; revalidated; bytes identical,"""cb73557e124e9b30ea9a828b7778a820:1758027809.91785""","Tue, 16 Sep 2025 13:03:29 GMT",
agreements/agreements_20260607_025243/SOUTH_CAROLINA/McCormick_County_Sheriff's_Office/McCormick_County_SC_WSO_MOA_6_25_25.pdf,26510c592f204ddba864d7a3f57fc5d0b90fa39f5853e7081e616cdd1fb6807e,https://www.ice.gov/doclib/287gMOA/McCormick_County_SC_WSO_MOA_6_25_25.pdf,2026-09-12T21:01:23Z,SOUTH CAROLINA,McCormick County Sheriff's Office,McCormick_County_SC_WSO_MOA_6_25_25.pdf,MOA; revalidated; bytes identical,"""e0e38f897dabb5ec11a625f118deeabc:1758027809.738912""","Tue, 16 Sep 2025 13:03:29 GMT",
agreements/agreements_20260607_025243/SOUTH_CAROLINA/Newberry_County_Sheriff's_Office/Newberry_County_SC_WSO_MOA_6_25_25.pdf,141210ac3f3097eae7e9af0f08c36de5d416fd79c5444f02658b27574e10e292,https://www.ice.gov/doclib/287gMOA/Newberry_County_SC_WSO_MOA_6_25_25.pdf,2026-09-12T21:01:23Z,SOUTH CAROLINA,Newberry County Sheriff's Office,Newberry_County_SC_WSO_MOA_6_25_25.pdf,MOA; revalidated; bytes identical,"""1253a8aabbc34a939612907433b30847:1758027809.702555""","Tue, 16 Sep 2025 13:03:29 GMT",
agreements/agreements_20260607_025243/SOUTH_CAROLINA/Union_County_Sheriff's_Office/Union_County_SC_WSO_MOA_6_12_25.pdf,564fe554be15110e0478e16525ddb9b75f84db18b7bf761e5b4ede59bf1d440a,https://www.ice.gov/doclib/287gMOA/Union_County_SC_WSO_MOA_6_12_25.pdf,2026-09-12T21:01:23Z,SOUTH CAROLINA,Union County Sheriff's Office,Union_County_SC_WSO_MOA_6_12_25.pdf,MOA; revalidated; bytes identical,"""5df06adba33ef34fa303900bcbb56603:1758027808.917679""","Tue, 16 Sep 2025 13:03:28 GMT",
agreements/agreements_20260607_025243/TENNESSEE/Grundy_County_Sheriff's_Office_/Grundy_County_Sheriffs_Office_TN_WSO_MOA.pdf,b1833ffd7e9d0cedb8762cf1b889e31f59e42d08204b61da2fb7f2a638496236,https://www.ice.gov/doclib/287gMOA/Grundy_County_Sheriffs_Office_TN_WSO_MOA.pdf,2026-09-12T21:01:24Z,TENNESSEE,Grundy County Sheriff's Office,Grundy_County_Sheriffs_Office_TN_WSO_MOA.pdf,MOA; revalidated; bytes identical,"""19fe79f03206c0564dc383f6c11877a0:1758029561.811118""","Tue, 16 Sep 2025 13:32:41 GMT",
agreements/agreements_20260607_025243/TENNESSEE/Haywood_County_Sheriff's_Office/Haywood_County_Sheriffs_Office_TN_WSO_MOA_07_15_2025.pdf,8061ce84fda2310b8f3549c0fe9bc0d74cffb897e53b9e0713ba60eeada4c6f7,https://www.ice.gov/doclib/287gMOA/Haywood_County_Sheriffs_Office_TN_WSO_MOA_07_15_2025.pdf,2026-09-12T21:01:24Z,TENNESSEE,Haywood County Sheriff's Office,Haywood_County_Sheriffs_Office_TN_WSO_MOA_07_15_2025.pdf,MOA; revalidated; bytes identical,"""a2f8fb599d266bd6590711803c5e1a14:1758029563.85393""","Tue, 16 Sep 2025 13:32:43 GMT",
agreements/agreements_20260607_025243/TENNESSEE/McMinn_County_Sheriff's_Office/McMinn_County_Sheriffs_Office_TN_WSO_MOA_7_18_25.pdf,1b87d0b481ab83464dada01c1b5fe74ddf578d23ee052c4ffb42584a41b05c24,https://www.ice.gov/doclib/287gMOA/McMinn_County_Sheriffs_Office_TN_WSO_MOA_7_18_25.pdf,2026-09-12T21:01:24Z,TENNESSEE,McMinn County Sheriff's Office,McMinn_County_Sheriffs_Office_TN_WSO_MOA_7_18_25.pdf,MOA; revalidated; bytes identical,"""62dba178aeb02a076dc857ee63f4d8ac:1758029562.786549""","Tue, 16 Sep 2025 13:32:42 GMT",
agreements/agreements_20260607_025243/TENNESSEE/Rutherford_County_Sheriff's_Office_/Rutherford_County_Sheriffs_Office_TN_WSO_MOA_8_28_2025.pdf,fab1b895b3fd32edc00568bd527d14945f258181a74db094c650989e5c6424bb,https://www.ice.gov/doclib/287gMOA/Rutherford_County_Sheriffs_Office_TN_WSO_MOA_8_28_2025.pdf,2026-09-12T21:01:24Z,TENNESSEE,Rutherford County Sheriff's Office,Rutherford_County_Sheriffs_Office_TN_WSO_MOA_8_28_2025.pdf,MOA; revalidated; bytes identical,"""27382ee8ba714edaa6a9ce71ec4835d3:1758029561.918184""","Tue, 16 Sep 2025 13:32:41 GMT",
agreements/agreements_20260607_025243/TENNESSEE/Trousdale_County_Sheriff's_Office_/Trousdale_County_Sheriffs_Office_TN_WSO_MOA_8_28_2025.pdf,12ee623f9fa47318f6bd548882dda8b546b97c46d8a105b597d8aa67e06af05f,https://www.ice.gov/doclib/287gMOA/Trousdale_County_Sheriffs_Office_TN_WSO_MOA_8_28_2025.pdf,2026-09-12T21:01:25Z,TENNESSEE,Trousdale County Sheriff's Office,Trousdale_County_Sheriffs_Office_TN_WSO_MOA_8_28_2025.pdf,MOA; revalidated; bytes identical,"""502bb612985cab2611e94a35e4cfac8e:1758029561.268674""","Tue, 16 Sep 2025 13:32:41 GMT",
agreements/agreements_20260607_025243/SOUTH_DAKOTA/South_Dakota_Department_of_Corrections/South_Dakota_Department_Corrections_SD_WSO_MOA%20ICE%20Signed_8_28_2025.pdf,de464d4fb9a67367daba4591c8e3e802da385a50d111589df20bd648579d5bf1,https://www.ice.gov/doclib/287gMOA/South_Dakota_Department_Corrections_SD_WSO_MOA%20ICE%20Signed_8_28_2025.pdf,2026-09-12T21:01:25Z,SOUTH DAKOTA,South Dakota Department of Corrections,South_Dakota_Department_Corrections_SD_WSO_MOA%20ICE%20Signed_8_28_2025.pdf,MOA; revalidated; bytes identical,"""2935bc2315d7f7d09ecd28ba7a9ef7ff:1758029560.592435""","Tue, 16 Sep 2025 13:32:40 GMT",
agreements/agreements_20260607_025243/TENNESSEE/Sparta_Police_Department_/Sparta_Police_Department_TN_MOA_08_06_2025.pdf,7823598440c6ff3b975c4348e61d4eae4c5869f2a019818a66df7ab7c36b0c71,https://www.ice.gov/doclib/287gMOA/Sparta_Police_Department_TN_MOA_08_06_2025.pdf,2026-09-12T21:01:25Z,TENNESSEE,Sparta Police Department,Sparta_Police_Department_TN_MOA_08_06_2025.pdf,MOA; revalidated; bytes identical,"""0164e61bc523b4a8c5cb4594a062596e:1758029560.860272""","Tue, 16 Sep 2025 13:32:40 GMT",
agreements/agreements_20260607_025243/TENNESSEE/Franklin_County_Sheriff's_Office_/Franklin_County_Sheriffs_Office_TN_JEM_MOA.pdf,186ea370b7cb023af3ffca78a4e5e0ffc58a83025040f0f096e561b40b900cd8,https://www.ice.gov/doclib/287gMOA/Franklin_County_Sheriffs_Office_TN_JEM_MOA.pdf,2026-09-12T21:01:25Z,TENNESSEE,Franklin County Sheriff's Office,Franklin_County_Sheriffs_Office_TN_JEM_MOA.pdf,MOA; revalidated; bytes identical,"""e7e70bf0507668b6a2acb572eb594ca6:1758029561.593918""","Tue, 16 Sep 2025 13:32:41 GMT",
agreements/agreements_20260607_025243/TENNESSEE/Monroe_County_Sheriff's_Office/Monroe_County_Sheriffs_Office_TN_JEM_MOA_8_28_2025.pdf,8a8ad16f7cfb2f7c16b351f28679278aeb188dcfd0737e43530a2b2eb23554de,https://www.ice.gov/doclib/287gMOA/Monroe_County_Sheriffs_Office_TN_JEM_MOA_8_28_2025.pdf,2026-09-12T21:01:26Z,TENNESSEE,Monroe County Sheriff's Office,Monroe_County_Sheriffs_Office_TN_JEM_MOA_8_28_2025.pdf,MOA; revalidated; bytes identical,"""2308a535e2b5981ccae46c316e99e875:1758029560.575827""","Tue, 16 Sep 2025 13:32:40 GMT",
agreements/agreements_20260607_025243/TENNESSEE/Tennessee_Department_of_Corrections/TN_DOC_JEM_MOA_6_16_25.pdf,674595b68062a2e52a6cb767e1de63a28c804c27098a96ae845a4887a065cda7,https://www.ice.gov/doclib/287gMOA/TN_DOC_JEM_MOA_6_16_25.pdf,2026-09-12T21:01:26Z,TENNESSEE,Tennessee Department of Corrections,TN_DOC_JEM_MOA_6_16_25.pdf,MOA; revalidated; bytes identical,"""244ad40bd58eff52f51169ba02da0113:1758029559.997388""","Tue, 16 Sep 2025 13:32:39 GMT",
agreements/agreements_20260607_025243/TEXAS/Bell_County_Sheriff's_Office/BellCoSheriffsOfficeTX_WSO_MOA_08282025 2.pdf,11a91ce040deda17e880540416883d2c029ad6c463b170a25a026a74d885fd15,https://www.ice.gov/doclib/287gMOA/BellCoSheriffsOfficeTX_WSO_MOA_08282025.pdf,2026-09-12T21:01:26Z,TEXAS,Bell County Sheriff's Office,BellCoSheriffsOfficeTX_WSO_MOA_08282025 2.pdf,MOA; revalidated; bytes identical,"""3c03810cf4580a40ca33509116cefd1f:1758115578.103171""","Wed, 17 Sep 2025 13:26:18 GMT",
agreements/agreements_20260607_025243/TEXAS/Bosque_County_Sheriff's_Office_/BosqueCoSheriffsOfficeTX_WSO_MOA_08282025.pdf,836fc70a91439b0c46c92f8b34566c0becfa66a5039cf096e9840fa1a1019ab8,https://www.ice.gov/doclib/287gMOA/BosqueCoSheriffsOfficeTX_WSO_MOA_08282025.pdf,2026-09-12T21:01:27Z,TEXAS,Bosque County Sheriff's Office,BosqueCoSheriffsOfficeTX_WSO_MOA_08282025.pdf,MOA; revalidated; bytes identical,"""dd8c75e74237bbe7963710da63078882:1758115561.538242""","Wed, 17 Sep 2025 13:26:01 GMT",
agreements/agreements_20260607_025243/TEXAS/Ector_County_Sheriff's_Office/EctorCoSheriffsOfficeTX_WSO_MOA_08282025.pdf,29023e3c7eb73a237b9a1b4ae1903847a870e214ff158ec2882515cfb0826d9e,https://www.ice.gov/doclib/287gMOA/EctorCoSheriffsOfficeTX_WSO_MOA_08282025.pdf,2026-09-12T21:01:27Z,TEXAS,Ector County Sheriff's Office,EctorCoSheriffsOfficeTX_WSO_MOA_08282025.pdf,MOA; revalidated; bytes identical,"""fe32fa0f36ca4fbb314da4b30433a1f7:1758115561.081863""","Wed, 17 Sep 2025 13:26:01 GMT",
agreements/agreements_20260607_025243/TEXAS/Keller_Police_Department_/KellerPoliceDeptTX_WSO_MOA_08282025.pdf,670e88f4b9bb05d3a06855ffb732b07eb3122b232b6371862787408c33047782,https://www.ice.gov/doclib/287gMOA/KellerPoliceDeptTX_WSO_MOA_08282025.pdf,2026-09-12T21:01:27Z,TEXAS,Keller Police Department,KellerPoliceDeptTX_WSO_MOA_08282025.pdf,MOA; revalidated; bytes identical,"""4d99c3797379dff569789f1c7a173d20:1758115562.258696""","Wed, 17 Sep 2025 13:26:02 GMT",
agreements/agreements_20260607_025243/TEXAS/Lee_County_Sheriff's_Office/LeeCoSheriffsOfficeTX_WSO_MOA_08282025.pdf,b839cb0a6caaf944937d560250bb9ba61323347ec8a5e474457fbb14b9e9043c,https://www.ice.gov/doclib/287gMOA/LeeCoSheriffsOfficeTX_WSO_MOA_08282025.pdf,2026-09-12T21:01:27Z,TEXAS,Lee County Sheriff's Office,LeeCoSheriffsOfficeTX_WSO_MOA_08282025.pdf,MOA; revalidated; bytes identical,"""3e0ecbd27b6cca7bc47946d7cb80504b:1758115564.784236""","Wed, 17 Sep 2025 13:26:04 GMT",
agreements/agreements_20260607_025243/TEXAS/Lipscomb_County_Sheriff's_Office/LipscombCoSheriffsOfficeTX_WSO_MOA_08282025 2.pdf,af1528f51441dd59702cfa68bcabe127cc711f3d4b65a90c2dd723428653c756,https://www.ice.gov/doclib/287gMOA/LipscombCoSheriffsOfficeTX_WSO_MOA_08282025.pdf,2026-09-12T21:01:28Z,TEXAS,Lipscomb County Sheriff's Office,LipscombCoSheriffsOfficeTX_WSO_MOA_08282025 2.pdf,MOA; revalidated; bytes identical,"""f23566dad8146ac146a04ec3866e33e1:1758115566.256377""","Wed, 17 Sep 2025 13:26:06 GMT",
agreements/agreements_20260607_025243/TEXAS/Moore_County_Sheriff's_Office_/MooreCoSheriffsOfficeTX_WSO_MOA_08282025.pdf,c0aba3e13b024453dc8e9445b2180ce5629a49bc0633c93ae28b975b1a18068e,https://www.ice.gov/doclib/287gMOA/MooreCoSheriffsOfficeTX_WSO_MOA_08282025.pdf,2026-09-12T21:01:28Z,TEXAS,Moore County Sheriff's Office,MooreCoSheriffsOfficeTX_WSO_MOA_08282025.pdf,MOA; revalidated; bytes identical,"""fca1896444d365470895249bc1e2820d:1758115564.012169""","Wed, 17 Sep 2025 13:26:04 GMT",
agreements/agreements_20260607_025243/TEXAS/Oldham_County_Sheriff's_Office/OldhamCoSheriffsOfficeTX_WSO_MOA_08282025.pdf,dee250906bedc5ec360ed3ace5ceefaeb64545a62eb4a0c3022c5ecd0919f498,https://www.ice.gov/doclib/287gMOA/OldhamCoSheriffsOfficeTX_WSO_MOA_08282025.pdf,2026-09-12T21:01:28Z,TEXAS,Oldham County Sheriff's Office,OldhamCoSheriffsOfficeTX_WSO_MOA_08282025.pdf,MOA; revalidated; bytes identical,"""2188b6319a395212d8adacd77fb2ca17:1758115566.508459""","Wed, 17 Sep 2025 13:26:06 GMT",
agreements/agreements_20260607_025243/TEXAS/Palo_Pinto_County_Sheriff's_Office/PaloPintoCoSheriffsOfficeTX_WSO_MOA_08282025 2.pdf,2ab4a200ef78f2c146f1d1f966fc42ebe0177b54d3b5dfca57988ead5a0fa07c,https://www.ice.gov/doclib/287gMOA/PaloPintoCoSheriffsOfficeTX_WSO_MOA_08282025.pdf,2026-09-12T21:01:29Z,TEXAS,Palo Pinto County Sheriff's Office,PaloPintoCoSheriffsOfficeTX_WSO_MOA_08282025 2.pdf,MOA; revalidated; bytes identical,"""bc40551c12f918ff1685c853d67ce837:1758115581.668484""","Wed, 17 Sep 2025 13:26:21 GMT",
agreements/agreements_20260607_025243/TEXAS/Pecos_County_Sheriff's_Office/PecosCoSheriffsOfficeTX_WSO_MOA_08282025.pdf,92ef26d3ef86e28900dae5853c60f58b4fa710f5c72133b90f912b762eaefa68,https://www.ice.gov/doclib/287gMOA/PecosCoSheriffsOfficeTX_WSO_MOA_08282025.pdf,2026-09-12T21:01:29Z,TEXAS,Pecos County Sheriff's Office,PecosCoSheriffsOfficeTX_WSO_MOA_08282025.pdf,MOA; revalidated; bytes identical,"""a1532e144e9044e02076d3338da6fe2e:1758115567.597459""","Wed, 17 Sep 2025 13:26:07 GMT",
agreements/agreements_20260607_025243/TEXAS/Randall_County_Sheriff's_Office/RandallCoSheriffsOfficeTX_WSO_MOA_08282025.pdf,a69fdf02707c00f2326ba89fd4c55f25d3e5f77e4452cdf36b1c0d973c1aefce,https://www.ice.gov/doclib/287gMOA/RandallCoSheriffsOfficeTX_WSO_MOA_08282025.pdf,2026-09-12T21:01:29Z,TEXAS,Randall County Sheriff's Office,RandallCoSheriffsOfficeTX_WSO_MOA_08282025.pdf,MOA; revalidated; bytes identical,"""5e1a21f89eb52f3d2bebdb03ae26e363:1758115577.751331""","Wed, 17 Sep 2025 13:26:17 GMT",
agreements/agreements_20260607_025243/TEXAS/Reagan_County_Sheriff's_Office_/ReaganCoSheriffsOfficeTX_WSO_MOA_08282025.pdf,9a32f77c5b7edd1f7fe631a75053c63160b2b9e12d588993e7138e8e8de81441,https://www.ice.gov/doclib/287gMOA/ReaganCoSheriffsOfficeTX_WSO_MOA_08282025.pdf,2026-09-12T21:01:29Z,TEXAS,Reagan County Sheriff's Office,ReaganCoSheriffsOfficeTX_WSO_MOA_08282025.pdf,MOA; revalidated; bytes identical,"""a58039166c99dcd6c1ca2cf26b437e61:1758115569.517021""","Wed, 17 Sep 2025 13:26:09 GMT",
agreements/agreements_20260607_025243/TEXAS/Swisher_County_Sheriff's_Office/SwisherCoSheriffsOfficeTX_WSO_MOA_08282025.pdf,8105b2d3bca1642d1ecba432c05b8c5b11925236bfbd4a7359d12c8caa08ca94,https://www.ice.gov/doclib/287gMOA/SwisherCoSheriffsOfficeTX_WSO_MOA_08282025.pdf,2026-09-12T21:01:30Z,TEXAS,Swisher County Sheriff's Office,SwisherCoSheriffsOfficeTX_WSO_MOA_08282025.pdf,MOA; revalidated; bytes identical,"""2ae184cdabab0607eef25c0e1fcf7e00:1758115582.291606""","Wed, 17 Sep 2025 13:26:22 GMT",
agreements/agreements_20260607_025243/TEXAS/Upton_County_Sheriff's_Office/UptonCoSheriffsOfficeTX_WSO_MOA_08282025.pdf,f8a387908a72c50bd12e0d6bc1f4438639915913e2f5f337e682629d94a0ce0b,https://www.ice.gov/doclib/287gMOA/UptonCoSheriffsOfficeTX_WSO_MOA_08282025.pdf,2026-09-12T21:01:30Z,TEXAS,Upton County Sheriff's Office,UptonCoSheriffsOfficeTX_WSO_MOA_08282025.pdf,MOA; revalidated; bytes identical,"""a80ecbe8445bbd6825b90e2ee7c85cfd:1758115572.363872""","Wed, 17 Sep 2025 13:26:12 GMT",
agreements/agreements_20260607_025243/TEXAS/Archer_County_Sheriff's_Office/ArcherCoSheriffsOfficeTX_WSO_MOA_08282025.pdf,cc9dccbf5edc0908553e0df39a8b07018844e02563cd888146a41201fd06aef5,https://www.ice.gov/doclib/287gMOA/ArcherCoSheriffsOfficeTX_WSO_MOA_08282025.pdf,2026-09-12T21:01:30Z,TEXAS,Archer County Sheriff's Office,ArcherCoSheriffsOfficeTX_WSO_MOA_08282025.pdf,MOA; revalidated; bytes identical,"""41db4f64545fd21f2494262f0f9aa8fd:1758115751.993749""","Wed, 17 Sep 2025 13:29:11 GMT",
agreements/agreements_20260607_025243/TEXAS/Anderson_County_Sheriff's_Office/AndersonCoSheriffsOfficeTX_WSO_MOA_06182025.pdf,02120740c67285dd6e944764dff8284372657ef3a3f36b40268ef926718595a9,https://www.ice.gov/doclib/287gMOA/AndersonCoSheriffsOfficeTX_WSO_MOA_06182025.pdf,2026-09-12T21:01:30Z,TEXAS,Anderson County Sheriff's Office,AndersonCoSheriffsOfficeTX_WSO_MOA_06182025.pdf,MOA; revalidated; bytes identical,"""afa9da869f07a3b749ac5448b914508e:1758115879.462867""","Wed, 17 Sep 2025 13:31:19 GMT",
agreements/agreements_20260607_025243/PENNSYLVANIA/Somerset_County_District_Attorney's_Office/SomersetCoDistrictAttorneysOfficePA_TFM_MOA08282025.pdf,a66acb4312f6ad6f5ed3751373161aba12b831e3576486ceda3f3048ea1b3d0e,https://www.ice.gov/doclib/287gMOA/SomersetCoDistrictAttorneysOfficePA_TFM_MOA08282025.pdf,2026-09-12T21:01:31Z,PENNSYLVANIA,Somerset County District Attorney's Office,SomersetCoDistrictAttorneysOfficePA_TFM_MOA08282025.pdf,MOA; revalidated; bytes identical,"""e5a336c505508f49bdb2e0cc127cb8b8:1758115986.155892""","Wed, 17 Sep 2025 13:33:06 GMT",
agreements/agreements_20260607_025243/NORTH_CAROLINA/Catawba_County_Sheriff's_Office/CatawbaCoSheriffsOfficeNC_WSO_MOA_07292025.pdf,4a020db8beea2b82e2ce0dbef28d78c192e09fe833356b2399151b63dedcfd03,https://www.ice.gov/doclib/287gMOA/CatawbaCoSheriffsOfficeNC_WSO_MOA_07292025.pdf,2026-09-12T21:01:31Z,NORTH CAROLINA,Catawba County Sheriff's Office,CatawbaCoSheriffsOfficeNC_WSO_MOA_07292025.pdf,MOA; revalidated; bytes identical,"""2b265b7ccdfafd8a04a8206f897c4009:1758631315.634246""","Tue, 23 Sep 2025 12:41:55 GMT",
agreements/agreements_20260607_025243/NEVADA/Las_Vegas_Metropolitan_Police_Department/LasVegasMPD_NV_WSO_MOA_07292025.pdf,35f074eaa5d2a5e3af230e9ea5496ee667262859c588cc793b73357f967099e6,https://www.ice.gov/doclib/287gMOA/LasVegasMPD_NV_WSO_MOA_07292025.pdf,2026-09-12T21:01:31Z,NEVADA,Las Vegas Metropolitan Police Department,LasVegasMPD_NV_WSO_MOA_07292025.pdf,MOA; revalidated; bytes identical,"""944b052cd2faa8cdd130f3f494568f9e:1758631315.35863""","Tue, 23 Sep 2025 12:41:55 GMT",
agreements/agreements_20260607_025243/NEBRASKA/Nebraska_State_Patrol_/NebStatePatrolNE_TFM_MOA_08282025.pdf,f9c287a5b34435c71706595a458acc417de190e05df3b985d1733d297b4e8c1c,https://www.ice.gov/doclib/287gMOA/NebStatePatrolNE_TFM_MOA_08282025.pdf,2026-09-12T21:01:32Z,NEBRASKA,Nebraska State Patrol,NebStatePatrolNE_TFM_MOA_08282025.pdf,MOA; revalidated; bytes identical,"""46c299b315bc9968716371e0c897395d:1758631396.619875""","Tue, 23 Sep 2025 12:43:16 GMT",
agreements/agreements_20260607_025243/MISSOURI/Pettis_County_Sheriff's_Office/PettisCoSheriffsOfficeMO_JEM_MOA_08282025.pdf,6a3263867a9ea4fe0d3162f44b8e644652bb25dc9887e05fa1580f27f35a5099,https://www.ice.gov/doclib/287gMOA/PettisCoSheriffsOfficeMO_JEM_MOA_08282025.pdf,2026-09-12T21:01:32Z,MISSOURI,Pettis County Sheriff's Office,PettisCoSheriffsOfficeMO_JEM_MOA_08282025.pdf,MOA; revalidated; bytes identical,"""c8598a276338b91ef56d1134a9196426:1758631318.441167""","Tue, 23 Sep 2025 12:41:58 GMT",
agreements/agreements_20260607_025243/MISSOURI/Pulaski_County_Sheriff's_Office/PulaskiCoSheriffsOfficeMO_TFM_MOA_07292025.pdf,9d586bdef97894368f8083df4e03ea97867a07e17bb275df8974894d56e2946e,https://www.ice.gov/doclib/287gMOA/PulaskiCoSheriffsOfficeMO_TFM_MOA_07292025.pdf,2026-09-12T21:01:32Z,MISSOURI,Pulaski County Sheriff's Office,PulaskiCoSheriffsOfficeMO_TFM_MOA_07292025.pdf,MOA; revalidated; bytes identical,"""fca60dfde00addaeb8e9bb845bd98d9f:1758631321.025333""","Tue, 23 Sep 2025 12:42:01 GMT",
agreements/agreements_20260607_025243/MISSOURI/Pulaski_County_Sheriff's_Office/PulaskiCoSheriffsOfficeMO_WSO_MOA_07292025.pdf,3eb5dcf604a6839942e842a1a5db7f364edb52133710c4fab82955b67abd6258,https://www.ice.gov/doclib/287gMOA/PulaskiCoSheriffsOfficeMO_WSO_MOA_07292025.pdf,2026-09-12T21:01:33Z,MISSOURI,Pulaski County Sheriff's Office,PulaskiCoSheriffsOfficeMO_WSO_MOA_07292025.pdf,MOA; revalidated; bytes identical,"""12d8dd51760c18a9d8b0c800fffacedd:1758914766.713593""","Fri, 26 Sep 2025 19:26:06 GMT",
agreements/agreements_20260607_025243/MINNESOTA/Kandiyohi_County_Sheriff's_Office/KandiyohiCountySOMN_WSO_MOA_052225.pdf,77e9f1d0a248c8c0074c706fe58d82283a1346b167d2de3295a95bc9ce8894e6,https://www.ice.gov/doclib/287gMOA/KandiyohiCountySOMN_WSO_MOA_052225.pdf,2026-09-12T21:01:33Z,MINNESOTA,Kandiyohi County Sheriff's Office,KandiyohiCountySOMN_WSO_MOA_052225.pdf,MOA; revalidated; bytes identical,"""b16257b5a62e8599ccb6a448e61d1a4c:1758928777.703374""","Fri, 26 Sep 2025 23:19:37 GMT",
agreements/agreements_20260607_025243/TEXAS/Lamb_County_Sheriff's_Office/LambCoSheriffsOfficeTX_WSO_MOA_06172025.pdf,5256b4cfa9d93ea40d0fde9c290afd3523cd318f0c246f65828b36aec1081b72,https://www.ice.gov/doclib/287gMOA/LambCoSheriffsOfficeTX_WSO_MOA_06172025.pdf,2026-09-12T21:01:33Z,TEXAS,Lamb County Sheriff's Office,LambCoSheriffsOfficeTX_WSO_MOA_06172025.pdf,MOA; revalidated; bytes identical,"""77e66e492367e859e44fa37af15362f1:1759147572.564151""","Mon, 29 Sep 2025 12:06:12 GMT",
"agreements/agreements_20260607_025243/PENNSYLVANIA/Pennsylvania_State_Constable's_Office,_Cooke_Township/PennsylvaniaStateConstableCookeTownshipPA_TFM_MOA_09262025.pdf",341690e63e9badf4de086b4ed05f5c57964ee16fd5bb134656bc6416a33692da,https://www.ice.gov/doclib/287gMOA/PennsylvaniaStateConstableCookeTownshipPA_TFM_MOA_09262025.pdf,2026-09-12T21:01:34Z,PENNSYLVANIA,"Pennsylvania State Constable's Office, Cooke Township",PennsylvaniaStateConstableCookeTownshipPA_TFM_MOA_09262025.pdf,MOA; revalidated; bytes identical,"""c502397e66f62e3c7bd1579f4dd6da7e:1758929199.3425""","Fri, 26 Sep 2025 23:26:39 GMT",
agreements/agreements_20260607_025243/PENNSYLVANIA/Pennsylvania_State_Constable's_Office_So_Middleton_Twp/PennStateConstableSoMiddletonTwpPA_TFM_MOA_082825.pdf,590720d41899dfe6a23084a587f9d43ef024b26a2159d784ba6da80bad266993,https://www.ice.gov/doclib/287gMOA/PennStateConstableSoMiddletonTwpPA_TFM_MOA_082825.pdf,2026-09-12T21:01:34Z,PENNSYLVANIA,Pennsylvania State Constable's Office So Middleton Twp,PennStateConstableSoMiddletonTwpPA_TFM_MOA_082825.pdf,MOA; revalidated; bytes identical,"""3b8566a9832ef0caabd942d05a9e44f5:1758929197.698005""","Fri, 26 Sep 2025 23:26:37 GMT",
agreements/agreements_20260607_025243/OKLAHOMA/Okmulgee_County_District_Attorney's_Office/OkmulgeeCoDAOK_TFM_MOA_082825.pdf,3ff4ced3da860ef5b61e6bd3d423e8e5c3fa6ac0b878df532356f41f56899fa9,https://www.ice.gov/doclib/287gMOA/OkmulgeeCoDAOK_TFM_MOA_082825.pdf,2026-09-12T21:01:34Z,OKLAHOMA,Okmulgee County District Attorney's Office,OkmulgeeCoDAOK_TFM_MOA_082825.pdf,MOA; revalidated; bytes identical,"""543b7e5d9d31421b9f8390a8a5864d67:1758929196.749513""","Fri, 26 Sep 2025 23:26:36 GMT",
agreements/agreements_20260607_025243/PENNSYLVANIA/Lansdowne_Borough_Constable's_Office/LansdowneBoroughConstablePA_TFM_MOA_082825.pdf,c9ba3451d5b14f524d52892f096d5705621f2bb65b449f03970a910acdb94282,https://www.ice.gov/doclib/287gMOA/LansdowneBoroughConstablePA_TFM_MOA_082825.pdf,2026-09-12T21:01:34Z,PENNSYLVANIA,Lansdowne Borough Constable's Office,LansdowneBoroughConstablePA_TFM_MOA_082825.pdf,MOA; revalidated; bytes identical,"""f2d78658a827cc2bd290566301ff0484:1758929195.996188""","Fri, 26 Sep 2025 23:26:35 GMT",
agreements/agreements_20260607_025243/PENNSYLVANIA/East_Pennsylvania_Township_Constable_Office/EastPennTownshipConstablePA_TFM_MOA_082825.pdf,300d0cd5f87382eab09e45780b08657775f4f6208d73a7eca03b3d1c106b2a20,https://www.ice.gov/doclib/287gMOA/EastPennTownshipConstablePA_TFM_MOA_082825.pdf,2026-09-12T21:01:35Z,PENNSYLVANIA,East Pennsylvania Township Constable Office,EastPennTownshipConstablePA_TFM_MOA_082825.pdf,MOA; revalidated; bytes identical,"""7cc1a08d80ab1ac26830af4c9bc8a08e:1758929195.863281""","Fri, 26 Sep 2025 23:26:35 GMT",
agreements/agreements_20260607_025243/PENNSYLVANIA/East_Donegal_Township_Constables_Office_/EastDonegalTownshipConstablePA_TFM_MOA_071525.pdf,cacdb26b7a1a97b798d486573b42c3aa83c5f88a4fe4ac483ff796d17e466c68,https://www.ice.gov/doclib/287gMOA/EastDonegalTownshipConstablePA_TFM_MOA_071525.pdf,2026-09-12T21:01:35Z,PENNSYLVANIA,East Donegal Township Constables Office,EastDonegalTownshipConstablePA_TFM_MOA_071525.pdf,MOA; revalidated; bytes identical,"""a240d041d40745bbcb71eb1d1e9d3038:1758929198.52063""","Fri, 26 Sep 2025 23:26:38 GMT",
agreements/agreements_20260607_025243/PENNSYLVANIA/Coolspring_Township_Constable's_Office/CoolspringTownshipConstablePA_TFM_MOA_071825.pdf,c722d6eedb01f29facbe7912ed285c130f826e7bcd1366a92e142330bdf32f2d,https://www.ice.gov/doclib/287gMOA/CoolspringTownshipConstablePA_TFM_MOA_071825.pdf,2026-09-12T21:01:35Z,PENNSYLVANIA,Coolspring Township Constable's Office,CoolspringTownshipConstablePA_TFM_MOA_071825.pdf,MOA; revalidated; bytes identical,"""11ca855e4680802a656a226c892d3411:1758929195.348204""","Fri, 26 Sep 2025 23:26:35 GMT",
agreements/agreements_20260607_025243/PENNSYLVANIA/Cambria_County_Prison/CambriaCoPrisonPA_WSO_MOA_073125.pdf,e13db32ceffa2915a22a16631dce80550769407a01ca332c93984008ca33e978,https://www.ice.gov/doclib/287gMOA/CambriaCoPrisonPA_WSO_MOA_073125.pdf,2026-09-12T21:01:35Z,PENNSYLVANIA,Cambria County Prison,CambriaCoPrisonPA_WSO_MOA_073125.pdf,MOA; revalidated; bytes identical,"""abe69c98e086d94928be4b7591a1057e:1758929198.829827""","Fri, 26 Sep 2025 23:26:38 GMT",
agreements/agreements_20260607_025243/PENNSYLVANIA/Beaver_County_Sheriff's_Office_/BeaverCoSOPA_TFM_MOA_080825.pdf,23b799a4c6a94985cf1a74712903a3a7fc2718fe3ef7e3d88a1161c78fff4d87,https://www.ice.gov/doclib/287gMOA/BeaverCoSOPA_TFM_MOA_080825.pdf,2026-09-12T21:01:36Z,PENNSYLVANIA,Beaver County Sheriff's Office,BeaverCoSOPA_TFM_MOA_080825.pdf,MOA; revalidated; bytes identical,"""eb77c8503fd5a48168b136d6060d4663:1758929195.643802""","Fri, 26 Sep 2025 23:26:35 GMT",
agreements/agreements_20260607_025243/NEBRASKA/Banner_County_Sheriff's_Office_/BannerCoSheriffsOfficeNE_TFM_MOA_08142025.pdf,8642a3bbca5fc7cd25d59887c094cea4e19833081aa25c8980d61540b98f3c7c,https://www.ice.gov/doclib/287gMOA/BannerCoSheriffsOfficeNE_TFM_MOA_08142025.pdf,2026-09-12T21:01:36Z,NEBRASKA,Banner County Sheriff's Office,BannerCoSheriffsOfficeNE_TFM_MOA_08142025.pdf,MOA; revalidated; bytes identical,"""21ac89b7e814f7864adf115a79ad01a0:1759148289.10624""","Mon, 29 Sep 2025 12:18:09 GMT",
agreements/agreements_20260607_025243/OHIO/Lake_County_Sheriff's_Office/LakeCoSheriffsOfficeOH_WSO_MOA_05282025.pdf,6359a6621730fb3238474b36fc81a4ac5cb3a565f690242727075609e65333e9,https://www.ice.gov/doclib/287gMOA/LakeCoSheriffsOfficeOH_WSO_MOA_05282025.pdf,2026-09-12T21:01:36Z,OHIO,Lake County Sheriff's Office,LakeCoSheriffsOfficeOH_WSO_MOA_05282025.pdf,MOA; revalidated; bytes identical,"""7fc8eecddaf8dde8fc33313d7e7e3798:1759148289.362174""","Mon, 29 Sep 2025 12:18:09 GMT",
agreements/agreements_20260607_025243/WEST_VIRGINIA/Berkeley_County_Sheriff's_Office/BerkeleyCoSheriffsOfficeWV_TFM_MOA_08282025.pdf,64ccd46082543dd8a20a6caf016bb9ecf823734d2cfe88a849c05f82928e3c58,https://www.ice.gov/doclib/287gMOA/BerkeleyCoSheriffsOfficeWV_TFM_MOA_08282025.pdf,2026-09-12T21:01:37Z,WEST VIRGINIA,Berkeley County Sheriff's Office,BerkeleyCoSheriffsOfficeWV_TFM_MOA_08282025.pdf,MOA; revalidated; bytes identical,"""d23d5442a8a35e7af9e272301b117b42:1759931860.672841""","Wed, 08 Oct 2025 13:57:40 GMT",
agreements/agreements_20260607_025243/WEST_VIRGINIA/Harrison_County_Sheriff's_Office/HarrisonCoSheriffsOfficeWV_TFM_MOA_08282025.pdf,2fe237149842bf28573e2de5e5afedf7d33ed2153587d6c9f4e8e1174c2a55d1,https://www.ice.gov/doclib/287gMOA/HarrisonCoSheriffsOfficeWV_TFM_MOA_08282025.pdf,2026-09-12T21:01:37Z,WEST VIRGINIA,Harrison County Sheriff's Office,HarrisonCoSheriffsOfficeWV_TFM_MOA_08282025.pdf,MOA; revalidated; bytes identical,"""ebc7653b1c8f84b04f77eee454aff2da:1759931850.988699""","Wed, 08 Oct 2025 13:57:30 GMT",
agreements/agreements_20260607_025243/WEST_VIRGINIA/Morgan_County_Sheriff's_Office_/MorganCoSheriffsOfficeWV_TFM_MOA_08282025.pdf,7b6a6f39ea3222b24b2bc7b3180214f2f0db2af380f92656d9fb8b96b97ad0f2,https://www.ice.gov/doclib/287gMOA/MorganCoSheriffsOfficeWV_TFM_MOA_08282025.pdf,2026-09-12T21:01:37Z,WEST VIRGINIA,Morgan County Sheriff's Office,MorganCoSheriffsOfficeWV_TFM_MOA_08282025.pdf,MOA; revalidated; bytes identical,"""b0afc6a6cbe277cf9df607768f1aa11d:1759931852.218631""","Wed, 08 Oct 2025 13:57:32 GMT",
agreements/agreements_20260607_025243/WYOMING/Wyoming_State_Highway_Patrol_/StateHghwyPatrolWY_TFM_MOA_07242025.pdf,514d3adbadc50a5b571d850d3ada42411a9e3a1f229dfac123838fdbfa35bb8f,https://www.ice.gov/doclib/287gMOA/StateHghwyPatrolWY_TFM_MOA_07242025.pdf,2026-09-12T21:01:38Z,WYOMING,Wyoming State Highway Patrol,StateHghwyPatrolWY_TFM_MOA_07242025.pdf,MOA; revalidated; bytes identical,"""4d460d196f03b15508e1bf2217c16656:1759931853.720359""","Wed, 08 Oct 2025 13:57:33 GMT",
agreements/agreements_20260607_025243/VIRGINIA/Wise_County_Sheriff's_Office/WiseCoSheriffsOfficeVA_TFM_MOA_07232025.pdf,180d858980b45af0a884faae04e7890fd6dc747818d83675776bb2a280994af0,https://www.ice.gov/doclib/287gMOA/WiseCoSheriffsOfficeVA_TFM_MOA_07232025.pdf,2026-09-12T21:01:38Z,VIRGINIA,Wise County Sheriff's Office,WiseCoSheriffsOfficeVA_TFM_MOA_07232025.pdf,MOA; revalidated; bytes identical,"""650298e58f0cfd0b12a670824c9170dc:1759931854.22689""","Wed, 08 Oct 2025 13:57:34 GMT",
agreements/agreements_20260607_025243/ARKANSAS/Pulaski_County_Sheriff's_Office/PulaskiCoSheriffsOfficeAR_WSO_MOA_09092025.pdf,f0de12aeb14bca2c53f949209fef67aee79c0a08773f83cf84c105e8a0e2fe52,https://www.ice.gov/doclib/287gMOA/PulaskiCoSheriffsOfficeAR_WSO_MOA_09092025.pdf,2026-09-12T21:01:38Z,ARKANSAS,Pulaski County Sheriff's Office,PulaskiCoSheriffsOfficeAR_WSO_MOA_09092025.pdf,MOA; revalidated; bytes identical,"""b74e9c381eb446a56b34e37168bf1a06:1759932043.535821""","Wed, 08 Oct 2025 14:00:43 GMT",
agreements/agreements_20260607_025243/LOUISIANA/Ouachita_Parish_Sheriff's_Office/OuachitaParishSheriffsOfficeLA_WSO_MOA_07022025.pdf,14bf460ec4f2ecc38dbbd305a6e11561f39915d23dd8b50943ddc9d59e46a9f6,https://www.ice.gov/doclib/287gMOA/OuachitaParishSheriffsOfficeLA_WSO_MOA_07022025.pdf,2026-09-12T21:01:39Z,LOUISIANA,Ouachita Parish Sheriff's Office,OuachitaParishSheriffsOfficeLA_WSO_MOA_07022025.pdf,MOA; revalidated; bytes identical,"""9e006f8c34a794db729800530775ae6b:1760108547.840621""","Fri, 10 Oct 2025 15:02:27 GMT",
agreements/agreements_20260607_025243/PENNSYLVANIA/Fannett_Township_Constables_Office/FannettTownshipConstablePA_TFM_MOA_07242025.pdf,f9d7a62457b52b4ad190b6e06decaebf7c718e462babca7ccd637f7ba76379f9,https://www.ice.gov/doclib/287gMOA/FannettTownshipConstablePA_TFM_MOA_07242025.pdf,2026-09-12T21:01:39Z,PENNSYLVANIA,Fannett Township Constables Office,FannettTownshipConstablePA_TFM_MOA_07242025.pdf,MOA; revalidated; bytes identical,"""6a830d1406a9bf1f54b1d3810dc3b6c0:1760536389.650567""","Wed, 15 Oct 2025 13:53:09 GMT",
agreements/agreements_20260607_025243/PENNSYLVANIA/Greene_Township_Constable's_Office/GreeneTownshipConstablePA_TFM_MOA_07152025.pdf,834650cb67fb78d9d447638f57ba5dfb27b52867000b380b0b6ba3de136c8262,https://www.ice.gov/doclib/287gMOA/GreeneTownshipConstablePA_TFM_MOA_07152025.pdf,2026-09-12T21:01:39Z,PENNSYLVANIA,Greene Township Constable's Office,GreeneTownshipConstablePA_TFM_MOA_07152025.pdf,MOA; revalidated; bytes identical,"""ed5cd2cf1b53735736e70975a7c03c0d:1760536392.86245""","Wed, 15 Oct 2025 13:53:12 GMT",
agreements/agreements_20260607_025243/OKLAHOMA/Texas_County_Sheriff's_Office_/TexasCoSheriffsOfficeOK_WSO_MOA_07232025.pdf,93717a6dbf90983248a50751a16417cbf4995e85523d60869428a030da0b9d85,https://www.ice.gov/doclib/287gMOA/TexasCoSheriffsOfficeOK_WSO_MOA_07232025.pdf,2026-09-12T21:01:39Z,OKLAHOMA,Texas County Sheriff's Office,TexasCoSheriffsOfficeOK_WSO_MOA_07232025.pdf,MOA; revalidated; bytes identical,"""1c4be57e2cf7805a69f1d466bed2a7c4:1760536394.141329""","Wed, 15 Oct 2025 13:53:14 GMT",
agreements/agreements_20260607_025243/INDIANA/Indiana_Department_of_Corrections/DeptCorrectionsIN_JEM_MOA_08062025.pdf,dadad53055884ca218645cf66b39b0b9b767a364ceeb5e50572f2ea8e7d91c8c,https://www.ice.gov/doclib/287gMOA/DeptCorrectionsIN_JEM_MOA_08062025.pdf,2026-09-12T21:01:40Z,INDIANA,Indiana Department of Corrections,DeptCorrectionsIN_JEM_MOA_08062025.pdf,MOA; revalidated; bytes identical,"""534d3845f7b435ad8ed38dfbaa5acb8d:1760536156.756034""","Wed, 15 Oct 2025 13:49:16 GMT",
agreements/agreements_20260607_025243/SOUTH_DAKOTA/South_Dakota_Department_of_Corrections/DeptCorrectionsSD_JEM_MOA_07252025.pdf,57edfb8d2acba3a02b3b4edd8ea664dca3199dcf365c4f19ca3973ae2db7b704,https://www.ice.gov/doclib/287gMOA/DeptCorrectionsSD_JEM_MOA_07252025.pdf,2026-09-12T21:01:40Z,SOUTH DAKOTA,South Dakota Department of Corrections,DeptCorrectionsSD_JEM_MOA_07252025.pdf,MOA; revalidated; bytes identical,"""a9cb2e5d3d78e945959fd1203c9c7cb3:1760536159.753229""","Wed, 15 Oct 2025 13:49:19 GMT",
agreements/agreements_20260607_025243/PENNSYLVANIA/Lancaster_County_District_Attorney's_Office_/LancasterCoDAsOffice_PA_TFM_MOA_08282025.pdf,a510377fa7e83b0d6086b70ca07b96c82551f545e9018c39de930d28d86d4922,https://www.ice.gov/doclib/287gMOA/LancasterCoDAsOffice_PA_TFM_MOA_08282025.pdf,2026-09-12T21:01:40Z,PENNSYLVANIA,Lancaster County District Attorney's Office,LancasterCoDAsOffice_PA_TFM_MOA_08282025.pdf,MOA; revalidated; bytes identical,"""0e323f8fedc824ccaf14b3c93ac7f761:1760536161.39547""","Wed, 15 Oct 2025 13:49:21 GMT",
agreements/agreements_20260607_025243/INDIANA/Rush_County_Sheriff's_Office_/RushCoSheriffsOfficeIN_TFM_MOA_08072025.pdf,141d961d6c974cbc0e2e54e39be18d6fe8eb5d7ece67c7cc053e962e5c2271e8,https://www.ice.gov/doclib/287gMOA/RushCoSheriffsOfficeIN_TFM_MOA_08072025.pdf,2026-09-12T21:01:40Z,INDIANA,Rush County Sheriff's Office,RushCoSheriffsOfficeIN_TFM_MOA_08072025.pdf,MOA; revalidated; bytes identical,"""3830e890b9b132f2f348903840d887c4:1760536161.053933""","Wed, 15 Oct 2025 13:49:21 GMT",
agreements/agreements_20260607_025243/MONTANA/Garfield_County_Sheriff's_Office/GarfieldCoSheriffsOfficeMT_TFM_MOA_08282025.pdf,41efb1f44339fae0137b30967902b22acc308c4845cacbea943ecfe2f182e026,https://www.ice.gov/doclib/287gMOA/GarfieldCoSheriffsOfficeMT_TFM_MOA_08282025.pdf,2026-09-12T21:01:41Z,MONTANA,Garfield County Sheriff's Office,GarfieldCoSheriffsOfficeMT_TFM_MOA_08282025.pdf,MOA; revalidated; bytes identical,"""f901598a3e40041bbd1b3051022946c8:1760535926.514019""","Wed, 15 Oct 2025 13:45:26 GMT",
agreements/agreements_20260607_025243/TEXAS/Rockwall_County_Sheriff's_Office/RockwallCoSheriffsOfficeTX_WSO_MOA_07082025.pdf,c3155301aaf8c4cf57f872a851a5168629c3b9366e12cb5666504d77a9eedd1a,https://www.ice.gov/doclib/287gMOA/RockwallCoSheriffsOfficeTX_WSO_MOA_07082025.pdf,2026-09-12T21:01:41Z,TEXAS,Rockwall County Sheriff's Office,RockwallCoSheriffsOfficeTX_WSO_MOA_07082025.pdf,MOA; revalidated; bytes identical,"""3f6e6931b71ed6fd98775944bc2741bb:1760535728.414788""","Wed, 15 Oct 2025 13:42:08 GMT",
agreements/agreements_20260912_135704/ALABAMA/Lauderdale_County_Sheriff's_Office/MOA_LauderdaleCoSheriffsOfficeAL_JEM_MOA_06122025.pdf,451ec6baa308bfee57c90672bed69e90d45ab3825ba8458f04452464b16a6eb9,https://www.ice.gov/doclib/287gMOA/LauderdaleCoSheriffsOfficeAL_JEM_MOA_06122025.pdf,2026-09-12T21:01:41Z,ALABAMA,Lauderdale County Sheriff's Office,LauderdaleCoSheriffsOfficeAL_JEM_MOA_06122025.pdf,MOA; new url in sheet a405c40debaf; deduplicated 2026-09-14; identical bytes retained at agreements/agreements_20260812_014703/ALABAMA/Lauderdale_County_Sheriff's_Office/LauderdaleCoSheriffsOfficeAL_JEM_MOA_06122025.pdf,"""ac1079cabe1afd7fc1828c202054c193:1751482876.431269""","Wed, 02 Jul 2025 19:01:16 GMT",
agreements/agreements_20260912_135704/ALABAMA/Lauderdale_County_Sheriff's_Office/MOA_LauderdaleCoSheriffsOfficeAL_WSO_MOA_06122025.pdf,e1ebc1a26fce2f6f843d5a8615ac8b3ac68e3bd85699bf9a4872f230dc2d3d98,https://www.ice.gov/doclib/287gMOA/LauderdaleCoSheriffsOfficeAL_WSO_MOA_06122025.pdf,2026-09-12T21:01:42Z,ALABAMA,Lauderdale County Sheriff's Office,LauderdaleCoSheriffsOfficeAL_WSO_MOA_06122025.pdf,MOA; new url in sheet a405c40debaf; deduplicated 2026-09-14; identical bytes retained at agreements/agreements_20260607_025243/ALABAMA/Lauderdale_County_Sheriff's_Office/LauderdaleCoSheriffsOfficeAL_WSO_MOA_06122025.pdf,"""9420743480affb12f08f741773b1965a:1751482870.897041""","Wed, 02 Jul 2025 19:01:10 GMT",
agreements/agreements_20260607_025243/LOUISIANA/Kenner_Police_Department/KennerLAPolice_JEM_MOA_031725.pdf,ba1b8a50cdf56ced1baf022c1109f1405537f57264fdf482339c8259a898e988,https://www.ice.gov/doclib/287gMOA/KennerLAPolice_JEM_MOA_031725.pdf,2026-09-12T21:01:42Z,LOUISIANA,Kenner Police Department,KennerLAPolice_JEM_MOA_031725.pdf,MOA; revalidated; bytes identical,"""dac63af76592931f6e47b8110f669343:1744141507.906771""","Tue, 08 Apr 2025 19:45:07 GMT",
agreements/agreements_20260607_025243/TENNESSEE/Morgan_County_Sheriff's_Office/MorganCountySOTN_JEM_MOA.pdf,2c305395be403afe2431a24f8917e215952468cb9cb7edcd0f94347fea606d1d,https://www.ice.gov/doclib/287gMOA/MorganCountySOTN_JEM_MOA.pdf,2026-09-12T21:01:42Z,TENNESSEE,Morgan County Sheriff's Office,MorganCountySOTN_JEM_MOA.pdf,MOA; revalidated; bytes identical,"""d53735cc894511724da91c9bb859d88f:1757100719.265223""","Fri, 05 Sep 2025 19:29:18 GMT",
agreements/agreements_20260607_025243/SOUTH_CAROLINA/Charleston_County_Sheriff's_Office/CharlestonCounty_WSO_MOA_031025.pdf,d201b7732661502cbfa23cc4456784b7b542396022d400669b566d1ea13489d0,https://www.ice.gov/doclib/287gMOA/CharlestonCounty_WSO_MOA_031025.pdf,2026-09-12T21:01:43Z,SOUTH CAROLINA,Charleston County Sheriff's Office,CharlestonCounty_WSO_MOA_031025.pdf,MOA; revalidated; bytes identical,"""e46326034df5d08fff285a72008acf58:1760987397.060161""","Mon, 20 Oct 2025 19:09:57 GMT",
agreements/agreements_20260607_025243/NORTH_CAROLINA/Brookford_Police_Department_/BrookfordPoliceDeptNC_TFM_MOA_09092025.pdf,1b03e7e5ca3324b030ad412aa07f15358c07d0b342c95ff7d8ab11101f9cf5c1,https://www.ice.gov/doclib/287gMOA/BrookfordPoliceDeptNC_TFM_MOA_09092025.pdf,2026-09-12T21:01:43Z,NORTH CAROLINA,Brookford Police Department,BrookfordPoliceDeptNC_TFM_MOA_09092025.pdf,MOA; revalidated; bytes identical,"""2355f750a9fa44af9cdc6003f401a31c:1761059481.747688""","Tue, 21 Oct 2025 15:11:21 GMT",
agreements/agreements_20260607_025243/ARKANSAS/16th_Judicial_Distric_Drug_Task_Force/16thJudicialDistrictDrugTask%20Force%20AR_TFM_MOA_09222025.pdf,0b093b477b50f14f62e8a39822f28842f97e71689dcc3071ee6ed70d410f7bc9,https://www.ice.gov/doclib/287gMOA/16thJudicialDistrictDrugTask%20Force%20AR_TFM_MOA_09222025.pdf,2026-09-12T21:01:43Z,ARKANSAS,16th Judicial Distric Drug Task Force,16thJudicialDistrictDrugTask%20Force%20AR_TFM_MOA_09222025.pdf,MOA; revalidated; bytes identical,"""e7aef0e8b2148ce759a2f9ca76df8e64:1776975948.92997""","Thu, 23 Apr 2026 20:25:48 GMT",
agreements/agreements_20260607_025243/OKLAHOMA/Blaine_County_Sheriff's_Office/BlaineCoSheriffsOfficeOK_TFM_MOA_09092025.pdf,8557c82543e44ea2be788ed1ab9a1a660a7ef3579f05463c64b26824d3ce6f34,https://www.ice.gov/doclib/287gMOA/BlaineCoSheriffsOfficeOK_TFM_MOA_09092025.pdf,2026-09-12T21:01:44Z,OKLAHOMA,Blaine County Sheriff's Office,BlaineCoSheriffsOfficeOK_TFM_MOA_09092025.pdf,MOA; revalidated; bytes identical,"""2506e005ed291ccb82f4c528afada3f1:1761059465.268104""","Tue, 21 Oct 2025 15:11:05 GMT",
agreements/agreements_20260607_025243/TENNESSEE/Bradley_County_Constable_District_1/BradleyCoConstableDistrict1_TN_TFM_MOA_09222025.pdf,b0656ecbaaaebbf53810787c1c535c7892350941c601719d5ba7f601b1752a98,https://www.ice.gov/doclib/287gMOA/BradleyCoConstableDistrict1_TN_TFM_MOA_09222025.pdf,2026-09-12T21:01:44Z,TENNESSEE,Bradley County Constable District 1,BradleyCoConstableDistrict1_TN_TFM_MOA_09222025.pdf,MOA; revalidated; bytes identical,"""7703512753906c8d6ba0cc919f8335c0:1761059467.057229""","Tue, 21 Oct 2025 15:11:07 GMT",
agreements/agreements_20260607_025243/TENNESSEE/Bradley_County_Constable_District_7/BradleyCoConstableDistrict7_TN_TFM_MOA_09092025.pdf,247cc5a290d0a4f729d3382f30905b34d697187ceb6b163356f0dee2524e0724,https://www.ice.gov/doclib/287gMOA/BradleyCoConstableDistrict7_TN_TFM_MOA_09092025.pdf,2026-09-12T21:01:44Z,TENNESSEE,Bradley County Constable District 7,BradleyCoConstableDistrict7_TN_TFM_MOA_09092025.pdf,MOA; revalidated; bytes identical,"""3747a9869974c450cbf806f401876dbb:1761059481.903686""","Tue, 21 Oct 2025 15:11:21 GMT",
agreements/agreements_20260607_025243/KENTUCKY/Butler_County_Sheriff's_Office/ButlerCoSheriffsOfficeKY_TFM_MOA_09092025.pdf,a113d203524cdc3a938e5226ad9a561539f1192ba209b378a89491eea5d7c9b6,https://www.ice.gov/doclib/287gMOA/ButlerCoSheriffsOfficeKY_TFM_MOA_09092025.pdf,2026-09-12T21:01:44Z,KENTUCKY,Butler County Sheriff's Office,ButlerCoSheriffsOfficeKY_TFM_MOA_09092025.pdf,MOA; revalidated; bytes identical,"""96da6a90a201a19ac118023c7dccff99:1761059468.264883""","Tue, 21 Oct 2025 15:11:08 GMT",
agreements/agreements_20260607_025243/WEST_VIRGINIA/Cabell_County_Sheriff's_Office_/CabellCoSheriffsOfficeWV_TFM_MOA_09222025.pdf,05fddef9c115d24a74e32a8e206ab02966d99ecf731d2b6f812091e84a089ce7,https://www.ice.gov/doclib/287gMOA/CabellCoSheriffsOfficeWV_TFM_MOA_09222025.pdf,2026-09-12T21:01:45Z,WEST VIRGINIA,Cabell County Sheriff's Office,CabellCoSheriffsOfficeWV_TFM_MOA_09222025.pdf,MOA; revalidated; bytes identical,"""7428f7357964c3a4b4defbce874418b0:1761059469.41392""","Tue, 21 Oct 2025 15:11:09 GMT",
agreements/agreements_20260607_025243/TEXAS/Caldwell_County_Sheriff's_Office/CaldwellCoSheriffsOfficeTX_WSO_MOA_09092025.pdf,e714061f55c59d5cf16ba3e888d95e27f9ef55c3888f7b085877e5a7dbf5b35c,https://www.ice.gov/doclib/287gMOA/CaldwellCoSheriffsOfficeTX_WSO_MOA_09092025.pdf,2026-09-12T21:01:45Z,TEXAS,Caldwell County Sheriff's Office,CaldwellCoSheriffsOfficeTX_WSO_MOA_09092025.pdf,MOA; revalidated; bytes identical,"""e573a9f268a882fb110c2db37a7e260f:1761059478.461812""","Tue, 21 Oct 2025 15:11:18 GMT",
agreements/agreements_20260607_025243/ARKANSAS/Dallas_County_Sheriff's_Office/DallasCoSheriffsOfficeAR_WSO_MOA_09092025.pdf,1e26696ece1a466d66db1d3ca76adf41842e6a54ac8b8467a31c34e864057b3f,https://www.ice.gov/doclib/287gMOA/DallasCoSheriffsOfficeAR_WSO_MOA_09092025.pdf,2026-09-12T21:01:45Z,ARKANSAS,Dallas County Sheriff's Office,DallasCoSheriffsOfficeAR_WSO_MOA_09092025.pdf,MOA; revalidated; bytes identical,"""8f57d740799cc0e0b85ba7e696be35c4:1761059470.9059""","Tue, 21 Oct 2025 15:11:10 GMT",
agreements/agreements_20260607_025243/FLORIDA/Palmetto_Police_Department/PalmettoPoliceDeptFL_TFM_MOA_09222025.pdf,013c0723778f4ab6071d448125517be3b13ee87325a226c9aaca218e52989174,https://www.ice.gov/doclib/287gMOA/PalmettoPoliceDeptFL_TFM_MOA_09222025.pdf,2026-09-12T21:01:45Z,FLORIDA,Palmetto Police Department,PalmettoPoliceDeptFL_TFM_MOA_09222025.pdf,MOA; revalidated; bytes identical,"""b5052c5eda578076c82ec358fb6d20a1:1761059476.371957""","Tue, 21 Oct 2025 15:11:16 GMT",
agreements/agreements_20260607_025243/WEST_VIRGINIA/Village_of_Clearview_Police_Department_/VillageClearviewPoliceDeptWV_TFM_MOA_09092025.pdf,6709f6e812f6ebc1b17c879dd5d13ee9afc19e68424865a5cb6dec21cb04dc85,https://www.ice.gov/doclib/287gMOA/VillageClearviewPoliceDeptWV_TFM_MOA_09092025.pdf,2026-09-12T21:01:46Z,WEST VIRGINIA,Village of Clearview Police Department,VillageClearviewPoliceDeptWV_TFM_MOA_09092025.pdf,MOA; revalidated; bytes identical,"""7bf971c6aded39e7742aab009f9577ed:1761059479.722655""","Tue, 21 Oct 2025 15:11:19 GMT",
agreements/agreements_20260607_025243/ALABAMA/Autauga_County_Sheriff's_Office_/AutaugaCoSheriffsOfficeAL_JEM_MOA_09222025.pdf,ecb447ad646e7e0d63cc9cc10a9fd33b3cfc09757d656f127a20354125d2ad73,https://www.ice.gov/doclib/287gMOA/AutaugaCoSheriffsOfficeAL_JEM_MOA_09222025.pdf,2026-09-12T21:01:46Z,ALABAMA,Autauga County Sheriff's Office,AutaugaCoSheriffsOfficeAL_JEM_MOA_09222025.pdf,MOA; revalidated; bytes identical,"""aec0d747eac0f69c58aab3cbd8238474:1763153307.56152""","Fri, 14 Nov 2025 20:48:27 GMT",
agreements/agreements_20260607_025243/ALABAMA/Autauga_County_Sheriff's_Office_/AutaugaCoSheriffsOfficeAL_WSO_MOA_09222025.pdf,35c6aea819b2b67a427886a27f47497916cf2052149522bd04fc0d306ae09c32,https://www.ice.gov/doclib/287gMOA/AutaugaCoSheriffsOfficeAL_WSO_MOA_09222025.pdf,2026-09-12T21:01:46Z,ALABAMA,Autauga County Sheriff's Office,AutaugaCoSheriffsOfficeAL_WSO_MOA_09222025.pdf,MOA; revalidated; bytes identical,"""16fdc00d69e7524818f49ec4efc2681e:1763153390.508443""","Fri, 14 Nov 2025 20:49:50 GMT",
agreements/agreements_20260607_025243/ALABAMA/Baldwin_County_Sheriff's_Office/BaldwinCoSheriffsOfficeAL_TFM_MOA_10172025.pdf,189e92504ff032376d6861cef559e47ddb5b48e98d2530c6ee0828eb1fcdf99e,https://www.ice.gov/doclib/287gMOA/BaldwinCoSheriffsOfficeAL_TFM_MOA_10172025.pdf,2026-09-12T21:01:47Z,ALABAMA,Baldwin County Sheriff's Office,BaldwinCoSheriffsOfficeAL_TFM_MOA_10172025.pdf,MOA; revalidated; bytes identical,"""46d1ec7032c85b81f32f4a61667526b1:1763153395.270836""","Fri, 14 Nov 2025 20:49:55 GMT",
agreements/agreements_20260607_025243/ALABAMA/Franklin_County_Sheriff's_Office/FranklinCoSheriffsOfficeAL_TFM_MOA_1162025.pdf,f4ee93d808c43bf1b8b7729dc780412ee1c316d028d4fd220cb658a2ec2b664b,https://www.ice.gov/doclib/287gMOA/FranklinCoSheriffsOfficeAL_TFM_MOA_1162025.pdf,2026-09-12T21:01:47Z,ALABAMA,Franklin County Sheriff's Office,FranklinCoSheriffsOfficeAL_TFM_MOA_1162025.pdf,MOA; revalidated; bytes identical,"""8a0c1bc53c5b189967a8ca1c5263270c:1763153392.710672""","Fri, 14 Nov 2025 20:49:52 GMT",
agreements/agreements_20260607_025243/TEXAS/Galveston_County_Constable's_Office_Pct.4/GalvestonCoPrecinct4ConstablesOfficeTX_TFM_MOA_09092025.pdf,374a1bab03e3f24d780e18f49425705a6e778583edb780c87f1af59f7b6744b0,https://www.ice.gov/doclib/287gMOA/GalvestonCoPrecinct4ConstablesOfficeTX_TFM_MOA_09092025.pdf,2026-09-12T21:01:47Z,TEXAS,Galveston County Constable's Office Pct.4,GalvestonCoPrecinct4ConstablesOfficeTX_TFM_MOA_09092025.pdf,MOA; revalidated; bytes identical,"""a5fef3c60510d20d7d6205f904420ee2:1763153394.569978""","Fri, 14 Nov 2025 20:49:54 GMT",
agreements/agreements_20260607_025243/ALABAMA/Lanett_Police_Department_/LanettPoliceDeptAL_TFM_MOA_09222025.pdf,5750532561818b9ef8b607b577adbbc78c6c2025cfdeed394342bf33ff338e16,https://www.ice.gov/doclib/287gMOA/LanettPoliceDeptAL_TFM_MOA_09222025.pdf,2026-09-12T21:01:48Z,ALABAMA,Lanett Police Department,LanettPoliceDeptAL_TFM_MOA_09222025.pdf,MOA; revalidated; bytes identical,"""0d33ba0c8956546e6421438b85ffb8e3:1763153393.643485""","Fri, 14 Nov 2025 20:49:53 GMT",
agreements/agreements_20260607_025243/ALABAMA/Lauderdale_County_Sheriff's_Office/LauderdaleCoSheriffsOfficeAL_TFM_MOA_10172025.pdf,c70de1363e8fc12fb644308898ce4313387e738f10f40d81866000d99e264959,https://www.ice.gov/doclib/287gMOA/LauderdaleCoSheriffsOfficeAL_TFM_MOA_10172025.pdf,2026-09-12T21:01:48Z,ALABAMA,Lauderdale County Sheriff's Office,LauderdaleCoSheriffsOfficeAL_TFM_MOA_10172025.pdf,MOA; revalidated; bytes identical,"""a7eb01e12cf98fe14ba51fc5f902d613:1763153393.897048""","Fri, 14 Nov 2025 20:49:53 GMT",
agreements/agreements_20260607_025243/ALABAMA/Marshall_County_Sheriff's_Office_/MarshallCoSheriffsOfficeAL_JEM_MOA_09222025.pdf,8aa2f797d77bd3fd6efdbe410561b558aaf69cb3f0d8813298e0c4a392930973,https://www.ice.gov/doclib/287gMOA/MarshallCoSheriffsOfficeAL_JEM_MOA_09222025.pdf,2026-09-12T21:01:48Z,ALABAMA,Marshall County Sheriff's Office,MarshallCoSheriffsOfficeAL_JEM_MOA_09222025.pdf,MOA; revalidated; bytes identical,"""373a1535d2631d0cd6a848a1d82a50f8:1763153395.251115""","Fri, 14 Nov 2025 20:49:55 GMT",
agreements/agreements_20260607_025243/ALABAMA/Monroe_County_Sheriff's_Office_/MonroeCountySheriffsOfficeAL_TFM_MOA_11042025.pdf,5f34c624b41ce077462d662923ba9df13dc6c00e0401349054e4e57aa11b7a8b,https://www.ice.gov/doclib/287gMOA/MonroeCountySheriffsOfficeAL_TFM_MOA_11042025.pdf,2026-09-12T21:01:48Z,ALABAMA,Monroe County Sheriff's Office,MonroeCountySheriffsOfficeAL_TFM_MOA_11042025.pdf,MOA; revalidated; bytes identical,"""79afb1c3c20b49c8f924a687c05952c1:1763153396.64062""","Fri, 14 Nov 2025 20:49:56 GMT",
agreements/agreements_20260607_025243/ALABAMA/Silverhill_Police_Department_/SilverhillPoliceDepartmentAL_TFM_MOA_10172025.pdf,e1ffd64d7076fd18c1a762ca485c807fa38a1c106ca6e6e3d2969c829123dab6,https://www.ice.gov/doclib/287gMOA/SilverhillPoliceDepartmentAL_TFM_MOA_10172025.pdf,2026-09-12T21:01:49Z,ALABAMA,Silverhill Police Department,SilverhillPoliceDepartmentAL_TFM_MOA_10172025.pdf,MOA; revalidated; bytes identical,"""ba84c5c6c490cbdd71ca45c541416076:1763153399.269947""","Fri, 14 Nov 2025 20:49:59 GMT",
agreements/agreements_20260607_025243/PENNSYLVANIA/Susquehanna_Regional_Police_Department/SusquehannaRegionalPoliceDeptPA_TFM_MOA_09092025.pdf,7b97006bf2e3cd8bfbd953d406b529f257e59d9b04d06dcb0614947141f43058,https://www.ice.gov/doclib/287gMOA/SusquehannaRegionalPoliceDeptPA_TFM_MOA_09092025.pdf,2026-09-12T21:01:49Z,PENNSYLVANIA,Susquehanna Regional Police Department,SusquehannaRegionalPoliceDeptPA_TFM_MOA_09092025.pdf,MOA; revalidated; bytes identical,"""e271003599e73b8f04ec3465f32c8391:1763153399.029445""","Fri, 14 Nov 2025 20:49:59 GMT",
agreements/agreements_20260912_135704/OKLAHOMA/Tulsa_County_Sheriff's_Office/addendum_Tulsa_add_JEM_MOA_06082020.pdf,fdd9c6047274b959f16d36b870094fcb7f79a154261d9a24145b031d237556c3,https://www.ice.gov/doclib/287gMOA/Tulsa_add_JEM_MOA_06082020.pdf,2026-09-12T21:01:50Z,OKLAHOMA,Tulsa County Sheriff's Office,Tulsa_add_JEM_MOA_06082020.pdf,addendum; new url in sheet a405c40debaf,"""3f7ca4b210f625028b25c4cb4df7ce88:1763153397.069076""","Fri, 14 Nov 2025 20:49:57 GMT",
agreements/agreements_20260607_025243/ARKANSAS/Arkansas_National_Guard/ArkansasNationalGuardAR_TFM_MOA11042025.pdf,4fff7365932a15a78e61302798d8036a82c7f147f8604025aa96e8f679376fe2,https://www.ice.gov/doclib/287gMOA/ArkansasNationalGuardAR_TFM_MOA11042025.pdf,2026-09-12T21:01:50Z,ARKANSAS,Arkansas National Guard,ArkansasNationalGuardAR_TFM_MOA11042025.pdf,MOA; revalidated; bytes identical,"""cfcd24334d3cdae641237f16c0461004:1763403858.400048""","Mon, 17 Nov 2025 18:24:18 GMT",
agreements/agreements_20260607_025243/ARKANSAS/Cash_Police_Department_/CashPoliceDeptAR_TFM_MOA_11062025.pdf,f681b72ca2ef31fddd5be2c52ec715d10fdc48b26823b6109d4182a5a5f251e4,https://www.ice.gov/doclib/287gMOA/CashPoliceDeptAR_TFM_MOA_11062025.pdf,2026-09-12T21:01:50Z,ARKANSAS,Cash Police Department,CashPoliceDeptAR_TFM_MOA_11062025.pdf,MOA; revalidated; bytes identical,"""64136f1c593921921ba62247732d0aee:1763403858.403012""","Mon, 17 Nov 2025 18:24:18 GMT",
agreements/agreements_20260607_025243/FLORIDA/Cross_City_Police_Department_/CrossCityPoliceDeptFL_TFM_MOA_09222025.pdf,38bc01009f66d6bbf173a11da178f5c903fa9670347898a674f387da1231361e,https://www.ice.gov/doclib/287gMOA/CrossCityPoliceDeptFL_TFM_MOA_09222025.pdf,2026-09-12T21:01:50Z,FLORIDA,Cross City Police Department,CrossCityPoliceDeptFL_TFM_MOA_09222025.pdf,MOA; revalidated; bytes identical,"""05538dc0e0a8ee325eb6886f8fc5fe85:1763403859.073377""","Mon, 17 Nov 2025 18:24:19 GMT",
agreements/agreements_20260607_025243/ARKANSAS/Dallas_County_Sheriff's_Office/DallasCoSheriffsOfficeAR_TFM_MOA_09092025.pdf,7eb0f7ab4b795c0edbaaca138eee6a885729384064c754beed4b76b257e66e20,https://www.ice.gov/doclib/287gMOA/DallasCoSheriffsOfficeAR_TFM_MOA_09092025.pdf,2026-09-12T21:01:51Z,ARKANSAS,Dallas County Sheriff's Office,DallasCoSheriffsOfficeAR_TFM_MOA_09092025.pdf,MOA; revalidated; bytes identical,"""148a4cae8dd1243e3f86e2f8121272a4:1763403869.168738""","Mon, 17 Nov 2025 18:24:29 GMT",
agreements/agreements_20260607_025243/ARKANSAS/Madison_County_Sheriff's_Office_/MadisonCoSheriffsOfficeAR_WSO_MOA_10172025.pdf,a2ec774115484219133b6fc922adc147317bfcb00d89a094fc219a3fd3dddb21,https://www.ice.gov/doclib/287gMOA/MadisonCoSheriffsOfficeAR_WSO_MOA_10172025.pdf,2026-09-12T21:01:51Z,ARKANSAS,Madison County Sheriff's Office,MadisonCoSheriffsOfficeAR_WSO_MOA_10172025.pdf,MOA; revalidated; bytes identical,"""d2d5ad19041ecc1cacbebdf48fe98653:1763403863.782486""","Mon, 17 Nov 2025 18:24:23 GMT",
agreements/agreements_20260607_025243/ALABAMA/Washington_County_Sheriff's_Office/WashingtonCoSheriffsOfficeAL_TFM_MOA_10172025.pdf,2e34f8d5717326e0d79a06eca6f7dd1644192086cd9b60f10766ba83e0479875,https://www.ice.gov/doclib/287gMOA/WashingtonCoSheriffsOfficeAL_TFM_MOA_10172025.pdf,2026-09-12T21:01:51Z,ALABAMA,Washington County Sheriff's Office,WashingtonCoSheriffsOfficeAL_TFM_MOA_10172025.pdf,MOA; revalidated; bytes identical,"""78d320f23838fd97ac5f66288d65f108:1763403863.876757""","Mon, 17 Nov 2025 18:24:23 GMT",
agreements/agreements_20260607_025243/KENTUCKY/Clinton_County_Sheriff's_Office_/ClintonCoSheriffsOfficeKY_TFM_MOA_09092025.pdf,d281292482a5cd8a455d8f6270fd178e1a9d5dc7b162c926027420b4d3608ed4,https://www.ice.gov/doclib/287gMOA/ClintonCoSheriffsOfficeKY_TFM_MOA_09092025.pdf,2026-09-12T21:01:52Z,KENTUCKY,Clinton County Sheriff's Office,ClintonCoSheriffsOfficeKY_TFM_MOA_09092025.pdf,MOA; revalidated; bytes identical,"""6a22bfecf6f565cc90cfc3d63200c957:1763485037.279363""","Tue, 18 Nov 2025 16:57:17 GMT",
agreements/agreements_20260607_025243/INDIANA/Corydon_Police_Department_/CorydonPoliceDeptIN_TFM_MOA_09092025.pdf,a6ef9ed9ac99a25950dff9bac564b6fe42732a64e87bfc0e7e3ccc98c3cca0d8,https://www.ice.gov/doclib/287gMOA/CorydonPoliceDeptIN_TFM_MOA_09092025.pdf,2026-09-12T21:01:52Z,INDIANA,Corydon Police Department,CorydonPoliceDeptIN_TFM_MOA_09092025.pdf,MOA; revalidated; bytes identical,"""ac8852a54f5739a8859da5afb23948c9:1763485036.777796""","Tue, 18 Nov 2025 16:57:16 GMT",
agreements/agreements_20260607_025243/MICHIGAN/Crawford_County_Sheriff's_Office/CrawfordCoSheriffsOfficeMI_TFM_MOA_09092025.pdf,a34f601800eddc8e731c76db12ee92645861adc7940fa36fed47935446f812d2,https://www.ice.gov/doclib/287gMOA/CrawfordCoSheriffsOfficeMI_TFM_MOA_09092025.pdf,2026-09-12T21:01:52Z,MICHIGAN,Crawford County Sheriff's Office,CrawfordCoSheriffsOfficeMI_TFM_MOA_09092025.pdf,MOA; revalidated; bytes identical,"""82e5f8e117f266e31ff97aab22cb9070:1763485046.353851""","Tue, 18 Nov 2025 16:57:26 GMT",
agreements/agreements_20260607_025243/FLORIDA/Dade_City_Police_Department_/DadeCityPoliceDeptFL_TFM_MOA_11042025.pdf,27217e5fa5846e0274710f0739f6cff3a994d5767205175bc85eed3be6d016bf,https://www.ice.gov/doclib/287gMOA/DadeCityPoliceDeptFL_TFM_MOA_11042025.pdf,2026-09-12T21:01:53Z,FLORIDA,Dade City Police Department,DadeCityPoliceDeptFL_TFM_MOA_11042025.pdf,MOA; revalidated; bytes identical,"""666dbb4aa7a9e93faa652ee2cd10b5a0:1763485059.866949""","Tue, 18 Nov 2025 16:57:39 GMT",
agreements/agreements_20260607_025243/FLORIDA/Delray_Beach_Police_Department_/DelrayBeachPoliceDeptFL_TFM_MOA_11042025.pdf,361f46b795a2f1ba00c8f0cd250d69a765462ae333340a8fc04b0e9f42dc4945,https://www.ice.gov/doclib/287gMOA/DelrayBeachPoliceDeptFL_TFM_MOA_11042025.pdf,2026-09-12T21:01:53Z,FLORIDA,Delray Beach Police Department,DelrayBeachPoliceDeptFL_TFM_MOA_11042025.pdf,MOA; revalidated; bytes identical,"""09429394a815604fd4240537bf41a359:1763485073.290508""","Tue, 18 Nov 2025 16:57:53 GMT",
agreements/agreements_20260607_025243/GEORGIA/Fayette_County_Sheriff's_Office_/FayetteCoSheriffsOfficeGA_WSO_MOA_09092025.pdf,9f132d86990ea2d18b075c7c3e1854fe8f4848d55651219f6829e563dcedb278,https://www.ice.gov/doclib/287gMOA/FayetteCoSheriffsOfficeGA_WSO_MOA_09092025.pdf,2026-09-12T21:01:53Z,GEORGIA,Fayette County Sheriff's Office,FayetteCoSheriffsOfficeGA_WSO_MOA_09092025.pdf,MOA; revalidated; bytes identical,"""50d5c3f595a34af93867198d9426e182:1763485049.610195""","Tue, 18 Nov 2025 16:57:29 GMT",
agreements/agreements_20260607_025243/OKLAHOMA/Geary_Police_Department/GearyPoliceDeptOK_TFM_MOA_09092025.pdf,0b4cca3c6fd6fad4f3a8855f9e0db72bded839d408f78e934d20fcf1f8b14fd3,https://www.ice.gov/doclib/287gMOA/GearyPoliceDeptOK_TFM_MOA_09092025.pdf,2026-09-12T21:01:54Z,OKLAHOMA,Geary Police Department,GearyPoliceDeptOK_TFM_MOA_09092025.pdf,MOA; revalidated; bytes identical,"""c20d1d2f932483d1884a672dfecbc673:1763485039.075196""","Tue, 18 Nov 2025 16:57:19 GMT",
agreements/agreements_20260607_025243/INDIANA/Kennard_Police_Department_/KennardPoliceDeptIN_TFM_MOA_09092025.pdf,a4bdc134a0a8221a1fac0e2d8aaaad1290a835b9e3e6222303aa9a8b430b138c,https://www.ice.gov/doclib/287gMOA/KennardPoliceDeptIN_TFM_MOA_09092025.pdf,2026-09-12T21:01:54Z,INDIANA,Kennard Police Department,KennardPoliceDeptIN_TFM_MOA_09092025.pdf,MOA; revalidated; bytes identical,"""fd67d43212cef67bbad3fd0c72304c66:1763485042.044748""","Tue, 18 Nov 2025 16:57:22 GMT",
agreements/agreements_20260607_025243/NEBRASKA/Sioux_County_Sheriff's_Office_/SiouxCoSheriffsOfficeNE_TFM_MOA_09092025.pdf,208ca2b0f426781f5a0f5c276671d519f9268c263bd16d57bd15857298c7cd04,https://www.ice.gov/doclib/287gMOA/SiouxCoSheriffsOfficeNE_TFM_MOA_09092025.pdf,2026-09-12T21:01:54Z,NEBRASKA,Sioux County Sheriff's Office,SiouxCoSheriffsOfficeNE_TFM_MOA_09092025.pdf,MOA; revalidated; bytes identical,"""c1e2791bdd6ea16cdb9870686f6ada06:1763485059.481259""","Tue, 18 Nov 2025 16:57:39 GMT",
agreements/agreements_20260607_025243/PENNSYLVANIA/Troy_Township_PA_State_Constable_/TroyTownshipStateConstablePA_TFM_MOA_09092025.pdf,7fc3ad67917f5c24d163f4828d8efffd52401967230d5ca90ce1d1705e25fb23,https://www.ice.gov/doclib/287gMOA/TroyTownshipStateConstablePA_TFM_MOA_09092025.pdf,2026-09-12T21:01:55Z,PENNSYLVANIA,Troy Township PA State Constable,TroyTownshipStateConstablePA_TFM_MOA_09092025.pdf,MOA; revalidated; bytes identical,"""71a8d200ff22b73cf3a30e8eeea64cf8:1763485052.934446""","Tue, 18 Nov 2025 16:57:32 GMT",
agreements/agreements_20260607_025243/LOUISIANA/Hammond_Police_Department_/HammondPDLA_TFM_MOA_10172025.pdf,b55bde459fc6c219250408e0abfe038d6a081793e4e18f79c4f0b2db69ef5857,https://www.ice.gov/doclib/287gMOA/HammondPDLA_TFM_MOA_10172025.pdf,2026-09-12T21:01:55Z,LOUISIANA,Hammond Police Department,HammondPDLA_TFM_MOA_10172025.pdf,MOA; revalidated; bytes identical,"""5e1a13be1c636575ff2688474f932b69:1763999579.614559""","Mon, 24 Nov 2025 15:52:59 GMT",
agreements/agreements_20260607_025243/LOUISIANA/Hammond_Police_Department_/HammondPDLA_WSO_MOA_10172025.pdf,ba8bac43f5e56984fc109b7b784533e8a233828a163592a9fb2672dd8f6403a7,https://www.ice.gov/doclib/287gMOA/HammondPDLA_WSO_MOA_10172025.pdf,2026-09-12T21:01:55Z,LOUISIANA,Hammond Police Department,HammondPDLA_WSO_MOA_10172025.pdf,MOA; revalidated; bytes identical,"""6f03aebb0e8aaa6d77eacc13b11e5c92:1763999579.89623""","Mon, 24 Nov 2025 15:52:59 GMT",
agreements/agreements_20260607_025243/LOUISIANA/Kenner_Police_Department/KennerPDLA_TFM_MOA_10172025.pdf,7c986c1d82fe4d1d5c5e8aabf1171681844a1efeaac0c605b086caf5bb168bf3,https://www.ice.gov/doclib/287gMOA/KennerPDLA_TFM_MOA_10172025.pdf,2026-09-12T21:01:56Z,LOUISIANA,Kenner Police Department,KennerPDLA_TFM_MOA_10172025.pdf,MOA; revalidated; bytes identical,"""462c0e4ed55d1dcab07232273789a30e:1763999579.720773""","Mon, 24 Nov 2025 15:52:59 GMT",
agreements/agreements_20260607_025243/LOUISIANA/Morse_Police_Department/MorsePDLA_TFM_MOA_10172025.pdf,918a742a0f3e5adfb359677aa5a55651350c7464f3da634d7ca2dd1f68e831e2,https://www.ice.gov/doclib/287gMOA/MorsePDLA_TFM_MOA_10172025.pdf,2026-09-12T21:01:56Z,LOUISIANA,Morse Police Department,MorsePDLA_TFM_MOA_10172025.pdf,MOA; revalidated; bytes identical,"""f01ce2342239e978176b7f9d119f883a:1763999578.434579""","Mon, 24 Nov 2025 15:52:58 GMT",
agreements/agreements_20260607_025243/MISSOURI/Phelps_County_Sheriff's_Department_/PhelpsCoSDMO_TFM_MOA_10172025.pdf,80deb43ed9d849bba969b9abbf1fb2ad1fac9552fc0eaceba8d82232964da420,https://www.ice.gov/doclib/287gMOA/PhelpsCoSDMO_TFM_MOA_10172025.pdf,2026-09-12T21:01:56Z,MISSOURI,Phelps County Sheriff's Department,PhelpsCoSDMO_TFM_MOA_10172025.pdf,MOA; revalidated; bytes identical,"""738c73f96c90ab0844db966c514f5b40:1763999578.713842""","Mon, 24 Nov 2025 15:52:58 GMT",
agreements/agreements_20260607_025243/MINNESOTA/Sherburne_County_Sheriff's_Office/SherburneCountySOMN_JEM_MOA_10172025.pdf,cb75b1f246a8cf1fdb2c7b0acd84df6f87460ce09c57c0623ac4287deed40fdd,https://www.ice.gov/doclib/287gMOA/SherburneCountySOMN_JEM_MOA_10172025.pdf,2026-09-12T21:01:56Z,MINNESOTA,Sherburne County Sheriff's Office,SherburneCountySOMN_JEM_MOA_10172025.pdf,MOA; revalidated; bytes identical,"""9a1ef6c75834529f49fcd0242a9a652a:1763999578.794295""","Mon, 24 Nov 2025 15:52:58 GMT",
agreements/agreements_20260607_025243/MISSISSIPPI/Sumrall_Police_Department/SumrallPDMS_TFM_MOA_10172025.pdf,4b9853382efd083fad081809dcd70edbc9befcb3441cf0df820afa95dd582b2a,https://www.ice.gov/doclib/287gMOA/SumrallPDMS_TFM_MOA_10172025.pdf,2026-09-12T21:01:57Z,MISSISSIPPI,Sumrall Police Department,SumrallPDMS_TFM_MOA_10172025.pdf,MOA; revalidated; bytes identical,"""6cbc20ef035b24ff696bb32a1f4b94a1:1763999578.6874""","Mon, 24 Nov 2025 15:52:58 GMT",
agreements/agreements_20260607_025243/MISSOURI/Washburn_Police_Department_/WashburnPDMO_TFM_MOA_11042025.pdf,f55930fee9644e53c727779097ee847a1a9f671fe8cd6405a948606faff27d1e,https://www.ice.gov/doclib/287gMOA/WashburnPDMO_TFM_MOA_11042025.pdf,2026-09-12T21:01:57Z,MISSOURI,Washburn Police Department,WashburnPDMO_TFM_MOA_11042025.pdf,MOA; revalidated; bytes identical,"""faacd674048539eb7bf06b50ac2bedf8:1764001280.689849""","Mon, 24 Nov 2025 16:21:20 GMT",
agreements/agreements_20260607_025243/MICHIGAN/West_Branch_Police_Department_/WestBranchPDMI_TFM_MOA_11042025.pdf,475d4d8512a4fc631ff6f79c3a2b4da8573ee933997f197cc3db48c02f2523bb,https://www.ice.gov/doclib/287gMOA/WestBranchPDMI_TFM_MOA_11042025.pdf,2026-09-12T21:01:57Z,MICHIGAN,West Branch Police Department,WestBranchPDMI_TFM_MOA_11042025.pdf,MOA; revalidated; bytes identical,"""b4195557e30368abed1f72c0b3d50cbe:1763999579.905667""","Mon, 24 Nov 2025 15:52:59 GMT",
agreements/agreements_20260607_025243/KANSAS/Brown_County_Sheriff's_Office_/BrownCoSheriffsOfficeKS_JEM_MOA_11042025.pdf,0031ab41dbf279d9d571339adde2fd582a39a535fcc3a2f0bb45edde689bb8b0,https://www.ice.gov/doclib/287gMOA/BrownCoSheriffsOfficeKS_JEM_MOA_11042025.pdf,2026-09-12T21:01:58Z,KANSAS,Brown County Sheriff's Office,BrownCoSheriffsOfficeKS_JEM_MOA_11042025.pdf,MOA; revalidated; bytes identical,"""9276d8389ccfd4a46829d9ca4e3fcfd1:1763739894.229713""","Fri, 21 Nov 2025 15:44:54 GMT",
agreements/agreements_20260607_025243/KANSAS/Brown_County_Sheriff's_Office_/BrownCoSheriffsOfficeKS_TFM_MOA_11042025.pdf,888ccefb568d4944e4e137bb5e8de14dff9ff49adec17b82037d46d966f8ecbe,https://www.ice.gov/doclib/287gMOA/BrownCoSheriffsOfficeKS_TFM_MOA_11042025.pdf,2026-09-12T21:01:58Z,KANSAS,Brown County Sheriff's Office,BrownCoSheriffsOfficeKS_TFM_MOA_11042025.pdf,MOA; revalidated; bytes identical,"""f706eb0e08a3168b912c8daecb528182:1763739895.534646""","Fri, 21 Nov 2025 15:44:55 GMT",
agreements/agreements_20260607_025243/KANSAS/Brown_County_Sheriff's_Office_/BrownCoSheriffsOfficeKS_WSO_MOA_11052025.pdf,ecea5d854d09a1c772fd593f83e467457edbc11a9d805187b6470066c6d03296,https://www.ice.gov/doclib/287gMOA/BrownCoSheriffsOfficeKS_WSO_MOA_11052025.pdf,2026-09-12T21:01:58Z,KANSAS,Brown County Sheriff's Office,BrownCoSheriffsOfficeKS_WSO_MOA_11052025.pdf,MOA; revalidated; bytes identical,"""93fc0bc487a387e9c7dc2066d8f7b89c:1763739896.361301""","Fri, 21 Nov 2025 15:44:56 GMT",
agreements/agreements_20260607_025243/KANSAS/Coffeyville_Police_Department_/CoffeyvillePoliceDeptKS_TFM_MOA_11042025.pdf,db5ea522e8358fb07f29389258d8d0e12aee16c2351a2f2bc5e8bcaf1bb809f4,https://www.ice.gov/doclib/287gMOA/CoffeyvillePoliceDeptKS_TFM_MOA_11042025.pdf,2026-09-12T21:01:58Z,KANSAS,Coffeyville Police Department,CoffeyvillePoliceDeptKS_TFM_MOA_11042025.pdf,MOA; revalidated; bytes identical,"""196e33a939f55f82e65b4ea7d174715f:1763739901.916579""","Fri, 21 Nov 2025 15:45:01 GMT",
agreements/agreements_20260607_025243/KENTUCKY/Fulton_County_Sheriff's_Office_/FultonCoSheriffsOfficeKY_TFM_MOA_11102025.pdf,149bbeecfca5681ecfb67fb4be92d2ac48c35a77f14e4277b91bbabf3ba5d9b8,https://www.ice.gov/doclib/287gMOA/FultonCoSheriffsOfficeKY_TFM_MOA_11102025.pdf,2026-09-12T21:01:59Z,KENTUCKY,Fulton County Sheriff's Office,FultonCoSheriffsOfficeKY_TFM_MOA_11102025.pdf,MOA; revalidated; bytes identical,"""c40feac370570bc74baa4b29264f85fd:1763739895.069353""","Fri, 21 Nov 2025 15:44:55 GMT",
agreements/agreements_20260607_025243/INDIANA/LaGrange_Police_Department_/LaGrangePoliceDeptIN_TFM_MOA_11062025.pdf,cdfc49cbfee7e22d40544b092d5ade4f1ffe54dd9e8d4b391eb8942aa7d2ae3b,https://www.ice.gov/doclib/287gMOA/LaGrangePoliceDeptIN_TFM_MOA_11062025.pdf,2026-09-12T21:01:59Z,INDIANA,LaGrange Police Department,LaGrangePoliceDeptIN_TFM_MOA_11062025.pdf,MOA; revalidated; bytes identical,"""8b706ad75e362860bdd227bc0a0b5e58:1763739896.175308""","Fri, 21 Nov 2025 15:44:56 GMT",
agreements/agreements_20260607_025243/IOWA/Marion_County_Sheriff's_Office_/MarionCoSheriffsOfficeIA_TFM_MOA_11062025.pdf,626af913d63c1a17b5795e0b11f570f6b1cb629242df7c134697bea3568b14c8,https://www.ice.gov/doclib/287gMOA/MarionCoSheriffsOfficeIA_TFM_MOA_11062025.pdf,2026-09-12T21:01:59Z,IOWA,Marion County Sheriff's Office,MarionCoSheriffsOfficeIA_TFM_MOA_11062025.pdf,MOA; revalidated; bytes identical,"""170cc1cb0ae31fa460090bad84b6d0aa:1763739896.629815""","Fri, 21 Nov 2025 15:44:56 GMT",
agreements/agreements_20260607_025243/KANSAS/Sedgwick_County_Sheriff's_Office_/SedgwickCoSheriffsOfficeKS_WSO_MOA_11042025.pdf,997c8a0f50f515e3654c6cae84a315bec9f35335fb3bcb0889abec9df2ae4d2d,https://www.ice.gov/doclib/287gMOA/SedgwickCoSheriffsOfficeKS_WSO_MOA_11042025.pdf,2026-09-12T21:01:59Z,KANSAS,Sedgwick County Sheriff's Office,SedgwickCoSheriffsOfficeKS_WSO_MOA_11042025.pdf,MOA; revalidated; bytes identical,"""41bd9a1e1fe1fe7036b7c7d507cab7e4:1763739901.022411""","Fri, 21 Nov 2025 15:45:01 GMT",
agreements/agreements_20260607_025243/GEORGIA/Franklin_County_Sheriff's_Office/FranklinCoSheriffsOfficeGA_WSO_MOA_11102025.pdf,52e4c32a18974cb00ce6d96244728dbd94f7d607a3b0f536d7802da302e4e25a,https://www.ice.gov/doclib/287gMOA/FranklinCoSheriffsOfficeGA_WSO_MOA_11102025.pdf,2026-09-12T21:02:00Z,GEORGIA,Franklin County Sheriff's Office,FranklinCoSheriffsOfficeGA_WSO_MOA_11102025.pdf,MOA; revalidated; bytes identical,"""080befa62603e1f4f50584b7226cbde0:1763655742.175327""","Thu, 20 Nov 2025 16:22:22 GMT",
agreements/agreements_20260607_025243/FLORIDA/Fruitland_Park_Police_Department/FruitlandPoliceDeptFL_TFM_MOA_11042025.pdf,015adb4c97f9d8f6002826111b3af2e18919f469f617be74546772a7c44041ef,https://www.ice.gov/doclib/287gMOA/FruitlandPoliceDeptFL_TFM_MOA_11042025.pdf,2026-09-12T21:02:00Z,FLORIDA,Fruitland Park Police Department,FruitlandPoliceDeptFL_TFM_MOA_11042025.pdf,MOA; revalidated; bytes identical,"""fe471f204b26197287413bc15974b438:1763655749.698356""","Thu, 20 Nov 2025 16:22:29 GMT",
agreements/agreements_20260607_025243/FLORIDA/Madison_Police_Department_/MadisonPoliceDeptFL_TFM_MOA_11042025.pdf,96b9548352c3679e2bdaa1d1dbc1e9b8444e9601a9f75662cc16fcd593ba1e1e,https://www.ice.gov/doclib/287gMOA/MadisonPoliceDeptFL_TFM_MOA_11042025.pdf,2026-09-12T21:02:00Z,FLORIDA,Madison Police Department,MadisonPoliceDeptFL_TFM_MOA_11042025.pdf,MOA; revalidated; bytes identical,"""085834d7718f541c86aca463d80cce8b:1763655747.083452""","Thu, 20 Nov 2025 16:22:27 GMT",
agreements/agreements_20260607_025243/FLORIDA/Niceville_Police_Department_/NicevillePoliceDeptFL_TFM_MOA_10172025.pdf,07d6e5f230090448c96aa405428e240da1be2fb47841edf3f55749f5b94794e5,https://www.ice.gov/doclib/287gMOA/NicevillePoliceDeptFL_TFM_MOA_10172025.pdf,2026-09-12T21:02:01Z,FLORIDA,Niceville Police Department,NicevillePoliceDeptFL_TFM_MOA_10172025.pdf,MOA; revalidated; bytes identical,"""e1bb94ff7a98b8834a2b1bad01d316c4:1763655746.898715""","Thu, 20 Nov 2025 16:22:26 GMT",
agreements/agreements_20260607_025243/GEORGIA/Oglethorpe_County_Sheriff's_Office_/OglethorpeCoSheriffsOfficeGA_TFM_MOA_10172025.pdf,22584b7c9ae30d50095ee4ca731bcb2b7a1dca1958470486f6543b632fba78f5,https://www.ice.gov/doclib/287gMOA/OglethorpeCoSheriffsOfficeGA_TFM_MOA_10172025.pdf,2026-09-12T21:02:01Z,GEORGIA,Oglethorpe County Sheriff's Office,OglethorpeCoSheriffsOfficeGA_TFM_MOA_10172025.pdf,MOA; revalidated; bytes identical,"""59ab887ecf837578a90d2fee134170af:1763655745.100279""","Thu, 20 Nov 2025 16:22:25 GMT",
agreements/agreements_20260607_025243/FLORIDA/Plant_City_Police_Department_/PlantCityPoliceDeptFL_TFM_MOA_10172025.pdf,fa23b56ae3f0e05387e4436ba740d9adbf7f39d76966443fb65774492d5a6638,https://www.ice.gov/doclib/287gMOA/PlantCityPoliceDeptFL_TFM_MOA_10172025.pdf,2026-09-12T21:02:01Z,FLORIDA,Plant City Police Department,PlantCityPoliceDeptFL_TFM_MOA_10172025.pdf,MOA; revalidated; bytes identical,"""8dc95d8f91fcefd62fc62d217f580e3b:1763655745.108393""","Thu, 20 Nov 2025 16:22:25 GMT",
agreements/agreements_20260607_025243/FLORIDA/Port_Richey_Police_Department_/PortRicheyPoliceDeptFL_TFM_MOA_11062025.pdf,efa693cce98e695a2f5dd9e7fdbad893ba5e015880210023129807f39510faa6,https://www.ice.gov/doclib/287gMOA/PortRicheyPoliceDeptFL_TFM_MOA_11062025.pdf,2026-09-12T21:02:01Z,FLORIDA,Port Richey Police Department,PortRicheyPoliceDeptFL_TFM_MOA_11062025.pdf,MOA; revalidated; bytes identical,"""293061b9acee639c6ab38513c7dd1b8f:1763655746.236759""","Thu, 20 Nov 2025 16:22:26 GMT",
agreements/agreements_20260607_025243/FLORIDA/Port_Saint_Lucie_Police_Department_/PortSaintLuciePoliceDeptFL_TFM_MOA_10172025.pdf,0f6c1eda0cb2032ee674d0c0225f48d6d164b70588696c2992a989fd05e4077d,https://www.ice.gov/doclib/287gMOA/PortSaintLuciePoliceDeptFL_TFM_MOA_10172025.pdf,2026-09-12T21:02:02Z,FLORIDA,Port Saint Lucie Police Department,PortSaintLuciePoliceDeptFL_TFM_MOA_10172025.pdf,MOA; revalidated; bytes identical,"""7b2ed19f3121cddba9ea51955656120e:1763655744.983696""","Thu, 20 Nov 2025 16:22:24 GMT",
agreements/agreements_20260607_025243/GEORGIA/Social_Circle_Police_Department_/SocialCirclePoliceDeptGA_TFM_MOA_10172025.pdf,0d131a9a0cffe54191e9b6c65b6dc588199dfbbfe5f702328994272a2bd91881,https://www.ice.gov/doclib/287gMOA/SocialCirclePoliceDeptGA_TFM_MOA_10172025.pdf,2026-09-12T21:02:02Z,GEORGIA,Social Circle Police Department,SocialCirclePoliceDeptGA_TFM_MOA_10172025.pdf,MOA; revalidated; bytes identical,"""34a2fe6dd0341b470adee4087773aaaf:1763655750.533299""","Thu, 20 Nov 2025 16:22:30 GMT",
agreements/agreements_20260607_025243/MISSOURI/Southwest_City_Police_Department_/SouthwestCityPoliceDeptMO_TFM_MOA_09092025.pdf,b54628852601a6e78a962bb070dd4e595876bc67aa2bcb4912dae224c773eb58,https://www.ice.gov/doclib/287gMOA/SouthwestCityPoliceDeptMO_TFM_MOA_09092025.pdf,2026-09-12T21:02:02Z,MISSOURI,Southwest City Police Department,SouthwestCityPoliceDeptMO_TFM_MOA_09092025.pdf,MOA; revalidated; bytes identical,"""4d386a9caeb290897800234ea1874de8:1763655747.148087""","Thu, 20 Nov 2025 16:22:27 GMT",
agreements/agreements_20260607_025243/FLORIDA/Taylor_County_Sheriff's_Office/TaylorCoSheriffsOfficeFL_JEM_MOA_10172025.pdf,27065d241174d6e65d7815f46ef050505f008198dba9bf079d9a57ea04cbb50f,https://www.ice.gov/doclib/287gMOA/TaylorCoSheriffsOfficeFL_JEM_MOA_10172025.pdf,2026-09-12T21:02:03Z,FLORIDA,Taylor County Sheriff's Office,TaylorCoSheriffsOfficeFL_JEM_MOA_10172025.pdf,MOA; revalidated; bytes identical,"""662db82d1df1cf71597dbfe87bf1021a:1763655749.697935""","Thu, 20 Nov 2025 16:22:29 GMT",
agreements/agreements_20260607_025243/TEXAS/Wise_County_Sheriff's_Office/WiseCoSheriffsOfficeTX_WSO_MOA_09092025.pdf,df2237c6b4974c53fc1c676afedead78c85aa65c65241afd68be513c7f9cdf33,https://www.ice.gov/doclib/287gMOA/WiseCoSheriffsOfficeTX_WSO_MOA_09092025.pdf,2026-09-12T21:02:03Z,TEXAS,Wise County Sheriff's Office,WiseCoSheriffsOfficeTX_WSO_MOA_09092025.pdf,MOA; revalidated; bytes identical,"""c5b509fbbe596518d9b946c29f04b244:1763575682.379347""","Wed, 19 Nov 2025 18:08:02 GMT",
agreements/agreements_20260607_025243/TENNESSEE/Clay_County_Sheriff's_Office_/ClayCoSheriffsOfficeTN_WSO_MOA_0992025.pdf,8349b958eed04a0041778d7edeab4e0499dac5f65c63ed5d63e48222f02aa02e,https://www.ice.gov/doclib/287gMOA/ClayCoSheriffsOfficeTN_WSO_MOA_0992025.pdf,2026-09-12T21:02:03Z,TENNESSEE,Clay County Sheriff's Office,ClayCoSheriffsOfficeTN_WSO_MOA_0992025.pdf,MOA; revalidated; bytes identical,"""39be4278c1eabd65bad7f6e44abddb29:1763567730.48314""","Wed, 19 Nov 2025 15:55:30 GMT",
agreements/agreements_20260607_025243/TEXAS/Milam_County_Sheriff's_Office/MilamCoSheriffsOfficeTX_TFM_MOA_0992025.pdf,3fa4c79e1fca20648e51ea9ec74ab8c8c38defb613d854587beb830f764e72e7,https://www.ice.gov/doclib/287gMOA/MilamCoSheriffsOfficeTX_TFM_MOA_0992025.pdf,2026-09-12T21:02:03Z,TEXAS,Milam County Sheriff's Office,MilamCoSheriffsOfficeTX_TFM_MOA_0992025.pdf,MOA; revalidated; bytes identical,"""ea0327bbd14ae11d2a76849af238f416:1763567730.890232""","Wed, 19 Nov 2025 15:55:30 GMT",
agreements/agreements_20260607_025243/GEORGIA/City_of_Morrow_Police_Department/MorrowCityPoliceDeptGA_TFM_MOA_09222025.pdf,785718b244cf750d64726afb67f744cdd41ede9e06525937409eea7a20ae6a65,https://www.ice.gov/doclib/287gMOA/MorrowCityPoliceDeptGA_TFM_MOA_09222025.pdf,2026-09-12T21:02:04Z,GEORGIA,City of Morrow Police Department,MorrowCityPoliceDeptGA_TFM_MOA_09222025.pdf,MOA; revalidated; bytes identical,"""c95ace4f086dbef3f1ab29b289482c88:1763567736.658725""","Wed, 19 Nov 2025 15:55:36 GMT",
agreements/agreements_20260607_025243/TENNESSEE/Mosheim_Police_Department_/MosheimPoliceDeptTN_TFM_MOA_09092025.pdf,aaa4905ed16b5a38da47531d1e8eb7eac6d1831fcfb9a92bb2d806f6d130ea0e,https://www.ice.gov/doclib/287gMOA/MosheimPoliceDeptTN_TFM_MOA_09092025.pdf,2026-09-12T21:02:04Z,TENNESSEE,Mosheim Police Department,MosheimPoliceDeptTN_TFM_MOA_09092025.pdf,MOA; revalidated; bytes identical,"""3ec39ede4c5175d9563f43dd697b9080:1763567739.465604""","Wed, 19 Nov 2025 15:55:39 GMT",
agreements/agreements_20260607_025243/TENNESSEE/Polk_County_Sheriff's_Office_/PolkCoSheriffsOfficeTN_WSO_MOA_0992025.pdf,942009fdde65f27717e6c93121de0056e64e2c99f45c8a332d7280eb4bfbc97b,https://www.ice.gov/doclib/287gMOA/PolkCoSheriffsOfficeTN_WSO_MOA_0992025.pdf,2026-09-12T21:02:04Z,TENNESSEE,Polk County Sheriff's Office,PolkCoSheriffsOfficeTN_WSO_MOA_0992025.pdf,MOA; revalidated; bytes identical,"""913d2cec1106584771a4d9f6819e75d7:1763567732.455619""","Wed, 19 Nov 2025 15:55:32 GMT",
agreements/agreements_20260607_025243/TEXAS/Sabine_County_Sheriff's_Office/SabineCoSheriffsOfficeTX_TFM_MOA_0992025.pdf,ccf92a73d6f7fbe512c0adc036b1683b38d181feb521de9bdac163a3a2690053,https://www.ice.gov/doclib/287gMOA/SabineCoSheriffsOfficeTX_TFM_MOA_0992025.pdf,2026-09-12T21:02:04Z,TEXAS,Sabine County Sheriff's Office,SabineCoSheriffsOfficeTX_TFM_MOA_0992025.pdf,MOA; revalidated; bytes identical,"""7582f85e347aced227d24b387655ec9a:1763567741.933153""","Wed, 19 Nov 2025 15:55:41 GMT",
agreements/agreements_20260607_025243/TEXAS/Sabine_County_Sheriff's_Office/SabineCoSheriffsOfficeTX_WSO_MOA_0992025.pdf,9235152e48c80b77136cbff22ff48ce70b1ad6d85257dde6fec36c35b18f1a80,https://www.ice.gov/doclib/287gMOA/SabineCoSheriffsOfficeTX_WSO_MOA_0992025.pdf,2026-09-12T21:02:05Z,TEXAS,Sabine County Sheriff's Office,SabineCoSheriffsOfficeTX_WSO_MOA_0992025.pdf,MOA; revalidated; bytes identical,"""76c19450318f614adce856d720ba80a2:1763567731.970607""","Wed, 19 Nov 2025 15:55:31 GMT",
agreements/agreements_20260607_025243/VIRGINIA/Tazewell_County_Sheriff's_Office/TazewellCoSheriffsOfficeVA_TFM_MOA_0992025.pdf,f2ac7822d521dae43b795697b3e8b0c0305e9d1622df6d8e2677af0e7684e3c6,https://www.ice.gov/doclib/287gMOA/TazewellCoSheriffsOfficeVA_TFM_MOA_0992025.pdf,2026-09-12T21:02:05Z,VIRGINIA,Tazewell County Sheriff's Office,TazewellCoSheriffsOfficeVA_TFM_MOA_0992025.pdf,MOA; revalidated; bytes identical,"""4e82504693f95b5b838ad618af58da05:1763567732.616289""","Wed, 19 Nov 2025 15:55:32 GMT",
agreements/agreements_20260607_025243/TEXAS/Walker_County_Constable_Pct_3/WalkerCoConstablePct3_TX_TFM_MOA_0992025.pdf,793e69ccd558beef9f10c84f0001c85b39f03473eaf2178b8eb7782a5579b9ca,https://www.ice.gov/doclib/287gMOA/WalkerCoConstablePct3_TX_TFM_MOA_0992025.pdf,2026-09-12T21:02:05Z,TEXAS,Walker County Constable Pct 3,WalkerCoConstablePct3_TX_TFM_MOA_0992025.pdf,MOA; revalidated; bytes identical,"""4defdd2dd42bf12eba2dd6d59e306b87:1763567733.91323""","Wed, 19 Nov 2025 15:55:33 GMT",
agreements/agreements_20260607_025243/TENNESSEE/Warren_County_Sheriff's_Office/WarrenCoSheriffsOfficeTN_WSO_MOA_0992025.pdf,4b19ae2496348ec37f88296c0edebda8f73d94f5a2ede97f2737a630cd4234b8,https://www.ice.gov/doclib/287gMOA/WarrenCoSheriffsOfficeTN_WSO_MOA_0992025.pdf,2026-09-12T21:02:06Z,TENNESSEE,Warren County Sheriff's Office,WarrenCoSheriffsOfficeTN_WSO_MOA_0992025.pdf,MOA; revalidated; bytes identical,"""c6209bf4fc9133d06eb4bfd4e72b04e3:1763567741.451984""","Wed, 19 Nov 2025 15:55:41 GMT",
agreements/agreements_20260607_025243/TEXAS/Washington_County_Sheriff's_Office/WashingtonCoSheriffsOfficeTX_WSO_MOA_0992025.pdf,c1509d76a921b77b909cc27cdcd4993052654872e3735cc1d8e0c0df703c7dd4,https://www.ice.gov/doclib/287gMOA/WashingtonCoSheriffsOfficeTX_WSO_MOA_0992025.pdf,2026-09-12T21:02:06Z,TEXAS,Washington County Sheriff's Office,WashingtonCoSheriffsOfficeTX_WSO_MOA_0992025.pdf,MOA; revalidated; bytes identical,"""684ea5ff26134784cc2f3194f2b06c61:1763567739.930339""","Wed, 19 Nov 2025 15:55:39 GMT",
agreements/agreements_20260607_025243/TEXAS/Wheeler_County_Sheriff's_Office/WheelerCoSheriffsOfficeTX_WSO_MOA_0992025.pdf,cb502f0f1bf149d066fc71ba891da254a10e9beb3a87133fb506f7c70a65016c,https://www.ice.gov/doclib/287gMOA/WheelerCoSheriffsOfficeTX_WSO_MOA_0992025.pdf,2026-09-12T21:02:06Z,TEXAS,Wheeler County Sheriff's Office,WheelerCoSheriffsOfficeTX_WSO_MOA_0992025.pdf,MOA; revalidated; bytes identical,"""0136d0d46b0bd94794d32081a4d450ce:1763567735.128146""","Wed, 19 Nov 2025 15:55:35 GMT",
agreements/agreements_20260607_025243/TEXAS/Wilson_County_Sheriff's_Office_/WilsonCoSheriffsOfficeTX_TFM_MOA_0992025.pdf,5a872b3d83757d5fea4d26d591114e3fb68707738750f3deb794e97b44434fcc,https://www.ice.gov/doclib/287gMOA/WilsonCoSheriffsOfficeTX_TFM_MOA_0992025.pdf,2026-09-12T21:02:06Z,TEXAS,Wilson County Sheriff's Office,WilsonCoSheriffsOfficeTX_TFM_MOA_0992025.pdf,MOA; revalidated; bytes identical,"""055a671b265d59118ceb5fab7786c9ad:1763567741.183708""","Wed, 19 Nov 2025 15:55:41 GMT",
agreements/agreements_20260607_025243/NEBRASKA/Nebraska_Department_of_Correctional_Services_/NebraskaDepartmentCorrectionalServicesNE-JEM-MOA-10-15-2025.pdf,8a2dbecf58698be760d87401b4949d8acf9e9547e6121c7cc89dec244e10696a,https://www.ice.gov/doclib/287gMOA/NebraskaDepartmentCorrectionalServicesNE-JEM-MOA-10-15-2025.pdf,2026-09-12T21:02:07Z,NEBRASKA,Nebraska Department of Correctional Services,NebraskaDepartmentCorrectionalServicesNE-JEM-MOA-10-15-2025.pdf,MOA; revalidated; bytes identical,"""a12c843f32c14aa6eff1c7af13458203:1764088188.924194""","Tue, 25 Nov 2025 16:29:48 GMT",
agreements/agreements_20260607_025243/MISSOURI/Sparta_Police_Department_/SpartaPoliceDepartmentMO-TFM-MOA-11-4-2025.pdf,20f07731cf8c46c7cbd31a968d2c4eb8aa7a71f1382b882bb36816a560306511,https://www.ice.gov/doclib/287gMOA/SpartaPoliceDepartmentMO-TFM-MOA-11-4-2025.pdf,2026-09-12T21:02:07Z,MISSOURI,Sparta Police Department,SpartaPoliceDepartmentMO-TFM-MOA-11-4-2025.pdf,MOA; revalidated; bytes identical,"""8be0920891357aa5acaa397f86c55d90:1764088187.94679""","Tue, 25 Nov 2025 16:29:47 GMT",
agreements/agreements_20260607_025243/MISSOURI/Ozark_County_Sheriff's_Office/OzarkCountySheriffsOfficeMO-WSO-MOA-11-4-2025.pdf,ccfea7c66881d4d2710baa81a308e38a70c576e145701eaf96b0618c4d6fde09,https://www.ice.gov/doclib/287gMOA/OzarkCountySheriffsOfficeMO-WSO-MOA-11-4-2025.pdf,2026-09-12T21:02:07Z,MISSOURI,Ozark County Sheriff's Office,OzarkCountySheriffsOfficeMO-WSO-MOA-11-4-2025.pdf,MOA; revalidated; bytes identical,"""40bccbd72233fd202e6d37b38de1a497:1764088188.410903""","Tue, 25 Nov 2025 16:29:48 GMT",
agreements/agreements_20260607_025243/MISSOURI/Ozark_County_Sheriff's_Office/OzarkCountySheriffsOfficeMO-TFM-MOA-11-4-2025.pdf,e22dbb1abae33429da017d6bcfd53c6668ebdb593d2e13b50133e42669313dee,https://www.ice.gov/doclib/287gMOA/OzarkCountySheriffsOfficeMO-TFM-MOA-11-4-2025.pdf,2026-09-12T21:02:08Z,MISSOURI,Ozark County Sheriff's Office,OzarkCountySheriffsOfficeMO-TFM-MOA-11-4-2025.pdf,MOA; revalidated; bytes identical,"""585a4b5c1b74cf950c3eead7ab4561ad:1764088188.066102""","Tue, 25 Nov 2025 16:29:48 GMT",
agreements/agreements_20260607_025243/NORTH_CAROLINA/Columbus_County_Sheriff's_Office/ColumbusCountySheriffsOfficeNC-TFM-MOA-9-22-2025.pdf,87295c41c754ccbe4c8d60a4b7ccf431ef5e1a5b7dfa83aca122b8142f9674ae,https://www.ice.gov/doclib/287gMOA/ColumbusCountySheriffsOfficeNC-TFM-MOA-9-22-2025.pdf,2026-09-12T21:02:08Z,NORTH CAROLINA,Columbus County Sheriff's Office,ColumbusCountySheriffsOfficeNC-TFM-MOA-9-22-2025.pdf,MOA; revalidated; bytes identical,"""ac91cebc352bbebd85fede6f7390b165:1764088187.800393""","Tue, 25 Nov 2025 16:29:47 GMT",
agreements/agreements_20260607_025243/GUAM/Office_Of_The_Attorney_General_/AttorneyGeneralOfficeGU_TFM_MOA_9222025.pdf,2ee6398a799449df04b2fc73d88aa5f25bad1fd7eb785182b1dc48161a1917eb,https://www.ice.gov/doclib/287gMOA/AttorneyGeneralOfficeGU_TFM_MOA_9222025.pdf,2026-09-12T21:02:08Z,GUAM,Office Of The Attorney General,AttorneyGeneralOfficeGU_TFM_MOA_9222025.pdf,MOA; revalidated; bytes identical,"""02c9c2fe5d68af3516d9a156b816def7:1763567351.30156""","Wed, 19 Nov 2025 15:49:11 GMT",
agreements/agreements_20260607_025243/MISSOURI/Goodman_Police_Department_/GoodmanPoliceDeptMO_TFM_MOA_09222025.pdf,33c46bf8cfd3dc5132a1127467500656a86629673d0aa1a2ebf28fda63a3de3f,https://www.ice.gov/doclib/287gMOA/GoodmanPoliceDeptMO_TFM_MOA_09222025.pdf,2026-09-12T21:02:09Z,MISSOURI,Goodman Police Department,GoodmanPoliceDeptMO_TFM_MOA_09222025.pdf,MOA; revalidated; bytes identical,"""45d0b469be6347eca577ef5812e2ec49:1763567353.02659""","Wed, 19 Nov 2025 15:49:13 GMT",
agreements/agreements_20260607_025243/MISSOURI/Goodman_Police_Department_/GoodmanPoliceDeptMO_WSO_MOA_09222025.pdf,b4998ffab31dc9a09bd3ab697ed74cbf5b43bd05fe12847f5a6d59b6ba3f7b63,https://www.ice.gov/doclib/287gMOA/GoodmanPoliceDeptMO_WSO_MOA_09222025.pdf,2026-09-12T21:02:09Z,MISSOURI,Goodman Police Department,GoodmanPoliceDeptMO_WSO_MOA_09222025.pdf,MOA; revalidated; bytes identical,"""02a2f18a2fefdbcada49443ad9d56111:1763567353.229981""","Wed, 19 Nov 2025 15:49:13 GMT",
agreements/agreements_20260607_025243/LOUISIANA/Pearl_River_Police_Department_/PearRiverPoliceDeptLA_TFM_MOA_09222025.pdf,0c7e707042ce244a8e6175d4111a7c606cedb9e16746283961a509410ec2892a,https://www.ice.gov/doclib/287gMOA/PearRiverPoliceDeptLA_TFM_MOA_09222025.pdf,2026-09-12T21:02:09Z,LOUISIANA,Pearl River Police Department,PearRiverPoliceDeptLA_TFM_MOA_09222025.pdf,MOA; revalidated; bytes identical,"""94820273f5482c397d6ff209131e1900:1763567355.179907""","Wed, 19 Nov 2025 15:49:15 GMT",
agreements/agreements_20260607_025243/KANSAS/Saline_County_Sheriff's_Office_/SalineCoSheriffsOfficeKS_WSO_MOA_09222025.pdf,781ef698698551a41d07101460721f84b4b4ce81fd820686bfdbb9585076d30d,https://www.ice.gov/doclib/287gMOA/SalineCoSheriffsOfficeKS_WSO_MOA_09222025.pdf,2026-09-12T21:02:10Z,KANSAS,Saline County Sheriff's Office,SalineCoSheriffsOfficeKS_WSO_MOA_09222025.pdf,MOA; revalidated; bytes identical,"""2f4c522239bc3459c2e73bfad4b47c2a:1763567353.429248""","Wed, 19 Nov 2025 15:49:13 GMT",
agreements/agreements_20260607_025243/MISSISSIPPI/Mississippi_Office_of_the_State_Auditor/StateAuditorOfficeMS_TFM_MOA_9222025.pdf,4879f600cde8b4751b9050fb6a94769d1c443b17239111e8403668c5f2ed9e8b,https://www.ice.gov/doclib/287gMOA/StateAuditorOfficeMS_TFM_MOA_9222025.pdf,2026-09-12T21:02:10Z,MISSISSIPPI,Mississippi Office of the State Auditor,StateAuditorOfficeMS_TFM_MOA_9222025.pdf,MOA; revalidated; bytes identical,"""94acbba07a4361d551a66625e4a6077e:1763567354.503964""","Wed, 19 Nov 2025 15:49:14 GMT",
agreements/agreements_20260607_025243/ARKANSAS/Arkansas_Department_of_Corrections/DeptOfCorrectionsAR_JEM_MOA_12022025.pdf,7efa9181ddef8d806b19a7874b56b51eb9c85ede3385c6ad2648a4c39f689c8a,https://www.ice.gov/doclib/287gMOA/DeptOfCorrectionsAR_JEM_MOA_12022025.pdf,2026-09-12T21:02:10Z,ARKANSAS,Arkansas Department of Corrections,DeptOfCorrectionsAR_JEM_MOA_12022025.pdf,MOA; revalidated; bytes identical,"""05a1468fb84c98ff607bc3719b826a1f:1765217051.365167""","Mon, 08 Dec 2025 18:04:11 GMT",
agreements/agreements_20260607_025243/ARKANSAS/Arkansas_Department_of_Corrections/DeptOfCorrectionsAR_WSO_MOA_12022025.pdf,8e37a3d7ac53c0b0f4e96ebe33f0c532b8ac53399b469831e56b683333e81818,https://www.ice.gov/doclib/287gMOA/DeptOfCorrectionsAR_WSO_MOA_12022025.pdf,2026-09-12T21:02:10Z,ARKANSAS,Arkansas Department of Corrections,DeptOfCorrectionsAR_WSO_MOA_12022025.pdf,MOA; revalidated; bytes identical,"""be7d918a8ccdacfc676b020ea3790a8e:1765217051.793208""","Mon, 08 Dec 2025 18:04:11 GMT",
agreements/agreements_20260607_025243/ALABAMA/Elberta_Police_Department_/ElbertaPoliceDeptAL_TFM_MOA_11142025.pdf,41643d869484dd1679c7538c49caa38103d58e0d5b0c90cb32e3474922e4db7d,https://www.ice.gov/doclib/287gMOA/ElbertaPoliceDeptAL_TFM_MOA_11142025.pdf,2026-09-12T21:02:11Z,ALABAMA,Elberta Police Department,ElbertaPoliceDeptAL_TFM_MOA_11142025.pdf,MOA; revalidated; bytes identical,"""e7ef3de1d83b8f68cf38a88e6be05e69:1765217051.858257""","Mon, 08 Dec 2025 18:04:11 GMT",
agreements/agreements_20260607_025243/FLORIDA/Welaka_Police_Department_/WelakaPoliceDeptFL_TFM_MOA_11192025.pdf,ab10b88da679addf6704b3a3ad764815fc675a634df62246886feae3b9d31bee,https://www.ice.gov/doclib/287gMOA/WelakaPoliceDeptFL_TFM_MOA_11192025.pdf,2026-09-12T21:02:11Z,FLORIDA,Welaka Police Department,WelakaPoliceDeptFL_TFM_MOA_11192025.pdf,MOA; revalidated; bytes identical,"""fdf38f04358c90ac0cd3a4001f4b4caf:1765217049.19519""","Mon, 08 Dec 2025 18:04:09 GMT",
agreements/agreements_20260607_025243/OKLAHOMA/Barnsdall_Police_Department/BarnsdallPDOK_TFM_MOA_0922225.pdf,653f17ea70115e25b67a7bbbac241df17ee8aba1024aaf1ed43b2a310a00e948,https://www.ice.gov/doclib/287gMOA/BarnsdallPDOK_TFM_MOA_0922225.pdf,2026-09-12T21:02:11Z,OKLAHOMA,Barnsdall Police Department,BarnsdallPDOK_TFM_MOA_0922225.pdf,MOA; revalidated; bytes identical,"""ee9d6a05b5fa525270e26e62667612e9:1764795978.463495""","Wed, 03 Dec 2025 21:06:18 GMT",
agreements/agreements_20260607_025243/TEXAS/Lavaca_County_Sheriff’s_Office/LavacaCoSO_TFM_MOA_09092025.pdf,aaea171d9be94aa5b4bb1ccd7c45aa614560d84ef66aa33afd9f500ba8ceea9a,https://www.ice.gov/doclib/287gMOA/LavacaCoSO_TFM_MOA_09092025.pdf,2026-09-12T21:02:12Z,TEXAS,Lavaca County Sheriff’s Office,LavacaCoSO_TFM_MOA_09092025.pdf,MOA; revalidated; bytes identical,"""e0b58b41dffdc027e4760e67733d76a8:1764795973.935361""","Wed, 03 Dec 2025 21:06:13 GMT",
agreements/agreements_20260607_025243/TENNESSEE/Monroe_County_Constable_District_2/MonroeCoConstableD2TN_TFM_MOA_09222025.pdf,b92b1a0e5e86f73969492a5957f7b894946c3f5095be361cbd720ca7cc7f2e7f,https://www.ice.gov/doclib/287gMOA/MonroeCoConstableD2TN_TFM_MOA_09222025.pdf,2026-09-12T21:02:12Z,TENNESSEE,Monroe County Constable District 2,MonroeCoConstableD2TN_TFM_MOA_09222025.pdf,MOA; revalidated; bytes identical,"""26623474feebb80db86600bb7eb28f71:1764795973.32539""","Wed, 03 Dec 2025 21:06:13 GMT",
agreements/agreements_20260607_025243/SOUTH_CAROLINA/Olanta_Police_Department_/OlantaPDSC_TFM_MOA_09222025.pdf,285c806e4d7902e77d5d6b4e7c417b44412410b0d3d12214aa86dc857b794b79,https://www.ice.gov/doclib/287gMOA/OlantaPDSC_TFM_MOA_09222025.pdf,2026-09-12T21:02:12Z,SOUTH CAROLINA,Olanta Police Department,OlantaPDSC_TFM_MOA_09222025.pdf,MOA; revalidated; bytes identical,"""0358939e343b2e739ca24c25e33f303f:1764795973.743424""","Wed, 03 Dec 2025 21:06:13 GMT",
agreements/agreements_20260607_025243/FLORIDA/District_Board_of_Trustees_of_Pensacola_State_College/PensacolaStateCollegeFL_TFM_MOA_09092025.pdf,685fbe1fe679a688692a30376d00add531a64a4330a3a873566cf33d1e36b4e2,https://www.ice.gov/doclib/287gMOA/PensacolaStateCollegeFL_TFM_MOA_09092025.pdf,2026-09-12T21:02:12Z,FLORIDA,District Board of Trustees of Pensacola State College,PensacolaStateCollegeFL_TFM_MOA_09092025.pdf,MOA; revalidated; bytes identical,"""8247b1b353c8f3f2dec260b86902ebbe:1764795974.369972""","Wed, 03 Dec 2025 21:06:14 GMT",
agreements/agreements_20260607_025243/MISSOURI/Washburn_Police_Department/WashburnPDMO_WSO_MOA_10172025.pdf,cf2529b97a243f6abf84a95311100e5c6a4e1d8922838912b71f2f69b4e07126,https://www.ice.gov/doclib/287gMOA/WashburnPDMO_WSO_MOA_10172025.pdf,2026-09-12T21:02:13Z,MISSOURI,Washburn Police Department,WashburnPDMO_WSO_MOA_10172025.pdf,MOA; revalidated; bytes identical,"""e9226305897d5004b5969d783282aac9:1764795973.436653""","Wed, 03 Dec 2025 21:06:13 GMT",
agreements/agreements_20260607_025243/TEXAS/Big_Sandy_Police_Departement_/BigSandyPoliceDeptTX_TFM_MOA_11062025.pdf,83fd09d3277be4e48d82833ef16728b91bdfb0d509d9e02530a949c1bbc2959e,https://www.ice.gov/doclib/287gMOA/BigSandyPoliceDeptTX_TFM_MOA_11062025.pdf,2026-09-12T21:02:13Z,TEXAS,Big Sandy Police Departement,BigSandyPoliceDeptTX_TFM_MOA_11062025.pdf,MOA; revalidated; bytes identical,"""52d7759488d9a4a39f83a94fcadefb25:1765389905.898755""","Wed, 10 Dec 2025 18:05:05 GMT",
agreements/agreements_20260607_025243/OHIO/Clermont_County_Sheriff's_Office_/ClermontCoSOOH_TFM_MOA_11042025.pdf,9e3d30667461162406a7d531554b384230a103d91320a2f09ac33aca75e19d1d,https://www.ice.gov/doclib/287gMOA/ClermontCoSOOH_TFM_MOA_11042025.pdf,2026-09-12T21:02:13Z,OHIO,Clermont County Sheriff's Office,ClermontCoSOOH_TFM_MOA_11042025.pdf,MOA; revalidated; bytes identical,"""73113861844f54dac5a1a4cce4c1e8a2:1765319006.090696""","Tue, 09 Dec 2025 22:23:26 GMT",
agreements/agreements_20260607_025243/OHIO/Gratis_Police_Department_/GratisPDOH_TFM_MOA_11042025.pdf,2fd9f5d13ead5843a80f8620ddf795b4a1a120d8077ad25860cfb82885212aaa,https://www.ice.gov/doclib/287gMOA/GratisPDOH_TFM_MOA_11042025.pdf,2026-09-12T21:02:13Z,OHIO,Gratis Police Department,GratisPDOH_TFM_MOA_11042025.pdf,MOA; revalidated; bytes identical,"""69e05dff02a6b56e30216e2939e81c68:1765319005.953192""","Tue, 09 Dec 2025 22:23:25 GMT",
agreements/agreements_20260607_025243/WYOMING/Lincoln_County_Sheriff's_Office_/LincolnCoSOWY_WSO_MOA_11042025.pdf,b288de249fadac757eebe977973b55219cc1ba873322818c2e11ae745d744a70,https://www.ice.gov/doclib/287gMOA/LincolnCoSOWY_WSO_MOA_11042025.pdf,2026-09-12T21:02:14Z,WYOMING,Lincoln County Sheriff's Office,LincolnCoSOWY_WSO_MOA_11042025.pdf,MOA; revalidated; bytes identical,"""d4b6a4fc634f29a936616ddf7b61cd44:1765319006.305598""","Tue, 09 Dec 2025 22:23:26 GMT",
agreements/agreements_20260607_025243/WEST_VIRGINIA/Mineral_County_Sheriff's_Office_/MineralCoSOWV_TFM_MOA_12082025.pdf,9536d07eb7839794646495f90579c0f027081ecc04e2739ad6c69a8fa305c2ad,https://www.ice.gov/doclib/287gMOA/MineralCoSOWV_TFM_MOA_12082025.pdf,2026-09-12T21:02:14Z,WEST VIRGINIA,Mineral County Sheriff's Office,MineralCoSOWV_TFM_MOA_12082025.pdf,MOA; revalidated; bytes identical,"""6cfa0fc809e463517c7dba19ee6d3e5e:1765319006.763171""","Tue, 09 Dec 2025 22:23:26 GMT",
agreements/agreements_20260607_025243/WEST_VIRGINIA/Putnam_County_Sheriff's_Office_/PutnamCoSOWV_TFM_MOA_11102025.pdf,651f8e07f334425432e5adf726aac1c6d92b53404068100ade62a17ae373e0b9,https://www.ice.gov/doclib/287gMOA/PutnamCoSOWV_TFM_MOA_11102025.pdf,2026-09-12T21:02:14Z,WEST VIRGINIA,Putnam County Sheriff's Office,PutnamCoSOWV_TFM_MOA_11102025.pdf,MOA; revalidated; bytes identical,"""eead231d94288a366a374dd2c71d41d3:1765319006.784471""","Tue, 09 Dec 2025 22:23:26 GMT",
agreements/agreements_20260607_025243/OHIO/Peebles_Police_Department_/PeeblesPDOH_TFM_MOA_12082025.pdf,19a6a9e8ff20ee660fc86b51c028372188dd1e5862e152ec8ee18a42c604cd3c,https://www.ice.gov/doclib/287gMOA/PeeblesPDOH_TFM_MOA_12082025.pdf,2026-09-12T21:02:15Z,OHIO,Peebles Police Department,PeeblesPDOH_TFM_MOA_12082025.pdf,MOA; revalidated; bytes identical,"""ef8ca6a715f28bd8d237bb657b1c9d54:1765319005.993759""","Tue, 09 Dec 2025 22:23:25 GMT",
agreements/agreements_20260607_025243/OHIO/Sardinia_Police_Department_/SardiniaPDOH_TFM_MOA_11142025.pdf,f83d1ce65cec461e465ff67d4ab0d632204f99d3e5e7136aea2e1c09389ff9b1,https://www.ice.gov/doclib/287gMOA/SardiniaPDOH_TFM_MOA_11142025.pdf,2026-09-12T21:02:15Z,OHIO,Sardinia Police Department,SardiniaPDOH_TFM_MOA_11142025.pdf,MOA; revalidated; bytes identical,"""736d37b30d0f1357d8a3a03e38502217:1765319007.519578""","Tue, 09 Dec 2025 22:23:27 GMT",
agreements/agreements_20260607_025243/WEST_VIRGINIA/Summersville_Police_Department_/SummersvillePDWV_TFM_MOA_12082025.pdf,d326324d517d9708e2ee95c641c9f0a85cf362f231e25893a7eb811d6a822dbe,https://www.ice.gov/doclib/287gMOA/SummersvillePDWV_TFM_MOA_12082025.pdf,2026-09-12T21:02:15Z,WEST VIRGINIA,Summersville Police Department,SummersvillePDWV_TFM_MOA_12082025.pdf,MOA; revalidated; bytes identical,"""463f73dee91a006a9867f387ab7e0d93:1765319006.577614""","Tue, 09 Dec 2025 22:23:26 GMT",
agreements/agreements_20260607_025243/OHIO/Warren_County_Sheriff's_Office_/WarrenCoSOOH_TFM_MOA_11142025.pdf,430f875de00bccfc5fca7a07b4ece6c5e5199da93793760802e99e6b99a14b94,https://www.ice.gov/doclib/287gMOA/WarrenCoSOOH_TFM_MOA_11142025.pdf,2026-09-12T21:02:15Z,OHIO,Warren County Sheriff's Office,WarrenCoSOOH_TFM_MOA_11142025.pdf,MOA; revalidated; bytes identical,"""742a78b577faaa1f7f8bf33bc43627c9:1765319007.242527""","Tue, 09 Dec 2025 22:23:27 GMT",
agreements/agreements_20260607_025243/TEXAS/Stephens_County_Sheriff's_Office_/StephensCoSheriffsOfficeTX_WSO_MOA_10172025.pdf,2108937e87eeaa5fce483070e803bca8a83b01d5ca4d39581a844f150088f0e0,https://www.ice.gov/doclib/287gMOA/StephensCoSheriffsOfficeTX_WSO_MOA_10172025.pdf,2026-09-12T21:02:16Z,TEXAS,Stephens County Sheriff's Office,StephensCoSheriffsOfficeTX_WSO_MOA_10172025.pdf,MOA; revalidated; bytes identical,"""6a8cad77b1530754f4f5d4d43d3f1c92:1765385794.92343""","Wed, 10 Dec 2025 16:56:34 GMT",
agreements/agreements_20260607_025243/TEXAS/Taylor_County_Sheriff's_Office/TaylorCoSheriffsOfficeTX_WSO_MOA_12022025.pdf,94140c105d236a6c9a5277a6d053a135f454e9cd15a14e5d8eea547d59117f24,https://www.ice.gov/doclib/287gMOA/TaylorCoSheriffsOfficeTX_WSO_MOA_12022025.pdf,2026-09-12T21:02:16Z,TEXAS,Taylor County Sheriff's Office,TaylorCoSheriffsOfficeTX_WSO_MOA_12022025.pdf,MOA; revalidated; bytes identical,"""c6ae2e2ea7ea042998f573f3a57232b0:1765385800.059573""","Wed, 10 Dec 2025 16:56:40 GMT",
agreements/agreements_20260607_025243/TEXAS/Tyler_County_Sheriff's_Office_/TylerCoSheriffsOfficeTX_WSO_MOA_11192025.pdf,dfc84d270430a496a1fdc8202cfbbe013e396aeeeacc5b3ca55a31c16fff7edb,https://www.ice.gov/doclib/287gMOA/TylerCoSheriffsOfficeTX_WSO_MOA_11192025.pdf,2026-09-12T21:02:16Z,TEXAS,Tyler County Sheriff's Office,TylerCoSheriffsOfficeTX_WSO_MOA_11192025.pdf,MOA; revalidated; bytes identical,"""bc4a92bf0aba25fdff3b4de978776d03:1765385799.325832""","Wed, 10 Dec 2025 16:56:39 GMT",
agreements/agreements_20260607_025243/TEXAS/Upshur_County_Sheriff's_Office_/UpshurCoSheriffsOfficeTX_TFM_MOA_12082025.pdf,392d31791e6961e7b20ac443caf4220980f99ea59c57e5eb4466fe4b6777e416,https://www.ice.gov/doclib/287gMOA/UpshurCoSheriffsOfficeTX_TFM_MOA_12082025.pdf,2026-09-12T21:02:16Z,TEXAS,Upshur County Sheriff's Office,UpshurCoSheriffsOfficeTX_TFM_MOA_12082025.pdf,MOA; revalidated; bytes identical,"""18297af4affbb5f39ac779aecc5bdccd:1765385797.586238""","Wed, 10 Dec 2025 16:56:37 GMT",
agreements/agreements_20260607_025243/TEXAS/Uvalde_County_Sheriff's_Office_/UvaldeCoSheriffsOfficeTX_JEM_MOA_11142025.pdf,22d028a691cd3c22d55d08457c0331adae8cda663ad21edd7dfe87f0ebbb2644,https://www.ice.gov/doclib/287gMOA/UvaldeCoSheriffsOfficeTX_JEM_MOA_11142025.pdf,2026-09-12T21:02:17Z,TEXAS,Uvalde County Sheriff's Office,UvaldeCoSheriffsOfficeTX_JEM_MOA_11142025.pdf,MOA; revalidated; bytes identical,"""ff10713b79b27c730e21cd1296e211ed:1765385803.675152""","Wed, 10 Dec 2025 16:56:43 GMT",
agreements/agreements_20260607_025243/TEXAS/Webb_County_Sheriff's_Office_/WebbCoSheriffsOfficeTX_JEM_MOA_12022025.pdf,5952dffbaaddc416cc9fe75a50eb192357f96193169240b3cee86d3ced3aaf2b,https://www.ice.gov/doclib/287gMOA/WebbCoSheriffsOfficeTX_JEM_MOA_12022025.pdf,2026-09-12T21:02:17Z,TEXAS,Webb County Sheriff's Office,WebbCoSheriffsOfficeTX_JEM_MOA_12022025.pdf,MOA; revalidated; bytes identical,"""beef56450b93d15c92869cc29896f020:1765385803.433929""","Wed, 10 Dec 2025 16:56:43 GMT",
agreements/agreements_20260607_025243/TEXAS/Zapata_County_Sheriff's_Office_/ZapataCoSheriffsOfficeTX_JEM_MOA_11062025.pdf,1b951c91cbeb85fc3bb81e5630fe10624ade8bcb92733318496e878e9839a9ca,https://www.ice.gov/doclib/287gMOA/ZapataCoSheriffsOfficeTX_JEM_MOA_11062025.pdf,2026-09-12T21:02:17Z,TEXAS,Zapata County Sheriff's Office,ZapataCoSheriffsOfficeTX_JEM_MOA_11062025.pdf,MOA; revalidated; bytes identical,"""d5fc432554832fc660c842897b627425:1765385796.702063""","Wed, 10 Dec 2025 16:56:36 GMT",
agreements/agreements_20260607_025243/TEXAS/Zapata_County_Sheriff's_Office_/ZapataCoSheriffsOfficeTX_TFM_MOA_11062025.pdf,553cece0526d733c40c2f7c4b60087b0b865a27c53fe0aad63b67a83b85a072d,https://www.ice.gov/doclib/287gMOA/ZapataCoSheriffsOfficeTX_TFM_MOA_11062025.pdf,2026-09-12T21:02:18Z,TEXAS,Zapata County Sheriff's Office,ZapataCoSheriffsOfficeTX_TFM_MOA_11062025.pdf,MOA; revalidated; bytes identical,"""3c624259cd91ea38e88cf24371f55648:1765385797.978717""","Wed, 10 Dec 2025 16:56:37 GMT",
agreements/agreements_20260607_025243/VIRGINIA/Frederick_County_Sheriff's_Office_/FrederickCoSheriffsOfficeVA_TFM_MOA_12082025.pdf,c25d20ca44a642ef571fe83fe671b4e6e9ddc9eb3f84e8bb9d8df45a91ee9fb1,https://www.ice.gov/doclib/287gMOA/FrederickCoSheriffsOfficeVA_TFM_MOA_12082025.pdf,2026-09-12T21:02:18Z,VIRGINIA,Frederick County Sheriff's Office,FrederickCoSheriffsOfficeVA_TFM_MOA_12082025.pdf,MOA; revalidated; bytes identical,"""71b8755f4a89dfb5523ab7bf026c779e:1765385429.159379""","Wed, 10 Dec 2025 16:50:29 GMT",
agreements/agreements_20260607_025243/WEST_VIRGINIA/Hampshire_County_Sheriff's_Office/HampshireCoSheriffsOfficeWV_TFM_MOA_12022025.pdf,cfd01f0ac5474433edd81364f575c8382d7fa0a78db67fac76f5e08ce2ff8360,https://www.ice.gov/doclib/287gMOA/HampshireCoSheriffsOfficeWV_TFM_MOA_12022025.pdf,2026-09-12T21:02:18Z,WEST VIRGINIA,Hampshire County Sheriff's Office,HampshireCoSheriffsOfficeWV_TFM_MOA_12022025.pdf,MOA; revalidated; bytes identical,"""52b86c3cc5ae6b989f37ea4a71a8354d:1765385430.492233""","Wed, 10 Dec 2025 16:50:30 GMT",
agreements/agreements_20260607_025243/WISCONSIN/Kewaunee_County_Sheriff's_Office/KewauneeCoSheriffsOfficeWI_JEM_MOA_09222025.pdf,aafdba12b0bbd35f50608a81ee75b00e848f5e8d5aa05d87a17d5f1078734f7b,https://www.ice.gov/doclib/287gMOA/KewauneeCoSheriffsOfficeWI_JEM_MOA_09222025.pdf,2026-09-12T21:02:18Z,WISCONSIN,Kewaunee County Sheriff's Office,KewauneeCoSheriffsOfficeWI_JEM_MOA_09222025.pdf,MOA; revalidated; bytes identical,"""74a8ca8f1fecb9d4757f1979063cff4b:1765385425.000538""","Wed, 10 Dec 2025 16:50:25 GMT",
agreements/agreements_20260607_025243/WISCONSIN/Marathon_County_Sheriff's_Office_/MarathonCoSheriffsOfficeWI_JEM_MOA_11042025.pdf,934ccb1763029fd619d8df85b254b55b8103874aaa6ed0ad7472d9ba758fd09d,https://www.ice.gov/doclib/287gMOA/MarathonCoSheriffsOfficeWI_JEM_MOA_11042025.pdf,2026-09-12T21:02:19Z,WISCONSIN,Marathon County Sheriff's Office,MarathonCoSheriffsOfficeWI_JEM_MOA_11042025.pdf,MOA; revalidated; bytes identical,"""bcafd988c0d1fa965124e49a4bbec99e:1765385429.437795""","Wed, 10 Dec 2025 16:50:29 GMT",
agreements/agreements_20260607_025243/UTAH/Sanpete_County_Sheriff's_Office_/SanpeteCoSheriffsOfficeUT_WSO_MOA_11202025.pdf,f40ea4e694392482e42ca67970bd6e5445edfaa3290a642202166ccef95416df,https://www.ice.gov/doclib/287gMOA/SanpeteCoSheriffsOfficeUT_WSO_MOA_11202025.pdf,2026-09-12T21:02:19Z,UTAH,Sanpete County Sheriff's Office,SanpeteCoSheriffsOfficeUT_WSO_MOA_11202025.pdf,MOA; revalidated; bytes identical,"""9850c705c8fa86fe2fbe10695e8300ba:1765385425.720148""","Wed, 10 Dec 2025 16:50:25 GMT",
agreements/agreements_20260607_025243/UTAH/Sevier_County_Sheriff's_Office_/SevierCoSheriffsOfficeUT_JEM_MOA_11042025.pdf,4d3f10c6af691cdee7ff720e47131c1369e5efa726b974b45863a256c5502638,https://www.ice.gov/doclib/287gMOA/SevierCoSheriffsOfficeUT_JEM_MOA_11042025.pdf,2026-09-12T21:02:19Z,UTAH,Sevier County Sheriff's Office,SevierCoSheriffsOfficeUT_JEM_MOA_11042025.pdf,MOA; revalidated; bytes identical,"""379c08d0af8a83cec72edee0dcad3aee:1765385426.654552""","Wed, 10 Dec 2025 16:50:26 GMT",
agreements/agreements_20260607_025243/UTAH/Sevier_County_Sheriff's_Office_/SevierCoSheriffsOfficeUT_WSO_MOA_11042025.pdf,99539a4a5c17c4e23d51af7b947aead3698ec252437e5471a8321ffc0c29bc8f,https://www.ice.gov/doclib/287gMOA/SevierCoSheriffsOfficeUT_WSO_MOA_11042025.pdf,2026-09-12T21:02:19Z,UTAH,Sevier County Sheriff's Office,SevierCoSheriffsOfficeUT_WSO_MOA_11042025.pdf,MOA; revalidated; bytes identical,"""a6afe9c30c8da9366306ae7fbe603612:1765385428.741866""","Wed, 10 Dec 2025 16:50:28 GMT",
agreements/agreements_20260607_025243/TEXAS/Clifton_Police_Department_/CliftonPoliceDeptTX_TFM_MOA_09222025.pdf,ecef97589a554b488f5d1aa0eb156665617bd34f75632cc8e1c1fa9977fae664,https://www.ice.gov/doclib/287gMOA/CliftonPoliceDeptTX_TFM_MOA_09222025.pdf,2026-09-12T21:02:20Z,TEXAS,Clifton Police Department,CliftonPoliceDeptTX_TFM_MOA_09222025.pdf,MOA; revalidated; bytes identical,"""92ff4c04b68fa8c04e6be3d55a4552c8:1765385024.613227""","Wed, 10 Dec 2025 16:43:44 GMT",
agreements/agreements_20260607_025243/TEXAS/Frio_County_Sheriff's_Office_/FrioCoSheriffsOfficeTX_JEM_MOA_09222025.pdf,e49e3207b14927464dc37e63083eee84710f5b9433dafd9dcae802922edc440a,https://www.ice.gov/doclib/287gMOA/FrioCoSheriffsOfficeTX_JEM_MOA_09222025.pdf,2026-09-12T21:02:20Z,TEXAS,Frio County Sheriff's Office,FrioCoSheriffsOfficeTX_JEM_MOA_09222025.pdf,MOA; revalidated; bytes identical,"""0b4468d6a169d958c9f77d026b40e38f:1765385025.340754""","Wed, 10 Dec 2025 16:43:45 GMT",
agreements/agreements_20260607_025243/TEXAS/Frio_County_Sheriff's_Office_/FrioCoSheriffsOfficeTX_TFM_MOA_09222025.pdf,6da3c087f8ec537302132014f58b0c80e0fba025f546da1cd8448e70be2e18f6,https://www.ice.gov/doclib/287gMOA/FrioCoSheriffsOfficeTX_TFM_MOA_09222025.pdf,2026-09-12T21:02:20Z,TEXAS,Frio County Sheriff's Office,FrioCoSheriffsOfficeTX_TFM_MOA_09222025.pdf,MOA; revalidated; bytes identical,"""b906ba50968227b6bc9136a38efc1ed0:1765385022.298111""","Wed, 10 Dec 2025 16:43:42 GMT",
agreements/agreements_20260607_025243/TEXAS/Frio_County_Sheriff's_Office_/FrioCoSheriffsOfficeTX_WSO_MOA_09222025.pdf,4a9fc6ae1be91d3f3bd462fa47e9b8ea73ddba9b73f3919f6b174b9f1d045fe3,https://www.ice.gov/doclib/287gMOA/FrioCoSheriffsOfficeTX_WSO_MOA_09222025.pdf,2026-09-12T21:02:21Z,TEXAS,Frio County Sheriff's Office,FrioCoSheriffsOfficeTX_WSO_MOA_09222025.pdf,MOA; revalidated; bytes identical,"""ba489d949a437e82bf36c97462fced3c:1765385024.965369""","Wed, 10 Dec 2025 16:43:44 GMT",
agreements/agreements_20260607_025243/TEXAS/League_City_Police_Department_/LeagueCityPoliceDeptTX_TFM_MOA_09222025.pdf,f158f7b9d054ecc48377c640795b0b357dfbbf20c630680089b70560bc6af474,https://www.ice.gov/doclib/287gMOA/LeagueCityPoliceDeptTX_TFM_MOA_09222025.pdf,2026-09-12T21:02:21Z,TEXAS,League City Police Department,LeagueCityPoliceDeptTX_TFM_MOA_09222025.pdf,MOA; revalidated; bytes identical,"""04c35785abe7cff79751ffe3e57a78fd:1765385029.774756""","Wed, 10 Dec 2025 16:43:49 GMT",
agreements/agreements_20260607_025243/TEXAS/League_City_Police_Department_/LeagueCityPoliceDeptTX_WSO_MOA_09222025.pdf,d6de7996991445217bf7d7c7618e5392540b9b61754b90bee14dc236f80a2895,https://www.ice.gov/doclib/287gMOA/LeagueCityPoliceDeptTX_WSO_MOA_09222025.pdf,2026-09-12T21:02:21Z,TEXAS,League City Police Department,LeagueCityPoliceDeptTX_WSO_MOA_09222025.pdf,MOA; revalidated; bytes identical,"""8b31fa2b73981416544f27465c742ca0:1765385024.341842""","Wed, 10 Dec 2025 16:43:44 GMT",
agreements/agreements_20260607_025243/TEXAS/Shelby_County_Sheriff's_Office_/ShelbyCoSheriffsOfficeTX_WSO_MOA_09222025.pdf,9ca14e2ff4131896dfd5196704914a636bc15fd84ec5059b64420863d4dbd919,https://www.ice.gov/doclib/287gMOA/ShelbyCoSheriffsOfficeTX_WSO_MOA_09222025.pdf,2026-09-12T21:02:21Z,TEXAS,Shelby County Sheriff's Office,ShelbyCoSheriffsOfficeTX_WSO_MOA_09222025.pdf,MOA; revalidated; bytes identical,"""da52044ee3e06da7815692ec34968dbd:1765385023.883082""","Wed, 10 Dec 2025 16:43:43 GMT",
agreements/agreements_20260607_025243/TEXAS/Somervell_County_Sheriff's_Office_/SomervellCoSheriffsOfficeTX_WSO_MOA_09222025.pdf,353d7e2f215cb539844cbf60f8a7f51965607bfc67991052e8f2b5496094b02d,https://www.ice.gov/doclib/287gMOA/SomervellCoSheriffsOfficeTX_WSO_MOA_09222025.pdf,2026-09-12T21:02:22Z,TEXAS,Somervell County Sheriff's Office,SomervellCoSheriffsOfficeTX_WSO_MOA_09222025.pdf,MOA; revalidated; bytes identical,"""76b641215ed87ed5d26c4fe0ccd9e3b5:1765385029.125184""","Wed, 10 Dec 2025 16:43:49 GMT",
agreements/agreements_20260607_025243/TEXAS/Wilbarger_County_Sheriff's_Office_/WilbargerCoSheriffsOfficeTX_WSO_MOA_09222025.pdf,2c7fb9909eba0476d5439224aed506f2d0cb9d0b7bbaaa1fcb1083790ad8f1a4,https://www.ice.gov/doclib/287gMOA/WilbargerCoSheriffsOfficeTX_WSO_MOA_09222025.pdf,2026-09-12T21:02:22Z,TEXAS,Wilbarger County Sheriff's Office,WilbargerCoSheriffsOfficeTX_WSO_MOA_09222025.pdf,MOA; revalidated; bytes identical,"""e0a7a22fa15cb80618ed02f3130f0017:1765385027.024712""","Wed, 10 Dec 2025 16:43:47 GMT",
agreements/agreements_20260607_025243/TEXAS/Bastrop_County_Sheriff's_Office_/BastropCoSheriffsOfficeTX_WSO_MOA_09222025.pdf,68dda16cb832e4849492febf7de05db3bfce1d0ddfec33ce01f61a02b905a357,https://www.ice.gov/doclib/287gMOA/BastropCoSheriffsOfficeTX_WSO_MOA_09222025.pdf,2026-09-12T21:02:22Z,TEXAS,Bastrop County Sheriff's Office,BastropCoSheriffsOfficeTX_WSO_MOA_09222025.pdf,MOA; revalidated; bytes identical,"""76a362c6b2f440a4d4a4606fede494ea:1765393551.34637""","Wed, 10 Dec 2025 19:05:51 GMT",
agreements/agreements_20260607_025243/TENNESSEE/Bradley_County_Constable_District_6/BradleyCoConstableDistrict6_TN_TFM_MOA_10172025.pdf,5f32445df2b4625a6c8a071fda80405e2065248576d653568e99394809943fcc,https://www.ice.gov/doclib/287gMOA/BradleyCoConstableDistrict6_TN_TFM_MOA_10172025.pdf,2026-09-12T21:02:23Z,TENNESSEE,Bradley County Constable District 6,BradleyCoConstableDistrict6_TN_TFM_MOA_10172025.pdf,MOA; revalidated; bytes identical,"""289e8292a132032cc8bbd0e3fce38a3b:1765393554.969903""","Wed, 10 Dec 2025 19:05:54 GMT",
agreements/agreements_20260607_025243/TEXAS/Eastland_County_Sheriff's_Office_/EastlandCoSheriffsOfficeTX_WSO_MOA_09222025.pdf,7915d848e5e752814a3d6fffd0db4844efc2a524ccd2091ec66dcf426268a37d,https://www.ice.gov/doclib/287gMOA/EastlandCoSheriffsOfficeTX_WSO_MOA_09222025.pdf,2026-09-12T21:02:23Z,TEXAS,Eastland County Sheriff's Office,EastlandCoSheriffsOfficeTX_WSO_MOA_09222025.pdf,MOA; revalidated; bytes identical,"""2c0dc9b9541d50814f541bf7ff1d0e37:1765393552.672946""","Wed, 10 Dec 2025 19:05:52 GMT",
agreements/agreements_20260607_025243/TENNESSEE/Franklin_County_Sheriff's_Office_/FranklinCoSheriffsOfficeTN_WSO_MOA_10172025.pdf,bdcb35abc82a5c77a67dec3e85deb5f3b43dfdeb9af2264a04a584fe1985cddf,https://www.ice.gov/doclib/287gMOA/FranklinCoSheriffsOfficeTN_WSO_MOA_10172025.pdf,2026-09-12T21:02:23Z,TENNESSEE,Franklin County Sheriff's Office,FranklinCoSheriffsOfficeTN_WSO_MOA_10172025.pdf,MOA; revalidated; bytes identical,"""c616c0de0a0c426346fd2d8d0c93f23b:1765393552.920769""","Wed, 10 Dec 2025 19:05:52 GMT",
agreements/agreements_20260607_025243/TEXAS/Galveston_County_Constable_Precinct_2/GalvestonCoConstablePrecinct%202_TX_TFM_MOA_09222025.pdf,5c0dbc5dc9601d060e9a96d10227eeb5e07e000aca2cbf47db68b8ee46a9fa97,https://www.ice.gov/doclib/287gMOA/GalvestonCoConstablePrecinct%202_TX_TFM_MOA_09222025.pdf,2026-09-12T21:02:23Z,TEXAS,Galveston County Constable Precinct 2,GalvestonCoConstablePrecinct%202_TX_TFM_MOA_09222025.pdf,MOA; revalidated; bytes identical,"""589ca22f5025238899aa1c7f0b6dbdf3:1765393555.271736""","Wed, 10 Dec 2025 19:05:55 GMT",
agreements/agreements_20260607_025243/PENNSYLVANIA/Pennsylvania_State_Constable_Office_Honey_Brook_Precinct_1/HoneyBrookConstablePrecinct1_PA_TFM_MOA_10172025.pdf,ee2d770bbc4a9c6f5bf3b724b2c685763b1b29a6554dc6bedb2249b52b3c5ad3,https://www.ice.gov/doclib/287gMOA/HoneyBrookConstablePrecinct1_PA_TFM_MOA_10172025.pdf,2026-09-12T21:02:24Z,PENNSYLVANIA,Pennsylvania State Constable Office Honey Brook Precinct 1,HoneyBrookConstablePrecinct1_PA_TFM_MOA_10172025.pdf,MOA; revalidated; bytes identical,"""db3e69090f0119628630d9a391665d61:1765393558.372153""","Wed, 10 Dec 2025 19:05:58 GMT",
agreements/agreements_20260607_025243/TEXAS/Jackson_County_Sheriff's_Office/JacksonCoSheriffsOfficeTX_TFM_MOA_10172025.pdf,7997c1e36236417db7d5bd27f2d54e50c78ad3c015d7b9b3c0a514e40f621e71,https://www.ice.gov/doclib/287gMOA/JacksonCoSheriffsOfficeTX_TFM_MOA_10172025.pdf,2026-09-12T21:02:24Z,TEXAS,Jackson County Sheriff's Office,JacksonCoSheriffsOfficeTX_TFM_MOA_10172025.pdf,MOA; revalidated; bytes identical,"""38b15e4967824ca780bdb0d57cc070a9:1765393556.810055""","Wed, 10 Dec 2025 19:05:56 GMT",
agreements/agreements_20260607_025243/TEXAS/Lamar_County_Sheriff's_Office_/LamarCoSheriffsOfficeTX_WSO_MOA_10172025.pdf,6ce72bdaa1cfd8938658d219a5626650f9f04165c331853aa594171b15ed19d8,https://www.ice.gov/doclib/287gMOA/LamarCoSheriffsOfficeTX_WSO_MOA_10172025.pdf,2026-09-12T21:02:24Z,TEXAS,Lamar County Sheriff's Office,LamarCoSheriffsOfficeTX_WSO_MOA_10172025.pdf,MOA; revalidated; bytes identical,"""2dac76d72e713e21b547c99389917e67:1765393558.79873""","Wed, 10 Dec 2025 19:05:58 GMT",
agreements/agreements_20260607_025243/TEXAS/Live_Oak_County_Sheriff's_Office_/LiveOakCoSheriffsOfficeTX_TFM_MOA_10172025.pdf,0064d76334eac9f6c9ac5a473d7de597d6da3c8f35ef6184dcd74024c524d679,https://www.ice.gov/doclib/287gMOA/LiveOakCoSheriffsOfficeTX_TFM_MOA_10172025.pdf,2026-09-12T21:02:24Z,TEXAS,Live Oak County Sheriff's Office,LiveOakCoSheriffsOfficeTX_TFM_MOA_10172025.pdf,MOA; revalidated; bytes identical,"""a7cfa2007b0e5997a4d6eca614eb3b94:1765393556.340895""","Wed, 10 Dec 2025 19:05:56 GMT",
agreements/agreements_20260607_025243/TEXAS/Williamson_County_Sheriff's_Office_/WilliamsonCoSheriffsOfficeTX_WSO_MOA_09222025.pdf,e90d1c0ae748b9ee94e2739d7e6adbcd74763b2cf065d5abc681e0f98a8ff672,https://www.ice.gov/doclib/287gMOA/WilliamsonCoSheriffsOfficeTX_WSO_MOA_09222025.pdf,2026-09-12T21:02:25Z,TEXAS,Williamson County Sheriff's Office,WilliamsonCoSheriffsOfficeTX_WSO_MOA_09222025.pdf,MOA; revalidated; bytes identical,"""fa85bc1f6377c23200d1b448e44410b4:1765393556.603167""","Wed, 10 Dec 2025 19:05:56 GMT",
agreements/agreements_20260607_025243/NORTH_DAKOTA/Renville_County_Sheriff's_Office_/RenvilleCoSheriffsOfficeND_TFM_MOA_11212025.pdf,660563afdba6f81099c8e334b25b4780faed40667d1557ffcb808398c0c67b51,https://www.ice.gov/doclib/287gMOA/RenvilleCoSheriffsOfficeND_TFM_MOA_11212025.pdf,2026-09-12T21:02:25Z,NORTH DAKOTA,Renville County Sheriff's Office,RenvilleCoSheriffsOfficeND_TFM_MOA_11212025.pdf,MOA; revalidated; bytes identical,"""edf376bf85b932205bf0495507ee2d16:1765295583.906489""","Tue, 09 Dec 2025 15:53:03 GMT",
agreements/agreements_20260607_025243/MISSOURI/Crane_Police_Department_/CranePoliceDeptMO_TFM_MOA_11202025.pdf,b747e32934d57392771d5095c9e37bc344ce525e2fe1b330826f5a160fb30934,https://www.ice.gov/doclib/287gMOA/CranePoliceDeptMO_TFM_MOA_11202025.pdf,2026-09-12T21:02:25Z,MISSOURI,Crane Police Department,CranePoliceDeptMO_TFM_MOA_11202025.pdf,MOA; revalidated; bytes identical,"""fe60fdb1b7c3e6b757c19d7eafe6da03:1765293632.976968""","Tue, 09 Dec 2025 15:20:32 GMT",
agreements/agreements_20260607_025243/NORTH_CAROLINA/Beulaville_Police_Department_/BeulavillePoliceDeptNC_TFM_MOA_10172025.pdf,f125f861d3a14fe2189205d84721f80aed1677f06ca603bee53d6f88416e4f2b,https://www.ice.gov/doclib/287gMOA/BeulavillePoliceDeptNC_TFM_MOA_10172025.pdf,2026-09-12T21:02:25Z,NORTH CAROLINA,Beulaville Police Department,BeulavillePoliceDeptNC_TFM_MOA_10172025.pdf,MOA; revalidated; bytes identical,"""050e9de0c045f61227146375e52859d8:1765293386.414123""","Tue, 09 Dec 2025 15:16:26 GMT",
agreements/agreements_20260607_025243/MISSISSIPPI/Mississippi_Department_of_Public_Safety_/DeptPublicSafetyMS_TFM_MOA_12082025.pdf,9ce5de0bb4b010a895ad9d78adf699bebd7d694c3866c9b6e3903443ee5f3e8f,https://www.ice.gov/doclib/287gMOA/DeptPublicSafetyMS_TFM_MOA_12082025.pdf,2026-09-12T21:02:26Z,MISSISSIPPI,Mississippi Department of Public Safety,DeptPublicSafetyMS_TFM_MOA_12082025.pdf,MOA; revalidated; bytes identical,"""03bd5475f26dbfbeb6781da238653da7:1765293393.709285""","Tue, 09 Dec 2025 15:16:33 GMT",
agreements/agreements_20260607_025243/MISSOURI/Lawrence_County_Sheriff's_Office_/LawrenceCoSheriffsOfficeMO_TFM_MOA_12082025.pdf,e90ff96250dfbcb5780477fdaba710d254ce27b1faa769f02999ea930bf66d64,https://www.ice.gov/doclib/287gMOA/LawrenceCoSheriffsOfficeMO_TFM_MOA_12082025.pdf,2026-09-12T21:02:26Z,MISSOURI,Lawrence County Sheriff's Office,LawrenceCoSheriffsOfficeMO_TFM_MOA_12082025.pdf,MOA; revalidated; bytes identical,"""b6ac896757cc7b2972ee2a882b9232d0:1765293382.643682""","Tue, 09 Dec 2025 15:16:22 GMT",
agreements/agreements_20260607_025243/KENTUCKY/Montgomery_County_Sheriff's_Office_/MontgomeryCoSheriffsOfficeKY_TFM_MOA_12082025.pdf,d22172c2aca4ac4fcebad889e1b0f3409081d03905ad8fffca07d7fa7397d865,https://www.ice.gov/doclib/287gMOA/MontgomeryCoSheriffsOfficeKY_TFM_MOA_12082025.pdf,2026-09-12T21:02:26Z,KENTUCKY,Montgomery County Sheriff's Office,MontgomeryCoSheriffsOfficeKY_TFM_MOA_12082025.pdf,MOA; revalidated; bytes identical,"""cb9442a76114003a9c8decb20aa77f16:1765293389.160054""","Tue, 09 Dec 2025 15:16:29 GMT",
agreements/agreements_20260607_025243/NORTH_CAROLINA/Newland_Police_Department_/NewlandPoliceDeptNC_TFM_MOA_10172025.pdf,871baeb694974f3d1a03238ff0afcd53012fe71a38bd8f04946d4019be1231e9,https://www.ice.gov/doclib/287gMOA/NewlandPoliceDeptNC_TFM_MOA_10172025.pdf,2026-09-12T21:02:27Z,NORTH CAROLINA,Newland Police Department,NewlandPoliceDeptNC_TFM_MOA_10172025.pdf,MOA; revalidated; bytes identical,"""f53ea339e632a212db05de71c9d2724b:1765293391.337167""","Tue, 09 Dec 2025 15:16:31 GMT",
agreements/agreements_20260607_025243/NORTH_CAROLINA/Onslow_County_Sheriff's_Office/OnslowCoSheriffsOfficeNC_TFM_MOA_11042025.pdf,54732d1394a3b44f6b7cad5d73bbf60ec6d4faeb14f642bf76b8172fb83b6ee7,https://www.ice.gov/doclib/287gMOA/OnslowCoSheriffsOfficeNC_TFM_MOA_11042025.pdf,2026-09-12T21:02:27Z,NORTH CAROLINA,Onslow County Sheriff's Office,OnslowCoSheriffsOfficeNC_TFM_MOA_11042025.pdf,MOA; revalidated; bytes identical,"""c9e9b6cc10d382738002b61bc99d8227:1765293386.17349""","Tue, 09 Dec 2025 15:16:26 GMT",
agreements/agreements_20260607_025243/KANSAS/Osage_County_Sheriff's_Office/OsageCoSheriffsOfficeKS_WSO_MOA_12082025.pdf,46d99d054bf323a1437509627bca6b2085d4a5a0c73fc54220eecbf561697552,https://www.ice.gov/doclib/287gMOA/OsageCoSheriffsOfficeKS_WSO_MOA_12082025.pdf,2026-09-12T21:02:27Z,KANSAS,Osage County Sheriff's Office,OsageCoSheriffsOfficeKS_WSO_MOA_12082025.pdf,MOA; revalidated; bytes identical,"""c769347e84a539d77e5b9ffcdf20c3f3:1765293383.864505""","Tue, 09 Dec 2025 15:16:23 GMT",
agreements/agreements_20260607_025243/KANSAS/Phillips_County_Sheriff's_Department/PhillipsCoSheriffsOfficeKS_WSO_MOA_12082025.pdf,21918ba2f7ba237d246c22aec842b91adcd027f1c10cbd8a4e04b71ef8688994,https://www.ice.gov/doclib/287gMOA/PhillipsCoSheriffsOfficeKS_WSO_MOA_12082025.pdf,2026-09-12T21:02:27Z,KANSAS,Phillips County Sheriff's Department,PhillipsCoSheriffsOfficeKS_WSO_MOA_12082025.pdf,MOA; revalidated; bytes identical,"""3333d80432a8d123e4ab028a917794d7:1765293391.028991""","Tue, 09 Dec 2025 15:16:31 GMT",
agreements/agreements_20260607_025243/NORTH_DAKOTA/Renville_County_Sheriff's_Office_/RenvilleCoSheriffsOfficeND_WSO_MOA_11212025.pdf,35d94974ec3641e71d7cb7daf4a833c48f8aebf6983271097c117f52c5f2d694,https://www.ice.gov/doclib/287gMOA/RenvilleCoSheriffsOfficeND_WSO_MOA_11212025.pdf,2026-09-12T21:02:28Z,NORTH DAKOTA,Renville County Sheriff's Office,RenvilleCoSheriffsOfficeND_WSO_MOA_11212025.pdf,MOA; revalidated; bytes identical,"""a0202511b3ffbf0f37e1197ad793ac1d:1765293389.464532""","Tue, 09 Dec 2025 15:16:29 GMT",
agreements/agreements_20260607_025243/MISSOURI/Ash_Grove_Police_Department_/AshGrovePoliceDeptMO_TFM_MOA_11192025.pdf,8735cc61de9cf3386df550f9262cbfc62bef2ae0913be0de7a0ced576c3bcc49,https://www.ice.gov/doclib/287gMOA/AshGrovePoliceDeptMO_TFM_MOA_11192025.pdf,2026-09-12T21:02:28Z,MISSOURI,Ash Grove Police Department,AshGrovePoliceDeptMO_TFM_MOA_11192025.pdf,MOA; revalidated; bytes identical,"""e360c9ffa639ca0ff075b11f471d6b2e:1765294267.720902""","Tue, 09 Dec 2025 15:31:07 GMT",
agreements/agreements_20260607_025243/MISSOURI/Ava_Police_Department_/AvaPoliceDeptMO_TFM_MOA_11192025.pdf,ab800d95921be1fae89be96b7064b014b1ecd8660d48b69195278964f4e98f69,https://www.ice.gov/doclib/287gMOA/AvaPoliceDeptMO_TFM_MOA_11192025.pdf,2026-09-12T21:02:28Z,MISSOURI,Ava Police Department,AvaPoliceDeptMO_TFM_MOA_11192025.pdf,MOA; revalidated; bytes identical,"""7ba17a7f14be9099ee5598f7b3484c57:1765294268.525548""","Tue, 09 Dec 2025 15:31:08 GMT",
agreements/agreements_20260607_025243/KANSAS/Cloud_County_Sheriff's_Department/CloudCoSheriffsOfficeKS_WSO_MOA_11202025.pdf,f6e6fbac888147ab5a7fb65b61509148c182a81e449e8b724a6b30835e4c0393,https://www.ice.gov/doclib/287gMOA/CloudCoSheriffsOfficeKS_WSO_MOA_11202025.pdf,2026-09-12T21:02:29Z,KANSAS,Cloud County Sheriff's Department,CloudCoSheriffsOfficeKS_WSO_MOA_11202025.pdf,MOA; revalidated; bytes identical,"""e1d8a0d3db12824fb29b3b1fec4c7df8:1765294262.895594""","Tue, 09 Dec 2025 15:31:02 GMT",
agreements/agreements_20260607_025243/MISSOURI/Douglas_County_Sheriff's_Office_/DouglasCoSheriffsOfficeMO_TFM_MOA_11192025.pdf,e61d54d40205d964c2a810081940934fcf8ee172c908b412be1e12fbb266e8e0,https://www.ice.gov/doclib/287gMOA/DouglasCoSheriffsOfficeMO_TFM_MOA_11192025.pdf,2026-09-12T21:02:29Z,MISSOURI,Douglas County Sheriff's Office,DouglasCoSheriffsOfficeMO_TFM_MOA_11192025.pdf,MOA; revalidated; bytes identical,"""92ee8e04e23231d8d93ee0e433f282c2:1765294266.710703""","Tue, 09 Dec 2025 15:31:06 GMT",
agreements/agreements_20260607_025243/KENTUCKY/Hickman_County_Sheriff's_Office_/HickmanCoSheriffsOfficeKY_TFM_MOA_11142025.pdf,ee6d48acc3b70fa5aaa6e9af8d65c7164d93ffb581bd5cf7d6e2126b65d19eb9,https://www.ice.gov/doclib/287gMOA/HickmanCoSheriffsOfficeKY_TFM_MOA_11142025.pdf,2026-09-12T21:02:29Z,KENTUCKY,Hickman County Sheriff's Office,HickmanCoSheriffsOfficeKY_TFM_MOA_11142025.pdf,MOA; revalidated; bytes identical,"""1dae23ab91b9fc7a9ce3d68911eda276:1765294267.590348""","Tue, 09 Dec 2025 15:31:07 GMT",
agreements/agreements_20260607_025243/KANSAS/Lyon_County_Sheriff's_Office/LyonCoSheriffsOfficeKS_WSO_MOA_12022025.pdf,ed6f3119cf015adf36f2daa8d43a13b3fbfa82f35ea8380ef85dab9facd39271,https://www.ice.gov/doclib/287gMOA/LyonCoSheriffsOfficeKS_WSO_MOA_12022025.pdf,2026-09-12T21:02:29Z,KANSAS,Lyon County Sheriff's Office,LyonCoSheriffsOfficeKS_WSO_MOA_12022025.pdf,MOA; revalidated; bytes identical,"""957a8e61ae8e12e21380c1c50f1b01d9:1765294351.297166""","Tue, 09 Dec 2025 15:32:31 GMT",
agreements/agreements_20260607_025243/FLORIDA/Midway_Police_Department_/MidwayPoliceDeptFL_TFM_MOA_11192025.pdf,fa4a6150062bca6d7314601f74b186afb0cb265e9a7101fe6d26f71742c34068,https://www.ice.gov/doclib/287gMOA/MidwayPoliceDeptFL_TFM_MOA_11192025.pdf,2026-09-12T21:02:30Z,FLORIDA,Midway Police Department,MidwayPoliceDeptFL_TFM_MOA_11192025.pdf,MOA; revalidated; bytes identical,"""ebab91f4e0913231412190a62b64bb31:1765294267.892971""","Tue, 09 Dec 2025 15:31:07 GMT",
agreements/agreements_20260607_025243/MISSOURI/Walnut_Grove_Police_Department_/WalnutGrovePoliceDeptMO_TFM_MOA_12022025.pdf,bff905d032a549580d3afe791dfd7d34c39efc986d9cecbe867622430710ce26,https://www.ice.gov/doclib/287gMOA/WalnutGrovePoliceDeptMO_TFM_MOA_12022025.pdf,2026-09-12T21:02:30Z,MISSOURI,Walnut Grove Police Department,WalnutGrovePoliceDeptMO_TFM_MOA_12022025.pdf,MOA; revalidated; bytes identical,"""30c42ed327130fb96280903f020ac12c:1765294267.076176""","Tue, 09 Dec 2025 15:31:07 GMT",
agreements/agreements_20260607_025243/KANSAS/Wathena_Police_Department/WathenaPoliceDeptKS_TFM_MOA_11142025.pdf,747a49478ff308f26da3e2dd4877ad6a3aa550dfc48283a4a7f7e805be3778de,https://www.ice.gov/doclib/287gMOA/WathenaPoliceDeptKS_TFM_MOA_11142025.pdf,2026-09-12T21:02:30Z,KANSAS,Wathena Police Department,WathenaPoliceDeptKS_TFM_MOA_11142025.pdf,MOA; revalidated; bytes identical,"""3b03aefcb4a232fa05d09a2eab0af823:1765294267.882991""","Tue, 09 Dec 2025 15:31:07 GMT",
agreements/agreements_20260607_025243/ALABAMA/Camp_Hill_Police_Department/CampHilPDAL_TFM_MOA_12082025.pdf,7a0412b97e3b69c8370e6b3cb97741e2b675d4db214adf8dbe653deddfb36c05,https://www.ice.gov/doclib/287gMOA/CampHilPDAL_TFM_MOA_12082025.pdf,2026-09-12T21:02:30Z,ALABAMA,Camp Hill Police Department,CampHilPDAL_TFM_MOA_12082025.pdf,MOA; revalidated; bytes identical,"""c4aa03f25c8f906290e343830a502235:1765228634.019595""","Mon, 08 Dec 2025 21:17:14 GMT",
agreements/agreements_20260607_025243/ALABAMA/DeKalb_County_Sheriff's_Office/DeKalbCoSO_AL_TFM_MOA_12082025.pdf,d76ce2323bbbf1d15565582565550212bd7486265bc6590f56153867b7065131,https://www.ice.gov/doclib/287gMOA/DeKalbCoSO_AL_TFM_MOA_12082025.pdf,2026-09-12T21:02:31Z,ALABAMA,DeKalb County Sheriff's Office,DeKalbCoSO_AL_TFM_MOA_12082025.pdf,MOA; revalidated; bytes identical,"""2c2499c7e67236c31dc4d7a3f077bbbf:1765228633.498161""","Mon, 08 Dec 2025 21:17:13 GMT",
agreements/agreements_20260607_025243/ALABAMA/Etowah_County_Sheriff's_Office/EtowahCoSOAL_TFM_MOA_12082025.pdf,0796e78a64f0d0a64d95fa77cde4943d56791d7febdadf8ae0338ac16446c274,https://www.ice.gov/doclib/287gMOA/EtowahCoSOAL_TFM_MOA_12082025.pdf,2026-09-12T21:02:31Z,ALABAMA,Etowah County Sheriff's Office,EtowahCoSOAL_TFM_MOA_12082025.pdf,MOA; revalidated; bytes identical,"""a29dd97f7ef624ef85665e372066cb32:1765246173.127011""","Mon, 08 Dec 2025 21:17:13 GMT",
agreements/agreements_20260607_025243/FLORIDA/Gretna_Police_Department_/GretnaPDFL_TFM_MOA_12082025.pdf,3a3b5bd33c56f4366aaf86f909204d1fdbc363b307c409f629268ded79e2a2c7,https://www.ice.gov/doclib/287gMOA/GretnaPDFL_TFM_MOA_12082025.pdf,2026-09-12T21:02:31Z,FLORIDA,Gretna Police Department,GretnaPDFL_TFM_MOA_12082025.pdf,MOA; revalidated; bytes identical,"""5a4e435e22f9bafe57d51c6420914465:1765228634.155086""","Mon, 08 Dec 2025 21:17:14 GMT",
agreements/agreements_20260607_025243/IDAHO/Washington_County_Sheriff's_Office/WashingtonCoSOID_WSO_MOA_10172025.pdf,1de6567d0f608bdf87deebb12aeda50f2ad7e6d264170cdc7b78768b8f720324,https://www.ice.gov/doclib/287gMOA/WashingtonCoSOID_WSO_MOA_10172025.pdf,2026-09-12T21:02:32Z,IDAHO,Washington County Sheriff's Office,WashingtonCoSOID_WSO_MOA_10172025.pdf,MOA; revalidated; bytes identical,"""c2989484d6b6037ced7f1ad32eb23600:1765228633.163254""","Mon, 08 Dec 2025 21:17:13 GMT",
agreements/agreements_20260607_025243/OKLAHOMA/Beggs_Police_Department_/BeggsPoliceDepOK_TFM_MOA_10172025.pdf,fd2d511ff7dd7e46cb1fe5279364c89fc0a494ffe3447c84ba25c4cfe0863be9,https://www.ice.gov/doclib/287gMOA/BeggsPoliceDepOK_TFM_MOA_10172025.pdf,2026-09-12T21:02:32Z,OKLAHOMA,Beggs Police Department,BeggsPoliceDepOK_TFM_MOA_10172025.pdf,MOA; revalidated; bytes identical,"""1f3ba53e4f1d3e357c0aec61a459f679:1766072726.930626""","Thu, 18 Dec 2025 15:45:26 GMT",
agreements/agreements_20260607_025243/TEXAS/Castro_County_Sheriff's_Office_/CastroCoSheriffsOfficeTX_WSO_MOA_10172025.pdf,d3ded99f593477bca6b3c8f41662aba5d8fbdf22b46a56bdbd61699ba16e4f33,https://www.ice.gov/doclib/287gMOA/CastroCoSheriffsOfficeTX_WSO_MOA_10172025.pdf,2026-09-12T21:02:32Z,TEXAS,Castro County Sheriff's Office,CastroCoSheriffsOfficeTX_WSO_MOA_10172025.pdf,MOA; revalidated; bytes identical,"""bdf98ba64dc8ad687774657c038c9128:1766072724.616651""","Thu, 18 Dec 2025 15:45:24 GMT",
agreements/agreements_20260607_025243/PENNSYLVANIA/Gaines_Township_PA_State_Constable_/GainesTownshipStateConstablePA_TFM_MOA_10172025.pdf,82f6f2d76808cd652faf7461b102e72293a32cc7a32fabaf0f4ca1cfceb0fcbd,https://www.ice.gov/doclib/287gMOA/GainesTownshipStateConstablePA_TFM_MOA_10172025.pdf,2026-09-12T21:02:32Z,PENNSYLVANIA,Gaines Township PA State Constable,GainesTownshipStateConstablePA_TFM_MOA_10172025.pdf,MOA; revalidated; bytes identical,"""5d29167f70221f2e26ab2a42247fd658:1766072724.805685""","Thu, 18 Dec 2025 15:45:24 GMT",
agreements/agreements_20260607_025243/TEXAS/Hopkins_County_Sheriff's_Office_/HopkinsCoSheriffsOfficeTX_WSO_MOA_10172025.pdf,6219a0c909522ec9ab4a2c310ac3e5c455b6ddff6a8fd4f02b90117a157b36eb,https://www.ice.gov/doclib/287gMOA/HopkinsCoSheriffsOfficeTX_WSO_MOA_10172025.pdf,2026-09-12T21:02:33Z,TEXAS,Hopkins County Sheriff's Office,HopkinsCoSheriffsOfficeTX_WSO_MOA_10172025.pdf,MOA; revalidated; bytes identical,"""1a5b6388e867040c7a35b6206d5a2e6e:1766072724.413752""","Thu, 18 Dec 2025 15:45:24 GMT",
agreements/agreements_20260607_025243/TEXAS/Karnes_County_Sheriff's_Office_/KarnesCoSheriffsOfficeTX_WSO_MOA_10172025.pdf,4b2602309d27bf3a4c3e491048451c6f81fb331cdaf89b485e99346d2c3060e0,https://www.ice.gov/doclib/287gMOA/KarnesCoSheriffsOfficeTX_WSO_MOA_10172025.pdf,2026-09-12T21:02:33Z,TEXAS,Karnes County Sheriff's Office,KarnesCoSheriffsOfficeTX_WSO_MOA_10172025.pdf,MOA; revalidated; bytes identical,"""3ddf5faa80ac576b9c5f961ff0dff0ab:1766072726.607216""","Thu, 18 Dec 2025 15:45:26 GMT",
agreements/agreements_20260607_025243/TENNESSEE/Sullivan_County_Sheriff's_Office/SullivanCoSheriffsOfficeTN_TFM_MOA_10172025.pdf,5bcc7f6302b46616771d8c87ca3da90c9cac68ce69128f3a038301b81de5dc5f,https://www.ice.gov/doclib/287gMOA/SullivanCoSheriffsOfficeTN_TFM_MOA_10172025.pdf,2026-09-12T21:02:33Z,TENNESSEE,Sullivan County Sheriff's Office,SullivanCoSheriffsOfficeTN_TFM_MOA_10172025.pdf,MOA; revalidated; bytes identical,"""6bef1a2bc4ec2df903e4802d87db5c81:1766072728.701151""","Thu, 18 Dec 2025 15:45:28 GMT",
agreements/agreements_20260607_025243/OKLAHOMA/Craig_County_Sheriff's_Office_/CraigCoSOOK_TFM_MOA_10172025.pdf,af4b8b2d62cad2b89479d6e7a984264220eb0afeeec3da80ba2f99a544ff2a70,https://www.ice.gov/doclib/287gMOA/CraigCoSOOK_TFM_MOA_10172025.pdf,2026-09-12T21:02:34Z,OKLAHOMA,Craig County Sheriff's Office,CraigCoSOOK_TFM_MOA_10172025.pdf,MOA; revalidated; bytes identical,"""69ad800ba2ef9dfeffd2df332c2b9cee:1766166070.27512""","Fri, 19 Dec 2025 17:41:10 GMT",
agreements/agreements_20260607_025243/TEXAS/Bastrop_County_Sheriff's_Office_/BastropCOSOTX_TFM_MOA_12082025.pdf,cdc8286215c78c458b20a9c0ed8e52067dc7ef2bb33b550133fb7ab0edd62a78,https://www.ice.gov/doclib/287gMOA/BastropCOSOTX_TFM_MOA_12082025.pdf,2026-09-12T21:02:34Z,TEXAS,Bastrop County Sheriff's Office,BastropCOSOTX_TFM_MOA_12082025.pdf,MOA; revalidated; bytes identical,"""9ee764bb133316167a2eb3d422caa5a5:1766166304.250217""","Fri, 19 Dec 2025 17:45:04 GMT",
agreements/agreements_20260607_025243/PENNSYLVANIA/Center_Township_Police_Department_/CenterTownshipPDPA_TFM_MOA_12022025.pdf,382c717d00cbe92fce3bd0ac870132cc48e7b77852325ca46d04085fb217910b,https://www.ice.gov/doclib/287gMOA/CenterTownshipPDPA_TFM_MOA_12022025.pdf,2026-09-12T21:02:34Z,PENNSYLVANIA,Center Township Police Department,CenterTownshipPDPA_TFM_MOA_12022025.pdf,MOA; revalidated; bytes identical,"""f22f7e7361269c67fb387dcf4634985f:1766166306.059009""","Fri, 19 Dec 2025 17:45:06 GMT",
agreements/agreements_20260607_025243/PENNSYLVANIA/Chippewa_Township_Police_Department_/ChippewaTownshipPDPA_TFM_MOA_12082025.pdf,36c94db467a1c8425166d1430e1cfd2850b476bfe24c0ece8e7b2ee66c6dbd26,https://www.ice.gov/doclib/287gMOA/ChippewaTownshipPDPA_TFM_MOA_12082025.pdf,2026-09-12T21:02:34Z,PENNSYLVANIA,Chippewa Township Police Department,ChippewaTownshipPDPA_TFM_MOA_12082025.pdf,MOA; revalidated; bytes identical,"""c4a8434f2da878d7d578338ae7f0b855:1766166305.40502""","Fri, 19 Dec 2025 17:45:05 GMT",
agreements/agreements_20260607_025243/TEXAS/Colorado_County_Sheriff's_Office/ColoradoCoSOTX_WSO_MOA_12022025.pdf,b80d1c5743d0ca3fd704388720e1322e36e30eac51e2c515f5a13c1ade80891f,https://www.ice.gov/doclib/287gMOA/ColoradoCoSOTX_WSO_MOA_12022025.pdf,2026-09-12T21:02:35Z,TEXAS,Colorado County Sheriff's Office,ColoradoCoSOTX_WSO_MOA_12022025.pdf,MOA; revalidated; bytes identical,"""722964c22ac8cb693aac94933b9ffc5e:1766166304.765291""","Fri, 19 Dec 2025 17:45:04 GMT",
agreements/agreements_20260607_025243/TEXAS/Guadalupe_County_Sheriff's_Office_/GuadalupeCoSOTX_JEM_MOA_12022025.pdf,d90205626ea8b47c1121be3efcf20632ab64a95d5d9a1ca6d42adaa3acce3f30,https://www.ice.gov/doclib/287gMOA/GuadalupeCoSOTX_JEM_MOA_12022025.pdf,2026-09-12T21:02:35Z,TEXAS,Guadalupe County Sheriff's Office,GuadalupeCoSOTX_JEM_MOA_12022025.pdf,MOA; revalidated; bytes identical,"""b952d6433300f36c543f6e936833057a:1766166305.561038""","Fri, 19 Dec 2025 17:45:05 GMT",
agreements/agreements_20260607_025243/TENNESSEE/Unicoi_County_Sheriff's_Office_/UnicoiCoSOTN_WSO_MOA_12022025.pdf,68e7163c5b1d17d7044781de6d4efb5fbd4fb150007f8be7ceb0d6f47b875db2,https://www.ice.gov/doclib/287gMOA/UnicoiCoSOTN_WSO_MOA_12022025.pdf,2026-09-12T21:02:35Z,TENNESSEE,Unicoi County Sheriff's Office,UnicoiCoSOTN_WSO_MOA_12022025.pdf,MOA; revalidated; bytes identical,"""b28fac6a8c3f32bf3059fb3b869fda1a:1766166305.09408""","Fri, 19 Dec 2025 17:45:05 GMT",
agreements/agreements_20260607_025243/OKLAHOMA/Weatherford_Police_Department_/WeatherfordPDOK_TFM_MOA_12082025.pdf,bfef521eef9aa67722de4106ccd00dd1708ccf3165f2c47830800bd7b09f52af,https://www.ice.gov/doclib/287gMOA/WeatherfordPDOK_TFM_MOA_12082025.pdf,2026-09-12T21:02:35Z,OKLAHOMA,Weatherford Police Department,WeatherfordPDOK_TFM_MOA_12082025.pdf,MOA; revalidated; bytes identical,"""a660192d5c2cce3982191d4078dd97bc:1766166305.356949""","Fri, 19 Dec 2025 17:45:05 GMT",
agreements/agreements_20260607_025243/TEXAS/Cuero_Police_Department_/CueroPDTX_TFM_MOA_12102025.pdf,45bac2b0cbd7b0a0b56a062429cf4e17ffb782e4b6241c53ab985831f92edf4a,https://www.ice.gov/doclib/287gMOA/CueroPDTX_TFM_MOA_12102025.pdf,2026-09-12T21:02:36Z,TEXAS,Cuero Police Department,CueroPDTX_TFM_MOA_12102025.pdf,MOA; revalidated; bytes identical,"""dc8124a77547d88d86b8ace4222b6e00:1766166992.431915""","Fri, 19 Dec 2025 17:56:32 GMT",
agreements/agreements_20260607_025243/TEXAS/Freestone_County_Constable_Precinct_2/FreestoneCoConstablePrecinct2TX_TFM_MOA_12082025.pdf,5e092642b7232683b195919a496bcd202d4a44f1fe954bf1c3ade5190baf2e29,https://www.ice.gov/doclib/287gMOA/FreestoneCoConstablePrecinct2TX_TFM_MOA_12082025.pdf,2026-09-12T21:02:36Z,TEXAS,Freestone County Constable Precinct 2,FreestoneCoConstablePrecinct2TX_TFM_MOA_12082025.pdf,MOA; revalidated; bytes identical,"""ace8dad4288930514fb2d2de6e120ac5:1766166993.391907""","Fri, 19 Dec 2025 17:56:33 GMT",
agreements/agreements_20260607_025243/OKLAHOMA/Major_County_Sheriff's_Department/MajorCoSOOK_TFM_MOA_12082025.pdf,9b48a9acf8afb2ea88d905aa8f89a4f947265a700b2fd24f7d4691b173a8f290,https://www.ice.gov/doclib/287gMOA/MajorCoSOOK_TFM_MOA_12082025.pdf,2026-09-12T21:02:36Z,OKLAHOMA,Major County Sheriff's Department,MajorCoSOOK_TFM_MOA_12082025.pdf,MOA; revalidated; bytes identical,"""c9fa1a80402a17a33fc47126371e7715:1766166992.550156""","Fri, 19 Dec 2025 17:56:32 GMT",
agreements/agreements_20260607_025243/MISSOURI/Mountain_Grove_Police_Department_/MountainGrovePDMO_TFM_MOA_12082025.pdf,e43c65db4361a330c2c36927e4615e3066520916eeb7c16bc7ceeee74d1eb2ac,https://www.ice.gov/doclib/287gMOA/MountainGrovePDMO_TFM_MOA_12082025.pdf,2026-09-12T21:02:37Z,MISSOURI,Mountain Grove Police Department,MountainGrovePDMO_TFM_MOA_12082025.pdf,MOA; revalidated; bytes identical,"""6c6156bc433ecbed549e2ea6464af3c1:1766166993.182351""","Fri, 19 Dec 2025 17:56:33 GMT",
agreements/agreements_20260607_025243/MISSOURI/Ste._Genevieve_Police_Department_/SteGenevievePDMO_TFM_MOA_12102025.pdf,48f39af3e07010f4e0228aa1fd8857d8220b28a56c3e22718a275f323021ad94,https://www.ice.gov/doclib/287gMOA/SteGenevievePDMO_TFM_MOA_12102025.pdf,2026-09-12T21:02:37Z,MISSOURI,Ste. Genevieve Police Department,SteGenevievePDMO_TFM_MOA_12102025.pdf,MOA; revalidated; bytes identical,"""8a21837cd20b5925e593bce49911f87a:1766166993.537941""","Fri, 19 Dec 2025 17:56:33 GMT",
agreements/agreements_20260607_025243/SOUTH_CAROLINA/Gaston_Police_Department_/GastonPDSC_TFM_MOA_12112025.pdf,849d668747747ddeda74a5baa87d804bf87d7407705d2619270be2d55af16ddb,https://www.ice.gov/doclib/287gMOA/GastonPDSC_TFM_MOA_12112025.pdf,2026-09-12T21:02:37Z,SOUTH CAROLINA,Gaston Police Department,GastonPDSC_TFM_MOA_12112025.pdf,MOA; revalidated; bytes identical,"""ca982b2fef755f986c0cf9e752623301:1766167247.5243""","Fri, 19 Dec 2025 18:00:47 GMT",
agreements/agreements_20260607_025243/ALABAMA/Henry_County_Sheriff's_Office/HenryCoSOAL_TFM_MOA_12112025.pdf,fe5bd9f03c852208f4552ee2f9164fcdd33f364a2ef9415b1d91e2f9c8d02e7f,https://www.ice.gov/doclib/287gMOA/HenryCoSOAL_TFM_MOA_12112025.pdf,2026-09-12T21:02:37Z,ALABAMA,Henry County Sheriff's Office,HenryCoSOAL_TFM_MOA_12112025.pdf,MOA; revalidated; bytes identical,"""282cc0c7d2ffba326f81c5fdfe482c3e:1766167247.572951""","Fri, 19 Dec 2025 18:00:47 GMT",
agreements/agreements_20260607_025243/TEXAS/Marion_County_Sheriff's_Office/MarionCoSOTX_TFM_MOA_12112025.pdf,ad341c3e85a1f9aad15bf23cd2d03a3e3ec0342f3e499fb9b626460f2437fc4a,https://www.ice.gov/doclib/287gMOA/MarionCoSOTX_TFM_MOA_12112025.pdf,2026-09-12T21:02:38Z,TEXAS,Marion County Sheriff's Office,MarionCoSOTX_TFM_MOA_12112025.pdf,MOA; revalidated; bytes identical,"""f76f5f6eec3cb7656359f8e38d0644d3:1766167247.578104""","Fri, 19 Dec 2025 18:00:47 GMT",
agreements/agreements_20260607_025243/MISSOURI/Wright_County_Sheriff's_Office_/WrightCoSOMO_TFM_MOA_12112025.pdf,46c56fec3921b4ed3b91fa314318871214402891b8c23be05323b1816fb89dcb,https://www.ice.gov/doclib/287gMOA/WrightCoSOMO_TFM_MOA_12112025.pdf,2026-09-12T21:02:38Z,MISSOURI,Wright County Sheriff's Office,WrightCoSOMO_TFM_MOA_12112025.pdf,MOA; revalidated; bytes identical,"""079dc58df23088aafab40acb265bb989:1766167248.199116""","Fri, 19 Dec 2025 18:00:48 GMT",
agreements/agreements_20260607_025243/MISSOURI/Wright_County_Sheriff's_Office_/WrightCoSOMO_WSO_MOA_12112025.pdf,2772cd4b0fda6e5efe0a5c20ad28fa0dbda471743d5175627c2baee0730cf335,https://www.ice.gov/doclib/287gMOA/WrightCoSOMO_WSO_MOA_12112025.pdf,2026-09-12T21:02:38Z,MISSOURI,Wright County Sheriff's Office,WrightCoSOMO_WSO_MOA_12112025.pdf,MOA; revalidated; bytes identical,"""b9f3abf6053c65bcdaa1ce6545fa431e:1766167248.441206""","Fri, 19 Dec 2025 18:00:48 GMT",
agreements/agreements_20260607_025243/TEXAS/Bexar_County_Constable_Precinct_3/BexarCoConstablePrecinct3TX_TFM_MOA_12122025.pdf,7e2e51401d62837905e1ea50374ec0dc5ca4490a148c6af8c927c1bd4e20f0f3,https://www.ice.gov/doclib/287gMOA/BexarCoConstablePrecinct3TX_TFM_MOA_12122025.pdf,2026-09-12T21:02:39Z,TEXAS,Bexar County Constable Precinct 3,BexarCoConstablePrecinct3TX_TFM_MOA_12122025.pdf,MOA; revalidated; bytes identical,"""df88f34914dfb1fca6f21e7890e665d7:1766167559.063421""","Fri, 19 Dec 2025 18:05:59 GMT",
agreements/agreements_20260607_025243/TEXAS/Cumby_Police_Department/CumbyPDTX_TFM_MOA_12122025.pdf,ac361a23b3bad96221431af6869dcd026db31f7afecf5012719c7bc8f5c8355c,https://www.ice.gov/doclib/287gMOA/CumbyPDTX_TFM_MOA_12122025.pdf,2026-09-12T21:02:39Z,TEXAS,Cumby Police Department,CumbyPDTX_TFM_MOA_12122025.pdf,MOA; revalidated; bytes identical,"""9ce3063fcafa875a13ade1cec17ff813:1766167560.307961""","Fri, 19 Dec 2025 18:06:00 GMT",
agreements/agreements_20260607_025243/LOUISIANA/Gueydan_Police_Department/GueydanPDLA_TFM_MOA_12122025.pdf,4e3a7026a97e44f40123a2014910df95740f24d460860f67292c67aac475a0bc,https://www.ice.gov/doclib/287gMOA/GueydanPDLA_TFM_MOA_12122025.pdf,2026-09-12T21:02:39Z,LOUISIANA,Gueydan Police Department,GueydanPDLA_TFM_MOA_12122025.pdf,MOA; revalidated; bytes identical,"""8f19da5b17f85846cf15111ffdf8a341:1766167559.324814""","Fri, 19 Dec 2025 18:05:59 GMT",
agreements/agreements_20260607_025243/ARKANSAS/Gurdon_Police_Department_/GurdonPDAT_TFM_MOA_12122025.pdf,247bea9a5ca86b79044a45befcefa061ee174ef5b8cfbf7b5e9a0afef8f8cf8b,https://www.ice.gov/doclib/287gMOA/GurdonPDAT_TFM_MOA_12122025.pdf,2026-09-12T21:02:39Z,ARKANSAS,Gurdon Police Department,GurdonPDAT_TFM_MOA_12122025.pdf,MOA; revalidated; bytes identical,"""c816f623df46b7105a8f88ffc1fefaa1:1766167560.11922""","Fri, 19 Dec 2025 18:06:00 GMT",
agreements/agreements_20260607_025243/PENNSYLVANIA/Reynoldsville_Borough_Police_Department/ReynoldsvilleBoroughPDPA_TFM_MOA_12122025.pdf,823168b9113d31407d4498fa5fcb49a4930dbf06aa36b91ba92977ded493c2d1,https://www.ice.gov/doclib/287gMOA/ReynoldsvilleBoroughPDPA_TFM_MOA_12122025.pdf,2026-09-12T21:02:40Z,PENNSYLVANIA,Reynoldsville Borough Police Department,ReynoldsvilleBoroughPDPA_TFM_MOA_12122025.pdf,MOA; revalidated; bytes identical,"""151c9baf4bc21633a197f4e97a9d99fe:1766167559.737936""","Fri, 19 Dec 2025 18:05:59 GMT",
agreements/agreements_20260607_025243/NORTH_CAROLINA/Robbins_Police_Department/RobbinsPDNC_TFM_MOA_12112025.pdf,cb1c141e4c3ded2071207baad549e2422e477e05d7ff315bd0fb59e2bdb95636,https://www.ice.gov/doclib/287gMOA/RobbinsPDNC_TFM_MOA_12112025.pdf,2026-09-12T21:02:40Z,NORTH CAROLINA,Robbins Police Department,RobbinsPDNC_TFM_MOA_12112025.pdf,MOA; revalidated; bytes identical,"""5381a7b06a1df0860970fa6c40373d9e:1766167559.539068""","Fri, 19 Dec 2025 18:05:59 GMT",
agreements/agreements_20260607_025243/TEXAS/Sherman_County_Sheriff's_Office/ShermanCoSOTX_WSO_MOA_LEA_12122025.pdf,7309586c601fcdb0b851b1da60113a564088cb04bb07e6ff36de9591ffc03312,https://www.ice.gov/doclib/287gMOA/ShermanCoSOTX_WSO_MOA_LEA_12122025.pdf,2026-09-12T21:02:40Z,TEXAS,Sherman County Sheriff's Office,ShermanCoSOTX_WSO_MOA_LEA_12122025.pdf,MOA; revalidated; bytes identical,"""5d94b07cfcb11fc46c24028e4550a043:1766167559.780018""","Fri, 19 Dec 2025 18:05:59 GMT",
agreements/agreements_20260607_025243/TEXAS/Stockdale_Marshal's_Office_/StockdaleMOTX_TFM_MOA_12112025.pdf,37d68745f896b79680fcfa12cf738c3a0b70c66dc4f4a4220403b4640091abd4,https://www.ice.gov/doclib/287gMOA/StockdaleMOTX_TFM_MOA_12112025.pdf,2026-09-12T21:02:41Z,TEXAS,Stockdale Marshal's Office,StockdaleMOTX_TFM_MOA_12112025.pdf,MOA; revalidated; bytes identical,"""63fe8a845963709874ade5ccabfe4c05:1766167560.311753""","Fri, 19 Dec 2025 18:06:00 GMT",
agreements/agreements_20260607_025243/TENNESSEE/Cocke_County_Sheriff's_Office/CockeCoSOTN_WSO_LEA_12122025.pdf,dae2542b8456ced4e87b5acab33d196728244c8733023b214da867e3d406ad46,https://www.ice.gov/doclib/287gMOA/CockeCoSOTN_WSO_LEA_12122025.pdf,2026-09-12T21:02:41Z,TENNESSEE,Cocke County Sheriff's Office,CockeCoSOTN_WSO_LEA_12122025.pdf,MOA; revalidated; bytes identical,"""56b19a2785ba06facfc0def84df28775:1766169679.491649""","Fri, 19 Dec 2025 18:41:19 GMT",
agreements/agreements_20260607_025243/WEST_VIRGINIA/Hardy_County_Sheriff's_Office_/HardyCoSOWV_TFM_MOA_12152025.pdf,84ac399f96cb21a30bdb0a938fcfb66cb4bb526c70b787278384b6c3241a9655,https://www.ice.gov/doclib/287gMOA/HardyCoSOWV_TFM_MOA_12152025.pdf,2026-09-12T21:02:41Z,WEST VIRGINIA,Hardy County Sheriff's Office,HardyCoSOWV_TFM_MOA_12152025.pdf,MOA; revalidated; bytes identical,"""2fbd4830fea69f05ba46f269c13600e3:1766169679.681966""","Fri, 19 Dec 2025 18:41:19 GMT",
agreements/agreements_20260607_025243/GEORGIA/Turner_County_Sheriff's_Office/TurnerCoSOGA_TFM_MOA_12162025.pdf,b321cb74b1162a23fabd5de9d17cb42777ad04fbb6f7eea744175700f8329779,https://www.ice.gov/doclib/287gMOA/TurnerCoSOGA_TFM_MOA_12162025.pdf,2026-09-12T21:02:42Z,GEORGIA,Turner County Sheriff's Office,TurnerCoSOGA_TFM_MOA_12162025.pdf,MOA; revalidated; bytes identical,"""1ed00305841125abec5cf0a252e7c184:1766169680.075883""","Fri, 19 Dec 2025 18:41:20 GMT",
agreements/agreements_20260607_025243/WEST_VIRGINIA/Upshur_County_Sheriff's_Office_/UpshurCoSOWV_TFM_MOA_12122025.pdf,8f05c7c26be2c96674ab583e90f97bd829d9091f2bdeaaac94aafd53eb6427a1,https://www.ice.gov/doclib/287gMOA/UpshurCoSOWV_TFM_MOA_12122025.pdf,2026-09-12T21:02:42Z,WEST VIRGINIA,Upshur County Sheriff's Office,UpshurCoSOWV_TFM_MOA_12122025.pdf,MOA; revalidated; bytes identical,"""39b0235d1c694ecaceb8fa375d9eff09:1766169679.694847""","Fri, 19 Dec 2025 18:41:19 GMT",
agreements/agreements_20260607_025243/LOUISIANA/Ward_5_Marshal's_Office/Ward5MarshalsOfficeLA_TFM_MOA_12152025.pdf,ac29a588d271256eaef34d4610762d6eacd302c3e39b0e526c9af421fb472c79,https://www.ice.gov/doclib/287gMOA/Ward5MarshalsOfficeLA_TFM_MOA_12152025.pdf,2026-09-12T21:02:43Z,LOUISIANA,Ward 5 Marshal's Office,Ward5MarshalsOfficeLA_TFM_MOA_12152025.pdf,MOA; revalidated; bytes identical,"""ab873d0f3fd1081e2bbedd775e75e7fa:1766169680.206598""","Fri, 19 Dec 2025 18:41:20 GMT",
agreements/agreements_20260607_025243/TEXAS/Alice_Police_Department_/AlicePDTX_TFM_MOA_12172025.pdf,2fdaeb5c8bd96fbfaf7e001be9a60cf99c8ac46fc42160438c708ff32d4dd82c,https://www.ice.gov/doclib/287gMOA/AlicePDTX_TFM_MOA_12172025.pdf,2026-09-12T21:02:43Z,TEXAS,Alice Police Department,AlicePDTX_TFM_MOA_12172025.pdf,MOA; revalidated; bytes identical,"""48603b878ff2b867d4d6db406482f397:1766170066.262844""","Fri, 19 Dec 2025 18:47:46 GMT",
agreements/agreements_20260607_025243/MISSOURI/Houston_Police_Department_/HoustonPD_MO_TFM_MOA12172025.pdf,2e87e31eff07af5c5afb1360338b258e426509d349cb0429e61590bd450b07b3,https://www.ice.gov/doclib/287gMOA/HoustonPD_MO_TFM_MOA12172025.pdf,2026-09-12T21:02:43Z,MISSOURI,Houston Police Department,HoustonPD_MO_TFM_MOA12172025.pdf,MOA; revalidated; bytes identical,"""581299df42125f3f3a7bb356fd261459:1766170066.350892""","Fri, 19 Dec 2025 18:47:46 GMT",
agreements/agreements_20260607_025243/TEXAS/Kleberg_County_Attorney's_Specialized_Crimes_&_Narcotics_Task_Force/KlebergCoAttorneysSpecializedCrimesNarcoticsTaskForceTX.pdf,5f104c0957ab3d2a9b87c2565de3c434512d8119171b8faef443498a1a5eb362,https://www.ice.gov/doclib/287gMOA/KlebergCoAttorneysSpecializedCrimesNarcoticsTaskForceTX.pdf,2026-09-12T21:02:43Z,TEXAS,Kleberg County Attorney's Specialized Crimes & Narcotics Task Force,KlebergCoAttorneysSpecializedCrimesNarcoticsTaskForceTX.pdf,MOA; revalidated; bytes identical,"""7384de3b7d183856c5aee7f89b576c4b:1766170066.469071""","Fri, 19 Dec 2025 18:47:46 GMT",
agreements/agreements_20260607_025243/ALABAMA/Margaret_Police_Department/MargaretPDAL_TFM_MOA12172025.pdf,333e71d067d3c6ffd3472b506dab5333a32cdd78d507a4f14459dbcfbac2b038,https://www.ice.gov/doclib/287gMOA/MargaretPDAL_TFM_MOA12172025.pdf,2026-09-12T21:02:44Z,ALABAMA,Margaret Police Department,MargaretPDAL_TFM_MOA12172025.pdf,MOA; revalidated; bytes identical,"""3844fd8498d2547cb1b94a79b2f370cd:1766170066.781978""","Fri, 19 Dec 2025 18:47:46 GMT",
agreements/agreements_20260607_025243/ARKANSAS/Pope_County_Sheriff's_Office/PopeCoSOAR_WSO_MOA_12172025.pdf,2e6b5da11e2a31110e274e9ede70132b714e48836aa72f438f3f1bfbbc027818,https://www.ice.gov/doclib/287gMOA/PopeCoSOAR_WSO_MOA_12172025.pdf,2026-09-12T21:02:44Z,ARKANSAS,Pope County Sheriff's Office,PopeCoSOAR_WSO_MOA_12172025.pdf,MOA; revalidated; bytes identical,"""f9e31468dc28fc8d4efe8a6e0f596409:1766170067.397837""","Fri, 19 Dec 2025 18:47:47 GMT",
agreements/agreements_20260607_025243/SOUTH_CAROLINA/Santee_Police_Department/SanteePDSC_TFM_MOA_12162025.pdf,e86866b46de3565ca522a2eb8629db6f59d625918628952485093cf82bac0f05,https://www.ice.gov/doclib/287gMOA/SanteePDSC_TFM_MOA_12162025.pdf,2026-09-12T21:02:44Z,SOUTH CAROLINA,Santee Police Department,SanteePDSC_TFM_MOA_12162025.pdf,MOA; revalidated; bytes identical,"""bc8918e54f1a43d1c7af4a2891e127b8:1766170066.77249""","Fri, 19 Dec 2025 18:47:46 GMT",
agreements/agreements_20260607_025243/GEORGIA/Turner_County_Sheriff's_Office/TurnerCoSOGA_JEM_MOA_12162025.pdf,509d75431cbe656ae50dd0db184ede259c586100df134120f99f684488a298af,https://www.ice.gov/doclib/287gMOA/TurnerCoSOGA_JEM_MOA_12162025.pdf,2026-09-12T21:02:44Z,GEORGIA,Turner County Sheriff's Office,TurnerCoSOGA_JEM_MOA_12162025.pdf,MOA; revalidated; bytes identical,"""076c5c5adbb8e514ebb89650a261b54d:1766170067.605297""","Fri, 19 Dec 2025 18:47:47 GMT",
agreements/agreements_20260607_025243/TEXAS/Kleberg_County_Sheriff's_Office/KlebergCountySO_TX_TFM_MOA_12182025 2.pdf,bca4bb9c99eee3e59134d0531639a8b46ad0c3781a5c434023004e0da35dd9bc,https://www.ice.gov/doclib/287gMOA/KlebergCountySO_TX_TFM_MOA_12182025.pdf,2026-09-12T21:02:45Z,TEXAS,Kleberg County Sheriff's Office,KlebergCountySO_TX_TFM_MOA_12182025 2.pdf,MOA; revalidated; bytes identical,"""4526f5966735b4c4daeae34a369bc6ae:1766170281.103467""","Fri, 19 Dec 2025 18:51:21 GMT",
agreements/agreements_20260607_025243/WEST_VIRGINIA/Oak_Hill_Police_Department/OakHillPDWV_TFM_MOA_12182025.pdf,06ff8843201ec9a76e142b91ed9d38d0c555692f4a8a7ce2d39ccca72193dc30,https://www.ice.gov/doclib/287gMOA/OakHillPDWV_TFM_MOA_12182025.pdf,2026-09-12T21:02:45Z,WEST VIRGINIA,Oak Hill Police Department,OakHillPDWV_TFM_MOA_12182025.pdf,MOA; revalidated; bytes identical,"""7ba6bcc6a7020339586a9ddc7ba720e9:1766170281.84876""","Fri, 19 Dec 2025 18:51:21 GMT",
agreements/agreements_20260607_025243/SOUTH_CAROLINA/Pelion_Police_Department/PelionPDSC_TFM_MOA_12182025.pdf,455983679a24ca43efd625df110559b425f222bc0c69be39fe99860c4f2cd886,https://www.ice.gov/doclib/287gMOA/PelionPDSC_TFM_MOA_12182025.pdf,2026-09-12T21:02:45Z,SOUTH CAROLINA,Pelion Police Department,PelionPDSC_TFM_MOA_12182025.pdf,MOA; revalidated; bytes identical,"""7535f88a3d03a08c5c383fbfb34dd2eb:1766170281.089643""","Fri, 19 Dec 2025 18:51:21 GMT",
agreements/agreements_20260607_025243/ALABAMA/Robertsdale_Police_Department/RobertsdalePDAL_TFM_MOA_12172025.pdf,2f234da04107bd4b189babc9b757fc36f5505b74df90e75efef07037b7e54208,https://www.ice.gov/doclib/287gMOA/RobertsdalePDAL_TFM_MOA_12172025.pdf,2026-09-12T21:02:46Z,ALABAMA,Robertsdale Police Department,RobertsdalePDAL_TFM_MOA_12172025.pdf,MOA; revalidated; bytes identical,"""40b6f2f4333857fe5591038629cdd00f:1766170282.90317""","Fri, 19 Dec 2025 18:51:22 GMT",
agreements/agreements_20260607_025243/WISCONSIN/Sauk_County_Sheriff's_Office_/SaukCoSOWI_WSO_MOA_12182025.pdf,5c19d3a365708360cc88b7528b5bcd31b032929cb64793b45fe4972f2ee9bd04,https://www.ice.gov/doclib/287gMOA/SaukCoSOWI_WSO_MOA_12182025.pdf,2026-09-12T21:02:46Z,WISCONSIN,Sauk County Sheriff's Office,SaukCoSOWI_WSO_MOA_12182025.pdf,MOA; revalidated; bytes identical,"""160b9c87b6ebc3943db25321b56a3512:1766170280.814475""","Fri, 19 Dec 2025 18:51:20 GMT",
agreements/agreements_20260607_025243/TEXAS/Wortham_Police_Department/WorthamPDTX_TFM_MOA_12182025.pdf,4428978405341e78c87e2287065fb6e3f04308cabc698e6f391f7b3fbd00232a,https://www.ice.gov/doclib/287gMOA/WorthamPDTX_TFM_MOA_12182025.pdf,2026-09-12T21:02:46Z,TEXAS,Wortham Police Department,WorthamPDTX_TFM_MOA_12182025.pdf,MOA; revalidated; bytes identical,"""8c57c9aa8766316abc8379b2096e0897:1766170282.413135""","Fri, 19 Dec 2025 18:51:22 GMT",
agreements/agreements_20260607_025243/TEXAS/Dimmit_County_Sheriff's_Office_/DimmitCoSOTX_WSO_MOA_12102025.pdf,4376329b979fb9cbd833fa5ba57156751038f22b85e288a9941875d6739fa35e,https://www.ice.gov/doclib/287gMOA/DimmitCoSOTX_WSO_MOA_12102025.pdf,2026-09-12T21:02:46Z,TEXAS,Dimmit County Sheriff's Office,DimmitCoSOTX_WSO_MOA_12102025.pdf,MOA; revalidated; bytes identical,"""3782ef536c3e9d3f13d72af54b1cadcc:1766170840.92514""","Fri, 19 Dec 2025 19:00:40 GMT",
agreements/agreements_20260607_025243/OHIO/Fayetteville_Police_Department/FayettevillePDOH_TFM_MOA_121020225.pdf,27ebcdcfdc411ccd34e89f16db0654f251c9300f3ef64eb515a871690b8fd75e,https://www.ice.gov/doclib/287gMOA/FayettevillePDOH_TFM_MOA_121020225.pdf,2026-09-12T21:02:47Z,OHIO,Fayetteville Police Department,FayettevillePDOH_TFM_MOA_121020225.pdf,MOA; revalidated; bytes identical,"""33edc85641e0249a5821623d85dfd20d:1766170840.8203""","Fri, 19 Dec 2025 19:00:40 GMT",
agreements/agreements_20260607_025243/LOUISIANA/Lafayette_Parish_Sheriff's_Office/LafayetteParishSOLA_TFM_MOA_12112025.pdf,61ea17c0156035b681b00d70d8af68861c9768b91689191fe4a9cf151de0d4bd,https://www.ice.gov/doclib/287gMOA/LafayetteParishSOLA_TFM_MOA_12112025.pdf,2026-09-12T21:02:47Z,LOUISIANA,Lafayette Parish Sheriff's Office,LafayetteParishSOLA_TFM_MOA_12112025.pdf,MOA; revalidated; bytes identical,"""6c1e4f063e8a1bbd0faf50ab838e3825:1766170841.045744""","Fri, 19 Dec 2025 19:00:41 GMT",
agreements/agreements_20260607_025243/TEXAS/Marlin_Police_Department_/MarlinPDTX_TFM_MOA_12102025.pdf,44c60e5255941f2deac6abbbcf08f4684f14e3d926cdd951a15f25ac08126cab,https://www.ice.gov/doclib/287gMOA/MarlinPDTX_TFM_MOA_12102025.pdf,2026-09-12T21:02:47Z,TEXAS,Marlin Police Department,MarlinPDTX_TFM_MOA_12102025.pdf,MOA; revalidated; bytes identical,"""0fa54263a59041055704e5bd9cad2728:1766170841.50742""","Fri, 19 Dec 2025 19:00:41 GMT",
agreements/agreements_20260607_025243/LOUISIANA/Ouachita_Parish_Sheriff's_Office/OuachitaParishSOLA_TFM_MOA_12102025.pdf,a4a2ee92a41a9cc3e4361b075e3bb0735a28b8a601917eac48a0f3c3e861b200,https://www.ice.gov/doclib/287gMOA/OuachitaParishSOLA_TFM_MOA_12102025.pdf,2026-09-12T21:02:48Z,LOUISIANA,Ouachita Parish Sheriff's Office,OuachitaParishSOLA_TFM_MOA_12102025.pdf,MOA; revalidated; bytes identical,"""b6159cafb62b8bddf154b12737c10c94:1766170841.026201""","Fri, 19 Dec 2025 19:00:41 GMT",
agreements/agreements_20260607_025243/TEXAS/Refugio_County_Sheriff’s_Office/RefugioCoSOTX_TFM_MOA_12102025.pdf,20cf6820068cd903a561a50a655c5fc04a6bdff71d823ec608f30996a6f2678a,https://www.ice.gov/doclib/287gMOA/RefugioCoSOTX_TFM_MOA_12102025.pdf,2026-09-12T21:02:48Z,TEXAS,Refugio County Sheriff’s Office,RefugioCoSOTX_TFM_MOA_12102025.pdf,MOA; revalidated; bytes identical,"""4b72386db76dbf657c740012136dedf4:1766170840.800694""","Fri, 19 Dec 2025 19:00:40 GMT",
agreements/agreements_20260607_025243/MISSOURI/Ste._Genevieve_County_Sheriff's_Office/SteGenevieveSOMO_WSO_MOA_12162025.pdf,eaf0fe5f3910e723aa5edf4b25c71bf827d2d529c66cd9c6a689161398917ed1,https://www.ice.gov/doclib/287gMOA/SteGenevieveSOMO_WSO_MOA_12162025.pdf,2026-09-12T21:02:48Z,MISSOURI,Ste. Genevieve County Sheriff's Office,SteGenevieveSOMO_WSO_MOA_12162025.pdf,MOA; revalidated; bytes identical,"""c6a4a7a5229fd4a4a8f62752b23a1fd9:1766170841.412847""","Fri, 19 Dec 2025 19:00:41 GMT",
agreements/agreements_20260607_025243/TENNESSEE/Polk_County_Constable_District_4/TennesseeStateConstable4thDistrictPolkCoTN_TFM_MOA_11042025.pdf,5fefd634284cbb20b65308e76c5478ec8c960cd45f6fbac4321072aecb6a751d,https://www.ice.gov/doclib/287gMOA/TennesseeStateConstable4thDistrictPolkCoTN_TFM_MOA_11042025.pdf,2026-09-12T21:02:48Z,TENNESSEE,Polk County Constable District 4,TennesseeStateConstable4thDistrictPolkCoTN_TFM_MOA_11042025.pdf,MOA; revalidated; bytes identical,"""33eb174e586a42eba1f30136cfcba03c:1766170841.647283""","Fri, 19 Dec 2025 19:00:41 GMT",
agreements/agreements_20260607_025243/GEORGIA/Turner_County_Sheriff's_Office/TurnerCoSOGA_WSO_MOA_12162025.pdf,7522df5cd46f4ad0e0895ffa35013002defe72aeee774c60fb32b32aa3c972d5,https://www.ice.gov/doclib/287gMOA/TurnerCoSOGA_WSO_MOA_12162025.pdf,2026-09-12T21:02:49Z,GEORGIA,Turner County Sheriff's Office,TurnerCoSOGA_WSO_MOA_12162025.pdf,MOA; revalidated; bytes identical,"""d79417692f3d43087c1dea5eec47dc8c:1766170842.190713""","Fri, 19 Dec 2025 19:00:42 GMT",
agreements/agreements_20260607_025243/TEXAS/Jefferson_Police_Department_/JeffersonPDTX_TFM_MOA_12182025.pdf,3f4563ac403114b8222a1fb32ae7cd39884f33cec515d6f19bf1caf54257c58b,https://www.ice.gov/doclib/287gMOA/JeffersonPDTX_TFM_MOA_12182025.pdf,2026-09-12T21:02:49Z,TEXAS,Jefferson Police Department,JeffersonPDTX_TFM_MOA_12182025.pdf,MOA; revalidated; bytes identical,"""f393a266815bbad63a2db225751359c7:1766170416.885132""","Fri, 19 Dec 2025 18:53:36 GMT",
agreements/agreements_20260607_025243/MISSOURI/Ripley_County_Sheriff's_Office/RipleyCoSOMO_TFM_MOA_12182025.pdf,be59afd027020ade8849739e9bcf592ec9c2de2e22380c27894a37cc4333c39f,https://www.ice.gov/doclib/287gMOA/RipleyCoSOMO_TFM_MOA_12182025.pdf,2026-09-12T21:02:49Z,MISSOURI,Ripley County Sheriff's Office,RipleyCoSOMO_TFM_MOA_12182025.pdf,MOA; revalidated; bytes identical,"""92e8d1fa672c4e447442acd88ee833f1:1766170417.765199""","Fri, 19 Dec 2025 18:53:37 GMT",
agreements/agreements_20260607_025243/LOUISIANA/Lafayette_Parish_Sheriff's_Office/LafayetteParishSOLA_WSO_MOA_12112025.pdf,8a1b7e81647869b6cf24f330a2ee78b3f4bea455f4473b6beac66415865937e3,https://www.ice.gov/doclib/287gMOA/LafayetteParishSOLA_WSO_MOA_12112025.pdf,2026-09-12T21:02:49Z,LOUISIANA,Lafayette Parish Sheriff's Office,LafayetteParishSOLA_WSO_MOA_12112025.pdf,MOA; revalidated; bytes identical,"""76f05d76257d5f8f4865b4def1c0f92c:1766170490.190555""","Fri, 19 Dec 2025 18:54:50 GMT",
agreements/agreements_20260607_025243/LOUISIANA/Calcasieu_Parish_Sheriff's_Office/CalacasieuParishSOLA_WSO_MOA_121025.pdf,9f6bc0042699cc569eece0fe67181f33b56ed43ce3f0e65dd24541218ee18929,https://www.ice.gov/doclib/287gMOA/CalacasieuParishSOLA_WSO_MOA_121025.pdf,2026-09-12T21:02:50Z,LOUISIANA,Calcasieu Parish Sheriff's Office,CalacasieuParishSOLA_WSO_MOA_121025.pdf,MOA; revalidated; bytes identical,"""ebeb73b4c59604db15833fe1d77bdcce:1765833534.239306""","Mon, 15 Dec 2025 21:18:54 GMT",
agreements/agreements_20260607_025243/TENNESSEE/Carter_County_Sheriff's_Office/CarterCoSOTN_WSO_MOA_11042025.pdf,2ae80eaba0d5a266135509f89453663a6ce022d5b36318a4d6c4839e01667cb7,https://www.ice.gov/doclib/287gMOA/CarterCoSOTN_WSO_MOA_11042025.pdf,2026-09-12T21:02:50Z,TENNESSEE,Carter County Sheriff's Office,CarterCoSOTN_WSO_MOA_11042025.pdf,MOA; revalidated; bytes identical,"""707b427e5bc34bc7596c8208ea658f04:1765833534.977593""","Mon, 15 Dec 2025 21:18:54 GMT",
agreements/agreements_20260607_025243/INDIANA/Greensboro_Police_Department_/GreensboroPDIN_TFM_MOA_12092025.pdf,33bdc77025fce02c4027bc9dfad8037eacc4195e8012603682a7810e03915d5f,https://www.ice.gov/doclib/287gMOA/GreensboroPDIN_TFM_MOA_12092025.pdf,2026-09-12T21:02:50Z,INDIANA,Greensboro Police Department,GreensboroPDIN_TFM_MOA_12092025.pdf,MOA; revalidated; bytes identical,"""364bfe950bac3ed93bc9c1abac71c900:1765833534.162867""","Mon, 15 Dec 2025 21:18:54 GMT",
agreements/agreements_20260607_025243/FLORIDA/Milton_Police_Department/MiltonPDFL_TFM_MOA_12102025.pdf,eb1684102de4732c2653dda4998db853a03a8e04979d9afebcfa38f70b8c4771,https://www.ice.gov/doclib/287gMOA/MiltonPDFL_TFM_MOA_12102025.pdf,2026-09-12T21:02:51Z,FLORIDA,Milton Police Department,MiltonPDFL_TFM_MOA_12102025.pdf,MOA; revalidated; bytes identical,"""8ba73e5b55c159879756fb16f80a1fd0:1765833534.885249""","Mon, 15 Dec 2025 21:18:54 GMT",
agreements/agreements_20260607_025243/TENNESSEE/Sevier_County_Sheriff's_Office_/SevierCoSOTN_WSO_MOA_11062025.pdf,80faed38f01a92003929fa74011a781d2c8a62ebf082c01b40fa44680e7c134d,https://www.ice.gov/doclib/287gMOA/SevierCoSOTN_WSO_MOA_11062025.pdf,2026-09-12T21:02:51Z,TENNESSEE,Sevier County Sheriff's Office,SevierCoSOTN_WSO_MOA_11062025.pdf,MOA; revalidated; bytes identical,"""570a466ff1ca2d402da400dcdac2ebbf:1765833534.085229""","Mon, 15 Dec 2025 21:18:54 GMT",
agreements/agreements_20260607_025243/ALABAMA/Summerdale_Police_Department_/SummerdalePDAL_TFM_WSO_12102025.pdf,ed5f8acb9cf6b488fb1a6c3e995a7a5627a27321365d2681613d28fb77c3470e,https://www.ice.gov/doclib/287gMOA/SummerdalePDAL_TFM_WSO_12102025.pdf,2026-09-12T21:02:51Z,ALABAMA,Summerdale Police Department,SummerdalePDAL_TFM_WSO_12102025.pdf,MOA; revalidated; bytes identical,"""30b9a00d26f4c4a6a2e7c4a5f65dbe4a:1765833535.101675""","Mon, 15 Dec 2025 21:18:55 GMT",
agreements/agreements_20260607_025243/TEXAS/Bowie_County_Sheriff's_Office_/BowieCoSheriffsOfficeTX_WSO_MOA_10172025.pdf,fd8a4365e4b36bd553155124398bd9bf06a9401155cf21e2be2e631a94fbb188,https://www.ice.gov/doclib/287gMOA/BowieCoSheriffsOfficeTX_WSO_MOA_10172025.pdf,2026-09-12T21:02:51Z,TEXAS,Bowie County Sheriff's Office,BowieCoSheriffsOfficeTX_WSO_MOA_10172025.pdf,MOA; revalidated; bytes identical,"""d1aaaed1b6c605db9c9f04a36bd79feb:1766073061.196353""","Thu, 18 Dec 2025 15:51:01 GMT",
agreements/agreements_20260607_025243/TEXAS/Grayson_County_Sheriff's_Office_/GraysonCoSheriffsOfficeTX_WSO_MOA_10172025.pdf,a0c4692504c20a7910535b9398f809f31b21428daea350118ec1a44530f24a18,https://www.ice.gov/doclib/287gMOA/GraysonCoSheriffsOfficeTX_WSO_MOA_10172025.pdf,2026-09-12T21:02:52Z,TEXAS,Grayson County Sheriff's Office,GraysonCoSheriffsOfficeTX_WSO_MOA_10172025.pdf,MOA; revalidated; bytes identical,"""559c6e1f0b21ef8d725ba6248cfbe779:1766073062.371512""","Thu, 18 Dec 2025 15:51:02 GMT",
agreements/agreements_20260607_025243/TEXAS/Henderson_County_Sheriff's_Office_/HendersonCoSheriffsOfficeTX_WSO_MOA_10172025 2.pdf,51782caf129b8698ef7b5e4d541ea97861236d7d9f471728bd556ff7fd052de4,https://www.ice.gov/doclib/287gMOA/HendersonCoSheriffsOfficeTX_WSO_MOA_10172025.pdf,2026-09-12T21:02:52Z,TEXAS,Henderson County Sheriff's Office,HendersonCoSheriffsOfficeTX_WSO_MOA_10172025 2.pdf,MOA; revalidated; bytes identical,"""3178b205698fc3ba76c18495eadd8603:1766073063.972351""","Thu, 18 Dec 2025 15:51:03 GMT",
agreements/agreements_20260607_025243/TEXAS/Howard_County_Sheriff's_Office_/HowardCoSheriffsOfficeTX_WSO_MOA_10172025 2.pdf,e7864626358689f8f8c56889e492e5e6b98b5dec8f539a3af255a52273d03a80,https://www.ice.gov/doclib/287gMOA/HowardCoSheriffsOfficeTX_WSO_MOA_10172025.pdf,2026-09-12T21:02:52Z,TEXAS,Howard County Sheriff's Office,HowardCoSheriffsOfficeTX_WSO_MOA_10172025 2.pdf,MOA; revalidated; bytes identical,"""a49d6bb21c9c4323a02d2f142c546593:1766073063.313671""","Thu, 18 Dec 2025 15:51:03 GMT",
agreements/agreements_20260607_025243/TEXAS/Ingram_Police_Department_/IngramPoliceDepTX_TFM_MOA_10172025 2.pdf,aa362a91273df0421a42e0c5e0e266ca74288cdc42d5d136f7bc647a915ea3de,https://www.ice.gov/doclib/287gMOA/IngramPoliceDepTX_TFM_MOA_10172025.pdf,2026-09-12T21:02:53Z,TEXAS,Ingram Police Department,IngramPoliceDepTX_TFM_MOA_10172025 2.pdf,MOA; revalidated; bytes identical,"""2a727918e0e625a98c1f7a0ba7132691:1766073066.166479""","Thu, 18 Dec 2025 15:51:06 GMT",
agreements/agreements_20260607_025243/OKLAHOMA/Lincoln_County_Sheriff's_Office/LincolnCoSheriffsOfficeOK_TFM_MOA_10172025.pdf,860fd6f76b83293c1e13925dbbb7d53da75d24dc4fee7b3b8fd05d984e734c65,https://www.ice.gov/doclib/287gMOA/LincolnCoSheriffsOfficeOK_TFM_MOA_10172025.pdf,2026-09-12T21:02:53Z,OKLAHOMA,Lincoln County Sheriff's Office,LincolnCoSheriffsOfficeOK_TFM_MOA_10172025.pdf,MOA; revalidated; bytes identical,"""d3efd6b1371da5a3d9cef99340f5820a:1766073064.819664""","Thu, 18 Dec 2025 15:51:04 GMT",
agreements/agreements_20260607_025243/TENNESSEE/Montgomery_County_Sheriff's_Office_/MontgomeryCoSheriffsOfficeTN_WSO_MOA_10172025.pdf,ac1087b6ab2bc049c7da878730d4c8ed3ca7609bd2bd4e50be9682c02465cb24,https://www.ice.gov/doclib/287gMOA/MontgomeryCoSheriffsOfficeTN_WSO_MOA_10172025.pdf,2026-09-12T21:02:53Z,TENNESSEE,Montgomery County Sheriff's Office,MontgomeryCoSheriffsOfficeTN_WSO_MOA_10172025.pdf,MOA; revalidated; bytes identical,"""eb333f4a1b84bb4326a645414d296058:1766073065.911878""","Thu, 18 Dec 2025 15:51:05 GMT",
agreements/agreements_20260607_025243/TEXAS/Nolan_County_Sheriff's_Office_/NolanCoSheriffsOfficeTX_WSO_MOA_10172025.pdf,3b419d419cdfa640d56ca6677b5caaf778dbc73318b44eab30a436ab4c4102b0,https://www.ice.gov/doclib/287gMOA/NolanCoSheriffsOfficeTX_WSO_MOA_10172025.pdf,2026-09-12T21:02:54Z,TEXAS,Nolan County Sheriff's Office,NolanCoSheriffsOfficeTX_WSO_MOA_10172025.pdf,MOA; revalidated; bytes identical,"""3bfeceed3652aea80c7e71773e2eebc4:1766073065.659527""","Thu, 18 Dec 2025 15:51:05 GMT",
agreements/agreements_20260607_025243/TEXAS/San_Jacinto_County_Sheriff's_Office/SanJacintoCoSheriffsOfficeTX_WSO_MOA_10172025.pdf,faaafdc2482b4aa6fa2d6bc89e7a429be15e5ff05f6d8759601a0f025c1d20f3,https://www.ice.gov/doclib/287gMOA/SanJacintoCoSheriffsOfficeTX_WSO_MOA_10172025.pdf,2026-09-12T21:02:54Z,TEXAS,San Jacinto County Sheriff's Office,SanJacintoCoSheriffsOfficeTX_WSO_MOA_10172025.pdf,MOA; revalidated; bytes identical,"""6fd31e184c12b728e0c84f9d1aba9e24:1766073068.26533""","Thu, 18 Dec 2025 15:51:08 GMT",
agreements/agreements_20260607_025243/TEXAS/Andrews_County_Sheriff's_Office_/AndrewsCoSheriffsOfficeTX_WSO_MOA_11142025.pdf,29c0d566f58db1e9381b1c04540a487fa95bdce16f47a03a9e43e308a5b4febc,https://www.ice.gov/doclib/287gMOA/AndrewsCoSheriffsOfficeTX_WSO_MOA_11142025.pdf,2026-09-12T21:02:54Z,TEXAS,Andrews County Sheriff's Office,AndrewsCoSheriffsOfficeTX_WSO_MOA_11142025.pdf,MOA; revalidated; bytes identical,"""c0c66ced701d721ccd972c79029b39e3:1766083847.129972""","Thu, 18 Dec 2025 18:50:47 GMT",
agreements/agreements_20260607_025243/TEXAS/Arp_Police_Department_/ArpPoliceDeptTX_TFM_MOA_11142025.pdf,3b7110d267acfaf37301cd197a64d7175c5afd489b35e56007bd72c75bc6dd59,https://www.ice.gov/doclib/287gMOA/ArpPoliceDeptTX_TFM_MOA_11142025.pdf,2026-09-12T21:02:54Z,TEXAS,Arp Police Department,ArpPoliceDeptTX_TFM_MOA_11142025.pdf,MOA; revalidated; bytes identical,"""68acfbecf44a9e99a91848324689597d:1766083824.326425""","Thu, 18 Dec 2025 18:50:24 GMT",
agreements/agreements_20260607_025243/TEXAS/Clay_County_Sheriff's_Office_/ClayCoSheriffsOfficeTX_TFM_MOA_11202025.pdf,32c5626a65990cf0afa4dceceb02a0faa715e67cd9e3ec219f1d4cf6279c269a,https://www.ice.gov/doclib/287gMOA/ClayCoSheriffsOfficeTX_TFM_MOA_11202025.pdf,2026-09-12T21:02:55Z,TEXAS,Clay County Sheriff's Office,ClayCoSheriffsOfficeTX_TFM_MOA_11202025.pdf,MOA; revalidated; bytes identical,"""72a8538a656681c1faf9927d1dfa171d:1766083827.90969""","Thu, 18 Dec 2025 18:50:27 GMT",
agreements/agreements_20260607_025243/TEXAS/Clay_County_Sheriff's_Office_/ClayCoSheriffsOfficeTX_WSO_MOA_11202025.pdf,4163721f772e62d56b2a4d66d6eee8f93f48885950b95197bc5ff9b052f2d0bf,https://www.ice.gov/doclib/287gMOA/ClayCoSheriffsOfficeTX_WSO_MOA_11202025.pdf,2026-09-12T21:02:55Z,TEXAS,Clay County Sheriff's Office,ClayCoSheriffsOfficeTX_WSO_MOA_11202025.pdf,MOA; revalidated; bytes identical,"""c9cee098c1dec0e6595d47a57bfa6c5a:1766083828.489242""","Thu, 18 Dec 2025 18:50:28 GMT",
agreements/agreements_20260607_025243/SOUTH_CAROLINA/Eutawville_Police_Department_/EutawvillePoliceDeptSC_TFM_MOA_11182025.pdf,89ed0103ac5974ccdf2f4325c55db81d498c2d43f9370fa510b0a4ac35025368,https://www.ice.gov/doclib/287gMOA/EutawvillePoliceDeptSC_TFM_MOA_11182025.pdf,2026-09-12T21:02:55Z,SOUTH CAROLINA,Eutawville Police Department,EutawvillePoliceDeptSC_TFM_MOA_11182025.pdf,MOA; revalidated; bytes identical,"""3161a476021245880f30667b88952948:1766083839.228932""","Thu, 18 Dec 2025 18:50:39 GMT",
agreements/agreements_20260607_025243/TEXAS/Fayette_County_Sheriff's_Office/FayetteCoSheriffsOfficeTX_TFM_MOA_11142025.pdf,bd47bcd5d6b314305c26bcd360346b489a02ad693ea70992e847ceb594c0f255,https://www.ice.gov/doclib/287gMOA/FayetteCoSheriffsOfficeTX_TFM_MOA_11142025.pdf,2026-09-12T21:02:56Z,TEXAS,Fayette County Sheriff's Office,FayetteCoSheriffsOfficeTX_TFM_MOA_11142025.pdf,MOA; revalidated; bytes identical,"""091df94e8950e0d6f92c69034ab8063f:1766083832.431257""","Thu, 18 Dec 2025 18:50:32 GMT",
agreements/agreements_20260607_025243/TEXAS/Lampasas_County_Sheriff's_Office/LampasasCoSheriffsOfficeTX_TFM_MOA_11182025.pdf,dcb81636a6001a26e9f610473bf6cbe6f84e8e408d1fe346000669c40185e298,https://www.ice.gov/doclib/287gMOA/LampasasCoSheriffsOfficeTX_TFM_MOA_11182025.pdf,2026-09-12T21:02:56Z,TEXAS,Lampasas County Sheriff's Office,LampasasCoSheriffsOfficeTX_TFM_MOA_11182025.pdf,MOA; revalidated; bytes identical,"""83ab68c0638ca817afb947c2fbe38ac8:1766083847.402372""","Thu, 18 Dec 2025 18:50:47 GMT",
agreements/agreements_20260607_025243/TENNESSEE/Lincoln_County_Sheriff's_Office_/LincolnCoSheriffsOfficeTN_WSO_MOA_11142025.pdf,3959c1781ab65452a2d18f7b677a6b41c732b763a568dee0ae33cddb804e5290,https://www.ice.gov/doclib/287gMOA/LincolnCoSheriffsOfficeTN_WSO_MOA_11142025.pdf,2026-09-12T21:02:56Z,TENNESSEE,Lincoln County Sheriff's Office,LincolnCoSheriffsOfficeTN_WSO_MOA_11142025.pdf,MOA; revalidated; bytes identical,"""9f8ee5748836a129ea28b663a706124a:1766083847.320976""","Thu, 18 Dec 2025 18:50:47 GMT",
agreements/agreements_20260607_025243/TENNESSEE/Madison_County_Sheriff's_Office/MadisonCoSheriffsOfficeTN_TFM_MOA_11182025.pdf,cc6577ec2494f781657a039ddc62abb66e54c95883d325d0cf76e4ea5d55a966,https://www.ice.gov/doclib/287gMOA/MadisonCoSheriffsOfficeTN_TFM_MOA_11182025.pdf,2026-09-12T21:02:56Z,TENNESSEE,Madison County Sheriff's Office,MadisonCoSheriffsOfficeTN_TFM_MOA_11182025.pdf,MOA; revalidated; bytes identical,"""f37fda87eafaa13df588ceec193d2a1f:1766083833.481956""","Thu, 18 Dec 2025 18:50:33 GMT",
agreements/agreements_20260607_025243/TENNESSEE/Marion_County_Sheriff's_Office/MarionCoSheriffsOfficeTN_WSO_MOA_11212025.pdf,6130f4004657fc02764e3bf79a1ec3dd528d762426dd5e23c9c09a550993c75c,https://www.ice.gov/doclib/287gMOA/MarionCoSheriffsOfficeTN_WSO_MOA_11212025.pdf,2026-09-12T21:02:57Z,TENNESSEE,Marion County Sheriff's Office,MarionCoSheriffsOfficeTN_WSO_MOA_11212025.pdf,MOA; revalidated; bytes identical,"""c7ad0feff9e341091ecb9b334c3e480b:1766083837.753498""","Thu, 18 Dec 2025 18:50:37 GMT",
agreements/agreements_20260607_025243/TEXAS/New_Berlin_Marshal's_Office_/NewBerlinMarshalsOfficeTX_TFM_MOA_11202025.pdf,318cac2c9ff064010540e593c217d8f01f19e3e644c0bfb03b4c3d890dcd2e53,https://www.ice.gov/doclib/287gMOA/NewBerlinMarshalsOfficeTX_TFM_MOA_11202025.pdf,2026-09-12T21:02:57Z,TEXAS,New Berlin Marshal's Office,NewBerlinMarshalsOfficeTX_TFM_MOA_11202025.pdf,MOA; revalidated; bytes identical,"""9b397ec9d7778bd1ff816957ebaa2bf3:1766083840.239032""","Thu, 18 Dec 2025 18:50:40 GMT",
agreements/agreements_20260607_025243/TEXAS/Point_Comfort_Police_Department_/PointComfortPoliceDeptTX_TFM_MOA_11192025.pdf,d256e2477db198b29c518ad10a65d906d0b7bbe41f67031a4ff0dfb5e31b6468,https://www.ice.gov/doclib/287gMOA/PointComfortPoliceDeptTX_TFM_MOA_11192025.pdf,2026-09-12T21:02:57Z,TEXAS,Point Comfort Police Department,PointComfortPoliceDeptTX_TFM_MOA_11192025.pdf,MOA; revalidated; bytes identical,"""c2abd49edb8897dfaa5a6a66efd7547f:1766083842.725516""","Thu, 18 Dec 2025 18:50:42 GMT",
agreements/agreements_20260607_025243/TENNESSEE/Van_Buren_County_Sheriff's_Office_/VanBurenCoSheriffsOfficeTN_WSO_MOA_11142025.pdf,b73de305c596c6416d7ca07c931a33e21f99e8bd50e522e228f04a4a281a6f38,https://www.ice.gov/doclib/287gMOA/VanBurenCoSheriffsOfficeTN_WSO_MOA_11142025.pdf,2026-09-12T21:02:57Z,TENNESSEE,Van Buren County Sheriff's Office,VanBurenCoSheriffsOfficeTN_WSO_MOA_11142025.pdf,MOA; revalidated; bytes identical,"""9fc403666aab9caed20b0c4b77c4bf58:1766083847.875543""","Thu, 18 Dec 2025 18:50:47 GMT",
agreements/agreements_20260607_025243/TENNESSEE/Dekalb_County_Sheriff's_Office/DeKalbCoSheriffsOfficeTN_WSO_MOA_11062025.pdf,4ee721491eb84748f1354aa00da8030b3782141d26c539cc9e1b1cfa72b13e31,https://www.ice.gov/doclib/287gMOA/DeKalbCoSheriffsOfficeTN_WSO_MOA_11062025.pdf,2026-09-12T21:02:58Z,TENNESSEE,Dekalb County Sheriff's Office,DeKalbCoSheriffsOfficeTN_WSO_MOA_11062025.pdf,MOA; revalidated; bytes identical,"""5fafdd30cb213eab514cac84d0534651:1766080162.883577""","Thu, 18 Dec 2025 17:49:22 GMT",
agreements/agreements_20260607_025243/TEXAS/Freer_Police_Department_/FreerPoliceDeptTX_TFM_MOA_11062025.pdf,631b2515e3cd44456a1eae5fb1f9159499dc55329a5b48c20808b7857df73d2e,https://www.ice.gov/doclib/287gMOA/FreerPoliceDeptTX_TFM_MOA_11062025.pdf,2026-09-12T21:02:58Z,TEXAS,Freer Police Department,FreerPoliceDeptTX_TFM_MOA_11062025.pdf,MOA; revalidated; bytes identical,"""c2f13bc3db069c66869c92bafcb1d0e0:1766080163.654952""","Thu, 18 Dec 2025 17:49:23 GMT",
agreements/agreements_20260607_025243/TEXAS/Moulton_Police_Department_/MoultonPoliceDeptTX_TFM_MOA_11102025.pdf,e3747f57e0ac61b041ba09e978ce78f202d8fa08cd5371ed3a77e33042c7d734,https://www.ice.gov/doclib/287gMOA/MoultonPoliceDeptTX_TFM_MOA_11102025.pdf,2026-09-12T21:02:58Z,TEXAS,Moulton Police Department,MoultonPoliceDeptTX_TFM_MOA_11102025.pdf,MOA; revalidated; bytes identical,"""2b0fbd9f598244944821a39b54d7218b:1766080172.707986""","Thu, 18 Dec 2025 17:49:32 GMT",
agreements/agreements_20260607_025243/TEXAS/Paris_Police_Department_/ParisPoliceDeptTX_TFM_MOA_11062025.pdf,d8f7457ab929b55da0511137a996e1d9c48aa1fa993cd190bafa76f230aa3e7b,https://www.ice.gov/doclib/287gMOA/ParisPoliceDeptTX_TFM_MOA_11062025.pdf,2026-09-12T21:02:59Z,TEXAS,Paris Police Department,ParisPoliceDeptTX_TFM_MOA_11062025.pdf,MOA; revalidated; bytes identical,"""1beb34ed1bf46ff962576b5ba05fb184:1766080164.172184""","Thu, 18 Dec 2025 17:49:24 GMT",
agreements/agreements_20260607_025243/TENNESSEE/Sevier_County_Sheriff's_Office_/SevierCoSheriffsOfficeTN_TFM_MOA_11062025.pdf,f9be8b0b36d25799d6b80e992a66b74be2b83f7ac0d8f6cc621e71cd22634aa9,https://www.ice.gov/doclib/287gMOA/SevierCoSheriffsOfficeTN_TFM_MOA_11062025.pdf,2026-09-12T21:02:59Z,TENNESSEE,Sevier County Sheriff's Office,SevierCoSheriffsOfficeTN_TFM_MOA_11062025.pdf,MOA; revalidated; bytes identical,"""f244349c327622f147f033df97e961d5:1766080164.455877""","Thu, 18 Dec 2025 17:49:24 GMT",
agreements/agreements_20260607_025243/TENNESSEE/Shelby_County_Sheriff's_Office_/ShelbyCoSheriffsOfficeTN_WSO_MOA_11042025.pdf,50cab3bd3d7a779859e4464818c8dcf608a83b7a6e75cc4c615a8b7696f06995,https://www.ice.gov/doclib/287gMOA/ShelbyCoSheriffsOfficeTN_WSO_MOA_11042025.pdf,2026-09-12T21:02:59Z,TENNESSEE,Shelby County Sheriff's Office,ShelbyCoSheriffsOfficeTN_WSO_MOA_11042025.pdf,MOA; revalidated; bytes identical,"""9f353433e30e9c0ec9ecccb4274e212d:1766080174.250997""","Thu, 18 Dec 2025 17:49:34 GMT",
agreements/agreements_20260607_025243/TEXAS/Shiner_Police_Department_/ShinerPoliceDeptTX_TFM_MOA_11062025.pdf,e9d3989631b62e7efd5bafd8589293fea8ebe5906bd035275a27f160e8f7b2e3,https://www.ice.gov/doclib/287gMOA/ShinerPoliceDeptTX_TFM_MOA_11062025.pdf,2026-09-12T21:02:59Z,TEXAS,Shiner Police Department,ShinerPoliceDeptTX_TFM_MOA_11062025.pdf,MOA; revalidated; bytes identical,"""71198b8f2664a2599a260647a19bfe2b:1766080168.457068""","Thu, 18 Dec 2025 17:49:28 GMT",
agreements/agreements_20260607_025243/PENNSYLVANIA/Springdale_Borough_Police_Department_/SpringdaleBoroughPoliceDeptPA_TFM_MOA_11062025.pdf,8cf3cea389ee367cb1e6f100ed8b6ffbe879e392ae7f970309f7a12ecbe08890,https://www.ice.gov/doclib/287gMOA/SpringdaleBoroughPoliceDeptPA_TFM_MOA_11062025.pdf,2026-09-12T21:03:00Z,PENNSYLVANIA,Springdale Borough Police Department,SpringdaleBoroughPoliceDeptPA_TFM_MOA_11062025.pdf,MOA; revalidated; bytes identical,"""a5d3b2137b16ca208a13d0afafc9145e:1766080165.592658""","Thu, 18 Dec 2025 17:49:25 GMT",
agreements/agreements_20260607_025243/PENNSYLVANIA/Union_Township_Police_Department_/UnionTownshipPoliceDeptPA_TFM_MOA_11042025.pdf,31b98553653aa92c0aa07f76f2894b8726bf6baef7cf1ae65ab71c1b83793f23,https://www.ice.gov/doclib/287gMOA/UnionTownshipPoliceDeptPA_TFM_MOA_11042025.pdf,2026-09-12T21:03:00Z,PENNSYLVANIA,Union Township Police Department,UnionTownshipPoliceDeptPA_TFM_MOA_11042025.pdf,MOA; revalidated; bytes identical,"""3dc487dfeb745e63bf577972e88b835b:1766080167.618941""","Thu, 18 Dec 2025 17:49:27 GMT",
agreements/agreements_20260607_025243/TENNESSEE/Washington_County_Sheriff's_Office/WashingtonCoSheriffsOfficeTN_WSO_MOA_11052025.pdf,98bf1ed6c2636048b51c1deb9756ddd2f90e0e27117def818bafbeab104e4e4a,https://www.ice.gov/doclib/287gMOA/WashingtonCoSheriffsOfficeTN_WSO_MOA_11052025.pdf,2026-09-12T21:03:00Z,TENNESSEE,Washington County Sheriff's Office,WashingtonCoSheriffsOfficeTN_WSO_MOA_11052025.pdf,MOA; revalidated; bytes identical,"""fbf0650419a1be14659c1f8563e97ddc:1766080173.757522""","Thu, 18 Dec 2025 17:49:33 GMT",
agreements/agreements_20260607_025243/PENNSYLVANIA/Benton_Borough_Police_Department_/BentonBoroughPoliceDeptPA_TFM_MOA_11042025.pdf,1fcb484fe094436bf5c66aed2cca548cdcdfc3313fc7f59c6650c63a0910ce95,https://www.ice.gov/doclib/287gMOA/BentonBoroughPoliceDeptPA_TFM_MOA_11042025.pdf,2026-09-12T21:03:00Z,PENNSYLVANIA,Benton Borough Police Department,BentonBoroughPoliceDeptPA_TFM_MOA_11042025.pdf,MOA; revalidated; bytes identical,"""7e6784cb3343d74a56556b1c1594a241:1766078910.504428""","Thu, 18 Dec 2025 17:28:30 GMT",
agreements/agreements_20260607_025243/TEXAS/Comanche_County_Sheriff's_Office_/ComancheCoSheriffsOfficeTX_WSO_MOA_11042025.pdf,0ac4ea7e44c46f3191a493dd54c2a40f5265010d22b2fb71ca61566f43ea8730,https://www.ice.gov/doclib/287gMOA/ComancheCoSheriffsOfficeTX_WSO_MOA_11042025.pdf,2026-09-12T21:03:01Z,TEXAS,Comanche County Sheriff's Office,ComancheCoSheriffsOfficeTX_WSO_MOA_11042025.pdf,MOA; revalidated; bytes identical,"""b95e4fc9b72c90ead630b73d9672c703:1766078915.525839""","Thu, 18 Dec 2025 17:28:35 GMT",
agreements/agreements_20260607_025243/TEXAS/Dallam_County_Sheriff's_Office/DallamCoSheriffsOfficeTX_TFM_MOA_11042025.pdf,656ac2692d5b1ffb67cd0d958a0ac2a96079b435eb4a268fb62d9169e913ee97,https://www.ice.gov/doclib/287gMOA/DallamCoSheriffsOfficeTX_TFM_MOA_11042025.pdf,2026-09-12T21:03:01Z,TEXAS,Dallam County Sheriff's Office,DallamCoSheriffsOfficeTX_TFM_MOA_11042025.pdf,MOA; revalidated; bytes identical,"""0148da612639a5789820382222fcf51b:1766078901.039221""","Thu, 18 Dec 2025 17:28:21 GMT",
agreements/agreements_20260607_025243/TEXAS/Falfurrias_Police_Department_/FalfurriasPoliceDeptTX_TFM_MOA_11042025.pdf,2e20130c23e10b9e09a6897bfb177a2cfc387f1b1993ea37f8c17d86f4af2704,https://www.ice.gov/doclib/287gMOA/FalfurriasPoliceDeptTX_TFM_MOA_11042025.pdf,2026-09-12T21:03:01Z,TEXAS,Falfurrias Police Department,FalfurriasPoliceDeptTX_TFM_MOA_11042025.pdf,MOA; revalidated; bytes identical,"""99d539072d755d95419e2836c0bb7ad9:1766078916.60725""","Thu, 18 Dec 2025 17:28:36 GMT",
agreements/agreements_20260607_025243/TEXAS/Holland_Police_Department_/HollandPoliceDeptTX_TFM_MOA_11042025 2.pdf,5020e932b0272a72918454e95b7b589f07127f47502a91ace8020889b42316a8,https://www.ice.gov/doclib/287gMOA/HollandPoliceDeptTX_TFM_MOA_11042025.pdf,2026-09-12T21:03:02Z,TEXAS,Holland Police Department,HollandPoliceDeptTX_TFM_MOA_11042025 2.pdf,MOA; revalidated; bytes identical,"""fadb6e6ad3ac704a82b31416e93f47b2:1766078900.852722""","Thu, 18 Dec 2025 17:28:20 GMT",
agreements/agreements_20260607_025243/TENNESSEE/Jefferson_County_Sheriff's_Office_/JeffersonCoSheriffsOfficeTN_WSO_MOA_11042025.pdf,eb3e707bf2554b5b83344a079030cd6b4cc384a7608d7afa904025ddfc567963,https://www.ice.gov/doclib/287gMOA/JeffersonCoSheriffsOfficeTN_WSO_MOA_11042025.pdf,2026-09-12T21:03:02Z,TENNESSEE,Jefferson County Sheriff's Office,JeffersonCoSheriffsOfficeTN_WSO_MOA_11042025.pdf,MOA; revalidated; bytes identical,"""de0b1614ac8ac0f8d4bc1e6a222eb6ae:1766078920.934813""","Thu, 18 Dec 2025 17:28:40 GMT",
agreements/agreements_20260607_025243/TEXAS/Mills_County_Sheriff's_Office/MillsCoSheriffsOfficeTX_WSO_MOA_11042025 2.pdf,cf6dd70793633f5ed971578b696ec88484874fa624957f62e8463ffcf9e21726,https://www.ice.gov/doclib/287gMOA/MillsCoSheriffsOfficeTX_WSO_MOA_11042025.pdf,2026-09-12T21:03:02Z,TEXAS,Mills County Sheriff's Office,MillsCoSheriffsOfficeTX_WSO_MOA_11042025 2.pdf,MOA; revalidated; bytes identical,"""5654326d1c8f727a01f5aba5c399fb7e:1766078914.517582""","Thu, 18 Dec 2025 17:28:34 GMT",
agreements/agreements_20260607_025243/TENNESSEE/Sevierville_Police_Department_/SeviervillePoliceDeptTN_TFM_MOA_11042025.pdf,92b3271185fbd942521311990cc2cdb164ce237ccf2d906ddbad481fc83dc0e3,https://www.ice.gov/doclib/287gMOA/SeviervillePoliceDeptTN_TFM_MOA_11042025.pdf,2026-09-12T21:03:02Z,TENNESSEE,Sevierville Police Department,SeviervillePoliceDeptTN_TFM_MOA_11042025.pdf,MOA; revalidated; bytes identical,"""cbaca36bd0b77ae8e864c30e587160ee:1766078923.564361""","Thu, 18 Dec 2025 17:28:43 GMT",
agreements/agreements_20260607_025243/TEXAS/Smiley_City_Marshal's_Office/SmileyCityMarshalsOfficeTX_TFM_MOA_11042025.pdf,0d2c6469a5e7e3dfb6580f74d2d13f730bdf09f45c2494141def1b8ae002b7e2,https://www.ice.gov/doclib/287gMOA/SmileyCityMarshalsOfficeTX_TFM_MOA_11042025.pdf,2026-09-12T21:03:03Z,TEXAS,Smiley City Marshal's Office,SmileyCityMarshalsOfficeTX_TFM_MOA_11042025.pdf,MOA; revalidated; bytes identical,"""e77e337938b8bf306aa5ddaa15ccc9c0:1766078913.470198""","Thu, 18 Dec 2025 17:28:33 GMT",
agreements/agreements_20260607_025243/TEXAS/Wichita_County_Sheriff's_Office/WichitaCoSheriffsOfficeTX_TFM_MOA_11042025.pdf,9d817d1477f1dc5fba0ee4ed9db6b638922856b825a1e3387b832873a5d85967,https://www.ice.gov/doclib/287gMOA/WichitaCoSheriffsOfficeTX_TFM_MOA_11042025.pdf,2026-09-12T21:03:03Z,TEXAS,Wichita County Sheriff's Office,WichitaCoSheriffsOfficeTX_TFM_MOA_11042025.pdf,MOA; revalidated; bytes identical,"""8ca5c941b406683ac0be2e22c322eb73:1766078920.192588""","Thu, 18 Dec 2025 17:28:40 GMT",
agreements/agreements_20260607_025243/TEXAS/Bexar_County_Sheriff's_Office_/BexarCoSheriffsOfficeTX_WSO_MOA_10172025.pdf,f60b9ae052351b4bad4000283af8aaabc7c46b4e1112ed413dd0650dc4f06250,https://www.ice.gov/doclib/287gMOA/BexarCoSheriffsOfficeTX_WSO_MOA_10172025.pdf,2026-09-12T21:03:03Z,TEXAS,Bexar County Sheriff's Office,BexarCoSheriffsOfficeTX_WSO_MOA_10172025.pdf,MOA; revalidated; bytes identical,"""a49410387321f0772fc84a0d6acc2c35:1766075669.217621""","Thu, 18 Dec 2025 16:34:29 GMT",
agreements/agreements_20260607_025243/TEXAS/Comal_County_Sheriff's_Office_/ComalCoSheriffsOfficeTX_WSO_MOA_10172025.pdf,f3986709ce1029f7b7143ada5f3355c86b999ba40e93a3337840798517ab0ce3,https://www.ice.gov/doclib/287gMOA/ComalCoSheriffsOfficeTX_WSO_MOA_10172025.pdf,2026-09-12T21:03:04Z,TEXAS,Comal County Sheriff's Office,ComalCoSheriffsOfficeTX_WSO_MOA_10172025.pdf,MOA; revalidated; bytes identical,"""5251d928489e238761166100a5be1e24:1766075679.294857""","Thu, 18 Dec 2025 16:34:39 GMT",
agreements/agreements_20260607_025243/TEXAS/Texas_Department_of_Public_Safety-_Criminal_Investigations_Division_/DPS_CID_TX_TFM_MOA_10172025.pdf,8c46e4fa4107839e3a6dd874d09bbf747ed17a607019af688cb0e1797b7691a2,https://www.ice.gov/doclib/287gMOA/DPS_CID_TX_TFM_MOA_10172025.pdf,2026-09-12T21:03:04Z,TEXAS,Texas Department of Public Safety- Criminal Investigations Division,DPS_CID_TX_TFM_MOA_10172025.pdf,MOA; revalidated; bytes identical,"""e1cc05e06e0ad80854037704bac7abd1:1766075675.677082""","Thu, 18 Dec 2025 16:34:35 GMT",
agreements/agreements_20260607_025243/TEXAS/Texas_Department_of_Public_Safety_-_Texas_Highway_Patrol/DPS_HwyPatrolTX_TFM_MOA_11032025.pdf,3e65a945c05a063edbdd6287881d6a02fafac9a05ae0758994ce923c9fd21763,https://www.ice.gov/doclib/287gMOA/DPS_HwyPatrolTX_TFM_MOA_11032025.pdf,2026-09-12T21:03:04Z,TEXAS,Texas Department of Public Safety - Texas Highway Patrol,DPS_HwyPatrolTX_TFM_MOA_11032025.pdf,MOA; revalidated; bytes identical,"""545709fda8bc888829a2c065019d7c2d:1766075681.040545""","Thu, 18 Dec 2025 16:34:41 GMT",
agreements/agreements_20260607_025243/PENNSYLVANIA/Manor_Township_Police_Department/ManorTownshipPoliceDepPA_TFM_MOA_10172025.pdf,d407aab4c4e4222a648054a42ec369a8f48c5d993156ba160fee10dd72055e24,https://www.ice.gov/doclib/287gMOA/ManorTownshipPoliceDepPA_TFM_MOA_10172025.pdf,2026-09-12T21:03:04Z,PENNSYLVANIA,Manor Township Police Department,ManorTownshipPoliceDepPA_TFM_MOA_10172025.pdf,MOA; revalidated; bytes identical,"""e7b735d3cc6097e9f8a4fd9017506461:1766075671.403326""","Thu, 18 Dec 2025 16:34:31 GMT",
agreements/agreements_20260607_025243/TEXAS/Midland_County_Sheriff's_Office_/MidlandCoSheriffsOfficeTX_WSO_MOA_10172025.pdf,b20f6b7501f1d4cc63fc87c1777e4485a0ad5bf0b617f8a16ad326187eede195,https://www.ice.gov/doclib/287gMOA/MidlandCoSheriffsOfficeTX_WSO_MOA_10172025.pdf,2026-09-12T21:03:05Z,TEXAS,Midland County Sheriff's Office,MidlandCoSheriffsOfficeTX_WSO_MOA_10172025.pdf,MOA; revalidated; bytes identical,"""454ade8061cef3020124f592ec910583:1766075667.463435""","Thu, 18 Dec 2025 16:34:27 GMT",
agreements/agreements_20260607_025243/OKLAHOMA/Sequoyah_County_Sheriff's_Office_/SequoyahCoSheriffsOfficeOK_TFM_MOA_10172025.pdf,d570333c6f789e65b12b3f2fcebc9c569cb1650a3b31477cf3619316194812ba,https://www.ice.gov/doclib/287gMOA/SequoyahCoSheriffsOfficeOK_TFM_MOA_10172025.pdf,2026-09-12T21:03:05Z,OKLAHOMA,Sequoyah County Sheriff's Office,SequoyahCoSheriffsOfficeOK_TFM_MOA_10172025.pdf,MOA; revalidated; bytes identical,"""6a0571bd1f6a6d23803ca2289ffccf19:1766075674.555244""","Thu, 18 Dec 2025 16:34:34 GMT",
agreements/agreements_20260607_025243/OHIO/Spencer_Police_Department/SpencerPoliceDepOH_TFM_MOA_10172025.pdf,ecc11b9b5249ecf8005f4afe96e4e3047c04888bd222c0aa042fa080d9faa177,https://www.ice.gov/doclib/287gMOA/SpencerPoliceDepOH_TFM_MOA_10172025.pdf,2026-09-12T21:03:05Z,OHIO,Spencer Police Department,SpencerPoliceDepOH_TFM_MOA_10172025.pdf,MOA; revalidated; bytes identical,"""4da60147bd3df2a4ab8dd20fcf41ba73:1766075675.272801""","Thu, 18 Dec 2025 16:34:35 GMT",
agreements/agreements_20260607_025243/TEXAS/Borden_County_Sheriff's_Office/BordenCoSheriffsOfficeTX_TFM_MOA_12022025.pdf,8c37fbc6b86f996114170d48c93cbd3e665385bb650a1750eed87f07ecbdfc8b,https://www.ice.gov/doclib/287gMOA/BordenCoSheriffsOfficeTX_TFM_MOA_12022025.pdf,2026-09-12T21:03:06Z,TEXAS,Borden County Sheriff's Office,BordenCoSheriffsOfficeTX_TFM_MOA_12022025.pdf,MOA; revalidated; bytes identical,"""b039b887f33abf45c5432b7eb686d817:1766083346.344509""","Thu, 18 Dec 2025 18:42:26 GMT",
agreements/agreements_20260607_025243/TEXAS/Brown_County_Sheriff's_Office/BrownCoSheriffsOfficeTX_WSO_MOA_12022025.pdf,67f6fcd7dd20af8e6c26c91c4ea8f5f51a64d34210fbfb0eff5652182974ce03,https://www.ice.gov/doclib/287gMOA/BrownCoSheriffsOfficeTX_WSO_MOA_12022025.pdf,2026-09-12T21:03:06Z,TEXAS,Brown County Sheriff's Office,BrownCoSheriffsOfficeTX_WSO_MOA_12022025.pdf,MOA; revalidated; bytes identical,"""acfabac0c48cb92db7da9270e645bcd7:1766083353.772532""","Thu, 18 Dec 2025 18:42:33 GMT",
agreements/agreements_20260607_025243/TENNESSEE/Hancock_County_Sheriff's_Office/HancockCoSheriffsOfficeTN_WSO_MOA_11242025.pdf,d2180c155b15fb6c7d043220ca4642db564d0a18c351032ed4ea3cdc06cbfc0c,https://www.ice.gov/doclib/287gMOA/HancockCoSheriffsOfficeTN_WSO_MOA_11242025.pdf,2026-09-12T21:03:06Z,TENNESSEE,Hancock County Sheriff's Office,HancockCoSheriffsOfficeTN_WSO_MOA_11242025.pdf,MOA; revalidated; bytes identical,"""696cff91b31fd8374f89ca18102f8c37:1766083354.99718""","Thu, 18 Dec 2025 18:42:34 GMT",
agreements/agreements_20260607_025243/TEXAS/Johnson_County_Sheriff's_Office_/JohnsonCoSheriffsOfficeTX_JEM_MOA_12022025.pdf,e586f2eb6725c47e533ed8a25bd92177ce72f9ed4b2ffe7157e0aaa2df71fbe6,https://www.ice.gov/doclib/287gMOA/JohnsonCoSheriffsOfficeTX_JEM_MOA_12022025.pdf,2026-09-12T21:03:06Z,TEXAS,Johnson County Sheriff's Office,JohnsonCoSheriffsOfficeTX_JEM_MOA_12022025.pdf,MOA; revalidated; bytes identical,"""7466f1f92f274cd03d6665ffd348c378:1766083348.619977""","Thu, 18 Dec 2025 18:42:28 GMT",
agreements/agreements_20260607_025243/TEXAS/Morris_County_Sheriff's_Office/MorrisCoSheriffsOfficeTX_TFM_MOA_12022025 2.pdf,22880aa9caa06075247d577aab8eff7efd9a25b7b79550b779813e4ed0997330,https://www.ice.gov/doclib/287gMOA/MorrisCoSheriffsOfficeTX_TFM_MOA_12022025.pdf,2026-09-12T21:03:07Z,TEXAS,Morris County Sheriff's Office,MorrisCoSheriffsOfficeTX_TFM_MOA_12022025 2.pdf,MOA; revalidated; bytes identical,"""ee3c9234fefbc6963b233f4483f8bc67:1766083353.719852""","Thu, 18 Dec 2025 18:42:33 GMT",
agreements/agreements_20260607_025243/TEXAS/Parmer_County_Sheriff's_Office_/ParmerCoSheriffsOfficeTX_WSO_MOA_12022025.pdf,5ff498c0d8fd62223d3b929db98a6d743ea78b2fc12271c501474ab8dd3443bb,https://www.ice.gov/doclib/287gMOA/ParmerCoSheriffsOfficeTX_WSO_MOA_12022025.pdf,2026-09-12T21:03:07Z,TEXAS,Parmer County Sheriff's Office,ParmerCoSheriffsOfficeTX_WSO_MOA_12022025.pdf,MOA; revalidated; bytes identical,"""ae658d71994a2b79abe5be9fc1e00add:1766083351.873984""","Thu, 18 Dec 2025 18:42:31 GMT",
agreements/agreements_20260607_025243/TENNESSEE/Metropolitan_Moore_County_Sheriff's_Office_/MetropolitanMooreCoSheriffsOfficeTN_WSO_MOA_11062025.pdf,795538214f5203fb63852a7cfe4fdcee1271f6ecce13e2dd7168303290a9c946,https://www.ice.gov/doclib/287gMOA/MetropolitanMooreCoSheriffsOfficeTN_WSO_MOA_11062025.pdf,2026-09-12T21:03:07Z,TENNESSEE,Metropolitan Moore County Sheriff's Office,MetropolitanMooreCoSheriffsOfficeTN_WSO_MOA_11062025.pdf,MOA; revalidated; bytes identical,"""6ddc8782df8d07c8bab2ba0e23cae09d:1767019409.930065""","Mon, 29 Dec 2025 14:43:29 GMT",
agreements/agreements_20260607_025243/TEXAS/Yoakum_Police_Department/YoakumPDTX_TFM_MOA_11242025.pdf,9ac76491506a5f157139c86b2379a3e8e77d8c6779f115fa61d6080b186b3ac6,https://www.ice.gov/doclib/287gMOA/YoakumPDTX_TFM_MOA_11242025.pdf,2026-09-12T21:03:08Z,TEXAS,Yoakum Police Department,YoakumPDTX_TFM_MOA_11242025.pdf,MOA; revalidated; bytes identical,"""22d4e0eed0ef6786bc87fbceceaa81bd:1767034090.4031""","Mon, 29 Dec 2025 18:48:10 GMT",
agreements/agreements_20260607_025243/TEXAS/Dimmit_County_Sheriff's_Office_/DimmitCoSOTX_JEM_MOA_12102025.pdf,54fc1f39277425267c59937f39790894b6e6e062e366c04f9a4aed99cea10d83,https://www.ice.gov/doclib/287gMOA/DimmitCoSOTX_JEM_MOA_12102025.pdf,2026-09-12T21:03:08Z,TEXAS,Dimmit County Sheriff's Office,DimmitCoSOTX_JEM_MOA_12102025.pdf,MOA; revalidated; bytes identical,"""bb38ea5d60c0e914e11e8da45354b04a:1767042096.472217""","Mon, 29 Dec 2025 21:01:36 GMT",
agreements/agreements_20260607_025243/KANSAS/Rooks_County_Sheriff's_Office_/RooksCoSOKS_WSO_LEA_09092025.pdf,7eaba5ff04fd70772449dc31fee3692b159296c08ccd30976b2f1640a7705334,https://www.ice.gov/doclib/287gMOA/RooksCoSOKS_WSO_LEA_09092025.pdf,2026-09-12T21:03:08Z,KANSAS,Rooks County Sheriff's Department,RooksCoSOKS_WSO_LEA_09092025.pdf,MOA; revalidated; bytes identical,"""ea418eaef2d02b8fc82d285b5d8d8b48:1767042219.740154""","Mon, 29 Dec 2025 21:03:39 GMT",
agreements/agreements_20260607_025243/MISSOURI/Ste._Genevieve_County_Sheriff's_Office/SteGenevieveSheriffsOfficeMO_TFM_MOA_12162025.pdf,ceeac92ca1dcdd6c474c8ef20338474a1b128a147eebef162bf770040d7da0c3,https://www.ice.gov/doclib/287gMOA/SteGenevieveSheriffsOfficeMO_TFM_MOA_12162025.pdf,2026-09-12T21:03:08Z,MISSOURI,Ste. Genevieve County Sheriff's Office,SteGenevieveSheriffsOfficeMO_TFM_MOA_12162025.pdf,MOA; revalidated; bytes identical,"""8d2b2e240d860cd8867c348f542138f2:1767110721.772259""","Tue, 30 Dec 2025 16:05:21 GMT",
agreements/agreements_20260607_025243/TENNESSEE/Bradley_County_Sheriff's_Office/BradleyCoSheriffsOfficeTN_JEM_MOA_12092025.pdf,32e98620689f34745d135dc713b04fe89b3dec965528909df6a2927bf148139e,https://www.ice.gov/doclib/287gMOA/BradleyCoSheriffsOfficeTN_JEM_MOA_12092025.pdf,2026-09-12T21:03:09Z,TENNESSEE,Bradley County Sheriff's Office,BradleyCoSheriffsOfficeTN_JEM_MOA_12092025.pdf,MOA; revalidated; bytes identical,"""ee2b534c837362d5913d34fbd431bb8e:1767110841.374717""","Tue, 30 Dec 2025 16:07:21 GMT",
agreements/agreements_20260607_025243/NORTH_DAKOTA/Bowman_County_Sheriff's_Office/BowmanCoSheriffsOfficeND_TFM_12022025.pdf,bf6ca12cc8b673036f41bd56553c8d90dc69c10cbb4f9a2141052893abca1a91,https://www.ice.gov/doclib/287gMOA/BowmanCoSheriffsOfficeND_TFM_12022025.pdf,2026-09-12T21:03:09Z,NORTH DAKOTA,Bowman County Sheriff's Office,BowmanCoSheriffsOfficeND_TFM_12022025.pdf,MOA; revalidated; bytes identical,"""2d7b86812296491628723fe82d3409ae:1767639325.897941""","Mon, 05 Jan 2026 18:55:25 GMT",
agreements/agreements_20260607_025243/TEXAS/Dimmit_County_Sheriff's_Office_/DimmitCoSOTX_TFM_MOA_12102025.pdf,2b71ae170c50e481fa6484b1393ae694b3c2d69d6519adca17146029f475c301,https://www.ice.gov/doclib/287gMOA/DimmitCoSOTX_TFM_MOA_12102025.pdf,2026-09-12T21:03:09Z,TEXAS,Dimmit County Sheriff's Office,DimmitCoSOTX_TFM_MOA_12102025.pdf,MOA; revalidated; bytes identical,"""f609ec0e316dc774243e533e2e461773:1767639326.167962""","Mon, 05 Jan 2026 18:55:26 GMT",
agreements/agreements_20260607_025243/TEXAS/Smith_County_Constable_Precinct_4/SmithCoConstableP4TX_TFM_MOA_10172025.pdf,37dd549a8085277ac6afd17e43ed8739789888a1a2661b7b655cc978892f3d09,https://www.ice.gov/doclib/287gMOA/SmithCoConstableP4TX_TFM_MOA_10172025.pdf,2026-09-12T21:03:09Z,TEXAS,Smith County Constable Precinct 4,SmithCoConstableP4TX_TFM_MOA_10172025.pdf,MOA; revalidated; bytes identical,"""de77d6d2d886d89c203430dc330f2187:1767639325.586278""","Mon, 05 Jan 2026 18:55:25 GMT",
agreements/agreements_20260607_025243/KENTUCKY/Carlisle_County_Sheriff's_Office/CarlisleCoSOKY_TFM_MOA_12082025.pdf,3a76e0099e4d8aff5719f400af30ba17f2934ece3350cb6fdf3d1fcfc7087b9b,https://www.ice.gov/doclib/287gMOA/CarlisleCoSOKY_TFM_MOA_12082025.pdf,2026-09-12T21:03:10Z,KENTUCKY,Carlisle County Sheriff's Office,CarlisleCoSOKY_TFM_MOA_12082025.pdf,MOA; revalidated; bytes identical,"""f43f8f3120620e9af39f6f1f705a63e0:1768571846.066656""","Fri, 16 Jan 2026 13:57:26 GMT",
agreements/agreements_20260607_025243/ARKANSAS/Calhoun_County_Sheriff's_Office/CalhounCoSheriffsOfficeAR_TFM_MOA_01072026.pdf,ffffd89918152f385ed767644a65366fa991b0e02e97bd734b58cd6a0aae979a,https://www.ice.gov/doclib/287gMOA/CalhounCoSheriffsOfficeAR_TFM_MOA_01072026.pdf,2026-09-12T21:03:10Z,ARKANSAS,Calhoun County Sheriff's Office,CalhounCoSheriffsOfficeAR_TFM_MOA_01072026.pdf,MOA; revalidated; bytes identical,"""accc402793b052cc345d4c9acad9e876:1768327634.141573""","Tue, 13 Jan 2026 18:07:14 GMT",
agreements/agreements_20260607_025243/ARKANSAS/Calhoun_County_Sheriff's_Office/CalhounCoSheriffsOfficeAR_WSO_MOA_01072026.pdf,78f09af90134070ec15da85a0c93eeb7fe3dc77230b7f4b6584f7b76c7172e2f,https://www.ice.gov/doclib/287gMOA/CalhounCoSheriffsOfficeAR_WSO_MOA_01072026.pdf,2026-09-12T21:03:10Z,ARKANSAS,Calhoun County Sheriff's Office,CalhounCoSheriffsOfficeAR_WSO_MOA_01072026.pdf,MOA; revalidated; bytes identical,"""236ea18c9bff966afaf9b1ce85f82a1f:1768327631.772878""","Tue, 13 Jan 2026 18:07:11 GMT",
agreements/agreements_20260607_025243/FLORIDA/Doral_Police_Department/DoralPoliceDeptFL_TFM_MOA_01072026.pdf,3d9706f2eb2358f8c14eac4e1c0d3b608066a492458fbe6e391598ca5cda5afa,https://www.ice.gov/doclib/287gMOA/DoralPoliceDeptFL_TFM_MOA_01072026.pdf,2026-09-12T21:03:11Z,FLORIDA,Doral Police Department,DoralPoliceDeptFL_TFM_MOA_01072026.pdf,MOA; revalidated; bytes identical,"""8a9b56a395d4357630fa9c4e59ffd3ba:1768327623.798339""","Tue, 13 Jan 2026 18:07:03 GMT",
agreements/agreements_20260607_025243/ALABAMA/Jackson_Police_Department/JacksonPoliceDeptAL_TFM_MOA_01072026.pdf,600b86126fa743ed0275f1b395d72fea9f274c054f28bdda8895f0db7e7d2f71,https://www.ice.gov/doclib/287gMOA/JacksonPoliceDeptAL_TFM_MOA_01072026.pdf,2026-09-12T21:03:11Z,ALABAMA,Jackson Police Department,JacksonPoliceDeptAL_TFM_MOA_01072026.pdf,MOA; revalidated; bytes identical,"""94ecd93a3e513772bcda6bc68fbfb2c0:1768327632.899157""","Tue, 13 Jan 2026 18:07:12 GMT",
agreements/agreements_20260607_025243/ALABAMA/Loxley_Police_Department/LoxleyPoliceDeptAL_TFM_MOA_01072026.pdf,5fed824818a4b1e8d3bb2de35f5caeda3f68a9f65009ea79e02acf0d75d0413a,https://www.ice.gov/doclib/287gMOA/LoxleyPoliceDeptAL_TFM_MOA_01072026.pdf,2026-09-12T21:03:11Z,ALABAMA,Loxley Police Department,LoxleyPoliceDeptAL_TFM_MOA_01072026.pdf,MOA; revalidated; bytes identical,"""8ddac630f09f5524c7ee2edfab2c6532:1768327620.967965""","Tue, 13 Jan 2026 18:07:00 GMT",
agreements/agreements_20260607_025243/ALABAMA/Southside_Police_Department/SouthsidePoliceDeptAL_TFM_MOA_01082026.pdf,c9162de76540e2571f563d6d5368d93256342ee3019f5e9842a92cf5804c5073,https://www.ice.gov/doclib/287gMOA/SouthsidePoliceDeptAL_TFM_MOA_01082026.pdf,2026-09-12T21:03:11Z,ALABAMA,Southside Police Department,SouthsidePoliceDeptAL_TFM_MOA_01082026.pdf,MOA; revalidated; bytes identical,"""e44182d6130bd5229e8bcb8290daf32b:1768327632.398122""","Tue, 13 Jan 2026 18:07:12 GMT",
agreements/agreements_20260607_025243/ARKANSAS/Tuckerman_Police_Department/TuckermanPoliceDeptAR_TFM_MOA_01082026.pdf,c13715cd94871bdc29d4cf04dad5ea78e05d310732a58abd6c0e4ffffcf6c066,https://www.ice.gov/doclib/287gMOA/TuckermanPoliceDeptAR_TFM_MOA_01082026.pdf,2026-09-12T21:03:12Z,ARKANSAS,Tuckerman Police Department,TuckermanPoliceDeptAR_TFM_MOA_01082026.pdf,MOA; revalidated; bytes identical,"""dec6f70f53cc3c2de160efbf9fe0ee8a:1768327629.80905""","Tue, 13 Jan 2026 18:07:09 GMT",
agreements/agreements_20260607_025243/GEORGIA/Atkinson_County_Sheriff's_Office/AtkinsonCoSheriffsOfficeGA_TFM_MOA_01072026.pdf,beac3064da8e95d869dbadf0be6819c22382bd0258250bb014ac2d18adf26337,https://www.ice.gov/doclib/287gMOA/AtkinsonCoSheriffsOfficeGA_TFM_MOA_01072026.pdf,2026-09-12T21:03:12Z,GEORGIA,Atkinson County Sheriff's Office,AtkinsonCoSheriffsOfficeGA_TFM_MOA_01072026.pdf,MOA; revalidated; bytes identical,"""e62d0728eb597b5a89524cfa577535b4:1768402251.107477""","Wed, 14 Jan 2026 14:50:51 GMT",
agreements/agreements_20260607_025243/INDIANA/Cadiz_Police_Department/CadizPoliceDeptIN_TFM_MOA_01072026.pdf,d76a7a9fb36ffa938f71524afb10fff1abb3cdd7a9cbdaa49d3030badaa1f7c8,https://www.ice.gov/doclib/287gMOA/CadizPoliceDeptIN_TFM_MOA_01072026.pdf,2026-09-12T21:03:12Z,INDIANA,Cadiz Police Department,CadizPoliceDeptIN_TFM_MOA_01072026.pdf,MOA; revalidated; bytes identical,"""0e7b0ee3cb2654296f6d8be8a7593f86:1768402240.851449""","Wed, 14 Jan 2026 14:50:40 GMT",
agreements/agreements_20260607_025243/GEORGIA/Grady_County_Sheriff's_Office/GradyCoSheriffsOfficeGA_JEM_MOA_01072026.pdf,47d57298e1041c2850095c4a5e9d4e8c6bb98c45002a93bf452a6f55eedea728,https://www.ice.gov/doclib/287gMOA/GradyCoSheriffsOfficeGA_JEM_MOA_01072026.pdf,2026-09-12T21:03:13Z,GEORGIA,Grady County Sheriff's Office,GradyCoSheriffsOfficeGA_JEM_MOA_01072026.pdf,MOA; revalidated; bytes identical,"""76d57599bf6d92072647569e47acdc84:1768402249.329366""","Wed, 14 Jan 2026 14:50:49 GMT",
agreements/agreements_20260607_025243/KENTUCKY/Hickman_Police_Department/HickmanPoliceDeptKY_TFM_MOA_01072026.pdf,5b91d4754a8f352514156ff1d94fac4d34333612ec4e437d8f4a55df24c2d4d8,https://www.ice.gov/doclib/287gMOA/HickmanPoliceDeptKY_TFM_MOA_01072026.pdf,2026-09-12T21:03:13Z,KENTUCKY,Hickman Police Department,HickmanPoliceDeptKY_TFM_MOA_01072026.pdf,MOA; revalidated; bytes identical,"""8349cf475c2954a7597ba46801685949:1768402243.164293""","Wed, 14 Jan 2026 14:50:43 GMT",
agreements/agreements_20260607_025243/KENTUCKY/Laurel_County_Sheriff's_Office/LaurelCoSheriffsOfficeKY_TFM_MOA_01072026.pdf,c183ebb1ba206072c2010e6d4a6bc947562483286355fb06496e1eb99f056c6f,https://www.ice.gov/doclib/287gMOA/LaurelCoSheriffsOfficeKY_TFM_MOA_01072026.pdf,2026-09-12T21:03:13Z,KENTUCKY,Laurel County Sheriff's Office,LaurelCoSheriffsOfficeKY_TFM_MOA_01072026.pdf,MOA; revalidated; bytes identical,"""394b3e4768013395e0d39e4ca7028a6d:1768402243.473523""","Wed, 14 Jan 2026 14:50:43 GMT",
agreements/agreements_20260607_025243/MISSOURI/Mansfield_Police_Department/MansfieldPoliceDeptMO_TFM_MOA_01072026.pdf,5ca4f608868f86ad2c551b7e268c7218f35dcc78b20d4c012ec412697d347150,https://www.ice.gov/doclib/287gMOA/MansfieldPoliceDeptMO_TFM_MOA_01072026.pdf,2026-09-12T21:03:13Z,MISSOURI,Mansfield Police Department,MansfieldPoliceDeptMO_TFM_MOA_01072026.pdf,MOA; revalidated; bytes identical,"""6bca05fa51dc0da223d13ebe874cb97f:1768402246.765699""","Wed, 14 Jan 2026 14:50:46 GMT",
agreements/agreements_20260607_025243/GEORGIA/Marietta_Police_Department/MariettaPoliceDeptGA_TFM_MOA_01072026.pdf,fce0e00d298434e9faf34990b709c2d94caefbd8ce9225fb6c01a4011f04e296,https://www.ice.gov/doclib/287gMOA/MariettaPoliceDeptGA_TFM_MOA_01072026.pdf,2026-09-12T21:03:14Z,GEORGIA,Marietta Police Department,MariettaPoliceDeptGA_TFM_MOA_01072026.pdf,MOA; revalidated; bytes identical,"""b353926e3bbaacbfc2718f753f07b082:1768402251.709512""","Wed, 14 Jan 2026 14:50:51 GMT",
agreements/agreements_20260607_025243/MISSOURI/Merriam_Woods_Police_Department/MerriamWoodsPDMO_TFM_MOA_01072026.pdf,685997a81153749c153ec4e90be1af77377e40ff966917ab8b6811d9fe88bc0d,https://www.ice.gov/doclib/287gMOA/MerriamWoodsPDMO_TFM_MOA_01072026.pdf,2026-09-12T21:03:14Z,MISSOURI,Merriam Woods Police Department,MerriamWoodsPDMO_TFM_MOA_01072026.pdf,MOA; revalidated; bytes identical,"""9afb0209ac0127551fd58e0a38015fc7:1768943617.490168""","Tue, 20 Jan 2026 21:13:37 GMT",
agreements/agreements_20260607_025243/KENTUCKY/Winchester_Police_Department/WinchesterPoliceDeptKY_TFM_MOA_01072026.pdf,ee3d3f42393902ab91da7a0f814ea55f9772efd8c4bfa3fa992b37445215632a,https://www.ice.gov/doclib/287gMOA/WinchesterPoliceDeptKY_TFM_MOA_01072026.pdf,2026-09-12T21:03:14Z,KENTUCKY,Winchester Police Department,WinchesterPoliceDeptKY_TFM_MOA_01072026.pdf,MOA; revalidated; bytes identical,"""de8c4de5095b3ba6d9b9d8a4854ac849:1768402247.741823""","Wed, 14 Jan 2026 14:50:47 GMT",
agreements/agreements_20260607_025243/NEW_HAMPSHIRE/Auburn_Police_Department/AuburnPoliceDeptNH_TFM_MOA_01072026.pdf,077196079ed26a61cd640282b28a2117a0775fe0402b3f602114dd0da742b19e,https://www.ice.gov/doclib/287gMOA/AuburnPoliceDeptNH_TFM_MOA_01072026.pdf,2026-09-12T21:03:14Z,NEW HAMPSHIRE,Auburn Police Department,AuburnPoliceDeptNH_TFM_MOA_01072026.pdf,MOA; revalidated; bytes identical,"""83b3a435975b937cc8fd13e759a22ef8:1768401862.201857""","Wed, 14 Jan 2026 14:44:22 GMT",
agreements/agreements_20260607_025243/MISSOURI/Seymour_Police_Department/SeymourPoliceDeptMO_TFM_MOA_01072026.pdf,36c670578665623081283c6eeae31f5d0c4cd0c2959c92ea483bb3ef2a2facfa,https://www.ice.gov/doclib/287gMOA/SeymourPoliceDeptMO_TFM_MOA_01072026.pdf,2026-09-12T21:03:15Z,MISSOURI,Seymour Police Department,SeymourPoliceDeptMO_TFM_MOA_01072026.pdf,MOA; revalidated; bytes identical,"""ea7e79e05cfbfc7955b95e9842733a9c:1768401868.762394""","Wed, 14 Jan 2026 14:44:28 GMT",
agreements/agreements_20260607_025243/MISSOURI/Willow_Springs_Police_Department/WillowSpringsPoliceDeptMO_TFM_MOA_01072026.pdf,e2a8e5db7dd39d7f61ad462dd7e2482432fc47c1202ba19fd781b049c353bb46,https://www.ice.gov/doclib/287gMOA/WillowSpringsPoliceDeptMO_TFM_MOA_01072026.pdf,2026-09-12T21:03:15Z,MISSOURI,Willow Springs Police Department,WillowSpringsPoliceDeptMO_TFM_MOA_01072026.pdf,MOA; revalidated; bytes identical,"""58afc84a7acdc4b0d23220b861bf6e5e:1768401863.723356""","Wed, 14 Jan 2026 14:44:23 GMT",
agreements/agreements_20260607_025243/OKLAHOMA/Achille_Police_Department/AchillePoliceDeptOK_TFM_MOA_01072026.pdf,78021657987ac6bccd76abb1a34280f21a5ed6434d9c0772faa5ad8027cd3e5e,https://www.ice.gov/doclib/287gMOA/AchillePoliceDeptOK_TFM_MOA_01072026.pdf,2026-09-12T21:03:15Z,OKLAHOMA,Achille Police Department,AchillePoliceDeptOK_TFM_MOA_01072026.pdf,MOA; revalidated; bytes identical,"""a0f3442789f48b1b82c6b10abc5ed176:1768487474.498682""","Thu, 15 Jan 2026 14:31:14 GMT",
agreements/agreements_20260607_025243/TEXAS/Balcones_Heights_Police_Department/BalconesHeightsPoliceDeptTX_TFM_MOA_01072026.pdf,144fc1f8b7fc6a1695ff351ad9ce9c7dc9652553c9fe3be5380695cf843bba1b,https://www.ice.gov/doclib/287gMOA/BalconesHeightsPoliceDeptTX_TFM_MOA_01072026.pdf,2026-09-12T21:03:16Z,TEXAS,Balcones Heights Police Department,BalconesHeightsPoliceDeptTX_TFM_MOA_01072026.pdf,MOA; revalidated; bytes identical,"""f52b3a7657603815fa1d6760137dae37:1768487469.166788""","Thu, 15 Jan 2026 14:31:09 GMT",
agreements/agreements_20260607_025243/TEXAS/Bee_County_Sheriff's_Office/BeeCoSheriffsOfficeTX_TFM_MOA_01072026.pdf,8fabbcc8ac8efe3741352564f5d606300363749a122b60db9285b0e3925218fa,https://www.ice.gov/doclib/287gMOA/BeeCoSheriffsOfficeTX_TFM_MOA_01072026.pdf,2026-09-12T21:03:16Z,TEXAS,Bee County Sheriff's Office,BeeCoSheriffsOfficeTX_TFM_MOA_01072026.pdf,MOA; revalidated; bytes identical,"""8b053607ce9a82e9d9e29f789f5f1808:1768487463.928904""","Thu, 15 Jan 2026 14:31:03 GMT",
agreements/agreements_20260607_025243/TEXAS/Bullard_Police_Department/BullardPoliceDeptTX_TFM_MOA_01082026.pdf,08e765aa424ddb5e4b5cf823cc8c679b1d2b49fccfd9d49dbd59f32014cd193b,https://www.ice.gov/doclib/287gMOA/BullardPoliceDeptTX_TFM_MOA_01082026.pdf,2026-09-12T21:03:16Z,TEXAS,Bullard Police Department,BullardPoliceDeptTX_TFM_MOA_01082026.pdf,MOA; revalidated; bytes identical,"""c61a720927d5a5208d21f2d6877b176a:1768487453.490008""","Thu, 15 Jan 2026 14:30:53 GMT",
agreements/agreements_20260607_025243/PENNSYLVANIA/East_Franklin_Township_Police_Department/EastFranklinTownshipPoliceDeptPA_TFM_MOA_01072026.pdf,649b93bb7d1bc47501e2201f03b940ae565d1232980ed2e8c56df8aec2ce446d,https://www.ice.gov/doclib/287gMOA/EastFranklinTownshipPoliceDeptPA_TFM_MOA_01072026.pdf,2026-09-12T21:03:16Z,PENNSYLVANIA,East Franklin Township Police Department,EastFranklinTownshipPoliceDeptPA_TFM_MOA_01072026.pdf,MOA; revalidated; bytes identical,"""8c78e0128ddbe4150591920f45e40587:1768487453.291805""","Thu, 15 Jan 2026 14:30:53 GMT",
agreements/agreements_20260607_025243/SOUTH_CAROLINA/Elloree_Police_Department/ElloreePoliceDeptSC_TFM_MOA_01072026.pdf,1921458a20a0311402738f1581fb121f1ff8cf5b93c10b9085922ec26b7b17c1,https://www.ice.gov/doclib/287gMOA/ElloreePoliceDeptSC_TFM_MOA_01072026.pdf,2026-09-12T21:03:17Z,SOUTH CAROLINA,Elloree Police Department,ElloreePoliceDeptSC_TFM_MOA_01072026.pdf,MOA; revalidated; bytes identical,"""d3b94cb9fcac1182bceb94e43e6d01ae:1768487455.247228""","Thu, 15 Jan 2026 14:30:55 GMT",
agreements/agreements_20260607_025243/TENNESSEE/Grundy_County_Constable_District_3/GrundyCoConstableDistrict3_TN_TFM_MOA_01072026.pdf,b6f9dddd7d076e82c81f23cf2e72ee2f9b6e1dfce83c77e2e97d40cad9e1eaab,https://www.ice.gov/doclib/287gMOA/GrundyCoConstableDistrict3_TN_TFM_MOA_01072026.pdf,2026-09-12T21:03:17Z,TENNESSEE,Grundy County Constable District 3,GrundyCoConstableDistrict3_TN_TFM_MOA_01072026.pdf,MOA; revalidated; bytes identical,"""be7a1eaf1f2678e99f9bb0c8d3ec8435:1768487468.114768""","Thu, 15 Jan 2026 14:31:08 GMT",
agreements/agreements_20260607_025243/OKLAHOMA/Hobart_Police_Department/HobartPoliceDeptOK_TFM_MOA_01072026.pdf,94086bfab00a32eb9d9b7b892b93bbd33c3bc34dbbbbf26ec952ade5d47ab30e,https://www.ice.gov/doclib/287gMOA/HobartPoliceDeptOK_TFM_MOA_01072026.pdf,2026-09-12T21:03:18Z,OKLAHOMA,Hobart Police Department,HobartPoliceDeptOK_TFM_MOA_01072026.pdf,MOA; revalidated; bytes identical,"""de8a4bd98d4ed470fb945eb83b72aa75:1768487458.021637""","Thu, 15 Jan 2026 14:30:58 GMT",
agreements/agreements_20260607_025243/PENNSYLVANIA/Kittanning_Borough_Police_Department/KittanningBoroughPoliceDeptPA_TFM_MOA_01082026.pdf,c2f3d5d5a29071b03f4a9908be4e2f76dd690acdd75e82dbb17147d33b46877f,https://www.ice.gov/doclib/287gMOA/KittanningBoroughPoliceDeptPA_TFM_MOA_01082026.pdf,2026-09-12T21:03:18Z,PENNSYLVANIA,Kittanning Borough Police Department,KittanningBoroughPoliceDeptPA_TFM_MOA_01082026.pdf,MOA; revalidated; bytes identical,"""8019aa1e620270c4b91e59e298f2dd8a:1768487475.278636""","Thu, 15 Jan 2026 14:31:15 GMT",
agreements/agreements_20260607_025243/TENNESSEE/Polk_County_Constable_District_2/PolkCoConstableDistrict2_TN_TFM_MOA_01072026.pdf,34b1b40c9bb5bc10fb05dbaa1776c7ebafaf6543660daa455ac2f56915881861,https://www.ice.gov/doclib/287gMOA/PolkCoConstableDistrict2_TN_TFM_MOA_01072026.pdf,2026-09-12T21:03:18Z,TENNESSEE,Polk County Constable District 2,PolkCoConstableDistrict2_TN_TFM_MOA_01072026.pdf,MOA; revalidated; bytes identical,"""aa12ea659b39e24b28c91b27210f2bc8:1768487463.761886""","Thu, 15 Jan 2026 14:31:03 GMT",
agreements/agreements_20260607_025243/TEXAS/Cherokee_County_Sheriff's_Office/CherokeeCoSheriffsOfficeTX_TFM_MOA_01072026.pdf,08ecc366852b553e552ee016eefee3095f865923fda3ec1bb0e620ef89e42aa3,https://www.ice.gov/doclib/287gMOA/CherokeeCoSheriffsOfficeTX_TFM_MOA_01072026.pdf,2026-09-12T21:03:18Z,TEXAS,Cherokee County Sheriff's Office,CherokeeCoSheriffsOfficeTX_TFM_MOA_01072026.pdf,MOA; revalidated; bytes identical,"""d9cce3dc0111af41a9246791f95de7dd:1768487787.981172""","Thu, 15 Jan 2026 14:36:27 GMT",
agreements/agreements_20260607_025243/WEST_VIRGINIA/Fayette_County_Sheriff's_Office/FayetteCoSheriffsOfficeWV_TFM_MOA_01072026.pdf,45d3e760ed4d9bab0b6cb27902dd32aa06dc1e12e5dbaec732fd109d2eedb23d,https://www.ice.gov/doclib/287gMOA/FayetteCoSheriffsOfficeWV_TFM_MOA_01072026.pdf,2026-09-12T21:03:19Z,WEST VIRGINIA,Fayette County Sheriff's Office,FayetteCoSheriffsOfficeWV_TFM_MOA_01072026.pdf,MOA; revalidated; bytes identical,"""0013695335cf2a93bbe42de983e3a886:1768487784.371155""","Thu, 15 Jan 2026 14:36:24 GMT",
agreements/agreements_20260607_025243/WEST_VIRGINIA/Fayetteville_Police_Department/FayettevillePoliceDeptWV_TFM_MOA_01072026.pdf,c686c169faa0035f53e66900b27c984a39b45b54c0ae501bc4d0a607a3484a94,https://www.ice.gov/doclib/287gMOA/FayettevillePoliceDeptWV_TFM_MOA_01072026.pdf,2026-09-12T21:03:19Z,WEST VIRGINIA,Fayetteville Police Department,FayettevillePoliceDeptWV_TFM_MOA_01072026.pdf,MOA; revalidated; bytes identical,"""35de97b4f14fde218f5bd24ceb4e25b9:1768487789.081823""","Thu, 15 Jan 2026 14:36:29 GMT",
agreements/agreements_20260607_025243/TEXAS/Refugio_Police_Department/RefugioPoliceDeptTX_TFM_MOA_01082026.pdf,c4c6ff89c2adea53d1ce90bfdb08e6b65e136a01a680644102529400355e231c,https://www.ice.gov/doclib/287gMOA/RefugioPoliceDeptTX_TFM_MOA_01082026.pdf,2026-09-12T21:03:19Z,TEXAS,Refugio Police Department,RefugioPoliceDeptTX_TFM_MOA_01082026.pdf,MOA; revalidated; bytes identical,"""d27b3b8f3fabc11063a0e08e7952b0f3:1768487787.766397""","Thu, 15 Jan 2026 14:36:27 GMT",
agreements/agreements_20260607_025243/TEXAS/Tenaha_Police_Department_/TenahaPoliceDeptTX_TFM_MOA_01072026.pdf,34ba0947816b43b663f36f5e0bad35892c900b3122c668a1ba8bc32181102ee2,https://www.ice.gov/doclib/287gMOA/TenahaPoliceDeptTX_TFM_MOA_01072026.pdf,2026-09-12T21:03:20Z,TEXAS,Tenaha Police Department,TenahaPoliceDeptTX_TFM_MOA_01072026.pdf,MOA; revalidated; bytes identical,"""8fd292ca4ebf6f47f85dd2fc35ad4b85:1768487787.37799""","Thu, 15 Jan 2026 14:36:27 GMT",
agreements/agreements_20260607_025243/WYOMING/Crook_County_Sheriff's_Office/CrookCountySOWY_TFM_MOA_01072026.pdf,316618ac5b351bcca9d8f92ee23599dd7dc03b855bfd74e7234feb91771accdd,https://www.ice.gov/doclib/287gMOA/CrookCountySOWY_TFM_MOA_01072026.pdf,2026-09-12T21:03:20Z,WYOMING,Crook County Sheriff's Office,CrookCountySOWY_TFM_MOA_01072026.pdf,MOA; revalidated; bytes identical,"""78d9f42dbda345f5959e080cae36279b:1768503403.868253""","Thu, 15 Jan 2026 18:56:43 GMT",
agreements/agreements_20260607_025243/WYOMING/Crook_County_Sheriff's_Office/CrookCountySOWY_WSO_MOA_01072026.pdf,de08e17ee70ded1dad02197fdb92d7fa8aec9a51cdd8e9b3410cb336d141b141,https://www.ice.gov/doclib/287gMOA/CrookCountySOWY_WSO_MOA_01072026.pdf,2026-09-12T21:03:20Z,WYOMING,Crook County Sheriff's Office,CrookCountySOWY_WSO_MOA_01072026.pdf,MOA; revalidated; bytes identical,"""a068bccdacf982659e2d82f2d1ca5f72:1768503403.707536""","Thu, 15 Jan 2026 18:56:43 GMT",
agreements/agreements_20260607_025243/WISCONSIN/Kenosha_County_Sheriff's_Office/KenoshaCoSOWI_JEM_MOA_01072026.pdf,c6d2e3c2ec7b7189a30da403818342a7137eddba642e6645e703a13d7e691599,https://www.ice.gov/doclib/287gMOA/KenoshaCoSOWI_JEM_MOA_01072026.pdf,2026-09-12T21:03:20Z,WISCONSIN,Kenosha County Sheriff's Office,KenoshaCoSOWI_JEM_MOA_01072026.pdf,MOA; revalidated; bytes identical,"""d48f08bc6a44c9b5d1ce0c4faddfc102:1768503404.22554""","Thu, 15 Jan 2026 18:56:44 GMT",
agreements/agreements_20260607_025243/WEST_VIRGINIA/Nicholas_County_Sheriff's_Office/NicholasCoSOWV_TFM_MOA_01072025.pdf,7a491aece273059877095113236d97538c710765d58bc484fd330f2ec085d8a2,https://www.ice.gov/doclib/287gMOA/NicholasCoSOWV_TFM_MOA_01072025.pdf,2026-09-12T21:03:21Z,WEST VIRGINIA,Nicholas County Sheriff's Office,NicholasCoSOWV_TFM_MOA_01072025.pdf,MOA; revalidated; bytes identical,"""412e433a0ca51b849f35c94435f631cb:1768503403.933185""","Thu, 15 Jan 2026 18:56:43 GMT",
agreements/agreements_20260607_025243/GEORGIA/Grady_County_Sheriff's_Office/GradyCoSheriffsOfficeGA_WSO_MOA_01072026.pdf,929ca90437cbd4e2370a8f0b0fb8676b80566f447503c6e76b7c1666608678eb,https://www.ice.gov/doclib/287gMOA/GradyCoSheriffsOfficeGA_WSO_MOA_01072026.pdf,2026-09-12T21:03:21Z,GEORGIA,Grady County Sheriff's Office,GradyCoSheriffsOfficeGA_WSO_MOA_01072026.pdf,MOA; revalidated; bytes identical,"""d340aeaad4c9fbc3dd278668840fc106:1768571996.022907""","Fri, 16 Jan 2026 13:59:56 GMT",
agreements/agreements_20260607_025243/GEORGIA/Alto_Police_Department_/AltoPoliceDeptGA_TFM_MOA_11062025.pdf,c3870f776dfd41e2135ea825e599d3d580f8f6531aba0b7e2983ff454398a5c9,https://www.ice.gov/doclib/287gMOA/AltoPoliceDeptGA_TFM_MOA_11062025.pdf,2026-09-12T21:03:21Z,GEORGIA,Alto Police Department,AltoPoliceDeptGA_TFM_MOA_11062025.pdf,MOA; revalidated; bytes identical,"""c7808d5e23dc4d82e5fc99fc3e2a6d15:1763739890.92861""","Fri, 21 Nov 2025 15:44:50 GMT",
agreements/agreements_20260607_025243/GEORGIA/Grady_County_Sheriff's_Office_/GradyCoSheriffsOfficeGA_TFM_MOA_11042025.pdf,301d4bec9f886b6d8da2c023e40f8512aa4adfaa871a68477f72351a57d286b4,https://www.ice.gov/doclib/287gMOA/GradyCoSheriffsOfficeGA_TFM_MOA_11042025.pdf,2026-09-12T21:03:22Z,GEORGIA,Grady County Sheriff's Office,GradyCoSheriffsOfficeGA_TFM_MOA_11042025.pdf,MOA; revalidated; bytes identical,"""62a9cf6fb8ad1c6cef080993a285b241:1763739896.224874""","Fri, 21 Nov 2025 15:44:56 GMT",
agreements/agreements_20260607_025243/GEORGIA/Lanier_County_Sheriff's_Office_/LanierCoSheriffsOfficeGA_TFM_MOA_11042025.pdf,a2f7b3edbedd54a799203436906754a01e261c355dbdee97b518d8d2ca71cabf,https://www.ice.gov/doclib/287gMOA/LanierCoSheriffsOfficeGA_TFM_MOA_11042025.pdf,2026-09-12T21:03:22Z,GEORGIA,Lanier County Sheriff's Office,LanierCoSheriffsOfficeGA_TFM_MOA_11042025.pdf,MOA; revalidated; bytes identical,"""4ea98eaf5c8b48749738f0db341ec377:1763739896.909679""","Fri, 21 Nov 2025 15:44:56 GMT",
agreements/agreements_20260607_025243/GEORGIA/Whitfield_County_Sheriff's_Office/287gJEM_WhitfieldCoGa2020-06-09.pdf,9527ba6d2cea8744efd4d540323062ee54914ab96cb6bee8c90126dea1202aac,https://www.ice.gov/doclib/287gMOA/287gJEM_WhitfieldCoGa2020-06-09.pdf,2026-09-12T21:03:22Z,GEORGIA,Whitfield County Sheriff's Office,287gJEM_WhitfieldCoGa2020-06-09.pdf,MOA; revalidated; bytes identical,"""2bcabf99733f29e9a51126ae082127a3:1592600968.939375""","Fri, 19 Jun 2020 21:09:28 GMT",
agreements/agreements_20260607_025243/ALABAMA/Blount_County_Sheriff's_Office/BlountCoSheriffsOfficeAL_TFM_MOA_01262026.pdf,633091e149c6e9ba09d74ab52e0b7af314e7b370104b26cebf8ad961b640e8fc,https://www.ice.gov/doclib/287gMOA/BlountCoSheriffsOfficeAL_TFM_MOA_01262026.pdf,2026-09-12T21:03:23Z,ALABAMA,Blount County Sheriff's Office,BlountCoSheriffsOfficeAL_TFM_MOA_01262026.pdf,MOA; revalidated; bytes identical,"""f3bc3cd78431bcf18829de7247a5666e:1770044008.457221""","Mon, 02 Feb 2026 14:53:28 GMT",
agreements/agreements_20260607_025243/TEXAS/Kingsville_Police_Department/KingsvillePoliceDeptTX_TFM_MOA_01262026.pdf,a7fd34d13c4f6c8004a112977b0db442e240e022bcc3e8cb7b0705b5a72c39cb,https://www.ice.gov/doclib/287gMOA/KingsvillePoliceDeptTX_TFM_MOA_01262026.pdf,2026-09-12T21:03:23Z,TEXAS,Kingsville Police Department,KingsvillePoliceDeptTX_TFM_MOA_01262026.pdf,MOA; revalidated; bytes identical,"""10708bd5c25b534d141e7c28757f4551:1770044009.635346""","Mon, 02 Feb 2026 14:53:29 GMT",
agreements/agreements_20260607_025243/TEXAS/Limestone_County_Sheriff's_Office/LimestoneCoSheriffsOfficeTX_WSO_MOA_01262026.pdf,a77c8698d7ca887f1a8d7635c52aa3be28cdc911aabba2f01afc57c5ae1eaa80,https://www.ice.gov/doclib/287gMOA/LimestoneCoSheriffsOfficeTX_WSO_MOA_01262026.pdf,2026-09-12T21:03:23Z,TEXAS,Limestone County Sheriff's Office,LimestoneCoSheriffsOfficeTX_WSO_MOA_01262026.pdf,MOA; revalidated; bytes identical,"""4c7ec9ffb0e6001f66117a9c884e8cf4:1770044011.136632""","Mon, 02 Feb 2026 14:53:31 GMT",
agreements/agreements_20260607_025243/TEXAS/Nueces_County_Constable_Precinct_4/NuecesCoConstablePrecinct4_TX_TFM_MOA_01262026.pdf,a64f1603619b9dabcff08a18528134b929c81290aef83d29d76590a9f9de282d,https://www.ice.gov/doclib/287gMOA/NuecesCoConstablePrecinct4_TX_TFM_MOA_01262026.pdf,2026-09-12T21:03:24Z,TEXAS,Nueces County Constable Precinct 4,NuecesCoConstablePrecinct4_TX_TFM_MOA_01262026.pdf,MOA; revalidated; bytes identical,"""eca86c1ef65b548356bfdfbe1853a778:1770044018.498473""","Mon, 02 Feb 2026 14:53:38 GMT",
agreements/agreements_20260607_025243/TEXAS/Stamford_Police_Department/StanfordPoliceDeptTX_TFM_MOA_01262026.pdf,fd1aaa77b8510191597c6fdeac5af3d3eabe0a514c7fd12078f1beff2cc448a5,https://www.ice.gov/doclib/287gMOA/StanfordPoliceDeptTX_TFM_MOA_01262026.pdf,2026-09-12T21:03:24Z,TEXAS,Stamford Police Department,StanfordPoliceDeptTX_TFM_MOA_01262026.pdf,MOA; revalidated; bytes identical,"""c9a1bbf2a75fd4ec6ed6880e05a27dd2:1770044017.587037""","Mon, 02 Feb 2026 14:53:37 GMT",
agreements/agreements_20260607_025243/TEXAS/Young_County_Sheriff's_Office/YoungCoSheriffsOfficeTX_TFM_MOA_01262026.pdf,bc51ec407bb5ce3ca04908b752c34dc40155a477d7511ceae7b6e41752f1ab0e,https://www.ice.gov/doclib/287gMOA/YoungCoSheriffsOfficeTX_TFM_MOA_01262026.pdf,2026-09-12T21:03:24Z,TEXAS,Young County Sheriff's Office,YoungCoSheriffsOfficeTX_TFM_MOA_01262026.pdf,MOA; revalidated; bytes identical,"""bdb45ca884567db10e40980336c786d2:1770044010.416437""","Mon, 02 Feb 2026 14:53:30 GMT",
agreements/agreements_20260607_025243/TEXAS/Armstrong_County_Sheriff's_Office/ArmstrongCoSheriffsOfficeTX_TFM_MOA_01262026.pdf,9cf4a27ec066fb689db848130c218d24113d59c4f9bde09e0b66a812bb6b3ed6,https://www.ice.gov/doclib/287gMOA/ArmstrongCoSheriffsOfficeTX_TFM_MOA_01262026.pdf,2026-09-12T21:03:25Z,TEXAS,Armstrong County Sheriff's Office,ArmstrongCoSheriffsOfficeTX_TFM_MOA_01262026.pdf,MOA; revalidated; bytes identical,"""53dd5cb78309aa32ebe3d77159be9e0a:1770147727.940612""","Tue, 03 Feb 2026 19:42:07 GMT",
agreements/agreements_20260607_025243/TEXAS/Brewster_County_Sheriff's_Office/BrewsterCoSheriffsOfficeTX_WSO_MOA_01262026.pdf,e7a5fcd41588f48e7e99bf004abf0d6e468c8fe6f4410bc4ed759c9fc3d5dbdf,https://www.ice.gov/doclib/287gMOA/BrewsterCoSheriffsOfficeTX_WSO_MOA_01262026.pdf,2026-09-12T21:03:25Z,TEXAS,Brewster County Sheriff's Office,BrewsterCoSheriffsOfficeTX_WSO_MOA_01262026.pdf,MOA; revalidated; bytes identical,"""ab2f37af6fc8cddc3db4696599f6d62a:1770147715.398859""","Tue, 03 Feb 2026 19:41:55 GMT",
agreements/agreements_20260607_025243/TEXAS/Cameron_County_Sheriff's_Office_/CameronCoSheriffsOfficeTX_WSO_MOA_01262026.pdf,ccbd0d0f688684022627b100e651a694fed47ea46706b93f55d0250dba1575db,https://www.ice.gov/doclib/287gMOA/CameronCoSheriffsOfficeTX_WSO_MOA_01262026.pdf,2026-09-12T21:03:25Z,TEXAS,Cameron County Sheriff's Office,CameronCoSheriffsOfficeTX_WSO_MOA_01262026.pdf,MOA; revalidated; bytes identical,"""13218930633ea035fb8724c1f66eca10:1770147721.51155""","Tue, 03 Feb 2026 19:42:01 GMT",
agreements/agreements_20260607_025243/TENNESSEE/Meigs_County_Sheriff's_Office/MeigsCoSheriffsOfficeTN_WSO_MOA_01262026.pdf,484f99bb7a9b4b8a82e61c72acda04a95a6e06890d131d35b2ea01b0536d0e7c,https://www.ice.gov/doclib/287gMOA/MeigsCoSheriffsOfficeTN_WSO_MOA_01262026.pdf,2026-09-12T21:03:26Z,TENNESSEE,Meigs County Sheriff's Office,MeigsCoSheriffsOfficeTN_WSO_MOA_01262026.pdf,MOA; revalidated; bytes identical,"""5e170b94d1dfb4d7cdff085675e9bb52:1770147722.217944""","Tue, 03 Feb 2026 19:42:02 GMT",
agreements/agreements_20260607_025243/TENNESSEE/Sequatchie_County_Sheriff's_Office/SequatchieCoSheriffsOfficeTN_WSO_MOA_01262026.pdf,4d1e544de8a7966cef79b772722d3b43a2b89acd4f7df06ffa589e5b483cd110,https://www.ice.gov/doclib/287gMOA/SequatchieCoSheriffsOfficeTN_WSO_MOA_01262026.pdf,2026-09-12T21:03:26Z,TENNESSEE,Sequatchie County Sheriff's Office,SequatchieCoSheriffsOfficeTN_WSO_MOA_01262026.pdf,MOA; revalidated; bytes identical,"""4488ff605278f70c71a5418a3b12b7d4:1770147721.415524""","Tue, 03 Feb 2026 19:42:01 GMT",
agreements/agreements_20260607_025243/TENNESSEE/Weakley_County_Sheriff's_Office/WeakleyCoSheriffsOfficeTN_WSO_MOA_01262026.pdf,6fd18153e2577a93ef6a7f7fdda1d3e884317189368d73aea41ca1c086bb8225,https://www.ice.gov/doclib/287gMOA/WeakleyCoSheriffsOfficeTN_WSO_MOA_01262026.pdf,2026-09-12T21:03:26Z,TENNESSEE,Weakley County Sheriff's Office,WeakleyCoSheriffsOfficeTN_WSO_MOA_01262026.pdf,MOA; revalidated; bytes identical,"""d465de80e5cd61c18153755ab1e12288:1770147719.535398""","Tue, 03 Feb 2026 19:41:59 GMT",
agreements/agreements_20260607_025243/TENNESSEE/Wilson_County_Sheriff's_Office_/WilsonCoSheriffsOfficeTN_WSO_MOA_01262026.pdf,c3678415dbe30f4ed102ba157213180af7026847ac57f431baefa5a229dcceda,https://www.ice.gov/doclib/287gMOA/WilsonCoSheriffsOfficeTN_WSO_MOA_01262026.pdf,2026-09-12T21:03:26Z,TENNESSEE,Wilson County Sheriff's Office,WilsonCoSheriffsOfficeTN_WSO_MOA_01262026.pdf,MOA; revalidated; bytes identical,"""5c7a106631d1bf642e5748d0d1070b03:1770147732.458687""","Tue, 03 Feb 2026 19:42:12 GMT",
agreements/agreements_20260607_025243/PENNSYLVANIA/Bessemer_Borough_Police_Department/BessemerBoroughPoliceDeptPA_TFM_MOA_01262026.pdf,d25aa961b843f2cbbefb0cf5f1e8f39f80ee056eec8262f114efe05f1fa3391f,https://www.ice.gov/doclib/287gMOA/BessemerBoroughPoliceDeptPA_TFM_MOA_01262026.pdf,2026-09-12T21:03:27Z,PENNSYLVANIA,Bessemer Borough Police Department,BessemerBoroughPoliceDeptPA_TFM_MOA_01262026.pdf,MOA; revalidated; bytes identical,"""41f8466f59ced23bdbc5dd14b44c82d7:1770147396.099699""","Tue, 03 Feb 2026 19:36:36 GMT",
agreements/agreements_20260607_025243/PENNSYLVANIA/Bradford_Police_Department/BradfordPoliceDeptPA_TFM_MOA_01262026.pdf,d5f4df7a96e39336ab791c8c4ccd3b8062560978289e2d7aa3855e3d83aa0953,https://www.ice.gov/doclib/287gMOA/BradfordPoliceDeptPA_TFM_MOA_01262026.pdf,2026-09-12T21:03:27Z,PENNSYLVANIA,Bradford Police Department,BradfordPoliceDeptPA_TFM_MOA_01262026.pdf,MOA; revalidated; bytes identical,"""0d40a9bc39c8ce6ce856bb949af736d7:1770147399.562699""","Tue, 03 Feb 2026 19:36:39 GMT",
agreements/agreements_20260607_025243/SOUTH_DAKOTA/Centerville_Police_Department/CentervillePoliceDeptSD_TFM_MOA_01262026.pdf,a09d6105c2d1000655a79047c1f70b10da491fcf1413f9f5dca193f34fd69f47,https://www.ice.gov/doclib/287gMOA/CentervillePoliceDeptSD_TFM_MOA_01262026.pdf,2026-09-12T21:03:27Z,SOUTH DAKOTA,Centerville Police Department,CentervillePoliceDeptSD_TFM_MOA_01262026.pdf,MOA; revalidated; bytes identical,"""e41b66c98bad06e1d4046bf5e569fe00:1770147396.280322""","Tue, 03 Feb 2026 19:36:36 GMT",
agreements/agreements_20260607_025243/SOUTH_CAROLINA/Clinton_Police_Department/ClintonPoliceDeptSC_TFM_MOA_01262026.pdf,8be4c44f7d5ccc1a79083743dbc3af56445b9419d1da2f1d0237f03abab0abde,https://www.ice.gov/doclib/287gMOA/ClintonPoliceDeptSC_TFM_MOA_01262026.pdf,2026-09-12T21:03:28Z,SOUTH CAROLINA,Clinton Police Department,ClintonPoliceDeptSC_TFM_MOA_01262026.pdf,MOA; revalidated; bytes identical,"""521d5c75084fb6391441db9e83fab9eb:1770147395.506655""","Tue, 03 Feb 2026 19:36:35 GMT",
agreements/agreements_20260607_025243/PENNSYLVANIA/Lewistown_Borough_Constable's_Office/LewistownBoroughConstableOfficePA_TFM_MOA_01262026.pdf,d94fd89a08e8fc655a0e54c152c2e2626eb9809afbbc92ce831c0445973af202,https://www.ice.gov/doclib/287gMOA/LewistownBoroughConstableOfficePA_TFM_MOA_01262026.pdf,2026-09-12T21:03:28Z,PENNSYLVANIA,Lewistown Borough Constable's Office,LewistownBoroughConstableOfficePA_TFM_MOA_01262026.pdf,MOA; revalidated; bytes identical,"""8828f572fec171b93be1058ecaf51af5:1770147393.583036""","Tue, 03 Feb 2026 19:36:33 GMT",
agreements/agreements_20260607_025243/OHIO/Russellville_Police_Department_/RussellvillePoliceDeptOH_TFM_MOA_01262026.pdf,9506f36f8e3bfd9b37824a0b3527efc2a0777b7fe4b92d267ba2b3b57ee808c1,https://www.ice.gov/doclib/287gMOA/RussellvillePoliceDeptOH_TFM_MOA_01262026.pdf,2026-09-12T21:03:28Z,OHIO,Russellville Police Department,RussellvillePoliceDeptOH_TFM_MOA_01262026.pdf,MOA; revalidated; bytes identical,"""d4ec570dbd118cdd7907ea67673a9e55:1770147394.932141""","Tue, 03 Feb 2026 19:36:34 GMT",
agreements/agreements_20260607_025243/PENNSYLVANIA/Schuylkill_County_Sheriff's_Office_/SchuylkillCoSheriffsOfficePA_TFM_MOA_01262026.pdf,04197e015ddafede7fc3cf2a6f1c2430c1521a55aa255ca3d86c52b465954eae,https://www.ice.gov/doclib/287gMOA/SchuylkillCoSheriffsOfficePA_TFM_MOA_01262026.pdf,2026-09-12T21:03:28Z,PENNSYLVANIA,Schuylkill County Sheriff's Office,SchuylkillCoSheriffsOfficePA_TFM_MOA_01262026.pdf,MOA; revalidated; bytes identical,"""424cd616da5500c72447ac6370bbac40:1770147396.521479""","Tue, 03 Feb 2026 19:36:36 GMT",
agreements/agreements_20260607_025243/TEXAS/Cass_County_Sheriff's_Office_/CassCoSheriffsOfficeTX_JEM_MOA_01262026.pdf,7e47b3bf0075228ae12892cbe56ab29694a2dacd9de7ca84845c20ee65c9b4fc,https://www.ice.gov/doclib/287gMOA/CassCoSheriffsOfficeTX_JEM_MOA_01262026.pdf,2026-09-12T21:03:29Z,TEXAS,Cass County Sheriff's Office,CassCoSheriffsOfficeTX_JEM_MOA_01262026.pdf,MOA; revalidated; bytes identical,"""dd68d8e9b478a1271a0abc42de28a955:1770148290.534256""","Tue, 03 Feb 2026 19:51:30 GMT",
agreements/agreements_20260607_025243/TEXAS/Collin_County_Sheriff's_Office_/CollinCoSheriffsOfficeTX_JEM_MOA_01262026.pdf,1d83126deeba9178363ec44ef541f896b921319ea0d8d7315bc0eb9418f00c03,https://www.ice.gov/doclib/287gMOA/CollinCoSheriffsOfficeTX_JEM_MOA_01262026.pdf,2026-09-12T21:03:29Z,TEXAS,Collin County Sheriff's Office,CollinCoSheriffsOfficeTX_JEM_MOA_01262026.pdf,MOA; revalidated; bytes identical,"""f243e11039e6e3dabd13ab6d3ef82108:1770148294.159649""","Tue, 03 Feb 2026 19:51:34 GMT",
agreements/agreements_20260607_025243/TEXAS/Denton_County_Sheriff's_Office/DentonCoSheriffsOfficeTX_TFM_MOA_01262026.pdf,46064690365b171c964a98d0c372027992858d9d27e469ca468dc69f05e8536c,https://www.ice.gov/doclib/287gMOA/DentonCoSheriffsOfficeTX_TFM_MOA_01262026.pdf,2026-09-12T21:03:29Z,TEXAS,Denton County Sheriff's Office,DentonCoSheriffsOfficeTX_TFM_MOA_01262026.pdf,MOA; revalidated; bytes identical,"""67cc2e0efeb26601dcb18f4d3c3f44b0:1770148298.92451""","Tue, 03 Feb 2026 19:51:38 GMT",
agreements/agreements_20260607_025243/TEXAS/East_Mountain_Police_Department/EastMountainPoliceDeptTX_TFM_MOA_01262026.pdf,617ec83da191a389047eb5e4452a40879f0802b4b0431472ee887804e066c065,https://www.ice.gov/doclib/287gMOA/EastMountainPoliceDeptTX_TFM_MOA_01262026.pdf,2026-09-12T21:03:29Z,TEXAS,East Mountain Police Department,EastMountainPoliceDeptTX_TFM_MOA_01262026.pdf,MOA; revalidated; bytes identical,"""75110f1ce84f888d9db3fa2aa04fb3ec:1770148292.740919""","Tue, 03 Feb 2026 19:51:32 GMT",
agreements/agreements_20260607_025243/TEXAS/Fannin_County_Criminal_District_Attorney's_Office/FanninCoCriminalDA_OfficeTX_TFM_MOA_01262026.pdf,218d869e69291572beb963855b1ccb8820187bf1f4b649489615a6bbb6372fc8,https://www.ice.gov/doclib/287gMOA/FanninCoCriminalDA_OfficeTX_TFM_MOA_01262026.pdf,2026-09-12T21:03:30Z,TEXAS,Fannin County Criminal District Attorney's Office,FanninCoCriminalDA_OfficeTX_TFM_MOA_01262026.pdf,MOA; revalidated; bytes identical,"""799305455c89b16962c57fa5f5a249f4:1770148290.483194""","Tue, 03 Feb 2026 19:51:30 GMT",
agreements/agreements_20260607_025243/TEXAS/Fannin_County_Sheriff's_Office/FanninCoSheriffsOfficeTX_TFM_MOA_01262026.pdf,408eb1ae3d341c5abd38fdd9e171bf4c6b1487ea3f084c2448026bdc2d064070,https://www.ice.gov/doclib/287gMOA/FanninCoSheriffsOfficeTX_TFM_MOA_01262026.pdf,2026-09-12T21:03:30Z,TEXAS,Fannin County Sheriff's Office,FanninCoSheriffsOfficeTX_TFM_MOA_01262026.pdf,MOA; revalidated; bytes identical,"""7aef3ed1fd0ec0b81ba3390a61870107:1770148289.666947""","Tue, 03 Feb 2026 19:51:29 GMT",
agreements/agreements_20260607_025243/TEXAS/Freestone_County_Constable_Precinct_3/FreestoneCoConstablePrecinct3_TX_TFM_MOA_01262026.pdf,f5e5b764d249c9ef577995c1d3e8ad7e1b697f204b023da512bd9e3b9dbf80bf,https://www.ice.gov/doclib/287gMOA/FreestoneCoConstablePrecinct3_TX_TFM_MOA_01262026.pdf,2026-09-12T21:03:30Z,TEXAS,Freestone County Constable Precinct 3,FreestoneCoConstablePrecinct3_TX_TFM_MOA_01262026.pdf,MOA; revalidated; bytes identical,"""4f813585e2f4a0020e76df73400f262c:1770148296.936403""","Tue, 03 Feb 2026 19:51:36 GMT",
agreements/agreements_20260607_025243/TEXAS/Hallettsville_Police_Department/HallettsvillePoliceDeptTX_TFM_MOA_01262026.pdf,b3c0ccb840a4e26e20b1d90b83b2f75722339f048b0fc86de2d58562b8d02fac,https://www.ice.gov/doclib/287gMOA/HallettsvillePoliceDeptTX_TFM_MOA_01262026.pdf,2026-09-12T21:03:31Z,TEXAS,Hallettsville Police Department,HallettsvillePoliceDeptTX_TFM_MOA_01262026.pdf,MOA; revalidated; bytes identical,"""21d5697b04f75655c89a51ae38e33870:1770148783.380119""","Tue, 03 Feb 2026 19:59:43 GMT",
agreements/agreements_20260607_025243/TEXAS/Haskell_Police_Department/HaskellPoliceDeptTX_TFM_MOA_01262026 2.pdf,69052e44c7c290cb749a0d2d8c2a91eb85c68022aa68ca4c774b1939e537cee1,https://www.ice.gov/doclib/287gMOA/HaskellPoliceDeptTX_TFM_MOA_01262026.pdf,2026-09-12T21:03:31Z,TEXAS,Haskell Police Department,HaskellPoliceDeptTX_TFM_MOA_01262026 2.pdf,MOA; revalidated; bytes identical,"""630d59608992bc11d41e425c3cf5895b:1770148789.872153""","Tue, 03 Feb 2026 19:59:49 GMT",
agreements/agreements_20260607_025243/TEXAS/Hollywood_Park_Police_Department/HollywoodParkPoliceDeptTX_TFM_MOA_01262026 2.pdf,4df80aaa23bc8ea52f824b4675e6b27685c173b720154090b4c2898fcd37e404,https://www.ice.gov/doclib/287gMOA/HollywoodParkPoliceDeptTX_TFM_MOA_01262026.pdf,2026-09-12T21:03:31Z,TEXAS,Hollywood Park Police Department,HollywoodParkPoliceDeptTX_TFM_MOA_01262026 2.pdf,MOA; revalidated; bytes identical,"""cc35dbc2ee8e8f30cf6f4a41025fa257:1770148790.862077""","Tue, 03 Feb 2026 19:59:50 GMT",
agreements/agreements_20260607_025243/TEXAS/Hopkins_County_Sheriff's_Office_/HopkinCoSheriffsOfficeTX_TFM_MOA_01262026.pdf,c7ecc3f9fa0d31b4b4b3459bf555883f5438237d27622ef17e8409ce03b3e6f6,https://www.ice.gov/doclib/287gMOA/HopkinCoSheriffsOfficeTX_TFM_MOA_01262026.pdf,2026-09-12T21:03:31Z,TEXAS,Hopkins County Sheriff's Office,HopkinCoSheriffsOfficeTX_TFM_MOA_01262026.pdf,MOA; revalidated; bytes identical,"""8fdad07e6dada6cd9089c3a4eb957e66:1770148798.190225""","Tue, 03 Feb 2026 19:59:58 GMT",
agreements/agreements_20260607_025243/TEXAS/Kaufman_County_Sheriff's_Office_/KaufmanCoSheriffsOfficeTX_JEM_MOA_01262026.pdf,09aa2432fe1c1f04329702ec828c2b1cc61c521d95e8d994b56dcbdc7086fd27,https://www.ice.gov/doclib/287gMOA/KaufmanCoSheriffsOfficeTX_JEM_MOA_01262026.pdf,2026-09-12T21:03:32Z,TEXAS,Kaufman County Sheriff's Office,KaufmanCoSheriffsOfficeTX_JEM_MOA_01262026.pdf,MOA; revalidated; bytes identical,"""b683da56a5b30dac7b42bd732d54dd72:1770148805.78491""","Tue, 03 Feb 2026 20:00:05 GMT",
agreements/agreements_20260607_025243/ALABAMA/Demopolis_Police_Department/DemopolisPoliceDeptAL_TFM_MOA_01262026.pdf,5f49e5ef6a54a591d29738866d80c88bb0c9439717ff9c01804d6cc657df7c09,https://www.ice.gov/doclib/287gMOA/DemopolisPoliceDeptAL_TFM_MOA_01262026.pdf,2026-09-12T21:03:32Z,ALABAMA,Demopolis Police Department,DemopolisPoliceDeptAL_TFM_MOA_01262026.pdf,MOA; revalidated; bytes identical,"""095ef21331c2659bda07c85097639bd9:1770218320.573321""","Wed, 04 Feb 2026 15:18:40 GMT",
agreements/agreements_20260607_025243/MINNESOTA/Isle_Police_Department/IslePoliceDeptMN_TFM_MOA_01262026.pdf,8f67802143853bdbdf0ee5441eed30cf8e36e4ad5384ed9ac91fa8b0a0b5b2d7,https://www.ice.gov/doclib/287gMOA/IslePoliceDeptMN_TFM_MOA_01262026.pdf,2026-09-12T21:03:32Z,MINNESOTA,Isle Police Department,IslePoliceDeptMN_TFM_MOA_01262026.pdf,MOA; revalidated; bytes identical,"""d420059eaa5a1513348c35933132c66a:1770218320.509389""","Wed, 04 Feb 2026 15:18:40 GMT",
agreements/agreements_20260607_025243/ALABAMA/Jackson's_Gap_Police_Department/JacksonsGapPoliceDeptAL_TFM_MOA_01262026.pdf,d236e72144f7d25fac0afb948bcd3037d8595a653b36f2bbc03b117790f2777d,https://www.ice.gov/doclib/287gMOA/JacksonsGapPoliceDeptAL_TFM_MOA_01262026.pdf,2026-09-12T21:03:33Z,ALABAMA,Jackson's Gap Police Department,JacksonsGapPoliceDeptAL_TFM_MOA_01262026.pdf,MOA; revalidated; bytes identical,"""54b65ca9eb5928f2430e12b8198a5ded:1770218322.368112""","Wed, 04 Feb 2026 15:18:42 GMT",
agreements/agreements_20260607_025243/MISSOURI/Jefferson_County_Sheriff's_Office_/JeffersonCoSheriffsOfficeMO_TFM_MOA_01262026.pdf,9fb30721d63bde7e5f644ac2864fbc040bf2f1d20218b39c29148751090a80f1,https://www.ice.gov/doclib/287gMOA/JeffersonCoSheriffsOfficeMO_TFM_MOA_01262026.pdf,2026-09-12T21:03:33Z,MISSOURI,Jefferson County Sheriff's Office,JeffersonCoSheriffsOfficeMO_TFM_MOA_01262026.pdf,MOA; revalidated; bytes identical,"""7e952cb331ff72a62283ef1a8e92a285:1770218322.45045""","Wed, 04 Feb 2026 15:18:42 GMT",
agreements/agreements_20260607_025243/FLORIDA/Lake_Helen_Police_Department/LakeHelenPoliceDeptFL_TFM_MOA_01262026.pdf,554073fe196fd171dfe29a1adbbb557e0242ef83e7c1853e4037b0c0af60303f,https://www.ice.gov/doclib/287gMOA/LakeHelenPoliceDeptFL_TFM_MOA_01262026.pdf,2026-09-12T21:03:33Z,FLORIDA,Lake Helen Police Department,LakeHelenPoliceDeptFL_TFM_MOA_01262026.pdf,MOA; revalidated; bytes identical,"""791e9f6da8d67a76bbb5d190d1a8a1c6:1770218322.168547""","Wed, 04 Feb 2026 15:18:42 GMT",
agreements/agreements_20260607_025243/GEORGIA/Odum_Police_Department_/OdumPoliceDeptGA_TFM_MOA_01262026.pdf,42791c2ba98ab9364411f494ea226a50de133a622a91ac6a1a38ce6a4547caa8,https://www.ice.gov/doclib/287gMOA/OdumPoliceDeptGA_TFM_MOA_01262026.pdf,2026-09-12T21:03:33Z,GEORGIA,Odum Police Department,OdumPoliceDeptGA_TFM_MOA_01262026.pdf,MOA; revalidated; bytes identical,"""576062c5bbed79485ff8738319ef26c1:1770218323.079526""","Wed, 04 Feb 2026 15:18:43 GMT",
agreements/agreements_20260607_025243/KENTUCKY/Pendleton_County_Sheriff's_Office/PendletonCoSheriffsOfficeKY_TFM_MOA_01262026.pdf,69dff1bfbba5f591dc2dd73848c6901d8ef50534e311ec886f5f080b74950602,https://www.ice.gov/doclib/287gMOA/PendletonCoSheriffsOfficeKY_TFM_MOA_01262026.pdf,2026-09-12T21:03:34Z,KENTUCKY,Pendleton County Sheriff's Office,PendletonCoSheriffsOfficeKY_TFM_MOA_01262026.pdf,MOA; revalidated; bytes identical,"""b89e3a0c15153340bb5e14f2f38f46c0:1770218322.663261""","Wed, 04 Feb 2026 15:18:42 GMT",
agreements/agreements_20260607_025243/NEW_HAMPSHIRE/Epping_Police_Department/EppingPDNH_TFM_MOA_012626.pdf,3afc18aa3f843e8d20473d5aea6c8b9eb7e940cae7a4bcc4d7eca737ed6a0e0c,https://www.ice.gov/doclib/287gMOA/EppingPDNH_TFM_MOA_012626.pdf,2026-09-12T21:03:34Z,NEW HAMPSHIRE,Epping Police Department,EppingPDNH_TFM_MOA_012626.pdf,MOA; revalidated; bytes identical,"""859cf15963a2ef995e838e8d6f01586a:1770418533.823082""","Fri, 06 Feb 2026 22:55:33 GMT",
agreements/agreements_20260607_025243/NORTHERN_MARIANA_ISLANDS/CNMI_Department_of_Public_Safety/CNMIDPSMP_TFM_MOA_012626.pdf,5c8e2f0a180606f40db8cc03118de8848b641952f90e38573fd07b72652005fa,https://www.ice.gov/doclib/287gMOA/CNMIDPSMP_TFM_MOA_012626.pdf,2026-09-12T21:03:34Z,NORTHERN MARIANA ISLANDS,CNMI Department of Public Safety,CNMIDPSMP_TFM_MOA_012626.pdf,MOA; revalidated; bytes identical,"""44bef72285c12c78d0d64585e79871ce:1770418533.379177""","Fri, 06 Feb 2026 22:55:33 GMT",
agreements/agreements_20260607_025243/NORTHERN_MARIANA_ISLANDS/CNMI_Department_of_Corrections/CNMIDOCMP_MOA_LEA_012626.pdf,352f471712f698f8abb5e12e1b946af3cec039872e0ed258a72f392dad2e477b,https://www.ice.gov/doclib/287gMOA/CNMIDOCMP_MOA_LEA_012626.pdf,2026-09-12T21:03:34Z,NORTHERN MARIANA ISLANDS,CNMI Department of Corrections,CNMIDOCMP_MOA_LEA_012626.pdf,MOA; revalidated; bytes identical,"""be90296fff21bb25750856463817a930:1770418533.617853""","Fri, 06 Feb 2026 22:55:33 GMT",
agreements/agreements_20260607_025243/MISSISSIPPI/Wayne_County_Sheriff's_Department/WayneCoSOMS_TFM_MOA_012626.pdf,c38b1022cb8d900ecb01860af663654a7fcd9ac9dbaa7d4100ac0d59836574e5,https://www.ice.gov/doclib/287gMOA/WayneCoSOMS_TFM_MOA_012626.pdf,2026-09-12T21:03:35Z,MISSISSIPPI,Wayne County Sheriff's Department,WayneCoSOMS_TFM_MOA_012626.pdf,MOA; revalidated; bytes identical,"""ab4a7412be05c37e2290571e2e4e0420:1770418532.312399""","Fri, 06 Feb 2026 22:55:32 GMT",
agreements/agreements_20260607_025243/MISSOURI/Washington_County_Sheriff's_Office_/WashingtonCoSOMO_TFM_MOA_012626.pdf,0660db5c34759ccacd2eb47f1b61ece78c24ab60926a4ec2d18fe236e1c7203c,https://www.ice.gov/doclib/287gMOA/WashingtonCoSOMO_TFM_MOA_012626.pdf,2026-09-12T21:03:35Z,MISSOURI,Washington County Sheriff's Office,WashingtonCoSOMO_TFM_MOA_012626.pdf,MOA; revalidated; bytes identical,"""13668bd33021c354006be17682fb861e:1770418532.986651""","Fri, 06 Feb 2026 22:55:32 GMT",
agreements/agreements_20260607_025243/MISSOURI/Reeds_Spring_Police_Department/ReedsSpringPDMO_TFM_MOA_012626.pdf,33d62897e414d02c931f4b25ff45f37dc380c98aa1ef83f5e7b19a2d8eacd984,https://www.ice.gov/doclib/287gMOA/ReedsSpringPDMO_TFM_MOA_012626.pdf,2026-09-12T21:03:35Z,MISSOURI,Reeds Spring Police Department,ReedsSpringPDMO_TFM_MOA_012626.pdf,MOA; revalidated; bytes identical,"""9a26a2b622ce45e84578a4e3e6b1587c:1770418532.32092""","Fri, 06 Feb 2026 22:55:32 GMT",
agreements/agreements_20260607_025243/MISSOURI/Pineville_Police_Department/PinevillePDMO_TFM_MOA_012626.pdf,3f0e791ed3878a0353fa6ec0dba5e2f032ec30f4b0d1c6e5c0e4fcb76a94e13b,https://www.ice.gov/doclib/287gMOA/PinevillePDMO_TFM_MOA_012626.pdf,2026-09-12T21:03:36Z,MISSOURI,Pineville Police Department,PinevillePDMO_TFM_MOA_012626.pdf,MOA; revalidated; bytes identical,"""e183c68a00c4bf2a6ce30002391381f3:1770418532.00437""","Fri, 06 Feb 2026 22:55:32 GMT",
agreements/agreements_20260607_025243/MISSOURI/New_Madrid_County_Sheriff's_Office_/NewMadridCoSOMO_TFM_MOA_012626.pdf,5705f2beeee4cfaa45bbc1b71fa47357428cc2b75c5ad3fba819f3c81d1bf918,https://www.ice.gov/doclib/287gMOA/NewMadridCoSOMO_TFM_MOA_012626.pdf,2026-09-12T21:03:36Z,MISSOURI,New Madrid County Sheriff's Office,NewMadridCoSOMO_TFM_MOA_012626.pdf,MOA; revalidated; bytes identical,"""3144e88705c84686d7efd8c57719f80f:1770418532.083569""","Fri, 06 Feb 2026 22:55:32 GMT",
agreements/agreements_20260607_025243/MISSOURI/Grundy_County_Sheriff's_Office/GrundyCoSO_TFM_MOA_012626.pdf,746356ad3e6709473ff58f3a6f5931ae7f3f497acbb83a6b43446a4ff7293cf5,https://www.ice.gov/doclib/287gMOA/GrundyCoSO_TFM_MOA_012626.pdf,2026-09-12T21:03:36Z,MISSOURI,Grundy County Sheriff's Office,GrundyCoSO_TFM_MOA_012626.pdf,MOA; revalidated; bytes identical,"""a745faedb2d287d58f5456fe1f4406bb:1770418532.296466""","Fri, 06 Feb 2026 22:55:32 GMT",
agreements/agreements_20260607_025243/TEXAS/Real_County_Sheriff's_Office/RealCoSOTX_WSO_MOA_013026.pdf,63a5fdf1f22e45a39e4d5ae8fa863df378ed583842318b8f8118bfb688ae339c,https://www.ice.gov/doclib/287gMOA/RealCoSOTX_WSO_MOA_013026.pdf,2026-09-12T21:03:36Z,TEXAS,Real County Sheriff's Office,RealCoSOTX_WSO_MOA_013026.pdf,MOA; revalidated; bytes identical,"""9d565bb02ad57732a9de02b49389daa5:1770419005.904619""","Fri, 06 Feb 2026 23:03:25 GMT",
agreements/agreements_20260607_025243/TEXAS/McMullen_County_Sheriff's_Office/McMullenCoSOTX_TFM_MOA_013026.pdf,c462e387a59d8b39a186c23baac5536c6542487e298c10cc7b3960c747416fd1,https://www.ice.gov/doclib/287gMOA/McMullenCoSOTX_TFM_MOA_013026.pdf,2026-09-12T21:03:37Z,TEXAS,McMullen County Sheriff's Office,McMullenCoSOTX_TFM_MOA_013026.pdf,MOA; revalidated; bytes identical,"""8acda0d0d8b4950d29fd21c7a1a85b96:1770419005.6332""","Fri, 06 Feb 2026 23:03:25 GMT",
agreements/agreements_20260607_025243/TEXAS/Liberty_County_Sheriff's_Office/LibertyCoSOTX_WSO_MOA_013026.pdf,0279ab086886080b649e69d34e39dbcc2ef74f283ca605f96a2d4fbc7230e35d,https://www.ice.gov/doclib/287gMOA/LibertyCoSOTX_WSO_MOA_013026.pdf,2026-09-12T21:03:37Z,TEXAS,Liberty County Sheriff's Office,LibertyCoSOTX_WSO_MOA_013026.pdf,MOA; revalidated; bytes identical,"""8bcbcc11b75ce1badd14975f1f5092ba:1770419005.618208""","Fri, 06 Feb 2026 23:03:25 GMT",
agreements/agreements_20260607_025243/TEXAS/Hood_County_Sheriff's_Office/HoodCoSOTX_TFM_MOA_013026 2.pdf,025839b5e189bf8df6236f8394f40a59378a5fa11e3323eccfcdb9a1ad5c6163,https://www.ice.gov/doclib/287gMOA/HoodCoSOTX_TFM_MOA_013026.pdf,2026-09-12T21:03:37Z,TEXAS,Hood County Sheriff's Office,HoodCoSOTX_TFM_MOA_013026 2.pdf,MOA; revalidated; bytes identical,"""dcb0426b848dd7f4212e1a3e8cd908d8:1770419005.248861""","Fri, 06 Feb 2026 23:03:25 GMT",
agreements/agreements_20260607_025243/PENNSYLVANIA/Greene_Washington_Regional_Police_Department/GreeneWashingtonRegionalPDPA_TFM_MOA_013026.pdf,e32ae5659a172a8d02827f026dcfd5a5455213f968f91df9ffb61206df580666,https://www.ice.gov/doclib/287gMOA/GreeneWashingtonRegionalPDPA_TFM_MOA_013026.pdf,2026-09-12T21:03:38Z,PENNSYLVANIA,Greene Washington Regional Police Department,GreeneWashingtonRegionalPDPA_TFM_MOA_013026.pdf,MOA; revalidated; bytes identical,"""bf9fdbd3226ccd9b0a9a3208ded6e5ae:1770419005.461938""","Fri, 06 Feb 2026 23:03:25 GMT",
agreements/agreements_20260607_025243/KENTUCKY/Falmouth_Police_Department/FalmouthPDKY_TFM_MOA_013026.pdf,71375f55a85802eef51c1334d379ee2793d3e6a88006c22d6c321a00389c9d5a,https://www.ice.gov/doclib/287gMOA/FalmouthPDKY_TFM_MOA_013026.pdf,2026-09-12T21:03:38Z,KENTUCKY,Falmouth Police Department,FalmouthPDKY_TFM_MOA_013026.pdf,MOA; revalidated; bytes identical,"""31f800119a99480dfa2677fd4783c61d:1770419005.099053""","Fri, 06 Feb 2026 23:03:25 GMT",
agreements/agreements_20260607_025243/ALABAMA/Clarke_County_Sheriff's_Office/ClarkeCoSOAL_TFM_MOA_013026.pdf,b50656d7d858e2a505c0faecb7ac72efbb8962d116802177effca7e3a1cb2650,https://www.ice.gov/doclib/287gMOA/ClarkeCoSOAL_TFM_MOA_013026.pdf,2026-09-12T21:03:38Z,ALABAMA,Clarke County Sheriff's Office,ClarkeCoSOAL_TFM_MOA_013026.pdf,MOA; revalidated; bytes identical,"""84d1d292d26c82b2727c8d692faa9edf:1770419005.434216""","Fri, 06 Feb 2026 23:03:25 GMT",
agreements/agreements_20260607_025243/WEST_VIRGINIA/Richwood_Police_Department/RichwoodPDWV_TFM_MOA_012626.pdf,a9790a2514c8bd0f97a5c3853f20318b7cd4fefc36e32bff2a0574988fc15d89,https://www.ice.gov/doclib/287gMOA/RichwoodPDWV_TFM_MOA_012626.pdf,2026-09-12T21:03:38Z,WEST VIRGINIA,Richwood Police Department,RichwoodPDWV_TFM_MOA_012626.pdf,MOA; revalidated; bytes identical,"""931e80af9165b5452e8bd99aec813b44:1770418773.82688""","Fri, 06 Feb 2026 22:59:33 GMT",
agreements/agreements_20260607_025243/WEST_VIRGINIA/Hinton_Police_Department/HintonPDWV_TFM_MOA_012626.pdf,329c2b00f3992b585cf74aa6aa40da78eaf6c253d61459839712fd3c6d2d6290,https://www.ice.gov/doclib/287gMOA/HintonPDWV_TFM_MOA_012626.pdf,2026-09-12T21:03:39Z,WEST VIRGINIA,Hinton Police Department,HintonPDWV_TFM_MOA_012626.pdf,MOA; revalidated; bytes identical,"""8a72f62e4178be509cb19bb02549a62d:1770418773.840747""","Fri, 06 Feb 2026 22:59:33 GMT",
agreements/agreements_20260607_025243/WEST_VIRGINIA/Hurricane_Police_Department/HurricanePDWV_TFM_MOA_012626.pdf,0f55545b301577ba6cfc7605620011947dfebafd2b9f8fd92fa7aee150f1c002,https://www.ice.gov/doclib/287gMOA/HurricanePDWV_TFM_MOA_012626.pdf,2026-09-12T21:03:39Z,WEST VIRGINIA,Hurricane Police Department,HurricanePDWV_TFM_MOA_012626.pdf,MOA; revalidated; bytes identical,"""d05f332fbe0ee1e8bec40d03e624446e:1770418775.300804""","Fri, 06 Feb 2026 22:59:35 GMT",
agreements/agreements_20260607_025243/WEST_VIRGINIA/Lewis_County_Sheriff's_Office/LewisCoSOWV_TFM_MOA_012626.pdf,c55d457c9f4309e27ca1eddca47c07404273a96dde3fccc520404f237dfd186d,https://www.ice.gov/doclib/287gMOA/LewisCoSOWV_TFM_MOA_012626.pdf,2026-09-12T21:03:39Z,WEST VIRGINIA,Lewis County Sheriff's Office,LewisCoSOWV_TFM_MOA_012626.pdf,MOA; revalidated; bytes identical,"""e40e673fa50a0287ccf100ff8e5d1cd8:1770418773.655101""","Fri, 06 Feb 2026 22:59:33 GMT",
agreements/agreements_20260607_025243/WEST_VIRGINIA/McDowell_County_Sheriff's_Office/McDowellCoSOWV_TFM_MOA_012626.pdf,b5c48d149bd2c9e14310dae957d644849946d6ec0621fdf078524a112eda171d,https://www.ice.gov/doclib/287gMOA/McDowellCoSOWV_TFM_MOA_012626.pdf,2026-09-12T21:03:39Z,WEST VIRGINIA,McDowell County Sheriff's Office,McDowellCoSOWV_TFM_MOA_012626.pdf,MOA; revalidated; bytes identical,"""6ab8b2faf6d6b8e4b26200c89212a5d0:1770418773.622564""","Fri, 06 Feb 2026 22:59:33 GMT",
agreements/agreements_20260607_025243/OKLAHOMA/Bokchito_Police_Department/BokchitoPoliceDeptOK_TFM_MOA_02102026.pdf,d5c60e4cadffc669905e10b26c443e4debf23033d4311399bdf477d09975bb4a,https://www.ice.gov/doclib/287gMOA/BokchitoPoliceDeptOK_TFM_MOA_02102026.pdf,2026-09-12T21:03:40Z,OKLAHOMA,Bokchito Police Department,BokchitoPoliceDeptOK_TFM_MOA_02102026.pdf,MOA; revalidated; bytes identical,"""596115fd1fa39738024748cf4f8609ea:1772034958.548459""","Wed, 25 Feb 2026 15:55:58 GMT",
agreements/agreements_20260607_025243/TEXAS/Cass_County_Sheriff's_Office_/CassCoSheriffsOfficeTX_TFM_MOA_02102026.pdf,4c338739d8c2e5a51e690da22fc8f6520e37098df8b4ec32a001b6930b97e80d,https://www.ice.gov/doclib/287gMOA/CassCoSheriffsOfficeTX_TFM_MOA_02102026.pdf,2026-09-12T21:03:40Z,TEXAS,Cass County Sheriff's Office,CassCoSheriffsOfficeTX_TFM_MOA_02102026.pdf,MOA; revalidated; bytes identical,"""ce781b44f5197a388fcf626814264fdf:1772034938.824463""","Wed, 25 Feb 2026 15:55:38 GMT",
agreements/agreements_20260607_025243/PENNSYLVANIA/Lebanon_County_District_Attorney's_Office/LebanonCoDistrictAttorneyOfficePA_TFM_MOA_02102026.pdf,dff3da4afabd97dc48c30eaa85bae56d9b57ae93927a3f29f2e0893b7b54b9da,https://www.ice.gov/doclib/287gMOA/LebanonCoDistrictAttorneyOfficePA_TFM_MOA_02102026.pdf,2026-09-12T21:03:40Z,PENNSYLVANIA,Lebanon County District Attorney's Office,LebanonCoDistrictAttorneyOfficePA_TFM_MOA_02102026.pdf,MOA; revalidated; bytes identical,"""1702b071ed8526df0a431c5d535ebc80:1772034958.975202""","Wed, 25 Feb 2026 15:55:58 GMT",
agreements/agreements_20260607_025243/PENNSYLVANIA/Lebanon_County_Regional_Police_Department_/LebanonCoRegPoliceDeptPA_TFM_MOA_02102026.pdf,ec78241ea0255a51aa4d15486627dafde6f12d01c0ccfd5098fed3a9bde1d4a0,https://www.ice.gov/doclib/287gMOA/LebanonCoRegPoliceDeptPA_TFM_MOA_02102026.pdf,2026-09-12T21:03:41Z,PENNSYLVANIA,Lebanon County Regional Police Department,LebanonCoRegPoliceDeptPA_TFM_MOA_02102026.pdf,MOA; revalidated; bytes identical,"""0e8c3f8c8c20f133b960deff81578927:1772034950.12554""","Wed, 25 Feb 2026 15:55:50 GMT",
agreements/agreements_20260607_025243/PENNSYLVANIA/Lebanon_County_Sheriff's_Office_/LebanonCoSheriffsOfficePA_TFM_MOA_02102026.pdf,228108e68c37b4911076f27e1afcbdc05b9b72187e2bcccef2448d7a5e04482b,https://www.ice.gov/doclib/287gMOA/LebanonCoSheriffsOfficePA_TFM_MOA_02102026.pdf,2026-09-12T21:03:41Z,PENNSYLVANIA,Lebanon County Sheriff's Office,LebanonCoSheriffsOfficePA_TFM_MOA_02102026.pdf,MOA; revalidated; bytes identical,"""543e26af5a7678a61a6b561d0b3e5037:1772035008.004925""","Wed, 25 Feb 2026 15:56:48 GMT",
agreements/agreements_20260607_025243/OKLAHOMA/McIntosh_County_Sheriff's_Office/McIntoshCoSheriffsOfficeOK_TFM_MOA_02102026.pdf,7cc562cb579c0dbcf60a0101780cb94fc5549a2563c33e5e097c46148fadbfdf,https://www.ice.gov/doclib/287gMOA/McIntoshCoSheriffsOfficeOK_TFM_MOA_02102026.pdf,2026-09-12T21:03:41Z,OKLAHOMA,McIntosh County Sheriff's Office,McIntoshCoSheriffsOfficeOK_TFM_MOA_02102026.pdf,MOA; revalidated; bytes identical,"""00d8586a3fc90739698465403bbbe33e:1772034977.963597""","Wed, 25 Feb 2026 15:56:17 GMT",
agreements/agreements_20260607_025243/PENNSYLVANIA/South_Lebanon_Township_Police_Department/SouthLebanonTwnshpPoliceDeptPA_TFM_MOA_02102026.pdf,f5bcfb1c65d3f161784a6eef289653672e9eb7c47288ae6464fdf8789fe1ebe0,https://www.ice.gov/doclib/287gMOA/SouthLebanonTwnshpPoliceDeptPA_TFM_MOA_02102026.pdf,2026-09-12T21:03:41Z,PENNSYLVANIA,South Lebanon Township Police Department,SouthLebanonTwnshpPoliceDeptPA_TFM_MOA_02102026.pdf,MOA; revalidated; bytes identical,"""992af29d01eb146e2136d123e00efb65:1772034988.581429""","Wed, 25 Feb 2026 15:56:28 GMT",
agreements/agreements_20260607_025243/OKLAHOMA/Stratford_Police_Department/StratfordPoliceDeptOK_TFM_MOA_02102026.pdf,847e77dd557ed91f620e4e56bc7525d1ff7e046ed4e1cb250e03bf77c06d89a8,https://www.ice.gov/doclib/287gMOA/StratfordPoliceDeptOK_TFM_MOA_02102026.pdf,2026-09-12T21:03:42Z,OKLAHOMA,Stratford Police Department,StratfordPoliceDeptOK_TFM_MOA_02102026.pdf,MOA; revalidated; bytes identical,"""f56462ff1f43acdb44f5dc223b55947f:1772034981.065866""","Wed, 25 Feb 2026 15:56:21 GMT",
agreements/agreements_20260607_025243/KANSAS/Caney_Police_Department/CaneyPoliceDeptKS_TFM_MOA_02102026.pdf,5264bfccbeb51fff9b2182b4579625abc3ac54c11f1ed562d205162babc7de34,https://www.ice.gov/doclib/287gMOA/CaneyPoliceDeptKS_TFM_MOA_02102026.pdf,2026-09-12T21:03:42Z,KANSAS,Caney Police Department,CaneyPoliceDeptKS_TFM_MOA_02102026.pdf,MOA; revalidated; bytes identical,"""54eaa837c90dd9888488eee5d50ebd29:1772028294.960889""","Wed, 25 Feb 2026 14:04:54 GMT",
agreements/agreements_20260607_025243/KENTUCKY/McCracken_County_Sheriff's_Office_/McCrackenCoSheriffsOfficeKY_TFM_MOA_01262026.pdf,f9e30db02f9a74f1e3d3e6392246efd65e8d3ad20b911d2851c8c1a83918625b,https://www.ice.gov/doclib/287gMOA/McCrackenCoSheriffsOfficeKY_TFM_MOA_01262026.pdf,2026-09-12T21:03:42Z,KENTUCKY,McCracken County Sheriff's Office,McCrackenCoSheriffsOfficeKY_TFM_MOA_01262026.pdf,MOA; revalidated; bytes identical,"""1e436d2634433d0f6d00744032ed920a:1772028253.077668""","Wed, 25 Feb 2026 14:04:13 GMT",
agreements/agreements_20260607_025243/GEORGIA/Pearson_Police_Department/PearsonPoliceDeptGA_TFM_MOA_02102026.pdf,b330cf86dd2ad31a1323abb82e30a161a701d75805b6df72f4eb44373062607f,https://www.ice.gov/doclib/287gMOA/PearsonPoliceDeptGA_TFM_MOA_02102026.pdf,2026-09-12T21:03:42Z,GEORGIA,Pearson Police Department,PearsonPoliceDeptGA_TFM_MOA_02102026.pdf,MOA; revalidated; bytes identical,"""523bafa21d191fc5f413061526461ce8:1772028275.373607""","Wed, 25 Feb 2026 14:04:35 GMT",
agreements/agreements_20260607_025243/KANSAS/Pottawatomie_County_Sheriff's_Office/PottawatomieCoSheriffsOfficeKS_WSO_MOA_02102026.pdf,50a28988c1576348170774e6399a4dd450ba600d0478a39359f5d8f5339c233a,https://www.ice.gov/doclib/287gMOA/PottawatomieCoSheriffsOfficeKS_WSO_MOA_02102026.pdf,2026-09-12T21:03:43Z,KANSAS,Pottawatomie County Sheriff's Office,PottawatomieCoSheriffsOfficeKS_WSO_MOA_02102026.pdf,MOA; revalidated; bytes identical,"""c45169558d4839db8b1245d0b7fe0d72:1772028272.454243""","Wed, 25 Feb 2026 14:04:32 GMT",
agreements/agreements_20260607_025243/INDIANA/Stinesville_Police_Department/StinesvillePoliceDeptIN_TFM_MOA_02102026.pdf,0b90555de3ad925617d28696d277b6498f4ffbc891e4a8ef76f94d15c5180007,https://www.ice.gov/doclib/287gMOA/StinesvillePoliceDeptIN_TFM_MOA_02102026.pdf,2026-09-12T21:03:43Z,INDIANA,Stinesville Police Department,StinesvillePoliceDeptIN_TFM_MOA_02102026.pdf,MOA; revalidated; bytes identical,"""df0e7f9dafb399dff724c49e77771a51:1772028252.78404""","Wed, 25 Feb 2026 14:04:12 GMT",
agreements/agreements_20260607_025243/FLORIDA/University_of_South_Florida_Police_Department/univSouthFloridaPoliceDeptFL_TFM_MOA_02102026.pdf,3c714025d8a297573e6ba535a04111e1f847264375812c866e17f21f17ec263b,https://www.ice.gov/doclib/287gMOA/univSouthFloridaPoliceDeptFL_TFM_MOA_02102026.pdf,2026-09-12T21:03:43Z,FLORIDA,University of South Florida Police Department,univSouthFloridaPoliceDeptFL_TFM_MOA_02102026.pdf,MOA; revalidated; bytes identical,"""84dfbc54fb0c46efcc3ca5a05eb010d4:1772028270.64904""","Wed, 25 Feb 2026 14:04:30 GMT",
agreements/agreements_20260607_025243/GEORGIA/Walker_County_Sheriff's_Office/WalkerCoSheriffsOfficeGA_JEM_MOA_02242025.pdf,0005391cca278255dc0e17612e9c3fc4354137e2e5e1bdea74a2f5576059218c,https://www.ice.gov/doclib/287gMOA/WalkerCoSheriffsOfficeGA_JEM_MOA_02242025.pdf,2026-09-12T21:03:44Z,GEORGIA,Walker County Sheriff's Office,WalkerCoSheriffsOfficeGA_JEM_MOA_02242025.pdf,MOA; revalidated; bytes identical,"""3f287be7a90773cfc7688acdd61a1380:1772028295.324745""","Wed, 25 Feb 2026 14:04:55 GMT",
agreements/agreements_20260607_025243/MISSISSIPPI/Carthage_Police_Department/CarthagePoliceDeptMS_TFM_MOA_02102026.pdf,3ec509ea19eaeb31f5112ab2e48a0c5149090cb69259d17c7302bd2107c77802,https://www.ice.gov/doclib/287gMOA/CarthagePoliceDeptMS_TFM_MOA_02102026.pdf,2026-09-12T21:03:44Z,MISSISSIPPI,Carthage Police Department,CarthagePoliceDeptMS_TFM_MOA_02102026.pdf,MOA; revalidated; bytes identical,"""20c5271d1652ffab8443e4ff29a6f071:1772027859.065409""","Wed, 25 Feb 2026 13:57:39 GMT",
agreements/agreements_20260607_025243/MISSOURI/Lincoln_County_Sheriff's_Office/LincolnCoSheriffsOfficeMO_TFM_MOA_02102026.pdf,a00edbcc7f0efc381353dc32a9db0476935736087595f15420258fa4b5db49cb,https://www.ice.gov/doclib/287gMOA/LincolnCoSheriffsOfficeMO_TFM_MOA_02102026.pdf,2026-09-12T21:03:44Z,MISSOURI,Lincoln County Sheriff's Office,LincolnCoSheriffsOfficeMO_TFM_MOA_02102026.pdf,MOA; revalidated; bytes identical,"""391081c710e4de247bcc8a2e5419f1cb:1772027873.550927""","Wed, 25 Feb 2026 13:57:53 GMT",
agreements/agreements_20260607_025243/MISSISSIPPI/Neshoba_County_Sheriff's_Office/NeshobaCoSheriffsOfficeMS_TFM_MOA_02102026.pdf,9b29abc5a5eec769a3150a9686f42e14157e89d2aa4b20e059f6bd580a13d8dd,https://www.ice.gov/doclib/287gMOA/NeshobaCoSheriffsOfficeMS_TFM_MOA_02102026.pdf,2026-09-12T21:03:44Z,MISSISSIPPI,Neshoba County Sheriff's Office,NeshobaCoSheriffsOfficeMS_TFM_MOA_02102026.pdf,MOA; revalidated; bytes identical,"""093a544bab5b62a8c465fbee519796a8:1772027877.894926""","Wed, 25 Feb 2026 13:57:57 GMT",
agreements/agreements_20260607_025243/MISSISSIPPI/Newton_County_Sheriff's_Department/NewtonCoSheriffsOfficeMS_TFM_MOA_02102026.pdf,8242ee6cd69fc5f810c8d13a0f34aa846e04ef2f26ea3c7156087750a631b13b,https://www.ice.gov/doclib/287gMOA/NewtonCoSheriffsOfficeMS_TFM_MOA_02102026.pdf,2026-09-12T21:03:45Z,MISSISSIPPI,Newton County Sheriff's Department,NewtonCoSheriffsOfficeMS_TFM_MOA_02102026.pdf,MOA; revalidated; bytes identical,"""003c4f65bbff6dfd352359b09dd071f3:1772027858.989815""","Wed, 25 Feb 2026 13:57:38 GMT",
agreements/agreements_20260607_025243/MISSISSIPPI/Pearl_Police_Department/PearlPoliceDeptMS_TFM_MOA_02102026.pdf,215b0ce09819e991fc561064904c731c459330e3c74494b69c0b695a48afaeeb,https://www.ice.gov/doclib/287gMOA/PearlPoliceDeptMS_TFM_MOA_02102026.pdf,2026-09-12T21:03:45Z,MISSISSIPPI,Pearl Police Department,PearlPoliceDeptMS_TFM_MOA_02102026.pdf,MOA; revalidated; bytes identical,"""4180051554229cda24fa95d5656340e4:1772027868.543288""","Wed, 25 Feb 2026 13:57:48 GMT",
agreements/agreements_20260607_025243/MISSISSIPPI/Union_Police_Department/UnionPoliceDeptMS_TFM_MOA_02102026.pdf,99980ad1b2e6dce79e5a8eab6b934ecf6456fc7296c40f6b84459edb409aa771,https://www.ice.gov/doclib/287gMOA/UnionPoliceDeptMS_TFM_MOA_02102026.pdf,2026-09-12T21:03:45Z,MISSISSIPPI,Union Police Department,UnionPoliceDeptMS_TFM_MOA_02102026.pdf,MOA; revalidated; bytes identical,"""9a190668338f3dc5d19f1275eb89f319:1772027897.613542""","Wed, 25 Feb 2026 13:58:17 GMT",
agreements/agreements_20260607_025243/ALABAMA/Littleville_Police_Department/LittlevillePDAL_TFM_MOA_021026.pdf,80629066f27ba5172983d8c7d88a7c8d0bb8d403d66169826dd1aafadba5d1a3,https://www.ice.gov/doclib/287gMOA/LittlevillePDAL_TFM_MOA_021026.pdf,2026-09-12T21:03:45Z,ALABAMA,Littleville Police Department,LittlevillePDAL_TFM_MOA_021026.pdf,MOA; revalidated; bytes identical,"""2550f28fed9be6191d3de5bf168b49a1:1771971326.385994""","Tue, 24 Feb 2026 22:15:26 GMT",
agreements/agreements_20260912_135704/ALABAMA/Cherokee_Police_Department/MOA_CherokeePDAL_TFM_%20MOA_02142026.pdf,faca6339708e6209c8f39f1c36455d529583353b49ecd9402ae1a81c5c3282a5,https://www.ice.gov/doclib/287gMOA/CherokeePDAL_TFM_%20MOA_02142026.pdf,2026-09-12T21:03:46Z,ALABAMA,Cherokee Police Department,CherokeePDAL_TFM_%20MOA_02142026.pdf,MOA; new url in sheet a405c40debaf; deduplicated 2026-09-14; identical bytes retained at agreements/agreements_20260607_025243/ALABAMA/Cherokee_Police_Department/CherokeePDAL_TFM_%20MOA_02142026.pdf,"""6f60c5ca33e20d11d0dafcf176fdc6ed:1771971311.621938""","Tue, 24 Feb 2026 22:15:11 GMT",
agreements/agreements_20260607_025243/ALABAMA/Cherokee_County_Sheriff's_Office/CherokeeCountySOAL_TFM_MOA_021026.pdf,b745d106b29e1367cafcd7b0b320c05e87fcc6ba64a26a0f8333b6654e416ec3,https://www.ice.gov/doclib/287gMOA/CherokeeCountySOAL_TFM_MOA_021026.pdf,2026-09-12T21:03:46Z,ALABAMA,Cherokee County Sheriff's Office,CherokeeCountySOAL_TFM_MOA_021026.pdf,MOA; revalidated; bytes identical,"""a52313d84dcd7e3df9b165e3af7a1624:1771971308.120618""","Tue, 24 Feb 2026 22:15:08 GMT",
agreements/agreements_20260607_025243/ARKANSAS/Black_Rock_Police_Department/BlackRockPDARPDAR_TFM_MOA_02102026.pdf,77b7e8b910ffe7739b41922ddeea1c7a9c2b7d26f722ec9ca5c475d0684cb794,https://www.ice.gov/doclib/287gMOA/BlackRockPDARPDAR_TFM_MOA_02102026.pdf,2026-09-12T21:03:46Z,ARKANSAS,Black Rock Police Department,BlackRockPDARPDAR_TFM_MOA_02102026.pdf,MOA; revalidated; bytes identical,"""875ba65063fffcdf71a971af136e46bb:1771971329.900556""","Tue, 24 Feb 2026 22:15:29 GMT",
agreements/agreements_20260607_025243/ARKANSAS/Arkansas_Division_of_Law_Enforcement_Standards_and_Training/ARDivLWSTAR_TFM_MOA_021026.pdf,9f038929f3cf724ff8566046e433a21ff208107630876a0bfef873823adc29c3,https://www.ice.gov/doclib/287gMOA/ARDivLWSTAR_TFM_MOA_021026.pdf,2026-09-12T21:03:47Z,ARKANSAS,Arkansas Division of Law Enforcement Standards and Training,ARDivLWSTAR_TFM_MOA_021026.pdf,MOA; revalidated; bytes identical,"""2c18edbc8ecf8d5f5a26731201838c5d:1771971305.140008""","Tue, 24 Feb 2026 22:15:05 GMT",
agreements/agreements_20260607_025243/ARKANSAS/Arkansas_Department_of_Public_Safety-Crime_Information_Center/ARDeptPSCICAR_TFM_MOA_.021426.pdf,39f4a2d3c4c61bb764743aa918269bab5b9bb46fc2f15710fc69241e0ff808b1,https://www.ice.gov/doclib/287gMOA/ARDeptPSCICAR_TFM_MOA_.021426.pdf,2026-09-12T21:03:47Z,ARKANSAS,Arkansas Department of Public Safety-Crime Information Center,ARDeptPSCICAR_TFM_MOA_.021426.pdf,MOA; revalidated; bytes identical,"""7488fd68713758b9af18858e8775b949:1771971293.840122""","Tue, 24 Feb 2026 22:14:53 GMT",
agreements/agreements_20260607_025243/MISSOURI/Wheaton_Police_Department/WheatonPDMO_TFM_MOA_021426.pdf,189ac892de7903c313acc972261921b9d629709490ccffa6dede0bb86e851125,https://www.ice.gov/doclib/287gMOA/WheatonPDMO_TFM_MOA_021426.pdf,2026-09-12T21:03:47Z,MISSOURI,Wheaton Police Department,WheatonPDMO_TFM_MOA_021426.pdf,MOA; revalidated; bytes identical,"""f93c7c44c1be01e6887aa3e40bc19760:1772133373.783973""","Thu, 26 Feb 2026 19:16:13 GMT",
agreements/agreements_20260607_025243/PENNSYLVANIA/Mahanoy_City_Borough_Police_Department/MahanoyCityBoroughPDPA_TFM_MOA_021026.pdf,258971156749015fffb18f9be859cddda87cca7ed3ef4a8ae7504fbb35ba70f4,https://www.ice.gov/doclib/287gMOA/MahanoyCityBoroughPDPA_TFM_MOA_021026.pdf,2026-09-12T21:03:48Z,PENNSYLVANIA,Mahanoy City Borough Police Department,MahanoyCityBoroughPDPA_TFM_MOA_021026.pdf,MOA; revalidated; bytes identical,"""5d7b8671e86a08ef9041ab25de386fd2:1772133374.915504""","Thu, 26 Feb 2026 19:16:14 GMT",
agreements/agreements_20260607_025243/MISSOURI/Hawk_Point_Police_Department/HawkPointPDMO_TFM_MOA_021426.pdf,07db0e4ae2d20895805a8809d7b9cde99f596ddd6af6624907bb3ecfd18fa9cc,https://www.ice.gov/doclib/287gMOA/HawkPointPDMO_TFM_MOA_021426.pdf,2026-09-12T21:03:48Z,MISSOURI,Hawk Point Police Department,HawkPointPDMO_TFM_MOA_021426.pdf,MOA; revalidated; bytes identical,"""93cd9245187b48a183cefd6f1f0f7729:1772133394.822165""","Thu, 26 Feb 2026 19:16:34 GMT",
agreements/agreements_20260607_025243/ARKANSAS/Arkansas_Department_of_Public_Safety/ArkansasDPS_TFM_MOA_022326.pdf,ef5e509f176560c2944879a5883ce0db8ae1d46b0ef5be23b2715458f3bddc6f,https://www.ice.gov/doclib/287gMOA/ArkansasDPS_TFM_MOA_022326.pdf,2026-09-12T21:03:48Z,ARKANSAS,Arkansas Department of Public Safety,ArkansasDPS_TFM_MOA_022326.pdf,MOA; revalidated; bytes identical,"""bbf29f0c874f2b67fe5d4a3b30a02e49:1772133355.081518""","Thu, 26 Feb 2026 19:15:55 GMT",
agreements/agreements_20260607_025243/GEORGIA/Appling_County_Sheriff's_Office/ApplingCoSOGA_TFM_MOA_021426.pdf,14c4dcfe9eac071eb298ca1e7f832d3e704df93a0edddc51175358b5f2086441,https://www.ice.gov/doclib/287gMOA/ApplingCoSOGA_TFM_MOA_021426.pdf,2026-09-12T21:03:48Z,GEORGIA,Appling County Sheriff's Office,ApplingCoSOGA_TFM_MOA_021426.pdf,MOA; revalidated; bytes identical,"""97ca9dc2f0b93f5721337927d0c5c79e:1772133413.613902""","Thu, 26 Feb 2026 19:16:53 GMT",
agreements/agreements_20260607_025243/WEST_VIRGINIA/White_Sulphur_Springs_Police_Department/WhiteSulphurSpringsPDWV_TFM_MOA_021026.pdf,584d8d5a0da7fd9867236b8a97007306f165a94121661a90118781bf0cfb3a1f,https://www.ice.gov/doclib/287gMOA/WhiteSulphurSpringsPDWV_TFM_MOA_021026.pdf,2026-09-12T21:03:49Z,WEST VIRGINIA,White Sulphur Springs Police Department,WhiteSulphurSpringsPDWV_TFM_MOA_021026.pdf,MOA; revalidated; bytes identical,"""bedbe7cec5508d584b72aaa3359290f4:1772133652.105387""","Thu, 26 Feb 2026 19:20:52 GMT",
agreements/agreements_20260607_025243/TEXAS/Upshur_County_Constable_Precinct_1/UpshurCoConstablePTX_TFM_MOA_021026.pdf,2f496aa5fc4999266e9bc9d3d7008ed6e6048c10a5172288eb099cce356bad7c,https://www.ice.gov/doclib/287gMOA/UpshurCoConstablePTX_TFM_MOA_021026.pdf,2026-09-12T21:03:49Z,TEXAS,Upshur County Constable Precinct 1,UpshurCoConstablePTX_TFM_MOA_021026.pdf,MOA; revalidated; bytes identical,"""abf3bf201259c27cfa13ec23e9954c1c:1772133647.845077""","Thu, 26 Feb 2026 19:20:47 GMT",
agreements/agreements_20260607_025243/TEXAS/Tom_Green_County_Sheriff's_Office_/TomGreenCoSPTX_WSO_MOA_021026.pdf,c4f04e12e1b4c6853fa789f60a42e418e94add17cd60791568c6c97facc6d3ab,https://www.ice.gov/doclib/287gMOA/TomGreenCoSPTX_WSO_MOA_021026.pdf,2026-09-12T21:03:49Z,TEXAS,Tom Green County Sheriff's Office,TomGreenCoSPTX_WSO_MOA_021026.pdf,MOA; revalidated; bytes identical,"""61f760306ba322a6ac4c911e56c80570:1772133628.342873""","Thu, 26 Feb 2026 19:20:28 GMT",
agreements/agreements_20260607_025243/WEST_VIRGINIA/Pleasants_County_Sheriff's_Office/PleasantsCoSOWV_TFM_MOA_021026.pdf,64d905e34ed1bace0720050d131e3ef4196917b053b6c43f228222c8e719c820,https://www.ice.gov/doclib/287gMOA/PleasantsCoSOWV_TFM_MOA_021026.pdf,2026-09-12T21:03:50Z,WEST VIRGINIA,Pleasants County Sheriff's Office,PleasantsCoSOWV_TFM_MOA_021026.pdf,MOA; revalidated; bytes identical,"""55e0ca7500f55c3ac12030c42733dc1c:1772133627.67804""","Thu, 26 Feb 2026 19:20:27 GMT",
agreements/agreements_20260607_025243/WISCONSIN/Dunn_County_Sheriff's_Office/DunnCoSOWI_WSO_MOA_021026.pdf,d61ba323a6c6531afc5237101feed9da41af3960f90d11a7373754cad1cb0c3a,https://www.ice.gov/doclib/287gMOA/DunnCoSOWI_WSO_MOA_021026.pdf,2026-09-12T21:03:50Z,WISCONSIN,Dunn County Sheriff's Office,DunnCoSOWI_WSO_MOA_021026.pdf,MOA; revalidated; bytes identical,"""9b586ea34509f011175bb6169f533132:1772133632.740128""","Thu, 26 Feb 2026 19:20:32 GMT",
agreements/agreements_20260607_025243/MISSOURI/Webster_County_Sheriff's_Office_/WebsterCoSOMO_TFM_MOA_11062025.pdf,438fcad8718601410419f0915d7ae8e07c0edd3e66b59375ded431a9760d446c,https://www.ice.gov/doclib/287gMOA/WebsterCoSOMO_TFM_MOA_11062025.pdf,2026-09-12T21:03:50Z,MISSOURI,Webster County Sheriff's Office,WebsterCoSOMO_TFM_MOA_11062025.pdf,MOA; revalidated; bytes identical,"""da600c541f86d514c6dd64464fc8f787:1763999578.998898""","Mon, 24 Nov 2025 15:52:58 GMT",
agreements/agreements_20260607_025243/TEXAS/Delta_County_Sheriff's_Office/DeltaCoSheriffsOfficeTX_TFM_MOA_02142026.pdf,90af28cd65afdcd2435de2d27e0b5066893e77f35aa25b8e7a185a1bdef5bb9e,https://www.ice.gov/doclib/287gMOA/DeltaCoSheriffsOfficeTX_TFM_MOA_02142026.pdf,2026-09-12T21:03:50Z,TEXAS,Delta County Sheriff's Office,DeltaCoSheriffsOfficeTX_TFM_MOA_02142026.pdf,MOA; revalidated; bytes identical,"""0dddd7f33064e67ed6673c116c149e91:1772466950.534358""","Mon, 02 Mar 2026 15:55:50 GMT",
agreements/agreements_20260607_025243/TEXAS/Edwards_County_Sheriff's_Office/EdwardsCoSheriffsOfficeTX_TFM_MOA_02142026.pdf,76d37c92e67f2c22e05cb4c729ad8cbe720fb9ac7a2a29e9e9e7fd09655c6dfd,https://www.ice.gov/doclib/287gMOA/EdwardsCoSheriffsOfficeTX_TFM_MOA_02142026.pdf,2026-09-12T21:03:51Z,TEXAS,Edwards County Sheriff's Office,EdwardsCoSheriffsOfficeTX_TFM_MOA_02142026.pdf,MOA; revalidated; bytes identical,"""73d915fce07910420f557737f0fe05b9:1772466951.847924""","Mon, 02 Mar 2026 15:55:51 GMT",
agreements/agreements_20260607_025243/WEST_VIRGINIA/Fort_Gay_Police_Department/FortGayPoliceDeptWV_TFM_MOA_02142026.pdf,d8ddf91864fe8e5c21801309635519a6ae5f6f88bf92e79c8e4e765f9544de56,https://www.ice.gov/doclib/287gMOA/FortGayPoliceDeptWV_TFM_MOA_02142026.pdf,2026-09-12T21:03:51Z,WEST VIRGINIA,Fort Gay Police Department,FortGayPoliceDeptWV_TFM_MOA_02142026.pdf,MOA; revalidated; bytes identical,"""a0dd1ae00b3c7922a83868e0ebe86f78:1772466924.994056""","Mon, 02 Mar 2026 15:55:24 GMT",
agreements/agreements_20260607_025243/TEXAS/Montague_County_Sheriff's_Office/MontagueCoSheriffsOfficeTX_WSO_MOA_02142026 2.pdf,5d185d62291ec044128084f3b084e44ba4254dad3bbef94b62d0496d7d4a65de,https://www.ice.gov/doclib/287gMOA/MontagueCoSheriffsOfficeTX_WSO_MOA_02142026.pdf,2026-09-12T21:03:51Z,TEXAS,Montague County Sheriff's Office,MontagueCoSheriffsOfficeTX_WSO_MOA_02142026 2.pdf,MOA; revalidated; bytes identical,"""b4a288242a3a149b9c2bc266b3e91620:1772466971.014267""","Mon, 02 Mar 2026 15:56:11 GMT",
agreements/agreements_20260607_025243/WEST_VIRGINIA/Montgomery_Police_Department/MontgomeryPoliceDeptWV_TFM_MOA_02142026.pdf,2bb02d0c41d87a9fca278660f40b3943f05905eceb515b6e24cf5e549e1eb6a4,https://www.ice.gov/doclib/287gMOA/MontgomeryPoliceDeptWV_TFM_MOA_02142026.pdf,2026-09-12T21:03:52Z,WEST VIRGINIA,Montgomery Police Department,MontgomeryPoliceDeptWV_TFM_MOA_02142026.pdf,MOA; revalidated; bytes identical,"""73ab7de159289335dd1d0db606fe7653:1772466989.548357""","Mon, 02 Mar 2026 15:56:29 GMT",
agreements/agreements_20260607_025243/PENNSYLVANIA/Mount_Holly_Springs_Borough_Police_Department/MountHollySpringsBoroughPoliceDeptPA_TFM_MOA_02142026.pdf,2a088b3acb4c24b1aa6ff72f2c2c46c83359e512a3997b2ea18a89cfc1b17412,https://www.ice.gov/doclib/287gMOA/MountHollySpringsBoroughPoliceDeptPA_TFM_MOA_02142026.pdf,2026-09-12T21:03:52Z,PENNSYLVANIA,Mount Holly Springs Borough Police Department,MountHollySpringsBoroughPoliceDeptPA_TFM_MOA_02142026.pdf,MOA; revalidated; bytes identical,"""8450c5c2646fa3e96c03432810cb985a:1772466955.608184""","Mon, 02 Mar 2026 15:55:55 GMT",
agreements/agreements_20260607_025243/ALABAMA/Autauga_County_Sheriff's_Office_/AutaugaCoSheriffsOfficeAL_TFM_MOA_09222025.pdf,827981924f6039deef68cd419539f4ba9e339f4cbc11b7aff24ef91ef4973b0e,https://www.ice.gov/doclib/287gMOA/AutaugaCoSheriffsOfficeAL_TFM_MOA_09222025.pdf,2026-09-12T21:03:52Z,ALABAMA,Autauga County Sheriff's Office,AutaugaCoSheriffsOfficeAL_TFM_MOA_09222025.pdf,MOA; revalidated; bytes identical,"""5eb5b4a5dc467194d5c5a1aae31c6c66:1763153399.616339""","Fri, 14 Nov 2025 20:49:59 GMT",
agreements/agreements_20260607_025243/TEXAS/Gonzales_County_Sheriff's_Office/GonzalesCoSOTX_TFM_MOA_021026.pdf,3adad9b075cf1d8f46db8cf73aded01a8099095ca463cc21d613a22b5414b364,https://www.ice.gov/doclib/287gMOA/GonzalesCoSOTX_TFM_MOA_021026.pdf,2026-09-12T21:03:52Z,TEXAS,Gonzales County Sheriff's Office,GonzalesCoSOTX_TFM_MOA_021026.pdf,MOA; revalidated; bytes identical,"""d019e724d17cd0e006f52c780d8a0740:1772742180.57675""","Thu, 05 Mar 2026 20:23:00 GMT",
agreements/agreements_20260607_025243/TEXAS/Kenedy_County_Sheriff's_Office/KenedyCoSOTX_TFM_MOA_021026 2.pdf,890493f959ef4c91c5eee7f961f2689c7611d2568562c2f4e393974abc64f45a,https://www.ice.gov/doclib/287gMOA/KenedyCoSOTX_TFM_MOA_021026.pdf,2026-09-12T21:03:53Z,TEXAS,Kenedy County Sheriff's Office,KenedyCoSOTX_TFM_MOA_021026 2.pdf,MOA; revalidated; bytes identical,"""9ff6bc4a05ffc6748b15bb7149b103e6:1772742180.97693""","Thu, 05 Mar 2026 20:23:00 GMT",
agreements/agreements_20260607_025243/TEXAS/Orange_Grove_Police_Department/OrangeGrovePDTX_TFM_MOA_021026 2.pdf,44c4e344a9a07664c23d11f6d0cdaa4ee35b8152239f2c73d9daa0d59ae80d1d,https://www.ice.gov/doclib/287gMOA/OrangeGrovePDTX_TFM_MOA_021026.pdf,2026-09-12T21:03:53Z,TEXAS,Orange Grove Police Department,OrangeGrovePDTX_TFM_MOA_021026 2.pdf,MOA; revalidated; bytes identical,"""c66025d7391df7856169ae99f86a2173:1772742200.258214""","Thu, 05 Mar 2026 20:23:20 GMT",
agreements/agreements_20260607_025243/TEXAS/Saint_Hedwig_Marshal's_Office/SaintHedwigMOTX_TFM_MOA_021026.pdf,50df89baca00222bcc098b103a84aad8c610b23404c9dce281bf985fc7b28994,https://www.ice.gov/doclib/287gMOA/SaintHedwigMOTX_TFM_MOA_021026.pdf,2026-09-12T21:03:53Z,TEXAS,Saint Hedwig Marshal's Office,SaintHedwigMOTX_TFM_MOA_021026.pdf,MOA; revalidated; bytes identical,"""d9f07a2e8e35655c6531646818dcf3e2:1772742163.396542""","Thu, 05 Mar 2026 20:22:43 GMT",
agreements/agreements_20260607_025243/INDIANA/Hendricks_County_Prosecutor's_Office/HendricksCoPOIN_TFM_MOA_021826.pdf,4e11572ceddfbae6072a6a604a49c286a774a706faa939350783dd391ebb0f50,https://www.ice.gov/doclib/287gMOA/HendricksCoPOIN_TFM_MOA_021826.pdf,2026-09-12T21:03:53Z,INDIANA,Hendricks County Prosecutor's Office,HendricksCoPOIN_TFM_MOA_021826.pdf,MOA; revalidated; bytes identical,"""af76e6652ec1fbc9e16ffcaec1a9b424:1772741944.711145""","Thu, 05 Mar 2026 20:19:04 GMT",
agreements/agreements_20260607_025243/MISSISSIPPI/Leake_County_Sheriff's_Office/LeakeCoSOMS_TFM_MOA_022325.pdf,b0c4e116dc87db4b3acea85d4e53bb8186459d521a4ea211c8e8db16a494eedd,https://www.ice.gov/doclib/287gMOA/LeakeCoSOMS_TFM_MOA_022325.pdf,2026-09-12T21:03:54Z,MISSISSIPPI,Leake County Sheriff's Office,LeakeCoSOMS_TFM_MOA_022325.pdf,MOA; revalidated; bytes identical,"""1c5c813ded286b363564fea1e8f9bf5b:1772741938.774213""","Thu, 05 Mar 2026 20:18:58 GMT",
agreements/agreements_20260607_025243/MISSISSIPPI/Louisville_Police_Department/LouisvillePDMS_TFM_MOA_021726.pdf,340dd133d7bb5f54fa813833e51876b867f798c8782b66c3656c107b4548a373,https://www.ice.gov/doclib/287gMOA/LouisvillePDMS_TFM_MOA_021726.pdf,2026-09-12T21:03:54Z,MISSISSIPPI,Louisville Police Department,LouisvillePDMS_TFM_MOA_021726.pdf,MOA; revalidated; bytes identical,"""34f49701e9cb7ff5c9a449bb40471697:1772741939.42497""","Thu, 05 Mar 2026 20:18:59 GMT",
agreements/agreements_20260607_025243/KENTUCKY/Rowan_County_Sheriff's_Office/RowanCoSOKY_TFM_MOA_021826.pdf,b8f956cd9ca187477d5570b19e082de826f1aed04a1dddcb00a1251e975fcb65,https://www.ice.gov/doclib/287gMOA/RowanCoSOKY_TFM_MOA_021826.pdf,2026-09-12T21:03:54Z,KENTUCKY,Rowan County Sheriff's Office,RowanCoSOKY_TFM_MOA_021826.pdf,MOA; revalidated; bytes identical,"""0f1fd4f15438c2287da60b8a5ceb3116:1772741959.462259""","Thu, 05 Mar 2026 20:19:19 GMT",
agreements/agreements_20260607_025243/MISSISSIPPI/Tate_County_Sheriff's_Office/TateCoSOMS_TFM_MOA_022526.pdf,c5bfd8dbe77d114a4a91445ad989730f61199e43421dcb365713c75a9086ecd8,https://www.ice.gov/doclib/287gMOA/TateCoSOMS_TFM_MOA_022526.pdf,2026-09-12T21:03:55Z,MISSISSIPPI,Tate County Sheriff's Office,TateCoSOMS_TFM_MOA_022526.pdf,MOA; revalidated; bytes identical,"""9ed5c25fd6240199f41aad1f5470c909:1772741942.385121""","Thu, 05 Mar 2026 20:19:02 GMT",
agreements/agreements_20260607_025243/MISSISSIPPI/Tate_County_Sheriff's_Office/TateCoSOMS_WSO_MOA_022526.pdf,fddf5f973c9b1e3919853474f832ed5fca549a905c5fd1797c693aab7ed81c8b,https://www.ice.gov/doclib/287gMOA/TateCoSOMS_WSO_MOA_022526.pdf,2026-09-12T21:03:55Z,MISSISSIPPI,Tate County Sheriff's Office,TateCoSOMS_WSO_MOA_022526.pdf,MOA; revalidated; bytes identical,"""db13c7ea71b1808712c313aa06a71775:1772741940.807789""","Thu, 05 Mar 2026 20:19:00 GMT",
agreements/agreements_20260607_025243/ALABAMA/Florala_Police_Department/FloralaPD_%20AL_TFM_MOA_022326.pdf,c3c8a468d1c5e95866d9a90a7706ff611006f393c7309f66bc7241d9e93ad7e8,https://www.ice.gov/doclib/287gMOA/FloralaPD_%20AL_TFM_MOA_022326.pdf,2026-09-12T21:03:55Z,ALABAMA,Florala Police Department,FloralaPD_%20AL_TFM_MOA_022326.pdf,MOA; revalidated; bytes identical,"""97209a9555e5c50d664dbd894926cf90:1772804584.036678""","Fri, 06 Mar 2026 13:43:04 GMT",
agreements/agreements_20260607_025243/ARKANSAS/Chidester_Police_Department/ChidesterPD_AR_TFM_MOA_022326.pdf,2439e2dea3d14039ee8f25b821e9bf57e197fb1b73cb624d54700c87d14a86eb,https://www.ice.gov/doclib/287gMOA/ChidesterPD_AR_TFM_MOA_022326.pdf,2026-09-12T21:03:55Z,ARKANSAS,Chidester Police Department,ChidesterPD_AR_TFM_MOA_022326.pdf,MOA; revalidated; bytes identical,"""1711c3ea085c581dec78e3425d818c71:1772804584.629695""","Fri, 06 Mar 2026 13:43:04 GMT",
agreements/agreements_20260607_025243/ARKANSAS/Hempstead_County_Sheriff's_Office/HempsteadCountySO_AR_TFM_MOA_022726.pdf,4eb670e3f1e575bfbdb164dba1b58a7fa59b9ea33d26614a83e08ab862bb5e2e,https://www.ice.gov/doclib/287gMOA/HempsteadCountySO_AR_TFM_MOA_022726.pdf,2026-09-12T21:03:56Z,ARKANSAS,Hempstead County Sheriff's Office,HempsteadCountySO_AR_TFM_MOA_022726.pdf,MOA; revalidated; bytes identical,"""7cf56736594aedaca0b67fc1dd2df349:1772804604.147765""","Fri, 06 Mar 2026 13:43:24 GMT",
agreements/agreements_20260607_025243/ARKANSAS/Hempstead_County_Sheriff's_Office/HempsteadCountySO_AR_WSO_MOA_022726.pdf,fc9b8aaa91e7e9d0d6db5345cc403b93134ec832fa1898f043ff8848a7fae068,https://www.ice.gov/doclib/287gMOA/HempsteadCountySO_AR_WSO_MOA_022726.pdf,2026-09-12T21:03:56Z,ARKANSAS,Hempstead County Sheriff's Office,HempsteadCountySO_AR_WSO_MOA_022726.pdf,MOA; revalidated; bytes identical,"""c720483e23416cb3d45e70b04393aab5:1772804623.47615""","Fri, 06 Mar 2026 13:43:43 GMT",
agreements/agreements_20260607_025243/ALABAMA/Thomasville_Police_Department/ThomasvillePD_AL_TFM_MOA_022526.pdf,1f1cac673473c9ba99c9add054d39241f94dfec373730ad1c035bd4c0cc0ff10,https://www.ice.gov/doclib/287gMOA/ThomasvillePD_AL_TFM_MOA_022526.pdf,2026-09-12T21:03:56Z,ALABAMA,Thomasville Police Department,ThomasvillePD_AL_TFM_MOA_022526.pdf,MOA; revalidated; bytes identical,"""9684c7166c95342245cb09dae69a368d:1772804583.992128""","Fri, 06 Mar 2026 13:43:03 GMT",
agreements/agreements_20260607_025243/GEORGIA/Thomas_County_Sheriff's_Office/ThomasCountySO_GA_JEM_MOA_022526.pdf,c8daea3867f57bbdc75865b5f13df160007b8d5ed8e7650f0d7afd765f0664b7,https://www.ice.gov/doclib/287gMOA/ThomasCountySO_GA_JEM_MOA_022526.pdf,2026-09-12T21:03:56Z,GEORGIA,Thomas County Sheriff's Office,ThomasCountySO_GA_JEM_MOA_022526.pdf,MOA; revalidated; bytes identical,"""ffea87b68cc6d04dc8b2dd6bd20a53aa:1772805082.333019""","Fri, 06 Mar 2026 13:51:22 GMT",
agreements/agreements_20260607_025243/GEORGIA/Thomas_County_Sheriff's_Office/ThomasCountySO_GA_WSO_MOA_022526.pdf,b675b6a04971ca6c5114d22ec93f998a295a7eaac909f5f1bb1be1d9202cbcfe,https://www.ice.gov/doclib/287gMOA/ThomasCountySO_GA_WSO_MOA_022526.pdf,2026-09-12T21:03:57Z,GEORGIA,Thomas County Sheriff's Office,ThomasCountySO_GA_WSO_MOA_022526.pdf,MOA; revalidated; bytes identical,"""a6ed1c4a65239754d2c0cd9357a73181:1772805082.872221""","Fri, 06 Mar 2026 13:51:22 GMT",
agreements/agreements_20260607_025243/GEORGIA/Thomas_County_Sheriff's_Office/ThomasCountySO_GA_TFM_MOA_022526.pdf,92fa68a3a3ac96c177a63d134b09f8de78baf0f55c7011e5bba90d52343c25c1,https://www.ice.gov/doclib/287gMOA/ThomasCountySO_GA_TFM_MOA_022526.pdf,2026-09-12T21:03:57Z,GEORGIA,Thomas County Sheriff's Office,ThomasCountySO_GA_TFM_MOA_022526.pdf,MOA; revalidated; bytes identical,"""b5fc4dc192f070951ec4348b9f8cc3b6:1772805102.131495""","Fri, 06 Mar 2026 13:51:42 GMT",
agreements/agreements_20260607_025243/FLORIDA/Florida_State_University_Police_Department/FloridaStateUniversityPD_FL_TFM_MOA_021826.pdf,53673012547e3d7bffe41c4232a596c5ac719eefbde7d3d5102ca82a177bf6db,https://www.ice.gov/doclib/287gMOA/FloridaStateUniversityPD_FL_TFM_MOA_021826.pdf,2026-09-12T21:03:57Z,FLORIDA,Florida State University Police Department,FloridaStateUniversityPD_FL_TFM_MOA_021826.pdf,MOA; revalidated; bytes identical,"""74e8f60df60abcb03622a7be413a13d2:1772805093.635938""","Fri, 06 Mar 2026 13:51:33 GMT",
agreements/agreements_20260607_025243/GEORGIA/Statesboro_Police_Department/StatesboroPD_GA_TFM_MOA_022726.pdf,21ad84c528f8ad865dd0a3f075fe02935ed9e2f29cadf488791f83e3d400fdd5,https://www.ice.gov/doclib/287gMOA/StatesboroPD_GA_TFM_MOA_022726.pdf,2026-09-12T21:03:58Z,GEORGIA,Statesboro Police Department,StatesboroPD_GA_TFM_MOA_022726.pdf,MOA; revalidated; bytes identical,"""9dad1017d01c96bc32dc604573a8a81e:1772805103.131042""","Fri, 06 Mar 2026 13:51:43 GMT",
agreements/agreements_20260607_025243/ARKANSAS/Franklin_County_Sheriff's_Office/FranklinCountySO_AR_WSO_MOA_022726.pdf,13ac8c98e6c1de6cee421f6295569092039f4b142a000409ca80c361baa947f9,https://www.ice.gov/doclib/287gMOA/FranklinCountySO_AR_WSO_MOA_022726.pdf,2026-09-12T21:03:58Z,ARKANSAS,Franklin County Sheriff's Office,FranklinCountySO_AR_WSO_MOA_022726.pdf,MOA; revalidated; bytes identical,"""7398099392cc8c9ee3fc51b9510bb175:1772805088.395583""","Fri, 06 Mar 2026 13:51:28 GMT",
agreements/agreements_20260607_025243/ARKANSAS/Franklin_County_Sheriff's_Office/FranklinCountySO_AR_TFM_MOA_022726.pdf,b6d8227579fb266e4d6489e0f79e02ce171ae7a38acf9c47fc3f5535621409e3,https://www.ice.gov/doclib/287gMOA/FranklinCountySO_AR_TFM_MOA_022726.pdf,2026-09-12T21:03:58Z,ARKANSAS,Franklin County Sheriff's Office,FranklinCountySO_AR_TFM_MOA_022726.pdf,MOA; revalidated; bytes identical,"""64b745c8f46c1539be896715a7a42da4:1772805129.016222""","Fri, 06 Mar 2026 13:52:09 GMT",
agreements/agreements_20260607_025243/GEORGIA/Bacon_County_Sheriff's_Office/BaconCountySO_GA_TFM_MOA_022026.pdf,29ec05378fd0f3d185dc387a7e3dd054d827c1b32045584952e5c525d45edfa8,https://www.ice.gov/doclib/287gMOA/BaconCountySO_GA_TFM_MOA_022026.pdf,2026-09-12T21:03:58Z,GEORGIA,Bacon County Sheriff's Office,BaconCountySO_GA_TFM_MOA_022026.pdf,MOA; revalidated; bytes identical,"""3c0e5f1be485b0a250581f441225cf96:1772805148.142497""","Fri, 06 Mar 2026 13:52:28 GMT",
agreements/agreements_20260607_025243/MISSOURI/Dallas_County_Sheriff's_Office/DallasCoSOMO_TFM_MOA_021826.pdf,e6ca6b64c8d735da884b1b167bd80e645ba2d4ccaa6c2be3f5082d128dbd387d,https://www.ice.gov/doclib/287gMOA/DallasCoSOMO_TFM_MOA_021826.pdf,2026-09-12T21:03:59Z,MISSOURI,Dallas County Sheriff's Office,DallasCoSOMO_TFM_MOA_021826.pdf,MOA; revalidated; bytes identical,"""64441d88be62c888ebe45299653c3576:1772829015.042242""","Fri, 06 Mar 2026 20:30:15 GMT",
agreements/agreements_20260607_025243/FLORIDA/Lake_Hamilton_Police_Department/LakeHamiltonPDFL_TFM_MOA_021826t.pdf,55ee8c4422fc770b7f0750c556caedac0526983c5b11378a49e58aa14a4b49f9,https://www.ice.gov/doclib/287gMOA/LakeHamiltonPDFL_TFM_MOA_021826t.pdf,2026-09-12T21:03:59Z,FLORIDA,Lake Hamilton Police Department,LakeHamiltonPDFL_TFM_MOA_021826t.pdf,MOA; revalidated; bytes identical,"""c612042079a126cba31720f5fbfb7d7d:1772829050.980258""","Fri, 06 Mar 2026 20:30:50 GMT",
agreements/agreements_20260607_025243/MISSISSIPPI/Wiggins_Police_Department/WigginsPDMS_TFM_MOA_022326.pdf,f2ed35aace9028265b91a0190755bbd468624d5bedd8db7083037ed275f918a2,https://www.ice.gov/doclib/287gMOA/WigginsPDMS_TFM_MOA_022326.pdf,2026-09-12T21:03:59Z,MISSISSIPPI,Wiggins Police Department,WigginsPDMS_TFM_MOA_022326.pdf,MOA; revalidated; bytes identical,"""718aef08cc0ec78cb7ffad6151593781:1772829057.28913""","Fri, 06 Mar 2026 20:30:57 GMT",
agreements/agreements_20260607_025243/OKLAHOMA/Okmulgee_County_Sheriff's_Office/OkmulgeeCoSheriffsOfficeOK_TFM_MOA_02252026.pdf,e2a57ab92019b1e217a8a934eb0a8cc066313d3a942b62984f98eb3993385e4d,https://www.ice.gov/doclib/287gMOA/OkmulgeeCoSheriffsOfficeOK_TFM_MOA_02252026.pdf,2026-09-12T21:04:00Z,OKLAHOMA,Okmulgee County Sheriff's Office,OkmulgeeCoSheriffsOfficeOK_TFM_MOA_02252026.pdf,MOA; revalidated; bytes identical,"""1b0f0c24143e761fd002dbaad5f1b6f7:1773150717.248508""","Tue, 10 Mar 2026 13:51:57 GMT",
agreements/agreements_20260607_025243/OHIO/Aberdeen_Police_Department/AberdeenPoliceDeptOH_TFM_MOA_02232026.pdf,a682445f8bb40aa358cd8e10ef3be19f5b4035ac2facdd07154272f66053780a,https://www.ice.gov/doclib/287gMOA/AberdeenPoliceDeptOH_TFM_MOA_02232026.pdf,2026-09-12T21:04:00Z,OHIO,Aberdeen Police Department,AberdeenPoliceDeptOH_TFM_MOA_02232026.pdf,MOA; revalidated; bytes identical,"""2915913aaf302e2f17263b97f7f6b905:1773150555.361565""","Tue, 10 Mar 2026 13:49:15 GMT",
agreements/agreements_20260607_025243/MISSOURI/Reynolds_County_Sheriff's_Office/ReynoldsCoSheriffsOfficeMO_TFM_MOA_02252026.pdf,b6697de7b14d74eb7c905f87b19992ed76432368124ffce348add9edb983853a,https://www.ice.gov/doclib/287gMOA/ReynoldsCoSheriffsOfficeMO_TFM_MOA_02252026.pdf,2026-09-12T21:04:00Z,MISSOURI,Reynolds County Sheriff's Office,ReynoldsCoSheriffsOfficeMO_TFM_MOA_02252026.pdf,MOA; revalidated; bytes identical,"""65d907f3c78fe492d2219bd970db1c0a:1773150532.066948""","Tue, 10 Mar 2026 13:48:52 GMT",
agreements/agreements_20260607_025243/MISSOURI/Saint_Ann_Police_Department_/SaintAnnPoliceDeptMO_TFM_MOA_02232026.pdf,88584c0aa76c60ccee7bdfcfd9ece8d1029ef2db5f8a59989879ba32811ee064,https://www.ice.gov/doclib/287gMOA/SaintAnnPoliceDeptMO_TFM_MOA_02232026.pdf,2026-09-12T21:04:00Z,MISSOURI,Saint Ann Police Department,SaintAnnPoliceDeptMO_TFM_MOA_02232026.pdf,MOA; revalidated; bytes identical,"""3188526f47fb88bf892021b1c89cbf57:1773150525.303072""","Tue, 10 Mar 2026 13:48:45 GMT",
agreements/agreements_20260607_025243/MISSOURI/Seligman_Police_Department/SeligmanPoliceDeptMO_TFM_MOA_02182026.pdf,41b9c004c5d30e70bc9fba99defe4e344abe9cbf3fae873e5ac3c585a78a41ae,https://www.ice.gov/doclib/287gMOA/SeligmanPoliceDeptMO_TFM_MOA_02182026.pdf,2026-09-12T21:04:01Z,MISSOURI,Seligman Police Department,SeligmanPoliceDeptMO_TFM_MOA_02182026.pdf,MOA; revalidated; bytes identical,"""c61e615ee9a5a6d493bafd85abfefc03:1773150509.612589""","Tue, 10 Mar 2026 13:48:29 GMT",
agreements/agreements_20260607_025243/MISSOURI/Stoddard_County_Sheriff's_Office/StoddardCoSheriffsOfficeMO_TFM_MOA_02232026.pdf,062a96f61ec63e2992a6cb057f0b3f82e5b6c2a1b70dd5c82f3314ebd1bb5667,https://www.ice.gov/doclib/287gMOA/StoddardCoSheriffsOfficeMO_TFM_MOA_02232026.pdf,2026-09-12T21:04:01Z,MISSOURI,Stoddard County Sheriff's Office,StoddardCoSheriffsOfficeMO_TFM_MOA_02232026.pdf,MOA; revalidated; bytes identical,"""5f4b78e2854c581bf3bc7f43587fa980:1773150542.600417""","Tue, 10 Mar 2026 13:49:02 GMT",
agreements/agreements_20260607_025243/TEXAS/Gonzales_County_Sheriff's_Office/GonzalesCoSheriffsOfficeTX_JEM_MOA_02102026.pdf,31f1fb9677046841e4ab78256e363b1960852d652acfa2cc357decc275e5a46a,https://www.ice.gov/doclib/287gMOA/GonzalesCoSheriffsOfficeTX_JEM_MOA_02102026.pdf,2026-09-12T21:04:02Z,TEXAS,Gonzales County Sheriff's Office,GonzalesCoSheriffsOfficeTX_JEM_MOA_02102026.pdf,MOA; revalidated; bytes identical,"""730daac1d029b18ba286714ae72fc2e7:1773149987.979232""","Tue, 10 Mar 2026 13:39:47 GMT",
agreements/agreements_20260607_025243/MISSOURI/Branson_Police_Department/BransonPoliceDeptMO_TFM_MOA_02182026.pdf,62faa3e090bf6e1dd60e4c31a3f8bede3fa6411f3902a495ec8353f5113e652d,https://www.ice.gov/doclib/287gMOA/BransonPoliceDeptMO_TFM_MOA_02182026.pdf,2026-09-12T21:04:02Z,MISSOURI,Branson Police Department,BransonPoliceDeptMO_TFM_MOA_02182026.pdf,MOA; revalidated; bytes identical,"""3d959d659c378695468498151614a08f:1773150010.606697""","Tue, 10 Mar 2026 13:40:10 GMT",
agreements/agreements_20260607_025243/MISSOURI/Ellington_Police_Department_/EllingtonPoliceDeptMO_TFM_MOA_02182026.pdf,d583450985ee200df9c77844f0314fdd35d8ccb802b499842b5ee1e6a25d64eb,https://www.ice.gov/doclib/287gMOA/EllingtonPoliceDeptMO_TFM_MOA_02182026.pdf,2026-09-12T21:04:02Z,MISSOURI,Ellington Police Department,EllingtonPoliceDeptMO_TFM_MOA_02182026.pdf,MOA; revalidated; bytes identical,"""692f4d476659cf60d06dd9e0f2caf818:1773149988.071086""","Tue, 10 Mar 2026 13:39:48 GMT",
agreements/agreements_20260607_025243/MISSOURI/Elsberry_Police_Department/ElsberryPoliceDeptMO_TFM_MOA_02232026.pdf,12322e68973109bc43dbf76e977b724b9c9c994f578809e234eb097d5447184c,https://www.ice.gov/doclib/287gMOA/ElsberryPoliceDeptMO_TFM_MOA_02232026.pdf,2026-09-12T21:04:02Z,MISSOURI,Elsberry Police Department,ElsberryPoliceDeptMO_TFM_MOA_02232026.pdf,MOA; revalidated; bytes identical,"""1e0f5b7d8d4d4e5df449c87738d34202:1773149984.932484""","Tue, 10 Mar 2026 13:39:44 GMT",
agreements/agreements_20260607_025243/MISSOURI/Hillsdale_Police_Department/HillsdalePoliceDeptMO_TFM_MOA_02252026.pdf,03e5af38efefe9dda4bb7a790d3c69d40fd269d8c44852737b44022d92ec041e,https://www.ice.gov/doclib/287gMOA/HillsdalePoliceDeptMO_TFM_MOA_02252026.pdf,2026-09-12T21:04:03Z,MISSOURI,Hillsdale Police Department,HillsdalePoliceDeptMO_TFM_MOA_02252026.pdf,MOA; revalidated; bytes identical,"""568300a2a861fd62b0713492a1c2260d:1773150012.709852""","Tue, 10 Mar 2026 13:40:12 GMT",
agreements/agreements_20260607_025243/MISSOURI/Perryville_Police_Department/PerryvillePoliceDeptMO_TFM_MOA_02172026.pdf,f48d91d8392fcb5d625bc472558eb7114e7ce257cee501c69bf5ea43c1d608e8,https://www.ice.gov/doclib/287gMOA/PerryvillePoliceDeptMO_TFM_MOA_02172026.pdf,2026-09-12T21:04:03Z,MISSOURI,Perryville Police Department,PerryvillePoliceDeptMO_TFM_MOA_02172026.pdf,MOA; revalidated; bytes identical,"""7065547d70756a8d8c5e2eeda48061ea:1773150005.675109""","Tue, 10 Mar 2026 13:40:05 GMT",
agreements/agreements_20260607_025243/PENNSYLVANIA/Cornwall_Borough_Police_Department/CornwallBoroughPoliceDeptPA_TFM_MOA_02232026.pdf,d220e2acf4259d74f209c6b3d3c3b658998586c032fd7582cf572335b7bc5884,https://www.ice.gov/doclib/287gMOA/CornwallBoroughPoliceDeptPA_TFM_MOA_02232026.pdf,2026-09-12T21:04:03Z,PENNSYLVANIA,Cornwall Borough Police Department,CornwallBoroughPoliceDeptPA_TFM_MOA_02232026.pdf,MOA; revalidated; bytes identical,"""2207597af899dfa806a0e940147cc433:1773151888.431275""","Tue, 10 Mar 2026 14:11:28 GMT",
agreements/agreements_20260607_025243/OKLAHOMA/Ottawa_County_Sheriff's_Office_/OttawaCoSheriffsOfficeOK_TFM_MOA_02232026.pdf,202e88adc346bbe644a4b301b85e040770d08ebda31abf0fc26fc889426c1b42,https://www.ice.gov/doclib/287gMOA/OttawaCoSheriffsOfficeOK_TFM_MOA_02232026.pdf,2026-09-12T21:04:03Z,OKLAHOMA,Ottawa County Sheriff's Office,OttawaCoSheriffsOfficeOK_TFM_MOA_02232026.pdf,MOA; revalidated; bytes identical,"""e672d0711383de9a0292c362af045ea9:1773151885.213156""","Tue, 10 Mar 2026 14:11:25 GMT",
agreements/agreements_20260607_025243/OKLAHOMA/Roland_Police_Department/RolandPoliceDeptOK_TFM_MOA_02172026.pdf,ee3bdfc39640f9f3c819288327a3d0c38a3bf9a76b96d8ba336215490bbd9685,https://www.ice.gov/doclib/287gMOA/RolandPoliceDeptOK_TFM_MOA_02172026.pdf,2026-09-12T21:04:04Z,OKLAHOMA,Roland Police Department,RolandPoliceDeptOK_TFM_MOA_02172026.pdf,MOA; revalidated; bytes identical,"""f80f7aaad6338c200a1d11df7ed71340:1773151951.150038""","Tue, 10 Mar 2026 14:12:31 GMT",
agreements/agreements_20260607_025243/PENNSYLVANIA/Shenandoah_Borough_Police_Department/ShenandoahBoroughPoliceDeptPA_TFM_MOA_02252026.pdf,93f8b9a634dd99eb257b29603a79f20822e3a676e2587743d8bd4eb1f1cb79f2,https://www.ice.gov/doclib/287gMOA/ShenandoahBoroughPoliceDeptPA_TFM_MOA_02252026.pdf,2026-09-12T21:04:04Z,PENNSYLVANIA,Shenandoah Borough Police Department,ShenandoahBoroughPoliceDeptPA_TFM_MOA_02252026.pdf,MOA; revalidated; bytes identical,"""35ed18fa1e327a55c26484ae3e657072:1773151881.420666""","Tue, 10 Mar 2026 14:11:21 GMT",
agreements/agreements_20260607_025243/WEST_VIRGINIA/Ansted_Police_Department/AnstedPoliceDeptWV_TFM_MOA_02272026.pdf,6816cdeaba2a5c509c9c8b7c3b72ff7d57c0abae1cacf3c1007b21b02e3df1c7,https://www.ice.gov/doclib/287gMOA/AnstedPoliceDeptWV_TFM_MOA_02272026.pdf,2026-09-12T21:04:05Z,WEST VIRGINIA,Ansted Police Department,AnstedPoliceDeptWV_TFM_MOA_02272026.pdf,MOA; revalidated; bytes identical,"""fd9203c6ab2800659814b00226b2952b:1773339441.630438""","Thu, 12 Mar 2026 18:17:21 GMT",
agreements/agreements_20260607_025243/TEXAS/Devine_Police_Department/DevinePoliceDeptTX_TFM_MOA_03012026.pdf,6e850758c1054b006e342b8ae61011befe548f41d67f9945b4826e076a533ece,https://www.ice.gov/doclib/287gMOA/DevinePoliceDeptTX_TFM_MOA_03012026.pdf,2026-09-12T21:04:05Z,TEXAS,Devine Police Department,DevinePoliceDeptTX_TFM_MOA_03012026.pdf,MOA; revalidated; bytes identical,"""8f09f22e68b7f83892a1565351143a3b:1773339447.840596""","Thu, 12 Mar 2026 18:17:27 GMT",
agreements/agreements_20260607_025243/WISCONSIN/Green_Lake_County_Sheriff's_Office/GreenLakeCoSheriffsOfficeWI_WSO_MOA_02172026.pdf,96d1915e73c07e9424e6407cd13c4e0b2598ae0ae4eb989f70ec70768aa9fc4e,https://www.ice.gov/doclib/287gMOA/GreenLakeCoSheriffsOfficeWI_WSO_MOA_02172026.pdf,2026-09-12T21:04:05Z,WISCONSIN,Green Lake County Sheriff's Office,GreenLakeCoSheriffsOfficeWI_WSO_MOA_02172026.pdf,MOA; revalidated; bytes identical,"""aefec4edeff7f3f5c219a92d671c67d2:1773339446.411106""","Thu, 12 Mar 2026 18:17:26 GMT",
agreements/agreements_20260607_025243/TENNESSEE/Sevier_County_Constable_District_5/SevierCoConstableDistrict5TN_TFM_MOA_03062026.pdf,ef4d36730a49da684935b782f5ca72d1821317aa66250b9c9293fd80cb3496c7,https://www.ice.gov/doclib/287gMOA/SevierCoConstableDistrict5TN_TFM_MOA_03062026.pdf,2026-09-12T21:04:06Z,TENNESSEE,Sevier County Constable District 5,SevierCoConstableDistrict5TN_TFM_MOA_03062026.pdf,MOA; revalidated; bytes identical,"""17d02d118b90b261c98ec1f74d81c402:1773339466.634459""","Thu, 12 Mar 2026 18:17:46 GMT",
agreements/agreements_20260607_025243/WEST_VIRGINIA/Shinnston_Police_Department/ShinnstonPoliceDeptWV_TFM_MOA_02182026.pdf,ace00b17398446b08cd04b83c0081c1cf54ce2d66c97bdc3fa603ef4217e99df,https://www.ice.gov/doclib/287gMOA/ShinnstonPoliceDeptWV_TFM_MOA_02182026.pdf,2026-09-12T21:04:06Z,WEST VIRGINIA,Shinnston Police Department,ShinnstonPoliceDeptWV_TFM_MOA_02182026.pdf,MOA; revalidated; bytes identical,"""0cf24366c75bca0ea1dd5b735c384038:1773339485.903541""","Thu, 12 Mar 2026 18:18:05 GMT",
agreements/agreements_20260607_025243/MISSOURI/Breckenridge_Hills_Police_Department/BreckenridgeHillsPoliceDeptMO_TFM_MOA_03062026.pdf,a39d2b7abe7d61ae6f1b01afe7bf5ce2f3e6aca74b523e0749403805cd128bea,https://www.ice.gov/doclib/287gMOA/BreckenridgeHillsPoliceDeptMO_TFM_MOA_03062026.pdf,2026-09-12T21:04:06Z,MISSOURI,Breckenridge Hills Police Department,BreckenridgeHillsPoliceDeptMO_TFM_MOA_03062026.pdf,MOA; revalidated; bytes identical,"""aa69b6f72c3a7e96cc8cd78512bd25bf:1773759040.398859""","Tue, 17 Mar 2026 14:50:40 GMT",
agreements/agreements_20260607_025243/OKLAHOMA/Chelsea_Police_Department/ChelseaPoliceDeptOK_TFM_MOA_03062026.pdf,cfe0d2cf25d58aac5054c15fc0bfa90ed91e5d89ecdf7c6a5e8f2430634e74ca,https://www.ice.gov/doclib/287gMOA/ChelseaPoliceDeptOK_TFM_MOA_03062026.pdf,2026-09-12T21:04:07Z,OKLAHOMA,Chelsea Police Department,ChelseaPoliceDeptOK_TFM_MOA_03062026.pdf,MOA; revalidated; bytes identical,"""9aa839828248037697aff66cd282d677:1773759046.244229""","Tue, 17 Mar 2026 14:50:46 GMT",
agreements/agreements_20260607_025243/MISSOURI/Dixon_Police_Department/DixonPoliceDeptMO_TFM_MOA_03032026.pdf,9872185e194f7d164e97f2b21088ae56be244b1111122d08bf9f44b0a4fb68e4,https://www.ice.gov/doclib/287gMOA/DixonPoliceDeptMO_TFM_MOA_03032026.pdf,2026-09-12T21:04:07Z,MISSOURI,Dixon Police Department,DixonPoliceDeptMO_TFM_MOA_03032026.pdf,MOA; revalidated; bytes identical,"""86aa96cd88b9e956af643251820dbcf0:1773759040.569574""","Tue, 17 Mar 2026 14:50:40 GMT",
agreements/agreements_20260607_025243/KENTUCKY/Hazard_Police_Department/HazardPoliceDeptKY_TFM_MOA_03062026.pdf,7d4c78f513e5561a3b46a57adf7454b80c60be31b497235bf3d1d892aab79cab,https://www.ice.gov/doclib/287gMOA/HazardPoliceDeptKY_TFM_MOA_03062026.pdf,2026-09-12T21:04:07Z,KENTUCKY,Hazard Police Department,HazardPoliceDeptKY_TFM_MOA_03062026.pdf,MOA; revalidated; bytes identical,"""1f5197683b9a1e4b2a19877411893577:1773759063.97768""","Tue, 17 Mar 2026 14:51:03 GMT",
agreements/agreements_20260607_025243/SOUTH_CAROLINA/Jasper_County_Sheriff's_Office/JasperCoSheriffsOfficeSC_TFM_MOA03082026.pdf,1b2d1d978710b64b27e788356575e3dd9d5f6a624b39633882c79eae8bb5e6c6,https://www.ice.gov/doclib/287gMOA/JasperCoSheriffsOfficeSC_TFM_MOA03082026.pdf,2026-09-12T21:04:08Z,SOUTH CAROLINA,Jasper County Sheriff's Office,JasperCoSheriffsOfficeSC_TFM_MOA03082026.pdf,MOA; revalidated; bytes identical,"""65360cb57735f2bf0f9ae3bb8bafd975:1773759064.739963""","Tue, 17 Mar 2026 14:51:04 GMT",
agreements/agreements_20260607_025243/TEXAS/Marion_Police_Department/MarionPoliceDeptTX_TFM_MOA_03062026.pdf,b3782fa7f77300443a9255d649d464cd6e56867b2a6e408d753c1e85eecc91dd,https://www.ice.gov/doclib/287gMOA/MarionPoliceDeptTX_TFM_MOA_03062026.pdf,2026-09-12T21:04:08Z,TEXAS,Marion Police Department,MarionPoliceDeptTX_TFM_MOA_03062026.pdf,MOA; revalidated; bytes identical,"""8ac39e829f3892863eab4e46460d456f:1773759047.357341""","Tue, 17 Mar 2026 14:50:47 GMT",
agreements/agreements_20260607_025243/PENNSYLVANIA/Orange_Township_Police_Department/OrangeTownshipPoliceDeptPA_TFM_MOA_03062026.pdf,baa8875253e85cb3144c10bb00719fc80855d8f2673025b04d13fc0911ef339e,https://www.ice.gov/doclib/287gMOA/OrangeTownshipPoliceDeptPA_TFM_MOA_03062026.pdf,2026-09-12T21:04:08Z,PENNSYLVANIA,Orange Township Police Department,OrangeTownshipPoliceDeptPA_TFM_MOA_03062026.pdf,MOA; revalidated; bytes identical,"""2d19c167858a31c61bf77f79367f530c:1773759043.778232""","Tue, 17 Mar 2026 14:50:43 GMT",
agreements/agreements_20260607_025243/KENTUCKY/Rockcastle_County_Sheriff's_Office/RockcastleCoSheriffsOfficeKY_TFM_MOA03062026.pdf,39bd390de59aa6c0dd782cfd670a3e8876434551bccf5ad27f9b49dc23cc9a04,https://www.ice.gov/doclib/287gMOA/RockcastleCoSheriffsOfficeKY_TFM_MOA03062026.pdf,2026-09-12T21:04:09Z,KENTUCKY,Rockcastle County Sheriff's Office,RockcastleCoSheriffsOfficeKY_TFM_MOA03062026.pdf,MOA; revalidated; bytes identical,"""01393fbab3a60b5613052cd0ba5ea67d:1773759044.069753""","Tue, 17 Mar 2026 14:50:44 GMT",
agreements/agreements_20260607_025243/OKLAHOMA/Stringtown_Police_Department/StringtownPoliceDeptOK_TFM_MOA_03082026.pdf,d72a602468c54a466e7d526a99ad15dbe7691c548c76eadd50c894c912e042d9,https://www.ice.gov/doclib/287gMOA/StringtownPoliceDeptOK_TFM_MOA_03082026.pdf,2026-09-12T21:04:09Z,OKLAHOMA,Stringtown Police Department,StringtownPoliceDeptOK_TFM_MOA_03082026.pdf,MOA; revalidated; bytes identical,"""669a81908acc0c5cf6bc6060373c50da:1773759350.562639""","Tue, 17 Mar 2026 14:55:50 GMT",
agreements/agreements_20260607_025243/TEXAS/Baylor_County_Sheriff's_Office/BaylorCoSheriffsOfficeTX_TFM_MOA_03082026.pdf,a3ee52aa1e517d9f6cefa86c2b7e75ce2dd412a561bbb6b3f66011f86eded5f6,https://www.ice.gov/doclib/287gMOA/BaylorCoSheriffsOfficeTX_TFM_MOA_03082026.pdf,2026-09-12T21:04:09Z,TEXAS,Baylor County Sheriff's Office,BaylorCoSheriffsOfficeTX_TFM_MOA_03082026.pdf,MOA; revalidated; bytes identical,"""fabf1db1fc1b047d7a62b5e44030b303:1773759335.061416""","Tue, 17 Mar 2026 14:55:35 GMT",
agreements/agreements_20260607_025243/TEXAS/Johnson_County_District_Attorney's_Office/JohnsonCoDA_OfficeTX_TFM_MOA_03082026.pdf,8284f93bd334c9518c8a69fbb2fb1f8277e97319d5cc84413074c1096f86a5cb,https://www.ice.gov/doclib/287gMOA/JohnsonCoDA_OfficeTX_TFM_MOA_03082026.pdf,2026-09-12T21:04:09Z,TEXAS,Johnson County District Attorney's Office,JohnsonCoDA_OfficeTX_TFM_MOA_03082026.pdf,MOA; revalidated; bytes identical,"""56b3f08bf0e0fe4405ede2256e1bcfa3:1773759351.393459""","Tue, 17 Mar 2026 14:55:51 GMT",
agreements/agreements_20260607_025243/TEXAS/Lone_Star_Police_Department/LoneStarPoliceDeptTX_TFM_MOA_03082026.pdf,832b08e0f8cbb4782c82433a4d0c64153feded897695d4100bc4029ccf446d4c,https://www.ice.gov/doclib/287gMOA/LoneStarPoliceDeptTX_TFM_MOA_03082026.pdf,2026-09-12T21:04:10Z,TEXAS,Lone Star Police Department,LoneStarPoliceDeptTX_TFM_MOA_03082026.pdf,MOA; revalidated; bytes identical,"""8d97be984ee363fd373e76fbb5f00b01:1773759354.808005""","Tue, 17 Mar 2026 14:55:54 GMT",
agreements/agreements_20260607_025243/MISSOURI/Country_Club_Hills_Police_Department/CountryClubHillsPoliceDeptMO_TFM_MOA_03022026.pdf,213030be89a5beb50bcfa2c4d79774536440e690baa5b855994e1b4fd99c03a3,https://www.ice.gov/doclib/287gMOA/CountryClubHillsPoliceDeptMO_TFM_MOA_03022026.pdf,2026-09-12T21:04:10Z,MISSOURI,Country Club Hills Police Department,CountryClubHillsPoliceDeptMO_TFM_MOA_03022026.pdf,MOA; revalidated; bytes identical,"""e865df6ee2aa0cc166054e31cba0c457:1773753993.816693""","Tue, 17 Mar 2026 13:26:33 GMT",
agreements/agreements_20260607_025243/MISSOURI/Winfield_Police_Department/WinfieldPoliceDeptMO_TFM_MOA_03012026.pdf,4f543f541b3ff012407aa65e3e215066e1be9aaefce3c6c84e5d389623c13b5a,https://www.ice.gov/doclib/287gMOA/WinfieldPoliceDeptMO_TFM_MOA_03012026.pdf,2026-09-12T21:04:10Z,MISSOURI,Winfield Police Department,WinfieldPoliceDeptMO_TFM_MOA_03012026.pdf,MOA; revalidated; bytes identical,"""163c4b9ae108265d5a67a2cc8ae665cd:1773754014.670879""","Tue, 17 Mar 2026 13:26:54 GMT",
agreements/agreements_20260607_025243/GEORGIA/Atkinson_County_Sheriff's_Office/AtkinsonCoSheriffsOfficeGA_JEM_MOA_03082026.pdf,c0f32ba1f4312d79acbad28222b335e61a3eb937b63e3a99d56f987c8b93d9f8,https://www.ice.gov/doclib/287gMOA/AtkinsonCoSheriffsOfficeGA_JEM_MOA_03082026.pdf,2026-09-12T21:04:10Z,GEORGIA,Atkinson County Sheriff's Office,AtkinsonCoSheriffsOfficeGA_JEM_MOA_03082026.pdf,MOA; revalidated; bytes identical,"""1ffe61c773bda7c1ff247806ac1de1b2:1773759655.860893""","Tue, 17 Mar 2026 15:00:55 GMT",
agreements/agreements_20260607_025243/TEXAS/Brazos_County_Sheriff's_Office/BrazosCoSheriffsOfficeTX_WSO_MOA_03112026.pdf,b02db06decf0a60da666e19680649d38ae5362820eb70fb2bd80e60fe032b2aa,https://www.ice.gov/doclib/287gMOA/BrazosCoSheriffsOfficeTX_WSO_MOA_03112026.pdf,2026-09-12T21:04:11Z,TEXAS,Brazos County Sheriff's Office,BrazosCoSheriffsOfficeTX_WSO_MOA_03112026.pdf,MOA; revalidated; bytes identical,"""9b63ace0dd8c2bd404a3b8efd6151c35:1773759643.449177""","Tue, 17 Mar 2026 15:00:43 GMT",
agreements/agreements_20260607_025243/TENNESSEE/Dickson_County_Sheriff's_Office_/DicksonCoSheriffsOfficeTN_WSO_MOA_03112026.pdf,8536825fed04c3ecf94411f8060380cb9710acf9e5caf97174a5c73415a427a4,https://www.ice.gov/doclib/287gMOA/DicksonCoSheriffsOfficeTN_WSO_MOA_03112026.pdf,2026-09-12T21:04:11Z,TENNESSEE,Dickson County Sheriff's Office,DicksonCoSheriffsOfficeTN_WSO_MOA_03112026.pdf,MOA; revalidated; bytes identical,"""add4ed3d39b756a3951b9de2a58888f1:1773759666.160659""","Tue, 17 Mar 2026 15:01:06 GMT",
agreements/agreements_20260607_025243/MISSOURI/Humansville_Police_Department/HumansvillePoliceDeptMO_TFM_MOA_03112026.pdf,d8d03d3ebca1f297cefaf81d2d11b7e5880e84f7f448dae7b422134af8b5f08b,https://www.ice.gov/doclib/287gMOA/HumansvillePoliceDeptMO_TFM_MOA_03112026.pdf,2026-09-12T21:04:11Z,MISSOURI,Humansville Police Department,HumansvillePoliceDeptMO_TFM_MOA_03112026.pdf,MOA; revalidated; bytes identical,"""57c672c56f853d0ee9f464cc8fbd720e:1773759666.457077""","Tue, 17 Mar 2026 15:01:06 GMT",
agreements/agreements_20260607_025243/SOUTH_CAROLINA/Harleyville_Police_Department/HarleyvillePoliceDeptSC_TFM_MOA_02232026.pdf,488e7146cb99a0bbe2365417ea7c616a3ad94517e0e0c0105cc762c0874a65f0,https://www.ice.gov/doclib/287gMOA/HarleyvillePoliceDeptSC_TFM_MOA_02232026.pdf,2026-09-12T21:04:12Z,SOUTH CAROLINA,Harleyville Police Department,HarleyvillePoliceDeptSC_TFM_MOA_02232026.pdf,MOA; revalidated; bytes identical,"""37afc97db5dd03ec0e339b5a286ba47e:1773325814.205683""","Thu, 12 Mar 2026 14:30:14 GMT",
agreements/agreements_20260607_025243/SOUTH_CAROLINA/North_Police_Department/NorthPoliceDeptSC_TFM_MOA_02182026.pdf,9e81e9546772429eefe3fbf650f0f5fc689086ff539f5838f9b4c3303bd5a960,https://www.ice.gov/doclib/287gMOA/NorthPoliceDeptSC_TFM_MOA_02182026.pdf,2026-09-12T21:04:12Z,SOUTH CAROLINA,North Police Department,NorthPoliceDeptSC_TFM_MOA_02182026.pdf,MOA; revalidated; bytes identical,"""9606b9c1ca8571f41fd6546a27a34ee1:1773325820.599079""","Thu, 12 Mar 2026 14:30:20 GMT",
agreements/agreements_20260607_025243/TENNESSEE/Obion_County_Sheriff's_Office/ObionCoSheriffsOfficeTN_WSO_MOA_02232026.pdf,292d44d6cb329098354ad121b4ec7167927369f9416e3a684b02e56e89edb759,https://www.ice.gov/doclib/287gMOA/ObionCoSheriffsOfficeTN_WSO_MOA_02232026.pdf,2026-09-12T21:04:12Z,TENNESSEE,Obion County Sheriff's Office,ObionCoSheriffsOfficeTN_WSO_MOA_02232026.pdf,MOA; revalidated; bytes identical,"""793a6aa97832651f2aca7543a889aa20:1773325821.491721""","Thu, 12 Mar 2026 14:30:21 GMT",
agreements/agreements_20260607_025243/SOUTH_CAROLINA/Ridgeway_Police_Department/RidgewayPoliceDeptSC_TFM_MOA_02232026.pdf,61df6262fe6226a90f5867af0a334323a6c30a0d6d47479325ff26e43003da3d,https://www.ice.gov/doclib/287gMOA/RidgewayPoliceDeptSC_TFM_MOA_02232026.pdf,2026-09-12T21:04:12Z,SOUTH CAROLINA,Ridgeway Police Department,RidgewayPoliceDeptSC_TFM_MOA_02232026.pdf,MOA; revalidated; bytes identical,"""1498ff410db2690cbf0be06e81512139:1773325797.87004""","Thu, 12 Mar 2026 14:29:57 GMT",
agreements/agreements_20260607_025243/PENNSYLVANIA/Shohola_Township_Constable's_Office/ShoholaTownshipConstableOfficePA_TFM_MOA_02182026.pdf,fd3ac64a2e4cde0f76243288b05754bdebc0feb994ef4cae0881739de9acf421,https://www.ice.gov/doclib/287gMOA/ShoholaTownshipConstableOfficePA_TFM_MOA_02182026.pdf,2026-09-12T21:04:13Z,PENNSYLVANIA,Shohola Township Constable's Office,ShoholaTownshipConstableOfficePA_TFM_MOA_02182026.pdf,MOA; revalidated; bytes identical,"""f93107a8eae68d7d56c99fc879a8cd37:1773325833.439144""","Thu, 12 Mar 2026 14:30:33 GMT",
agreements/agreements_20260607_025243/TEXAS/Archer_County_Sheriff's_Office/ArcherCoSheriffsOfficeTX_TFM_MOA_022202026.pdf,aa97e99a097a6611ec8af10bf4451d9ce29bcc98dbb48878b215ab58a03bce17,https://www.ice.gov/doclib/287gMOA/ArcherCoSheriffsOfficeTX_TFM_MOA_022202026.pdf,2026-09-12T21:04:13Z,TEXAS,Archer County Sheriff's Office,ArcherCoSheriffsOfficeTX_TFM_MOA_022202026.pdf,MOA; revalidated; bytes identical,"""52912f03c933c9bce973fc73a4f6fbcd:1773325446.252209""","Thu, 12 Mar 2026 14:24:06 GMT",
agreements/agreements_20260607_025243/TEXAS/Bayou_Vista_Police_Department/BayouVistaPoliceDeptTX_TFM_MOA_02232026.pdf,64ce13dc2bbe2ea56067f6b2cf4478c1714431a96100814779799902ed707070,https://www.ice.gov/doclib/287gMOA/BayouVistaPoliceDeptTX_TFM_MOA_02232026.pdf,2026-09-12T21:04:13Z,TEXAS,Bayou Vista Police Department,BayouVistaPoliceDeptTX_TFM_MOA_02232026.pdf,MOA; revalidated; bytes identical,"""f764556a32602ed343b9cde95c59ad57:1773325445.399428""","Thu, 12 Mar 2026 14:24:05 GMT",
agreements/agreements_20260607_025243/TEXAS/Blanco_County_Sheriff's_Office/BlancoCoSheriffsOfficeTX_JEM_MOA_02232026.pdf,0b3292d4a663e4b91d2749b103e7678001f2b95304dd9f53b0cff000ea281805,https://www.ice.gov/doclib/287gMOA/BlancoCoSheriffsOfficeTX_JEM_MOA_02232026.pdf,2026-09-12T21:04:13Z,TEXAS,Blanco County Sheriff's Office,BlancoCoSheriffsOfficeTX_JEM_MOA_02232026.pdf,MOA; revalidated; bytes identical,"""fa1746b8b24d82294413fd90d99598fc:1773326156.006636""","Thu, 12 Mar 2026 14:35:56 GMT",
agreements/agreements_20260607_025243/TEXAS/Franklin_County_Sheriff's_Office/FranklinCoSheriffsOfficeTX_TFM_MOA_02172026.pdf,f403c23c3fd71b603e28604dd31a00a30242bceb0f39694d4fa9594bc8e59c1d,https://www.ice.gov/doclib/287gMOA/FranklinCoSheriffsOfficeTX_TFM_MOA_02172026.pdf,2026-09-12T21:04:14Z,TEXAS,Franklin County Sheriff's Office,FranklinCoSheriffsOfficeTX_TFM_MOA_02172026.pdf,MOA; revalidated; bytes identical,"""c7616647b5a3affa878164e04223547a:1773326134.484324""","Thu, 12 Mar 2026 14:35:34 GMT",
agreements/agreements_20260607_025243/TEXAS/Gillespie_County_Sheriff's_Office/GillespieCoSheriffsOfficeTX_TFM_MOA_02232026.pdf,4bd737d5c57a21370bdcac7ce30791715efa5c07ea865a91c6e22bdb8160a26a,https://www.ice.gov/doclib/287gMOA/GillespieCoSheriffsOfficeTX_TFM_MOA_02232026.pdf,2026-09-12T21:04:14Z,TEXAS,Gillespie County Sheriff's Office,GillespieCoSheriffsOfficeTX_TFM_MOA_02232026.pdf,MOA; revalidated; bytes identical,"""b03d81b09ca6f97b0e23e9a20f269baf:1773326134.720257""","Thu, 12 Mar 2026 14:35:34 GMT",
agreements/agreements_20260607_025243/TEXAS/Grimes_County_Sheriff's_Office_/GrimesCoSheriffsOfficeTX_WSO_MOA_02252026.pdf,bf4f3d0814d5dc3ae60ec6ee89bbdb022551fca9eb34d0256b0518256252e667,https://www.ice.gov/doclib/287gMOA/GrimesCoSheriffsOfficeTX_WSO_MOA_02252026.pdf,2026-09-12T21:04:14Z,TEXAS,Grimes County Sheriff's Office,GrimesCoSheriffsOfficeTX_WSO_MOA_02252026.pdf,MOA; revalidated; bytes identical,"""f84067af1e05c314d6d1b5d363de1da6:1773326168.193625""","Thu, 12 Mar 2026 14:36:08 GMT",
agreements/agreements_20260607_025243/WEST_VIRGINIA/Clay_County_Sheriff's_Office/ClayCoSheriffsOfficeWV_TFM_MOA_02172026.pdf,98036bb2ad791418f0a41cd3992eed1128351b7aec16a5302cc985f0b2703ea9,https://www.ice.gov/doclib/287gMOA/ClayCoSheriffsOfficeWV_TFM_MOA_02172026.pdf,2026-09-12T21:04:15Z,WEST VIRGINIA,Clay County Sheriff's Office,ClayCoSheriffsOfficeWV_TFM_MOA_02172026.pdf,MOA; revalidated; bytes identical,"""c8c2928069fd780b9062a8bb2b78109f:1773328511.938588""","Thu, 12 Mar 2026 15:15:11 GMT",
agreements/agreements_20260607_025243/WEST_VIRGINIA/Doddridge_County_Sheriff's_Office/DoddridgeCoSheriffsOfficeWV_TFM_MOA_02252026.pdf,bf5c0e72d3bd7b9a863936a07603603847012444b014f458ab546b0ead056617,https://www.ice.gov/doclib/287gMOA/DoddridgeCoSheriffsOfficeWV_TFM_MOA_02252026.pdf,2026-09-12T21:04:15Z,WEST VIRGINIA,Doddridge County Sheriff's Office,DoddridgeCoSheriffsOfficeWV_TFM_MOA_02252026.pdf,MOA; revalidated; bytes identical,"""fafa544b722c3e136bfc0319eff22ce8:1773328511.806705""","Thu, 12 Mar 2026 15:15:11 GMT",
agreements/agreements_20260607_025243/TEXAS/Huntington_Police_Department/HuntingtonPoliceDeptTX_TFM_MOA_02252026.pdf,06e146382f570f95dc14543b637c5de64d7355404a0e4cbebce9ebe300799b99,https://www.ice.gov/doclib/287gMOA/HuntingtonPoliceDeptTX_TFM_MOA_02252026.pdf,2026-09-12T21:04:15Z,TEXAS,Huntington Police Department,HuntingtonPoliceDeptTX_TFM_MOA_02252026.pdf,MOA; revalidated; bytes identical,"""42b9f8ad99ca50370224e0a93c5a1738:1773328512.025954""","Thu, 12 Mar 2026 15:15:12 GMT",
agreements/agreements_20260607_025243/WEST_VIRGINIA/Kenova_Police_Department/KenovaPoliceDeptWV_TFM_MOA_02232026.pdf,e81cc7f15e6ea7359d40716e17c9458cf2be7d06b517d35f754e74ab6d660746,https://www.ice.gov/doclib/287gMOA/KenovaPoliceDeptWV_TFM_MOA_02232026.pdf,2026-09-12T21:04:16Z,WEST VIRGINIA,Kenova Police Department,KenovaPoliceDeptWV_TFM_MOA_02232026.pdf,MOA; revalidated; bytes identical,"""4496c024b7a9d35bb9eeec25d55bd181:1773328563.74512""","Thu, 12 Mar 2026 15:16:03 GMT",
agreements/agreements_20260607_025243/TEXAS/La_Vernia_Police_Department/LaVerniaPoliceDeptTX_TFM_MOA_02232026.pdf,afee599049e840aa49184d7993ffb853c3c454485288b6f01bad5760c44a647f,https://www.ice.gov/doclib/287gMOA/LaVerniaPoliceDeptTX_TFM_MOA_02232026.pdf,2026-09-12T21:04:16Z,TEXAS,La Vernia Police Department,LaVerniaPoliceDeptTX_TFM_MOA_02232026.pdf,MOA; revalidated; bytes identical,"""6b2a3731aca678e78c95c24224d265f1:1773328516.900513""","Thu, 12 Mar 2026 15:15:16 GMT",
agreements/agreements_20260607_025243/TEXAS/Leonard_Police_Department/LeonardPoliceDeptTX_TFM_MOA_02252026.pdf,76b7793428eab7a848f1315afb19ddbca09b49fa1bd611a97fccb75fb5e35a24,https://www.ice.gov/doclib/287gMOA/LeonardPoliceDeptTX_TFM_MOA_02252026.pdf,2026-09-12T21:04:16Z,TEXAS,Leonard Police Department,LeonardPoliceDeptTX_TFM_MOA_02252026.pdf,MOA; revalidated; bytes identical,"""bf87b3937c3f65b84554f2b25c1ea2f5:1773328552.980382""","Thu, 12 Mar 2026 15:15:52 GMT",
agreements/agreements_20260607_025243/TEXAS/Liberty_County_Constable_Precinct_6/LibertyCoConstablePrecinct6TX_TFM_MOA_02172026.pdf,cee5515c0c5624864f3808ae2473c4269973fe32797ee8c01b302ef1fb9e5982,https://www.ice.gov/doclib/287gMOA/LibertyCoConstablePrecinct6TX_TFM_MOA_02172026.pdf,2026-09-12T21:04:16Z,TEXAS,Liberty County Constable Precinct 6,LibertyCoConstablePrecinct6TX_TFM_MOA_02172026.pdf,MOA; revalidated; bytes identical,"""6638ea7ba8108106c52fd0c8fdc0246f:1773328521.224437""","Thu, 12 Mar 2026 15:15:21 GMT",
agreements/agreements_20260607_025243/TEXAS/Nacogdoches_County_Sheriff's_Office_/NacogdochesCoSheriffsOfficeTX_TFM_MOA_02232026.pdf,c3125856d5d84f1739ad73f535390f622f714ebc0371c5817f25866aae1af630,https://www.ice.gov/doclib/287gMOA/NacogdochesCoSheriffsOfficeTX_TFM_MOA_02232026.pdf,2026-09-12T21:04:17Z,TEXAS,Nacogdoches County Sheriff's Office,NacogdochesCoSheriffsOfficeTX_TFM_MOA_02232026.pdf,MOA; revalidated; bytes identical,"""c1789c2dbc9d895d5910805c9fb51412:1773328549.398871""","Thu, 12 Mar 2026 15:15:49 GMT",
agreements/agreements_20260607_025243/TEXAS/Oldham_County_Sheriff's_Office/OldhamCoSheriffsOfficeTX_TFM_MOA_02172026.pdf,85d8b2920915c00b5bf6d286ebf33f9efc146b87e447c2ddb2bea21cb8b7be60,https://www.ice.gov/doclib/287gMOA/OldhamCoSheriffsOfficeTX_TFM_MOA_02172026.pdf,2026-09-12T21:04:17Z,TEXAS,Oldham County Sheriff's Office,OldhamCoSheriffsOfficeTX_TFM_MOA_02172026.pdf,MOA; revalidated; bytes identical,"""0c5cf830d954122b62b2bf43eb4f3bf6:1773328518.750564""","Thu, 12 Mar 2026 15:15:18 GMT",
agreements/agreements_20260607_025243/WEST_VIRGINIA/Paw_Paw_Police_Department/PawPawPoliceDeptWV_TFM_MOA_02172026.pdf,53741b3cffa363023d1ad226262c84698a1908156656cde22c6ec758b4b30bdf,https://www.ice.gov/doclib/287gMOA/PawPawPoliceDeptWV_TFM_MOA_02172026.pdf,2026-09-12T21:04:17Z,WEST VIRGINIA,Paw Paw Police Department,PawPawPoliceDeptWV_TFM_MOA_02172026.pdf,MOA; revalidated; bytes identical,"""ed7e4ec2589d341bee9cf4c6398dbb9d:1773328530.638424""","Thu, 12 Mar 2026 15:15:30 GMT",
agreements/agreements_20260607_025243/TEXAS/Tye_Police_Department_/TyePoliceDeptTX_TFM_MOA_02172026.pdf,5705dddddb64069bf76d8fdd1abced541fbef17aac84917475705013b2c4edd5,https://www.ice.gov/doclib/287gMOA/TyePoliceDeptTX_TFM_MOA_02172026.pdf,2026-09-12T21:04:18Z,TEXAS,Tye Police Department,TyePoliceDeptTX_TFM_MOA_02172026.pdf,MOA; revalidated; bytes identical,"""8d3b51039af633cc324d66a69d3bc2cf:1773328529.886535""","Thu, 12 Mar 2026 15:15:29 GMT",
agreements/agreements_20260607_025243/TEXAS/Cut_N_Shoot_Police_Department/CutShootPoliceDeptTX_TFM_MOA_03192026.pdf,2d517c8d0b9c264b274ac78462fd22bfcdf0b76d2c1f35da6f8a8a45fb7fad96,https://www.ice.gov/doclib/287gMOA/CutShootPoliceDeptTX_TFM_MOA_03192026.pdf,2026-09-12T21:04:18Z,TEXAS,"Cut ""N"" Shoot Police Department",CutShootPoliceDeptTX_TFM_MOA_03192026.pdf,MOA; revalidated; bytes identical,"""1ea733e0feaacf93d3f73758330b1a17:1774275400.693349""","Mon, 23 Mar 2026 14:16:40 GMT",
agreements/agreements_20260607_025243/TEXAS/Hughes_Springs_Police_Department/HughesSpringsPoliceDeptTX_TFM_MOA_03192026.pdf,b9cfdac75ecf69dccd5af7d379b9bb9a36e229e9c2bb676be57b39d7ad433427,https://www.ice.gov/doclib/287gMOA/HughesSpringsPoliceDeptTX_TFM_MOA_03192026.pdf,2026-09-12T21:04:18Z,TEXAS,Hughes Springs Police Department,HughesSpringsPoliceDeptTX_TFM_MOA_03192026.pdf,MOA; revalidated; bytes identical,"""355061d34fcf814d50c036576290ddc6:1774275403.849135""","Mon, 23 Mar 2026 14:16:43 GMT",
agreements/agreements_20260607_025243/KENTUCKY/Middlesboro_Police_Department/MiddlesboroPoliceDeptKY_TFM_MOA_03082026.pdf,645c37600c2a5865502553ff27df9f8f18f68140afe3eebb6aa393a000e51d2e,https://www.ice.gov/doclib/287gMOA/MiddlesboroPoliceDeptKY_TFM_MOA_03082026.pdf,2026-09-12T21:04:18Z,KENTUCKY,Middlesboro Police Department,MiddlesboroPoliceDeptKY_TFM_MOA_03082026.pdf,MOA; revalidated; bytes identical,"""047fac08eb8539a95d77fc486bc217e1:1774275401.54256""","Mon, 23 Mar 2026 14:16:41 GMT",
agreements/agreements_20260607_025243/MISSOURI/Saint_Francois_County_Sheriff's_Office/SaintFrancoisCoSheriffsOfficeMO_TFM_MOA_03192026.pdf,c77ee7006b68059e4dc04438c79e3e7ce6c2673ed37ad4993b60d845d5dcc2d2,https://www.ice.gov/doclib/287gMOA/SaintFrancoisCoSheriffsOfficeMO_TFM_MOA_03192026.pdf,2026-09-12T21:04:19Z,MISSOURI,Saint Francois County Sheriff's Office,SaintFrancoisCoSheriffsOfficeMO_TFM_MOA_03192026.pdf,MOA; revalidated; bytes identical,"""58d3d4f7874c3646b555c2011e8bbbe5:1774275402.214854""","Mon, 23 Mar 2026 14:16:42 GMT",
agreements/agreements_20260607_025243/TEXAS/Troup_Police_Department/TroupPoliceDeptTX_TFM_MOA_03172026.pdf,641031a081ade1d086ba2ae279f026cfc55a57117bb642750be4da2afc6c8dc9,https://www.ice.gov/doclib/287gMOA/TroupPoliceDeptTX_TFM_MOA_03172026.pdf,2026-09-12T21:04:19Z,TEXAS,Troup Police Department,TroupPoliceDeptTX_TFM_MOA_03172026.pdf,MOA; revalidated; bytes identical,"""5746464ab360bacf16e039a29d9b1030:1774275401.070252""","Mon, 23 Mar 2026 14:16:41 GMT",
agreements/agreements_20260607_025243/MISSOURI/Wayne_County_Sheriff's_Office/WayneCoSheriffsOfficeMO_TFM_MOA_03172026.pdf,d5d5354db93dd605cc273938702085e1b30f4cd4545e70c5878870fdecb10d69,https://www.ice.gov/doclib/287gMOA/WayneCoSheriffsOfficeMO_TFM_MOA_03172026.pdf,2026-09-12T21:04:19Z,MISSOURI,Wayne County Sheriff's Office,WayneCoSheriffsOfficeMO_TFM_MOA_03172026.pdf,MOA; revalidated; bytes identical,"""a2817fd10517b768f1ded34a432e1534:1774275420.095209""","Mon, 23 Mar 2026 14:17:00 GMT",
agreements/agreements_20260607_025243/PENNSYLVANIA/West_Hazleton_Borough_Police_Department/WestHazletonBoroughPoliceDeptPA_TFM_MOA_03192026.pdf,fda714341f6d0130b7f17518d8e3a55cc36944c00651f0ee16acaa955628c125,https://www.ice.gov/doclib/287gMOA/WestHazletonBoroughPoliceDeptPA_TFM_MOA_03192026.pdf,2026-09-12T21:04:19Z,PENNSYLVANIA,West Hazleton Borough Police Department,WestHazletonBoroughPoliceDeptPA_TFM_MOA_03192026.pdf,MOA; revalidated; bytes identical,"""35653d71dfaae4d1929f23e7df92f95c:1774275402.212546""","Mon, 23 Mar 2026 14:16:42 GMT",
agreements/agreements_20260607_025243/KENTUCKY/Brodhead_Police_Department/BrodheadPoliceDeptKY_TFM_MOA_03172026.pdf,1a3872aaa2485d7df05340bb8d1908ce142c54ddc5a2baa2865d16c42b6025c3,https://www.ice.gov/doclib/287gMOA/BrodheadPoliceDeptKY_TFM_MOA_03172026.pdf,2026-09-12T21:04:20Z,KENTUCKY,Brodhead Police Department,BrodheadPoliceDeptKY_TFM_MOA_03172026.pdf,MOA; revalidated; bytes identical,"""64396bf85d4f3aede4671bfe41e1c3ff:1774272743.72909""","Mon, 23 Mar 2026 13:32:23 GMT",
agreements/agreements_20260607_025243/MISSOURI/Carter_County_Sheriff's_Office/CarterCoSheriffsOfficeMO_TFM_MOA_03172026.pdf,8f21e27d1cc172afb3744d9fb2441903e5f1d2325437a255856dbb4c8ec63724,https://www.ice.gov/doclib/287gMOA/CarterCoSheriffsOfficeMO_TFM_MOA_03172026.pdf,2026-09-12T21:04:20Z,MISSOURI,Carter County Sheriff's Office,CarterCoSheriffsOfficeMO_TFM_MOA_03172026.pdf,MOA; revalidated; bytes identical,"""5a2cb4909cc9eeeac27463836e571fdc:1774272770.108358""","Mon, 23 Mar 2026 13:32:50 GMT",
agreements/agreements_20260607_025243/PENNSYLVANIA/Frackville_Borough_Police_Department/FrackvilleBoroughPoliceDeptPA_TFM_MOA_03172026.pdf,eace89cf841794e6450459ab1ef51aefcda90cad011b890c783569394dba8edf,https://www.ice.gov/doclib/287gMOA/FrackvilleBoroughPoliceDeptPA_TFM_MOA_03172026.pdf,2026-09-12T21:04:20Z,PENNSYLVANIA,Frackville Borough Police Department,FrackvilleBoroughPoliceDeptPA_TFM_MOA_03172026.pdf,MOA; revalidated; bytes identical,"""02cb3bb3c3fc9c2002da3e800fd66b48:1774272789.604848""","Mon, 23 Mar 2026 13:33:09 GMT",
agreements/agreements_20260607_025243/MISSOURI/Madison_County_Sheriff's_Office/MadisonCoSheriffsOfficeMO_TFM_MOA_03172026.pdf,81cc7029ce55f696a7bbfcd3d419e3be0685c96033016da3b49a46e57a106584,https://www.ice.gov/doclib/287gMOA/MadisonCoSheriffsOfficeMO_TFM_MOA_03172026.pdf,2026-09-12T21:04:21Z,MISSOURI,Madison County Sheriff's Office,MadisonCoSheriffsOfficeMO_TFM_MOA_03172026.pdf,MOA; revalidated; bytes identical,"""faf48d6e7fd18083b7f49779487ad4ca:1774272748.024687""","Mon, 23 Mar 2026 13:32:28 GMT",
agreements/agreements_20260607_025243/PENNSYLVANIA/Mount_Carmel_Township_Police_Department/MountCarmelTownshipPoliceDeptPA_TFM_MOA_03172026.pdf,efb54fc6ea0d683d63f3e9fbd787627e7b09c174ebcbdd19e898b2b1a4b52ecf,https://www.ice.gov/doclib/287gMOA/MountCarmelTownshipPoliceDeptPA_TFM_MOA_03172026.pdf,2026-09-12T21:04:21Z,PENNSYLVANIA,Mount Carmel Township Police Department,MountCarmelTownshipPoliceDeptPA_TFM_MOA_03172026.pdf,MOA; revalidated; bytes identical,"""a923f180e2abf7be2237c9d6d3ec47d3:1774272768.902148""","Mon, 23 Mar 2026 13:32:48 GMT",
agreements/agreements_20260607_025243/OKLAHOMA/Caddo_Police_Department/CaddoPoliceDeptOK_TFM_MOA_03112026.pdf,2695695f3316308010943505d4471e81c7c6a8dabf911e87a2b948ec6a50bab1,https://www.ice.gov/doclib/287gMOA/CaddoPoliceDeptOK_TFM_MOA_03112026.pdf,2026-09-12T21:04:21Z,OKLAHOMA,Caddo Police Department,CaddoPoliceDeptOK_TFM_MOA_03112026.pdf,MOA; revalidated; bytes identical,"""7b07b2a5ffefcb3a2a553e8e91cb6c0c:1774272452.495533""","Mon, 23 Mar 2026 13:27:32 GMT",
agreements/agreements_20260607_025243/PENNSYLVANIA/Hazleton_Police_Department_/HazletonPoliceDeptPA_TFM_MOA_03112026.pdf,72cac67435c15eee70342b6563bcbf3d39aef62a2e9833d1cec3b70395293ecd,https://www.ice.gov/doclib/287gMOA/HazletonPoliceDeptPA_TFM_MOA_03112026.pdf,2026-09-12T21:04:22Z,PENNSYLVANIA,Hazleton Police Department,HazletonPoliceDeptPA_TFM_MOA_03112026.pdf,MOA; revalidated; bytes identical,"""2b38f38c48640090c90e2a506e594097:1774272432.68068""","Mon, 23 Mar 2026 13:27:12 GMT",
agreements/agreements_20260607_025243/TEXAS/Parker_County_Sheriff's_Office/ParkerCoSheriffsOfficeTX_TFM_MOA_03112026.pdf,4caef0b0fd22c986179b1316d5d1306ebe1223ad952a9d4d3b212894c9063f77,https://www.ice.gov/doclib/287gMOA/ParkerCoSheriffsOfficeTX_TFM_MOA_03112026.pdf,2026-09-12T21:04:22Z,TEXAS,Parker County Sheriff's Office,ParkerCoSheriffsOfficeTX_TFM_MOA_03112026.pdf,MOA; revalidated; bytes identical,"""425020060fe8b4aea4a94049e35d68af:1774272433.95363""","Mon, 23 Mar 2026 13:27:13 GMT",
agreements/agreements_20260607_025243/NORTH_DAKOTA/Burke_County_Sheriff's_Office/BurkeCoSheriffsOfficeND_TFM_MOA_03132026.pdf,0b50cf67603af8f90c2bb60c4e11c1f81eafa20056b7e6a67881573fc53242f9,https://www.ice.gov/doclib/287gMOA/BurkeCoSheriffsOfficeND_TFM_MOA_03132026.pdf,2026-09-12T21:04:22Z,NORTH DAKOTA,Burke County Sheriff's Office,BurkeCoSheriffsOfficeND_TFM_MOA_03132026.pdf,MOA; revalidated; bytes identical,"""41e2d405fbd09bbf17aef6771aa852d1:1774272196.367814""","Mon, 23 Mar 2026 13:23:16 GMT",
agreements/agreements_20260607_025243/OKLAHOMA/Colbert_Police_Department/ColbertPoliceDeptOK_TFM_MOA_03132026.pdf,699bc39cf28506a23c3f960587538ea52b651af3a42b0a9364d09aa86d85f2b0,https://www.ice.gov/doclib/287gMOA/ColbertPoliceDeptOK_TFM_MOA_03132026.pdf,2026-09-12T21:04:23Z,OKLAHOMA,Colbert Police Department,ColbertPoliceDeptOK_TFM_MOA_03132026.pdf,MOA; revalidated; bytes identical,"""cbf88a02551f9e94ccae071f1476f552:1774272180.172183""","Mon, 23 Mar 2026 13:23:00 GMT",
agreements/agreements_20260607_025243/TEXAS/Dublin_Police_Department/DublinPoliceDeptTX_TFM_MOA_03132026.pdf,46a3abb1876c7f0b803773162f966a880a0ba7ec074723fc426aa9a0ad78a173,https://www.ice.gov/doclib/287gMOA/DublinPoliceDeptTX_TFM_MOA_03132026.pdf,2026-09-12T21:04:23Z,TEXAS,Dublin Police Department,DublinPoliceDeptTX_TFM_MOA_03132026.pdf,MOA; revalidated; bytes identical,"""91178c1bf485df022652b5e372ada546:1774272201.743192""","Mon, 23 Mar 2026 13:23:21 GMT",
agreements/agreements_20260607_025243/OHIO/Jamestown_Police_Department/JamestownPoliceDeptOH_TFM_MOA_03132026.pdf,34668c42d84761baf0b4bcdb9230f1c1aa2918fd94e9980ff5d20651fc805c0c,https://www.ice.gov/doclib/287gMOA/JamestownPoliceDeptOH_TFM_MOA_03132026.pdf,2026-09-12T21:04:23Z,OHIO,Jamestown Police Department,JamestownPoliceDeptOH_TFM_MOA_03132026.pdf,MOA; revalidated; bytes identical,"""05c833fcc356155bedbdcaf77f3723b5:1774272203.144605""","Mon, 23 Mar 2026 13:23:23 GMT",
agreements/agreements_20260607_025243/TEXAS/Lavaca_County_Constable_Precinct_2/LavacaCoConstablePrecinct2_TX_TFM_MOA_03132026.pdf,9fe60b2ad394abc6ea081d935c6fffbb381711d15448194a771c6680618d6326,https://www.ice.gov/doclib/287gMOA/LavacaCoConstablePrecinct2_TX_TFM_MOA_03132026.pdf,2026-09-12T21:04:23Z,TEXAS,Lavaca County Constable Precinct 2,LavacaCoConstablePrecinct2_TX_TFM_MOA_03132026.pdf,MOA; revalidated; bytes identical,"""c96e5c6ff17c9b926e51aca55a99db84:1774272215.84455""","Mon, 23 Mar 2026 13:23:35 GMT",
agreements/agreements_20260607_025243/TEXAS/China_Grove_Police_Department/ChinaGrovePoliceDeptTX_TFM_MOA_03112026.pdf,f93dd383b2ce5f1af5dbd33b4ed69e8819ab958338f0d0ea997837192abe502d,https://www.ice.gov/doclib/287gMOA/ChinaGrovePoliceDeptTX_TFM_MOA_03112026.pdf,2026-09-12T21:04:24Z,TEXAS,China Grove Police Department,ChinaGrovePoliceDeptTX_TFM_MOA_03112026.pdf,MOA; revalidated; bytes identical,"""429ff164459409da3e5c78b83597c9fa:1774271909.30669""","Mon, 23 Mar 2026 13:18:29 GMT",
agreements/agreements_20260607_025243/ALABAMA/Courtland_Police_Department_/CourtlandPoliceDeptAL_TFM_MOA_03132026.pdf,70ae53cbbc9607a50f3f8d87aee83093b014d3fe88fd59c67489b30a454c0d99,https://www.ice.gov/doclib/287gMOA/CourtlandPoliceDeptAL_TFM_MOA_03132026.pdf,2026-09-12T21:04:24Z,ALABAMA,Courtland Police Department,CourtlandPoliceDeptAL_TFM_MOA_03132026.pdf,MOA; revalidated; bytes identical,"""e716dfa653a347f2faf7e21c108595b7:1774271908.676451""","Mon, 23 Mar 2026 13:18:28 GMT",
agreements/agreements_20260607_025243/PENNSYLVANIA/Salem_Township_Police_Department/SalemTownshipPoliceDeptPA_TFM_MOA_03132026.pdf,fbdd0e84758654b3a9c978975e1614feeb61c2a20c5ab4c0e0f0ff77a4540a48,https://www.ice.gov/doclib/287gMOA/SalemTownshipPoliceDeptPA_TFM_MOA_03132026.pdf,2026-09-12T21:04:24Z,PENNSYLVANIA,Salem Township Police Department,SalemTownshipPoliceDeptPA_TFM_MOA_03132026.pdf,MOA; revalidated; bytes identical,"""ea8991c6497d7d81ca61a2194d2a3426:1774271906.87246""","Mon, 23 Mar 2026 13:18:26 GMT",
agreements/agreements_20260607_025243/OKLAHOMA/Canadian_County_Sheriff's_Office/CanadianCoSheriffsOfficeOK_TFM_MOA_03192026.pdf,b9f54ae88fb3da9f666b92e933d8cc976de72b1dd25ce915ddd2832a0cfcffa9,https://www.ice.gov/doclib/287gMOA/CanadianCoSheriffsOfficeOK_TFM_MOA_03192026.pdf,2026-09-12T21:04:25Z,OKLAHOMA,Canadian County Sheriff's Office,CanadianCoSheriffsOfficeOK_TFM_MOA_03192026.pdf,MOA; revalidated; bytes identical,"""624ddb5c031dd90e041d5ff7a2ff2b7f:1774275894.145411""","Mon, 23 Mar 2026 14:24:54 GMT",
agreements/agreements_20260607_025243/TEXAS/Liberty_County_Constable_Precinct_2/LibertyCoConstablePrecinct2_TX_TFM_MOA_03192026 2.pdf,8cc6d6c7b6b27f3fc0c80b722fcbd402cec3fbf17798e7d948530d649b4d014a,https://www.ice.gov/doclib/287gMOA/LibertyCoConstablePrecinct2_TX_TFM_MOA_03192026.pdf,2026-09-12T21:04:25Z,TEXAS,Liberty County Constable Precinct 2,LibertyCoConstablePrecinct2_TX_TFM_MOA_03192026 2.pdf,MOA; revalidated; bytes identical,"""0fe8fbfb1ece37178e8e60ba51443510:1774275918.230567""","Mon, 23 Mar 2026 14:25:18 GMT",
agreements/agreements_20260607_025243/VIRGINIA/Page_County_Sheriff's_Office/PageCoSheriffsOfficeVA_TFM_MOA_03192026.pdf,f8f9f256d296742b604ab56a37ec5026e16452c1724134febd9615cf84c52d85,https://www.ice.gov/doclib/287gMOA/PageCoSheriffsOfficeVA_TFM_MOA_03192026.pdf,2026-09-12T21:04:25Z,VIRGINIA,Page County Sheriff's Office,PageCoSheriffsOfficeVA_TFM_MOA_03192026.pdf,MOA; revalidated; bytes identical,"""f8c99896bfbe6343ce48d271c54d58b6:1774275919.209961""","Mon, 23 Mar 2026 14:25:19 GMT",
agreements/agreements_20260607_025243/MISSOURI/Bismarck_Police_Department/BismarckPoliceDeptMO_TFM_MOA_03192026.pdf,38b1da72d483a8674893e5072a7724b3b6f2bbc28753ae1d722d89353f39f19b,https://www.ice.gov/doclib/287gMOA/BismarckPoliceDeptMO_TFM_MOA_03192026.pdf,2026-09-12T21:04:25Z,MISSOURI,Bismarck Police Department,BismarckPoliceDeptMO_TFM_MOA_03192026.pdf,MOA; revalidated; bytes identical,"""df7086b51c90ad5a86081b23ceafb2f7:1774619859.320395""","Fri, 27 Mar 2026 13:57:39 GMT",
agreements/agreements_20260607_025243/KENTUCKY/Clay_County_Sheriff's_Office/ClayCoSheriffsOfficeKY_TFM_MOA_03192026.pdf,1fb2113ba5a78869939dcc8c36394e73c4949872add65be46755cd6640b67280,https://www.ice.gov/doclib/287gMOA/ClayCoSheriffsOfficeKY_TFM_MOA_03192026.pdf,2026-09-12T21:04:26Z,KENTUCKY,Clay County Sheriff's Office,ClayCoSheriffsOfficeKY_TFM_MOA_03192026.pdf,MOA; revalidated; bytes identical,"""b5f6eb4e6b0496781a9ac64de7b16ad1:1774619875.407582""","Fri, 27 Mar 2026 13:57:55 GMT",
agreements/agreements_20260607_025243/GEORGIA/Wayne_County_Sheriff's_Office/WayneCoSheriffsOfficeGA_TFM_MOA_01302026.pdf,99a4e604b0e499421d0a5b050ec0f39ef374b356ca6d872425dc65f2e186b17b,https://www.ice.gov/doclib/287gMOA/WayneCoSheriffsOfficeGA_TFM_MOA_01302026.pdf,2026-09-12T21:04:26Z,GEORGIA,Wayne County Sheriff's Office,WayneCoSheriffsOfficeGA_TFM_MOA_01302026.pdf,MOA; revalidated; bytes identical,"""a48eb47669725842e5ef87470f23fa00:1775584590.293076""","Tue, 07 Apr 2026 17:56:30 GMT",
agreements/agreements_20260607_025243/MISSISSIPPI/Clay_County_Sheriff's_Department/ClayCoSDMS_TFM_MOA_032126.pdf,1181a17a5b252313921cc237ca864c5972d94806718c5c0ee321a8ea143ed6bd,https://www.ice.gov/doclib/287gMOA/ClayCoSDMS_TFM_MOA_032126.pdf,2026-09-12T21:04:26Z,MISSISSIPPI,Clay County Sheriff's Department,ClayCoSDMS_TFM_MOA_032126.pdf,MOA; revalidated; bytes identical,"""8d6107d3500b444437c8fe7d04020e85:1775590553.960099""","Tue, 07 Apr 2026 19:35:53 GMT",
agreements/agreements_20260607_025243/PENNSYLVANIA/Hughesville_Borough_Police_Department/HughesvilleBoroughPDPA_TFM_MOA_032126.pdf,4f0377432083f802eca735fb78f83a485229156eb02aba2b24133cf29c1642be,https://www.ice.gov/doclib/287gMOA/HughesvilleBoroughPDPA_TFM_MOA_032126.pdf,2026-09-12T21:04:26Z,PENNSYLVANIA,Hughesville Borough Police Department,HughesvilleBoroughPDPA_TFM_MOA_032126.pdf,MOA; revalidated; bytes identical,"""a8a50f56622980e947478bf1d902b0d4:1775590553.430735""","Tue, 07 Apr 2026 19:35:53 GMT",
agreements/agreements_20260607_025243/TEXAS/Harrison_County_Sheriff's_Office/HarrisonCoTS_WSO_MOA_02.24.2025.pdf,d14fba8f073db25f09b94a397ff5dc68f457ffa580f67fb9ccac2c8d0550a0d2,https://www.ice.gov/doclib/287gMOA/HarrisonCoTS_WSO_MOA_02.24.2025.pdf,2026-09-12T21:04:27Z,TEXAS,Harrison County Sheriff's Office,HarrisonCoTS_WSO_MOA_02.24.2025.pdf,MOA; revalidated; bytes identical,"""41e8b1c922b0ead70acc85dffa2dfb18:1743422343.23717""","Mon, 31 Mar 2025 11:59:03 GMT",
agreements/agreements_20260607_025243/ARKANSAS/Boone_County_Sheriff's_Office/BooneCoSheriffsOfficeAR_TFM_MOA_04052026.pdf,34ded3550c1b83419926a659330c6a5139551acfc32e3814da5ffab9017bf287,https://www.ice.gov/doclib/287gMOA/BooneCoSheriffsOfficeAR_TFM_MOA_04052026.pdf,2026-09-12T21:04:27Z,ARKANSAS,Boone County Sheriff's Office,BooneCoSheriffsOfficeAR_TFM_MOA_04052026.pdf,MOA; revalidated; bytes identical,"""8b20f7497d203441a1d3e3f28c5c8018:1776690996.272094""","Mon, 20 Apr 2026 13:16:36 GMT",
agreements/agreements_20260607_025243/ARKANSAS/Boone_County_Sheriff's_Office/BooneCoSheriffsOfficeAR_WSO_MOA_04052026.pdf,274daf815b58f24723b22ef61212cd26368bd603bb2dc79a5c6438957ec56502,https://www.ice.gov/doclib/287gMOA/BooneCoSheriffsOfficeAR_WSO_MOA_04052026.pdf,2026-09-12T21:04:27Z,ARKANSAS,Boone County Sheriff's Office,BooneCoSheriffsOfficeAR_WSO_MOA_04052026.pdf,MOA; revalidated; bytes identical,"""7cf780b4b4374860e3a9957ba28cb7bc:1776690999.640041""","Mon, 20 Apr 2026 13:16:39 GMT",
agreements/agreements_20260607_025243/ARKANSAS/Des_Arc_Police_Department/DesArcPoliceDeptAR_TFM_MOA_04052026.pdf,5c3a9f8de3b82f4a42962946415298b8cac208f6deb29dc3e099b911009d4db8,https://www.ice.gov/doclib/287gMOA/DesArcPoliceDeptAR_TFM_MOA_04052026.pdf,2026-09-12T21:04:28Z,ARKANSAS,Des Arc Police Department,DesArcPoliceDeptAR_TFM_MOA_04052026.pdf,MOA; revalidated; bytes identical,"""76e9a16c4a58d0cb88bda1785fe0dd5a:1776690996.846055""","Mon, 20 Apr 2026 13:16:36 GMT",
agreements/agreements_20260607_025243/ARKANSAS/Fulton_County_Sheriff's_Office/FultonCoSheriffsOfficeAR_WSO_MOA_03312026.pdf,cfbf974581171e49cad1b1e69ae1073398b5218079150a4a75bac1f16d7f8b07,https://www.ice.gov/doclib/287gMOA/FultonCoSheriffsOfficeAR_WSO_MOA_03312026.pdf,2026-09-12T21:04:28Z,ARKANSAS,Fulton County Sheriff's Office,FultonCoSheriffsOfficeAR_WSO_MOA_03312026.pdf,MOA; revalidated; bytes identical,"""e6454e4c742c717e414489dadb5ad9bd:1776691039.147361""","Mon, 20 Apr 2026 13:17:19 GMT",
agreements/agreements_20260607_025243/ARKANSAS/Greene_County_Sheriff's_Office/GreeneCoSheriffsOfficeAR_WSO_MOA_03232026.pdf,b213afc68f224469006127a01fbf2a89a85aae6ca7ea1896c0cff1a17aa0d225,https://www.ice.gov/doclib/287gMOA/GreeneCoSheriffsOfficeAR_WSO_MOA_03232026.pdf,2026-09-12T21:04:28Z,ARKANSAS,Greene County Sheriff's Office,GreeneCoSheriffsOfficeAR_WSO_MOA_03232026.pdf,MOA; revalidated; bytes identical,"""2329b64dd4c0a66b170a19cf6e1ba424:1776691014.421674""","Mon, 20 Apr 2026 13:16:54 GMT",
agreements/agreements_20260607_025243/ALABAMA/Hale_County_Sheriff's_Office/HaleCoSheriffsOfficeAL_TFM_MOA_0332026.pdf,a11c60d156f5461cc31c6e74ebd40c0c97a3141ab4ae0aca5db392c691d94cf2,https://www.ice.gov/doclib/287gMOA/HaleCoSheriffsOfficeAL_TFM_MOA_0332026.pdf,2026-09-12T21:04:28Z,ALABAMA,Hale County Sheriff's Office,HaleCoSheriffsOfficeAL_TFM_MOA_0332026.pdf,MOA; revalidated; bytes identical,"""12655360f39852d289eca0f87c4ada48:1776691019.925904""","Mon, 20 Apr 2026 13:16:59 GMT",
agreements/agreements_20260607_025243/ARKANSAS/Hot_Spring_County_Sheriff's_Office/HotSpringCoSheriffsOfficeAR_JEM_MOA_04052026.pdf,1017e407e485864b1a433724fd706a5612bc14e72627a150483b03b631de4a2d,https://www.ice.gov/doclib/287gMOA/HotSpringCoSheriffsOfficeAR_JEM_MOA_04052026.pdf,2026-09-12T21:04:29Z,ARKANSAS,Hot Spring County Sheriff's Office,HotSpringCoSheriffsOfficeAR_JEM_MOA_04052026.pdf,MOA; revalidated; bytes identical,"""f50d0037f81920bd92736ded54069ab2:1776691018.085452""","Mon, 20 Apr 2026 13:16:58 GMT",
agreements/agreements_20260607_025243/ALABAMA/Leesburg_Police_Department/LeesburgPoliceDeptAL_TFM_MOA_04072026.pdf,ed1fa6d7ea3187a56659211b68a5ba45f3f663cb3eec43d203c15c15a27f3612,https://www.ice.gov/doclib/287gMOA/LeesburgPoliceDeptAL_TFM_MOA_04072026.pdf,2026-09-12T21:04:29Z,ALABAMA,Leesburg Police Department,LeesburgPoliceDeptAL_TFM_MOA_04072026.pdf,MOA; revalidated; bytes identical,"""fdecb6c8cd3f026a4649f0ef6ab1d6bc:1776690998.481047""","Mon, 20 Apr 2026 13:16:38 GMT",
agreements/agreements_20260607_025243/KENTUCKY/Bullitt_County_Sheriff's_Office/BullittCoSheriffsOfficeKY_TFM_MOA_03282026.pdf,7c9bc99095bc8a710a18c57281ea4a9d5d6bbae347ed1cb8dc65295b5981957a,https://www.ice.gov/doclib/287gMOA/BullittCoSheriffsOfficeKY_TFM_MOA_03282026.pdf,2026-09-12T21:04:29Z,KENTUCKY,Bullitt County Sheriff's Office,BullittCoSheriffsOfficeKY_TFM_MOA_03282026.pdf,MOA; revalidated; bytes identical,"""3106884d126bbd9486132248f0ccc094:1776693117.552741""","Mon, 20 Apr 2026 13:51:57 GMT",
agreements/agreements_20260607_025243/KENTUCKY/Glasgow_Police_Department/GlasgowPoliceDeptKY_TFM_MOA_03312026.pdf,13ae4e42d997ddcb1369831d6d11f44e26efb0464384ca85ffd191d250378bac,https://www.ice.gov/doclib/287gMOA/GlasgowPoliceDeptKY_TFM_MOA_03312026.pdf,2026-09-12T21:04:30Z,KENTUCKY,Glasgow Police Department,GlasgowPoliceDeptKY_TFM_MOA_03312026.pdf,MOA; revalidated; bytes identical,"""a68452b8ed2f30e701b3d7d39120c042:1776693131.147429""","Mon, 20 Apr 2026 13:52:11 GMT",
agreements/agreements_20260607_025243/KENTUCKY/Jackson_County_Sheriff's_Office/JacksonCoSheriffsOfficeKY_TFM_MOA_03242026.pdf,cfb579ba5c9a61bf3759d53549272166a980c9572077d09c5b7856a0cfca56a5,https://www.ice.gov/doclib/287gMOA/JacksonCoSheriffsOfficeKY_TFM_MOA_03242026.pdf,2026-09-12T21:04:30Z,KENTUCKY,Jackson County Sheriff's Office,JacksonCoSheriffsOfficeKY_TFM_MOA_03242026.pdf,MOA; revalidated; bytes identical,"""46eca3afce04dfb112aa4d0e24250d31:1776693133.261168""","Mon, 20 Apr 2026 13:52:13 GMT",
agreements/agreements_20260607_025243/KENTUCKY/Letcher_County_Sheriff's_Office/LetcherCoSheriffsOfficeKY_TFM_MOA_03232026.pdf,078ff9489d74281fcef57a4b4a5ffccf3ec1993b1b5210f0f7792e99262f9bd5,https://www.ice.gov/doclib/287gMOA/LetcherCoSheriffsOfficeKY_TFM_MOA_03232026.pdf,2026-09-12T21:04:30Z,KENTUCKY,Letcher County Sheriff's Office,LetcherCoSheriffsOfficeKY_TFM_MOA_03232026.pdf,MOA; revalidated; bytes identical,"""d28da311c13785343b2cbc49ac21bf07:1776693152.50937""","Mon, 20 Apr 2026 13:52:32 GMT",
agreements/agreements_20260607_025243/LOUISIANA/Livingston_Parish_Sheriff's_Office/LivingstonParishCoSheriffsOfficeLA_TFM_MOA_04092026.pdf,b12fd142fe58b2fe31bc4e85bed0a10710f16a4a4695d0fd35f3b4377f34d662,https://www.ice.gov/doclib/287gMOA/LivingstonParishCoSheriffsOfficeLA_TFM_MOA_04092026.pdf,2026-09-12T21:04:30Z,LOUISIANA,Livingston Parish Sheriff's Office,LivingstonParishCoSheriffsOfficeLA_TFM_MOA_04092026.pdf,MOA; revalidated; bytes identical,"""c2d7c9af1f11245a936f291bf10b5272:1776693112.826325""","Mon, 20 Apr 2026 13:51:52 GMT",
agreements/agreements_20260607_025243/KENTUCKY/Livingston_Police_Department/LivingstonPoliceDeptKY_TFM_MOA_04052026.pdf,5d0d4537319f0824bda6afae85f8c9a244d784e798960442cfb6ec24f93c5e5c,https://www.ice.gov/doclib/287gMOA/LivingstonPoliceDeptKY_TFM_MOA_04052026.pdf,2026-09-12T21:04:31Z,KENTUCKY,Livingston Police Department,LivingstonPoliceDeptKY_TFM_MOA_04052026.pdf,MOA; revalidated; bytes identical,"""d55b1c515bf4d6a2f894a4d7d67b4d07:1776693171.553141""","Mon, 20 Apr 2026 13:52:51 GMT",
agreements/agreements_20260607_025243/LOUISIANA/St._Bernard_Parish_Sheriff's_Office/StBernardParishCoSheriffsOfficeLA_JEM_MOA_03232026.pdf,bb3a8504b5051a5cecb0a50f58f1bb982f2ab2347161a48e5059a2a4ac87fa34,https://www.ice.gov/doclib/287gMOA/StBernardParishCoSheriffsOfficeLA_JEM_MOA_03232026.pdf,2026-09-12T21:04:31Z,LOUISIANA,St. Bernard Parish Sheriff's Office,StBernardParishCoSheriffsOfficeLA_JEM_MOA_03232026.pdf,MOA; revalidated; bytes identical,"""f68ca7900ec4c2119b97fe9ade5cb6af:1776693153.993977""","Mon, 20 Apr 2026 13:52:33 GMT",
agreements/agreements_20260607_025243/MISSISSIPPI/Webster_County_Sheriff's_Office/WebsterCoSheriffsOfficeMS_TFM_MOA_04082026.pdf,f314cea1f7b4f74930bdf40349416e4c5a7b6e4fec23bf9852eaffa1c95e1b34,https://www.ice.gov/doclib/287gMOA/WebsterCoSheriffsOfficeMS_TFM_MOA_04082026.pdf,2026-09-12T21:04:31Z,MISSISSIPPI,Webster County Sheriff's Office,WebsterCoSheriffsOfficeMS_TFM_MOA_04082026.pdf,MOA; revalidated; bytes identical,"""f1579dd8b75ee6e902c88c0026d3dd10:1776693173.824373""","Mon, 20 Apr 2026 13:52:53 GMT",
agreements/agreements_20260607_025243/MISSOURI/Potosi_Police_Department/PotosiPoliceDeptMO_TFM_MOA_03242026.pdf,a57b6a67beb8aca948f5c7c5fd3da8bc3d8fc3143f7b49c49fcd08ef4a82697f,https://www.ice.gov/doclib/287gMOA/PotosiPoliceDeptMO_TFM_MOA_03242026.pdf,2026-09-12T21:04:32Z,MISSOURI,Potosi Police Department,PotosiPoliceDeptMO_TFM_MOA_03242026.pdf,MOA; revalidated; bytes identical,"""6aa94a8dfa3542b8304fb57dbda47e40:1776692718.457065""","Mon, 20 Apr 2026 13:45:18 GMT",
agreements/agreements_20260607_025243/MISSOURI/Stone_County_Sheriff's_Office/StoneCoSheriffsOfficeMO_TFM_MOA_03242026.pdf,3a39b76c793a95fe5a2e6735cf04d6dfa73022c92ac51b4fe5a6d6176fa018f2,https://www.ice.gov/doclib/287gMOA/StoneCoSheriffsOfficeMO_TFM_MOA_03242026.pdf,2026-09-12T21:04:32Z,MISSOURI,Stone County Sheriff's Office,StoneCoSheriffsOfficeMO_TFM_MOA_03242026.pdf,MOA; revalidated; bytes identical,"""5518cd204a1b8171be2626c0f0136e0e:1776692717.576511""","Mon, 20 Apr 2026 13:45:17 GMT",
agreements/agreements_20260607_025243/MISSOURI/Bowling_Green_Police_Department/BowlingGreenPoliceDeptMO_TFM_MOA_04052026.pdf,d0e4ef84b838b838576561ddfff2d4d237e4c0aaed0e1a32b6c8013c78272b0d,https://www.ice.gov/doclib/287gMOA/BowlingGreenPoliceDeptMO_TFM_MOA_04052026.pdf,2026-09-12T21:04:32Z,MISSOURI,Bowling Green Police Department,BowlingGreenPoliceDeptMO_TFM_MOA_04052026.pdf,MOA; revalidated; bytes identical,"""8c17400c5e5d2b1b4209a8bb9af789c1:1776692481.409739""","Mon, 20 Apr 2026 13:41:21 GMT",
agreements/agreements_20260607_025243/MISSOURI/Cabool_Police_Department/CaboolPoliceDeptMO_TFM_MOA_04052026.pdf,e90c26e4407e48bcda34396161d86cd6d136b31f4d30904946e8a54420cff91c,https://www.ice.gov/doclib/287gMOA/CaboolPoliceDeptMO_TFM_MOA_04052026.pdf,2026-09-12T21:04:32Z,MISSOURI,Cabool Police Department,CaboolPoliceDeptMO_TFM_MOA_04052026.pdf,MOA; revalidated; bytes identical,"""8c2b1922f66cc5c20cda13f1026a3da8:1776692482.995587""","Mon, 20 Apr 2026 13:41:22 GMT",
agreements/agreements_20260607_025243/MISSOURI/Dekalb_County_Sheriff's_Office/DeKalbCoSheriffsOfficeMO_TFM_MOA_04052026.pdf,27ef987d35b2f35238604d4e4f5c776d2afcf11fc2805b8c066cb0f553403556,https://www.ice.gov/doclib/287gMOA/DeKalbCoSheriffsOfficeMO_TFM_MOA_04052026.pdf,2026-09-12T21:04:33Z,MISSOURI,Dekalb County Sheriff's Office,DeKalbCoSheriffsOfficeMO_TFM_MOA_04052026.pdf,MOA; revalidated; bytes identical,"""a69b6764b9ba506420f11595d64d3dfe:1776692500.368056""","Mon, 20 Apr 2026 13:41:40 GMT",
agreements/agreements_20260607_025243/MISSOURI/Doolittle_Police_Department/DoolittlePoliceDeptMO_TFM_MOA_03252026.pdf,3de023ea8e7e736d32f68c555ac3119f45c23cf5400ca2f17c9413a1424b3701,https://www.ice.gov/doclib/287gMOA/DoolittlePoliceDeptMO_TFM_MOA_03252026.pdf,2026-09-12T21:04:33Z,MISSOURI,Doolittle Police Department,DoolittlePoliceDeptMO_TFM_MOA_03252026.pdf,MOA; revalidated; bytes identical,"""dcbe3c0d7789bdb31323f6f9cefbc208:1776692482.830594""","Mon, 20 Apr 2026 13:41:22 GMT",
agreements/agreements_20260607_025243/MISSOURI/Dunklin_County_Sheriff's_Office/DunklinCoSheriffsOfficeMO_TFM_MOA_03232026.pdf,d329dacf0b51f289b0ba08fd76a96cd4b4e02f0ad450ac4d6044a2e61f4fd751,https://www.ice.gov/doclib/287gMOA/DunklinCoSheriffsOfficeMO_TFM_MOA_03232026.pdf,2026-09-12T21:04:33Z,MISSOURI,Dunklin County Sheriff's Office,DunklinCoSheriffsOfficeMO_TFM_MOA_03232026.pdf,MOA; revalidated; bytes identical,"""695158f850daa03afa7d803b063e84a1:1776692521.228126""","Mon, 20 Apr 2026 13:42:01 GMT",
agreements/agreements_20260607_025243/MISSOURI/El_Dorado_Springs_Police_Department/ElDoradoSpringsPoliceDeptMO_TFM_MOA_03312026.pdf,2b6d0ff9d07a19d4b6512b7287b244e9bbe199f93fa155f05f55122afa3142d3,https://www.ice.gov/doclib/287gMOA/ElDoradoSpringsPoliceDeptMO_TFM_MOA_03312026.pdf,2026-09-12T21:04:33Z,MISSOURI,El Dorado Springs Police Department,ElDoradoSpringsPoliceDeptMO_TFM_MOA_03312026.pdf,MOA; revalidated; bytes identical,"""70d9e1533af2786038f2adb80b2f3583:1776692502.826897""","Mon, 20 Apr 2026 13:41:42 GMT",
agreements/agreements_20260607_025243/MISSOURI/Mississippi_County_Sheriff's_Office/MississippiCoSheriffsOfficeMO_TFM_MOA_04072026.pdf,4593a38ebc35c74da68e97435d76c4f480785799ebecd79070b99230d3d5e4e6,https://www.ice.gov/doclib/287gMOA/MississippiCoSheriffsOfficeMO_TFM_MOA_04072026.pdf,2026-09-12T21:04:34Z,MISSOURI,Mississippi County Sheriff's Office,MississippiCoSheriffsOfficeMO_TFM_MOA_04072026.pdf,MOA; revalidated; bytes identical,"""76b038edbda127189569e15c4ce8ba3f:1776692541.547556""","Mon, 20 Apr 2026 13:42:21 GMT",
agreements/agreements_20260607_025243/MISSOURI/Mississippi_County_Sheriff's_Office/MississippiCoSheriffsOfficeMO_WSO_MOA_04072026.pdf,7ba3fa0e0e86fa014c62e8553c7f514729717a2e0da827461914dbafcb9223cc,https://www.ice.gov/doclib/287gMOA/MississippiCoSheriffsOfficeMO_WSO_MOA_04072026.pdf,2026-09-12T21:04:34Z,MISSOURI,Mississippi County Sheriff's Office,MississippiCoSheriffsOfficeMO_WSO_MOA_04072026.pdf,MOA; revalidated; bytes identical,"""3d1ad5f1dd87c7b63b86937e1e34445c:1776692540.689797""","Mon, 20 Apr 2026 13:42:20 GMT",
agreements/agreements_20260607_025243/ARKANSAS/Mississippi_County_Sheriff's_Office/MississippiCoSheriffsOfficeMS_JEM_MOA_03312026.pdf,eade57e82d325b6775808566ac7b130903c619fc898dd2c447d5e3363d68b2d1,https://www.ice.gov/doclib/287gMOA/MississippiCoSheriffsOfficeMS_JEM_MOA_03312026.pdf,2026-09-12T21:04:34Z,ARKANSAS,Mississippi County Sheriff's Office,MississippiCoSheriffsOfficeMS_JEM_MOA_03312026.pdf,MOA; revalidated; bytes identical,"""f417530408a69698bbfd5fe7833ed48c:1776692031.791712""","Mon, 20 Apr 2026 13:33:51 GMT",
agreements/agreements_20260607_025243/ARKANSAS/Ouachita_County_Sheriff's_Office/OuachitaCoSheriffsOfficeAR_JEM_MOA_03312026.pdf,9c2b0bc9d3733c83dbd3beb797e996db6c1cc43a92f201f74b18d1c4b5a5d027,https://www.ice.gov/doclib/287gMOA/OuachitaCoSheriffsOfficeAR_JEM_MOA_03312026.pdf,2026-09-12T21:04:35Z,ARKANSAS,Ouachita County Sheriff's Office,OuachitaCoSheriffsOfficeAR_JEM_MOA_03312026.pdf,MOA; revalidated; bytes identical,"""9973a581d4cbf7a97a872050d98851e7:1776692070.71021""","Mon, 20 Apr 2026 13:34:30 GMT",
agreements/agreements_20260607_025243/ARKANSAS/Perry_County_Sheriff's_Office/PerryCoSheriffsOfficeAR_JEM_MOA_03282026.pdf,3fc62ee49df101d085bfe329ed83e67c65526e92990eecbeab36e1bbbe80e217,https://www.ice.gov/doclib/287gMOA/PerryCoSheriffsOfficeAR_JEM_MOA_03282026.pdf,2026-09-12T21:04:35Z,ARKANSAS,Perry County Sheriff's Office,PerryCoSheriffsOfficeAR_JEM_MOA_03282026.pdf,MOA; revalidated; bytes identical,"""0edf9d60a7323ab332958342205ef982:1776692048.214746""","Mon, 20 Apr 2026 13:34:08 GMT",
agreements/agreements_20260607_025243/ARKANSAS/Poinsett_County_Sheriff's_Office/PoinsettCoSheriffsOfficeAR_WSO_MOA_03232026.pdf,7bdee40c4ab4687bae619d421000e68c8f2d6c3f6481bb180156e3fe5e1ae5a2,https://www.ice.gov/doclib/287gMOA/PoinsettCoSheriffsOfficeAR_WSO_MOA_03232026.pdf,2026-09-12T21:04:35Z,ARKANSAS,Poinsett County Sheriff's Office,PoinsettCoSheriffsOfficeAR_WSO_MOA_03232026.pdf,MOA; revalidated; bytes identical,"""e4acaec4dbf5dfed885414df5dea5b66:1776692033.605868""","Mon, 20 Apr 2026 13:33:53 GMT",
agreements/agreements_20260607_025243/ARKANSAS/Polk_County_Sheriff's_Office/PolkCoSheriffsOfficeAR_JEM_MOA_03232026.pdf,7a2da4f8978d7d1796480bff93479d89dc7c4d8a5a1b22a07e895d5046af19a9,https://www.ice.gov/doclib/287gMOA/PolkCoSheriffsOfficeAR_JEM_MOA_03232026.pdf,2026-09-12T21:04:35Z,ARKANSAS,Polk County Sheriff's Office,PolkCoSheriffsOfficeAR_JEM_MOA_03232026.pdf,MOA; revalidated; bytes identical,"""9e681df3bd985e5f49258f336f25136e:1776692051.887328""","Mon, 20 Apr 2026 13:34:11 GMT",
agreements/agreements_20260607_025243/ARKANSAS/Sharp_County_Sheriff's_Office/SharpCoSheriffsOfficeAR_WSO_MOA_04052026.pdf,90cd43ce0719a4a1c7db0bb34e0f9f0f0ec68bda74c53d769cec5bbb3b0a840d,https://www.ice.gov/doclib/287gMOA/SharpCoSheriffsOfficeAR_WSO_MOA_04052026.pdf,2026-09-12T21:04:36Z,ARKANSAS,Sharp County Sheriff's Office,SharpCoSheriffsOfficeAR_WSO_MOA_04052026.pdf,MOA; revalidated; bytes identical,"""b19ff5d15ee4f2d597ab5f4681ddd5f5:1776692073.720873""","Mon, 20 Apr 2026 13:34:33 GMT",
agreements/agreements_20260607_025243/ARKANSAS/White_County_Sheriff's_Office_/WhiteCoSheriffsOfficeAR_JEM_MOA_03312026.pdf,cd0a6b609bd69eeab31efbfafe100d8714add222e0e0533ca8334179fabc150c,https://www.ice.gov/doclib/287gMOA/WhiteCoSheriffsOfficeAR_JEM_MOA_03312026.pdf,2026-09-12T21:04:36Z,ARKANSAS,White County Sheriff's Office,WhiteCoSheriffsOfficeAR_JEM_MOA_03312026.pdf,MOA; revalidated; bytes identical,"""0856dc1ad73d817ffc69efd7224e5dc1:1776692057.955053""","Mon, 20 Apr 2026 13:34:17 GMT",
agreements/agreements_20260607_025243/ARKANSAS/Jackson_County_Sheriff's_Office_/JacksonCoSheriffsOfficeAR_TFM_MOA_01262026.pdf,c7dae7f7ed8c3a922d66b9a2f26db18bfca05607835ca43a529b11b9f1bff0a0,https://www.ice.gov/doclib/287gMOA/JacksonCoSheriffsOfficeAR_TFM_MOA_01262026.pdf,2026-09-12T21:04:36Z,ARKANSAS,Jackson County Sheriff's Office,JacksonCoSheriffsOfficeAR_TFM_MOA_01262026.pdf,MOA; revalidated; bytes identical,"""e74433b008d16beaabe20a362c336ea8:1776691327.289641""","Mon, 20 Apr 2026 13:22:07 GMT",
agreements/agreements_20260607_025243/ARKANSAS/Marion_County_Sheriff's_Office_/MarionCoSheriffsOfficeAR_TFM_MOA_03312026.pdf,7a082fe69a5d409bf5d443d3ede1c63c3e8c16c202ac443c076510a52a186196,https://www.ice.gov/doclib/287gMOA/MarionCoSheriffsOfficeAR_TFM_MOA_03312026.pdf,2026-09-12T21:04:36Z,ARKANSAS,Marion County Sheriff's Office,MarionCoSheriffsOfficeAR_TFM_MOA_03312026.pdf,MOA; revalidated; bytes identical,"""e375a1bb188f3b9ecd8f61c9a7a16ed4:1776691346.050859""","Mon, 20 Apr 2026 13:22:26 GMT",
agreements/agreements_20260607_025243/INDIANA/Carthage_Police_Department/CarthagePoliceDeptIN_TFM_MOA_03232026.pdf,9e4c47edc6b8fa27568ece6fff180ff9593313b13b667237c29210c1c0305835,https://www.ice.gov/doclib/287gMOA/CarthagePoliceDeptIN_TFM_MOA_03232026.pdf,2026-09-12T21:04:37Z,INDIANA,Carthage Police Department,CarthagePoliceDeptIN_TFM_MOA_03232026.pdf,MOA; revalidated; bytes identical,"""f0966d10a4dd48f400eabf978e26f2f9:1776691601.609129""","Mon, 20 Apr 2026 13:26:41 GMT",
agreements/agreements_20260607_025243/GEORGIA/Dallas_Police_Department/DallasPoliceDeptGA_TFM_MOA_03282026.pdf,3d96f8720eb68544ceff59fc0fdb65095f8054f1ad78bdb9caca222f8e2602ff,https://www.ice.gov/doclib/287gMOA/DallasPoliceDeptGA_TFM_MOA_03282026.pdf,2026-09-12T21:04:37Z,GEORGIA,Dallas Police Department,DallasPoliceDeptGA_TFM_MOA_03282026.pdf,MOA; revalidated; bytes identical,"""00721806855d90ca04f3dd35c0e01d45:1776691585.745405""","Mon, 20 Apr 2026 13:26:25 GMT",
agreements/agreements_20260607_025243/IDAHO/Franklin_County_Sheriff's_Office/FranklinCoSheriffsOfficeID_TFM_MOA_03242026.pdf,63680c9c391c837a90b59d13b28dbfc456976eacf5c729872d5516798124fb03,https://www.ice.gov/doclib/287gMOA/FranklinCoSheriffsOfficeID_TFM_MOA_03242026.pdf,2026-09-12T21:04:37Z,IDAHO,Franklin County Sheriff's Office,FranklinCoSheriffsOfficeID_TFM_MOA_03242026.pdf,MOA; revalidated; bytes identical,"""4e725d0b4b8c2f299fe785bf35ac9fd0:1776691603.583846""","Mon, 20 Apr 2026 13:26:43 GMT",
agreements/agreements_20260607_025243/OKLAHOMA/Cimarron_County_Sheriff's_Office_/CimarronCoSheriffsOfficeOK_TFM_MOA_03312026.pdf,4c80d9815ff002cd7ade19faf5ad3f5a7f9c9869c7d7c0104924d85ce0933669,https://www.ice.gov/doclib/287gMOA/CimarronCoSheriffsOfficeOK_TFM_MOA_03312026.pdf,2026-09-12T21:04:38Z,OKLAHOMA,Cimarron County Sheriff's Office,CimarronCoSheriffsOfficeOK_TFM_MOA_03312026.pdf,MOA; revalidated; bytes identical,"""f4e63b32c6589928a4eb6cfbc3d75d69:1777293799.289789""","Mon, 27 Apr 2026 12:43:19 GMT",
agreements/agreements_20260607_025243/OKLAHOMA/Custer_County_Sheriff's_Office/CusterCoSheriffsOfficeOK_TFM_MOA_04052026.pdf,b48ab777f659473728141588aec1d4afed8491bd48cee0f1aa3d6f2eb9eb4a7d,https://www.ice.gov/doclib/287gMOA/CusterCoSheriffsOfficeOK_TFM_MOA_04052026.pdf,2026-09-12T21:04:38Z,OKLAHOMA,Custer County Sheriff's Office,CusterCoSheriffsOfficeOK_TFM_MOA_04052026.pdf,MOA; revalidated; bytes identical,"""91c3f3395dcafa4773cd321b4a0dfa8f:1777293791.453841""","Mon, 27 Apr 2026 12:43:11 GMT",
agreements/agreements_20260607_025243/OKLAHOMA/Grady_County_Sheriff's_Office/GradyCoSheriffsOfficeOK_TFM_MOA_04052026.pdf,ff975c033b04c931ce88062e79f0076b8ff779a0141bcfd2685997f21660ad32,https://www.ice.gov/doclib/287gMOA/GradyCoSheriffsOfficeOK_TFM_MOA_04052026.pdf,2026-09-12T21:04:38Z,OKLAHOMA,Grady County Sheriff's Office,GradyCoSheriffsOfficeOK_TFM_MOA_04052026.pdf,MOA; revalidated; bytes identical,"""7505c6d74607a664b6764f7dee03c788:1777293810.776159""","Mon, 27 Apr 2026 12:43:30 GMT",
agreements/agreements_20260607_025243/OKLAHOMA/Haskell_County_Sheriff's_Office/HaskellCoSheriffsOfficeOK_TFM_MOA_03282026.pdf,b9a0cba7f1559a5b7f5698935691df9db8d62ef64af6900e06a7b53960c1a5df,https://www.ice.gov/doclib/287gMOA/HaskellCoSheriffsOfficeOK_TFM_MOA_03282026.pdf,2026-09-12T21:04:38Z,OKLAHOMA,Haskell County Sheriff's Office,HaskellCoSheriffsOfficeOK_TFM_MOA_03282026.pdf,MOA; revalidated; bytes identical,"""62bf253f2511fc535e06cef5564304ee:1777293798.344769""","Mon, 27 Apr 2026 12:43:18 GMT",
agreements/agreements_20260607_025243/OKLAHOMA/Texas_County_Sheriff's_Office_/TexasCoSheriffsOfficeOK_TFM_MOA_03282026.pdf,a3f924955072ea97f31c45376f239bd30c916b03efac4896b4f3f71012701d2f,https://www.ice.gov/doclib/287gMOA/TexasCoSheriffsOfficeOK_TFM_MOA_03282026.pdf,2026-09-12T21:04:39Z,OKLAHOMA,Texas County Sheriff's Office,TexasCoSheriffsOfficeOK_TFM_MOA_03282026.pdf,MOA; revalidated; bytes identical,"""8602ae6de346851d897e4996a66efde6:1777293816.648814""","Mon, 27 Apr 2026 12:43:36 GMT",
agreements/agreements_20260607_025243/PENNSYLVANIA/Locust_Township_Police_Department/LocustTownshipPoliceDeptPA_TFM_MOA_03312026.pdf,bc551079fe1de651fdd10128d4e66300ca9676b7a1f364e8bad4bd5f3acbc1e8,https://www.ice.gov/doclib/287gMOA/LocustTownshipPoliceDeptPA_TFM_MOA_03312026.pdf,2026-09-12T21:04:39Z,PENNSYLVANIA,Locust Township Police Department,LocustTownshipPoliceDeptPA_TFM_MOA_03312026.pdf,MOA; revalidated; bytes identical,"""001c09ba6ac4be8f9a75c6e424178f19:1777294071.785232""","Mon, 27 Apr 2026 12:47:51 GMT",
agreements/agreements_20260607_025243/PENNSYLVANIA/Mahoning_Township_Police_Department/MahoningTownshipPoliceDeptPA_TFM_MOA_03312026.pdf,508c019c0e7ac2fee060a62f5a6b65af45014f335a8181b3b1dd67dccb2f42fd,https://www.ice.gov/doclib/287gMOA/MahoningTownshipPoliceDeptPA_TFM_MOA_03312026.pdf,2026-09-12T21:04:39Z,PENNSYLVANIA,Mahoning Township Police Department,MahoningTownshipPoliceDeptPA_TFM_MOA_03312026.pdf,MOA; revalidated; bytes identical,"""481afefb879f509cb4620ad08aa7f72f:1777294089.793578""","Mon, 27 Apr 2026 12:48:09 GMT",
agreements/agreements_20260607_025243/PENNSYLVANIA/Montoursville_Borough_Police_Department/MontoursvilleBoroughPoliceDeptPA_TFM_MOA_04082026.pdf,72c7d09041d72d7693abe5ec870b1916ccd2fcfb762ce30e26963f1783288c1c,https://www.ice.gov/doclib/287gMOA/MontoursvilleBoroughPoliceDeptPA_TFM_MOA_04082026.pdf,2026-09-12T21:04:40Z,PENNSYLVANIA,Montoursville Borough Police Department,MontoursvilleBoroughPoliceDeptPA_TFM_MOA_04082026.pdf,MOA; revalidated; bytes identical,"""0d615a4e6cbc57c04110421114c814cd:1777294055.690783""","Mon, 27 Apr 2026 12:47:35 GMT",
agreements/agreements_20260607_025243/OKLAHOMA/Washita_County_Sheriff's_Office/WashitaCoSheriffsOfficeOK_TFM_MOA_03232026.pdf,2cb1d3e279eba903672d543c4665c0b26f82f5d56076f99b21f399750502cda9,https://www.ice.gov/doclib/287gMOA/WashitaCoSheriffsOfficeOK_TFM_MOA_03232026.pdf,2026-09-12T21:04:40Z,OKLAHOMA,Washita County Sheriff's Office,WashitaCoSheriffsOfficeOK_TFM_MOA_03232026.pdf,MOA; revalidated; bytes identical,"""767d47e8a7072db2c023045e9090100c:1777294070.977273""","Mon, 27 Apr 2026 12:47:50 GMT",
agreements/agreements_20260607_025243/TEXAS/Fannin_County_Constable_Precinct_3/FanninCoConstablePrecinct3_TX_TFM_MOA_04052026.pdf,efe690adde29a6a8552c5899630d6285758652e86915966a7e858c34c24a4526,https://www.ice.gov/doclib/287gMOA/FanninCoConstablePrecinct3_TX_TFM_MOA_04052026.pdf,2026-09-12T21:04:40Z,TEXAS,Fannin County Constable Precinct 3,FanninCoConstablePrecinct3_TX_TFM_MOA_04052026.pdf,MOA; revalidated; bytes identical,"""881ceab838afe670b21bb17059caf9e2:1777294513.031873""","Mon, 27 Apr 2026 12:55:13 GMT",
agreements/agreements_20260607_025243/TEXAS/Gregg_County_Sheriff's_Office/GreggCoSheriffsOfficeTX_TFM_MOA_04052026.pdf,0217d7eb7fa29ad7cec7ae38291c513188fb07b07a40190b77b5ff9f333146f0,https://www.ice.gov/doclib/287gMOA/GreggCoSheriffsOfficeTX_TFM_MOA_04052026.pdf,2026-09-12T21:04:41Z,TEXAS,Gregg County Sheriff's Office,GreggCoSheriffsOfficeTX_TFM_MOA_04052026.pdf,MOA; revalidated; bytes identical,"""61ef2a7724b4db03f84dfdccf9f9844d:1777294493.319807""","Mon, 27 Apr 2026 12:54:53 GMT",
agreements/agreements_20260607_025243/TEXAS/Harrison_County_Sheriff's_Office/HarrisonCoSheriffsOfficeTX_TFM_MOA_04132026.pdf,d99411afec67719afb1c725c33d7d013a03481d1beebb5f32d4ef89ff2087c75,https://www.ice.gov/doclib/287gMOA/HarrisonCoSheriffsOfficeTX_TFM_MOA_04132026.pdf,2026-09-12T21:04:41Z,TEXAS,Harrison County Sheriff's Office,HarrisonCoSheriffsOfficeTX_TFM_MOA_04132026.pdf,MOA; revalidated; bytes identical,"""ff0f3cabbbd0f03df3872972828a2605:1777294493.836307""","Mon, 27 Apr 2026 12:54:53 GMT",
agreements/agreements_20260607_025243/OKLAHOMA/Boise_City_Police_Department/BoiseCityPoliceDeptOK_TFM_MOA_03312026.pdf,dd39f6de674ec5ed9aecb5530b561db40702215542487b4003f4e8171cf73ee7,https://www.ice.gov/doclib/287gMOA/BoiseCityPoliceDeptOK_TFM_MOA_03312026.pdf,2026-09-12T21:04:41Z,OKLAHOMA,Boise City Police Department,BoiseCityPoliceDeptOK_TFM_MOA_03312026.pdf,MOA; revalidated; bytes identical,"""af8523d9fa370ffc06d8c02044b9a3a7:1777294895.703238""","Mon, 27 Apr 2026 13:01:35 GMT",
agreements/agreements_20260814_014525/ALABAMA/Foley_Police_Department/FoleyPoliceDeptAL_TFM_MOA_03252026.pdf,43e2992b127ffec203b4751af367411064aeade8280fa1930c96b105669578d0,https://www.ice.gov/doclib/287gMOA/FoleyPoliceDeptAL_TFM_MOA_03252026.pdf,2026-09-12T21:04:41Z,ALABAMA,Foley Police Department,FoleyPoliceDeptAL_TFM_MOA_03252026.pdf,MOA; revalidated; bytes identical,"""67cf26af365bbb75d379434423ac4f36:1786459995.89192""","Tue, 11 Aug 2026 14:53:15 GMT",
agreements/agreements_20260607_025243/ARKANSAS/Monette_Police_Department/MonettePoliceDeptAR_TFM_MOA_04132026.pdf,f31d54db0479084b2d18aeb9557f1b240522fc0a62d8d7d14e933f085a3daaa9,https://www.ice.gov/doclib/287gMOA/MonettePoliceDeptAR_TFM_MOA_04132026.pdf,2026-09-12T21:04:42Z,ARKANSAS,Monette Police Department,MonettePoliceDeptAR_TFM_MOA_04132026.pdf,MOA; revalidated; bytes identical,"""5de59c6f7b66377b5dba827d5cd2eeb8:1777294940.933744""","Mon, 27 Apr 2026 13:02:20 GMT",
agreements/agreements_20260607_025243/MISSOURI/Texas_County_Sheriff's_Office/TexasCoSheriffsOfficeMO_TFM_MOA_04082026.pdf,16c54bcb7cdb5e830aefee4cc899af4da75bfba63545628882dd4dfcce980bd2,https://www.ice.gov/doclib/287gMOA/TexasCoSheriffsOfficeMO_TFM_MOA_04082026.pdf,2026-09-12T21:04:42Z,MISSOURI,Texas County Sheriff's Office,TexasCoSheriffsOfficeMO_TFM_MOA_04082026.pdf,MOA; revalidated; bytes identical,"""9eb939c7e8ad14b2c504f2d2371d6c88:1777294945.485971""","Mon, 27 Apr 2026 13:02:25 GMT",
agreements/agreements_20260607_025243/MISSOURI/Texas_County_Sheriff's_Office/TexasCoSheriffsOfficeMO_WSO_MOA_04082026.pdf,5561f23a69cd51d58de34bb7158dd092a4518a53256b9e938ea459e2983ff6db,https://www.ice.gov/doclib/287gMOA/TexasCoSheriffsOfficeMO_WSO_MOA_04082026.pdf,2026-09-12T21:04:42Z,MISSOURI,Texas County Sheriff's Office,TexasCoSheriffsOfficeMO_WSO_MOA_04082026.pdf,MOA; revalidated; bytes identical,"""7eb95f3a6122eec567cd53d49975243d:1777294926.984718""","Mon, 27 Apr 2026 13:02:06 GMT",
agreements/agreements_20260607_025243/NEW_MEXICO/Torrance_County_Sheriff's_Office/TorranceCoSheriffsOfficeNM_WSO_MOA_03282026.pdf,3d42654e7736b6952ba60c29a2f226d570630366e6d09695d3ff55e4e197f46c,https://www.ice.gov/doclib/287gMOA/TorranceCoSheriffsOfficeNM_WSO_MOA_03282026.pdf,2026-09-12T21:04:42Z,NEW MEXICO,Torrance County Sheriff's Office,TorranceCoSheriffsOfficeNM_WSO_MOA_03282026.pdf,MOA; revalidated; bytes identical,"""19a387f2345cb0bd319f19aa07159bca:1777294939.971648""","Mon, 27 Apr 2026 13:02:19 GMT",
agreements/agreements_20260607_025243/NEW_HAMPSHIRE/Whitefield_Police_Department/WhitefieldPoliceDeptNH_TFM_MOA_03252026.pdf,6d2a15d3333a1e21f0822f0d34382bce6a686b711285caa6293b7a8efd128982,https://www.ice.gov/doclib/287gMOA/WhitefieldPoliceDeptNH_TFM_MOA_03252026.pdf,2026-09-12T21:04:43Z,NEW HAMPSHIRE,Whitefield Police Department,WhitefieldPoliceDeptNH_TFM_MOA_03252026.pdf,MOA; revalidated; bytes identical,"""f934b7f5341ef859fc81dd4f6c3f7ce8:1777294983.98972""","Mon, 27 Apr 2026 13:03:03 GMT",
agreements/agreements_20260607_025243/TEXAS/Beeville_Police_Department/BeevillePoliceDeptTX_TFM_MOA_03252026 2.pdf,7c7fb5eec158b2da941cae3eed954c055d5eab23c910ce31697d9d3b071ca3d2,https://www.ice.gov/doclib/287gMOA/BeevillePoliceDeptTX_TFM_MOA_03252026.pdf,2026-09-12T21:04:43Z,TEXAS,Beeville Police Department,BeevillePoliceDeptTX_TFM_MOA_03252026 2.pdf,MOA; revalidated; bytes identical,"""9be03cd4f7ab9b3fd0b142981361272e:1777295410.468516""","Mon, 27 Apr 2026 13:10:10 GMT",
agreements/agreements_20260607_025243/TEXAS/Bertram_Police_Department/BertramPoliceDeptTX_TFM_MOA_03282026.pdf,ee848f7deca9f9077c7d0bdc185ddcae4181608c71f615a6aa3b63f7dbd7d58c,https://www.ice.gov/doclib/287gMOA/BertramPoliceDeptTX_TFM_MOA_03282026.pdf,2026-09-12T21:04:43Z,TEXAS,Bertram Police Department,BertramPoliceDeptTX_TFM_MOA_03282026.pdf,MOA; revalidated; bytes identical,"""6c44739f806c27aced692a4e4f68020f:1777295376.07018""","Mon, 27 Apr 2026 13:09:36 GMT",
agreements/agreements_20260607_025243/TEXAS/Cisco_Police_Department/CiscoPoliceDeptTX_TFM_MOA_03242026.pdf,618170d500007dc3973942c50e0f684120d1fafee52cc2f66a2e046520e095b1,https://www.ice.gov/doclib/287gMOA/CiscoPoliceDeptTX_TFM_MOA_03242026.pdf,2026-09-12T21:04:44Z,TEXAS,Cisco Police Department,CiscoPoliceDeptTX_TFM_MOA_03242026.pdf,MOA; revalidated; bytes identical,"""b7ab3e95ea518f44b0d84e7eac82f163:1777295373.210309""","Mon, 27 Apr 2026 13:09:33 GMT",
agreements/agreements_20260607_025243/TEXAS/Commerce_Police_Department/CommercePoliceDeptTX_TFM_MOA_03242026.pdf,34eb69b7c44014252abe880cc7507bc7386e5f20bf537ee6f3ef407a9d968413,https://www.ice.gov/doclib/287gMOA/CommercePoliceDeptTX_TFM_MOA_03242026.pdf,2026-09-12T21:04:44Z,TEXAS,Commerce Police Department,CommercePoliceDeptTX_TFM_MOA_03242026.pdf,MOA; revalidated; bytes identical,"""adc8dd280061cfde9405722dc020e2fa:1777295459.049278""","Mon, 27 Apr 2026 13:10:59 GMT",
agreements/agreements_20260607_025243/TEXAS/Corrigan_Police_Department/CorriganPoliceDeptTX_TFM_MOA_03282026.pdf,947559a81e70c62ab8e1c8eb91954ac065bc22e4fff4c3d0aa1e624bf2c13902,https://www.ice.gov/doclib/287gMOA/CorriganPoliceDeptTX_TFM_MOA_03282026.pdf,2026-09-12T21:04:44Z,TEXAS,Corrigan Police Department,CorriganPoliceDeptTX_TFM_MOA_03282026.pdf,MOA; revalidated; bytes identical,"""4a77bca47681873f39b52a0e12d79d88:1777295372.866007""","Mon, 27 Apr 2026 13:09:32 GMT",
agreements/agreements_20260607_025243/TEXAS/Coryell_County_Sheriff's_Office_/CoryellCoSheriffsOfficeTX_TFM_MOA_04082026.pdf,691ed8a88d4be7852d26b96027b3873c7376726be707dbec4a2f5c09caf5c981,https://www.ice.gov/doclib/287gMOA/CoryellCoSheriffsOfficeTX_TFM_MOA_04082026.pdf,2026-09-12T21:04:44Z,TEXAS,Coryell County Sheriff's Office,CoryellCoSheriffsOfficeTX_TFM_MOA_04082026.pdf,MOA; revalidated; bytes identical,"""824d878d77827532d123181533a07d4c:1777295410.438648""","Mon, 27 Apr 2026 13:10:10 GMT",
agreements/agreements_20260607_025243/MONTANA/Carter_County_Sheriff's_Office_/CarterCoSheriffsOfficeMT_TFM_MOA_04092026.pdf,7db99c866c80b8437f5bfe7a8c058d71eb7abbd257f529c0d6a422f8a4270f2d,https://www.ice.gov/doclib/287gMOA/CarterCoSheriffsOfficeMT_TFM_MOA_04092026.pdf,2026-09-12T21:04:45Z,MONTANA,Carter County Sheriff's Office,CarterCoSheriffsOfficeMT_TFM_MOA_04092026.pdf,MOA; revalidated; bytes identical,"""e769c87d0fa06db025a645999eeca5e9:1777296258.174123""","Mon, 27 Apr 2026 13:24:18 GMT",
agreements/agreements_20260607_025243/TEXAS/Jack_County_Sheriff's_Office/JackCoSheriffsOfficeTX_TFM_MOA_04092026.pdf,f324240648d30e36ae61593a9b3da846d02239a742714605aa74601665fc9afb,https://www.ice.gov/doclib/287gMOA/JackCoSheriffsOfficeTX_TFM_MOA_04092026.pdf,2026-09-12T21:04:45Z,TEXAS,Jack County Sheriff's Office,JackCoSheriffsOfficeTX_TFM_MOA_04092026.pdf,MOA; revalidated; bytes identical,"""89d41c4a1542fbd701108c79d88ffd57:1777296264.892015""","Mon, 27 Apr 2026 13:24:24 GMT",
agreements/agreements_20260607_025243/WISCONSIN/Langlade_County_Sheriff's_Office/LangladeCoSheriffsOfficeWI_WSO_MOA_04132026.pdf,4c14a78e45759938363d56e275088076e309c09da293a64fc4367d96e37eca24,https://www.ice.gov/doclib/287gMOA/LangladeCoSheriffsOfficeWI_WSO_MOA_04132026.pdf,2026-09-12T21:04:45Z,WISCONSIN,Langlade County Sheriff's Office,LangladeCoSheriffsOfficeWI_WSO_MOA_04132026.pdf,MOA; revalidated; bytes identical,"""e48caabad204084a887216937b0e3b11:1777296261.187983""","Mon, 27 Apr 2026 13:24:21 GMT",
agreements/agreements_20260607_025243/TEXAS/Nueces_County_Constable_Precinct_3/NuecesCoConstablePrecinct3_TX_TFM_MOA_04052026.pdf,939c6e0091bbddf4713a50a29bb5352b2e627dd0a1f80a466b8414dee4df0ae5,https://www.ice.gov/doclib/287gMOA/NuecesCoConstablePrecinct3_TX_TFM_MOA_04052026.pdf,2026-09-12T21:04:45Z,TEXAS,Nueces County Constable Precinct 3,NuecesCoConstablePrecinct3_TX_TFM_MOA_04052026.pdf,MOA; revalidated; bytes identical,"""0f0f63c674b97e1195c400b467a383d7:1777296242.605631""","Mon, 27 Apr 2026 13:24:02 GMT",
agreements/agreements_20260607_025243/TEXAS/Overton_Police_Department/OvertonPoliceDeptTX_TFM_MOA_03312026.pdf,a18be137f56f23475b34ccc5d277e3514bc2fef5889bbba7da56b29fa8669007,https://www.ice.gov/doclib/287gMOA/OvertonPoliceDeptTX_TFM_MOA_03312026.pdf,2026-09-12T21:04:46Z,TEXAS,Overton Police Department,OvertonPoliceDeptTX_TFM_MOA_03312026.pdf,MOA; revalidated; bytes identical,"""04b04dbe16aebb19f827d893005429e2:1777296242.250324""","Mon, 27 Apr 2026 13:24:02 GMT",
agreements/agreements_20260607_025243/TEXAS/Parker_County_(County)_Attorney's_Office/ParkerCoAttorneysOfficeTX_TFM_MOA_04052026.pdf,985cf0e155d9fdf948db5179d69e4a72ebeac0467c65b88f29559a86894f1226,https://www.ice.gov/doclib/287gMOA/ParkerCoAttorneysOfficeTX_TFM_MOA_04052026.pdf,2026-09-12T21:04:46Z,TEXAS,Parker County (County) Attorney's Office,ParkerCoAttorneysOfficeTX_TFM_MOA_04052026.pdf,MOA; revalidated; bytes identical,"""fa58c7619858fae4d92bfb822bf5f24e:1777296261.203734""","Mon, 27 Apr 2026 13:24:21 GMT",
agreements/agreements_20260607_025243/TEXAS/Red_River_County_Sheriff's_Office/RedRiverCoSheriffsOfficeTX_TFM_MOA_04052026.pdf,deb0a68c92cc396d8b06b57677a572c371d3922b6833a9e4fc00fe9f1858e684,https://www.ice.gov/doclib/287gMOA/RedRiverCoSheriffsOfficeTX_TFM_MOA_04052026.pdf,2026-09-12T21:04:46Z,TEXAS,Red River County Sheriff's Office,RedRiverCoSheriffsOfficeTX_TFM_MOA_04052026.pdf,MOA; revalidated; bytes identical,"""41b08b8802aa84f5447a011a4c5e5be0:1777296284.425497""","Mon, 27 Apr 2026 13:24:44 GMT",
agreements/agreements_20260607_025243/TEXAS/Robertson_County_Sheriff's_Office/RobertsonCoSheriffsOfficeTX_JEM_MOA_03312026.pdf,b6d105bc28713a45a15fe6aaada804a64808aa5186ac8b0a26403d6ffae42524,https://www.ice.gov/doclib/287gMOA/RobertsonCoSheriffsOfficeTX_JEM_MOA_03312026.pdf,2026-09-12T21:04:47Z,TEXAS,Robertson County Sheriff's Office,RobertsonCoSheriffsOfficeTX_JEM_MOA_03312026.pdf,MOA; revalidated; bytes identical,"""70b532493b1dddec7dd4112ef96fcfc9:1777296282.028816""","Mon, 27 Apr 2026 13:24:42 GMT",
agreements/agreements_20260607_025243/TEXAS/Robertson_County_Sheriff's_Office/RobertsonCoSheriffsOfficeTX_TFM_MOA_03312026.pdf,5bc172e0fb78cac958a1157c64a0075fcc30f2a1ac814562ea6de89dc2551860,https://www.ice.gov/doclib/287gMOA/RobertsonCoSheriffsOfficeTX_TFM_MOA_03312026.pdf,2026-09-12T21:04:47Z,TEXAS,Robertson County Sheriff's Office,RobertsonCoSheriffsOfficeTX_TFM_MOA_03312026.pdf,MOA; revalidated; bytes identical,"""a57b105f8fb5776c397fcb6de9e119d7:1777296280.477623""","Mon, 27 Apr 2026 13:24:40 GMT",
agreements/agreements_20260607_025243/TEXAS/Santa_Anna_Police_Department/SantaAnnaPoliceDeptTX_TFM_MOA_04052026.pdf,c296e36d7b86b091160630b6f826c8135b4522ac127d5bec1054b9803e79e3b1,https://www.ice.gov/doclib/287gMOA/SantaAnnaPoliceDeptTX_TFM_MOA_04052026.pdf,2026-09-12T21:04:47Z,TEXAS,Santa Anna Police Department,SantaAnnaPoliceDeptTX_TFM_MOA_04052026.pdf,MOA; revalidated; bytes identical,"""e7dc26be598f06b1a291b63fc8718707:1777296299.642521""","Mon, 27 Apr 2026 13:24:59 GMT",
agreements/agreements_20260607_025243/TEXAS/Sulphur_Springs_Police_Department/SulphurSpringsPoliceDeptTX_TFM_MOA_03242026.pdf,75ba0103c87d55736089ceb5c7a550080d2ab9ebdc2c4762ad5ff1c0b19e5c24,https://www.ice.gov/doclib/287gMOA/SulphurSpringsPoliceDeptTX_TFM_MOA_03242026.pdf,2026-09-12T21:04:47Z,TEXAS,Sulphur Springs Police Department,SulphurSpringsPoliceDeptTX_TFM_MOA_03242026.pdf,MOA; revalidated; bytes identical,"""ffe7a11ad92c142c7329f8c3aad47c82:1777296286.195459""","Mon, 27 Apr 2026 13:24:46 GMT",
agreements/agreements_20260607_025243/TEXAS/Ballinger_Police_Department/BallingerPoliceDeptTX_TFM_MOA_03212026.pdf,72d61f5bbaf5aa25fb7c2b1e39010e3cf809c6aaf1cbc7f2932ed669d2eec3e8,https://www.ice.gov/doclib/287gMOA/BallingerPoliceDeptTX_TFM_MOA_03212026.pdf,2026-09-12T21:04:48Z,TEXAS,Ballinger Police Department,BallingerPoliceDeptTX_TFM_MOA_03212026.pdf,MOA; revalidated; bytes identical,"""ad624cf9cbf89ed79324396dcd21d0c0:1777296608.308148""","Mon, 27 Apr 2026 13:30:08 GMT",
agreements/agreements_20260607_025243/TENNESSEE/Bedford_County_Sheriff's_Office/BedfordCoSheriffsOfficeTN_WSO_MOA_02182026.pdf,935d8ca6bbf22e0165bdfb6d68c3a8af9de910475c14c4d5b90e8536b447623d,https://www.ice.gov/doclib/287gMOA/BedfordCoSheriffsOfficeTN_WSO_MOA_02182026.pdf,2026-09-12T21:04:48Z,TENNESSEE,Bedford County Sheriff's Office,BedfordCoSheriffsOfficeTN_WSO_MOA_02182026.pdf,MOA; revalidated; bytes identical,"""e404c12bf707a51ae60b77e40525a879:1777296627.228908""","Mon, 27 Apr 2026 13:30:27 GMT",
agreements/agreements_20260607_025243/TENNESSEE/Lawrence_County_Sheriff's_Office/LawrenceCoSheriffsOfficeTN_JEM_MOA_03252026.pdf,88c9f910f0c9882fc70707af41b8b6a0710068fe585e462c2405635e69ac82a5,https://www.ice.gov/doclib/287gMOA/LawrenceCoSheriffsOfficeTN_JEM_MOA_03252026.pdf,2026-09-12T21:04:48Z,TENNESSEE,Lawrence County Sheriff's Office,LawrenceCoSheriffsOfficeTN_JEM_MOA_03252026.pdf,MOA; revalidated; bytes identical,"""bb9b882aa74dd053d028c063108d2532:1777296590.552398""","Mon, 27 Apr 2026 13:29:50 GMT",
agreements/agreements_20260607_025243/TENNESSEE/Lawrence_County_Sheriff's_Office/LawrenceCoSheriffsOfficeTN_TFM_MOA_03252026.pdf,f8ff7f6f6e66cc7ad7be63995a79299b189d6dab46ff5a66458438ef675d1ff6,https://www.ice.gov/doclib/287gMOA/LawrenceCoSheriffsOfficeTN_TFM_MOA_03252026.pdf,2026-09-12T21:04:49Z,TENNESSEE,Lawrence County Sheriff's Office,LawrenceCoSheriffsOfficeTN_TFM_MOA_03252026.pdf,MOA; revalidated; bytes identical,"""cddd8c8ba8ffa83cecdb340e3e96a77a:1777296585.547135""","Mon, 27 Apr 2026 13:29:45 GMT",
agreements/agreements_20260607_025243/TENNESSEE/Lawrence_County_Sheriff's_Office/LawrenceCoSheriffsOfficeTN_WSO_MOA_03252026.pdf,46d1127b574be073aa6038f6ef11951fae18dda32bc022f269d6a376792da5f4,https://www.ice.gov/doclib/287gMOA/LawrenceCoSheriffsOfficeTN_WSO_MOA_03252026.pdf,2026-09-12T21:04:49Z,TENNESSEE,Lawrence County Sheriff's Office,LawrenceCoSheriffsOfficeTN_WSO_MOA_03252026.pdf,MOA; revalidated; bytes identical,"""6f71012e097e43d4345e2d5ab95fcf47:1777296584.65053""","Mon, 27 Apr 2026 13:29:44 GMT",
agreements/agreements_20260607_025243/PENNSYLVANIA/Orwigsburg_Borough_Police_Department/OrwigsburgBoroughPoliceDeptPA_TFM_MOA_03252026.pdf,e82c56ce496c0591545f5aa4e5e4122cae41cb92046a1d44c71e7d76adc758a3,https://www.ice.gov/doclib/287gMOA/OrwigsburgBoroughPoliceDeptPA_TFM_MOA_03252026.pdf,2026-09-12T21:04:49Z,PENNSYLVANIA,Orwigsburg Borough Police Department,OrwigsburgBoroughPoliceDeptPA_TFM_MOA_03252026.pdf,MOA; revalidated; bytes identical,"""85303163d7e160171bccb710373ff419:1777296602.993934""","Mon, 27 Apr 2026 13:30:02 GMT",
agreements/agreements_20260607_025243/SOUTH_CAROLINA/Perry_Police_Department/PerryPoliceDeptSC_TFM_MOA_03242026.pdf,5c082d6d4e3082a759c6b48a88e38e69fecfd9f6bd545d85cee7f338699ba71e,https://www.ice.gov/doclib/287gMOA/PerryPoliceDeptSC_TFM_MOA_03242026.pdf,2026-09-12T21:04:49Z,SOUTH CAROLINA,Perry Police Department,PerryPoliceDeptSC_TFM_MOA_03242026.pdf,MOA; revalidated; bytes identical,"""a063b124db94df916aafdf0c10cc8fe5:1777296589.68761""","Mon, 27 Apr 2026 13:29:49 GMT",
agreements/agreements_20260607_025243/SOUTH_CAROLINA/Salley_Police_Department/SalleyPoliceDeptSC_TFM_MOA_03252026.pdf,e45df703d68fa11b2c9abbab0c411d3e68a751b6ffaac87368203f6e51661bba,https://www.ice.gov/doclib/287gMOA/SalleyPoliceDeptSC_TFM_MOA_03252026.pdf,2026-09-12T21:04:50Z,SOUTH CAROLINA,Salley Police Department,SalleyPoliceDeptSC_TFM_MOA_03252026.pdf,MOA; revalidated; bytes identical,"""18aafbd6357eaa58c0a0d57c45ed8e47:1777296626.90726""","Mon, 27 Apr 2026 13:30:26 GMT",
agreements/agreements_20260607_025243/PENNSYLVANIA/Schuylkill_Haven_Borough_Police_Department/SchuylkillHavenBoroughPoliceDeptTX_TFM_MOA_04052026.pdf,267219bc06ce1f23cb9a15867df1869ecc0c1c353471f6317e8e2b02b096d771,https://www.ice.gov/doclib/287gMOA/SchuylkillHavenBoroughPoliceDeptTX_TFM_MOA_04052026.pdf,2026-09-12T21:04:50Z,PENNSYLVANIA,Schuylkill Haven Borough Police Department,SchuylkillHavenBoroughPoliceDeptTX_TFM_MOA_04052026.pdf,MOA; revalidated; bytes identical,"""492db63e3da5291bd9959a5616ad60db:1777296629.784032""","Mon, 27 Apr 2026 13:30:29 GMT",
agreements/agreements_20260607_025243/PENNSYLVANIA/Shamokin_City_Police_Department/ShamokinCityPoliceDeptPA_TFM_MOA_03252026.pdf,da5f053d93ec3c381d578d237487b55e80071a860206fcc3dbdb363e6001aa04,https://www.ice.gov/doclib/287gMOA/ShamokinCityPoliceDeptPA_TFM_MOA_03252026.pdf,2026-09-12T21:04:50Z,PENNSYLVANIA,Shamokin City Police Department,ShamokinCityPoliceDeptPA_TFM_MOA_03252026.pdf,MOA; revalidated; bytes identical,"""87c747f05744339d5ff4492e933ada48:1777296610.772965""","Mon, 27 Apr 2026 13:30:10 GMT",
agreements/agreements_20260607_025243/SOUTH_DAKOTA/Viborg_Police_Department/ViborgPoliceDeptSD_TFM_MOA_03282026.pdf,03fd3b076916883cc263d020e6520b5496ca4927501d3f74900682df26cfa3ed,https://www.ice.gov/doclib/287gMOA/ViborgPoliceDeptSD_TFM_MOA_03282026.pdf,2026-09-12T21:04:50Z,SOUTH DAKOTA,Viborg Police Department,ViborgPoliceDeptSD_TFM_MOA_03282026.pdf,MOA; revalidated; bytes identical,"""4f16f055f08a2fb5ec63d77897b0bce3:1777296649.764376""","Mon, 27 Apr 2026 13:30:49 GMT",
agreements/agreements_20260607_025243/PENNSYLVANIA/York_County_Regional_Police_Department_/YorkCoRegPoliceDeptPA_TFM_MOA_03212026.pdf,92bb295bf13c2c72dcc4fd274a6257a7f52a5b6b13d14ecc110ad728d1160731,https://www.ice.gov/doclib/287gMOA/YorkCoRegPoliceDeptPA_TFM_MOA_03212026.pdf,2026-09-12T21:04:51Z,PENNSYLVANIA,York County Regional Police Department,YorkCoRegPoliceDeptPA_TFM_MOA_03212026.pdf,MOA; revalidated; bytes identical,"""9743b97322e4b24f812683f98f1547e1:1777296648.132662""","Mon, 27 Apr 2026 13:30:48 GMT",
agreements/agreements_20260607_025243/MISSOURI/Hallsville_Police_Department/HallsvillePDMO_TFM_MOA_041526.pdf,5cb507461313b5768e47a27f2a3521ee98d71087d9d4d56a04ee4985dbcd3df0,https://www.ice.gov/doclib/287gMOA/HallsvillePDMO_TFM_MOA_041526.pdf,2026-09-12T21:04:51Z,MISSOURI,Hallsville Police Department,HallsvillePDMO_TFM_MOA_041526.pdf,MOA; revalidated; bytes identical,"""d6d269905bf27260c401c30b22cdf4fc:1778188943.201314""","Thu, 07 May 2026 21:22:23 GMT",
agreements/agreements_20260607_025243/MISSOURI/Gerald_Police_Department/GeraldPDMO_TFM_MOA_04222026.pdf,fb079af4c84434522195fda3c39a82c955564245ed84b9b24da862fe0ab44e27,https://www.ice.gov/doclib/287gMOA/GeraldPDMO_TFM_MOA_04222026.pdf,2026-09-12T21:04:51Z,MISSOURI,Gerald Police Department,GeraldPDMO_TFM_MOA_04222026.pdf,MOA; revalidated; bytes identical,"""4ea5b45bd4702e5832cda87cfc512d72:1778188950.051939""","Thu, 07 May 2026 21:22:30 GMT",
agreements/agreements_20260607_025243/MISSOURI/Ellisville_Police_Department/EllisvillePDMO_TFM_MOA_042226.pdf,3bc0c819b98b4b0fd456ea801332ff602e08ad6d005ba2c4db2f375b17626e42,https://www.ice.gov/doclib/287gMOA/EllisvillePDMO_TFM_MOA_042226.pdf,2026-09-12T21:04:52Z,MISSOURI,Ellisville Police Department,EllisvillePDMO_TFM_MOA_042226.pdf,MOA; revalidated; bytes identical,"""204e9c69b68267562738c16707ad65d7:1778188944.590942""","Thu, 07 May 2026 21:22:24 GMT",
agreements/agreements_20260607_025243/MISSOURI/Oak_Grove_Village_Police_Department/OakGroveVillagePDMO_TFM_MOA_04172026.pdf,ca98ba4de19a7833d12f6451da452d6c21e35d2d7750071b7b25fc18fa5453f0,https://www.ice.gov/doclib/287gMOA/OakGroveVillagePDMO_TFM_MOA_04172026.pdf,2026-09-12T21:04:52Z,MISSOURI,Oak Grove Village Police Department,OakGroveVillagePDMO_TFM_MOA_04172026.pdf,MOA; revalidated; bytes identical,"""2866f0a96a7173d55b1516bb1385bff5:1778191353.209587""","Thu, 07 May 2026 22:02:33 GMT",
agreements/agreements_20260607_025243/MISSOURI/Pettis_County_Sheriff's_Office/PettisCoSOMO_TFM_MOA_04252026.pdf,757b21c321a274cbbc0808e71d78644fc0f10a8080d3190a0207ff7d0344972e,https://www.ice.gov/doclib/287gMOA/PettisCoSOMO_TFM_MOA_04252026.pdf,2026-09-12T21:04:52Z,MISSOURI,Pettis County Sheriff's Office,PettisCoSOMO_TFM_MOA_04252026.pdf,MOA; revalidated; bytes identical,"""6a5af22881540d40d1cbed2b660f5fcb:1778191335.139358""","Thu, 07 May 2026 22:02:15 GMT",
agreements/agreements_20260607_025243/MISSOURI/Licking_Police_Department/LickingPDMO_TFM_MOA_04212026.pdf,f2a6ef576300e8b565cdce29b1fcc31c0deb1b49c02a4470e60c782ded5fbad8,https://www.ice.gov/doclib/287gMOA/LickingPDMO_TFM_MOA_04212026.pdf,2026-09-12T21:04:53Z,MISSOURI,Licking Police Department,LickingPDMO_TFM_MOA_04212026.pdf,MOA; revalidated; bytes identical,"""68478dd0dc68d2ba0c02cb7064f71821:1778191335.59325""","Thu, 07 May 2026 22:02:15 GMT",
agreements/agreements_20260607_025243/MISSOURI/North_County_Police_Cooperative/NorthCountyPCMO_TFM_MOA_04222026.pdf,1461b6c84906f5c2ee226e3507a8af50c6868ee3ac8042ce611a45754c589b48,https://www.ice.gov/doclib/287gMOA/NorthCountyPCMO_TFM_MOA_04222026.pdf,2026-09-12T21:04:53Z,MISSOURI,North County Police Cooperative,NorthCountyPCMO_TFM_MOA_04222026.pdf,MOA; revalidated; bytes identical,"""00e038ac98c0e595ead5ff793962ce77:1778191335.577538""","Thu, 07 May 2026 22:02:15 GMT",
agreements/agreements_20260607_025243/MISSISSIPPI/Grenada_County_Sheriff's_Office/GrenadaCoSOMS_TFM_MOA_04252026.pdf,44e983f53de2708d893782faaad173179449e1d15491933e7b3567aaebf9fa5a,https://www.ice.gov/doclib/287gMOA/GrenadaCoSOMS_TFM_MOA_04252026.pdf,2026-09-12T21:04:53Z,MISSISSIPPI,Grenada County Sheriff's Office,GrenadaCoSOMS_TFM_MOA_04252026.pdf,MOA; revalidated; bytes identical,"""4bbb9c1f2dee9464d6d5f64fadea2c7a:1778191068.779043""","Thu, 07 May 2026 21:57:48 GMT",
agreements/agreements_20260607_025243/MISSISSIPPI/Carroll_County_Sheriff's_Department/CarrollCountySDMS_TFM_MOA_04232026.pdf,d73904412c4ac7f5628631ee18ffcf6e584dffc7c9fee3b289a01e5ebab9a8a6,https://www.ice.gov/doclib/287gMOA/CarrollCountySDMS_TFM_MOA_04232026.pdf,2026-09-12T21:04:53Z,MISSISSIPPI,Carroll County Sheriff's Department,CarrollCountySDMS_TFM_MOA_04232026.pdf,MOA; revalidated; bytes identical,"""7646bd9b4638e57a7bb213fb0013ca47:1778191050.651658""","Thu, 07 May 2026 21:57:30 GMT",
agreements/agreements_20260607_025243/MISSISSIPPI/Montgomery_County_Sheriff's_Department/MontgomeryCoSDMS_TFM_MOA_04152026.pdf,b3043f5724fccf0293de1d2e991b888128eae135a695b4be98566c35f5eeb764,https://www.ice.gov/doclib/287gMOA/MontgomeryCoSDMS_TFM_MOA_04152026.pdf,2026-09-12T21:04:54Z,MISSISSIPPI,Montgomery County Sheriff's Department,MontgomeryCoSDMS_TFM_MOA_04152026.pdf,MOA; revalidated; bytes identical,"""89e4e26d5ff2095b4fe7c501f021de35:1778191050.282106""","Thu, 07 May 2026 21:57:30 GMT",
agreements/agreements_20260607_025243/MINNESOTA/International_Falls_Police_Department/InternationalFallsPDMN_TFM_MOA_04172026.pdf,6a49e9ec0a8d7136d53d5847651260a9dc73306916bb32ed809cee31ecbc03f7,https://www.ice.gov/doclib/287gMOA/InternationalFallsPDMN_TFM_MOA_04172026.pdf,2026-09-12T21:04:54Z,MINNESOTA,International Falls Police Department,InternationalFallsPDMN_TFM_MOA_04172026.pdf,MOA; revalidated; bytes identical,"""cb096ed8a946c432d8f4e1d7bad690be:1778191050.12763""","Thu, 07 May 2026 21:57:30 GMT",
agreements/agreements_20260607_025243/OKLAHOMA/Afton_Police_Department/AftonPDOK_TFM_MOA_04252026.pdf,f26eddd3fc116363bf6a863553a033c5cd5fee3cce7373f04849b991a953bab2,https://www.ice.gov/doclib/287gMOA/AftonPDOK_TFM_MOA_04252026.pdf,2026-09-12T21:04:54Z,OKLAHOMA,Afton Police Department,AftonPDOK_TFM_MOA_04252026.pdf,MOA; revalidated; bytes identical,"""1ac31c5ec72c62fca63c268dafcae042:1778191627.240398""","Thu, 07 May 2026 22:07:07 GMT",
agreements/agreements_20260607_025243/MISSOURI/Saint_Charles_County_Police_Department/SaintCharlesCoPDMO_TFM_MOA_04152026.pdf,237ac2857271629dfd615c78ea38da82b632d74a90d7388d63a80cc44d8492b1,https://www.ice.gov/doclib/287gMOA/SaintCharlesCoPDMO_TFM_MOA_04152026.pdf,2026-09-12T21:04:54Z,MISSOURI,Saint Charles County Police Department,SaintCharlesCoPDMO_TFM_MOA_04152026.pdf,MOA; revalidated; bytes identical,"""0d1cd9bc95ed0b43ee361ac877f0ee80:1778191772.289694""","Thu, 07 May 2026 22:09:32 GMT",
agreements/agreements_20260607_025243/NORTH_DAKOTA/Williams_County_Sheriff's_Office/WilliamsCoSOND_JEM_MOA_04132026.pdf,4d8cfbc7ba275cfbb3fce97ede8662867f5286ee75b094b8f42784241d520887,https://www.ice.gov/doclib/287gMOA/WilliamsCoSOND_JEM_MOA_04132026.pdf,2026-09-12T21:04:55Z,NORTH DAKOTA,Williams County Sheriff's Office,WilliamsCoSOND_JEM_MOA_04132026.pdf,MOA; revalidated; bytes identical,"""33ee0ed2236cbee6429276f611ee019f:1778191791.58796""","Thu, 07 May 2026 22:09:51 GMT",
agreements/agreements_20260607_025243/NORTH_DAKOTA/Williams_County_Sheriff's_Office/WilliamsCoSOND_WSO_MOA_04132026.pdf,5468e8d0fed6474f865db9ed887768c5be05fa6d51af1fe5e743ce5ec2a3537c,https://www.ice.gov/doclib/287gMOA/WilliamsCoSOND_WSO_MOA_04132026.pdf,2026-09-12T21:04:55Z,NORTH DAKOTA,Williams County Sheriff's Office,WilliamsCoSOND_WSO_MOA_04132026.pdf,MOA; revalidated; bytes identical,"""47280d05721a2fae0581684f227088fa:1778191791.985297""","Thu, 07 May 2026 22:09:51 GMT",
agreements/agreements_20260607_025243/NORTH_DAKOTA/Williams_County_Sheriff's_Office/WilliamsCoSOND_TFM_MOA_04132026.pdf,fa97cb15fe5d2449bbd4c7fbab57cf9ec934754a3f8656dcda34fd97548bbacf,https://www.ice.gov/doclib/287gMOA/WilliamsCoSOND_TFM_MOA_04132026.pdf,2026-09-12T21:04:55Z,NORTH DAKOTA,Williams County Sheriff's Office,WilliamsCoSOND_TFM_MOA_04132026.pdf,MOA; revalidated; bytes identical,"""7d48db1fec20dadba4ad95db81353b8b:1778191791.460981""","Thu, 07 May 2026 22:09:51 GMT",
agreements/agreements_20260607_025243/MISSOURI/Daviess_County_Sheriff's_Office_/DaviessCoSOMO_TFM_MOA_04152026.pdf,b5ecae6fda6ecc449a560055f6d473ca63288b04ace1e232eebf2c4e9f5e9d23,https://www.ice.gov/doclib/287gMOA/DaviessCoSOMO_TFM_MOA_04152026.pdf,2026-09-12T21:04:56Z,MISSOURI,Daviess County Sheriff's Office,DaviessCoSOMO_TFM_MOA_04152026.pdf,MOA; revalidated; bytes identical,"""a01471c4deb857beac1dbaa13f67c47e:1778191968.859912""","Thu, 07 May 2026 22:12:48 GMT",
agreements/agreements_20260607_025243/TEXAS/Azle_Police_Department/AzlePoliceDeptTX_TFM_MOA_04222026.pdf,ef877edda8fef3cc3bc8f0ab11a5b9f975222600014e0f79b3546aecf2a52dca,https://www.ice.gov/doclib/287gMOA/AzlePoliceDeptTX_TFM_MOA_04222026.pdf,2026-09-12T21:04:56Z,TEXAS,Azle Police Department,AzlePoliceDeptTX_TFM_MOA_04222026.pdf,MOA; revalidated; bytes identical,"""1a17a835e36770e7748718220482d735:1778247008.839792""","Fri, 08 May 2026 13:30:08 GMT",
agreements/agreements_20260607_025243/TEXAS/Bonham_Police_Department/BonhamPoliceDeptTX_TFM_MOA_04212026.pdf,b0a46c5ff7e5ff7d7a323dc2d4186c4ebed7fc15d92576693cbefa747e6ba806,https://www.ice.gov/doclib/287gMOA/BonhamPoliceDeptTX_TFM_MOA_04212026.pdf,2026-09-12T21:04:56Z,TEXAS,Bonham Police Department,BonhamPoliceDeptTX_TFM_MOA_04212026.pdf,MOA; revalidated; bytes identical,"""0ffd61f13d1d9d51e8d36b5893139100:1778247010.211881""","Fri, 08 May 2026 13:30:10 GMT",
agreements/agreements_20260607_025243/TEXAS/Comanche_Police_Department/ComanchePoliceDeptTX_TFM_MOA_04202026.pdf,a3ddf43b99f56dd5479c8316d7c259dd10ddaad3af7ddb5847bf3a9b3fc38b98,https://www.ice.gov/doclib/287gMOA/ComanchePoliceDeptTX_TFM_MOA_04202026.pdf,2026-09-12T21:04:56Z,TEXAS,Comanche Police Department,ComanchePoliceDeptTX_TFM_MOA_04202026.pdf,MOA; revalidated; bytes identical,"""92cef0e56cf2f0711698ce7e97ce5231:1778247028.639156""","Fri, 08 May 2026 13:30:28 GMT",
agreements/agreements_20260607_025243/TEXAS/Robstown_Police_Department/RobstownPoliceDeptTX_TFM_MOA_04172026.pdf,d9a28a483456fa9d07db72c76239e5ad6fb1e14052f1ee371e180012b86ae4ee,https://www.ice.gov/doclib/287gMOA/RobstownPoliceDeptTX_TFM_MOA_04172026.pdf,2026-09-12T21:04:57Z,TEXAS,Robstown Police Department,RobstownPoliceDeptTX_TFM_MOA_04172026.pdf,MOA; revalidated; bytes identical,"""0e35730afe4dee9c58e571ff3dc4ec33:1778247009.764094""","Fri, 08 May 2026 13:30:09 GMT",
agreements/agreements_20260607_025243/OKLAHOMA/Checotah_Police_Department/ChecotahPoliceDeptOK_TFM_MOA_04172026.pdf,b09b34b53f6c39b79f0e128e4ab43233dd08d445f2df26c2515f44d462345f5f,https://www.ice.gov/doclib/287gMOA/ChecotahPoliceDeptOK_TFM_MOA_04172026.pdf,2026-09-12T21:04:57Z,OKLAHOMA,Checotah Police Department,ChecotahPoliceDeptOK_TFM_MOA_04172026.pdf,MOA; revalidated; bytes identical,"""aebdef4a42e194f186835f3b889d08ce:1778246497.424792""","Fri, 08 May 2026 13:21:37 GMT",
agreements/agreements_20260607_025243/OKLAHOMA/Collinsville_Police_Department/CollinsvillePoliceDeptOK_TFM_MOA_04222026.pdf,dacdd5e262c38fabe875a7cd5a132f6296a0d45d8bce45e02f4c60346400a9e7,https://www.ice.gov/doclib/287gMOA/CollinsvillePoliceDeptOK_TFM_MOA_04222026.pdf,2026-09-12T21:04:57Z,OKLAHOMA,Collinsville Police Department,CollinsvillePoliceDeptOK_TFM_MOA_04222026.pdf,MOA; revalidated; bytes identical,"""3c9b0d73ffea7cc761ca29e356e22f4d:1778246500.61867""","Fri, 08 May 2026 13:21:40 GMT",
agreements/agreements_20260607_025243/OKLAHOMA/Creek_County_Sheriff's_Office/CreekCoSheriffsOfficeOK_TFM_MOA_04172026.pdf,bbd793088e784fab07b8beed08c71c7b6cc5824153b4feeea2c7c8aaac14a4a6,https://www.ice.gov/doclib/287gMOA/CreekCoSheriffsOfficeOK_TFM_MOA_04172026.pdf,2026-09-12T21:04:58Z,OKLAHOMA,Creek County Sheriff's Office,CreekCoSheriffsOfficeOK_TFM_MOA_04172026.pdf,MOA; revalidated; bytes identical,"""b2b398e2d7607e39d6aee1524a5a3616:1778246501.320728""","Fri, 08 May 2026 13:21:41 GMT",
agreements/agreements_20260607_025243/SOUTH_CAROLINA/Bowman_Police_Department/BowmanPoliceDeptSC_TFM_MOA_04222026.pdf,3a240d28896cad328d8928813f094077237dd8261763e3c5f65316c8e2f94565,https://www.ice.gov/doclib/287gMOA/BowmanPoliceDeptSC_TFM_MOA_04222026.pdf,2026-09-12T21:04:58Z,SOUTH CAROLINA,Bowman Police Department,BowmanPoliceDeptSC_TFM_MOA_04222026.pdf,MOA; revalidated; bytes identical,"""5d0c362b40390955d3e0d1bee1378c4f:1778247242.00622""","Fri, 08 May 2026 13:34:02 GMT",
agreements/agreements_20260607_025243/TENNESSEE/Hendersonville_Police_Department/HendersonvillePoliceDeptTN_TFM_MOA_04232026.pdf,80d95d7c160e59f0745e848dd4bad80ca85cf22a09dd116a3eb4b1c5e20840d5,https://www.ice.gov/doclib/287gMOA/HendersonvillePoliceDeptTN_TFM_MOA_04232026.pdf,2026-09-12T21:04:58Z,TENNESSEE,Hendersonville Police Department,HendersonvillePoliceDeptTN_TFM_MOA_04232026.pdf,MOA; revalidated; bytes identical,"""fecc0407049e35f606c71736b96d4967:1778247218.229334""","Fri, 08 May 2026 13:33:38 GMT",
agreements/agreements_20260607_025243/SOUTH_CAROLINA/Pine_Ridge_Police_Department/PineRidgePoliceDeptSC_TFM_MOA_04202026.pdf,4c47da7570193cfb2e58adbdf8f76617f4e959b587a7e0b4d305c20b69e3afc2,https://www.ice.gov/doclib/287gMOA/PineRidgePoliceDeptSC_TFM_MOA_04202026.pdf,2026-09-12T21:04:58Z,SOUTH CAROLINA,Pine Ridge Police Department,PineRidgePoliceDeptSC_TFM_MOA_04202026.pdf,MOA; revalidated; bytes identical,"""553bdda3439035afca2aa2e9531cc725:1778247240.562728""","Fri, 08 May 2026 13:34:00 GMT",
agreements/agreements_20260607_025243/PENNSYLVANIA/Muncy_Borough_Police_Department/MuncyBoroughPoliceDeptPA_TFM_MOA_04172026.pdf,197cb530f2ccf799eb291eed74c4588e799e4e59820de27821b32fe10bf05b80,https://www.ice.gov/doclib/287gMOA/MuncyBoroughPoliceDeptPA_TFM_MOA_04172026.pdf,2026-09-12T21:04:59Z,PENNSYLVANIA,Muncy Borough Police Department,MuncyBoroughPoliceDeptPA_TFM_MOA_04172026.pdf,MOA; revalidated; bytes identical,"""3d74dfd0ad21aebc8cd9b1d30d4e185b:1778247482.213938""","Fri, 08 May 2026 13:38:02 GMT",
agreements/agreements_20260607_025243/PENNSYLVANIA/Northern_York_County_Regional_Police_Department/NorthernYorkCoRegPoliceDeptPA_TFM_MOA_04252026.pdf,dccb41ac1a457a05ade3cdf8edf4d43a5b828fa05acc0663422635e61955f056,https://www.ice.gov/doclib/287gMOA/NorthernYorkCoRegPoliceDeptPA_TFM_MOA_04252026.pdf,2026-09-12T21:04:59Z,PENNSYLVANIA,Northern York County Regional Police Department,NorthernYorkCoRegPoliceDeptPA_TFM_MOA_04252026.pdf,MOA; revalidated; bytes identical,"""c797f6db87ae5e6151c520c5094826f4:1778247475.230308""","Fri, 08 May 2026 13:37:55 GMT",
agreements/agreements_20260607_025243/PENNSYLVANIA/Sayre_Borough_Police_Department/SayreBoroughPoliceDeptPA_TFM_MOA_04232026.pdf,e1fa056619718ad71d641eb6dbd28af8fdc8c10f1295d839cf2069c26a4a293f,https://www.ice.gov/doclib/287gMOA/SayreBoroughPoliceDeptPA_TFM_MOA_04232026.pdf,2026-09-12T21:04:59Z,PENNSYLVANIA,Sayre Borough Police Department,SayreBoroughPoliceDeptPA_TFM_MOA_04232026.pdf,MOA; revalidated; bytes identical,"""0117aef88234dac781accfe502391bf1:1778247483.20187""","Fri, 08 May 2026 13:38:03 GMT",
agreements/agreements_20260607_025243/PENNSYLVANIA/Wyoming_County_District_Attorney's_Office/WyomingCoDistrictAttorneyOfficePA_TFM_MOA_04132026.pdf,f4aff80ae4cdb1e911a757de44485b5c2506892e30924419dd893bc391764a69,https://www.ice.gov/doclib/287gMOA/WyomingCoDistrictAttorneyOfficePA_TFM_MOA_04132026.pdf,2026-09-12T21:04:59Z,PENNSYLVANIA,Wyoming County District Attorney's Office,WyomingCoDistrictAttorneyOfficePA_TFM_MOA_04132026.pdf,MOA; revalidated; bytes identical,"""af02697e593ac536d10562fc9832ecf2:1778247462.934943""","Fri, 08 May 2026 13:37:42 GMT",
agreements/agreements_20260607_025243/PENNSYLVANIA/Butler_Township_Police_Department/ButlerTownshipPoliceDeptPA_TFM_MOA_04232026.pdf,18182963f63f104bfccb3f8eb193acb279cd627ed24b4a3505b19b4ba55c0155,https://www.ice.gov/doclib/287gMOA/ButlerTownshipPoliceDeptPA_TFM_MOA_04232026.pdf,2026-09-12T21:05:00Z,PENNSYLVANIA,Butler Township Police Department,ButlerTownshipPoliceDeptPA_TFM_MOA_04232026.pdf,MOA; revalidated; bytes identical,"""5c41cac6ffbc1f17b973ff49f60c5932:1778247714.278916""","Fri, 08 May 2026 13:41:54 GMT",
agreements/agreements_20260607_025243/PENNSYLVANIA/Carroll_Township_Police_Department/CarrollTownshipPoliceDeptPA_TFM_MOA_04172026.pdf,0d6700995b01ad6ab26987a805f0a963092681ede2f026ab5a5e6315bec58628,https://www.ice.gov/doclib/287gMOA/CarrollTownshipPoliceDeptPA_TFM_MOA_04172026.pdf,2026-09-12T21:05:00Z,PENNSYLVANIA,Carroll Township Police Department,CarrollTownshipPoliceDeptPA_TFM_MOA_04172026.pdf,MOA; revalidated; bytes identical,"""beff8d636e4d6041f61a8ace34c74e8f:1778247717.221521""","Fri, 08 May 2026 13:41:57 GMT",
agreements/agreements_20260607_025243/PENNSYLVANIA/Hellam_Township_Police_Department/HellamTownshipPoliceDeptPA_TFM_MOA_04172026.pdf,762fc62d0a12cfebcda2ac3d2b9d6ead164cf824dc2eb209918d9555c30b5135,https://www.ice.gov/doclib/287gMOA/HellamTownshipPoliceDeptPA_TFM_MOA_04172026.pdf,2026-09-12T21:05:00Z,PENNSYLVANIA,Hellam Township Police Department,HellamTownshipPoliceDeptPA_TFM_MOA_04172026.pdf,MOA; revalidated; bytes identical,"""f93afb26f1fbbf200fb16ebda5042f8e:1778247711.610941""","Fri, 08 May 2026 13:41:51 GMT",
agreements/agreements_20260607_025243/OKLAHOMA/Okfuskee_County_Sheriff's_Office_/OkfuskeeCoSheriffsOfficeOK_TFM_MOA_04222026.pdf,c259e82ba75992c4dc8aab4ba130773aa65f0909a07bbad9f5fba3d0aac08f7d,https://www.ice.gov/doclib/287gMOA/OkfuskeeCoSheriffsOfficeOK_TFM_MOA_04222026.pdf,2026-09-12T21:05:01Z,OKLAHOMA,Okfuskee County Sheriff's Office,OkfuskeeCoSheriffsOfficeOK_TFM_MOA_04222026.pdf,MOA; revalidated; bytes identical,"""521d495cb1b19fd2d5bdc7bffc753dd8:1778247715.570452""","Fri, 08 May 2026 13:41:55 GMT",
agreements/agreements_20260607_025243/TEXAS/Delta_County_Constable_Precinct_5/DeltaCoConstablePrecinct5_TX_TFM_MOA_04172026.pdf,d6b210f3d21b94e84dbad27b612ee7415b11303dea1d01a457f24fdcd478ca93,https://www.ice.gov/doclib/287gMOA/DeltaCoConstablePrecinct5_TX_TFM_MOA_04172026.pdf,2026-09-12T21:05:01Z,TEXAS,Delta County Constable Precinct 5,DeltaCoConstablePrecinct5_TX_TFM_MOA_04172026.pdf,MOA; revalidated; bytes identical,"""c1e472b155e8dc9bd67e5261a402904f:1778249450.183668""","Fri, 08 May 2026 14:10:50 GMT",
agreements/agreements_20260607_025243/TEXAS/Edna_Police_Department/EdnaPoliceDeptTX_TFM_MOA_04252026.pdf,74211950cac08a7d8372a7cb55888e8604e44da17238a8188dac78f5d5d563dc,https://www.ice.gov/doclib/287gMOA/EdnaPoliceDeptTX_TFM_MOA_04252026.pdf,2026-09-12T21:05:01Z,TEXAS,Edna Police Department,EdnaPoliceDeptTX_TFM_MOA_04252026.pdf,MOA; revalidated; bytes identical,"""fc0f6a3a1745580f9beb8c46398e3353:1778249449.046271""","Fri, 08 May 2026 14:10:49 GMT",
agreements/agreements_20260607_025243/TEXAS/Erath_County_Sheriff's_Office/ErathCoSheriffsOfficeTX_TFM_MOA_04172026.pdf,610d3f5c8d0f102270244a2194c6a20096109fc1c63410ea24a4e7ccf53f58b0,https://www.ice.gov/doclib/287gMOA/ErathCoSheriffsOfficeTX_TFM_MOA_04172026.pdf,2026-09-12T21:05:01Z,TEXAS,Erath County Sheriff's Office,ErathCoSheriffsOfficeTX_TFM_MOA_04172026.pdf,MOA; revalidated; bytes identical,"""79c394f64003496da1a2b57f6e2a231b:1778249440.382591""","Fri, 08 May 2026 14:10:40 GMT",
agreements/agreements_20260607_025243/TEXAS/Guadalupe_County_Constable_Precinct_4/GuadalupeCoConstablePrecinct4_TX_TFM_MOA_04152026.pdf,ce88c03b0cc272f180761e6edb01fee8ec41a4ba2b438f8e2820f1ff9a5f9f0f,https://www.ice.gov/doclib/287gMOA/GuadalupeCoConstablePrecinct4_TX_TFM_MOA_04152026.pdf,2026-09-12T21:05:02Z,TEXAS,Guadalupe County Constable Precinct 4,GuadalupeCoConstablePrecinct4_TX_TFM_MOA_04152026.pdf,MOA; revalidated; bytes identical,"""7f0bb06255281ad7ceed69f30cd40feb:1778249429.663675""","Fri, 08 May 2026 14:10:29 GMT",
agreements/agreements_20260607_025243/NORTH_CAROLINA/Alamance_County_Sheriff's_Office/287gWSO_AlamanceCoNC_05-21-2020.pdf,c74477b640d02e68776b6382eae7ae01bdbc6c7eb617cade64f52e77e0bb53bb,https://www.ice.gov/doclib/287gMOA/287gWSO_AlamanceCoNC_05-21-2020.pdf,2026-09-12T21:05:02Z,NORTH CAROLINA,Alamance County Sheriff's Office,287gWSO_AlamanceCoNC_05-21-2020.pdf,MOA; revalidated; bytes identical,"""5954e70bfac78e8bdbc724a238439c99:1590591220.060297""","Wed, 27 May 2020 14:53:40 GMT",
"agreements/agreements_20260607_025243/PENNSYLVANIA/Southhampton_Twp._Cumberland_City,_Constables_Office/SouthhamptonTwpCumberlandCityConstablesOfficePA_TFM_MOA_09092025.pdf",cf062d095d36ccaa7fcaadb7e3108af6f87424144f367db6c4fa58f1dabbfbd8,https://www.ice.gov/doclib/287gMOA/SouthhamptonTwpCumberlandCityConstablesOfficePA_TFM_MOA_09092025.pdf,2026-09-12T21:05:02Z,PENNSYLVANIA,"Southhampton Twp. Cumberland City, Constables Office",SouthhamptonTwpCumberlandCityConstablesOfficePA_TFM_MOA_09092025.pdf,MOA; revalidated; bytes identical,"""e8b4ec50f17b3cd6e93fc054f63dfb30:1763485048.818026""","Tue, 18 Nov 2025 16:57:28 GMT",
agreements/agreements_20260607_025243/TEXAS/Guadalupe_County_Constable_Precinct_1/GuadalupeCoConstablePrecinct1_TX_TFM_MOA_04152026.pdf,f0323a59646d61c0082449614a5cc14903008e4973384827851cdb5e81df7563,https://www.ice.gov/doclib/287gMOA/GuadalupeCoConstablePrecinct1_TX_TFM_MOA_04152026.pdf,2026-09-12T21:05:03Z,TEXAS,Guadalupe County Constable Precinct 1,GuadalupeCoConstablePrecinct1_TX_TFM_MOA_04152026.pdf,MOA; revalidated; bytes identical,"""38f2368f61747fcc607697fd7a353239:1778516286.286624""","Mon, 11 May 2026 16:18:06 GMT",
agreements/agreements_20260607_025243/TEXAS/Menard_County_Sheriff's_Office/MenardCoSheriffsOfficeTX_TFM_MOA_04192026.pdf,be3ba83d66a890e07d6aab94dbbc5efc238be2b15b5e607fafe9a30f17aa5135,https://www.ice.gov/doclib/287gMOA/MenardCoSheriffsOfficeTX_TFM_MOA_04192026.pdf,2026-09-12T21:05:03Z,TEXAS,Menard County Sheriff's Office,MenardCoSheriffsOfficeTX_TFM_MOA_04192026.pdf,MOA; revalidated; bytes identical,"""f1ca458178bb970e0d1950942459f5e2:1778516291.114961""","Mon, 11 May 2026 16:18:11 GMT",
agreements/agreements_20260607_025243/TEXAS/Mustang_Ridge_Police_Department/MustangRidgePoliceDeptTX_TFM_MOA_04222026.pdf,733d5de036c4ccb0779c812f38bc6fb83e7a785091c915075256de733143b863,https://www.ice.gov/doclib/287gMOA/MustangRidgePoliceDeptTX_TFM_MOA_04222026.pdf,2026-09-12T21:05:03Z,TEXAS,Mustang Ridge Police Department,MustangRidgePoliceDeptTX_TFM_MOA_04222026.pdf,MOA; revalidated; bytes identical,"""2288701a3efa530e4e7badda66ab2103:1778516305.349106""","Mon, 11 May 2026 16:18:25 GMT",
agreements/agreements_20260607_025243/TEXAS/Pinehurst_Police_Department/PinehurstPoliceDeptTX_TFM_MOA_04152026.pdf,30529c793918e3e1084d28f1879b11cb64962a52edca6e302451492563158096,https://www.ice.gov/doclib/287gMOA/PinehurstPoliceDeptTX_TFM_MOA_04152026.pdf,2026-09-12T21:05:03Z,TEXAS,Pinehurst Police Department,PinehurstPoliceDeptTX_TFM_MOA_04152026.pdf,MOA; revalidated; bytes identical,"""fbe71161c0c5673c1866f5d7425d2649:1778516286.738114""","Mon, 11 May 2026 16:18:06 GMT",
agreements/agreements_20260607_025243/TEXAS/Roma_Police_Department/RomaPoliceDeptTX_TFM_MOA_04232026.pdf,f0686248f6544643ed033b48a8a14ac39adc2351243e44e2a155bc58baa05514,https://www.ice.gov/doclib/287gMOA/RomaPoliceDeptTX_TFM_MOA_04232026.pdf,2026-09-12T21:05:04Z,TEXAS,Roma Police Department,RomaPoliceDeptTX_TFM_MOA_04232026.pdf,MOA; revalidated; bytes identical,"""536e348ea4f953cb4d07e93e4086ec9c:1778516536.021762""","Mon, 11 May 2026 16:22:16 GMT",
agreements/agreements_20260607_025243/TEXAS/Stephenville_Police_Department/StephenvillePoliceDeptTX_TFM_MOA_04252026.pdf,b4e355b173a88bc112f785964b38531b65dd716ec3caf40082691f583fe00fe9,https://www.ice.gov/doclib/287gMOA/StephenvillePoliceDeptTX_TFM_MOA_04252026.pdf,2026-09-12T21:05:04Z,TEXAS,Stephenville Police Department,StephenvillePoliceDeptTX_TFM_MOA_04252026.pdf,MOA; revalidated; bytes identical,"""2f8cae15b44a85946f536acb1e207350:1778516538.044195""","Mon, 11 May 2026 16:22:18 GMT",
agreements/agreements_20260607_025243/TEXAS/Trinity_County_Sheriff's_Office/TrintyCoSheriffsOfficeTX_TFM_MOA_04222026.pdf,30a857247a79462df9ef385388d005ac56dcc272c9351208bc43de19ccd66340,https://www.ice.gov/doclib/287gMOA/TrintyCoSheriffsOfficeTX_TFM_MOA_04222026.pdf,2026-09-12T21:05:04Z,TEXAS,Trinity County Sheriff's Office,TrintyCoSheriffsOfficeTX_TFM_MOA_04222026.pdf,MOA; revalidated; bytes identical,"""2c5bfc2bc470ab73943c3259965ba06c:1778516768.410112""","Mon, 11 May 2026 16:26:08 GMT",
agreements/agreements_20260607_025243/TEXAS/Wilbarger_County_Sheriff's_Office/WilbargerCoSheriffsOfficeTX_TFM_MOA_04202026.pdf,bd29589ba5521cb0d4731616f0169e3ae82aabbedab19f1d0a17ea03ee666ecd,https://www.ice.gov/doclib/287gMOA/WilbargerCoSheriffsOfficeTX_TFM_MOA_04202026.pdf,2026-09-12T21:05:05Z,TEXAS,Wilbarger County Sheriff's Office,WilbargerCoSheriffsOfficeTX_TFM_MOA_04202026.pdf,MOA; revalidated; bytes identical,"""476d11ba913cdace6bf49837c17d6daa:1778516748.331833""","Mon, 11 May 2026 16:25:48 GMT",
agreements/agreements_20260607_025243/TEXAS/Winnsboro_Police_Department_/WinnsboroPoliceDeptTX_TFM_MOA_04172026.pdf,29d13ef978e5b4e01955ec817f041611326e3445eaf8d2348618a18d1a81d062,https://www.ice.gov/doclib/287gMOA/WinnsboroPoliceDeptTX_TFM_MOA_04172026.pdf,2026-09-12T21:05:05Z,TEXAS,Winnsboro Police Department,WinnsboroPoliceDeptTX_TFM_MOA_04172026.pdf,MOA; revalidated; bytes identical,"""68a1b4805c046d44d74720d09eb5e40d:1778516763.890048""","Mon, 11 May 2026 16:26:03 GMT",
agreements/agreements_20260607_025243/WYOMING/Moorcroft_Police_Department/MoorcroftPoliceDeptWY_TFM_MOA_04172026.pdf,0aa2a8f4212681d84332d17eae3840bbe7f27458ca74cfd1db46b2c0940a8d52,https://www.ice.gov/doclib/287gMOA/MoorcroftPoliceDeptWY_TFM_MOA_04172026.pdf,2026-09-12T21:05:05Z,WYOMING,Moorcroft Police Department,MoorcroftPoliceDeptWY_TFM_MOA_04172026.pdf,MOA; revalidated; bytes identical,"""4399205e50409724bb6ce148f50328b2:1778517018.607597""","Mon, 11 May 2026 16:30:18 GMT",
agreements/agreements_20260607_025243/WYOMING/Pine_Bluffs_Police_Department/PineBluffsPoliceDeptWY_TFM_MOA_04212026.pdf,47ad79695ba7b7538d5acbdcc2e96eec85ebe1f53d47554c5a5d14d6d5944d3b,https://www.ice.gov/doclib/287gMOA/PineBluffsPoliceDeptWY_TFM_MOA_04212026.pdf,2026-09-12T21:05:06Z,WYOMING,Pine Bluffs Police Department,PineBluffsPoliceDeptWY_TFM_MOA_04212026.pdf,MOA; revalidated; bytes identical,"""8b2f558d6ba714feb3a08cb3b2b5210d:1778517021.6739""","Mon, 11 May 2026 16:30:21 GMT",
agreements/agreements_20260607_025243/WYOMING/Shoshoni_Police_Department_/ShoshoniPoliceDeptWY_TFM_MOA_04192026.pdf,052f5b89e19734d10fa50d05a8b434eb1ee2e306c960574767d6ab642a191003,https://www.ice.gov/doclib/287gMOA/ShoshoniPoliceDeptWY_TFM_MOA_04192026.pdf,2026-09-12T21:05:06Z,WYOMING,Shoshoni Police Department,ShoshoniPoliceDeptWY_TFM_MOA_04192026.pdf,MOA; revalidated; bytes identical,"""6dfa65d00eda33f657542c8d6f1229a4:1778517040.127307""","Mon, 11 May 2026 16:30:40 GMT",
agreements/agreements_20260607_025243/TEXAS/Wise_County_Sheriff's_Office_/WiseCoSheriffsOfficeTX_TFM_MOA_04152026.pdf,43a979c12269e44a4377e36cbf11b61d82ae57d1ec4548df214b15ff6ec63f3e,https://www.ice.gov/doclib/287gMOA/WiseCoSheriffsOfficeTX_TFM_MOA_04152026.pdf,2026-09-12T21:05:06Z,TEXAS,Wise County Sheriff's Office,WiseCoSheriffsOfficeTX_TFM_MOA_04152026.pdf,MOA; revalidated; bytes identical,"""88f4327d6a05c47f93186307a16f0072:1778517026.47909""","Mon, 11 May 2026 16:30:26 GMT",
agreements/agreements_20260607_025243/WYOMING/Wheatland_Police_Department/WheatlandPoliceDeptWY_TFM_MOA_04152026.pdf,3dadc771492c87020023d15736503b5a01f861e7b834462ab2e4386d1d02dd96,https://www.ice.gov/doclib/287gMOA/WheatlandPoliceDeptWY_TFM_MOA_04152026.pdf,2026-09-12T21:05:06Z,WYOMING,Wheatland Police Department,WheatlandPoliceDeptWY_TFM_MOA_04152026.pdf,MOA; revalidated; bytes identical,"""dcceb34a54d54ec9919668f02e207df4:1778517159.947048""","Mon, 11 May 2026 16:32:39 GMT",
agreements/agreements_20260607_025243/INDIANA/Bainbridge_Police_Department/BainbridgePoliceDeptIN_TFM_MOA_04212026.pdf,b506f85082ce193fd0f44d465adea8a88e6758a60788d9088ba6a720a7bc53e4,https://www.ice.gov/doclib/287gMOA/BainbridgePoliceDeptIN_TFM_MOA_04212026.pdf,2026-09-12T21:05:07Z,INDIANA,Bainbridge Police Department,BainbridgePoliceDeptIN_TFM_MOA_04212026.pdf,MOA; revalidated; bytes identical,"""0767662bb79216c61a1c2e4553c4c128:1777905127.081074""","Mon, 04 May 2026 14:32:07 GMT",
agreements/agreements_20260607_025243/GEORGIA/Hahira_Police_Department/HahiraPoliceDeptGA_TFM_MOA_04252026.pdf,9079d3b718f2f7913c3855aedae494fcb46446d65d00deed9354b615fd49f98a,https://www.ice.gov/doclib/287gMOA/HahiraPoliceDeptGA_TFM_MOA_04252026.pdf,2026-09-12T21:05:07Z,GEORGIA,Hahira Police Department,HahiraPoliceDeptGA_TFM_MOA_04252026.pdf,MOA; revalidated; bytes identical,"""a6479f6baf61e4d5e92b35d063f5091b:1777905106.297612""","Mon, 04 May 2026 14:31:46 GMT",
agreements/agreements_20260607_025243/GEORGIA/Harris_County_Sheriff's_Office/HarrisCoSheriffsOfficeGA_TFM_MOA_04202026.pdf,707ef11db6916ca370fa41a87fe611e02622c7f67d671b0830e17fb19b9a053d,https://www.ice.gov/doclib/287gMOA/HarrisCoSheriffsOfficeGA_TFM_MOA_04202026.pdf,2026-09-12T21:05:07Z,GEORGIA,Harris County Sheriff's Office,HarrisCoSheriffsOfficeGA_TFM_MOA_04202026.pdf,MOA; revalidated; bytes identical,"""fe35d95174688690825171fb3b7bb566:1777905111.341649""","Mon, 04 May 2026 14:31:51 GMT",
agreements/agreements_20260607_025243/FLORIDA/Okeechobee_County_Sheriff's_Office/OkeechobeeCoSheriffsOfficeFL_JEM_MOA_04252026.pdf,8562ea82245203fb366fa65defc0187b6fd544e2ec503adb586785ccd9587d57,https://www.ice.gov/doclib/287gMOA/OkeechobeeCoSheriffsOfficeFL_JEM_MOA_04252026.pdf,2026-09-12T21:05:07Z,FLORIDA,Okeechobee County Sheriff's Office,OkeechobeeCoSheriffsOfficeFL_JEM_MOA_04252026.pdf,MOA; revalidated; bytes identical,"""ef90f999b78083c76e8d5bac3da3b0b0:1777905107.685336""","Mon, 04 May 2026 14:31:47 GMT",
agreements/agreements_20260607_025243/ARKANSAS/Garland_County_Sheriff's_Office/GarlandCoSheriffsOfficeAR_WSO_MOA_04132026.pdf,b223fba029083261b4539f65bc4931c78650459a0a5c7c9d4337bc583becfddc,https://www.ice.gov/doclib/287gMOA/GarlandCoSheriffsOfficeAR_WSO_MOA_04132026.pdf,2026-09-12T21:05:08Z,ARKANSAS,Garland County Sheriff's Office,GarlandCoSheriffsOfficeAR_WSO_MOA_04132026.pdf,MOA; revalidated; bytes identical,"""2b8e4ebbf4d560aa101ce571297f96fc:1777905360.603976""","Mon, 04 May 2026 14:36:00 GMT",
agreements/agreements_20260607_025243/ARKANSAS/Izard_County_Sheriff's_Office/IzardCoSheriffsOfficeAR_WSO_MOA_04132026.pdf,d1e07361146ecb06e267131a885858ed71a58d723a3d20afb6309652effac06d,https://www.ice.gov/doclib/287gMOA/IzardCoSheriffsOfficeAR_WSO_MOA_04132026.pdf,2026-09-12T21:05:08Z,ARKANSAS,Izard County Sheriff's Office,IzardCoSheriffsOfficeAR_WSO_MOA_04132026.pdf,MOA; revalidated; bytes identical,"""9ef434e182e1a9e4c684ac13c2d63fab:1777905348.743306""","Mon, 04 May 2026 14:35:48 GMT",
agreements/agreements_20260607_025243/ARKANSAS/Logan_County_Sheriff's_Office/LoganCoSheriffsOfficeAR_WSO_MOA_04172026.pdf,ce215f4159aadad68d69364bc5ef1fea343ba304b95439d3b2f0923369238c4a,https://www.ice.gov/doclib/287gMOA/LoganCoSheriffsOfficeAR_WSO_MOA_04172026.pdf,2026-09-12T21:05:08Z,ARKANSAS,Logan County Sheriff's Office,LoganCoSheriffsOfficeAR_WSO_MOA_04172026.pdf,MOA; revalidated; bytes identical,"""785320366260ca9d3a31c9b03f76c0f4:1777905341.868181""","Mon, 04 May 2026 14:35:41 GMT",
agreements/agreements_20260607_025243/ARKANSAS/Pike_County_Sheriff's_Office/PikeCoSheriffsOfficeAR_JEM_MOA_04152026.pdf,db46aa51989f13bc9728e83afa5e2f6f92c2a5c0edb0530df3554a0ca88f8ce2,https://www.ice.gov/doclib/287gMOA/PikeCoSheriffsOfficeAR_JEM_MOA_04152026.pdf,2026-09-12T21:05:09Z,ARKANSAS,Pike County Sheriff's Office,PikeCoSheriffsOfficeAR_JEM_MOA_04152026.pdf,MOA; revalidated; bytes identical,"""522fc5bcbf7a43b6ee47f2c76b9d2468:1777905341.810385""","Mon, 04 May 2026 14:35:41 GMT",
agreements/agreements_20260607_025243/ARKANSAS/Ashdown_City_Police_Department/AshdownCityPoliceDeptAR_TFM_MOA_04172026.pdf,31e0fd0a5f288b965a8f4692aa1930847fdbadd565829ae6a87eae5dd88ac6d8,https://www.ice.gov/doclib/287gMOA/AshdownCityPoliceDeptAR_TFM_MOA_04172026.pdf,2026-09-12T21:05:09Z,ARKANSAS,Ashdown City Police Department,AshdownCityPoliceDeptAR_TFM_MOA_04172026.pdf,MOA; revalidated; bytes identical,"""e141d61a7752ade233034e025985e261:1777904741.574565""","Mon, 04 May 2026 14:25:41 GMT",
agreements/agreements_20260607_025243/ARKANSAS/Brookland_Police_Department/BrooklandPoliceDeptAR_TFM_MOA_04252026.pdf,614bda9e2de753e2fa85d72bbd15f1409bf4981aa35b118ca6b7ba499d894382,https://www.ice.gov/doclib/287gMOA/BrooklandPoliceDeptAR_TFM_MOA_04252026.pdf,2026-09-12T21:05:09Z,ARKANSAS,Brookland Police Department,BrooklandPoliceDeptAR_TFM_MOA_04252026.pdf,MOA; revalidated; bytes identical,"""75b4a5e48bcd42818a5e3e19db0fc119:1777904745.17543""","Mon, 04 May 2026 14:25:45 GMT",
agreements/agreements_20260607_025243/ALABAMA/Piedmont_Police_Department/PiedmontPoliceDeptAL_TFM_MOA_04202026.pdf,9d85873225f2409fc0730ddf2f5a8cae9bebf48178810aa0a5a52dcbbf0d7e0a,https://www.ice.gov/doclib/287gMOA/PiedmontPoliceDeptAL_TFM_MOA_04202026.pdf,2026-09-12T21:05:09Z,ALABAMA,Piedmont Police Department,PiedmontPoliceDeptAL_TFM_MOA_04202026.pdf,MOA; revalidated; bytes identical,"""193315a2451ea0e8bfdb996217d8377d:1777904722.313109""","Mon, 04 May 2026 14:25:22 GMT",
agreements/agreements_20260623_025908/ARKANSAS/Alpena_Police_Department/AlpenaPoliceDeptAR_TFM_MOA_05212026.pdf,48a763bd27dd4926fd76d2cc3fddaf5cfe26b095d1ea881de5e4644217f1b80a,https://www.ice.gov/doclib/287gMOA/AlpenaPoliceDeptAR_TFM_MOA_05212026.pdf,2026-09-12T21:05:10Z,ARKANSAS,Alpena Police Department,AlpenaPoliceDeptAR_TFM_MOA_05212026.pdf,MOA; revalidated; bytes identical,"""ced62d3f3d49cf21f9be319c21b1f2c6:1780317688.102704""","Mon, 01 Jun 2026 12:41:28 GMT",
agreements/agreements_20260623_025908/ALABAMA/Cedar_Bluff_Police_Department/CedarBluffPoliceDeptAL_TFM_MOA_04292026.pdf,93a68cc723a154eb3265f67ce9b075e96f3425e6708c8cf690903562e0c3b81a,https://www.ice.gov/doclib/287gMOA/CedarBluffPoliceDeptAL_TFM_MOA_04292026.pdf,2026-09-12T21:05:10Z,ALABAMA,Cedar Bluff Police Department,CedarBluffPoliceDeptAL_TFM_MOA_04292026.pdf,MOA; revalidated; bytes identical,"""143cf162c6e0a7a7298ee8e2c8a32a8a:1780317702.987183""","Mon, 01 Jun 2026 12:41:42 GMT",
agreements/agreements_20260623_025908/ALABAMA/Eclectic_Police_Department/EclecticPoliceDeptAL_TFM_MOA_05212026.pdf,560676a965ecd14bab701cdf1bf9bbb31df2b65157d52c9fd61d73f43711e29e,https://www.ice.gov/doclib/287gMOA/EclecticPoliceDeptAL_TFM_MOA_05212026.pdf,2026-09-12T21:05:10Z,ALABAMA,Eclectic Police Department,EclecticPoliceDeptAL_TFM_MOA_05212026.pdf,MOA; revalidated; bytes identical,"""def530e19423f5959f73391cba8b6396:1780317683.14879""","Mon, 01 Jun 2026 12:41:23 GMT",
agreements/agreements_20260623_025908/ALABAMA/Lockhart_Police_Department/LockhartPoliceDeptAL_TFM_MOA_04272026.pdf,188f89422e92d506bf12f05dc0236e94e563f9212ff430da2ba44bb2ca8a8512,https://www.ice.gov/doclib/287gMOA/LockhartPoliceDeptAL_TFM_MOA_04272026.pdf,2026-09-12T21:05:10Z,ALABAMA,Lockhart Police Department,LockhartPoliceDeptAL_TFM_MOA_04272026.pdf,MOA; revalidated; bytes identical,"""c772b54404d8b776d10276f2a6364b2f:1780317701.621562""","Mon, 01 Jun 2026 12:41:41 GMT",
agreements/agreements_20260623_025908/ARKANSAS/Bono_Police_Department/BonoPoliceDeptAR_TFM_MOA_05212026.pdf,282b8ccada5391e03acd8f2a0154cdd40a7bf2408dbe1e2f3596091d62c1eeeb,https://www.ice.gov/doclib/287gMOA/BonoPoliceDeptAR_TFM_MOA_05212026.pdf,2026-09-12T21:05:11Z,ARKANSAS,Bono Police Department,BonoPoliceDeptAR_TFM_MOA_05212026.pdf,MOA; revalidated; bytes identical,"""15445945dc6e5de3b85fd89f73a2e1c6:1780317968.566602""","Mon, 01 Jun 2026 12:46:08 GMT",
agreements/agreements_20260623_025908/ARKANSAS/Caraway_Police_Department/CarawayPoliceDeptAR_TFM_MOA_05132026.pdf,3b02fc464756ea656242ff2e430888ce56211a2c36dfd779cb524cd90d5d5d4f,https://www.ice.gov/doclib/287gMOA/CarawayPoliceDeptAR_TFM_MOA_05132026.pdf,2026-09-12T21:05:11Z,ARKANSAS,Caraway Police Department,CarawayPoliceDeptAR_TFM_MOA_05132026.pdf,MOA; revalidated; bytes identical,"""0d77f2893760b23e1ac11767c9695509:1780317966.410259""","Mon, 01 Jun 2026 12:46:06 GMT",
agreements/agreements_20260623_025908/ARKANSAS/Carroll_County_Sheriff's_Office/CarrollCoSheriffsOfficeAR_TFM_MOA_05092026.pdf,a8c3ae9f5763973ede9a2792e0712d27e2ca7538d1733cb1821bda99ea10946c,https://www.ice.gov/doclib/287gMOA/CarrollCoSheriffsOfficeAR_TFM_MOA_05092026.pdf,2026-09-12T21:05:11Z,ARKANSAS,Carroll County Sheriff's Office,CarrollCoSheriffsOfficeAR_TFM_MOA_05092026.pdf,MOA; revalidated; bytes identical,"""00d3fce4be21c468d467dde55b7efbc4:1780317959.23603""","Mon, 01 Jun 2026 12:45:59 GMT",
agreements/agreements_20260623_025908/GEORGIA/Boston_Police_Department/BostonPoliceDeptGA_TFM_MOA_05212026.pdf,3e4d5b4935ae01297383d26e41f6b83388cbf0753a27b5c8d97d0cda3d9658cd,https://www.ice.gov/doclib/287gMOA/BostonPoliceDeptGA_TFM_MOA_05212026.pdf,2026-09-12T21:05:11Z,GEORGIA,Boston Police Department,BostonPoliceDeptGA_TFM_MOA_05212026.pdf,MOA; revalidated; bytes identical,"""087ea7a953de5fc449775843c49ec969:1780319085.359561""","Mon, 01 Jun 2026 13:04:45 GMT",
agreements/agreements_20260623_025908/FLORIDA/Jasper_Police_Department/JasperPoliceDeptFL_TFM_MOA_04272026.pdf,a1605489826dceefc9d38c311701774532474eb6a92566184b479e8edbe667c5,https://www.ice.gov/doclib/287gMOA/JasperPoliceDeptFL_TFM_MOA_04272026.pdf,2026-09-12T21:05:12Z,FLORIDA,Jasper Police Department,JasperPoliceDeptFL_TFM_MOA_04272026.pdf,MOA; revalidated; bytes identical,"""1e5f79f7f3a66d87c536a43ec3c7f771:1780319063.328642""","Mon, 01 Jun 2026 13:04:23 GMT",
agreements/agreements_20260623_025908/FLORIDA/Wauchula_Police_Department/WauchulaPoliceDeptFL_TFM_MOA_05132026.pdf,3da41a50700ce5d5c027c8a56166cedff788e6c20d8feaee913215d45c620b50,https://www.ice.gov/doclib/287gMOA/WauchulaPoliceDeptFL_TFM_MOA_05132026.pdf,2026-09-12T21:05:12Z,FLORIDA,Wauchula Police Department,WauchulaPoliceDeptFL_TFM_MOA_05132026.pdf,MOA; revalidated; bytes identical,"""8517196b1b3548644aeb6698ef1db37b:1780319067.19901""","Mon, 01 Jun 2026 13:04:27 GMT",
agreements/agreements_20260623_025908/GEORGIA/Camden_County_Sheriff's_Office/CamdenCoSheriffsOfficeGA_TFM_MOA_04292026.pdf,abd196b029168940a89320d426b09adb95c45d52be05199ce4fbc5dc371cc215,https://www.ice.gov/doclib/287gMOA/CamdenCoSheriffsOfficeGA_TFM_MOA_04292026.pdf,2026-09-12T21:05:12Z,GEORGIA,Camden County Sheriff's Office,CamdenCoSheriffsOfficeGA_TFM_MOA_04292026.pdf,MOA; revalidated; bytes identical,"""6fd980bb7bbe2d383bb73874a8bb7be7:1780319524.192021""","Mon, 01 Jun 2026 13:12:04 GMT",
agreements/agreements_20260623_025908/ARKANSAS/Harrisburg_Police_Department/HarrisburgPoliceDeptAR_TFM_MOA_04292026.pdf,b74d20440a97bd0094a2845007eaa81dabed75fd680eb38b1d218ed5dcfdb445,https://www.ice.gov/doclib/287gMOA/HarrisburgPoliceDeptAR_TFM_MOA_04292026.pdf,2026-09-12T21:05:13Z,ARKANSAS,Harrisburg Police Department,HarrisburgPoliceDeptAR_TFM_MOA_04292026.pdf,MOA; revalidated; bytes identical,"""fccfafd782706b65aa660e330e079de8:1780319727.562198""","Mon, 01 Jun 2026 13:15:27 GMT",
agreements/agreements_20260623_025908/ARKANSAS/Manila_Police_Department/ManilaPoliceDeptAR_TFM_MOA_05092026.pdf,c1a3c6fdae07d5f4bec49650168ae362720f60af1a308294fdfc85cfc1fc63e7,https://www.ice.gov/doclib/287gMOA/ManilaPoliceDeptAR_TFM_MOA_05092026.pdf,2026-09-12T21:05:13Z,ARKANSAS,Manila Police Department,ManilaPoliceDeptAR_TFM_MOA_05092026.pdf,MOA; revalidated; bytes identical,"""f3323b87b083b26c039e5513e396bddf:1780319727.586465""","Mon, 01 Jun 2026 13:15:27 GMT",
agreements/agreements_20260623_025908/ARKANSAS/Marion_County_Sheriff's_Office_/MarionCoSheriffsOfficeAR_WSO_MOA_05092026.pdf,f5aa4dc3cc2231b67511e0972ead58b07c425d25846bceb4ebb41c96ceca3100,https://www.ice.gov/doclib/287gMOA/MarionCoSheriffsOfficeAR_WSO_MOA_05092026.pdf,2026-09-12T21:05:13Z,ARKANSAS,Marion County Sheriff's Office,MarionCoSheriffsOfficeAR_WSO_MOA_05092026.pdf,MOA; revalidated; bytes identical,"""f482b7a3ae793f616679a8f3a741ac2e:1780319727.957935""","Mon, 01 Jun 2026 13:15:27 GMT",
agreements/agreements_20260623_025908/ARKANSAS/Trumann_Police_Department/TrumannPoliceDeptAR_TFM_MOA_05092026.pdf,ff708b3909e421b9c1a692c1028b6823a84c0642c4564a488bbee96dbcdb065d,https://www.ice.gov/doclib/287gMOA/TrumannPoliceDeptAR_TFM_MOA_05092026.pdf,2026-09-12T21:05:13Z,ARKANSAS,Trumann Police Department,TrumannPoliceDeptAR_TFM_MOA_05092026.pdf,MOA; revalidated; bytes identical,"""8f2aa8e7aace8eb3509e17d5b794209d:1780319747.241876""","Mon, 01 Jun 2026 13:15:47 GMT",
agreements/agreements_20260623_025908/ARKANSAS/Cleburne_County_Sheriff's_Office/CleburneCoSheriffsOfficeAR_TFM_MOA_05212026.pdf,a83b8a2d41c4716b217a8279c994375806c38d7b4af2b70096158ba3e9745541,https://www.ice.gov/doclib/287gMOA/CleburneCoSheriffsOfficeAR_TFM_MOA_05212026.pdf,2026-09-12T21:05:14Z,ARKANSAS,Cleburne County Sheriff's Office,CleburneCoSheriffsOfficeAR_TFM_MOA_05212026.pdf,MOA; revalidated; bytes identical,"""f668c54d01068443d9d6a759f568049f:1780319965.226549""","Mon, 01 Jun 2026 13:19:25 GMT",
agreements/agreements_20260623_025908/ARKANSAS/Cleburne_County_Sheriff's_Office/CleburneCoSheriffsOfficeAR_WSO_MOA_05212026.pdf,d49bd830e49d40367b008b0f1e9439a9124835af0659dd249404d8052d5934b2,https://www.ice.gov/doclib/287gMOA/CleburneCoSheriffsOfficeAR_WSO_MOA_05212026.pdf,2026-09-12T21:05:14Z,ARKANSAS,Cleburne County Sheriff's Office,CleburneCoSheriffsOfficeAR_WSO_MOA_05212026.pdf,MOA; revalidated; bytes identical,"""44075882f42c6f5dd14ec84f41fb1813:1780319948.02128""","Mon, 01 Jun 2026 13:19:08 GMT",
agreements/agreements_20260623_025908/ARKANSAS/Conway_County_Sheriff's_Office/ConwayCoSheriffsOfficeAR_TFM_MOA_05242026.pdf,2a66b9936076e0d58b4312509a95d318a55ef7eef14468a6fbfedf257f214b18,https://www.ice.gov/doclib/287gMOA/ConwayCoSheriffsOfficeAR_TFM_MOA_05242026.pdf,2026-09-12T21:05:14Z,ARKANSAS,Conway County Sheriff's Office,ConwayCoSheriffsOfficeAR_TFM_MOA_05242026.pdf,MOA; revalidated; bytes identical,"""775972c97c7473a1d5adba994a58bf01:1780319947.422275""","Mon, 01 Jun 2026 13:19:07 GMT",
agreements/agreements_20260623_025908/ARKANSAS/Cross_County_Sheriff's_Office/CrossCoSheriffsOfficeAR_WSO_MOA_04292026.pdf,9e74e24a64bb18557503b93ba40f712d450ef2718b8bbf6f6469f6d32b43d4fb,https://www.ice.gov/doclib/287gMOA/CrossCoSheriffsOfficeAR_WSO_MOA_04292026.pdf,2026-09-12T21:05:15Z,ARKANSAS,Cross County Sheriff's Office,CrossCoSheriffsOfficeAR_WSO_MOA_04292026.pdf,MOA; revalidated; bytes identical,"""34400d6da549929f39e1df65b5dcc284:1780319948.675924""","Mon, 01 Jun 2026 13:19:08 GMT",
agreements/agreements_20260623_025908/NORTH_CAROLINA/Kenansville_Police_Department/KenansvillePoliceDeptNC_TFM_MOA_05052026.pdf,dd342d02e96ea4437eca79bde5e274cf76a411d34ddcb5cd7159f6403d8a8b64,https://www.ice.gov/doclib/287gMOA/KenansvillePoliceDeptNC_TFM_MOA_05052026.pdf,2026-09-12T21:05:15Z,NORTH CAROLINA,Kenansville Police Department,KenansvillePoliceDeptNC_TFM_MOA_05052026.pdf,MOA; revalidated; bytes identical,"""59f9182a122079d15ca7228836f771a5:1780926361.742053""","Mon, 08 Jun 2026 13:46:01 GMT",
agreements/agreements_20260623_025908/NEW_HAMPSHIRE_/Milton_Police_Department/MiltonPoliceDeptNH_TFM_MOA_05122026.pdf,23dfbf928e3cac260b9cb6c716b6ee06294a6ad8e942f67d58ccbbccec79a5ed,https://www.ice.gov/doclib/287gMOA/MiltonPoliceDeptNH_TFM_MOA_05122026.pdf,2026-09-12T21:05:15Z,NEW HAMPSHIRE,Milton Police Department,MiltonPoliceDeptNH_TFM_MOA_05122026.pdf,MOA; revalidated; bytes identical,"""d89a0ff3544ca636dc62dece7ced1869:1780926361.42355""","Mon, 08 Jun 2026 13:46:01 GMT",
agreements/agreements_20260623_025908/NEW_HAMPSHIRE/Newton_Police_Department/NewtonPoliceDeptNH_TFM_MOA_05142026.pdf,6e252dd31ae5e8f663b1e20961655f1193abdace323afb76ac1600e8e1b69e6c,https://www.ice.gov/doclib/287gMOA/NewtonPoliceDeptNH_TFM_MOA_05142026.pdf,2026-09-12T21:05:15Z,NEW HAMPSHIRE,Newton Police Department,NewtonPoliceDeptNH_TFM_MOA_05142026.pdf,MOA; revalidated; bytes identical,"""512a6961e67fc4c6abc3fb2dad119893:1780926380.515581""","Mon, 08 Jun 2026 13:46:20 GMT",
agreements/agreements_20260623_025908/NEW_HAMPSHIRE_/Pittsfield_Police_Department/PittsfieldPoliceDeptNH_TFM_MOA_05122026.pdf,b51dcd87eb24b599726cc301da3991779eea05c377530d02f5f1bf6e14d1a0d3,https://www.ice.gov/doclib/287gMOA/PittsfieldPoliceDeptNH_TFM_MOA_05122026.pdf,2026-09-12T21:05:16Z,NEW HAMPSHIRE,Pittsfield Police Department,PittsfieldPoliceDeptNH_TFM_MOA_05122026.pdf,MOA; revalidated; bytes identical,"""e616e5b9fa9e0ba76125c51c534da5d2:1780926362.318746""","Mon, 08 Jun 2026 13:46:02 GMT",
agreements/agreements_20260623_025908/NEBRASKA/Beatrice_Police_Department/BeatricePoliceDeptNE_TFM_MOA_05172026.pdf,1f96659dcb70690f10c7176754dea745dc896d204ea8966ad848ca9a910fb11d,https://www.ice.gov/doclib/287gMOA/BeatricePoliceDeptNE_TFM_MOA_05172026.pdf,2026-09-12T21:05:16Z,NEBRASKA,Beatrice Police Department,BeatricePoliceDeptNE_TFM_MOA_05172026.pdf,MOA; revalidated; bytes identical,"""7f63aa2ee587d242cd391986e7a6f7ff:1780926125.498112""","Mon, 08 Jun 2026 13:42:05 GMT",
agreements/agreements_20260623_025908/NEW_HAMPSHIRE_/Brentwood_Police_Department/BrentwoodPoliceDeptNH_TFM_MOA_05172026.pdf,25b6f695548ad181fe40735183bc45efb1e591aaf876616b9cfac4afe977bc91,https://www.ice.gov/doclib/287gMOA/BrentwoodPoliceDeptNH_TFM_MOA_05172026.pdf,2026-09-12T21:05:16Z,NEW HAMPSHIRE,Brentwood Police Department,BrentwoodPoliceDeptNH_TFM_MOA_05172026.pdf,MOA; revalidated; bytes identical,"""1ed3f8d7ffc08bd8f23ea1795ca775af:1780926130.665614""","Mon, 08 Jun 2026 13:42:10 GMT",
agreements/agreements_20260623_025908/NEW_HAMPSHIRE/Chester_Police_Department/ChesterPoliceDeptNH_TFM_MOA_05012026.pdf,ad3afe176ce0f66c403453881091167ef80feaff45598d8aac8ffe765bf336a9,https://www.ice.gov/doclib/287gMOA/ChesterPoliceDeptNH_TFM_MOA_05012026.pdf,2026-09-12T21:05:16Z,NEW HAMPSHIRE,Chester Police Department,ChesterPoliceDeptNH_TFM_MOA_05012026.pdf,MOA; revalidated; bytes identical,"""96c0357f46ec0cdf86e1ad2e738f06c1:1780926149.823296""","Mon, 08 Jun 2026 13:42:29 GMT",
agreements/agreements_20260623_025908/NEW_HAMPSHIRE/Kingston_Police_Department/KingstonPoliceDeptNH_TFM_MOA_05092026.pdf,cbea7ba48aab25db0eada782e82ac7de967b8c8e0db72e4e6c3bd76f8e997b1b,https://www.ice.gov/doclib/287gMOA/KingstonPoliceDeptNH_TFM_MOA_05092026.pdf,2026-09-12T21:05:17Z,NEW HAMPSHIRE,Kingston Police Department,KingstonPoliceDeptNH_TFM_MOA_05092026.pdf,MOA; revalidated; bytes identical,"""5955fc8ee75792db4082bca343af2534:1780926125.506014""","Mon, 08 Jun 2026 13:42:05 GMT",
agreements/agreements_20260623_025908/ARKANSAS/Lewisville_Police_Department/LewisvillePoliceDeptAR_TFM_MOA_05262026.pdf,82c79e7b16e6994ba79b4c5a77a67daa2cd1b2b15d09a1448d0c40b6997e6d30,https://www.ice.gov/doclib/287gMOA/LewisvillePoliceDeptAR_TFM_MOA_05262026.pdf,2026-09-12T21:05:17Z,ARKANSAS,Lewisville Police Department,LewisvillePoliceDeptAR_TFM_MOA_05262026.pdf,MOA; revalidated; bytes identical,"""afdc2bb7d6f439781c7594d249493910:1780923182.197753""","Mon, 08 Jun 2026 12:53:02 GMT",
agreements/agreements_20260623_025908/ARKANSAS/Ozark_Police_Department/OzarkPoliceDeptAR_TFM_MOA_05262026.pdf,8ae7a1f86f25804c1ab7a69df5a66f6dd7bcff44c9c2020112874065eb8fe972,https://www.ice.gov/doclib/287gMOA/OzarkPoliceDeptAR_TFM_MOA_05262026.pdf,2026-09-12T21:05:17Z,ARKANSAS,Ozark Police Department,OzarkPoliceDeptAR_TFM_MOA_05262026.pdf,MOA; revalidated; bytes identical,"""ae92b203e179c3643bd210576765d71f:1780923184.295528""","Mon, 08 Jun 2026 12:53:04 GMT",
agreements/agreements_20260623_025908/ARKANSAS/Sheridan_Police_Department/SheridanPoliceDeptAR_TFM_MOA_05212026.pdf,0a48a95497b003a52e8cee586e8eec58bdbde87cf3efa912eeed1f7066f6a15d,https://www.ice.gov/doclib/287gMOA/SheridanPoliceDeptAR_TFM_MOA_05212026.pdf,2026-09-12T21:05:17Z,ARKANSAS,Sheridan Police Department,SheridanPoliceDeptAR_TFM_MOA_05212026.pdf,MOA; revalidated; bytes identical,"""3f8ee16bbe9d48a168cc0052578fa7ca:1780923185.421428""","Mon, 08 Jun 2026 12:53:05 GMT",
agreements/agreements_20260623_025908/KENTUCKY/Carroll_County_Sheriff's_Office/CarrollCoSheriffsOfficeKY_TFM_MOA_02232026.pdf,81ccab90c047a25be3bffc737c3826dddd84069edc0574aa4503d19780722d3a,https://www.ice.gov/doclib/287gMOA/CarrollCoSheriffsOfficeKY_TFM_MOA_02232026.pdf,2026-09-12T21:05:18Z,KENTUCKY,Carroll County Sheriff's Office,CarrollCoSheriffsOfficeKY_TFM_MOA_02232026.pdf,MOA; revalidated; bytes identical,"""30ed1a9546470995be590acb59a39503:1780923390.777157""","Mon, 08 Jun 2026 12:56:30 GMT",
agreements/agreements_20260623_025908/KANSAS/Coffey_County_Sheriff's_Office/CoffeyCoSheriffsOfficeKS_WSO_MOA_04272026.pdf,aef22038e06ede73bd7325ce85b9206899fb70914c4b62fd65530d79e2da2bc7,https://www.ice.gov/doclib/287gMOA/CoffeyCoSheriffsOfficeKS_WSO_MOA_04272026.pdf,2026-09-12T21:05:18Z,KANSAS,Coffey County Sheriff's Office,CoffeyCoSheriffsOfficeKS_WSO_MOA_04272026.pdf,MOA; revalidated; bytes identical,"""27e231efd0f846dfa32890486ee6c6b1:1780923393.682573""","Mon, 08 Jun 2026 12:56:33 GMT",
agreements/agreements_20260623_025908/KENTUCKY/Gallatin_County_Sheriff's_Office/GallatinCoSheriffsOfficeKY_TFM_MOA_04272026.pdf,e209cc93d997a035a69837871e74217505eb8c09998f81e68145f027134995b2,https://www.ice.gov/doclib/287gMOA/GallatinCoSheriffsOfficeKY_TFM_MOA_04272026.pdf,2026-09-12T21:05:18Z,KENTUCKY,Gallatin County Sheriff's Office,GallatinCoSheriffsOfficeKY_TFM_MOA_04272026.pdf,MOA; revalidated; bytes identical,"""da22a25d709d3aa3d2f9914449944567:1780923397.945861""","Mon, 08 Jun 2026 12:56:37 GMT",
agreements/agreements_20260623_025908/ARKANSAS/Sherwood_Police_Department/SherwoodPoliceDeptAR_TFM_MOA_03172026.pdf,4d85ed4162428accd07f4734ffcf82bc6cd6491be216803c59041c64024a424d,https://www.ice.gov/doclib/287gMOA/SherwoodPoliceDeptAR_TFM_MOA_03172026.pdf,2026-09-12T21:05:19Z,ARKANSAS,Sherwood Police Department,SherwoodPoliceDeptAR_TFM_MOA_03172026.pdf,MOA; revalidated; bytes identical,"""4e396c79e46da1d271bb1d2bd367635d:1780923632.169567""","Mon, 08 Jun 2026 13:00:32 GMT",
agreements/agreements_20260623_025908/INDIANA/Silver_Lake_Police_Department/SilverLakePoliceDeptIN_TFM_MOA_05212026.pdf,5e464dbe6b52fc3919933981699588797c41e5fde2c9c2db698754f8121e3038,https://www.ice.gov/doclib/287gMOA/SilverLakePoliceDeptIN_TFM_MOA_05212026.pdf,2026-09-12T21:05:19Z,INDIANA,Silver Lake Police Department,SilverLakePoliceDeptIN_TFM_MOA_05212026.pdf,MOA; revalidated; bytes identical,"""f1ef670cafafa42a8c2ed452ff1da672:1780923629.985716""","Mon, 08 Jun 2026 13:00:29 GMT",
agreements/agreements_20260623_025908/LOUISIANA/Gonzales_Police_Department/GonzalesPoliceDeptLA_TFM_MOA_05132026.pdf,da86578db9ca880bb30b9a76cda25e7a920d074cc135b037e3fdd081ad303b0b,https://www.ice.gov/doclib/287gMOA/GonzalesPoliceDeptLA_TFM_MOA_05132026.pdf,2026-09-12T21:05:19Z,LOUISIANA,Gonzales Police Department,GonzalesPoliceDeptLA_TFM_MOA_05132026.pdf,MOA; revalidated; bytes identical,"""d8635f2a6ff24b6656779c9492aee7d6:1780923993.97631""","Mon, 08 Jun 2026 13:06:33 GMT",
agreements/agreements_20260623_025908/KENTUCKY/Oldham_County_Sheriff's_Office/OldhamCoSheriffsOfficeKY_TFM_MOA_05052026.pdf,705b034ef2be82e3ac7a5fc2c5c5ce3dba7bc74ac0701f273284657f2262f8a0,https://www.ice.gov/doclib/287gMOA/OldhamCoSheriffsOfficeKY_TFM_MOA_05052026.pdf,2026-09-12T21:05:20Z,KENTUCKY,Oldham County Sheriff's Office,OldhamCoSheriffsOfficeKY_TFM_MOA_05052026.pdf,MOA; revalidated; bytes identical,"""31a9888d9a8bb8b2b5f90a6f3f166fe3:1780923993.646096""","Mon, 08 Jun 2026 13:06:33 GMT",
agreements/agreements_20260623_025908/KENTUCKY/Williamsburg_Police_Department/WilliamsburgPoliceDeptKY_TFM_MOA_05122026.pdf,4c0c66dea665b045d57e81705b827387a443dca377ef88cebc6ce992ea7061cd,https://www.ice.gov/doclib/287gMOA/WilliamsburgPoliceDeptKY_TFM_MOA_05122026.pdf,2026-09-12T21:05:20Z,KENTUCKY,Williamsburg Police Department,WilliamsburgPoliceDeptKY_TFM_MOA_05122026.pdf,MOA; revalidated; bytes identical,"""f8b579a65f2d2895f4d10d879bfadfbf:1780923993.362409""","Mon, 08 Jun 2026 13:06:33 GMT",
agreements/agreements_20260623_025908/MISSISSIPPI/Mississippi_Department_of_Corrections/DeptOfCorrectionsMS_JEM_MOA_05142026.pdf,70a4a7d2b2aa09cb7bf3d4940d12bcc8874cdd721466df69e9f6e8daf7bf52e0,https://www.ice.gov/doclib/287gMOA/DeptOfCorrectionsMS_JEM_MOA_05142026.pdf,2026-09-12T21:05:20Z,MISSISSIPPI,Mississippi Department of Corrections,DeptOfCorrectionsMS_JEM_MOA_05142026.pdf,MOA; revalidated; bytes identical,"""d3b6a202e5037643290b299f27ec6fa3:1780924377.238793""","Mon, 08 Jun 2026 13:12:57 GMT",
agreements/agreements_20260623_025908/MISSISSIPPI/Kemper_County_Sheriff's_Office/KemperCoSheriffsOfficeMS_TFM_MOA_05122026.pdf,a5bf339b0805376f8477bc295fbf1d749be048ffc9281b8e8a714c3c8d15bdbd,https://www.ice.gov/doclib/287gMOA/KemperCoSheriffsOfficeMS_TFM_MOA_05122026.pdf,2026-09-12T21:05:20Z,MISSISSIPPI,Kemper County Sheriff's Office,KemperCoSheriffsOfficeMS_TFM_MOA_05122026.pdf,MOA; revalidated; bytes identical,"""6401ec3b923ce771fad19fcbd8578abd:1780924377.073066""","Mon, 08 Jun 2026 13:12:57 GMT",
agreements/agreements_20260623_025908/LOUISIANA/Lake_Arthur_Police_Department/LakeArthurPoliceDeptLA_TFM_MOA_05122026.pdf,7cdfdf4cc3a37e051945d9237bca9b8d442ddb48b826247ce840e869d9eecbe0,https://www.ice.gov/doclib/287gMOA/LakeArthurPoliceDeptLA_TFM_MOA_05122026.pdf,2026-09-12T21:05:21Z,LOUISIANA,Lake Arthur Police Department,LakeArthurPoliceDeptLA_TFM_MOA_05122026.pdf,MOA; revalidated; bytes identical,"""37300481dfcac8b0f03ea4201017851e:1780924215.345829""","Mon, 08 Jun 2026 13:10:15 GMT",
agreements/agreements_20260623_025908/LOUISIANA/LaSalle_Parish_Sheriff's_Office/LaSalleParishSheriffsOfficeLA_TFM_MOA_04292026.pdf,beb2ff55883405ac02cdbefe2099bfd5473ace7c319c6b2b09b1d4b472808452,https://www.ice.gov/doclib/287gMOA/LaSalleParishSheriffsOfficeLA_TFM_MOA_04292026.pdf,2026-09-12T21:05:21Z,LOUISIANA,LaSalle Parish Sheriff's Office,LaSalleParishSheriffsOfficeLA_TFM_MOA_04292026.pdf,MOA; revalidated; bytes identical,"""a3be8a6d97e1844e991649d3324492eb:1780924217.977806""","Mon, 08 Jun 2026 13:10:17 GMT",
agreements/agreements_20260623_025908/LOUISIANA/Pointe_Coupee_Parish_Sheriff's_Office/PointeCoupeeParishSheriffsOfficeLA_JEM_MOA_04272026.pdf,54410f0380da3c4d903cf80f6adc982019f6e1b3ba4c596791c2d5d7b537242b,https://www.ice.gov/doclib/287gMOA/PointeCoupeeParishSheriffsOfficeLA_JEM_MOA_04272026.pdf,2026-09-12T21:05:21Z,LOUISIANA,Pointe Coupee Parish Sheriff's Office,PointeCoupeeParishSheriffsOfficeLA_JEM_MOA_04272026.pdf,MOA; revalidated; bytes identical,"""f29524b4202372d19da31b5341440744:1780924221.108361""","Mon, 08 Jun 2026 13:10:21 GMT",
agreements/agreements_20260623_025908/LOUISIANA/Pointe_Coupee_Parish_Sheriff's_Office/PointeCoupeeParishSheriffsOfficeLA_TFM_MOA_04272026.pdf,951a5a398221bfa75c33829673885dd4d8091b6992b07dc626bc563ac8a85c39,https://www.ice.gov/doclib/287gMOA/PointeCoupeeParishSheriffsOfficeLA_TFM_MOA_04272026.pdf,2026-09-12T21:05:22Z,LOUISIANA,Pointe Coupee Parish Sheriff's Office,PointeCoupeeParishSheriffsOfficeLA_TFM_MOA_04272026.pdf,MOA; revalidated; bytes identical,"""5ec59c3bfb3f14b1b0d824268fabafd6:1780924240.463025""","Mon, 08 Jun 2026 13:10:40 GMT",
agreements/agreements_20260623_025908/MISSOURI/Bonne_Terre_Police_Department/BonneTerrePoliceDeptMO_TFM_MOA_05122026.pdf,2ec5a9829a590de8ab2c1185706423491270ec5adf8bf31cc1831a4a45910eff,https://www.ice.gov/doclib/287gMOA/BonneTerrePoliceDeptMO_TFM_MOA_05122026.pdf,2026-09-12T21:05:22Z,MISSOURI,Bonne Terre Police Department,BonneTerrePoliceDeptMO_TFM_MOA_05122026.pdf,MOA; revalidated; bytes identical,"""2ae8568e301fa54895c5f87e3e1e9d1c:1781527774.957079""","Mon, 15 Jun 2026 12:49:34 GMT",
agreements/agreements_20260623_025908/MISSISSIPPI/Scott_County_Sheriff's_Office/ScottCoSheriffsOfficeMS_TFM_MOA_05122026.pdf,7ea602931c2db59f17791f5ea5299b45d9647e76ece6966ddbd896ee1054a208,https://www.ice.gov/doclib/287gMOA/ScottCoSheriffsOfficeMS_TFM_MOA_05122026.pdf,2026-09-12T21:05:22Z,MISSISSIPPI,Scott County Sheriff's Office,ScottCoSheriffsOfficeMS_TFM_MOA_05122026.pdf,MOA; revalidated; bytes identical,"""048324dc4ec2f5ed61f56ebb25eeed91:1780924550.808546""","Mon, 08 Jun 2026 13:15:50 GMT",
agreements/agreements_20260623_025908/MISSISSIPPI/Tishomingo_County_Sheriff's_Department/TishomingoCoSheriffsOfficeMS_TFM_MOA_05092026.pdf,9fabdb209ffb822e6864a4cc8065aaaf0775fd5202d68568e39f405c53c0b7ad,https://www.ice.gov/doclib/287gMOA/TishomingoCoSheriffsOfficeMS_TFM_MOA_05092026.pdf,2026-09-12T21:05:22Z,MISSISSIPPI,Tishomingo County Sheriff's Department,TishomingoCoSheriffsOfficeMS_TFM_MOA_05092026.pdf,MOA; revalidated; bytes identical,"""133b008b7ebed8a52e07e11eed4b0be0:1780924571.796671""","Mon, 08 Jun 2026 13:16:11 GMT",
agreements/agreements_20260623_025908/MISSISSIPPI/Winston_County_Sheriff's_Department/WinstonCoSheriffsOfficeMS_TFM_MOA_05242026.pdf,9a669e021abf129e1c1f2e09205d930f5ca3362921e9b7878fb8367e40df192e,https://www.ice.gov/doclib/287gMOA/WinstonCoSheriffsOfficeMS_TFM_MOA_05242026.pdf,2026-09-12T21:05:23Z,MISSISSIPPI,Winston County Sheriff's Department,WinstonCoSheriffsOfficeMS_TFM_MOA_05242026.pdf,MOA; revalidated; bytes identical,"""32e5d8ab8867373e4c9c7b6380a0a4c3:1780924571.174449""","Mon, 08 Jun 2026 13:16:11 GMT",
agreements/agreements_20260623_025908/MISSISSIPPI/Mississippi_Department_of_Corrections/DeptOfCorrectionsMS_TFM_MOA_05142026.pdf,62a2c841509102ad06d808a5a134fe0f4a26dd5e6f77fe04c13d17ef31b94983,https://www.ice.gov/doclib/287gMOA/DeptOfCorrectionsMS_TFM_MOA_05142026.pdf,2026-09-12T21:05:23Z,MISSISSIPPI,Mississippi Department of Corrections,DeptOfCorrectionsMS_TFM_MOA_05142026.pdf,MOA; revalidated; bytes identical,"""497d6d4d585fdb61a27de2929e5feef8:1780924810.884333""","Mon, 08 Jun 2026 13:20:10 GMT",
agreements/agreements_20260623_025908/MISSISSIPPI/Mississippi_Department_of_Corrections/DeptOfCorrectionsMS_WSO_MOA_05142026.pdf,bdea621d6f73b5bc2ee753480e61c7d5ee9278b69da1802cb5a209fb15da7d19,https://www.ice.gov/doclib/287gMOA/DeptOfCorrectionsMS_WSO_MOA_05142026.pdf,2026-09-12T21:05:23Z,MISSISSIPPI,Mississippi Department of Corrections,DeptOfCorrectionsMS_WSO_MOA_05142026.pdf,MOA; revalidated; bytes identical,"""0957c92dc4a83cb28e0d7f2583b62721:1780924792.764551""","Mon, 08 Jun 2026 13:19:52 GMT",
agreements/agreements_20260623_025908/MISSISSIPPI/Noxubee_County_Sheriff's_Office/NoxubeeCoSheriffsOfficeMS_TFM_MOA_04292026.pdf,2b06f758a0dbb88ff673c630d5c6a8c0f17c150f1db11a189087620cf3cd2b4d,https://www.ice.gov/doclib/287gMOA/NoxubeeCoSheriffsOfficeMS_TFM_MOA_04292026.pdf,2026-09-12T21:05:23Z,MISSISSIPPI,Noxubee County Sheriff's Office,NoxubeeCoSheriffsOfficeMS_TFM_MOA_04292026.pdf,MOA; revalidated; bytes identical,"""3883900209d089464d65580ebe0c6e3a:1780924791.995964""","Mon, 08 Jun 2026 13:19:51 GMT",
agreements/agreements_20260623_025908/MISSISSIPPI/Panola_County_Sheriff's_Office/PanolaCoSheriffsOfficeMS_TFM_MOA_04292026.pdf,5b8ec569f5e59dbc5f2b89e3d9c936f74e73264412db19083475ae755e8ce701,https://www.ice.gov/doclib/287gMOA/PanolaCoSheriffsOfficeMS_TFM_MOA_04292026.pdf,2026-09-12T21:05:24Z,MISSISSIPPI,Panola County Sheriff's Office,PanolaCoSheriffsOfficeMS_TFM_MOA_04292026.pdf,MOA; revalidated; bytes identical,"""2bdddac82ca62106353bbb41609a2c7f:1780924792.429139""","Mon, 08 Jun 2026 13:19:52 GMT",
agreements/agreements_20260623_025908/MISSISSIPPI/Rankin_County_Sheriff's_Department/RankinCoSheriffsDeptMS_JEM_MOA_05212026.pdf,cf02eb87623efa246f8c11d96bb92fd72f06c6674963fda5c839e125b23c3309,https://www.ice.gov/doclib/287gMOA/RankinCoSheriffsDeptMS_JEM_MOA_05212026.pdf,2026-09-12T21:05:24Z,MISSISSIPPI,Rankin County Sheriff's Department,RankinCoSheriffsDeptMS_JEM_MOA_05212026.pdf,MOA; revalidated; bytes identical,"""4c5a1d29f1bb7663e839ddf499cd28ef:1780925084.958306""","Mon, 08 Jun 2026 13:24:44 GMT",
agreements/agreements_20260623_025908/MISSISSIPPI/Rankin_County_Sheriff's_Department/RankinCoSheriffsDeptMS_TFM_MOA_05212026.pdf,ca1a0269880bd21c31577d348b3b83c133e7673865f081fd467dcb13440259ca,https://www.ice.gov/doclib/287gMOA/RankinCoSheriffsDeptMS_TFM_MOA_05212026.pdf,2026-09-12T21:05:24Z,MISSISSIPPI,Rankin County Sheriff's Department,RankinCoSheriffsDeptMS_TFM_MOA_05212026.pdf,MOA; revalidated; bytes identical,"""2cf83881ff4e0398eccb6fa4d972e63a:1780925070.333821""","Mon, 08 Jun 2026 13:24:30 GMT",
agreements/agreements_20260623_025908/MISSOURI/Chaffee_Police_Department/ChaffeePoliceDeptMO_TFM_MOA_05182026.pdf,d2ea8fa95d731f3bb49b6edfe309b6227a1f5d705681ae4dc9742374644a5263,https://www.ice.gov/doclib/287gMOA/ChaffeePoliceDeptMO_TFM_MOA_05182026.pdf,2026-09-12T21:05:24Z,MISSOURI,Chaffee Police Department,ChaffeePoliceDeptMO_TFM_MOA_05182026.pdf,MOA; revalidated; bytes identical,"""69b709c54463748a03ed872ba702b303:1780925403.431263""","Mon, 08 Jun 2026 13:30:03 GMT",
agreements/agreements_20260623_025908/MISSOURI/Crawford_County_Sheriff's_Office/CrawfordCoSheriffsOfficeMO_TFM_MOA_04292026.pdf,14af55eeff520d5ac4904cac3bef09c8529cebf8ac9535fba2912c820800c3f9,https://www.ice.gov/doclib/287gMOA/CrawfordCoSheriffsOfficeMO_TFM_MOA_04292026.pdf,2026-09-12T21:05:25Z,MISSOURI,Crawford County Sheriff's Office,CrawfordCoSheriffsOfficeMO_TFM_MOA_04292026.pdf,MOA; revalidated; bytes identical,"""b1e7bed00a1dc81e05edaf5d1fcc82f0:1780925423.787747""","Mon, 08 Jun 2026 13:30:23 GMT",
agreements/agreements_20260623_025908/MISSOURI/Forsyth_Police_Department/ForsythPoliceDeptMO_TFM_MOA_05212026.pdf,394465c1c83a35dd2cd8256f22953001de3db186a936a81e8c875e9bd1c99345,https://www.ice.gov/doclib/287gMOA/ForsythPoliceDeptMO_TFM_MOA_05212026.pdf,2026-09-12T21:05:25Z,MISSOURI,Forsyth Police Department,ForsythPoliceDeptMO_TFM_MOA_05212026.pdf,MOA; revalidated; bytes identical,"""d156272f1ed1dab10be7623949f72ad8:1780925404.214526""","Mon, 08 Jun 2026 13:30:04 GMT",
agreements/agreements_20260623_025908/MISSOURI/Kennett_Police_Department/KennettPoliceDeptMO_TFM_MOA_05172026.pdf,8e6555f62272b5a07eecfd4528cf61503a0c31f421abccfed4106ac87b29b140,https://www.ice.gov/doclib/287gMOA/KennettPoliceDeptMO_TFM_MOA_05172026.pdf,2026-09-12T21:05:25Z,MISSOURI,Kennett Police Department,KennettPoliceDeptMO_TFM_MOA_05172026.pdf,MOA; revalidated; bytes identical,"""e0124b85bf52e4a522700b4867667603:1780925402.828583""","Mon, 08 Jun 2026 13:30:02 GMT",
agreements/agreements_20260623_025908/MISSOURI/Miller_County_Sheriff's_Office/MillerCoSheriffsOfficeMO_TFM_MOA_05132026.pdf,65f89e3a0caa167370c7f04a0a1fb4aa813556472047a17515a2338bbd452f5e,https://www.ice.gov/doclib/287gMOA/MillerCoSheriffsOfficeMO_TFM_MOA_05132026.pdf,2026-09-12T21:05:26Z,MISSOURI,Miller County Sheriff's Office,MillerCoSheriffsOfficeMO_TFM_MOA_05132026.pdf,MOA; revalidated; bytes identical,"""d19c1694ec2f2e301d359d8fb67b6453:1780925843.202299""","Mon, 08 Jun 2026 13:37:23 GMT",
agreements/agreements_20260623_025908/MISSOURI/Morgan_County_Sheriff's_Office/MorganCoSheriffsOfficeMO_JEM_MOA_05142026.pdf,c842b958c31deee0089d32657cdce2d878cfd8f6f3e0d5ae5401dc1ab9277063,https://www.ice.gov/doclib/287gMOA/MorganCoSheriffsOfficeMO_JEM_MOA_05142026.pdf,2026-09-12T21:05:26Z,MISSOURI,Morgan County Sheriff's Office,MorganCoSheriffsOfficeMO_JEM_MOA_05142026.pdf,MOA; revalidated; bytes identical,"""6554b3dd65167dfe6d88c91f36656811:1780925847.619098""","Mon, 08 Jun 2026 13:37:27 GMT",
agreements/agreements_20260623_025908/MISSOURI_/Taney_County_Sheriff's_Office/TaneyCoSheriffsOfficeMO_TFM_MOA_05262026.pdf,4ccf2581e9948741117f5283d7b7ca71acce0d23644536a565d6bcce9ca614f2,https://www.ice.gov/doclib/287gMOA/TaneyCoSheriffsOfficeMO_TFM_MOA_05262026.pdf,2026-09-12T21:05:26Z,MISSOURI,Taney County Sheriff's Office,TaneyCoSheriffsOfficeMO_TFM_MOA_05262026.pdf,MOA; revalidated; bytes identical,"""267c4f010e1f06045f095f27763b4222:1780925849.387889""","Mon, 08 Jun 2026 13:37:29 GMT",
agreements/agreements_20260623_025908/OKLAHOMA/Atoka_County_Sheriff's_Office/AtokaCoSheriffsOfficeOK_TFM_MOA_04272026.pdf,f967e27301c04db0bfc108fd91cb63743cb803dcac7e703414ec35d575e7df1e,https://www.ice.gov/doclib/287gMOA/AtokaCoSheriffsOfficeOK_TFM_MOA_04272026.pdf,2026-09-12T21:05:26Z,OKLAHOMA,Atoka County Sheriff's Office,AtokaCoSheriffsOfficeOK_TFM_MOA_04272026.pdf,MOA; revalidated; bytes identical,"""47e9f041bab46f35ec554394bc57817c:1781527982.760407""","Mon, 15 Jun 2026 12:53:02 GMT",
agreements/agreements_20260623_025908/TENNESSEE/Jellico_Police_Department/JellicoPoliceDeptTN_TFM_MOA_04302026.pdf,2d8bbea12b32192160f922a2d1b603d087fc2cf5d322b496d221b35dd2180760,https://www.ice.gov/doclib/287gMOA/JellicoPoliceDeptTN_TFM_MOA_04302026.pdf,2026-09-12T21:05:27Z,TENNESSEE,Jellico Police Department,JellicoPoliceDeptTN_TFM_MOA_04302026.pdf,MOA; revalidated; bytes identical,"""2973804f939eaf19ebeb143ebaf42bc8:1781528000.697078""","Mon, 15 Jun 2026 12:53:20 GMT",
agreements/agreements_20260623_025908/PENNSYLVANIA/Mahoning_TWP_Police_Department_-_Montour/MahoningTWP_PoliceDeptPA_TFM_MOA_04152026.pdf,89742eda28f5394ade4ef06f8dfb69f4a3b596c1d619cef18e2af326979c25d3,https://www.ice.gov/doclib/287gMOA/MahoningTWP_PoliceDeptPA_TFM_MOA_04152026.pdf,2026-09-12T21:05:27Z,PENNSYLVANIA,Mahoning TWP Police Department - Montour,MahoningTWP_PoliceDeptPA_TFM_MOA_04152026.pdf,MOA; revalidated; bytes identical,"""ecedfc77baabf51b0561666fdc9ee8fd:1781528001.884409""","Mon, 15 Jun 2026 12:53:21 GMT",
agreements/agreements_20260623_025908/TEXAS/Kinney_County_Constable's_Office/KinneyCoConstableOfficeTX_TFM_MOA_04292026.pdf,351bdee02eec2ccb49dae29670e9fefa4f25a21b5e18f550e3e864b35aff8b7b,https://www.ice.gov/doclib/287gMOA/KinneyCoConstableOfficeTX_TFM_MOA_04292026.pdf,2026-09-12T21:05:27Z,TEXAS,Kinney County Constable's Office,KinneyCoConstableOfficeTX_TFM_MOA_04292026.pdf,MOA; revalidated; bytes identical,"""63fdcf90604854f18ec69f9d45afceb9:1781527651.88979""","Mon, 15 Jun 2026 12:47:31 GMT",
agreements/agreements_20260623_025908/TEXAS/Pantego_Police_Department/PantegoPoliceDeptTX_TFM_MOA_04302026.pdf,b40f7593d1678a0594d1afc6c9bc32376c11219e81cc590b9a65de2a63388e9f,https://www.ice.gov/doclib/287gMOA/PantegoPoliceDeptTX_TFM_MOA_04302026.pdf,2026-09-12T21:05:28Z,TEXAS,Pantego Police Department,PantegoPoliceDeptTX_TFM_MOA_04302026.pdf,MOA; revalidated; bytes identical,"""fa797fe1d798b5934655f82dce15d813:1781527636.292054""","Mon, 15 Jun 2026 12:47:16 GMT",
agreements/agreements_20260623_025908/SOUTH_CAROLINA/Ridge_Spring_Police_Department/RidgeSpringPoliceDeptSC_TFM_MOA_04302026.pdf,6dfb391feb1999970aaa86e2eaa512ed887622d6b8e57663316e7c8c46fc9da7,https://www.ice.gov/doclib/287gMOA/RidgeSpringPoliceDeptSC_TFM_MOA_04302026.pdf,2026-09-12T21:05:28Z,SOUTH CAROLINA,Ridge Spring Police Department,RidgeSpringPoliceDeptSC_TFM_MOA_04302026.pdf,MOA; revalidated; bytes identical,"""6a21c7e9509f622e5df9a15cf392e86b:1781527617.760816""","Mon, 15 Jun 2026 12:46:57 GMT",
agreements/agreements_20260623_025908/LOUISIANA/Pointe_Coupee_Parish_Sheriff's_Office/PointeCoupeeParishSheriffsOfficeLA_WSO_MOA_04292026.pdf,5b0dfa64a076fa56227fe377b9c600e8cfda36cc73e26b5502bef3308c0ff640,https://www.ice.gov/doclib/287gMOA/PointeCoupeeParishSheriffsOfficeLA_WSO_MOA_04292026.pdf,2026-09-12T21:05:28Z,LOUISIANA,Pointe Coupee Parish Sheriff's Office,PointeCoupeeParishSheriffsOfficeLA_WSO_MOA_04292026.pdf,MOA; revalidated; bytes identical,"""443e199b7fbd64d60f17399e46db4bf3:1781527140.046947""","Mon, 15 Jun 2026 12:39:00 GMT",
agreements/agreements_20260623_025908/SOUTH_CAROLINA/Batesburg-Leesville_Police_Department/BatesburgLeesvillePoliceDeptSC_TFM_MOA_04272026.pdf,863bf23295b4fdc8dbc75022a2346d84645d362a0d7bed1989bb0c8203a82b60,https://www.ice.gov/doclib/287gMOA/BatesburgLeesvillePoliceDeptSC_TFM_MOA_04272026.pdf,2026-09-12T21:05:28Z,SOUTH CAROLINA,Batesburg-Leesville Police Department,BatesburgLeesvillePoliceDeptSC_TFM_MOA_04272026.pdf,MOA; revalidated; bytes identical,"""0e9a106104f48503e813acd41ba0552a:1781526751.349198""","Mon, 15 Jun 2026 12:32:31 GMT",
agreements/agreements_20260623_025908/OKLAHOMA/Porum_Police_Department/PorumPoliceDeptOK_TFM_MOA_04272026.pdf,6e58309426137a9919fd6c278e824a89727c010906e392863827dfab1fe25184,https://www.ice.gov/doclib/287gMOA/PorumPoliceDeptOK_TFM_MOA_04272026.pdf,2026-09-12T21:05:29Z,OKLAHOMA,Porum Police Department,PorumPoliceDeptOK_TFM_MOA_04272026.pdf,MOA; revalidated; bytes identical,"""56f9f614c42bab70d27fe4e372e7de7d:1781526773.31238""","Mon, 15 Jun 2026 12:32:53 GMT",
agreements/agreements_20260623_025908/OKLAHOMA/Talala_Police_Department/TalalaPoliceDeptOK_TFM_MOA_04272026.pdf,8027019b112a6ade0d46475a2f509fb322794f3b3bc178f80db3f003f9763a4f,https://www.ice.gov/doclib/287gMOA/TalalaPoliceDeptOK_TFM_MOA_04272026.pdf,2026-09-12T21:05:29Z,OKLAHOMA,Talala Police Department,TalalaPoliceDeptOK_TFM_MOA_04272026.pdf,MOA; revalidated; bytes identical,"""8aa8c70d00ec4468b32f96c7e4c2bd66:1781526751.877121""","Mon, 15 Jun 2026 12:32:31 GMT",
agreements/agreements_20260623_025908/OKLAHOMA/Kiefer_Police_Department/KieferPoliceDeptOK_TFM_MOA_04292026.pdf,da64710908b34a6e2cfa818c8f49ff4fa0982366d71418a5be96afbb17bb472e,https://www.ice.gov/doclib/287gMOA/KieferPoliceDeptOK_TFM_MOA_04292026.pdf,2026-09-12T21:05:29Z,OKLAHOMA,Kiefer Police Department,KieferPoliceDeptOK_TFM_MOA_04292026.pdf,MOA; revalidated; bytes identical,"""9128d50ed6af473e2b67fed4e019e881:1781526305.902081""","Mon, 15 Jun 2026 12:25:05 GMT",
agreements/agreements_20260623_025908/TENNESSEE/Macon_County_Sheriff's_Office/MaconCoSheriffsOfficeTN_TFM_MOA_04292026.pdf,b8bbc76b4a70cb0f7450530bcc2fe85767b99cf41ddad84bd8cb47caeb976e53,https://www.ice.gov/doclib/287gMOA/MaconCoSheriffsOfficeTN_TFM_MOA_04292026.pdf,2026-09-12T21:05:29Z,TENNESSEE,Macon County Sheriff's Office,MaconCoSheriffsOfficeTN_TFM_MOA_04292026.pdf,MOA; revalidated; bytes identical,"""ca86ef37a09274175cdac466bfb03f99:1781526310.016562""","Mon, 15 Jun 2026 12:25:10 GMT",
agreements/agreements_20260623_025908/TEXAS/Granite_Shoals_Police_Department/GraniteShoalsPoliceDeptTX_TFM_MOA_04302026.pdf,f415e95ed5299f59b0ffc8ffd9b228086e77cc51b40b92c89b4d8e37d3f41b27,https://www.ice.gov/doclib/287gMOA/GraniteShoalsPoliceDeptTX_TFM_MOA_04302026.pdf,2026-09-12T21:05:30Z,TEXAS,Granite Shoals Police Department,GraniteShoalsPoliceDeptTX_TFM_MOA_04302026.pdf,MOA; revalidated; bytes identical,"""c3c34541220a59b4efc06736ae8a4d42:1781525879.083762""","Mon, 15 Jun 2026 12:17:59 GMT",
agreements/agreements_20260623_025908/TEXAS/Parker_County_District_Attorney's_Office/ParkerCoDistrictAttorneyOfficeTX_TFM_MOA_04302026.pdf,0fc5c634452a057691f1d07e413bee7f586455b48da1569b6e7a5b7666d1f27d,https://www.ice.gov/doclib/287gMOA/ParkerCoDistrictAttorneyOfficeTX_TFM_MOA_04302026.pdf,2026-09-12T21:05:30Z,TEXAS,Parker County District Attorney's Office,ParkerCoDistrictAttorneyOfficeTX_TFM_MOA_04302026.pdf,MOA; revalidated; bytes identical,"""387d0f2afe8efc4b81e09843c46c627a:1781525878.877621""","Mon, 15 Jun 2026 12:17:58 GMT",
agreements/agreements_20260623_025908/TEXAS/Eastland_County_Sheriff's_Office_/EastlandCoSheriffsOfficeTX_TFM_MOA_05012026.pdf,dc5bf1a58f1b76bd8bc30138a2faaa0a4380bd7b5a3eb1200094c63e60619368,https://www.ice.gov/doclib/287gMOA/EastlandCoSheriffsOfficeTX_TFM_MOA_05012026.pdf,2026-09-12T21:05:30Z,TEXAS,Eastland County Sheriff's Office,EastlandCoSheriffsOfficeTX_TFM_MOA_05012026.pdf,MOA; revalidated; bytes identical,"""748383caa64ed5840c77f3c939c56272:1781525454.109234""","Mon, 15 Jun 2026 12:10:54 GMT",
agreements/agreements_20260623_025908/TENNESSEE/Fentress_County_Sheriff's_Office/FentressCoSheriffsOfficeTN_WSO_MOA_06092026.pdf,393b277a8e811e50a77c8864fb216e79ebe74d2fda14a764a9f8be25d9dcfb2b,https://www.ice.gov/doclib/287gMOA/FentressCoSheriffsOfficeTN_WSO_MOA_06092026.pdf,2026-09-12T21:05:31Z,TENNESSEE,Fentress County Sheriff's Office,FentressCoSheriffsOfficeTN_WSO_MOA_06092026.pdf,MOA; revalidated; bytes identical,"""6c3add24317b9a88cafa5f02450c6627:1781525449.330552""","Mon, 15 Jun 2026 12:10:49 GMT",
agreements/agreements_20260623_025908/TEXAS/Franklin_County_Sheriff's_Office/FranklinCoSheriffsOfficeTX_WSO_MOA_06092026.pdf,3393b566a81bc821f8c6cf287634f85648c7a6adaffb066c40a1019883a451ba,https://www.ice.gov/doclib/287gMOA/FranklinCoSheriffsOfficeTX_WSO_MOA_06092026.pdf,2026-09-12T21:05:31Z,TEXAS,Franklin County Sheriff's Office,FranklinCoSheriffsOfficeTX_WSO_MOA_06092026.pdf,MOA; revalidated; bytes identical,"""d863562fe122d5f043d42558101225b7:1781525432.724025""","Mon, 15 Jun 2026 12:10:32 GMT",
agreements/agreements_20260623_025908/OKLAHOMA/Nowata_Police_Department/NowataPoliceDeptOK_TFM_MOA_04302026.pdf,ee7443ca73490845dd362896bb7e2a72d4df5df701245935893c996201eb5c89,https://www.ice.gov/doclib/287gMOA/NowataPoliceDeptOK_TFM_MOA_04302026.pdf,2026-09-12T21:05:31Z,OKLAHOMA,Nowata Police Department,NowataPoliceDeptOK_TFM_MOA_04302026.pdf,MOA; revalidated; bytes identical,"""001b7fc7470faa4ed2e654fc565ce4f5:1781525449.210997""","Mon, 15 Jun 2026 12:10:49 GMT",
agreements/agreements_20260623_025908/TEXAS/Freestone_County_Sheriff's_Office/FreestoneCoSOTX_WSO_MOA_05282026.pdf,1370d6906625f97be5aee3f3c1f9b82b7e7dc2878bd08452caf1954d654c3c14,https://www.ice.gov/doclib/287gMOA/FreestoneCoSOTX_WSO_MOA_05282026.pdf,2026-09-12T21:05:31Z,TEXAS,Freestone County Sheriff's Office,FreestoneCoSOTX_WSO_MOA_05282026.pdf,MOA; revalidated; bytes identical,"""2ca5a780b89afbd5816122bb6cdc0fac:1781303385.334757""","Fri, 12 Jun 2026 22:29:45 GMT",
agreements/agreements_20260623_025908/TENNESSEE/Hardin_County_Sheriff's_Office/HardinCoSOTN_WSO_MOA_05122026.pdf,b155e52d0ce6081ae434e66ae2006d13fcacde7b16753354ea84d089e32c0c67,https://www.ice.gov/doclib/287gMOA/HardinCoSOTN_WSO_MOA_05122026.pdf,2026-09-12T21:05:32Z,TENNESSEE,Hardin County Sheriff's Office,HardinCoSOTN_WSO_MOA_05122026.pdf,MOA; revalidated; bytes identical,"""bb876d0b01007cacb8f8b0d6bcded9fd:1781303366.513263""","Fri, 12 Jun 2026 22:29:26 GMT",
agreements/agreements_20260623_025908/WYOMING/Hot_Springs_County_Sheriff's_Office/HotSpringsCoSOWY_WSO_MOA_05122026.pdf,a13bf3b46217e047411a9c843a3566ce4d83a096fd52fdf37842087521707a47,https://www.ice.gov/doclib/287gMOA/HotSpringsCoSOWY_WSO_MOA_05122026.pdf,2026-09-12T21:05:32Z,WYOMING,Hot Springs County Sheriff's Office,HotSpringsCoSOWY_WSO_MOA_05122026.pdf,MOA; revalidated; bytes identical,"""8851ea04da78733188bb18653a7ced55:1781303348.385869""","Fri, 12 Jun 2026 22:29:08 GMT",
agreements/agreements_20260623_025908/TENNESSEE/Hamblen_County_Sheriff's_Office/HamblenCoSOTN_WSO_MOA_05092026.pdf,fd1a4b11898d67edc0d665d8106ba14858a3cfa4c42190d332aa3656e759ea59,https://www.ice.gov/doclib/287gMOA/HamblenCoSOTN_WSO_MOA_05092026.pdf,2026-09-12T21:05:32Z,TENNESSEE,Hamblen County Sheriff's Office,HamblenCoSOTN_WSO_MOA_05092026.pdf,MOA; revalidated; bytes identical,"""142ee7e25fdfc8a0643695ba4b5ca6cf:1781303365.393985""","Fri, 12 Jun 2026 22:29:25 GMT",
agreements/agreements_20260623_025908/OKLAHOMA/Minco_Police_Department/MincoPDOK_TFM_MOA_05012026.pdf,ac4c47687bf8bebe429173a132f33eaec27aa4eeb8e027cf498f2ca649777201,https://www.ice.gov/doclib/287gMOA/MincoPDOK_TFM_MOA_05012026.pdf,2026-09-12T21:05:33Z,OKLAHOMA,Minco Police Department,MincoPDOK_TFM_MOA_05012026.pdf,MOA; revalidated; bytes identical,"""c539c5984cf9d5693215d8466f7a4b87:1781303383.518824""","Fri, 12 Jun 2026 22:29:43 GMT",
agreements/agreements_20260623_025908/PENNSYLVANIA/South_Londonderry_Township_Police_Department/SouthLondonderryTownshipPDPA_TFM_MOA_05042026.pdf,834619a17addc28b499359ee965f0e0c7c12215a86c7984512daf4685c04fd8e,https://www.ice.gov/doclib/287gMOA/SouthLondonderryTownshipPDPA_TFM_MOA_05042026.pdf,2026-09-12T21:05:33Z,PENNSYLVANIA,South Londonderry Township Police Department,SouthLondonderryTownshipPDPA_TFM_MOA_05042026.pdf,MOA; revalidated; bytes identical,"""f107465c8dbdefbb5e4321177d176120:1781303366.921449""","Fri, 12 Jun 2026 22:29:26 GMT",
agreements/agreements_20260623_025908/TENNESSEE/Greenbrier_Police_Department/GreenbrierPDTN_TFM_MOA_05042026.pdf,2c51a8e58fd168a496881cbfb17059e86ef8f2a2b4b0b964d985694177af9e5f,https://www.ice.gov/doclib/287gMOA/GreenbrierPDTN_TFM_MOA_05042026.pdf,2026-09-12T21:05:33Z,TENNESSEE,Greenbrier Police Department,GreenbrierPDTN_TFM_MOA_05042026.pdf,MOA; revalidated; bytes identical,"""8bf9c78cd4afd5d47c7c3a0279eea752:1781303422.502361""","Fri, 12 Jun 2026 22:30:22 GMT",
agreements/agreements_20260623_025908/OKLAHOMA/Office_of_The_District_Attorney_-_Eighth_District/OfficeDistrictAttorneyEightDistrictOK_TFM_MOA_05042026.pdf,c480f2b27f338edbda49986de0d49746c0ee53c0c5fbd60b8d3f768e27033127,https://www.ice.gov/doclib/287gMOA/OfficeDistrictAttorneyEightDistrictOK_TFM_MOA_05042026.pdf,2026-09-12T21:05:33Z,OKLAHOMA,Office of The District Attorney - Eighth District,OfficeDistrictAttorneyEightDistrictOK_TFM_MOA_05042026.pdf,MOA; revalidated; bytes identical,"""0681b4cdd2da77623bf9a5f3f228d453:1781303404.071121""","Fri, 12 Jun 2026 22:30:04 GMT",
agreements/agreements_20260623_025908/PENNSYLVANIA/Jackson_Township_Police_Department/JacksonTownshipPDPA_TFM_MOA_05022026.pdf,af6ecc428672df20587c0b158454ef53340f79d4622785fbc38d265bb0dc76df,https://www.ice.gov/doclib/287gMOA/JacksonTownshipPDPA_TFM_MOA_05022026.pdf,2026-09-12T21:05:34Z,PENNSYLVANIA,Jackson Township Police Department,JacksonTownshipPDPA_TFM_MOA_05022026.pdf,MOA; revalidated; bytes identical,"""687211d16add9cdb78fb959a11709b6e:1781303403.619612""","Fri, 12 Jun 2026 22:30:03 GMT",
agreements/agreements_20260623_025908/OKLAHOMA/Johnston_County_Sheriff's_Office/JohnstonCoSOOK_TFM_MOA_5042026.pdf,bbc21efdd5aa07a0893a4b75530c934bc546606f6ec71e816ac1fc4fbcc8e546,https://www.ice.gov/doclib/287gMOA/JohnstonCoSOOK_TFM_MOA_5042026.pdf,2026-09-12T21:05:34Z,OKLAHOMA,Johnston County Sheriff's Office,JohnstonCoSOOK_TFM_MOA_5042026.pdf,MOA; revalidated; bytes identical,"""912b991c42b82aa8bc472200bb2e4b71:1781303384.954898""","Fri, 12 Jun 2026 22:29:44 GMT",
agreements/agreements_20260623_025908/PENNSYLVANIA/Sunbury_City_Police_Department/SunburyCityPD_TFM_MOA_05092026.pdf,ee2ad84d57fbd9b8c9c90ea4f4af853f6b8730971889569f80f4c65c897f96bc,https://www.ice.gov/doclib/287gMOA/SunburyCityPD_TFM_MOA_05092026.pdf,2026-09-12T21:05:34Z,PENNSYLVANIA,Sunbury City Police Department,SunburyCityPD_TFM_MOA_05092026.pdf,MOA; revalidated; bytes identical,"""6574bcdc985bde459acd7548feec35b2:1781303441.235357""","Fri, 12 Jun 2026 22:30:41 GMT",
agreements/agreements_20260623_025908/SOUTH_CAROLINA/Barnwell_Police_Department/BarnwellPDSC_TFM_MOA_05092026.pdf,0c52ae002602e51b27ef8c0eeeb15be93150e5f67e1d29b8c56fa6cf0e7af448,https://www.ice.gov/doclib/287gMOA/BarnwellPDSC_TFM_MOA_05092026.pdf,2026-09-12T21:05:35Z,SOUTH CAROLINA,Barnwell Police Department,BarnwellPDSC_TFM_MOA_05092026.pdf,MOA; revalidated; bytes identical,"""d586a7a4b153320df10eeef3096c55bc:1781303402.413677""","Fri, 12 Jun 2026 22:30:02 GMT",
agreements/agreements_20260623_025908/PENNSYLVANIA/Milton_Borough_Police_Department/MiltonBoroughPDPA_TFM_MOA_05092026.pdf,b1596bae842c2c04b8951cd48eaae6bced172da9b033a78644899c2507bf0cdb,https://www.ice.gov/doclib/287gMOA/MiltonBoroughPDPA_TFM_MOA_05092026.pdf,2026-09-12T21:05:35Z,PENNSYLVANIA,Milton Borough Police Department,MiltonBoroughPDPA_TFM_MOA_05092026.pdf,MOA; revalidated; bytes identical,"""86fcb483f25d49316f5f01ce61b75ca7:1781303425.17522""","Fri, 12 Jun 2026 22:30:25 GMT",
agreements/agreements_20260623_025908/OKLAHOMA/Hughes_County_Sheriff's_Office/HughesCoSOOK_TFM_MOA_05112026.pdf,0132e797ae62dcdbcaeec5c35e25fde34d7a56ea0845f0012966e4b4ef651b7c,https://www.ice.gov/doclib/287gMOA/HughesCoSOOK_TFM_MOA_05112026.pdf,2026-09-12T21:05:35Z,OKLAHOMA,Hughes County Sheriff's Office,HughesCoSOOK_TFM_MOA_05112026.pdf,MOA; revalidated; bytes identical,"""69b134851a63e6e6467c0d49b91bd811:1781303421.466979""","Fri, 12 Jun 2026 22:30:21 GMT",
agreements/agreements_20260623_025908/TEXAS/Ore_City_Police_Department/OreCityPDTX_TFM_MOA_04162026.pdf,a33d2d6935fc9335c623d865fc9077e527eb6934e96d1fe50446407a6ecee2a0,https://www.ice.gov/doclib/287gMOA/OreCityPDTX_TFM_MOA_04162026.pdf,2026-09-12T21:05:35Z,TEXAS,Ore City Police Department,OreCityPDTX_TFM_MOA_04162026.pdf,MOA; revalidated; bytes identical,"""f2939626112f39fdc7a9c5eb9dde5104:1781303448.434502""","Fri, 12 Jun 2026 22:30:48 GMT",
agreements/agreements_20260623_025908/VIRGINIA/Gordonsville_Department_of_Public_Safety/GordonsvilleDPSVA_TFM_MOA_05172026.pdf,81590b52024ec2a2905616b8cb819b5700b00c212289d0ab50bb2a38e001110e,https://www.ice.gov/doclib/287gMOA/GordonsvilleDPSVA_TFM_MOA_05172026.pdf,2026-09-12T21:05:36Z,VIRGINIA,Gordonsville Department of Public Safety,GordonsvilleDPSVA_TFM_MOA_05172026.pdf,MOA; revalidated; bytes identical,"""8f01d9667282e8f9bb653e5022b36b0b:1781303422.464564""","Fri, 12 Jun 2026 22:30:22 GMT",
agreements/agreements_20260623_025908/PENNSYLVANIA/Eastern_Pike_Regional_Police_Department/EasternPikeRegionalPDPA_TFM_MOA_05122026.pdf,ec7a0adcd8638efabdbba97578f9622e5663dff112f601f0b33e40c151fa3ef3,https://www.ice.gov/doclib/287gMOA/EasternPikeRegionalPDPA_TFM_MOA_05122026.pdf,2026-09-12T21:05:36Z,PENNSYLVANIA,Eastern Pike Regional Police Department,EasternPikeRegionalPDPA_TFM_MOA_05122026.pdf,MOA; revalidated; bytes identical,"""f5f4c623b5e188653eb97e6ee48b4912:1781303459.684099""","Fri, 12 Jun 2026 22:30:59 GMT",
agreements/agreements_20260623_025908/OKLAHOMA/Caney_Police_Department/CaneyPDOK_TFM_MOA_05122026.pdf,382493f86e128dcd7fabfc54be895557db95f918cabf37040cafaa9724e9bf7a,https://www.ice.gov/doclib/287gMOA/CaneyPDOK_TFM_MOA_05122026.pdf,2026-09-12T21:05:36Z,OKLAHOMA,Caney Police Department,CaneyPDOK_TFM_MOA_05122026.pdf,MOA; revalidated; bytes identical,"""f65acb33b65f2bfc5c9005a87c832a2f:1781303440.576017""","Fri, 12 Jun 2026 22:30:40 GMT",
agreements/agreements_20260623_025908/PENNSYLVANIA/South_Centre_Township_Police_Department/SouthCentreTownshipPDPA_TFM_MOA_05132026.pdf,900dcebf3099b14b371c94d0580688f8791356e2466962f525c2cbbe364f62a8,https://www.ice.gov/doclib/287gMOA/SouthCentreTownshipPDPA_TFM_MOA_05132026.pdf,2026-09-12T21:05:37Z,PENNSYLVANIA,South Centre Township Police Department,SouthCentreTownshipPDPA_TFM_MOA_05132026.pdf,MOA; revalidated; bytes identical,"""a6002d9553e8d1ecc5c97368b0e47e33:1781303496.817681""","Fri, 12 Jun 2026 22:31:36 GMT",
agreements/agreements_20260623_025908/OKLAHOMA/Stigler_Police_Department/StiglerPDOK_TFM_MOA_05122026.pdf,07cebe18c91518a03dee8d361289ae1cbd4a370194b88043ebe76539f196b9ac,https://www.ice.gov/doclib/287gMOA/StiglerPDOK_TFM_MOA_05122026.pdf,2026-09-12T21:05:37Z,OKLAHOMA,Stigler Police Department,StiglerPDOK_TFM_MOA_05122026.pdf,MOA; revalidated; bytes identical,"""4b031d727782dc2249c8da3c31996571:1781303496.566825""","Fri, 12 Jun 2026 22:31:36 GMT",
agreements/agreements_20260623_025908/PENNSYLVANIA/McAdoo_Borough_Police_Department/McAdooBoroughPDPA_TFM_MOA_05132026.pdf,83287c23c9738d447bc25f627eae8a4fbb58885d4d034fde67339d51282f0d18,https://www.ice.gov/doclib/287gMOA/McAdooBoroughPDPA_TFM_MOA_05132026.pdf,2026-09-12T21:05:37Z,PENNSYLVANIA,McAdoo Borough Police Department,McAdooBoroughPDPA_TFM_MOA_05132026.pdf,MOA; revalidated; bytes identical,"""9cd407fb00a148fe709a3a8d0e0efbbb:1781303477.577746""","Fri, 12 Jun 2026 22:31:17 GMT",
agreements/agreements_20260623_025908/PENNSYLVANIA/West_Mahanoy_Township_Police_Department/WestMahanoyTownshipPDPA_TFM_MOA_05132026.pdf,2e55327b6f47b96a783c922e4fc216f868eec683d0ad5d4f4cca49faaba31796,https://www.ice.gov/doclib/287gMOA/WestMahanoyTownshipPDPA_TFM_MOA_05132026.pdf,2026-09-12T21:05:37Z,PENNSYLVANIA,West Mahanoy Township Police Department,WestMahanoyTownshipPDPA_TFM_MOA_05132026.pdf,MOA; revalidated; bytes identical,"""9e8de7ddcb1cda81095d35ef90520a65:1781303459.844255""","Fri, 12 Jun 2026 22:30:59 GMT",
agreements/agreements_20260623_025908/TEXAS/Lindsay_Police_Department/LindsayPDTX_TFM_MOA_05142026.pdf,8ebd651f69747cee317847bff758a4d49b30533321b4847449a6ddf91898e06a,https://www.ice.gov/doclib/287gMOA/LindsayPDTX_TFM_MOA_05142026.pdf,2026-09-12T21:05:38Z,TEXAS,Lindsay Police Department,LindsayPDTX_TFM_MOA_05142026.pdf,MOA; revalidated; bytes identical,"""df9347905b779074bd75a49e7cd0ae05:1781303491.618397""","Fri, 12 Jun 2026 22:31:31 GMT",
agreements/agreements_20260623_025908/PENNSYLVANIA/Minersville_Borough_Police_Department/MinersvilleBoroughPDPA_TFM_MOA_05172026.pdf,fffa4fec43f008e9113154ee71e34285ff1e8b4cc7329c840df14668456ba1a8,https://www.ice.gov/doclib/287gMOA/MinersvilleBoroughPDPA_TFM_MOA_05172026.pdf,2026-09-12T21:05:38Z,PENNSYLVANIA,Minersville Borough Police Department,MinersvilleBoroughPDPA_TFM_MOA_05172026.pdf,MOA; revalidated; bytes identical,"""3f83681ce44a68ec1b6b935b15167e9f:1781303467.617921""","Fri, 12 Jun 2026 22:31:07 GMT",
agreements/agreements_20260623_025908/TEXAS/Freestone_County_Sheriff's_Office/FreestoneCoSOTX_TFM_MOA_05172026.pdf,d27818ac0b2b1fe0cc677db6259b6c060c814d4dba849d361a345de043469f2c,https://www.ice.gov/doclib/287gMOA/FreestoneCoSOTX_TFM_MOA_05172026.pdf,2026-09-12T21:05:38Z,TEXAS,Freestone County Sheriff's Office,FreestoneCoSOTX_TFM_MOA_05172026.pdf,MOA; revalidated; bytes identical,"""f9a83b17300ebdfaaecad06e935a50fb:1781303478.390486""","Fri, 12 Jun 2026 22:31:18 GMT",
agreements/agreements_20260623_025908/TEXAS/Maverick_County_Sheriff's_Office/MaverickCoSOTX_JEM_MOA_05132026.pdf,9c14cfe1c47d4610d651a162ef21d99eeffe87a895c3dd036968fd59dd1785e4,https://www.ice.gov/doclib/287gMOA/MaverickCoSOTX_JEM_MOA_05132026.pdf,2026-09-12T21:05:39Z,TEXAS,Maverick County Sheriff's Office,MaverickCoSOTX_JEM_MOA_05132026.pdf,MOA; revalidated; bytes identical,"""e4fc09cebf127bdec7ebc178ec4d767f:1781303497.107369""","Fri, 12 Jun 2026 22:31:37 GMT",
agreements/agreements_20260623_025908/PENNSYLVANIA/Catawissa_Borough_Police_Department/CatawissaBoroughPDPA_TFM_MOA_05142026.pdf,b6d3b9cae2fd8fe9505bb6097b060867a6fad755303ead24d86dcf537c5bed02,https://www.ice.gov/doclib/287gMOA/CatawissaBoroughPDPA_TFM_MOA_05142026.pdf,2026-09-12T21:05:39Z,PENNSYLVANIA,Catawissa Borough Police Department,CatawissaBoroughPDPA_TFM_MOA_05142026.pdf,MOA; revalidated; bytes identical,"""15098765c3351064ddc331088121fb04:1781303496.795975""","Fri, 12 Jun 2026 22:31:36 GMT",
agreements/agreements_20260623_025908/PENNSYLVANIA/Rochester_Borough_Police_Department/RochesterBoroughPDPA_TFM_MOA_05142026.pdf,f23f1c626476ecc1cbece384167b95ffde375726e714403c2cd903f82450a443,https://www.ice.gov/doclib/287gMOA/RochesterBoroughPDPA_TFM_MOA_05142026.pdf,2026-09-12T21:05:39Z,PENNSYLVANIA,Rochester Borough Police Department,RochesterBoroughPDPA_TFM_MOA_05142026.pdf,MOA; revalidated; bytes identical,"""d462dc8592b617ad384668506c03deed:1781303510.809226""","Fri, 12 Jun 2026 22:31:50 GMT",
agreements/agreements_20260623_025908/PENNSYLVANIA/Pottsville_City_Police_Department/PottsvilleCityPDPA_TFM_MOA_05142026.pdf,264a07ecd510e759ca9caa239202b322c82738d6c0ec07756ad5b33c298331ec,https://www.ice.gov/doclib/287gMOA/PottsvilleCityPDPA_TFM_MOA_05142026.pdf,2026-09-12T21:05:40Z,PENNSYLVANIA,Pottsville City Police Department,PottsvilleCityPDPA_TFM_MOA_05142026.pdf,MOA; revalidated; bytes identical,"""b281b28c3072281593a911294acdb2e4:1781303516.050284""","Fri, 12 Jun 2026 22:31:56 GMT",
agreements/agreements_20260623_025908/OKLAHOMA/Disney_Police_Department/DisneyPDOK_TFM_MOA_05142026.pdf,cd71f1f74bca83f89fb51965d9df9b43016a6d1170caf11501678f8afd0e05df,https://www.ice.gov/doclib/287gMOA/DisneyPDOK_TFM_MOA_05142026.pdf,2026-09-12T21:05:40Z,OKLAHOMA,Disney Police Department,DisneyPDOK_TFM_MOA_05142026.pdf,MOA; revalidated; bytes identical,"""8f9d3617d988cacc7df3fa5f50f33b73:1781300002.560196""","Fri, 12 Jun 2026 21:33:22 GMT",
agreements/agreements_20260623_025908/PENNSYLVANIA/Danville_Borough_Police_Department/DanvilleBoroughPDPA_TFM_MOA_05132026.pdf,136cef6d35353be2de9cad8c0d65ea803c430f0397b10032b28109ecb4c2070b,https://www.ice.gov/doclib/287gMOA/DanvilleBoroughPDPA_TFM_MOA_05132026.pdf,2026-09-12T21:05:40Z,PENNSYLVANIA,Danville Borough Police Department,DanvilleBoroughPDPA_TFM_MOA_05132026.pdf,MOA; revalidated; bytes identical,"""12a4f2a591f99a2b4b8dae55b21458f0:1781299984.247123""","Fri, 12 Jun 2026 21:33:04 GMT",
agreements/agreements_20260623_025908/TEXAS/Maverick_County_Sheriff's_Office/MaverickCoSOTX_TFM_MOA_05132026.pdf,073f6e07c8a2b48a604aa57ded6e6ffb7aebc0a4f69a5f4ec88bd39b88c703d7,https://www.ice.gov/doclib/287gMOA/MaverickCoSOTX_TFM_MOA_05132026.pdf,2026-09-12T21:05:41Z,TEXAS,Maverick County Sheriff's Office,MaverickCoSOTX_TFM_MOA_05132026.pdf,MOA; revalidated; bytes identical,"""6a125b167d538469a6f6dabb94204314:1781299983.856228""","Fri, 12 Jun 2026 21:33:03 GMT",
agreements/agreements_20260623_025908/TEXAS/Archer_City_Police_Department/ArcherCityPoliceDeptTX_TFM_MOA_06072026.pdf,ac6cfffee45c7dead9bcd2df040865327890cf7164032c4a28efec5156c3ce20,https://www.ice.gov/doclib/287gMOA/ArcherCityPoliceDeptTX_TFM_MOA_06072026.pdf,2026-09-12T21:05:41Z,TEXAS,Archer City Police Department,ArcherCityPoliceDeptTX_TFM_MOA_06072026.pdf,MOA; revalidated; bytes identical,"""51986be593384ad6f117d095baabf174:1781724181.115222""","Wed, 17 Jun 2026 19:23:01 GMT",
agreements/agreements_20260623_025908/TEXAS/Florence_Police_Department/FlorencePoliceDeptTX_TFM_MOA_06072026.pdf,2ac28c93359ea084f968fd4f0c128f3556a641e87162b86e09038a1420bc972c,https://www.ice.gov/doclib/287gMOA/FlorencePoliceDeptTX_TFM_MOA_06072026.pdf,2026-09-12T21:05:41Z,TEXAS,Florence Police Department,FlorencePoliceDeptTX_TFM_MOA_06072026.pdf,MOA; revalidated; bytes identical,"""faa1c5a569e39257b792add168891778:1781724183.000393""","Wed, 17 Jun 2026 19:23:03 GMT",
agreements/agreements_20260623_025908/TEXAS/Vernon_Police_Department/VernonPoliceDeptTX_TFM_MOA_06092026.pdf,4f60bcdc530672a7f8466f2734af3c54d0c2a79986726d5c6b457fb5aacc1b61,https://www.ice.gov/doclib/287gMOA/VernonPoliceDeptTX_TFM_MOA_06092026.pdf,2026-09-12T21:05:42Z,TEXAS,Vernon Police Department,VernonPoliceDeptTX_TFM_MOA_06092026.pdf,MOA; revalidated; bytes identical,"""b809989f1990bf3614f403644a4bf094:1781724182.179158""","Wed, 17 Jun 2026 19:23:02 GMT",
agreements/agreements_20260623_025908/PENNSYLVANIA/Briar_Creek_Township_Police_Department/BriarCreekTownshipPDPA_TFM_MOA_05212026.pdf,4ef34fab367c8b0625dfec7e948324ade3765d8d83c96b329be85e59bb139b01,https://www.ice.gov/doclib/287gMOA/BriarCreekTownshipPDPA_TFM_MOA_05212026.pdf,2026-09-12T21:05:42Z,PENNSYLVANIA,Briar Creek Township Police Department,BriarCreekTownshipPDPA_TFM_MOA_05212026.pdf,MOA; revalidated; bytes identical,"""5d5d50265f06c0c8a4b8fad64a3614db:1781733566.767043""","Wed, 17 Jun 2026 21:59:26 GMT",
agreements/agreements_20260623_025908/PENNSYLVANIA/Riverside_Borough_Police_Department/RiversideBoroughPDPA_TFM_MOA_05182026.pdf,f6b2d9ea735ba9d1524e4893c747cffa352927fb7b934714ee4cff657ca2e33c,https://www.ice.gov/doclib/287gMOA/RiversideBoroughPDPA_TFM_MOA_05182026.pdf,2026-09-12T21:05:42Z,PENNSYLVANIA,Riverside Borough Police Department,RiversideBoroughPDPA_TFM_MOA_05182026.pdf,MOA; revalidated; bytes identical,"""f746d3f63e905fd75e5e2ccd3b0089bc:1781733548.721276""","Wed, 17 Jun 2026 21:59:08 GMT",
agreements/agreements_20260626_025229/ARKANSAS/Harrison_Police_Department/HarrisonPDAR_TFM_MOA_05312026.pdf,c714b385afb5495ae626dcc5a27f5bd727d7e89b168fc07e9c2a08469a39b143,https://www.ice.gov/doclib/287gMOA/HarrisonPDAR_TFM_MOA_05312026.pdf,2026-09-12T21:05:42Z,ARKANSAS,Harrison Police Department,HarrisonPDAR_TFM_MOA_05312026.pdf,MOA; revalidated; bytes identical,"""2489ccc95fd51aef5aafaa102d9925c9:1782158138.618189""","Mon, 22 Jun 2026 19:55:38 GMT",
agreements/agreements_20260626_025229/GEORGIA/Cleveland_Police_Department/ClevelandPDGA_TFM_MOA_05312026.pdf,841b8c632e0ddd050092c913d20fd5b3a259415ec8f2376990809221f130278e,https://www.ice.gov/doclib/287gMOA/ClevelandPDGA_TFM_MOA_05312026.pdf,2026-09-12T21:05:43Z,GEORGIA,Cleveland Police Department,ClevelandPDGA_TFM_MOA_05312026.pdf,MOA; revalidated; bytes identical,"""8ad18d7a9a4e8835a8846e8e1c7e6414:1782158141.696962""","Mon, 22 Jun 2026 19:55:41 GMT",
agreements/agreements_20260626_025229/OKLAHOMA/Rogers_County_Sheriff's_Office/RogersCoSOOK_TFM_MOA_05312026.pdf,81f17a9d930f912de0d1f8fbd7d12a6cd87caf9eab1da04cfe59cb91bf1b2944,https://www.ice.gov/doclib/287gMOA/RogersCoSOOK_TFM_MOA_05312026.pdf,2026-09-12T21:05:43Z,OKLAHOMA,Rogers County Sheriff's Office,RogersCoSOOK_TFM_MOA_05312026.pdf,MOA; revalidated; bytes identical,"""7a484e5fc9968678f84dd927ee476a5d:1782158156.117373""","Mon, 22 Jun 2026 19:55:56 GMT",
agreements/agreements_20260626_025229/ARKANSAS/Taylor_Police_Department/TaylorPDAR_TFM_MOA_05312026.pdf,3ecfc746054e317aa6db241f6f63e11269db7519d82ffacbd673f5442911ed1e,https://www.ice.gov/doclib/287gMOA/TaylorPDAR_TFM_MOA_05312026.pdf,2026-09-12T21:05:43Z,ARKANSAS,Taylor Police Department,TaylorPDAR_TFM_MOA_05312026.pdf,MOA; revalidated; bytes identical,"""4c97ff7216fee38c2236e6f7e117b0e2:1782158123.3106""","Mon, 22 Jun 2026 19:55:23 GMT",
agreements/agreements_20260626_025229/LOUISIANA/Calcasieu_Parish_Sheriff's_Office/CalcasieuParishSheriffsOfficeLA_JEM_MOA_06072026.pdf,abd87e0ae7cceac125b3a3b8fe50a0a6c433d325b2582b0db138c3bbdde90624,https://www.ice.gov/doclib/287gMOA/CalcasieuParishSheriffsOfficeLA_JEM_MOA_06072026.pdf,2026-09-12T21:05:44Z,LOUISIANA,Calcasieu Parish Sheriff's Office,CalcasieuParishSheriffsOfficeLA_JEM_MOA_06072026.pdf,MOA; revalidated; bytes identical,"""f411adb9b39e07e90a94155c69820343:1782134586.712727""","Mon, 22 Jun 2026 13:23:06 GMT",
agreements/agreements_20260626_025229/TEXAS/Hardin_County_Sheriff's_Office/HardinCoSheriffsOfficeTX_JEM_MOA_06022026.pdf,94265c0b9e5a5d1cc678e88be453a03bc462aab14e91df63d894765fad2f6b8e,https://www.ice.gov/doclib/287gMOA/HardinCoSheriffsOfficeTX_JEM_MOA_06022026.pdf,2026-09-12T21:05:44Z,TEXAS,Hardin County Sheriff's Office,HardinCoSheriffsOfficeTX_JEM_MOA_06022026.pdf,MOA; revalidated; bytes identical,"""18d426f497203c6a000b5bba039b25b7:1782134588.511052""","Mon, 22 Jun 2026 13:23:08 GMT",
agreements/agreements_20260626_025229/FLORIDA/Polk_County_Sheriff's_Office/PolkCoSheriffsOfficeFL_JEM_MOA_06092026.pdf,22f2ca9235a6b04d58c2a5e95f9de1ee53dd9010d6a155a2c9614dc6549591c7,https://www.ice.gov/doclib/287gMOA/PolkCoSheriffsOfficeFL_JEM_MOA_06092026.pdf,2026-09-12T21:05:44Z,FLORIDA,Polk County Sheriff's Office,PolkCoSheriffsOfficeFL_JEM_MOA_06092026.pdf,MOA; revalidated; bytes identical,"""959edf70db1b420e3f8f2a5664e6ac70:1782134591.755341""","Mon, 22 Jun 2026 13:23:11 GMT",
agreements/agreements_20260626_025229/OKLAHOMA/Weatherford_Police_Department/WeatherfordPoliceDeptOK_JEM_MOA_06092026.pdf,31238e89e44c5946a7d98b1ecb819e1bf1a6cd4568e92b965018c15b67ce4c1d,https://www.ice.gov/doclib/287gMOA/WeatherfordPoliceDeptOK_JEM_MOA_06092026.pdf,2026-09-12T21:05:44Z,OKLAHOMA,Weatherford Police Department,WeatherfordPoliceDeptOK_JEM_MOA_06092026.pdf,MOA; revalidated; bytes identical,"""b5d9059e8ccc09813077bc6b70d718db:1782134568.77201""","Mon, 22 Jun 2026 13:22:48 GMT",
agreements/agreements_20260626_025229/TEXAS/Electra_Police_Department/ElectraPoliceDeptTX_TFM_MOA_05212026.pdf,89634ceb4ef15f2ea876577e27089482b9a8057ba678f61a8ac899ef02521e29,https://www.ice.gov/doclib/287gMOA/ElectraPoliceDeptTX_TFM_MOA_05212026.pdf,2026-09-12T21:05:45Z,TEXAS,Electra Police Department,ElectraPoliceDeptTX_TFM_MOA_05212026.pdf,MOA; revalidated; bytes identical,"""f154bcb3ab68cab3b51060594d732ce3:1782134782.128066""","Mon, 22 Jun 2026 13:26:22 GMT",
agreements/agreements_20260626_025229/TEXAS/Poteet_Police_Department/PoteetPoliceDeptTX_TFM_MOA_05212026.pdf,fd73e9b62ecb6c075c9f3107462dcc7e42e020ca3cc3d5024794cffe2fb038fc,https://www.ice.gov/doclib/287gMOA/PoteetPoliceDeptTX_TFM_MOA_05212026.pdf,2026-09-12T21:05:45Z,TEXAS,Poteet Police Department,PoteetPoliceDeptTX_TFM_MOA_05212026.pdf,MOA; revalidated; bytes identical,"""864e6b4bae24c537ad15d164f0299c85:1782134800.64043""","Mon, 22 Jun 2026 13:26:40 GMT",
agreements/agreements_20260626_025229/PENNSYLVANIA/Scott_Township_Police_Department/ScottTownshipPoliceDeptPA_TFM_MOA_05212026.pdf,2f246bea702929ecba461fe0a5757e61e0e1127e468a0f3a50ac5237098c59e4,https://www.ice.gov/doclib/287gMOA/ScottTownshipPoliceDeptPA_TFM_MOA_05212026.pdf,2026-09-12T21:05:45Z,PENNSYLVANIA,Scott Township Police Department,ScottTownshipPoliceDeptPA_TFM_MOA_05212026.pdf,MOA; revalidated; bytes identical,"""fae94be73a87a3014f359f40b5273f44:1782134801.454751""","Mon, 22 Jun 2026 13:26:41 GMT",
agreements/agreements_20260626_025229/PENNSYLVANIA/Mount_Carmel_Borough_Police_Department/MountCarmelBoroughPoliceDeptPA_TFM_MOA_05242026.pdf,c9b0ff86832fa54f4ad0c98fa9d9b621fcfa998ea6f3728ef7762724809cca58,https://www.ice.gov/doclib/287gMOA/MountCarmelBoroughPoliceDeptPA_TFM_MOA_05242026.pdf,2026-09-12T21:05:45Z,PENNSYLVANIA,Mount Carmel Borough Police Department,MountCarmelBoroughPoliceDeptPA_TFM_MOA_05242026.pdf,MOA; revalidated; bytes identical,"""a0a642699433911b20067fceccb9364c:1782135027.909709""","Mon, 22 Jun 2026 13:30:27 GMT",
agreements/agreements_20260626_025229/INDIANA/Cloverdale_Police_Department/CloverdalePoliceDeptIN_TFM_MOA_06122026.pdf,8fe17f627be8df84fdc666c4b148167d19708abdbd9489a8629759dab9301899,https://www.ice.gov/doclib/287gMOA/CloverdalePoliceDeptIN_TFM_MOA_06122026.pdf,2026-09-12T21:05:46Z,INDIANA,Cloverdale Police Department,CloverdalePoliceDeptIN_TFM_MOA_06122026.pdf,MOA; revalidated; bytes identical,"""11ae59e5dd66b92a1e0a508eee0099e8:1782135297.56902""","Mon, 22 Jun 2026 13:34:57 GMT",
agreements/agreements_20260626_025229/TEXAS/Gaines_County_Sheriff's_Office/GainesCoSheriffsOfficeTX_TFM_MOA_05172026.pdf,7d50c77b7a83ce8013123ac1d31ddea5f62397b40272476eeb7d9495d3cbb16c,https://www.ice.gov/doclib/287gMOA/GainesCoSheriffsOfficeTX_TFM_MOA_05172026.pdf,2026-09-12T21:05:46Z,TEXAS,Gaines County Sheriff's Office,GainesCoSheriffsOfficeTX_TFM_MOA_05172026.pdf,MOA; revalidated; bytes identical,"""4aec847296c4da1a9e76f09d1e23583d:1782135278.954436""","Mon, 22 Jun 2026 13:34:38 GMT",
agreements/agreements_20260626_025229/PENNSYLVANIA/Hemlock_Township_Police_Department/HemlockTownshipPoliceDeptPA_TFM_MOA_05172026.pdf,8625dc5e9a3f0fe6a189ead82ba2a89c1ab01c27e6554fa1f89aa2bfbd89c5aa,https://www.ice.gov/doclib/287gMOA/HemlockTownshipPoliceDeptPA_TFM_MOA_05172026.pdf,2026-09-12T21:05:46Z,PENNSYLVANIA,Hemlock Township Police Department,HemlockTownshipPoliceDeptPA_TFM_MOA_05172026.pdf,MOA; revalidated; bytes identical,"""db18d7f4e3e739822265524650d99651:1782135274.990432""","Mon, 22 Jun 2026 13:34:34 GMT",
agreements/agreements_20260626_025229/TEXAS/Sandy_Oaks_City_Police_Department/SandyOaksCityPoliceDeptTX_TFM_MOA_05182026.pdf,d2d83dfc5ccf37b3a0f8b9af46aa9e1aaf5831b056c5f4a80f98b06a9eaa9e34,https://www.ice.gov/doclib/287gMOA/SandyOaksCityPoliceDeptTX_TFM_MOA_05182026.pdf,2026-09-12T21:05:47Z,TEXAS,Sandy Oaks City Police Department,SandyOaksCityPoliceDeptTX_TFM_MOA_05182026.pdf,MOA; revalidated; bytes identical,"""da3d0dacb339f4745869226b21b274ec:1782135280.443224""","Mon, 22 Jun 2026 13:34:40 GMT",
agreements/agreements_20260626_025229/GEORGIA/Brooks_County_Sheriff's_Department/BrooksCoSheriffsDeptGA_JEM_MOA_06032026.pdf,b94911efa30ba5047ace9453f9e830192e207d76be64e31573da286193a068b0,https://www.ice.gov/doclib/287gMOA/BrooksCoSheriffsDeptGA_JEM_MOA_06032026.pdf,2026-09-12T21:05:47Z,GEORGIA,Brooks County Sheriff's Department,BrooksCoSheriffsDeptGA_JEM_MOA_06032026.pdf,MOA; revalidated; bytes identical,"""fb79cd485c00c1afe85cccff9038b3c0:1782135504.306536""","Mon, 22 Jun 2026 13:38:24 GMT",
agreements/agreements_20260626_025229/TEXAS/Early_Police_Department/EarlyPoliceDeptTX_TFM_MOA_05212026.pdf,a846deb8a3a6fd02507f2148ead60a14e2d653ed44aafd44893f312619cb4af1,https://www.ice.gov/doclib/287gMOA/EarlyPoliceDeptTX_TFM_MOA_05212026.pdf,2026-09-12T21:05:47Z,TEXAS,Early Police Department,EarlyPoliceDeptTX_TFM_MOA_05212026.pdf,MOA; revalidated; bytes identical,"""e93aabe20836ce32a0067363a44d1a89:1782135507.766352""","Mon, 22 Jun 2026 13:38:27 GMT",
agreements/agreements_20260626_025229/TEXAS/Sabinal_Police_Department/SabinalPoliceDeptTX_TFM_MOA_05212026.pdf,4fd12c1ae98795dcc7c1bf33b24019f6254517e4026fbcd638a531b649f20431,https://www.ice.gov/doclib/287gMOA/SabinalPoliceDeptTX_TFM_MOA_05212026.pdf,2026-09-12T21:05:47Z,TEXAS,Sabinal Police Department,SabinalPoliceDeptTX_TFM_MOA_05212026.pdf,MOA; revalidated; bytes identical,"""14bf1b7512fc1f23e23c917b9fe021e6:1782135526.449782""","Mon, 22 Jun 2026 13:38:46 GMT",
agreements/agreements_20260626_025229/TENNESSEE/Sullivan_County_Constable_District_1/SullivanCoConstableDistrict1_TN_TFM_MOA_05212026.pdf,aa84526e91cf5a9ca8e764da6d61551a20c37152b34bd4e183ad253d25bf5e63,https://www.ice.gov/doclib/287gMOA/SullivanCoConstableDistrict1_TN_TFM_MOA_05212026.pdf,2026-09-12T21:05:48Z,TENNESSEE,Sullivan County Constable District 1,SullivanCoConstableDistrict1_TN_TFM_MOA_05212026.pdf,MOA; revalidated; bytes identical,"""36d780fc3be7b62f8968a4c750dbc45a:1782135509.846965""","Mon, 22 Jun 2026 13:38:29 GMT",
agreements/agreements_20260626_025229/SOUTH_CAROLINA/Burnettown_Police_Department/BurnettownPoliceDeptSC_TFM_MOA_05262026.pdf,273a4d660f8e38944b607bbbd71a5b79516781db8d19056c4d054f87d17b0413,https://www.ice.gov/doclib/287gMOA/BurnettownPoliceDeptSC_TFM_MOA_05262026.pdf,2026-09-12T21:05:48Z,SOUTH CAROLINA,Burnettown Police Department,BurnettownPoliceDeptSC_TFM_MOA_05262026.pdf,MOA; revalidated; bytes identical,"""e3f24227a8613030145107934ba6c748:1782135758.527359""","Mon, 22 Jun 2026 13:42:38 GMT",
agreements/agreements_20260626_025229/ARKANSAS/Hughes_Police_Department/HughesPoliceDeptAR_TFM_MOA_05282026.pdf,332b6fd028ebc9f16754d7c24b1fe5bce6a0f56eef0a57c46e9d9e5e13c82e92,https://www.ice.gov/doclib/287gMOA/HughesPoliceDeptAR_TFM_MOA_05282026.pdf,2026-09-12T21:05:48Z,ARKANSAS,Hughes Police Department,HughesPoliceDeptAR_TFM_MOA_05282026.pdf,MOA; revalidated; bytes identical,"""0ea243150e58483b4ac228f6ef1b6f7e:1782135744.341363""","Mon, 22 Jun 2026 13:42:24 GMT",
agreements/agreements_20260626_025229/OKLAHOMA/Piedmont_Police_Department/PiedmontPoliceDeptOK_TFM_MOA_05262026.pdf,ee15abac91fd94e8c0fedd3ec6ac2526dfa9d8b001868de7a75909eb5ea50740,https://www.ice.gov/doclib/287gMOA/PiedmontPoliceDeptOK_TFM_MOA_05262026.pdf,2026-09-12T21:05:49Z,OKLAHOMA,Piedmont Police Department,PiedmontPoliceDeptOK_TFM_MOA_05262026.pdf,MOA; revalidated; bytes identical,"""54fbd0d096186a8372ae3951ec540eda:1782135754.136923""","Mon, 22 Jun 2026 13:42:34 GMT",
agreements/agreements_20260626_025229/OKLAHOMA/Salina_Police_Department/SalinaPoliceDeptOK_TFM_MOA_05242026.pdf,2c19549f37264f73b2a8114f0cfd668f2c905606e8d7282308430d6233064d59,https://www.ice.gov/doclib/287gMOA/SalinaPoliceDeptOK_TFM_MOA_05242026.pdf,2026-09-12T21:05:49Z,OKLAHOMA,Salina Police Department,SalinaPoliceDeptOK_TFM_MOA_05242026.pdf,MOA; revalidated; bytes identical,"""45eb910e7baf2c3c2e258c4c5214bf6f:1782135778.034385""","Mon, 22 Jun 2026 13:42:58 GMT",
agreements/agreements_20260626_025229/NEW_HAMPSHIRE/Hillsboro_Police_Department/HillsboroPDNH_TFM_MOA_05312026.pdf,6ba5e3bc7b99c3110b66b60e65d3ac6c8f666c4d6cc5e0a65a756eac7f451251,https://www.ice.gov/doclib/287gMOA/HillsboroPDNH_TFM_MOA_05312026.pdf,2026-09-12T21:05:49Z,NEW HAMPSHIRE,Hillsboro Police Department,HillsboroPDNH_TFM_MOA_05312026.pdf,MOA; revalidated; bytes identical,"""efc77af49376e4d2d2c1fb2a59e8456c:1782158175.181912""","Mon, 22 Jun 2026 19:56:15 GMT",
agreements/agreements_20260626_025229/GEORGIA/Brooks_County_Sheriff's_Department/BrooksCoSDGA_TFM_MOA_06032026.pdf,6002f682f180c6fcd1ef25b556ba111b2cf7f1b3169206be4a74056f4f4d1e6c,https://www.ice.gov/doclib/287gMOA/BrooksCoSDGA_TFM_MOA_06032026.pdf,2026-09-12T21:05:49Z,GEORGIA,Brooks County Sheriff's Department,BrooksCoSDGA_TFM_MOA_06032026.pdf,MOA; revalidated; bytes identical,"""c1ad8194233d719c9e0430058099da42:1782158157.83814""","Mon, 22 Jun 2026 19:55:57 GMT",
agreements/agreements_20260626_025229/GEORGIA/Stewart_County_Sheriff's_Department_/StewartCoSDGA_TFM_MOA_06022026.pdf,beed8fa037f5305943af5bb890345b402cf4d6da5eb216c32f77fb9cf29a1b07,https://www.ice.gov/doclib/287gMOA/StewartCoSDGA_TFM_MOA_06022026.pdf,2026-09-12T21:05:50Z,GEORGIA,Stewart County Sheriff's Department,StewartCoSDGA_TFM_MOA_06022026.pdf,MOA; revalidated; bytes identical,"""279f5dcb5327a7c8dbdf85b9bd376613:1782158137.225831""","Mon, 22 Jun 2026 19:55:37 GMT",
agreements/agreements_20260630_025339/MISSOURI/Iron_County_Sheriff's_Office/IronCoSheriffsOfficeMO_TFM_MOA_05312026.pdf,a77a5266392dc0975675527429df4fc6e7783ac917335391794404e790c0cfa6,https://www.ice.gov/doclib/287gMOA/IronCoSheriffsOfficeMO_TFM_MOA_05312026.pdf,2026-09-12T21:05:50Z,MISSOURI,Iron County Sheriff's Office,IronCoSheriffsOfficeMO_TFM_MOA_05312026.pdf,MOA; revalidated; bytes identical,"""6600df513bf82be0ce1fa34e00edf9b6:1782240604.716349""","Tue, 23 Jun 2026 18:50:04 GMT",
agreements/agreements_20260630_025339/WEST_VIRGINIA/Kanawha_County_Sheriff's_Office/KanawhaCoSheriffsOfficeWV_TFM_MOA_05312026.pdf,a9626266c5402537aa29b1b8bb250da74ab799963ef43de725a3e05ce12b8937,https://www.ice.gov/doclib/287gMOA/KanawhaCoSheriffsOfficeWV_TFM_MOA_05312026.pdf,2026-09-12T21:05:50Z,WEST VIRGINIA,Kanawha County Sheriff's Office,KanawhaCoSheriffsOfficeWV_TFM_MOA_05312026.pdf,MOA; revalidated; bytes identical,"""ffa20fd4e69e98dae36d9dbc92c03cac:1782240606.122295""","Tue, 23 Jun 2026 18:50:06 GMT",
agreements/agreements_20260630_025339/PENNSYLVANIA/Port_Carbon_Borough_Police_Department/PortCarbonBoroughPoliceDeptPA_TFM_MOA_05282026.pdf,8055d5812e08baac14dedd9d5f36a3f52cf91a0554a9f781ab0603be96b0f087,https://www.ice.gov/doclib/287gMOA/PortCarbonBoroughPoliceDeptPA_TFM_MOA_05282026.pdf,2026-09-12T21:05:50Z,PENNSYLVANIA,Port Carbon Borough Police Department,PortCarbonBoroughPoliceDeptPA_TFM_MOA_05282026.pdf,MOA; revalidated; bytes identical,"""fb264721ada5d0d860b8cc6116974aa7:1782240626.066825""","Tue, 23 Jun 2026 18:50:26 GMT",
agreements/agreements_20260630_025339/GEORGIA/Webster_County_Sheriff's_Office/WebsterCoSheriffsOfficeGA_TFM_MOA_05282026.pdf,e2ac17a3fee406ee330fd4a04aa6a676354b6ef22e02a0ba4446e62cc6fb011f,https://www.ice.gov/doclib/287gMOA/WebsterCoSheriffsOfficeGA_TFM_MOA_05282026.pdf,2026-09-12T21:05:51Z,GEORGIA,Webster County Sheriff's Office,WebsterCoSheriffsOfficeGA_TFM_MOA_05282026.pdf,MOA; revalidated; bytes identical,"""55cff4d90d3ffcb8554c8930557f4395:1782240586.463414""","Tue, 23 Jun 2026 18:49:46 GMT",
agreements/agreements_20260630_025339/TEXAS/Jim_Hogg_County_Sheriff's_Office/JimHoggCoSheriffsOfficeTX_WSO_MOA_06142026.pdf,25da87f8d88f8d1d90caa26a96c4a961bf3e7d0198afcf2369c0b04897691725,https://www.ice.gov/doclib/287gMOA/JimHoggCoSheriffsOfficeTX_WSO_MOA_06142026.pdf,2026-09-12T21:05:51Z,TEXAS,Jim Hogg County Sheriff's Office,JimHoggCoSheriffsOfficeTX_WSO_MOA_06142026.pdf,MOA; revalidated; bytes identical,"""0139209e37e651dda744e69791f948f8:1782240884.575327""","Tue, 23 Jun 2026 18:54:44 GMT",
agreements/agreements_20260630_025339/KANSAS/Ottawa_County_Sheriff's_Department/OttawaCoSheriffsDeptKS_JEM_MOA_06122026.pdf,b30aa29a45bb2ea8fae6ad44d3e8413334c830154158d4e6b830fa51baa5f77a,https://www.ice.gov/doclib/287gMOA/OttawaCoSheriffsDeptKS_JEM_MOA_06122026.pdf,2026-09-12T21:05:51Z,KANSAS,Ottawa County Sheriff's Department,OttawaCoSheriffsDeptKS_JEM_MOA_06122026.pdf,MOA; revalidated; bytes identical,"""c734a292b60ca911ce5b2ab83b6ec315:1782240884.900701""","Tue, 23 Jun 2026 18:54:44 GMT",
agreements/agreements_20260630_025339/MISSISSIPPI/Tishomingo_County_Sheriff's_Department/TishomingoCoSheriffsDeptMS_WSO_MOA_06122026.pdf,16bd3d60f2f5e33770fe92e6600bcac46c0c538caa289e3f14bef48bad501b35,https://www.ice.gov/doclib/287gMOA/TishomingoCoSheriffsDeptMS_WSO_MOA_06122026.pdf,2026-09-12T21:05:52Z,MISSISSIPPI,Tishomingo County Sheriff's Department,TishomingoCoSheriffsDeptMS_WSO_MOA_06122026.pdf,MOA; revalidated; bytes identical,"""3905d6012d0a497a64efea385ef0a69a:1782240903.409636""","Tue, 23 Jun 2026 18:55:03 GMT",
agreements/agreements_20260912_135704/OKLAHOMA/Adair_Police_Department/MOA_AdairPDOK_TFM_MOA_06032026.pdf,318c018d3cbdddbfbf233ff1d0befb12ae09b6a66bfd41a26588ddfdfd83de6c,https://www.ice.gov/doclib/287gMOA/AdairPDOK_TFM_MOA_06032026.pdf,2026-09-12T21:05:52Z,OKLAHOMA,Adair Police Department,AdairPDOK_TFM_MOA_06032026.pdf,MOA; new url in sheet a405c40debaf; deduplicated 2026-09-14; identical bytes retained at agreements/agreements_20260630_025339/OKLAHOMA/Adair_Police_Department/AdairPDOK_TFM_MOA_06032026.pdf,"""b0d7c5bb2f88a6cd2047711a2452404b:1782423507.396319""","Thu, 25 Jun 2026 21:38:27 GMT",
agreements/agreements_20260912_135704/ALABAMA/Ohatchee_Police_Department/MOA_OhatcheePDAL_TFM_MOA_06032026.pdf,66ad3368e035ee7992d26895926aaad282accaa58e88407fc522c98f11408789,https://www.ice.gov/doclib/287gMOA/OhatcheePDAL_TFM_MOA_06032026.pdf,2026-09-12T21:05:52Z,ALABAMA,Ohatchee Police Department,OhatcheePDAL_TFM_MOA_06032026.pdf,MOA; new url in sheet a405c40debaf; deduplicated 2026-09-14; identical bytes retained at agreements/agreements_20260630_025339/ALABAMA/Ohatchee_Police_Department/OhatcheePDAL_TFM_MOA_06032026.pdf,"""4e6388189d86cb98e19189f40e2b1280:1782423488.598953""","Thu, 25 Jun 2026 21:38:08 GMT",
agreements/agreements_20260630_025339/INDIANA/Aurora_Police_Department/AuroraPDIN_TFM_MOA_06032026.pdf,a3f1b7d047390d921f1d29163079dd2809c84e7b07dcab776eb2d20be61e8afb,https://www.ice.gov/doclib/287gMOA/AuroraPDIN_TFM_MOA_06032026.pdf,2026-09-12T21:05:53Z,INDIANA,Aurora Police Department,AuroraPDIN_TFM_MOA_06032026.pdf,MOA; revalidated; bytes identical,"""2893f6f846c7021617bcb9f78c2de793:1782423450.954222""","Thu, 25 Jun 2026 21:37:30 GMT",
agreements/agreements_20260630_025339/ARKANSAS/Independence_County_Sheriff's_Office/IndependenceCoSOAR_TFM_MOA_06032026.pdf,b8145a7b577d5d130065fb7c04b9bd102682d9685e4dc83e9f39d4c646c4f72e,https://www.ice.gov/doclib/287gMOA/IndependenceCoSOAR_TFM_MOA_06032026.pdf,2026-09-12T21:05:53Z,ARKANSAS,Independence County Sheriff's Office,IndependenceCoSOAR_TFM_MOA_06032026.pdf,MOA; revalidated; bytes identical,"""105ed2711c1e087f7c9d04d6ce61eb9b:1782423488.010644""","Thu, 25 Jun 2026 21:38:08 GMT",
agreements/agreements_20260630_025339/TEXAS/Oakwood_Police_Department/OakwoodPDTX_TFM_MOA_06032026.pdf,1eb3f76dad66d3f81859b2db15ac00f81309413ee0945b81c4cc7c129279f687,https://www.ice.gov/doclib/287gMOA/OakwoodPDTX_TFM_MOA_06032026.pdf,2026-09-12T21:05:53Z,TEXAS,Oakwood Police Department,OakwoodPDTX_TFM_MOA_06032026.pdf,MOA; revalidated; bytes identical,"""88515946e80f257916be2dcb54b51107:1782423505.983735""","Thu, 25 Jun 2026 21:38:25 GMT",
agreements/agreements_20260630_025339/ARKANSAS/Monroe_County_Sheriff's_Office/MonroeCoSOAR_TFM_MOA_06072026.pdf,4b283cc1d71d1536ceb878e3049ef0914568472c433f85d78454e660b3916ecc,https://www.ice.gov/doclib/287gMOA/MonroeCoSOAR_TFM_MOA_06072026.pdf,2026-09-12T21:05:53Z,ARKANSAS,Monroe County Sheriff's Office,MonroeCoSOAR_TFM_MOA_06072026.pdf,MOA; revalidated; bytes identical,"""735ae439f2a272dbe8a119563c48a7c0:1782423487.619059""","Thu, 25 Jun 2026 21:38:07 GMT",
agreements/agreements_20260630_025339/TEXAS/Benavides_Police_Department/BenavidesPDTX_TFM_MOA_06032026.pdf,d0c890bfce85671f7eb16735c2181f4b9707211403312713c165318705a9410e,https://www.ice.gov/doclib/287gMOA/BenavidesPDTX_TFM_MOA_06032026.pdf,2026-09-12T21:05:54Z,TEXAS,Benavides Police Department,BenavidesPDTX_TFM_MOA_06032026.pdf,MOA; revalidated; bytes identical,"""1204ec74f159c0391a25a396c9cd64f7:1782423561.333632""","Thu, 25 Jun 2026 21:39:21 GMT",
agreements/agreements_20260630_025339/TEXAS/Terry_County_Sheriff's_Office/TerryCoSOTX_TFM_MOA_06032026.pdf,a82b105023392b31a15efba49f08831b7c9fcfed1c98d65ae092fada6d3ebf85,https://www.ice.gov/doclib/287gMOA/TerryCoSOTX_TFM_MOA_06032026.pdf,2026-09-12T21:05:54Z,TEXAS,Terry County Sheriff's Office,TerryCoSOTX_TFM_MOA_06032026.pdf,MOA; revalidated; bytes identical,"""fd5df6169d81cef4f1e73b47fb24f392:1782423822.89176""","Thu, 25 Jun 2026 21:43:42 GMT",
agreements/agreements_20260630_025339/TEXAS/Abilene_Police_Department/AbilenePDTX_TFM_MOA_06072026.pdf,07dd555a8d9bbdb700751bc72af60b3676400b8e84d38055af9559dc63a3a318,https://www.ice.gov/doclib/287gMOA/AbilenePDTX_TFM_MOA_06072026.pdf,2026-09-12T21:05:54Z,TEXAS,Abilene Police Department,AbilenePDTX_TFM_MOA_06072026.pdf,MOA; revalidated; bytes identical,"""cb0f47c1d60bd885353f002684921bc9:1782423450.416868""","Thu, 25 Jun 2026 21:37:30 GMT",
agreements/agreements_20260630_025339/GEORGIA/Molena_Police_Department/MolenaPDGA_TFM_MOA_06072026.pdf,99286ee6918dd05e7a8c4f99536efb47d90bb5f5468ca7d9c4cd41a92c8c8b2e,https://www.ice.gov/doclib/287gMOA/MolenaPDGA_TFM_MOA_06072026.pdf,2026-09-12T21:05:55Z,GEORGIA,Molena Police Department,MolenaPDGA_TFM_MOA_06072026.pdf,MOA; revalidated; bytes identical,"""5886a2f8db1fa9c86f62ff1a4746a192:1782423488.226228""","Thu, 25 Jun 2026 21:38:08 GMT",
agreements/agreements_20260630_025339/TEXAS/Floyd_County_Sheriff's_Office/FloydCoSOTX_TFM_MOA_06072026.pdf,d6a64e04e95071bd619b92f9676e197836a1996dd15d70a20678a3b9d853ae33,https://www.ice.gov/doclib/287gMOA/FloydCoSOTX_TFM_MOA_06072026.pdf,2026-09-12T21:05:55Z,TEXAS,Floyd County Sheriff's Office,FloydCoSOTX_TFM_MOA_06072026.pdf,MOA; revalidated; bytes identical,"""deaaea02ba349eb0b50a3ea3e15461bc:1782423456.155523""","Thu, 25 Jun 2026 21:37:36 GMT",
agreements/agreements_20260630_025339/TEXAS/Brown_County_Sheriff's_Office/BrownCoSOTX_TFM_MOA_06072026.pdf,2d06c373e24df0ddbe29c9394e1f86ddc902fbd0e9a6def9f0f1b297a657112e,https://www.ice.gov/doclib/287gMOA/BrownCoSOTX_TFM_MOA_06072026.pdf,2026-09-12T21:05:55Z,TEXAS,Brown County Sheriff's Office,BrownCoSOTX_TFM_MOA_06072026.pdf,MOA; revalidated; bytes identical,"""f0e1426ae034b6407ec044c15ac4f55e:1782423469.181499""","Thu, 25 Jun 2026 21:37:49 GMT",
agreements/agreements_20260630_025339/MISSISSIPPI/Pearl_River_County_Sheriff's_Department/PearlRiverCoSDMS_TFM_MOA_06022026.pdf,eb79759777911a0e5f50e97c23ef874f32d0f7f7a339503490f75aa7fbf5cb04,https://www.ice.gov/doclib/287gMOA/PearlRiverCoSDMS_TFM_MOA_06022026.pdf,2026-09-12T21:05:55Z,MISSISSIPPI,Pearl River County Sheriff's Department,PearlRiverCoSDMS_TFM_MOA_06022026.pdf,MOA; revalidated; bytes identical,"""91e54eac9450fddadc26447895d898c8:1782423487.328097""","Thu, 25 Jun 2026 21:38:07 GMT",
agreements/agreements_20260630_025339/NEW_HAMPSHIRE/Weare_Police_Department/WearePDNH_TFM_MOA_06022026.pdf,b3b89a9644db6ad4e077b841cc48af516d4ce9444a0eb6caa6e54e76fe8eca2a,https://www.ice.gov/doclib/287gMOA/WearePDNH_TFM_MOA_06022026.pdf,2026-09-12T21:05:56Z,NEW HAMPSHIRE,Weare Police Department,WearePDNH_TFM_MOA_06022026.pdf,MOA; revalidated; bytes identical,"""cb2b4c5274677fcc02bc0a95815eea68:1782423468.13048""","Thu, 25 Jun 2026 21:37:48 GMT",
agreements/agreements_20260630_025339/TEXAS/Runnels_County_Sheriff's_Office/RunnelsCoSOTX_TFM_MOA_06022026.pdf,931735c04fe9b96389cb6d5b047aa28a691f6ddec7a0f4b33915b4dfe2971e03,https://www.ice.gov/doclib/287gMOA/RunnelsCoSOTX_TFM_MOA_06022026.pdf,2026-09-12T21:05:56Z,TEXAS,Runnels County Sheriff's Office,RunnelsCoSOTX_TFM_MOA_06022026.pdf,MOA; revalidated; bytes identical,"""3e597db98b0ca148db1984eb3a54ce32:1782423431.876272""","Thu, 25 Jun 2026 21:37:11 GMT",
agreements/agreements_20260630_025339/NEW_HAMPSHIRE/New_Boston_Police_Department/NewBostonPDNH_TFM_MOA_06092026.pdf,925d57c6ce06d8a90b469ce4933de37cf3aa93139c2984d0eef4cc7cd3954181,https://www.ice.gov/doclib/287gMOA/NewBostonPDNH_TFM_MOA_06092026.pdf,2026-09-12T21:05:56Z,NEW HAMPSHIRE,New Boston Police Department,NewBostonPDNH_TFM_MOA_06092026.pdf,MOA; revalidated; bytes identical,"""f90a0d81e532a03baa98793e8013aa3f:1782423450.086042""","Thu, 25 Jun 2026 21:37:30 GMT",
agreements/agreements_20260630_025339/TEXAS/Castroville_Police_Department/CastrovillePDTX_TFM_MOA_06092026.pdf,753d27923f761579653d96fac205f1a473dcf5c7d1da02fa1e96ec852a6a391d,https://www.ice.gov/doclib/287gMOA/CastrovillePDTX_TFM_MOA_06092026.pdf,2026-09-12T21:05:57Z,TEXAS,Castroville Police Department,CastrovillePDTX_TFM_MOA_06092026.pdf,MOA; revalidated; bytes identical,"""39719c319669652eba5b1a284b6c75a4:1782423449.700354""","Thu, 25 Jun 2026 21:37:29 GMT",
agreements/agreements_20260630_025339/ARKANSAS/Mammoth_Spring_Police_Department/MammothSpringPDAR_TFM_MOA_06092026.pdf,ea2273dc54254fdf71650535be2a7bd13e87b74acb2bd36f7b747f3ec7aeab98,https://www.ice.gov/doclib/287gMOA/MammothSpringPDAR_TFM_MOA_06092026.pdf,2026-09-12T21:05:57Z,ARKANSAS,Mammoth Spring Police Department,MammothSpringPDAR_TFM_MOA_06092026.pdf,MOA; revalidated; bytes identical,"""c824edcdbfa312f6718bd231040de777:1782423431.691211""","Thu, 25 Jun 2026 21:37:11 GMT",
agreements/agreements_20260630_025339/PENNSYLVANIA/Marion_Township_Police_Department/MarionTownshipPDPA_TFM_MOA_06092026.pdf,37713dcdc66148d7a283e6cace6309de716cb4833c8f20c38bb791ca51fd21bb,https://www.ice.gov/doclib/287gMOA/MarionTownshipPDPA_TFM_MOA_06092026.pdf,2026-09-12T21:05:57Z,PENNSYLVANIA,Marion Township Police Department,MarionTownshipPDPA_TFM_MOA_06092026.pdf,MOA; revalidated; bytes identical,"""4ec92ff9ed49caa63d99bbfa242ebcae:1782423431.67309""","Thu, 25 Jun 2026 21:37:11 GMT",
agreements/agreements_20260708_023507/MISSOURI/Callaway_County_Sheriff's_Office/CallawayCoSOMO_TFM_MOA_06162026.pdf,40406163d387db8eaeeee8a6508b1ae427064778a4faec65f0b5371399480b33,https://www.ice.gov/doclib/287gMOA/CallawayCoSOMO_TFM_MOA_06162026.pdf,2026-09-12T21:05:57Z,MISSOURI,Callaway County Sheriff's Office,CallawayCoSOMO_TFM_MOA_06162026.pdf,MOA; revalidated; bytes identical,"""a830f4cacf8b69d7c5803f179b51cb7f:1783028429.555873""","Thu, 02 Jul 2026 21:40:29 GMT",
agreements/agreements_20260708_023507/MISSOURI/Billings_Police_Department/BillingsPDMO_TFM_MOA_06162026.pdf,b04a9e3f649464783e125e703d38142c5ff1cafbf622cf26b37c7344d1d240a5,https://www.ice.gov/doclib/287gMOA/BillingsPDMO_TFM_MOA_06162026.pdf,2026-09-12T21:05:58Z,MISSOURI,Billings Police Department,BillingsPDMO_TFM_MOA_06162026.pdf,MOA; revalidated; bytes identical,"""7b1f04364f44a695d95f58dc828ab430:1783028448.290351""","Thu, 02 Jul 2026 21:40:48 GMT",
agreements/agreements_20260708_023507/MISSOURI/Desloge_Police_Department/DeslogePDMO_TFM_MOA_06162026.pdf,f489f4aece4b3cad3e53061a207d6f2634d33fe7bfa4ce4499d954aa27223d97,https://www.ice.gov/doclib/287gMOA/DeslogePDMO_TFM_MOA_06162026.pdf,2026-09-12T21:05:58Z,MISSOURI,Desloge Police Department,DeslogePDMO_TFM_MOA_06162026.pdf,MOA; revalidated; bytes identical,"""cdf5f2a95113b6aedfb03a0b691ef8a1:1783028429.086712""","Thu, 02 Jul 2026 21:40:29 GMT",
agreements/agreements_20260708_023507/MISSOURI/Dexter_Police_Department/DexterPDMO_TFM_MOA_06162026.pdf,9a1a618dbc08ce6239e151d895d32f541c0152a06672b25797b89057603e0149,https://www.ice.gov/doclib/287gMOA/DexterPDMO_TFM_MOA_06162026.pdf,2026-09-12T21:05:58Z,MISSOURI,Dexter Police Department,DexterPDMO_TFM_MOA_06162026.pdf,MOA; revalidated; bytes identical,"""1ad676175254334ff8db008882997b42:1783028429.39996""","Thu, 02 Jul 2026 21:40:29 GMT",
agreements/agreements_20260708_023507/MISSISSIPPI/Attala_County_Sheriff's_Department/AttalaCoSDMS_TFM_MOA_06172026.pdf,2398df92625f06c2f3db4ce882a24b149fad20fb3abd2cace7f305927226b3b7,https://www.ice.gov/doclib/287gMOA/AttalaCoSDMS_TFM_MOA_06172026.pdf,2026-09-12T21:05:58Z,MISSISSIPPI,Attala County Sheriff's Department,AttalaCoSDMS_TFM_MOA_06172026.pdf,MOA; revalidated; bytes identical,"""56ceb9d31c4791f124cc65ce7e8c0df1:1783028086.144609""","Thu, 02 Jul 2026 21:34:46 GMT",
agreements/agreements_20260708_023507/MISSISSIPPI/Forest_Police_Department/ForestPDMS_TFM_MOA_06172026.pdf,d27b58a7501fb32529a37eb3fe4ebbc56d3409addccd3800ea64d44962b71c41,https://www.ice.gov/doclib/287gMOA/ForestPDMS_TFM_MOA_06172026.pdf,2026-09-12T21:05:59Z,MISSISSIPPI,Forest Police Department,ForestPDMS_TFM_MOA_06172026.pdf,MOA; revalidated; bytes identical,"""bf191fdc6bdd87056ba2078dacb96e06:1783028091.211414""","Thu, 02 Jul 2026 21:34:51 GMT",
agreements/agreements_20260708_023507/NEW_HAMSPHIRE/New_Durham_Police_Department/NewDurhamPDNH_TFM_MOA_06222026.pdf,f1811e67502adfa80d83f1dd809dbf94fd40eaa0562df6af18f92b3e205e8d18,https://www.ice.gov/doclib/287gMOA/NewDurhamPDNH_TFM_MOA_06222026.pdf,2026-09-12T21:05:59Z,NEW HAMSPHIRE,New Durham Police Department,NewDurhamPDNH_TFM_MOA_06222026.pdf,MOA; revalidated; bytes identical,"""53121470eae3eba3a59afd41d51a5e84:1783027891.24769""","Thu, 02 Jul 2026 21:31:31 GMT",
agreements/agreements_20260708_023507/OKLAHOMA/Fairland_Police_Department/FairlandPDOK_TFM_MOA_06152026.pdf,f58ff4fefe85a84853de52ec1afcbdbe30edd49d83afd553faf7649720b949ce,https://www.ice.gov/doclib/287gMOA/FairlandPDOK_TFM_MOA_06152026.pdf,2026-09-12T21:05:59Z,OKLAHOMA,Fairland Police Department,FairlandPDOK_TFM_MOA_06152026.pdf,MOA; revalidated; bytes identical,"""f1752eb4ae9fac5635f4c483db37aa6e:1783027911.227872""","Thu, 02 Jul 2026 21:31:51 GMT",
agreements/agreements_20260708_023507/NEW_HAMSPHIRE/South_Hampton_Police_Department/SouthHamptonPDNH_TFM_MOA_06222026.pdf,6a51d88ac9e31161e9d3729f2be716d8bbe266742385bf080a4a5a57cfd07ca3,https://www.ice.gov/doclib/287gMOA/SouthHamptonPDNH_TFM_MOA_06222026.pdf,2026-09-12T21:05:59Z,NEW HAMSPHIRE,South Hampton Police Department,SouthHamptonPDNH_TFM_MOA_06222026.pdf,MOA; revalidated; bytes identical,"""3271334b73f5dad8301bc7d4c6dff0e5:1783027890.988822""","Thu, 02 Jul 2026 21:31:30 GMT",
agreements/agreements_20260708_023507/OKLAHOMA/Bristow_Police_Department/BristowPDOK_TFM_MOA_06152026.pdf,ff69bab2da3f4c34e41ab13544cb5c28d8317f6774c5d86b9ecccb1be46131c1,https://www.ice.gov/doclib/287gMOA/BristowPDOK_TFM_MOA_06152026.pdf,2026-09-12T21:06:00Z,OKLAHOMA,Bristow Police Department,BristowPDOK_TFM_MOA_06152026.pdf,MOA; revalidated; bytes identical,"""5474997c2011fd3bee175d62dd8f995d:1783027892.376568""","Thu, 02 Jul 2026 21:31:32 GMT",
agreements/agreements_20260708_023507/TEXAS/Liberty_County_Constable_Precinct_4/LibertyCoConstableP4TX_TFM_MOA_06152026.pdf,5606159c5605ea25066385a28f5c6172585ec95fa98433800120d2b2bf4ab580,https://www.ice.gov/doclib/287gMOA/LibertyCoConstableP4TX_TFM_MOA_06152026.pdf,2026-09-12T21:06:00Z,TEXAS,Liberty County Constable Precinct 4,LibertyCoConstableP4TX_TFM_MOA_06152026.pdf,MOA; revalidated; bytes identical,"""cfbe0e7478c0c332ee5b13275248e575:1783021208.339614""","Thu, 02 Jul 2026 19:40:08 GMT",
agreements/agreements_20260708_023507/TENNESSEE/Blount_County_Sheriff's_Office/BlountCoSOTN_TFM_MOA_06232026.pdf,b35933ebb805a318a4edbaa98d96ae94a491e8d5daf5c81dcdd7b36d32ca8b60,https://www.ice.gov/doclib/287gMOA/BlountCoSOTN_TFM_MOA_06232026.pdf,2026-09-12T21:06:00Z,TENNESSEE,Blount County Sheriff's Office,BlountCoSOTN_TFM_MOA_06232026.pdf,MOA; revalidated; bytes identical,"""d4e6f53d07a9b73361186c9199f9198a:1783021170.864599""","Thu, 02 Jul 2026 19:39:30 GMT",
agreements/agreements_20260708_023507/TENNESSEE/Louden_County_Sheriff's_Office/LoudonCoSOTN_TFM_MOA_06222026.pdf,9367a29d099f340fc292c5cad59cdc86e4b498ec4604cd8dba65cebb70314d6e,https://www.ice.gov/doclib/287gMOA/LoudonCoSOTN_TFM_MOA_06222026.pdf,2026-09-12T21:06:01Z,TENNESSEE,Louden County Sheriff's Office,LoudonCoSOTN_TFM_MOA_06222026.pdf,MOA; revalidated; bytes identical,"""eb429170dcaeb091ea4e7382fafc9d98:1783021189.933377""","Thu, 02 Jul 2026 19:39:49 GMT",
agreements/agreements_20260708_023507/OKLAHOMA/Quinton_Police_Department/QuintonPDOK_TFM_MOA_06232026.pdf,3465f1d9bf6f759739e14e0d7eb6213be6969a5797d64964c317bac42f369b14,https://www.ice.gov/doclib/287gMOA/QuintonPDOK_TFM_MOA_06232026.pdf,2026-09-12T21:06:01Z,OKLAHOMA,Quinton Police Department,QuintonPDOK_TFM_MOA_06232026.pdf,MOA; revalidated; bytes identical,"""8fbf0ea2198ab6b2893829232220cabd:1783021188.895409""","Thu, 02 Jul 2026 19:39:48 GMT",
agreements/agreements_20260708_023507/OKLAHOMA/Alva_Police_Department/AlvaPDOK_TFM_MOA_06172026.pdf,085f9e79ecb6ea2641a28813f0dc588369aa3709a7950d2b665b0d5d3f5e8b43,https://www.ice.gov/doclib/287gMOA/AlvaPDOK_TFM_MOA_06172026.pdf,2026-09-12T21:06:01Z,OKLAHOMA,Alva Police Department,AlvaPDOK_TFM_MOA_06172026.pdf,MOA; revalidated; bytes identical,"""dbe575c83ad92a2f97025bb996596bbe:1783021189.734335""","Thu, 02 Jul 2026 19:39:49 GMT",
agreements/agreements_20260708_023507/OKLAHOMA/Watts_Police_Department/WattsPDOK_TFM_MOA_06162026.pdf,dc7f5330cb79b892a63c624068b2c3686af7a26a24f51fed6b4e9b747cbf91d4,https://www.ice.gov/doclib/287gMOA/WattsPDOK_TFM_MOA_06162026.pdf,2026-09-12T21:06:01Z,OKLAHOMA,Watts Police Department,WattsPDOK_TFM_MOA_06162026.pdf,MOA; revalidated; bytes identical,"""a95a2ff82e1e53639829713256679920:1783021228.630232""","Thu, 02 Jul 2026 19:40:28 GMT",
agreements/agreements_20260708_023507/TEXAS/Jasper_County_Constable_Precinct_6/JasperCoConstableP6TX_TFM_MOA_06152026.pdf,38b26f2030fbca381c8d8f730d8914a5b13e3cd73fd30f1011b8cabe07452064,https://www.ice.gov/doclib/287gMOA/JasperCoConstableP6TX_TFM_MOA_06152026.pdf,2026-09-12T21:06:02Z,TEXAS,Jasper County Constable Precinct 6,JasperCoConstableP6TX_TFM_MOA_06152026.pdf,MOA; revalidated; bytes identical,"""934aa6b88a756280bbe56434b1779eb7:1782936527.819076""","Wed, 01 Jul 2026 20:08:47 GMT",
agreements/agreements_20260708_023507/TEXAS_/Nueces_County_Constable_Precinct_1/NuecesCoConstableP1TX_TFM_MOA_06172026.pdf,1e24b623752b6030e9c4153681c8928001cc36c084fab75e6e7a38d08ca29b7f,https://www.ice.gov/doclib/287gMOA/NuecesCoConstableP1TX_TFM_MOA_06172026.pdf,2026-09-12T21:06:02Z,TEXAS,Nueces County Constable Precinct 1,NuecesCoConstableP1TX_TFM_MOA_06172026.pdf,MOA; revalidated; bytes identical,"""c6d1a3228cc4f8676335c45312231ca9:1782936526.407444""","Wed, 01 Jul 2026 20:08:46 GMT",
agreements/agreements_20260708_023507/TEXAS/Texarkana_Police_Department/TexarkanaPDTX_TFM_MOA_06152026.pdf,30ff6e89d3b173898cd914d0f8429cb6a7c1d26652116624c56cc849cceb3838,https://www.ice.gov/doclib/287gMOA/TexarkanaPDTX_TFM_MOA_06152026.pdf,2026-09-12T21:06:02Z,TEXAS,Texarkana Police Department,TexarkanaPDTX_TFM_MOA_06152026.pdf,MOA; revalidated; bytes identical,"""706f779590de4d38d6b50a58635c1ebe:1782936544.777617""","Wed, 01 Jul 2026 20:09:04 GMT",
agreements/agreements_20260708_023507/TEXAS/Cochran_County_Sheriff's_Office/CochranCoSOTX_TFM_MOA_06162026.pdf,1a2c6cc6ac9307cc0f50497591c99dc71b9030291124c49295ef4bb4040c1f65,https://www.ice.gov/doclib/287gMOA/CochranCoSOTX_TFM_MOA_06162026.pdf,2026-09-12T21:06:03Z,TEXAS,Cochran County Sheriff's Office,CochranCoSOTX_TFM_MOA_06162026.pdf,MOA; revalidated; bytes identical,"""e8cf85647fbb9cb2bcf5c330bf89d348:1782936512.152958""","Wed, 01 Jul 2026 20:08:32 GMT",
agreements/agreements_20260708_023507/TEXAS_/Escobares_Police_Department/EscobaresPDTX_TFM_MOA_06172026.pdf,e57ff79e48a398e68533e52b124fc1cae697eaa55fdc9282d271f4e43e021520,https://www.ice.gov/doclib/287gMOA/EscobaresPDTX_TFM_MOA_06172026.pdf,2026-09-12T21:06:03Z,TEXAS,Escobares Police Department,EscobaresPDTX_TFM_MOA_06172026.pdf,MOA; revalidated; bytes identical,"""fd4da352bd41bff5c6a1da5f8320e4cf:1782936618.082625""","Wed, 01 Jul 2026 20:10:18 GMT",
agreements/agreements_20260708_023507/TEXAS_/Angelina_County_Sheriff's_Office/AngelinaCoSOTX_TFM_MOA_06172026.pdf,e60c2c15c294c81739dbcb6de1164f7446bde26634693729552501ed95f725cf,https://www.ice.gov/doclib/287gMOA/AngelinaCoSOTX_TFM_MOA_06172026.pdf,2026-09-12T21:06:03Z,TEXAS,Angelina County Sheriff's Office,AngelinaCoSOTX_TFM_MOA_06172026.pdf,MOA; revalidated; bytes identical,"""44f9162f5ce58494b9b62a593d42e755:1782936635.907448""","Wed, 01 Jul 2026 20:10:35 GMT",
agreements/agreements_20260708_023507/TEXAS/Wallis_Police_Department/WallisPDTX_TFM_MOA_06232026.pdf,e13604d8311a65a9fba673511d6d02ef044db72d4d0de714b1211d0b3cc8cb3f,https://www.ice.gov/doclib/287gMOA/WallisPDTX_TFM_MOA_06232026.pdf,2026-09-12T21:06:03Z,TEXAS,Wallis Police Department,WallisPDTX_TFM_MOA_06232026.pdf,MOA; revalidated; bytes identical,"""0de01271923ad4644eab53cecfb3f9d3:1782936617.352929""","Wed, 01 Jul 2026 20:10:17 GMT",
agreements/agreements_20260708_023507/TENNESSEE/Blount_County_Sheriff's_Office/BlountCoSheriffsOfficeTN_WSO_MOA_06222026.pdf,b4c4618c180ae3aa8316bf2d15d35212f5e420c9fa5eaec168b5585cd4511c99,https://www.ice.gov/doclib/287gMOA/BlountCoSheriffsOfficeTN_WSO_MOA_06222026.pdf,2026-09-12T21:06:04Z,TENNESSEE,Blount County Sheriff's Office,BlountCoSheriffsOfficeTN_WSO_MOA_06222026.pdf,MOA; revalidated; bytes identical,"""546d2588bf5b777457b48a21219a9f68:1782932360.67847""","Wed, 01 Jul 2026 18:59:20 GMT",
agreements/agreements_20260708_023507/KANSAS/Pratt_County_Sheriff's_Department/PrattCoSheriffsDeptKS_TFM_MOA_06222026.pdf,14030057e76236b68d58ce3d72182baf468d208352a07217903f089245e65059,https://www.ice.gov/doclib/287gMOA/PrattCoSheriffsDeptKS_TFM_MOA_06222026.pdf,2026-09-12T21:06:04Z,KANSAS,Pratt County Sheriff's Department,PrattCoSheriffsDeptKS_TFM_MOA_06222026.pdf,MOA; revalidated; bytes identical,"""0c6944c578dd09f261ca7a0e76afdd8b:1782932380.537087""","Wed, 01 Jul 2026 18:59:40 GMT",
agreements/agreements_20260708_023507/KANSAS/Rooks_County_Sheriff's_Department/RooksCoSheriffsDeptKS_TFM_MOA_06232026.pdf,78aa3e5c25471015a6c43a210e252fca3e6bed33dca374bdf206c33c22d35260,https://www.ice.gov/doclib/287gMOA/RooksCoSheriffsDeptKS_TFM_MOA_06232026.pdf,2026-09-12T21:06:04Z,KANSAS,Rooks County Sheriff's Department,RooksCoSheriffsDeptKS_TFM_MOA_06232026.pdf,MOA; revalidated; bytes identical,"""926face730523177d31230679a565f46:1782932378.626218""","Wed, 01 Jul 2026 18:59:38 GMT",
agreements/agreements_20260708_023507/TEXAS/Zavala_County_Sheriff's_Office/ZavalaCoSheriffsOfficeTX_JEM_MOA_06232026.pdf,484033f3c3d1dc3d91956337d33fa1e97f3458e848d95b811df11fadcdc6086c,https://www.ice.gov/doclib/287gMOA/ZavalaCoSheriffsOfficeTX_JEM_MOA_06232026.pdf,2026-09-12T21:06:05Z,TEXAS,Zavala County Sheriff's Office,ZavalaCoSheriffsOfficeTX_JEM_MOA_06232026.pdf,MOA; revalidated; bytes identical,"""27897246bf5e838461f3a10181b1ec6b:1782932378.891898""","Wed, 01 Jul 2026 18:59:38 GMT",
agreements/agreements_20260708_023507/GEORGIA/Flowery_Branch_Police_Department/FloweryBranchPoliceDeptGA_TFM_MOA_06232026.pdf,d55dbfb1a7f19db6d7a6ca874502cbbc2fd3099e3d1d33a8ad1c9817ef225354,https://www.ice.gov/doclib/287gMOA/FloweryBranchPoliceDeptGA_TFM_MOA_06232026.pdf,2026-09-12T21:06:05Z,GEORGIA,Flowery Branch Police Department,FloweryBranchPoliceDeptGA_TFM_MOA_06232026.pdf,MOA; revalidated; bytes identical,"""7c95fbdbaa81818d2bee56b99501257a:1782925856.864251""","Wed, 01 Jul 2026 17:10:56 GMT",
agreements/agreements_20260708_023507/INDIANA/Markle_Police_Department/MarklePoliceDeptIN_TFM_MOA_06232026.pdf,74be6de503135914602d9f1d5731631709b830a6007c39eafd408b45a5cbe123,https://www.ice.gov/doclib/287gMOA/MarklePoliceDeptIN_TFM_MOA_06232026.pdf,2026-09-12T21:06:05Z,INDIANA,Markle Police Department,MarklePoliceDeptIN_TFM_MOA_06232026.pdf,MOA; revalidated; bytes identical,"""3ebee4c5c9b532c3594bd400774d1385:1782925858.692048""","Wed, 01 Jul 2026 17:10:58 GMT",
agreements/agreements_20260708_023507/ARKANSAS/Mississippi_County_Sheriff's_Office/MississippiCoSheriffsOfficeAR_TFM_MOA_06232026.pdf,ba23e1a5f432fa80d6670e02a92d415d8ab450e98a65def3a9dd67a65a6d4bed,https://www.ice.gov/doclib/287gMOA/MississippiCoSheriffsOfficeAR_TFM_MOA_06232026.pdf,2026-09-12T21:06:05Z,ARKANSAS,Mississippi County Sheriff's Office,MississippiCoSheriffsOfficeAR_TFM_MOA_06232026.pdf,MOA; revalidated; bytes identical,"""e9ed654ef918f0616e83f3105b0f7af2:1782925855.772998""","Wed, 01 Jul 2026 17:10:55 GMT",
agreements/agreements_20260708_023507/ARKANSAS/Saline_County_Sheriff's_Office/SalineCoSheriffsOfficeAR_TFM_MOA_06222026.pdf,fac7074cc69353b613477c6c27986bf76a590b36768af15b20c573d5ca8c1878,https://www.ice.gov/doclib/287gMOA/SalineCoSheriffsOfficeAR_TFM_MOA_06222026.pdf,2026-09-12T21:06:06Z,ARKANSAS,Saline County Sheriff's Office,SalineCoSheriffsOfficeAR_TFM_MOA_06222026.pdf,MOA; revalidated; bytes identical,"""cb7d39aa433dc8450cd9d10473abc44b:1782925879.509223""","Wed, 01 Jul 2026 17:11:19 GMT",
agreements/agreements_20260708_023507/ARKANSAS/Alexander_Police_Department/AlexanderPoliceDeptAR_TFM_MOA_062632026.pdf,a66293a1ea0eddd7306f5ac21e28ae030dfed226c2be12bdc9ef3676ad077540,https://www.ice.gov/doclib/287gMOA/AlexanderPoliceDeptAR_TFM_MOA_062632026.pdf,2026-09-12T21:06:06Z,ARKANSAS,Alexander Police Department,AlexanderPoliceDeptAR_TFM_MOA_062632026.pdf,MOA; revalidated; bytes identical,"""e8b43f5e057da6a11d48ed4dffd6beb7:1782920857.646761""","Wed, 01 Jul 2026 15:47:37 GMT",
agreements/agreements_20260708_023507/ARKANSAS/Forrest_City_Police_Department/ForrestCityPoliceDeptAR_TFM_MOA_062632026.pdf,8cd1451472e6573a5b542806565807aac7c999c872df588c1ab9cd8621a94220,https://www.ice.gov/doclib/287gMOA/ForrestCityPoliceDeptAR_TFM_MOA_062632026.pdf,2026-09-12T21:06:06Z,ARKANSAS,Forrest City Police Department,ForrestCityPoliceDeptAR_TFM_MOA_062632026.pdf,MOA; revalidated; bytes identical,"""eb7406551753bb5cbe26fb0a2a1ebfbe:1782920856.756176""","Wed, 01 Jul 2026 15:47:36 GMT",
agreements/agreements_20260708_023507/ARKANSAS/Hazen_Police_Department/HazenPoliceDeptAR_TFM_MOA_06152026.pdf,12f6bef03b23a28f9c2d283750451396c54cb49def4deb60d622c0a918d540c2,https://www.ice.gov/doclib/287gMOA/HazenPoliceDeptAR_TFM_MOA_06152026.pdf,2026-09-12T21:06:06Z,ARKANSAS,Hazen Police Department,HazenPoliceDeptAR_TFM_MOA_06152026.pdf,MOA; revalidated; bytes identical,"""cf2068449cec79b4c61433356994b517:1782915686.211115""","Wed, 01 Jul 2026 14:21:26 GMT",
agreements/agreements_20260708_023507/KANSAS/Logan_County_Sheriff's_Department/LoganCoSheriffsDeptKS_TFM_MOA_06152026.pdf,26b6496c76dfcc68be3cf6acf468f3de86885fb8f9897ae4de4f1bcc1eb70fc8,https://www.ice.gov/doclib/287gMOA/LoganCoSheriffsDeptKS_TFM_MOA_06152026.pdf,2026-09-12T21:06:07Z,KANSAS,Logan County Sheriff's Department,LoganCoSheriffsDeptKS_TFM_MOA_06152026.pdf,MOA; revalidated; bytes identical,"""684f50bcccde351d975636158befd0b2:1782915686.069084""","Wed, 01 Jul 2026 14:21:26 GMT",
agreements/agreements_20260708_023507/ARKANSAS/Mountainburg_Police_Department/MountainburgPoliceDeptAR_TFM_MOA_06152026.pdf,19ad8db8b7e392efc3233751bf94405e351376a71c8dc59589351f3d10334b6c,https://www.ice.gov/doclib/287gMOA/MountainburgPoliceDeptAR_TFM_MOA_06152026.pdf,2026-09-12T21:06:07Z,ARKANSAS,Mountainburg Police Department,MountainburgPoliceDeptAR_TFM_MOA_06152026.pdf,MOA; revalidated; bytes identical,"""57f75992074d65921920a089ba6bf4a7:1782915685.439647""","Wed, 01 Jul 2026 14:21:25 GMT",
agreements/agreements_20260708_023507/TEXAS_/Nueces_County_Constable_Precinct_2/NuecesCoConstablePrecinct2_TX_TFM_MOA_06172026.pdf,9a9a8a22d963d59f50edb832eb49753826d29c3fbd0d641a91e83746674ff429,https://www.ice.gov/doclib/287gMOA/NuecesCoConstablePrecinct2_TX_TFM_MOA_06172026.pdf,2026-09-12T21:06:07Z,TEXAS,Nueces County Constable Precinct 2,NuecesCoConstablePrecinct2_TX_TFM_MOA_06172026.pdf,MOA; revalidated; bytes identical,"""64471aee35c87fc29da6163ddcedbd54:1782915663.742905""","Wed, 01 Jul 2026 14:21:03 GMT",
agreements/agreements_20260708_023507/TEXAS/Cass_County_Constable_Precinct_3/CassCoConstableP3TX_TFM_MOA_06182026.pdf,d7f33e9d74cd9e1f57789c4bb31e98b41b435c89ff7e410c293bf97e678b68ae,https://www.ice.gov/doclib/287gMOA/CassCoConstableP3TX_TFM_MOA_06182026.pdf,2026-09-12T21:06:08Z,TEXAS,Cass County Constable Precinct 3,CassCoConstableP3TX_TFM_MOA_06182026.pdf,MOA; revalidated; bytes identical,"""402cd2549916e8eb3b19e64873424ee6:1782845539.383129""","Tue, 30 Jun 2026 18:52:19 GMT",
agreements/agreements_20260708_023507/TEXAS/Coleman_County_Sheriff's_Office/ColemanCoSOTX_TFM_MOA_06182026.pdf,791a3041ac604221befe9ddce64b324c09e8a9370d0086e5d91c15fb0e08576b,https://www.ice.gov/doclib/287gMOA/ColemanCoSOTX_TFM_MOA_06182026.pdf,2026-09-12T21:06:08Z,TEXAS,Coleman County Sheriff's Office,ColemanCoSOTX_TFM_MOA_06182026.pdf,MOA; revalidated; bytes identical,"""c333e193f43d88b810c1e8ec33a125c5:1782845568.34534""","Tue, 30 Jun 2026 18:52:48 GMT",
agreements/agreements_20260708_023507/TEXAS/Southmayd_Police_Department/SouthmaydPDTX_TFM_MOA_06182026.pdf,5fa6e7149cc2809e4bcfb378e4358269e3fa37973e0fad8c079959d65a5a1bf3,https://www.ice.gov/doclib/287gMOA/SouthmaydPDTX_TFM_MOA_06182026.pdf,2026-09-12T21:06:08Z,TEXAS,Southmayd Police Department,SouthmaydPDTX_TFM_MOA_06182026.pdf,MOA; revalidated; bytes identical,"""53a14312c308649691d5b1decf7ab77d:1782845583.521901""","Tue, 30 Jun 2026 18:53:03 GMT",
agreements/agreements_20260708_023507/TEXAS_/Crosby_County_Sheriff's_Office/CrosbyCoCoSOTX_TFM_MOA_06172026.pdf,5ac1e92aeead12af165f6d035e54dc56ace5546dcf04d495229689437e64d92c,https://www.ice.gov/doclib/287gMOA/CrosbyCoCoSOTX_TFM_MOA_06172026.pdf,2026-09-12T21:06:08Z,TEXAS,Crosby County Sheriff's Office,CrosbyCoCoSOTX_TFM_MOA_06172026.pdf,MOA; revalidated; bytes identical,"""cbd9d4aead926d6693bd5b78183f4418:1782845558.148043""","Tue, 30 Jun 2026 18:52:38 GMT",
agreements/agreements_20260708_023507/SOUTH_CAROLINA/Wagener_Police_Department/WagenerPDSC_TFM_MOA_06182026.pdf,bafbb81ce647948a5fd787c4880e4746a5f53abc9f443a6386a009756d7d5e47,https://www.ice.gov/doclib/287gMOA/WagenerPDSC_TFM_MOA_06182026.pdf,2026-09-12T21:06:09Z,SOUTH CAROLINA,Wagener Police Department,WagenerPDSC_TFM_MOA_06182026.pdf,MOA; revalidated; bytes identical,"""30e94e05493f825476275077597afd4c:1782845538.174134""","Tue, 30 Jun 2026 18:52:18 GMT",
agreements/agreements_20260708_023507/LOUISIANA/Many_Police_Department/ManyPDLA_TFM_MOA_06292026.pdf,257e6b8e6a516abae806f32b5fecc6a24fa3adad3e1ad0d607091b1b9d16aada,https://www.ice.gov/doclib/287gMOA/ManyPDLA_TFM_MOA_06292026.pdf,2026-09-12T21:06:09Z,LOUISIANA,Many Police Department,ManyPDLA_TFM_MOA_06292026.pdf,MOA; revalidated; bytes identical,"""5ff094ddca28a5f37139947f780d1c5a:1782845565.011043""","Tue, 30 Jun 2026 18:52:45 GMT",
agreements/agreements_20260708_023507/KENTUCKY/Ferguson_Police_Department/FergusonPoliceDeptKY_TFM_MOA_06092026.pdf,2e5e9ae77448f74df1fbc7c4cf10e6236078e6038bb938811c5ffd36c6379086,https://www.ice.gov/doclib/287gMOA/FergusonPoliceDeptKY_TFM_MOA_06092026.pdf,2026-09-12T21:06:09Z,KENTUCKY,Ferguson Police Department,FergusonPoliceDeptKY_TFM_MOA_06092026.pdf,MOA; revalidated; bytes identical,"""b28ec1296be7c8dab0a58188523ac80a:1782738577.691166""","Mon, 29 Jun 2026 13:09:37 GMT",
agreements/agreements_20260708_023507/OKLAHOMA/Tillman_County_Sheriff's_Office/TillmanCoSheriffsOfficeOK_TFM_MOA_06092026.pdf,200ba70a7ea9f8ddbaf238a592b2d3c223adc49f6e647716ca22a7f656a95ff9,https://www.ice.gov/doclib/287gMOA/TillmanCoSheriffsOfficeOK_TFM_MOA_06092026.pdf,2026-09-12T21:06:10Z,OKLAHOMA,Tillman County Sheriff's Office,TillmanCoSheriffsOfficeOK_TFM_MOA_06092026.pdf,MOA; revalidated; bytes identical,"""f1788babec47ce069adb96fcbadc21c9:1782738577.668116""","Mon, 29 Jun 2026 13:09:37 GMT",
agreements/agreements_20260708_023507/ARKANSAS/Crawford_County_Sheriff's_Office/CrawfordCoSheriffsOfficeAR_TFM_MOA_06092026.pdf,84e6a512e3da4d2f42184f5c2c2f65578f34cd45f37d651f537bee5937f853c5,https://www.ice.gov/doclib/287gMOA/CrawfordCoSheriffsOfficeAR_TFM_MOA_06092026.pdf,2026-09-12T21:06:10Z,ARKANSAS,Crawford County Sheriff's Office,CrawfordCoSheriffsOfficeAR_TFM_MOA_06092026.pdf,MOA; revalidated; bytes identical,"""fdda880ffa7b7796c7ed8be73db85bdf:1782738748.585493""","Mon, 29 Jun 2026 13:12:28 GMT",
agreements/agreements_20260708_023507/TEXAS/Lamesa_Police_Department/LamesaPoliceDeptTX_TFM_MOA_06092026.pdf,355aabd6621348386b3e99d1d09b3b3faa2b6d3b3b6e6b0c373db167a0637e4c,https://www.ice.gov/doclib/287gMOA/LamesaPoliceDeptTX_TFM_MOA_06092026.pdf,2026-09-12T21:06:10Z,TEXAS,Lamesa Police Department,LamesaPoliceDeptTX_TFM_MOA_06092026.pdf,MOA; revalidated; bytes identical,"""e6699ab2457412afeee437e678a3ac8e:1782738731.286348""","Mon, 29 Jun 2026 13:12:11 GMT",
agreements/agreements_20260708_023507/LOUISIANA/Rosedale_Police_Department_/RosedalePoliceDeptLA_TFM_MOA_06092026.pdf,29f1b0cf8cc01c4892070dd88d995b05360f9d814ff22d71a04e6dac6af4f67c,https://www.ice.gov/doclib/287gMOA/RosedalePoliceDeptLA_TFM_MOA_06092026.pdf,2026-09-12T21:06:10Z,LOUISIANA,Rosedale Police Department,RosedalePoliceDeptLA_TFM_MOA_06092026.pdf,MOA; revalidated; bytes identical,"""eb71361a57a5ba9d92b7b5fbbc1602d4:1782738748.90834""","Mon, 29 Jun 2026 13:12:28 GMT",
agreements/agreements_20260708_023507/TEXAS/Wolfe_City_Police_Department/WolfeCityPoliceDeptTX_TFM_MOA_06092026.pdf,503a6bb68099d2b001b08f2940ee09936695ceaed58519d83659a94399431f8b,https://www.ice.gov/doclib/287gMOA/WolfeCityPoliceDeptTX_TFM_MOA_06092026.pdf,2026-09-12T21:06:11Z,TEXAS,Wolfe City Police Department,WolfeCityPoliceDeptTX_TFM_MOA_06092026.pdf,MOA; revalidated; bytes identical,"""35e1c0ff0c6a5450d78b219dc22d7194:1782738752.359345""","Mon, 29 Jun 2026 13:12:32 GMT",
agreements/agreements_20260708_023507/TENNESSEE/Fentress_County_Sheriff's_Office/FentressCoSheriffsOfficeTN_TFM_MOA_06092026.pdf,ffdf38034a2398aded655f14e8e8db21a7835c8dd69300c502cc3902d55b130f,https://www.ice.gov/doclib/287gMOA/FentressCoSheriffsOfficeTN_TFM_MOA_06092026.pdf,2026-09-12T21:06:11Z,TENNESSEE,Fentress County Sheriff's Office,FentressCoSheriffsOfficeTN_TFM_MOA_06092026.pdf,MOA; revalidated; bytes identical,"""58eb414b29516d00efac38ee74152e4e:1782738948.575096""","Mon, 29 Jun 2026 13:15:48 GMT",
agreements/agreements_20260708_023507/ARKANSAS/Grant_County_Sheriff's_Department/GrantCoSheriffsDeptAR_TFM_MOA_06092026.pdf.pdf,b321515413ed39122040351e1d96b0b19588e47e5a58230453dc89dd1f0f9809,https://www.ice.gov/doclib/287gMOA/GrantCoSheriffsDeptAR_TFM_MOA_06092026.pdf.pdf,2026-09-12T21:06:11Z,ARKANSAS,Grant County Sheriff's Department,GrantCoSheriffsDeptAR_TFM_MOA_06092026.pdf.pdf,MOA; revalidated; bytes identical,"""84ab8812a5118ddc8b3aa23630d17282:1782738932.178484""","Mon, 29 Jun 2026 13:15:32 GMT",
agreements/agreements_20260708_023507/KENTUCKY/Morganfield_Police_Department/MorganfieldPoliceDeptKY_TFM_MOA_06092026.pdf,4c5e68ba0229af799ed90f2118889e98fd1577a52ee9ee84c3e3a5b3c03f6523,https://www.ice.gov/doclib/287gMOA/MorganfieldPoliceDeptKY_TFM_MOA_06092026.pdf,2026-09-12T21:06:11Z,KENTUCKY,Morganfield Police Department,MorganfieldPoliceDeptKY_TFM_MOA_06092026.pdf,MOA; revalidated; bytes identical,"""bb99e31d78621884cbe1ffb820850f6a:1782738952.797251""","Mon, 29 Jun 2026 13:15:52 GMT",
agreements/agreements_20260708_023507/TEXAS/Tioga_Police_Department/TiogaPoliceDeptTX_TFM_MOA_06092026.pdf,b6b57112fc500b19bc87e393192d1757b8bbc2def888cca252e431dfec3bc5d4,https://www.ice.gov/doclib/287gMOA/TiogaPoliceDeptTX_TFM_MOA_06092026.pdf,2026-09-12T21:06:12Z,TEXAS,Tioga Police Department,TiogaPoliceDeptTX_TFM_MOA_06092026.pdf,MOA; revalidated; bytes identical,"""4b20dbd74570cf1d13cbe80c239088f6:1782738950.93544""","Mon, 29 Jun 2026 13:15:50 GMT",
agreements/agreements_20260708_023507/TENNESSEE/Bradley_County_Constable_District_5/BradleyCoConstableDistrict5_TN_TFM_MOA_06022026.pdf,446f28f4ee3d70bbffe9e11a9939924149c9055783f6c05cb913d48ec5e4cdcb,https://www.ice.gov/doclib/287gMOA/BradleyCoConstableDistrict5_TN_TFM_MOA_06022026.pdf,2026-09-12T21:06:12Z,TENNESSEE,Bradley County Constable District 5,BradleyCoConstableDistrict5_TN_TFM_MOA_06022026.pdf,MOA; revalidated; bytes identical,"""98a04c45c4c769390534f2fe0e1aa608:1782756998.07522""","Mon, 29 Jun 2026 18:16:38 GMT",
"agreements/agreements_20260708_023507/FLORIDA/Office_of_the_State_Attorney,_20th_Judicial_Circuit_/StateAttorneyOffice20thJudicialCircuitFL_TFM_MOA_05052026.pdf",0a52a36e2c9e683dcc21d6e30997e14d57ec3f27c75e319af9e9b50f3409ce29,https://www.ice.gov/doclib/287gMOA/StateAttorneyOffice20thJudicialCircuitFL_TFM_MOA_05052026.pdf,2026-09-12T21:06:12Z,FLORIDA,"Office of the State Attorney, 20th Judicial Circuit",StateAttorneyOffice20thJudicialCircuitFL_TFM_MOA_05052026.pdf,MOA; revalidated; bytes identical,"""e7d16ab81bf47553bb2d99b4bcacbf51:1782757205.245861""","Mon, 29 Jun 2026 18:20:05 GMT",
agreements/agreements_20260708_023507/ALABAMA/Brookside_Police_Department/BrooksidePoliceDeptAL_TFM_MOA_06142026.pdf,4b9bde9313e6a2cef25f4308a049483bb5e32d9b34d756485c7eb78509a18de9,https://www.ice.gov/doclib/287gMOA/BrooksidePoliceDeptAL_TFM_MOA_06142026.pdf,2026-09-12T21:06:12Z,ALABAMA,Brookside Police Department,BrooksidePoliceDeptAL_TFM_MOA_06142026.pdf,MOA; revalidated; bytes identical,"""927d6e5f5d8e3fd5207a4222074fa762:1782837809.668774""","Tue, 30 Jun 2026 16:43:29 GMT",
agreements/agreements_20260708_023507/LOUISIANA/Grant_Parish_Sheriff's_Office/GrantParishCoSheriffsOfficeLA_WSO_MOA_06222026.pdf,73dc60a5f84ee6b5c05b29c4bc6996994d515a064b4dc5d76786bfae547dba5f,https://www.ice.gov/doclib/287gMOA/GrantParishCoSheriffsOfficeLA_WSO_MOA_06222026.pdf,2026-09-12T21:06:13Z,LOUISIANA,Grant Parish Sheriff's Office,GrantParishCoSheriffsOfficeLA_WSO_MOA_06222026.pdf,MOA; revalidated; bytes identical,"""cfa3c520e29f025bddb3f1e1f2349a29:1782837786.567686""","Tue, 30 Jun 2026 16:43:06 GMT",
agreements/agreements_20260708_023507/KANSAS/Pratt_County_Sheriff's_Department/PrattCoSheriffsDeptKS_WSO_MOA_06222026.pdf,bbcb312df8c1eec6d363b46254f9caec5ae6137a565bdf829e80e3f60a78b24e,https://www.ice.gov/doclib/287gMOA/PrattCoSheriffsDeptKS_WSO_MOA_06222026.pdf,2026-09-12T21:06:13Z,KANSAS,Pratt County Sheriff's Department,PrattCoSheriffsDeptKS_WSO_MOA_06222026.pdf,MOA; revalidated; bytes identical,"""d6d097d809ef165b5daf7b66cc4d1892:1782837807.62898""","Tue, 30 Jun 2026 16:43:27 GMT",
agreements/agreements_20260708_023507/KANSAS/Wallace_County_Sheriff's_Department/WallaceCoSheriffsDeptKS_TFM_MOA_06142026.pdf,42f7effeb27109fe75461f768716117c8766b63b5e618a27da7aa1757b3956c2,https://www.ice.gov/doclib/287gMOA/WallaceCoSheriffsDeptKS_TFM_MOA_06142026.pdf,2026-09-12T21:06:13Z,KANSAS,Wallace County Sheriff's Department,WallaceCoSheriffsDeptKS_TFM_MOA_06142026.pdf,MOA; revalidated; bytes identical,"""125c2724148c604b9bfb12e7a1ef0a3f:1782837805.068527""","Tue, 30 Jun 2026 16:43:25 GMT",
agreements/agreements_20260708_023507/TEXAS/Huntsville_Police_Department_/HuntsvillePoliceDeptTX_TFM_MOA_06182026.pdf,575a2cab0c233b6d5b60ebfce67bebf7faf2cff8aae8e516b132c21e937b7d96,https://www.ice.gov/doclib/287gMOA/HuntsvillePoliceDeptTX_TFM_MOA_06182026.pdf,2026-09-12T21:06:14Z,TEXAS,Huntsville Police Department,HuntsvillePoliceDeptTX_TFM_MOA_06182026.pdf,MOA; revalidated; bytes identical,"""8611c5a8954234c5a4c6b5a3292206aa:1782837567.558824""","Tue, 30 Jun 2026 16:39:27 GMT",
agreements/agreements_20260708_023507/ALABAMA/Leighton_Police_Department/LeightonPoliceDeptAL_TFM_MOA_06162026.pdf,ca80660b4740a61549abfd09b412c3cc6c0e27d32ed1c5998ee6fe21570bf026,https://www.ice.gov/doclib/287gMOA/LeightonPoliceDeptAL_TFM_MOA_06162026.pdf,2026-09-12T21:06:14Z,ALABAMA,Leighton Police Department,LeightonPoliceDeptAL_TFM_MOA_06162026.pdf,MOA; revalidated; bytes identical,"""2b1cc9101b1185afcf89cdbe4fc45847:1782837543.17445""","Tue, 30 Jun 2026 16:39:03 GMT",
agreements/agreements_20260708_023507/ARKANSAS/Logan_County_Sheriff's_Office/LoganCoSheriffsOfficeAR_TFM_MOA_06142026.pdf,f5c1af511462d6ec1c35fae5e8295de2fc3ddb41b855a85079b7153906f75af6,https://www.ice.gov/doclib/287gMOA/LoganCoSheriffsOfficeAR_TFM_MOA_06142026.pdf,2026-09-12T21:06:14Z,ARKANSAS,Logan County Sheriff's Office,LoganCoSheriffsOfficeAR_TFM_MOA_06142026.pdf,MOA; revalidated; bytes identical,"""ed8cb05428a3c59ba67ddb0bd976ca84:1782837568.099465""","Tue, 30 Jun 2026 16:39:28 GMT",
agreements/agreements_20260708_023507/ALABAMA/Clayton_Police_Department/ClaytonPoliceDeptAL_TFM_MOA_06142026.pdf,5ef509aef9a3e06fa6acf4c586a2a9f129cb568b7c81dac835370f18a27ec773,https://www.ice.gov/doclib/287gMOA/ClaytonPoliceDeptAL_TFM_MOA_06142026.pdf,2026-09-12T21:06:15Z,ALABAMA,Clayton Police Department,ClaytonPoliceDeptAL_TFM_MOA_06142026.pdf,MOA; revalidated; bytes identical,"""3dc8ba7d8fc7a6910de549c9d72b9c52:1782837336.068203""","Tue, 30 Jun 2026 16:35:36 GMT",
agreements/agreements_20260708_023507/TEXAS/Navasota_Police_Department/NavasotaPoliceDeptTX_TFM_MOA_06222026.pdf,e4c850c0dee774571892de755a345a117e66f5f12b37e26e16d207d90517a778,https://www.ice.gov/doclib/287gMOA/NavasotaPoliceDeptTX_TFM_MOA_06222026.pdf,2026-09-12T21:06:15Z,TEXAS,Navasota Police Department,NavasotaPoliceDeptTX_TFM_MOA_06222026.pdf,MOA; revalidated; bytes identical,"""79ef9f13e9b9849d270982587693f861:1782837339.812967""","Tue, 30 Jun 2026 16:35:39 GMT",
agreements/agreements_20260708_023507/TEXAS/Newton_County_Sheriff's_Office/NewtonCoSheriffsOfficeTX_TFM_MOA_06222026.pdf,93aca3ace2961312e2e12ee6b3da84c24f3fc4bfb40ecdbfe57faa745b98aa43,https://www.ice.gov/doclib/287gMOA/NewtonCoSheriffsOfficeTX_TFM_MOA_06222026.pdf,2026-09-12T21:06:15Z,TEXAS,Newton County Sheriff's Office,NewtonCoSheriffsOfficeTX_TFM_MOA_06222026.pdf,MOA; revalidated; bytes identical,"""740e77a3570f9e7a703a413d2d93d1b7:1782837342.212537""","Tue, 30 Jun 2026 16:35:42 GMT",
agreements/agreements_20260708_023507/KANSAS/Pratt_County_Sheriff's_Department/PrattCoSheriffsDeptKS_JEM_MOA_06222026.pdf,4acf4c3ac021e19f9f68427801a04433a34fe4514e094950cd5d1810447a7aed,https://www.ice.gov/doclib/287gMOA/PrattCoSheriffsDeptKS_JEM_MOA_06222026.pdf,2026-09-12T21:06:15Z,KANSAS,Pratt County Sheriff's Department,PrattCoSheriffsDeptKS_JEM_MOA_06222026.pdf,MOA; revalidated; bytes identical,"""404cf41a2c681295dd3172461310f27e:1782837360.589041""","Tue, 30 Jun 2026 16:36:00 GMT",
agreements/agreements_20260708_023507/TEXAS/Southside_Place_Police_Department/SouthsidePlacePoliceDeptTX_TFM_MOA_06132025.pdf,8006ed479ac39545269a8a0948ea167591762f06fe5416c3cea30b03233b8ea4,https://www.ice.gov/doclib/287gMOA/SouthsidePlacePoliceDeptTX_TFM_MOA_06132025.pdf,2026-09-12T21:06:16Z,TEXAS,Southside Place Police Department,SouthsidePlacePoliceDeptTX_TFM_MOA_06132025.pdf,MOA; revalidated; bytes identical,"""037328db924034bf87c1527e3c734852:1753122393.209396""","Mon, 21 Jul 2025 18:26:33 GMT",
agreements/agreements_20260626_025229/OKLAHOMA_/Cherokee_Police_Department/CherokeePoliceDeptOK_TFM_MOA_05212026.pdf,6f0fce9e2bc2c3415f86d39fcc3589b986de9d8685b386870257c05f3ad39ef3,https://www.ice.gov/doclib/287gMOA/CherokeePoliceDeptOK_TFM_MOA_05212026.pdf,2026-09-12T21:06:16Z,OKLAHOMA,Cherokee Police Department,CherokeePoliceDeptOK_TFM_MOA_05212026.pdf,MOA; revalidated; bytes identical,"""7c09003275cd5c72f4ff583fa1072792:1782134789.302831""","Mon, 22 Jun 2026 13:26:29 GMT",
agreements/agreements_20260626_025229/OKLAHOMA_/Colcord_Police_Department/ColcordPoliceDeptOK_TFM_MOA_05212026.pdf,91dbc8398b12a4e188b826b86a515e541f32d89e0ed0b45127e1dbcd18e58979,https://www.ice.gov/doclib/287gMOA/ColcordPoliceDeptOK_TFM_MOA_05212026.pdf,2026-09-12T21:06:16Z,OKLAHOMA,Colcord Police Department,ColcordPoliceDeptOK_TFM_MOA_05212026.pdf,MOA; revalidated; bytes identical,"""d8e20146d64ca83bdd46245398bcf4cb:1782135009.805033""","Mon, 22 Jun 2026 13:30:09 GMT",
agreements/agreements_20260607_025243/TEXAS/Neuces_County_Constable_Precinct_5_/NuecesCoConstablePrecinct5_TX_TFM_MOA_03112026.pdf,f581daffca960ef8d7d8fe31b944082f61ae7d1a59202fe0bc6829edf678ea58,https://www.ice.gov/doclib/287gMOA/NuecesCoConstablePrecinct5_TX_TFM_MOA_03112026.pdf,2026-09-12T21:06:17Z,TEXAS,Nueces County Constable Precinct 5,NuecesCoConstablePrecinct5_TX_TFM_MOA_03112026.pdf,MOA; revalidated; bytes identical,"""e4ae37c24295f3933df673567b547ad5:1774272432.981475""","Mon, 23 Mar 2026 13:27:12 GMT",
agreements/agreements_20260607_025243/TEXAS/Val_Verde_County_Sheriff's_Office_/ValVerdeCoSheriffsOfficeTX_WSO_MOA_01262026.pdf,f1649dfb333f0f00e26779b817546afc173ac8f9acca0cce52a39527bf6cba3a,https://www.ice.gov/doclib/287gMOA/ValVerdeCoSheriffsOfficeTX_WSO_MOA_01262026.pdf,2026-09-12T21:06:17Z,TEXAS,Val Verde County Sheriff's Office,ValVerdeCoSheriffsOfficeTX_WSO_MOA_01262026.pdf,MOA; revalidated; bytes identical,"""e1bcff56dbcb1cdf766f9ba64d99d2f1:1770044018.788168""","Mon, 02 Feb 2026 14:53:38 GMT",
agreements/agreements_20260607_025243/OKLAHOMA/Canadian_County_Sheriff's_Office/CanadianCountySOOK_WSO_MOA_082825.pdf,051a7f434c59cd1b5dcabe5275badc207e85e99b771fcb6f953ab8b794fc7a0d,https://www.ice.gov/doclib/287gMOA/CanadianCountySOOK_WSO_MOA_082825.pdf,2026-09-12T21:06:17Z,OKLAHOMA,Canadian County Sheriff's Office,CanadianCountySOOK_WSO_MOA_082825.pdf,MOA; revalidated; bytes identical,"""da21d3f74db24b68ed78a34b76f0ec2a:1758929195.685248""","Fri, 26 Sep 2025 23:26:35 GMT",
agreements/agreements_20260607_025243/OKLAHOMA/Noble_County_Sheriff's_Office/NobleCoSheriffsOfficeOK_TFM_MOA_04202026.pdf,04276efbd0ee698905ae51a87241ac71e7fa43f8b87228c44f7556082d755a69,https://www.ice.gov/doclib/287gMOA/NobleCoSheriffsOfficeOK_TFM_MOA_04202026.pdf,2026-09-12T21:06:17Z,OKLAHOMA,Noble County Sheriff's Office,NobleCoSheriffsOfficeOK_TFM_MOA_04202026.pdf,MOA; revalidated; bytes identical,"""00852c781b8c7ccd7385501b6df766ff:1778246520.348952""","Fri, 08 May 2026 13:22:00 GMT",
