staged_file,source_file,source_url,snapshot_ts,sha256
sheets/sheets_wayback_20260814/participatingAgencies_20250222_5e79be058d3e.xlsx,excels/5e79be058d3e5907e64ba2b2ef55d18e7b37bb627f60b57aeef3cea58d7169bf.xlsx,https://www.ice.gov/doclib/about/offices/ero/287g/participatingAgencies.xlsx,20250222170855,5e79be058d3e5907e64ba2b2ef55d18e7b37bb627f60b57aeef3cea58d7169bf
sheets/sheets_wayback_20260814/participatingAgencies_20250227_3c2b72f8112b.xlsx,excels/3c2b72f8112bdd75edc350792d109abaf9863d4f22d3f24dc174a97ffbd70cbe.xlsx,https://www.ice.gov/doclib/about/offices/ero/287g/participatingAgencies.xlsx,20250227104329,3c2b72f8112bdd75edc350792d109abaf9863d4f22d3f24dc174a97ffbd70cbe
sheets/sheets_wayback_20260814/participatingAgencies01072026am_7516bee78dd7.xlsx,excels/7516bee78dd74abeb7a5923e0daa120363513fe55a1fe656124e6587fd8176d0.xlsx,https://www.ice.gov/doclib/about/offices/ero/287g/participatingAgencies01072026am.xlsx,20260108040456,7516bee78dd74abeb7a5923e0daa120363513fe55a1fe656124e6587fd8176d0
sheets/sheets_wayback_20260814/participatingAgencies01122026am_9972b76bb962.xlsx,excels/9972b76bb962a445d58b56d91d65f25a5717fe6ee163a65fc1bacd188c97114e.xlsx,https://www.ice.gov/doclib/about/offices/ero/287g/participatingAgencies01122026am.xlsx,20260113062646,9972b76bb962a445d58b56d91d65f25a5717fe6ee163a65fc1bacd188c97114e
sheets/sheets_wayback_20260814/participatingAgencies01162026am_5a3766937654.xlsx,excels/5a376693765417d024119f4c0fc86b93897ca2692ef5b1b71627dbbb36b4140e.xlsx,https://www.ice.gov/doclib/about/offices/ero/287g/participatingAgencies01162026am.xlsx,20260117023451,5a376693765417d024119f4c0fc86b93897ca2692ef5b1b71627dbbb36b4140e
sheets/sheets_wayback_20260814/participatingAgencies01222026am_88ed5429dc18.xlsx,excels/88ed5429dc18f0d18fc81b166f33b5ee077943524ab8de723f9edaa1b827ac4b.xlsx,https://www.ice.gov/doclib/about/offices/ero/287g/participatingAgencies01222026am.xlsx,20260122212224,88ed5429dc18f0d18fc81b166f33b5ee077943524ab8de723f9edaa1b827ac4b
sheets/sheets_wayback_20260814/participatingAgencies01232026am_56b2004c1de8.xlsx,excels/56b2004c1de8407353a644ab65361780785f071d3f5278c0cd04bcee51c11943.xlsx,https://www.ice.gov/doclib/about/offices/ero/287g/participatingAgencies01232026am.xlsx,20260123224102,56b2004c1de8407353a644ab65361780785f071d3f5278c0cd04bcee51c11943
sheets/sheets_wayback_20260814/participatingAgencies01282026pm_fc60e446fe79.xlsx,excels/fc60e446fe797f67b456fc711999554955a4c54fa8693f25e66bbfb22f1ec897.xlsx,https://www.ice.gov/doclib/about/offices/ero/287g/participatingAgencies01282026pm.xlsx,20260129090157,fc60e446fe797f67b456fc711999554955a4c54fa8693f25e66bbfb22f1ec897
sheets/sheets_wayback_20260814/participatingAgencies01292026pm_e52a47c8b175.xlsx,excels/e52a47c8b175395bc19424dab57828c2548dc3bb2f913fbada499e17bf60d09d.xlsx,https://www.ice.gov/doclib/about/offices/ero/287g/participatingAgencies01292026pm.xlsx,20260130123231,e52a47c8b175395bc19424dab57828c2548dc3bb2f913fbada499e17bf60d09d
sheets/sheets_wayback_20260814/participatingAgencies02022026am_f16cb7073199.xlsx,excels/f16cb70731995841e3ea973e97c46b917f815417ed42f70c867859630cdd6bb9.xlsx,https://www.ice.gov/doclib/about/offices/ero/287g/participatingAgencies02022026am.xlsx,20260203012345,f16cb70731995841e3ea973e97c46b917f815417ed42f70c867859630cdd6bb9
sheets/sheets_wayback_20260814/participatingAgencies02042026am_0a558bb17d09.xlsx,excels/0a558bb17d0931d651b53efa47f5dddd666814b8c9e62d954a2aa861eed2a408.xlsx,https://www.ice.gov/doclib/about/offices/ero/287g/participatingAgencies02042026am.xlsx,20260205132654,0a558bb17d0931d651b53efa47f5dddd666814b8c9e62d954a2aa861eed2a408
sheets/sheets_wayback_20260814/participatingAgencies02062026pm_79db5f34b81b.xlsx,excels/79db5f34b81b55bde983f9cb6c949bc22c6deacd1fbeb6ac24fb74ea19cd4752.xlsx,https://www.ice.gov/doclib/about/offices/ero/287g/participatingAgencies02062026pm.xlsx,20260207182428,79db5f34b81b55bde983f9cb6c949bc22c6deacd1fbeb6ac24fb74ea19cd4752
sheets/sheets_wayback_20260814/participatingAgencies02092026am_2cb590fa8bba.xlsx,excels/2cb590fa8bba452213cd4d7953ae63017718b66665c5264de476c39139dc4d5d.xlsx,https://www.ice.gov/doclib/about/offices/ero/287g/participatingAgencies02092026am.xlsx,20260209213703,2cb590fa8bba452213cd4d7953ae63017718b66665c5264de476c39139dc4d5d
sheets/sheets_wayback_20260814/participatingAgencies02102026am_e62908ddf1a9.xlsx,excels/e62908ddf1a91fcde9118e475ac9c2115428ccaa800377c9f22d9adcc7b42c3f.xlsx,https://www.ice.gov/doclib/about/offices/ero/287g/participatingAgencies02102026am.xlsx,20260211230646,e62908ddf1a91fcde9118e475ac9c2115428ccaa800377c9f22d9adcc7b42c3f
sheets/sheets_wayback_20260814/participatingAgencies02132026am_b518d8f73f77.xlsx,excels/b518d8f73f77a4add257e8ffe2adfc9e8abe8d301bef4da62f201f5473c98010.xlsx,https://www.ice.gov/doclib/about/offices/ero/287g/participatingAgencies02132026am.xlsx,20260214131804,b518d8f73f77a4add257e8ffe2adfc9e8abe8d301bef4da62f201f5473c98010
sheets/sheets_wayback_20260814/participatingAgencies02172026pm_7eb70a7a7d5b.xlsx,excels/7eb70a7a7d5bf1fb1498e9522db377b7a28f001691366b843b99b7922fd07fe5.xlsx,https://www.ice.gov/doclib/about/offices/ero/287g/participatingAgencies02172026pm.xlsx,20260219123527,7eb70a7a7d5bf1fb1498e9522db377b7a28f001691366b843b99b7922fd07fe5
sheets/sheets_wayback_20260814/participatingAgencies02272026am_ac3a707e25e9.xlsx,excels/ac3a707e25e9c61df7b63a5cc6c80604cc53732d355633ec4e09b8f2a4814d8d.xlsx,https://www.ice.gov/doclib/about/offices/ero/287g/participatingAgencies02272026am.xlsx,20260227211753,ac3a707e25e9c61df7b63a5cc6c80604cc53732d355633ec4e09b8f2a4814d8d
sheets/sheets_wayback_20260814/participatingAgencies03022026am_da777db84f17.xlsx,excels/da777db84f17994c81b556dcdce8129c0c3975448a25d2bb60f87427c260c15f.xlsx,https://www.ice.gov/doclib/about/offices/ero/287g/participatingAgencies03022026am.xlsx,20260303114707,da777db84f17994c81b556dcdce8129c0c3975448a25d2bb60f87427c260c15f
sheets/sheets_wayback_20260814/participatingAgencies03032025PM_63ebad7ab114.xlsx,excels/63ebad7ab1147ef3ac94bd0ca11e53b78f891d0f8d1bec3c7ec428b5b9ee508e.xlsx,https://www.ice.gov/doclib/about/offices/ero/287g/participatingAgencies03032025PM.xlsx,20250305151329,63ebad7ab1147ef3ac94bd0ca11e53b78f891d0f8d1bec3c7ec428b5b9ee508e
sheets/sheets_wayback_20260814/participatingAgencies03032026am_5f23c91d2507.xlsx,excels/5f23c91d25079d1ec7af44fb4253cf85799fd4560b133879211d841d5c747842.xlsx,https://www.ice.gov/doclib/about/offices/ero/287g/participatingAgencies03032026am.xlsx,20260304160447,5f23c91d25079d1ec7af44fb4253cf85799fd4560b133879211d841d5c747842
sheets/sheets_wayback_20260814/participatingAgencies03062025am_2a49c89d7a7f.xlsx,excels/2a49c89d7a7f43746f1807359a0d0f9a011300bb2675897b8fc65836f5bf6467.xlsx,https://www.ice.gov/doclib/about/offices/ero/287g/participatingAgencies03062025am.xlsx,20250309003823,2a49c89d7a7f43746f1807359a0d0f9a011300bb2675897b8fc65836f5bf6467
sheets/sheets_wayback_20260814/participatingAgencies03062026pm_75b11a5cb9f4.xlsx,excels/75b11a5cb9f4072c9d4529eb47b818282ce03a4e45655b1abba848c455446c92.xlsx,https://www.ice.gov/doclib/about/offices/ero/287g/participatingAgencies03062026pm.xlsx,20260307031117,75b11a5cb9f4072c9d4529eb47b818282ce03a4e45655b1abba848c455446c92
sheets/sheets_wayback_20260814/participatingAgencies03072025am_64d8f35f9959.xlsx,excels/64d8f35f9959578dc2d44b0e3c421a04e35d5fdbd6f002126e7302b5184ac989.xlsx,https://www.ice.gov/doclib/about/offices/ero/287g/participatingAgencies03072025am.xlsx,20250307222359,64d8f35f9959578dc2d44b0e3c421a04e35d5fdbd6f002126e7302b5184ac989
sheets/sheets_wayback_20260814/participatingAgencies03092026am_587ca6f21749.xlsx,excels/587ca6f21749bf51e6970268ddd2ff409970a8ab31ad14ba072a3f6341099f76.xlsx,https://www.ice.gov/doclib/about/offices/ero/287g/participatingAgencies03092026am.xlsx,20260309151618,587ca6f21749bf51e6970268ddd2ff409970a8ab31ad14ba072a3f6341099f76
sheets/sheets_wayback_20260814/participatingAgencies03112026am_661f45a38a19.xlsx,excels/661f45a38a19d4678b2a5fe69ed62dde4de7dd04f12a52459a9597b72ceca254.xlsx,https://www.ice.gov/doclib/about/offices/ero/287g/participatingAgencies03112026am.xlsx,20260312131910,661f45a38a19d4678b2a5fe69ed62dde4de7dd04f12a52459a9597b72ceca254
sheets/sheets_wayback_20260814/participatingAgencies03172025pm_88fdd9c68044.xlsx,excels/88fdd9c68044dbfed58b9dd4ef4dda119748ce6491909dfab0dbbe779255cf28.xlsx,https://www.ice.gov/doclib/about/offices/ero/287g/participatingAgencies03172025pm.xlsx,20250318084611,88fdd9c68044dbfed58b9dd4ef4dda119748ce6491909dfab0dbbe779255cf28
sheets/sheets_wayback_20260814/participatingAgencies03262025pm_6e46b0917d3f.xlsx,excels/6e46b0917d3f9b979f1297febfb8cce4da23ca80f9c67c02b757588524085038.xlsx,https://www.ice.gov/doclib/about/offices/ero/287g/participatingAgencies03262025pm.xlsx,20250328003200,6e46b0917d3f9b979f1297febfb8cce4da23ca80f9c67c02b757588524085038
sheets/sheets_wayback_20260814/participatingAgencies03272025am_add2e25197e3.xlsx,excels/add2e25197e3f63f6cd7b0ff7c2347562b98915e55eebccb549510cba9486538.xlsx,https://www.ice.gov/doclib/about/offices/ero/287g/participatingAgencies03272025am.xlsx,20250327155332,add2e25197e3f63f6cd7b0ff7c2347562b98915e55eebccb549510cba9486538
sheets/sheets_wayback_20260814/participatingAgencies03272026am_c291c4bb6cef.xlsx,excels/c291c4bb6cefc291dd5cc3cfc62ac47591ba702e5ad79504355659e8d26f77e8.xlsx,https://www.ice.gov/doclib/about/offices/ero/287g/participatingAgencies03272026am.xlsx,20260328130156,c291c4bb6cefc291dd5cc3cfc62ac47591ba702e5ad79504355659e8d26f77e8
sheets/sheets_wayback_20260814/participatingAgencies03282025am_7a66ca2d7222.xlsx,excels/7a66ca2d7222d8b2ea9b89b954beb1c46024edfb8b5bc95320e0f172680b97d9.xlsx,https://www.ice.gov/doclib/about/offices/ero/287g/participatingAgencies03282025am.xlsx,20250329002900,7a66ca2d7222d8b2ea9b89b954beb1c46024edfb8b5bc95320e0f172680b97d9
sheets/sheets_wayback_20260814/participatingAgencies03312025pm_8bade24a9e81.xlsx,excels/8bade24a9e8115d56cb552fbc7a48a9a5e01a3b806b309aa9efc0552e8b60c8c.xlsx,https://www.ice.gov/doclib/about/offices/ero/287g/participatingAgencies03312025pm.xlsx,20250401013122,8bade24a9e8115d56cb552fbc7a48a9a5e01a3b806b309aa9efc0552e8b60c8c
sheets/sheets_wayback_20260814/participatingAgencies04012026am_102467bb1a3e.xlsx,excels/102467bb1a3e0bf567400c2017fcb2ac6aa74a4b6c57ee15fb13052646f11334.xlsx,https://www.ice.gov/doclib/about/offices/ero/287g/participatingAgencies04012026am.xlsx,20260402080547,102467bb1a3e0bf567400c2017fcb2ac6aa74a4b6c57ee15fb13052646f11334
sheets/sheets_wayback_20260814/participatingAgencies04032025pm_81aebec4696e.xlsx,excels/81aebec4696ef0b520665a9fbcea8f34d454ba5585688e170cc9f9874e2cc056.xlsx,https://www.ice.gov/doclib/about/offices/ero/287g/participatingAgencies04032025pm.xlsx,20250403234634,81aebec4696ef0b520665a9fbcea8f34d454ba5585688e170cc9f9874e2cc056
sheets/sheets_wayback_20260814/participatingAgencies04102025am_6b049eb97837.xlsx,excels/6b049eb978370a14e733dce58a13547eed22c9f94c342856291dfbbabf29da69.xlsx,https://www.ice.gov/doclib/about/offices/ero/287g/participatingAgencies04102025am.xlsx,20250410132731,6b049eb978370a14e733dce58a13547eed22c9f94c342856291dfbbabf29da69
sheets/sheets_wayback_20260814/participatingAgencies04112025pm_adad1f089a00.xlsx,excels/adad1f089a00bc0f15082ce390a729e205ef5ffda81699eceeacbe644dfeb438.xlsx,https://www.ice.gov/doclib/about/offices/ero/287g/participatingAgencies04112025pm.xlsx,20250414043513,adad1f089a00bc0f15082ce390a729e205ef5ffda81699eceeacbe644dfeb438
sheets/sheets_wayback_20260814/participatingAgencies04132026am_85b54a8e1b33.xlsx,excels/85b54a8e1b3343092cff9c496716f99c55ca923108dfb16364c06a9f55791672.xlsx,https://www.ice.gov/doclib/about/offices/ero/287g/participatingAgencies04132026am.xlsx,20260414114945,85b54a8e1b3343092cff9c496716f99c55ca923108dfb16364c06a9f55791672
sheets/sheets_wayback_20260814/participatingAgencies04142025am_2b08799b50ae.xlsx,excels/2b08799b50ae8c804743f90bf645bcce57789f6ba642db33cd3e6dc48fd4924f.xlsx,https://www.ice.gov/doclib/about/offices/ero/287g/participatingAgencies04142025am.xlsx,20250415094706,2b08799b50ae8c804743f90bf645bcce57789f6ba642db33cd3e6dc48fd4924f
sheets/sheets_wayback_20260814/participatingAgencies04152026pm_0a93968abccb.xlsx,excels/0a93968abccb74e46814e5318f6a83474d2bff2788699c57a5a5d3440a6788a2.xlsx,https://www.ice.gov/doclib/about/offices/ero/287g/participatingAgencies04152026pm.xlsx,20260415220155,0a93968abccb74e46814e5318f6a83474d2bff2788699c57a5a5d3440a6788a2
sheets/sheets_wayback_20260814/participatingAgencies04212026am_40c2a09e26b3.xlsx,excels/40c2a09e26b382c148db7d1964218ec0f41140793e4ef9c82773fb128c865d4a.xlsx,https://www.ice.gov/doclib/about/offices/ero/287g/participatingAgencies04212026am.xlsx,20260421185002,40c2a09e26b382c148db7d1964218ec0f41140793e4ef9c82773fb128c865d4a
sheets/sheets_wayback_20260814/participatingAgencies04242025am_85ea374f2816.xlsx,excels/85ea374f2816790c2bc2efec0e5bc9d8245d19695ee604eadc1a502b1bfe3faf.xlsx,https://www.ice.gov/doclib/about/offices/ero/287g/participatingAgencies04242025am.xlsx,20250428063138,85ea374f2816790c2bc2efec0e5bc9d8245d19695ee604eadc1a502b1bfe3faf
sheets/sheets_wayback_20260814/participatingAgencies04282025am_66b1c5080144.xlsx,excels/66b1c508014473ce5df6daa74b5a7ab2a0ff31f26c0523cbfd7ee59a697ccba1.xlsx,https://www.ice.gov/doclib/about/offices/ero/287g/participatingAgencies04282025am.xlsx,20250428214940,66b1c508014473ce5df6daa74b5a7ab2a0ff31f26c0523cbfd7ee59a697ccba1
sheets/sheets_wayback_20260814/participatingAgencies05152025am_2f8e91de7687.xlsx,excels/2f8e91de7687dd6fa84d9973f5e42f938786f4f4455827e66209fc225feefabd.xlsx,https://www.ice.gov/doclib/about/offices/ero/287g/participatingAgencies05152025am.xlsx,20250516134839,2f8e91de7687dd6fa84d9973f5e42f938786f4f4455827e66209fc225feefabd
sheets/sheets_wayback_20260814/participatingAgencies05162025am_46f827da806f.xlsx,excels/46f827da806f2a0161e4768a8801b7970e431c76e4fd946576e06095bfd50503.xlsx,https://www.ice.gov/doclib/about/offices/ero/287g/participatingAgencies05162025am.xlsx,20250517204948,46f827da806f2a0161e4768a8801b7970e431c76e4fd946576e06095bfd50503
sheets/sheets_wayback_20260814/participatingAgencies05222025pm_f3eeb264c747.xlsx,excels/f3eeb264c747bb4739204fb9975b8a61380cee06be050cec529cfa52fd9b3915.xlsx,https://www.ice.gov/doclib/about/offices/ero/287g/participatingAgencies05222025pm.xlsx,20250523195033,f3eeb264c747bb4739204fb9975b8a61380cee06be050cec529cfa52fd9b3915
sheets/sheets_wayback_20260814/participatingAgencies05232025pm_c4502baeff14.xlsx,excels/c4502baeff14ce5a4fdcb1dde4631b7b7f6b49a7c488baaefb5c30699711c045.xlsx,https://www.ice.gov/doclib/about/offices/ero/287g/participatingAgencies05232025pm.xlsx,20250524215928,c4502baeff14ce5a4fdcb1dde4631b7b7f6b49a7c488baaefb5c30699711c045
sheets/sheets_wayback_20260814/participatingAgencies05292025am_5d0d3292d435.xlsx,excels/5d0d3292d435025b3b369f9a1a13c89a8de26ccf66cfa95a4f8ebdea7849570c.xlsx,https://www.ice.gov/doclib/about/offices/ero/287g/participatingAgencies05292025am.xlsx,20250602194610,5d0d3292d435025b3b369f9a1a13c89a8de26ccf66cfa95a4f8ebdea7849570c
sheets/sheets_wayback_20260814/participatingAgencies06112025pm_b0a41023e161.xlsx,excels/b0a41023e161d369e8acc97385c183b750190dbaa45911479aa5c25bc83187cf.xlsx,https://www.ice.gov/doclib/about/offices/ero/287g/participatingAgencies06112025pm.xlsx,20250612173507,b0a41023e161d369e8acc97385c183b750190dbaa45911479aa5c25bc83187cf
sheets/sheets_wayback_20260814/participatingAgencies06122025pm_4b47f1ccecea.xlsx,excels/4b47f1ccecea5b5abac8a9f3c930988c1004280a6855382c101e41cdfd712a6c.xlsx,https://www.ice.gov/doclib/about/offices/ero/287g/participatingAgencies06122025pm.xlsx,20250613231119,4b47f1ccecea5b5abac8a9f3c930988c1004280a6855382c101e41cdfd712a6c
sheets/sheets_wayback_20260814/participatingAgencies06162025pm_f8656926b6cf.xlsx,excels/f8656926b6cf087f4db42bd9addf2b7423169a3f8e4319ab38a1be09fb78fc92.xlsx,https://www.ice.gov/doclib/about/offices/ero/287g/participatingAgencies06162025pm.xlsx,20250616231113,f8656926b6cf087f4db42bd9addf2b7423169a3f8e4319ab38a1be09fb78fc92
sheets/sheets_wayback_20260814/participatingAgencies06232025am_3c6068ecdc74.xlsx,excels/3c6068ecdc741e8f79cf02875d8577f1f29d02563d60a95a89e4e652241a4509.xlsx,https://www.ice.gov/doclib/about/offices/ero/287g/participatingAgencies06232025am.xlsx,20250624125623,3c6068ecdc741e8f79cf02875d8577f1f29d02563d60a95a89e4e652241a4509
sheets/sheets_wayback_20260814/participatingAgencies06262025am_27b115195f41.xlsx,excels/27b115195f410a47d12ea51cb06438678243fb23b566099bba650ddbbb93ec15.xlsx,https://www.ice.gov/doclib/about/offices/ero/287g/participatingAgencies06262025am.xlsx,20250626115614,27b115195f410a47d12ea51cb06438678243fb23b566099bba650ddbbb93ec15
sheets/sheets_wayback_20260814/participatingAgencies06272025am_9f63c87f87a6.xlsx,excels/9f63c87f87a67596dc7102ab2629c1ed4efae96c4f7cad487e73ff7868ca89f7.xlsx,https://www.ice.gov/doclib/about/offices/ero/287g/participatingAgencies06272025am.xlsx,20250627125227,9f63c87f87a67596dc7102ab2629c1ed4efae96c4f7cad487e73ff7868ca89f7
sheets/sheets_wayback_20260814/participatingAgencies07012025pm_9cf83e994400.xlsx,excels/9cf83e9944003b429cc56892873d5dee5cf2b2d9343c1bc025e32c4a5a337584.xlsx,https://www.ice.gov/doclib/about/offices/ero/287g/participatingAgencies07012025pm.xlsx,20250701231124,9cf83e9944003b429cc56892873d5dee5cf2b2d9343c1bc025e32c4a5a337584
sheets/sheets_wayback_20260814/participatingAgencies07112025pm_fac5cf8f8e6d.xlsx,excels/fac5cf8f8e6d34aa10b1b92f98bfc57b6436cc78ad9438a05c1546256109b9df.xlsx,https://www.ice.gov/doclib/about/offices/ero/287g/participatingAgencies07112025pm.xlsx,20250711231125,fac5cf8f8e6d34aa10b1b92f98bfc57b6436cc78ad9438a05c1546256109b9df
sheets/sheets_wayback_20260814/participatingAgencies07142025am_29f095b63ee9.xlsx,excels/29f095b63ee95e74bf94c7213250be490d958416e561aee9a6d206ff624f323e.xlsx,https://www.ice.gov/doclib/about/offices/ero/287g/participatingAgencies07142025am.xlsx,20250714231140,29f095b63ee95e74bf94c7213250be490d958416e561aee9a6d206ff624f323e
sheets/sheets_wayback_20260814/participatingAgencies07152025am_3da04b2a6474.xlsx,excels/3da04b2a64749fb83b5f722ce8be4afeacc69c7de65f68a2c8e89ea7146c1711.xlsx,https://www.ice.gov/doclib/about/offices/ero/287g/participatingAgencies07152025am.xlsx,20250716101523,3da04b2a64749fb83b5f722ce8be4afeacc69c7de65f68a2c8e89ea7146c1711
sheets/sheets_wayback_20260814/participatingAgencies07182025pm_d6edafa262b3.xlsx,excels/d6edafa262b3d105118e09bd00686e34cee9e19a621352cd0a39cafd3f056195.xlsx,https://www.ice.gov/doclib/about/offices/ero/287g/participatingAgencies07182025pm.xlsx,20250718231210,d6edafa262b3d105118e09bd00686e34cee9e19a621352cd0a39cafd3f056195
sheets/sheets_wayback_20260814/participatingAgencies07242025pm_b_cecc14c2c952.xlsx,excels/cecc14c2c9526189c85fc462e4d5c8230db34da465cb33c114ccba6998c58ab0.xlsx,https://www.ice.gov/doclib/about/offices/ero/287g/participatingAgencies07242025pm_b.xlsx,20250724231340,cecc14c2c9526189c85fc462e4d5c8230db34da465cb33c114ccba6998c58ab0
sheets/sheets_wayback_20260814/participatingAgencies07252025pm_122bef52ca3e.xlsx,excels/122bef52ca3e58db73ec5161c4c652a0bd67ea19c2eb6037f1061f10f9ae5f19.xlsx,https://www.ice.gov/doclib/about/offices/ero/287g/participatingAgencies07252025pm.xlsx,20250725231351,122bef52ca3e58db73ec5161c4c652a0bd67ea19c2eb6037f1061f10f9ae5f19
sheets/sheets_wayback_20260814/participatingAgencies07292025pm_5ebda7dbc728.xlsx,excels/5ebda7dbc72813f6f03d3389112e7df2db749ada57051434e637171859a8c79d.xlsx,https://www.ice.gov/doclib/about/offices/ero/287g/participatingAgencies07292025pm.xlsx,20250729231147,5ebda7dbc72813f6f03d3389112e7df2db749ada57051434e637171859a8c79d
sheets/sheets_wayback_20260814/participatingAgencies07302025pm_80407a41af58.xlsx,excels/80407a41af58da4c319f40bf8b96975a6938955aa3472b8eac42e55f693970a6.xlsx,https://www.ice.gov/doclib/about/offices/ero/287g/participatingAgencies07302025pm.xlsx,20250731231138,80407a41af58da4c319f40bf8b96975a6938955aa3472b8eac42e55f693970a6
sheets/sheets_wayback_20260814/participatingAgencies08012025pm_4b680fac28eb.xlsx,excels/4b680fac28ebbdee115f7529fd38f721c2119c9de353d9412c15b77faf960c8c.xlsx,https://www.ice.gov/doclib/about/offices/ero/287g/participatingAgencies08012025pm.xlsx,20250803023245,4b680fac28ebbdee115f7529fd38f721c2119c9de353d9412c15b77faf960c8c
sheets/sheets_wayback_20260814/participatingAgencies08052025pm_1fb46bcffa6b.xlsx,excels/1fb46bcffa6be28918ac9c1b158759dc0e903fc2e08f9a5915a766ad5e917acd.xlsx,https://www.ice.gov/doclib/about/offices/ero/287g/participatingAgencies08052025pm.xlsx,20250805220949,1fb46bcffa6be28918ac9c1b158759dc0e903fc2e08f9a5915a766ad5e917acd
sheets/sheets_wayback_20260814/participatingAgencies08062025pm_e4f0b367514a.xlsx,excels/e4f0b367514a807e9f7813be2bd279d669a697631d847bde4025f192c0efa046.xlsx,https://www.ice.gov/doclib/about/offices/ero/287g/participatingAgencies08062025pm.xlsx,20250807020543,e4f0b367514a807e9f7813be2bd279d669a697631d847bde4025f192c0efa046
sheets/sheets_wayback_20260814/participatingAgencies08072025pm_1e64567a9af3.xlsx,excels/1e64567a9af330ff1b6d3ea5e88610096f3d0b77f0af690327946002511b7c5a.xlsx,https://www.ice.gov/doclib/about/offices/ero/287g/participatingAgencies08072025pm.xlsx,20250808103132,1e64567a9af330ff1b6d3ea5e88610096f3d0b77f0af690327946002511b7c5a
sheets/sheets_wayback_20260814/participatingAgencies08082025pm_f9ae9fc53561.xlsx,excels/f9ae9fc535617ea5d9e518c20273a4f5fb828050723ccb15c68afd736cf89006.xlsx,https://www.ice.gov/doclib/about/offices/ero/287g/participatingAgencies08082025pm.xlsx,20250811140043,f9ae9fc535617ea5d9e518c20273a4f5fb828050723ccb15c68afd736cf89006
sheets/sheets_wayback_20260814/participatingAgencies08142025pm_21c08c3b4734.xlsx,excels/21c08c3b4734895f5bf77dfabb0fe2d9095ea2cf15945c66f630307082d1f0db.xlsx,https://www.ice.gov/doclib/about/offices/ero/287g/participatingAgencies08142025pm.xlsx,20250814223528,21c08c3b4734895f5bf77dfabb0fe2d9095ea2cf15945c66f630307082d1f0db
sheets/sheets_wayback_20260814/participatingAgencies08202025pm_22d8c8646ab5.xlsx,excels/22d8c8646ab546233c75be19b9d170afe1aa492792de38fa693d39adba7af3e2.xlsx,https://www.ice.gov/doclib/about/offices/ero/287g/participatingAgencies08202025pm.xlsx,20250821135928,22d8c8646ab546233c75be19b9d170afe1aa492792de38fa693d39adba7af3e2
sheets/sheets_wayback_20260814/participatingAgencies08272025am_ce49743beef0.xlsx,excels/ce49743beef087e1f2eba7642c0e95a8f8eccaa36207edc0531d55d12cd74c7d.xlsx,https://www.ice.gov/doclib/about/offices/ero/287g/participatingAgencies08272025am.xlsx,20250827135640,ce49743beef087e1f2eba7642c0e95a8f8eccaa36207edc0531d55d12cd74c7d
sheets/sheets_wayback_20260814/participatingAgencies09032025pm_12e0e6039d3d.xlsx,excels/12e0e6039d3d1c46e9b56331bb32f74b520600a28220e58c48fcbaeacdf16125.xlsx,https://www.ice.gov/doclib/about/offices/ero/287g/participatingAgencies09032025pm.xlsx,20250904122858,12e0e6039d3d1c46e9b56331bb32f74b520600a28220e58c48fcbaeacdf16125
sheets/sheets_wayback_20260814/participatingAgencies09042025pm_6102eb2a5f30.xlsx,excels/6102eb2a5f30e3d1de09503b9bb91e3fc7b6a82118e50fa887986e1039dfc9f6.xlsx,https://www.ice.gov/doclib/about/offices/ero/287g/participatingAgencies09042025pm.xlsx,20250904221331,6102eb2a5f30e3d1de09503b9bb91e3fc7b6a82118e50fa887986e1039dfc9f6
sheets/sheets_wayback_20260814/participatingAgencies09052025pm_c7bb3c73b5e6.xlsx,excels/c7bb3c73b5e6737392e857e8068d1eeb78a42c6b4f0c18b70a16626c276e0425.xlsx,https://www.ice.gov/doclib/about/offices/ero/287g/participatingAgencies09052025pm.xlsx,20250905180607,c7bb3c73b5e6737392e857e8068d1eeb78a42c6b4f0c18b70a16626c276e0425
sheets/sheets_wayback_20260814/participatingAgencies09082025am_b9cb179ef04e.xlsx,excels/b9cb179ef04e71e3f35cc3a9c5a25a950c6f325fc90df3ec0892de0e10afa8d1.xlsx,https://www.ice.gov/doclib/about/offices/ero/287g/participatingAgencies09082025am.xlsx,20250908190919,b9cb179ef04e71e3f35cc3a9c5a25a950c6f325fc90df3ec0892de0e10afa8d1
sheets/sheets_wayback_20260814/participatingAgencies09082025pm_9027c6279957.xlsx,excels/9027c6279957bab6292d8ddbe962ceac6d37f0ca27e567ed621e30189167f9d3.xlsx,https://www.ice.gov/doclib/about/offices/ero/287g/participatingAgencies09082025pm.xlsx,20250909110001,9027c6279957bab6292d8ddbe962ceac6d37f0ca27e567ed621e30189167f9d3
sheets/sheets_wayback_20260814/participatingAgencies09102025am_a526f7790793.xlsx,excels/a526f7790793b2534ed0fa2fe22bb2d44f1d442f9aa81fec98210b110eb7a362.xlsx,https://www.ice.gov/doclib/about/offices/ero/287g/participatingAgencies09102025am.xlsx,20250910185824,a526f7790793b2534ed0fa2fe22bb2d44f1d442f9aa81fec98210b110eb7a362
sheets/sheets_wayback_20260814/participatingAgencies09112025pm_b1f93430e4b9.xlsx,excels/b1f93430e4b9a95955cd58c19dd8f249e4fcbeb5d52de908b3eab4c3b76325f7.xlsx,https://www.ice.gov/doclib/about/offices/ero/287g/participatingAgencies09112025pm.xlsx,20250912132915,b1f93430e4b9a95955cd58c19dd8f249e4fcbeb5d52de908b3eab4c3b76325f7
sheets/sheets_wayback_20260814/participatingAgencies09172025pm_6e10b847349e.xlsx,excels/6e10b847349e1663ffb0455d44b6ac33dbb0329bcf57fc6560cd630e46b4315f.xlsx,https://www.ice.gov/doclib/about/offices/ero/287g/participatingAgencies09172025pm.xlsx,20250918162900,6e10b847349e1663ffb0455d44b6ac33dbb0329bcf57fc6560cd630e46b4315f
sheets/sheets_wayback_20260814/participatingAgencies09232025am_4f2b62c6b3d6.xlsx,excels/4f2b62c6b3d6bd193b2cebf872a2063bc67d065042d55ed838ce098b62b112a2.xlsx,https://www.ice.gov/doclib/about/offices/ero/287g/participatingAgencies09232025am.xlsx,20250923142042,4f2b62c6b3d6bd193b2cebf872a2063bc67d065042d55ed838ce098b62b112a2
sheets/sheets_wayback_20260814/participatingAgencies09242025am_0a828c6db84e.xlsx,excels/0a828c6db84e9b2a8d6a00a0e315d391a793bcdb4df0f4de0b29b0993298aba5.xlsx,https://www.ice.gov/doclib/about/offices/ero/287g/participatingAgencies09242025am.xlsx,20250924212926,0a828c6db84e9b2a8d6a00a0e315d391a793bcdb4df0f4de0b29b0993298aba5
sheets/sheets_wayback_20260814/participatingAgencies09252025am_9efabfd71860.xlsx,excels/9efabfd718608e26013b304733ee9b9088d91cc8360fd876bb474fe850d68ac2.xlsx,https://www.ice.gov/doclib/about/offices/ero/287g/participatingAgencies09252025am.xlsx,20250925195426,9efabfd718608e26013b304733ee9b9088d91cc8360fd876bb474fe850d68ac2
sheets/sheets_wayback_20260814/participatingAgencies09302025pm_471f48c9389e.xlsx,excels/471f48c9389e6232342d8f7cbc64cded5629c37c4e0a1ddebad1b8f824a3ad9c.xlsx,https://www.ice.gov/doclib/about/offices/ero/287g/participatingAgencies09302025pm.xlsx,20251001121106,471f48c9389e6232342d8f7cbc64cded5629c37c4e0a1ddebad1b8f824a3ad9c
sheets/sheets_wayback_20260814/participatingAgencies10152025mid_802ad72cf4bb.xlsx,excels/802ad72cf4bbb9bbc00acf073091e68d042d74a157516dd319ecf53ef064fa67.xlsx,https://www.ice.gov/doclib/about/offices/ero/287g/participatingAgencies10152025mid.xlsx,20251015192518,802ad72cf4bbb9bbc00acf073091e68d042d74a157516dd319ecf53ef064fa67
sheets/sheets_wayback_20260814/participatingAgencies10162025am_443f140f031e.xlsx,excels/443f140f031ecea62116d23de202dfd93fcd29a6876aa2a2e724af8aba659636.xlsx,https://www.ice.gov/doclib/about/offices/ero/287g/participatingAgencies10162025am.xlsx,20251016160213,443f140f031ecea62116d23de202dfd93fcd29a6876aa2a2e724af8aba659636
sheets/sheets_wayback_20260814/participatingAgencies10222025am_1e8a6d562500.xlsx,excels/1e8a6d5625006d5422766b037d3f0540ea7b66555419c00899f23b3ebf4966ce.xlsx,https://www.ice.gov/doclib/about/offices/ero/287g/participatingAgencies10222025am.xlsx,20251022115342,1e8a6d5625006d5422766b037d3f0540ea7b66555419c00899f23b3ebf4966ce
sheets/sheets_wayback_20260814/participatingAgencies10222025mid_ce5a401d3cdf.xlsx,excels/ce5a401d3cdf6f7ac045baaa492a6b640faa5975d4b0bcf76da66bbd1ac9b29e.xlsx,https://www.ice.gov/doclib/about/offices/ero/287g/participatingAgencies10222025mid.xlsx,20251022192338,ce5a401d3cdf6f7ac045baaa492a6b640faa5975d4b0bcf76da66bbd1ac9b29e
sheets/sheets_wayback_20260814/participatingAgencies10232025am_3fa101840aa8.xlsx,excels/3fa101840aa898dd4cc29e7add461079b155a9e4cd6811eb84dead7698d8a1de.xlsx,https://www.ice.gov/doclib/about/offices/ero/287g/participatingAgencies10232025am.xlsx,20251023170517,3fa101840aa898dd4cc29e7add461079b155a9e4cd6811eb84dead7698d8a1de
sheets/sheets_wayback_20260814/participatingAgencies10232025mid_b17cd5de1df3.xlsx,excels/b17cd5de1df3f6723ec0bef83fb7508f2932ce88da768f79c27d14c35fe06d1a.xlsx,https://www.ice.gov/doclib/about/offices/ero/287g/participatingAgencies10232025mid.xlsx,20251024065300,b17cd5de1df3f6723ec0bef83fb7508f2932ce88da768f79c27d14c35fe06d1a
sheets/sheets_wayback_20260814/participatingAgencies10272025am_f3d6b461ea5d.xlsx,excels/f3d6b461ea5dea63efbb6eebc2f269dd2b898942ce70215ec5fb5c87ef391d74.xlsx,https://www.ice.gov/doclib/about/offices/ero/287g/participatingAgencies10272025am.xlsx,20251027135622,f3d6b461ea5dea63efbb6eebc2f269dd2b898942ce70215ec5fb5c87ef391d74
sheets/sheets_wayback_20260814/participatingAgencies10292025am_e68db663c465.xlsx,excels/e68db663c465fc9d7d2e68b5a152a4b46a97bf18c6be5a6d963a4e95c77fb8a6.xlsx,https://www.ice.gov/doclib/about/offices/ero/287g/participatingAgencies10292025am.xlsx,20251031020601,e68db663c465fc9d7d2e68b5a152a4b46a97bf18c6be5a6d963a4e95c77fb8a6
sheets/sheets_wayback_20260814/participatingAgencies10312025pm_f3e8fbfa1ad3.xlsx,excels/f3e8fbfa1ad3c06b8a745fe1f94fb329e93dc23c21f8941734e2ee1f6109a7ca.xlsx,https://www.ice.gov/doclib/about/offices/ero/287g/participatingAgencies10312025pm.xlsx,20251031214619,f3e8fbfa1ad3c06b8a745fe1f94fb329e93dc23c21f8941734e2ee1f6109a7ca
sheets/sheets_wayback_20260814/participatingAgencies11032025am_674df0c1f2df.xlsx,excels/674df0c1f2df89b564492bd464209e074c6b848ced9495148d3a5bbd306e28a4.xlsx,https://www.ice.gov/doclib/about/offices/ero/287g/participatingAgencies11032025am.xlsx,20251104023835,674df0c1f2df89b564492bd464209e074c6b848ced9495148d3a5bbd306e28a4
sheets/sheets_wayback_20260814/participatingAgencies11042025am_dab0bf544d67.xlsx,excels/dab0bf544d674db99016634c1632def9b58df133561f73694402e96216a01205.xlsx,https://www.ice.gov/doclib/about/offices/ero/287g/participatingAgencies11042025am.xlsx,20251104230155,dab0bf544d674db99016634c1632def9b58df133561f73694402e96216a01205
sheets/sheets_wayback_20260814/participatingAgencies11062025am_e8ff5ff5f8ad.xlsx,excels/e8ff5ff5f8ad0d781dd8de8c17305e5ac12a4e376ee532b77bc8a47fd1391468.xlsx,https://www.ice.gov/doclib/about/offices/ero/287g/participatingAgencies11062025am.xlsx,20251106162800,e8ff5ff5f8ad0d781dd8de8c17305e5ac12a4e376ee532b77bc8a47fd1391468
sheets/sheets_wayback_20260814/participatingAgencies11072025pm_6d1d2936eeaf.xlsx,excels/6d1d2936eeafe2db58fb61bee854b147a6362cfc8dfc3ea24dec1a3509b4155d.xlsx,https://www.ice.gov/doclib/about/offices/ero/287g/participatingAgencies11072025pm.xlsx,20251108202710,6d1d2936eeafe2db58fb61bee854b147a6362cfc8dfc3ea24dec1a3509b4155d
sheets/sheets_wayback_20260814/participatingAgencies11102025pm_9a1ec215ed85.xlsx,excels/9a1ec215ed85d846ccaa2f053d12397ac877019fd6045195b7f0504f30d8f5da.xlsx,https://www.ice.gov/doclib/about/offices/ero/287g/participatingAgencies11102025pm.xlsx,20251111174753,9a1ec215ed85d846ccaa2f053d12397ac877019fd6045195b7f0504f30d8f5da
sheets/sheets_wayback_20260814/participatingAgencies11202025mid_6a6f89c30941.xlsx,excels/6a6f89c3094115acb51c324d33f1d9f9e44a67e01668f4315277f8d1a932675f.xlsx,https://www.ice.gov/doclib/about/offices/ero/287g/participatingAgencies11202025mid.xlsx,20251122223455,6a6f89c3094115acb51c324d33f1d9f9e44a67e01668f4315277f8d1a932675f
sheets/sheets_wayback_20260814/participatingAgencies12012025am_27cc094bf362.xlsx,excels/27cc094bf362f99f6e0a198ff832cb08b52360dce84b929df51411db8d501ddf.xlsx,https://www.ice.gov/doclib/about/offices/ero/287g/participatingAgencies12012025am.xlsx,20251202161810,27cc094bf362f99f6e0a198ff832cb08b52360dce84b929df51411db8d501ddf
sheets/sheets_wayback_20260814/participatingAgencies12042025pm_c25032e5d895.xlsx,excels/c25032e5d89588f1b47b749a2adab0b72fb4887e9e9bc35a281ed28ce1a85fb8.xlsx,https://www.ice.gov/doclib/about/offices/ero/287g/participatingAgencies12042025pm.xlsx,20251204222125,c25032e5d89588f1b47b749a2adab0b72fb4887e9e9bc35a281ed28ce1a85fb8
sheets/sheets_wayback_20260814/participatingAgencies12042025pm2_22d2776851f3.xlsx,excels/22d2776851f34a6a22a176f7bcddc7d3e0b1fe77681eeac6159ef2077296d1a4.xlsx,https://www.ice.gov/doclib/about/offices/ero/287g/participatingAgencies12042025pm2.xlsx,20251205151125,22d2776851f34a6a22a176f7bcddc7d3e0b1fe77681eeac6159ef2077296d1a4
sheets/sheets_wayback_20260814/participatingAgencies12082025mid_416c9f219ba5.xlsx,excels/416c9f219ba5cf4e1bef6c933bacf6af6ab495dfef324a4c47aaac145af18440.xlsx,https://www.ice.gov/doclib/about/offices/ero/287g/participatingAgencies12082025mid.xlsx,20251209033022,416c9f219ba5cf4e1bef6c933bacf6af6ab495dfef324a4c47aaac145af18440
sheets/sheets_wayback_20260814/participatingAgencies12102025am_bb44bb82c721.xlsx,excels/bb44bb82c721ca4c10c1b4691a076ab44a8c5bdae7afde1bc5bafd5b3a07a4e1.xlsx,https://www.ice.gov/doclib/about/offices/ero/287g/participatingAgencies12102025am.xlsx,20251210205858,bb44bb82c721ca4c10c1b4691a076ab44a8c5bdae7afde1bc5bafd5b3a07a4e1
sheets/sheets_wayback_20260814/participatingAgencies12122025pm_ad10624623cc.xlsx,excels/ad10624623cc5e170a4d730af6bf9eadcee57489a8421ed51a3dbbcfd5ea6418.xlsx,https://www.ice.gov/doclib/about/offices/ero/287g/participatingAgencies12122025pm.xlsx,20251212160134,ad10624623cc5e170a4d730af6bf9eadcee57489a8421ed51a3dbbcfd5ea6418
sheets/sheets_wayback_20260814/participatingAgencies12122025pm_23970416c500.xlsx,excels/23970416c500a6a117bc5731e077c8af2da14b8d0c2ead61728527e375aa8bf3.xlsx,https://www.ice.gov/doclib/about/offices/ero/287g/participatingAgencies12122025pm.xlsx,20251223061759,23970416c500a6a117bc5731e077c8af2da14b8d0c2ead61728527e375aa8bf3
sheets/sheets_wayback_20260814/participatingAgencies12302025am_3148c9a8781d.xlsx,excels/3148c9a8781d18561a4e4d5723b5c2029c8e73fa3c79a44cf54d6a7eb4077e0a.xlsx,https://www.ice.gov/doclib/about/offices/ero/287g/participatingAgencies12302025am.xlsx,20251231141521,3148c9a8781d18561a4e4d5723b5c2029c8e73fa3c79a44cf54d6a7eb4077e0a
sheets/sheets_wayback_20260814/pendingAgencies_20250222_dd9f37e54676.xlsx,excels/dd9f37e546763043c157874f7d00fc03d3f9d20898f427e2c1b3fabd8e00d7ea.xlsx,https://www.ice.gov/doclib/about/offices/ero/287g/pendingAgencies.xlsx,20250222170728,dd9f37e546763043c157874f7d00fc03d3f9d20898f427e2c1b3fabd8e00d7ea
sheets/sheets_wayback_20260814/pendingAgencies01072026am_ee30f212dbb2.xlsx,excels/ee30f212dbb247be3c10c7f13a03b3bfea4ea86dda97812f7de15cc1a5ab392f.xlsx,https://www.ice.gov/doclib/about/offices/ero/287g/pendingAgencies01072026am.xlsx,20260108040452,ee30f212dbb247be3c10c7f13a03b3bfea4ea86dda97812f7de15cc1a5ab392f
sheets/sheets_wayback_20260814/pendingAgencies01122026am_fe307f1038f8.xlsx,excels/fe307f1038f8da1c4119a28e64f59e42b86066495181eefeeaec62c80ae1b8db.xlsx,https://www.ice.gov/doclib/about/offices/ero/287g/pendingAgencies01122026am.xlsx,20260113155048,fe307f1038f8da1c4119a28e64f59e42b86066495181eefeeaec62c80ae1b8db
sheets/sheets_wayback_20260814/pendingAgencies01152026am_c08fdc8398fa.xlsx,excels/c08fdc8398fa58905b8bfd238d40324088f50b857f2ae9ebcc2003fa03cbf037.xlsx,https://www.ice.gov/doclib/about/offices/ero/287g/pendingAgencies01152026am.xlsx,20260117120930,c08fdc8398fa58905b8bfd238d40324088f50b857f2ae9ebcc2003fa03cbf037
sheets/sheets_wayback_20260814/pendingAgencies01162026am_9fff1f68d5de.xlsx,excels/9fff1f68d5de4e1803fe75605985ad092a9446f332846a6158e01a0c364ad93a.xlsx,https://www.ice.gov/doclib/about/offices/ero/287g/pendingAgencies01162026am.xlsx,20260117032502,9fff1f68d5de4e1803fe75605985ad092a9446f332846a6158e01a0c364ad93a
sheets/sheets_wayback_20260814/pendingAgencies01212026am_4568207008da.xlsx,excels/4568207008daab44e38672525f4bcb3cce5f0f98b2568385ee9688ed7b830b52.xlsx,https://www.ice.gov/doclib/about/offices/ero/287g/pendingAgencies01212026am.xlsx,20260122131212,4568207008daab44e38672525f4bcb3cce5f0f98b2568385ee9688ed7b830b52
sheets/sheets_wayback_20260814/pendingAgencies01272026am_f646c1c56136.xlsx,excels/f646c1c56136c09da063f40e162aa2a99b9326e5cfab098338877b012d722294.xlsx,https://www.ice.gov/doclib/about/offices/ero/287g/pendingAgencies01272026am.xlsx,20260128185402,f646c1c56136c09da063f40e162aa2a99b9326e5cfab098338877b012d722294
sheets/sheets_wayback_20260814/pendingAgencies02022026am_0e1a851177ee.xlsx,excels/0e1a851177eeb09009dac6bb65916fc0e2a3c594bc6898447b5015fc9f3007b4.xlsx,https://www.ice.gov/doclib/about/offices/ero/287g/pendingAgencies02022026am.xlsx,20260203012359,0e1a851177eeb09009dac6bb65916fc0e2a3c594bc6898447b5015fc9f3007b4
sheets/sheets_wayback_20260814/pendingAgencies02032026am_854e749b8602.xlsx,excels/854e749b86028c38ad2d2cd195d7fecb50ea83d19ea2b1550aa614daaabe8419.xlsx,https://www.ice.gov/doclib/about/offices/ero/287g/pendingAgencies02032026am.xlsx,20260203230845,854e749b86028c38ad2d2cd195d7fecb50ea83d19ea2b1550aa614daaabe8419
sheets/sheets_wayback_20260814/pendingAgencies02062026pm_540e35f57d55.xlsx,excels/540e35f57d55acf2ad2033e536414cd1ad40ff93a3cb37a0a94937431ddb82d0.xlsx,https://www.ice.gov/doclib/about/offices/ero/287g/pendingAgencies02062026pm.xlsx,20260207125209,540e35f57d55acf2ad2033e536414cd1ad40ff93a3cb37a0a94937431ddb82d0
sheets/sheets_wayback_20260814/pendingAgencies02272026am_4c0fc44c608a.xlsx,excels/4c0fc44c608a9770250ee09b88278eb7cfc48f573b0e5859e20fbd9950d9501f.xlsx,https://www.ice.gov/doclib/about/offices/ero/287g/pendingAgencies02272026am.xlsx,20260227211803,4c0fc44c608a9770250ee09b88278eb7cfc48f573b0e5859e20fbd9950d9501f
sheets/sheets_wayback_20260814/pendingAgencies03262025pm_6a96982bdafa.xlsx,excels/6a96982bdafa74692cc3d0aad7f266489ad7f05b1f759c8fbbf8775e133319bd.xlsx,https://www.ice.gov/doclib/about/offices/ero/287g/pendingAgencies03262025pm.xlsx,20250327174417,6a96982bdafa74692cc3d0aad7f266489ad7f05b1f759c8fbbf8775e133319bd
sheets/sheets_wayback_20260814/pendingAgencies03272025pm_0b6aeb3a0060.xlsx,excels/0b6aeb3a00607e06a026abcf4d020f22a8de9139e9cf21d53f8ecf0b91975932.xlsx,https://www.ice.gov/doclib/about/offices/ero/287g/pendingAgencies03272025pm.xlsx,20250328222340,0b6aeb3a00607e06a026abcf4d020f22a8de9139e9cf21d53f8ecf0b91975932
sheets/sheets_wayback_20260814/pendingAgencies03312025pm_e33c6b1e612c.xlsx,excels/e33c6b1e612c7b77f81307d244e82a4df8e76fcd50cc6fcb25b192b7b9d770bb.xlsx,https://www.ice.gov/doclib/about/offices/ero/287g/pendingAgencies03312025pm.xlsx,20250401002451,e33c6b1e612c7b77f81307d244e82a4df8e76fcd50cc6fcb25b192b7b9d770bb
sheets/sheets_wayback_20260814/pendingAgencies04112025pm_58f45cd2abdd.xlsx,excels/58f45cd2abdd917853cda70ca8adf7c219b5445510caa7543d18f5b4272a58d2.xlsx,https://www.ice.gov/doclib/about/offices/ero/287g/pendingAgencies04112025pm.xlsx,20250414043522,58f45cd2abdd917853cda70ca8adf7c219b5445510caa7543d18f5b4272a58d2
sheets/sheets_wayback_20260814/pendingAgencies04212025am_030dc1a92c10.xlsx,excels/030dc1a92c102c6eff10090d99fa2705b56f346764ca1893d1ceb44eca8b1924.xlsx,https://www.ice.gov/doclib/about/offices/ero/287g/pendingAgencies04212025am.xlsx,20250421210800,030dc1a92c102c6eff10090d99fa2705b56f346764ca1893d1ceb44eca8b1924
sheets/sheets_wayback_20260814/pendingAgencies05052025pm_1f7092362a2d.xlsx,excels/1f7092362a2d4e21689a48aebbcdf64c7a502642fa009a8a3a5a131c07e645b5.xlsx,https://www.ice.gov/doclib/about/offices/ero/287g/pendingAgencies05052025pm.xlsx,20250506140533,1f7092362a2d4e21689a48aebbcdf64c7a502642fa009a8a3a5a131c07e645b5
sheets/sheets_wayback_20260814/pendingAgencies05202025pm_85d2aa2ac3dc.xlsx,excels/85d2aa2ac3dc6cb0463f69ac914ffdd22c1f87e2885c57c6ec2d4be806798408.xlsx,https://www.ice.gov/doclib/about/offices/ero/287g/pendingAgencies05202025pm.xlsx,20250523052745,85d2aa2ac3dc6cb0463f69ac914ffdd22c1f87e2885c57c6ec2d4be806798408
sheets/sheets_wayback_20260814/pendingAgencies05232025pm_e92fcc957365.xlsx,excels/e92fcc957365ea5d2c7b3f877bf600353610aeede445c0c438afd40b851e044b.xlsx,https://www.ice.gov/doclib/about/offices/ero/287g/pendingAgencies05232025pm.xlsx,20250525022256,e92fcc957365ea5d2c7b3f877bf600353610aeede445c0c438afd40b851e044b
sheets/sheets_wayback_20260814/pendingAgencies05292025am_6f518f93a008.xlsx,excels/6f518f93a008130961ec3942bb0a641550620245fedb0baca5952982ff00aa9a.xlsx,https://www.ice.gov/doclib/about/offices/ero/287g/pendingAgencies05292025am.xlsx,20250529231118,6f518f93a008130961ec3942bb0a641550620245fedb0baca5952982ff00aa9a
sheets/sheets_wayback_20260814/pendingAgencies05302025pm_2dbb627163d2.xlsx,excels/2dbb627163d2d246822cde262605ce83a73572e9954c6bdc804b5cf7981dbcb0.xlsx,https://www.ice.gov/doclib/about/offices/ero/287g/pendingAgencies05302025pm.xlsx,20250530231149,2dbb627163d2d246822cde262605ce83a73572e9954c6bdc804b5cf7981dbcb0
sheets/sheets_wayback_20260814/pendingAgencies06032025am_6561059aa770.xlsx,excels/6561059aa770c3c9c745a89449c51bc01a187bb9566888f075a24cfd2b0d9ca0.xlsx,https://www.ice.gov/doclib/about/offices/ero/287g/pendingAgencies06032025am.xlsx,20250603165434,6561059aa770c3c9c745a89449c51bc01a187bb9566888f075a24cfd2b0d9ca0
sheets/sheets_wayback_20260814/pendingAgencies06032025pm_910c0127b88e.xlsx,excels/910c0127b88ee7c0a2e449fda6d70f926bcbb163ce5475a1a7729c53978a1359.xlsx,https://www.ice.gov/doclib/about/offices/ero/287g/pendingAgencies06032025pm.xlsx,20250603231322,910c0127b88ee7c0a2e449fda6d70f926bcbb163ce5475a1a7729c53978a1359
sheets/sheets_wayback_20260814/pendingAgencies06062025am_4d2af2932a60.xlsx,excels/4d2af2932a60c20ae0df11723738f1a3173ff0dc0acc16a2b450a2936fb01b96.xlsx,https://www.ice.gov/doclib/about/offices/ero/287g/pendingAgencies06062025am.xlsx,20250606231227,4d2af2932a60c20ae0df11723738f1a3173ff0dc0acc16a2b450a2936fb01b96
sheets/sheets_wayback_20260814/pendingAgencies06112025pm_88a26357735a.xlsx,excels/88a26357735a59418ae026d8db533d312ac9dbc428ca90f5a1f2045021597925.xlsx,https://www.ice.gov/doclib/about/offices/ero/287g/pendingAgencies06112025pm.xlsx,20250611231113,88a26357735a59418ae026d8db533d312ac9dbc428ca90f5a1f2045021597925
sheets/sheets_wayback_20260814/pendingAgencies06132025pm_ee08d7e65cf0.xlsx,excels/ee08d7e65cf0a90bb3f0ffff71f55facc244901f5a4f1d44d96a72b858b5aa08.xlsx,https://www.ice.gov/doclib/about/offices/ero/287g/pendingAgencies06132025pm.xlsx,20250613231119,ee08d7e65cf0a90bb3f0ffff71f55facc244901f5a4f1d44d96a72b858b5aa08
sheets/sheets_wayback_20260814/pendingAgencies06162025pm_8a378c3e8a8f.xlsx,excels/8a378c3e8a8fab400445fdfdace3288f995fd8135436325520eaffd3124cc852.xlsx,https://www.ice.gov/doclib/about/offices/ero/287g/pendingAgencies06162025pm.xlsx,20250616231113,8a378c3e8a8fab400445fdfdace3288f995fd8135436325520eaffd3124cc852
sheets/sheets_wayback_20260814/pendingAgencies06252025am_39f88e98540e.xlsx,excels/39f88e98540e27afa5a3086a5595ed2f21e51f882575ba31d937db4f1078b949.xlsx,https://www.ice.gov/doclib/about/offices/ero/287g/pendingAgencies06252025am.xlsx,20250625115612,39f88e98540e27afa5a3086a5595ed2f21e51f882575ba31d937db4f1078b949
sheets/sheets_wayback_20260814/pendingAgencies06302025am_08b3139e54f7.xlsx,excels/08b3139e54f7ab132f99da154c1eff0f78a40b59a9c33e7c26e94427081a114d.xlsx,https://www.ice.gov/doclib/about/offices/ero/287g/pendingAgencies06302025am.xlsx,20250630165457,08b3139e54f7ab132f99da154c1eff0f78a40b59a9c33e7c26e94427081a114d
sheets/sheets_wayback_20260814/pendingAgencies07072025pm_81dd90e135c5.xlsx,excels/81dd90e135c5ddcd15161b9c6b08a3723df66b1ad29d4d9d1201141e671e9478.xlsx,https://www.ice.gov/doclib/about/offices/ero/287g/pendingAgencies07072025pm.xlsx,20250707231240,81dd90e135c5ddcd15161b9c6b08a3723df66b1ad29d4d9d1201141e671e9478
sheets/sheets_wayback_20260814/pendingAgencies07092025pm_31b636794593.xlsx,excels/31b6367945937211866e440ad531bcc897478d9b0944a9b23a3f7e6066477bc5.xlsx,https://www.ice.gov/doclib/about/offices/ero/287g/pendingAgencies07092025pm.xlsx,20250709231126,31b6367945937211866e440ad531bcc897478d9b0944a9b23a3f7e6066477bc5
sheets/sheets_wayback_20260814/pendingAgencies07212025am_d53735218263.xlsx,excels/d53735218263bc907c0633e0f0117d7236a6f3e22752997994cad9d33461eca7.xlsx,https://www.ice.gov/doclib/about/offices/ero/287g/pendingAgencies07212025am.xlsx,20250721231152,d53735218263bc907c0633e0f0117d7236a6f3e22752997994cad9d33461eca7
sheets/sheets_wayback_20260814/pendingAgencies07222025pm_f2d09a9c5f71.xlsx,excels/f2d09a9c5f7193d672944b9e12bbabf039f09c665c021692189eeb267261f9d3.xlsx,https://www.ice.gov/doclib/about/offices/ero/287g/pendingAgencies07222025pm.xlsx,20250722231229,f2d09a9c5f7193d672944b9e12bbabf039f09c665c021692189eeb267261f9d3
sheets/sheets_wayback_20260814/pendingAgencies07252025pm_8b6260e3cbad.xlsx,excels/8b6260e3cbad2a6bb74b44d86d0a497e6e5e5bf838df200d43cfae64d7c52f1d.xlsx,https://www.ice.gov/doclib/about/offices/ero/287g/pendingAgencies07252025pm.xlsx,20250725231351,8b6260e3cbad2a6bb74b44d86d0a497e6e5e5bf838df200d43cfae64d7c52f1d
sheets/sheets_wayback_20260814/pendingAgencies07302025pm_a71446e6109a.xlsx,excels/a71446e6109a6d94b0a0f0bc79e3159d92b0068defa867577665124e233aaddc.xlsx,https://www.ice.gov/doclib/about/offices/ero/287g/pendingAgencies07302025pm.xlsx,20250730231124,a71446e6109a6d94b0a0f0bc79e3159d92b0068defa867577665124e233aaddc
sheets/sheets_wayback_20260814/pendingAgencies08012025pm_d3806dddec52.xlsx,excels/d3806dddec52016488e62361556d5f24e8f2ba58dadabfb68e36ce783b420c0e.xlsx,https://www.ice.gov/doclib/about/offices/ero/287g/pendingAgencies08012025pm.xlsx,20250803023245,d3806dddec52016488e62361556d5f24e8f2ba58dadabfb68e36ce783b420c0e
sheets/sheets_wayback_20260814/pendingAgencies08042025am_7a5ef03df72b.xlsx,excels/7a5ef03df72bbca2dbe4bff1277d5436b82545628dd00143a504457166911651.xlsx,https://www.ice.gov/doclib/about/offices/ero/287g/pendingAgencies08042025am.xlsx,20250804153414,7a5ef03df72bbca2dbe4bff1277d5436b82545628dd00143a504457166911651
sheets/sheets_wayback_20260814/pendingAgencies08042025pm_ad370e79fdc3.xlsx,excels/ad370e79fdc3b2b2f680b0728b88c127617ab599c052da001f3f09fcf1a1a18b.xlsx,https://www.ice.gov/doclib/about/offices/ero/287g/pendingAgencies08042025pm.xlsx,20250804231121,ad370e79fdc3b2b2f680b0728b88c127617ab599c052da001f3f09fcf1a1a18b
sheets/sheets_wayback_20260814/pendingAgencies08072025am_1c146978955f.xlsx,excels/1c146978955f9c64bea31077f400b97bd39bffb3e23a2334200892ced61d5dcc.xlsx,https://www.ice.gov/doclib/about/offices/ero/287g/pendingAgencies08072025am.xlsx,20250807190555,1c146978955f9c64bea31077f400b97bd39bffb3e23a2334200892ced61d5dcc
sheets/sheets_wayback_20260814/pendingAgencies08072025pm_909dccb10995.xlsx,excels/909dccb109951fde0efd9a08498a4c2a1ee59140ee7015e57a2b4299f5cc84fa.xlsx,https://www.ice.gov/doclib/about/offices/ero/287g/pendingAgencies08072025pm.xlsx,20250808103132,909dccb109951fde0efd9a08498a4c2a1ee59140ee7015e57a2b4299f5cc84fa
sheets/sheets_wayback_20260814/pendingAgencies08082025am_12095f143682.xlsx,excels/12095f1436827666cadc1b0db838cdabe5086fe2f67a7417a6cde7ac2c02b764.xlsx,https://www.ice.gov/doclib/about/offices/ero/287g/pendingAgencies08082025am.xlsx,20250808231804,12095f1436827666cadc1b0db838cdabe5086fe2f67a7417a6cde7ac2c02b764
sheets/sheets_wayback_20260814/pendingAgencies08082025pm_37fb18aac5d7.xlsx,excels/37fb18aac5d7da84731a035b952edafaabda71e07a0288a663fa6c6fe937b175.xlsx,https://www.ice.gov/doclib/about/offices/ero/287g/pendingAgencies08082025pm.xlsx,20250811140050,37fb18aac5d7da84731a035b952edafaabda71e07a0288a663fa6c6fe937b175
sheets/sheets_wayback_20260814/pendingAgencies08122025pm_6f39722e70d0.xlsx,excels/6f39722e70d02ad8da4e671562c4a522f3b58a809e361bcdd06ddd46e13aaf09.xlsx,https://www.ice.gov/doclib/about/offices/ero/287g/pendingAgencies08122025pm.xlsx,20250812221836,6f39722e70d02ad8da4e671562c4a522f3b58a809e361bcdd06ddd46e13aaf09
sheets/sheets_wayback_20260814/pendingAgencies08132025am_0f2280d6e50b.xlsx,excels/0f2280d6e50b367c011bef7f1b8f61c42a8f482c1e4e25b338aec940d7d898d2.xlsx,https://www.ice.gov/doclib/about/offices/ero/287g/pendingAgencies08132025am.xlsx,20250813193744,0f2280d6e50b367c011bef7f1b8f61c42a8f482c1e4e25b338aec940d7d898d2
sheets/sheets_wayback_20260814/pendingAgencies08142025am_90e215796385.xlsx,excels/90e215796385bd8a45b5f4d698ba76eb614c83773a3d7785374e436ab388e15c.xlsx,https://www.ice.gov/doclib/about/offices/ero/287g/pendingAgencies08142025am.xlsx,20250814195200,90e215796385bd8a45b5f4d698ba76eb614c83773a3d7785374e436ab388e15c
sheets/sheets_wayback_20260814/pendingAgencies08152025am_868f0599d6d2.xlsx,excels/868f0599d6d22c42e2e45c6a631a4d1a7cb70a0679d248403d0dd831d4aceb08.xlsx,https://www.ice.gov/doclib/about/offices/ero/287g/pendingAgencies08152025am.xlsx,20250815163115,868f0599d6d22c42e2e45c6a631a4d1a7cb70a0679d248403d0dd831d4aceb08
sheets/sheets_wayback_20260814/pendingAgencies08152025pm_4263ee67618e.xlsx,excels/4263ee67618e016a0da81fcc2e6b6613f3ce13200859c76034352828bb6579ee.xlsx,https://www.ice.gov/doclib/about/offices/ero/287g/pendingAgencies08152025pm.xlsx,20250816133020,4263ee67618e016a0da81fcc2e6b6613f3ce13200859c76034352828bb6579ee
sheets/sheets_wayback_20260814/pendingAgencies08212025pm_88a33c65c13d.xlsx,excels/88a33c65c13dea4d5e36e5800daa4b6168a8d7e0703282408288a2982298e1e5.xlsx,https://www.ice.gov/doclib/about/offices/ero/287g/pendingAgencies08212025pm.xlsx,20250822134306,88a33c65c13dea4d5e36e5800daa4b6168a8d7e0703282408288a2982298e1e5
sheets/sheets_wayback_20260814/pendingAgencies08222025pm_44abd9e80c4d.xlsx,excels/44abd9e80c4d7479f10cebe3d1dd895cd359122e6a0c898c4347fb2373c1ad36.xlsx,https://www.ice.gov/doclib/about/offices/ero/287g/pendingAgencies08222025pm.xlsx,20250822211216,44abd9e80c4d7479f10cebe3d1dd895cd359122e6a0c898c4347fb2373c1ad36
sheets/sheets_wayback_20260814/pendingAgencies08272025am_670501644021.xlsx,excels/670501644021b69d3559af6ef87aa122a5d0c44899dbf8d0ef873f8598e5d83e.xlsx,https://www.ice.gov/doclib/about/offices/ero/287g/pendingAgencies08272025am.xlsx,20250827135642,670501644021b69d3559af6ef87aa122a5d0c44899dbf8d0ef873f8598e5d83e
sheets/sheets_wayback_20260814/pendingAgencies08282025am_75876e381800.xlsx,excels/75876e381800eb706db172259e01ff0391847d4c1e569715fddcad058930ea4c.xlsx,https://www.ice.gov/doclib/about/offices/ero/287g/pendingAgencies08282025am.xlsx,20250828133806,75876e381800eb706db172259e01ff0391847d4c1e569715fddcad058930ea4c
sheets/sheets_wayback_20260814/pendingAgencies08282025pm_466cd600550b.xlsx,excels/466cd600550be5352e41dd2b828bb43bd433f45ae403582b40228a7437e60a02.xlsx,https://www.ice.gov/doclib/about/offices/ero/287g/pendingAgencies08282025pm.xlsx,20250829113131,466cd600550be5352e41dd2b828bb43bd433f45ae403582b40228a7437e60a02
sheets/sheets_wayback_20260814/pendingAgencies09022025am_163d8bd9a0e7.xlsx,excels/163d8bd9a0e70c3c6c114f7c3b93acf19f8fa7cd6698dc75c1b23e6d9dd3f77f.xlsx,https://www.ice.gov/doclib/about/offices/ero/287g/pendingAgencies09022025am.xlsx,20250902151521,163d8bd9a0e70c3c6c114f7c3b93acf19f8fa7cd6698dc75c1b23e6d9dd3f77f
sheets/sheets_wayback_20260814/pendingAgencies09022025pm_3172fc22f3fe.xlsx,excels/3172fc22f3fee4370536c82e391466240768fe10c7bc5847c3d211eed100aeb1.xlsx,https://www.ice.gov/doclib/about/offices/ero/287g/pendingAgencies09022025pm.xlsx,20250903032603,3172fc22f3fee4370536c82e391466240768fe10c7bc5847c3d211eed100aeb1
sheets/sheets_wayback_20260814/pendingAgencies09032025am_a5b8a44932cc.xlsx,excels/a5b8a44932ccc4eee3da5f2a1600291769a1f1684733385cbc04daf0f5153918.xlsx,https://www.ice.gov/doclib/about/offices/ero/287g/pendingAgencies09032025am.xlsx,20250903131658,a5b8a44932ccc4eee3da5f2a1600291769a1f1684733385cbc04daf0f5153918
sheets/sheets_wayback_20260814/pendingAgencies09092025pm_d4534c4e3217.xlsx,excels/d4534c4e321769e65116275242302d26e5c9f433e626cb3b89a9c5466e2fa8e3.xlsx,https://www.ice.gov/doclib/about/offices/ero/287g/pendingAgencies09092025pm.xlsx,20250910122233,d4534c4e321769e65116275242302d26e5c9f433e626cb3b89a9c5466e2fa8e3
sheets/sheets_wayback_20260814/pendingAgencies09102025am_08a0a0c7ac85.xlsx,excels/08a0a0c7ac85b972575a084af53d6a7864bf487789f90853e6f73fd52531baa2.xlsx,https://www.ice.gov/doclib/about/offices/ero/287g/pendingAgencies09102025am.xlsx,20250910185847,08a0a0c7ac85b972575a084af53d6a7864bf487789f90853e6f73fd52531baa2
sheets/sheets_wayback_20260814/pendingAgencies09152025am_18d4779b9035.xlsx,excels/18d4779b90352c952799e49c913d539e11f9101552d269ce155dcffc74c908b2.xlsx,https://www.ice.gov/doclib/about/offices/ero/287g/pendingAgencies09152025am.xlsx,20250915132626,18d4779b90352c952799e49c913d539e11f9101552d269ce155dcffc74c908b2
sheets/sheets_wayback_20260814/pendingAgencies09162025pm_f3c09c0e8b24.xlsx,excels/f3c09c0e8b24fc53cb7f4866be2f347d2e3773b5d63c2f5c8640651c3e872d60.xlsx,https://www.ice.gov/doclib/about/offices/ero/287g/pendingAgencies09162025pm.xlsx,20250917121205,f3c09c0e8b24fc53cb7f4866be2f347d2e3773b5d63c2f5c8640651c3e872d60
sheets/sheets_wayback_20260814/pendingAgencies09222025am_b24ed1cf87a9.xlsx,excels/b24ed1cf87a9ab859d6b7fd06819c31d644339a3898eec1d58808cafa80d6ac3.xlsx,https://www.ice.gov/doclib/about/offices/ero/287g/pendingAgencies09222025am.xlsx,20250922131525,b24ed1cf87a9ab859d6b7fd06819c31d644339a3898eec1d58808cafa80d6ac3
sheets/sheets_wayback_20260814/pendingAgencies09232025am_ff922aa3713c.xlsx,excels/ff922aa3713c5659143866f8a6ca1ab246fe48d095f39370757d4735ab825010.xlsx,https://www.ice.gov/doclib/about/offices/ero/287g/pendingAgencies09232025am.xlsx,20250923142050,ff922aa3713c5659143866f8a6ca1ab246fe48d095f39370757d4735ab825010
sheets/sheets_wayback_20260814/pendingAgencies09292025am_6b745a4f9df9.xlsx,excels/6b745a4f9df9259e23c42d83373afde435d6916afe8c8d2d1c9fca43575f8ee5.xlsx,https://www.ice.gov/doclib/about/offices/ero/287g/pendingAgencies09292025am.xlsx,20250929125359,6b745a4f9df9259e23c42d83373afde435d6916afe8c8d2d1c9fca43575f8ee5
sheets/sheets_wayback_20260814/pendingAgencies09302025pm_2a699a00eab6.xlsx,excels/2a699a00eab60e2fda6dfef06e0d816c9597d349d8dfe83a8625e14429eed0db.xlsx,https://www.ice.gov/doclib/about/offices/ero/287g/pendingAgencies09302025pm.xlsx,20251001121112,2a699a00eab60e2fda6dfef06e0d816c9597d349d8dfe83a8625e14429eed0db
sheets/sheets_wayback_20260814/pendingAgencies10012025am_f4e5463f75fb.xlsx,excels/f4e5463f75fbfe488973f8acf5eb01b0a59215ea0353e659e85eea87f0d82102.xlsx,https://www.ice.gov/doclib/about/offices/ero/287g/pendingAgencies10012025am.xlsx,20251001231528,f4e5463f75fbfe488973f8acf5eb01b0a59215ea0353e659e85eea87f0d82102
sheets/sheets_wayback_20260814/pendingAgencies10062025am_5e82387f908f.xlsx,excels/5e82387f908f57b8e7cbcafc0328c963bbd8224995433beddc49f8431e674536.xlsx,https://www.ice.gov/doclib/about/offices/ero/287g/pendingAgencies10062025am.xlsx,20251006135027,5e82387f908f57b8e7cbcafc0328c963bbd8224995433beddc49f8431e674536
sheets/sheets_wayback_20260814/pendingAgencies10062025pm_10fc17c54b64.xlsx,excels/10fc17c54b64da2fe1c37d0bc34fe6722161472ea54567fc9fb4673b7a5769e4.xlsx,https://www.ice.gov/doclib/about/offices/ero/287g/pendingAgencies10062025pm.xlsx,20251007131415,10fc17c54b64da2fe1c37d0bc34fe6722161472ea54567fc9fb4673b7a5769e4
sheets/sheets_wayback_20260814/pendingAgencies10072025pm_f259cc9e3b03.xlsx,excels/f259cc9e3b03c28a84b10dff7d1904faff1c715f311e9ec3eb47a1a52d5ece19.xlsx,https://www.ice.gov/doclib/about/offices/ero/287g/pendingAgencies10072025pm.xlsx,20251008125235,f259cc9e3b03c28a84b10dff7d1904faff1c715f311e9ec3eb47a1a52d5ece19
sheets/sheets_wayback_20260814/pendingAgencies10082025pm_57c3b8e0a585.xlsx,excels/57c3b8e0a585f52e781d869a651ac7e9142c8ec3956671e8798b9346d2a5d34b.xlsx,https://www.ice.gov/doclib/about/offices/ero/287g/pendingAgencies10082025pm.xlsx,20251008233601,57c3b8e0a585f52e781d869a651ac7e9142c8ec3956671e8798b9346d2a5d34b
sheets/sheets_wayback_20260814/pendingAgencies10092025am_38d03e6df4a2.xlsx,excels/38d03e6df4a209ff3c1faffd9de0276c26699ec56dc7a5197a9839f353580919.xlsx,https://www.ice.gov/doclib/about/offices/ero/287g/pendingAgencies10092025am.xlsx,20251009134801,38d03e6df4a209ff3c1faffd9de0276c26699ec56dc7a5197a9839f353580919
sheets/sheets_wayback_20260814/pendingAgencies10102025pm_bec67b880214.xlsx,excels/bec67b880214b468c39f1cc29771b43ea2fc7844debf0e019a883680b4fbe861.xlsx,https://www.ice.gov/doclib/about/offices/ero/287g/pendingAgencies10102025pm.xlsx,20251011033524,bec67b880214b468c39f1cc29771b43ea2fc7844debf0e019a883680b4fbe861
sheets/sheets_wayback_20260814/pendingAgencies10102025pm_1a0a64f0af3c.xlsx,excels/1a0a64f0af3ce49dbd0b8fd9536cc166cfaf3696132e245f78beda1b52ee9497.xlsx,https://www.ice.gov/doclib/about/offices/ero/287g/pendingAgencies10102025pm.xlsx,20251014084353,1a0a64f0af3ce49dbd0b8fd9536cc166cfaf3696132e245f78beda1b52ee9497
sheets/sheets_wayback_20260814/pendingAgencies10172025pm_8b148d25e622.xlsx,excels/8b148d25e6222bd1c9b47a4c6a8f7f2a4077a2a902d9739b353021667b4cb53c.xlsx,https://www.ice.gov/doclib/about/offices/ero/287g/pendingAgencies10172025pm.xlsx,20251019050927,8b148d25e6222bd1c9b47a4c6a8f7f2a4077a2a902d9739b353021667b4cb53c
sheets/sheets_wayback_20260814/pendingAgencies10202025pm_d0ea0486eac0.xlsx,excels/d0ea0486eac04a9bc0232292c39563e9ebb5845300f0b728b2c5b18e97e4855a.xlsx,https://www.ice.gov/doclib/about/offices/ero/287g/pendingAgencies10202025pm.xlsx,20251021235322,d0ea0486eac04a9bc0232292c39563e9ebb5845300f0b728b2c5b18e97e4855a
sheets/sheets_wayback_20260814/pendingAgencies10222025am_9d65e29944b4.xlsx,excels/9d65e29944b4798ef0ae4bc974a8ec4370f5a2d1411d891d3a82c7b1d81dd743.xlsx,https://www.ice.gov/doclib/about/offices/ero/287g/pendingAgencies10222025am.xlsx,20251022115354,9d65e29944b4798ef0ae4bc974a8ec4370f5a2d1411d891d3a82c7b1d81dd743
sheets/sheets_wayback_20260814/pendingAgencies10222025mid_a8cb9ca51ac2.xlsx,excels/a8cb9ca51ac28f5c3b32df568e310842e4d099b2f1c11b3b462e7c1a5cedc878.xlsx,https://www.ice.gov/doclib/about/offices/ero/287g/pendingAgencies10222025mid.xlsx,20251024000408,a8cb9ca51ac28f5c3b32df568e310842e4d099b2f1c11b3b462e7c1a5cedc878
sheets/sheets_wayback_20260814/pendingAgencies10222025pm_591376ff0f73.xlsx,excels/591376ff0f7387ecedb8077475e8b02bc48dbeea21b09ffad44f154bb235209f.xlsx,https://www.ice.gov/doclib/about/offices/ero/287g/pendingAgencies10222025pm.xlsx,20251023112634,591376ff0f7387ecedb8077475e8b02bc48dbeea21b09ffad44f154bb235209f
sheets/sheets_wayback_20260814/pendingAgencies10223025am_e3e895e3d102.xlsx,excels/e3e895e3d102273462d759d1735d9ed944e1e786116ccbbf482ece8d4f518804.xlsx,https://www.ice.gov/doclib/about/offices/ero/287g/pendingAgencies10223025am.xlsx,20251025190056,e3e895e3d102273462d759d1735d9ed944e1e786116ccbbf482ece8d4f518804
sheets/sheets_wayback_20260814/pendingAgencies10242025am_9044bf07b56a.xlsx,excels/9044bf07b56a5e2b83b07da70511cf8cf58703544ba878444212da16b920ff55.xlsx,https://www.ice.gov/doclib/about/offices/ero/287g/pendingAgencies10242025am.xlsx,20251025094010,9044bf07b56a5e2b83b07da70511cf8cf58703544ba878444212da16b920ff55
sheets/sheets_wayback_20260814/pendingAgencies10242025mid_cf1baeb84455.xlsx,excels/cf1baeb84455acd1bfccdc346904fddd4947608952b46eff44c0ec8a7a088e46.xlsx,https://www.ice.gov/doclib/about/offices/ero/287g/pendingAgencies10242025mid.xlsx,20251025183652,cf1baeb84455acd1bfccdc346904fddd4947608952b46eff44c0ec8a7a088e46
sheets/sheets_wayback_20260814/pendingAgencies10272025am_dbb3517d2cda.xlsx,excels/dbb3517d2cdae07aeb42485dd4fb674ba0952ffa04bb425c38fff23e76d2564d.xlsx,https://www.ice.gov/doclib/about/offices/ero/287g/pendingAgencies10272025am.xlsx,20251027135632,dbb3517d2cdae07aeb42485dd4fb674ba0952ffa04bb425c38fff23e76d2564d
sheets/sheets_wayback_20260814/pendingAgencies10292025pmB_2322508c98ff.xlsx,excels/2322508c98fffa850f0a184a44641699c5c2379da13ec35e664ba4144ff63859.xlsx,https://www.ice.gov/doclib/about/offices/ero/287g/pendingAgencies10292025pmB.xlsx,20251029230128,2322508c98fffa850f0a184a44641699c5c2379da13ec35e664ba4144ff63859
sheets/sheets_wayback_20260814/pendingAgencies10302025am_db07f8e21619.xlsx,excels/db07f8e21619c5f762a5913a2421184c85741ce3da773b26cf753d13cec0d964.xlsx,https://www.ice.gov/doclib/about/offices/ero/287g/pendingAgencies10302025am.xlsx,20251030211426,db07f8e21619c5f762a5913a2421184c85741ce3da773b26cf753d13cec0d964
sheets/sheets_wayback_20260814/pendingAgencies10312025am_e55ddf747db4.xlsx,excels/e55ddf747db4d296d1324e9c6a3dd8777b5b569584012d1a8598ec7e178d9f6f.xlsx,https://www.ice.gov/doclib/about/offices/ero/287g/pendingAgencies10312025am.xlsx,20251031194422,e55ddf747db4d296d1324e9c6a3dd8777b5b569584012d1a8598ec7e178d9f6f
sheets/sheets_wayback_20260814/pendingAgencies10312025pm_75ae9ee74cde.xlsx,excels/75ae9ee74cded18a3f85ec00710c2567704780f37fc24bc32c4ff3bb14de5601.xlsx,https://www.ice.gov/doclib/about/offices/ero/287g/pendingAgencies10312025pm.xlsx,20251031221016,75ae9ee74cded18a3f85ec00710c2567704780f37fc24bc32c4ff3bb14de5601
sheets/sheets_wayback_20260814/pendingAgencies11032025am_79e224fb30d5.xlsx,excels/79e224fb30d578ef09901cf25887784f9694523e4394d9ca44d2fad38038f540.xlsx,https://www.ice.gov/doclib/about/offices/ero/287g/pendingAgencies11032025am.xlsx,20251104023846,79e224fb30d578ef09901cf25887784f9694523e4394d9ca44d2fad38038f540
sheets/sheets_wayback_20260814/pendingAgencies11032025pm_af24dc518471.xlsx,excels/af24dc518471d345869de7bfc0fc25e61115748e4c9d7633243eb4e98e1843d9.xlsx,https://www.ice.gov/doclib/about/offices/ero/287g/pendingAgencies11032025pm.xlsx,20251105183113,af24dc518471d345869de7bfc0fc25e61115748e4c9d7633243eb4e98e1843d9
sheets/sheets_wayback_20260814/pendingAgencies11062025am_c3c3813dec3e.xlsx,excels/c3c3813dec3eb40d09615bdc9d628abe47f7a326c50038c4417c520eae28d45c.xlsx,https://www.ice.gov/doclib/about/offices/ero/287g/pendingAgencies11062025am.xlsx,20251106162806,c3c3813dec3eb40d09615bdc9d628abe47f7a326c50038c4417c520eae28d45c
sheets/sheets_wayback_20260814/pendingAgencies11072025pm_d61f5618b9b8.xlsx,excels/d61f5618b9b83d548e480f91695065b240c64f8d47faa67594255a3a2930abbf.xlsx,https://www.ice.gov/doclib/about/offices/ero/287g/pendingAgencies11072025pm.xlsx,20251108202717,d61f5618b9b83d548e480f91695065b240c64f8d47faa67594255a3a2930abbf
sheets/sheets_wayback_20260814/pendingAgencies11102025pm_ffc2846a51fb.xlsx,excels/ffc2846a51fb18870c68d770c890ad1eb8c013fc6444c38e5d2f344246a3e6df.xlsx,https://www.ice.gov/doclib/about/offices/ero/287g/pendingAgencies11102025pm.xlsx,20251111174804,ffc2846a51fb18870c68d770c890ad1eb8c013fc6444c38e5d2f344246a3e6df
sheets/sheets_wayback_20260814/pendingAgencies11132025pm_6748f7e939b6.xlsx,excels/6748f7e939b658ba798d16968d40f13720e23b81c46ccdb93cce087eda6ae480.xlsx,https://www.ice.gov/doclib/about/offices/ero/287g/pendingAgencies11132025pm.xlsx,20251114032030,6748f7e939b658ba798d16968d40f13720e23b81c46ccdb93cce087eda6ae480
sheets/sheets_wayback_20260814/pendingAgencies11212025am_9a349e19cf0b.xlsx,excels/9a349e19cf0bb30cc826d0a1e1f41893480423e884f623b87e3ab74144bfdf36.xlsx,https://www.ice.gov/doclib/about/offices/ero/287g/pendingAgencies11212025am.xlsx,20251123012557,9a349e19cf0bb30cc826d0a1e1f41893480423e884f623b87e3ab74144bfdf36
sheets/sheets_wayback_20260814/pendingAgencies11242025pm_a0cc024fb97e.xlsx,excels/a0cc024fb97e7d7529748100e3c88f4f0a1cb10a6e9283868ee43744876be6ad.xlsx,https://www.ice.gov/doclib/about/offices/ero/287g/pendingAgencies11242025pm.xlsx,20251124210151,a0cc024fb97e7d7529748100e3c88f4f0a1cb10a6e9283868ee43744876be6ad
sheets/sheets_wayback_20260814/pendingAgencies11252025am_da2fa75ff938.xlsx,excels/da2fa75ff9385445c4e345fd3d892d5b25dc976960c8d8cb51539542ff34895a.xlsx,https://www.ice.gov/doclib/about/offices/ero/287g/pendingAgencies11252025am.xlsx,20251125205052,da2fa75ff9385445c4e345fd3d892d5b25dc976960c8d8cb51539542ff34895a
sheets/sheets_wayback_20260814/pendingAgencies11252025pm_28c68664ae34.xlsx,excels/28c68664ae3472f0993a6b1e6f75bfb3b0ef0c83037c7b3ed9c9c8e4a22fd8c1.xlsx,https://www.ice.gov/doclib/about/offices/ero/287g/pendingAgencies11252025pm.xlsx,20251126075411,28c68664ae3472f0993a6b1e6f75bfb3b0ef0c83037c7b3ed9c9c8e4a22fd8c1
sheets/sheets_wayback_20260814/pendingAgencies11262025am_dcecee0b654d.xlsx,excels/dcecee0b654dccca27d917435310f68f23cd8a4cf7812cb5039b7736e34773df.xlsx,https://www.ice.gov/doclib/about/offices/ero/287g/pendingAgencies11262025am.xlsx,20251128174944,dcecee0b654dccca27d917435310f68f23cd8a4cf7812cb5039b7736e34773df
sheets/sheets_wayback_20260814/pendingAgencies12042025pm_923a6dfe2dfa.xlsx,excels/923a6dfe2dfafba715f782a75d4cc90d4394fe2e37b44eb898904a083b966c3c.xlsx,https://www.ice.gov/doclib/about/offices/ero/287g/pendingAgencies12042025pm.xlsx,20251204202455,923a6dfe2dfafba715f782a75d4cc90d4394fe2e37b44eb898904a083b966c3c
sheets/sheets_wayback_20260814/pendingAgencies12042025pm2_bdbc236dd3e6.xlsx,excels/bdbc236dd3e669c4bd0083a7a95de2985bd5047c7c5cebe1c5967ac03457f086.xlsx,https://www.ice.gov/doclib/about/offices/ero/287g/pendingAgencies12042025pm2.xlsx,20251205151130,bdbc236dd3e669c4bd0083a7a95de2985bd5047c7c5cebe1c5967ac03457f086
sheets/sheets_wayback_20260814/pendingAgencies12052025pm_3fed87a86d63.xlsx,excels/3fed87a86d630501239575621211fb135c983c04a03e3b52be32e8d291b18c15.xlsx,https://www.ice.gov/doclib/about/offices/ero/287g/pendingAgencies12052025pm.xlsx,20251205222221,3fed87a86d630501239575621211fb135c983c04a03e3b52be32e8d291b18c15
sheets/sheets_wayback_20260814/pendingAgencies12102025am_3806b970ce4b.xlsx,excels/3806b970ce4bf7e9c2d2c87d84193cf5403d220d55b5e5bc4d3214bf067f27bd.xlsx,https://www.ice.gov/doclib/about/offices/ero/287g/pendingAgencies12102025am.xlsx,20251211142947,3806b970ce4bf7e9c2d2c87d84193cf5403d220d55b5e5bc4d3214bf067f27bd
sheets/sheets_wayback_20260814/pendingAgencies12122025pm_27239b31779f.xlsx,excels/27239b31779f9227860fafa38b187b2f1f57a1ed2a5e9141fcbdde2ceeaf0b0c.xlsx,https://www.ice.gov/doclib/about/offices/ero/287g/pendingAgencies12122025pm.xlsx,20251213121851,27239b31779f9227860fafa38b187b2f1f57a1ed2a5e9141fcbdde2ceeaf0b0c
sheets/sheets_wayback_20260814/pendingAgencies12122025pm_391fe7f53206.xlsx,excels/391fe7f53206516bc48a3e66e4c435409f2a0ab7510cabb751400ce07d2cccff.xlsx,https://www.ice.gov/doclib/about/offices/ero/287g/pendingAgencies12122025pm.xlsx,20251217204220,391fe7f53206516bc48a3e66e4c435409f2a0ab7510cabb751400ce07d2cccff
sheets/sheets_wayback_20260814/pendingAgencies05152025am_b3391e546443.xlsx,excels/b3391e546443dbefd417830fdce05dcf2293a32a58c9535ccdcc34edd587913e.xlsx,https://raw.githubusercontent.com/appelson/Tracking_287g/refs/heads/main/sheets/sheets_20250519_024922/pendingAgencies05152025am.xlsx,20250515,b3391e546443dbefd417830fdce05dcf2293a32a58c9535ccdcc34edd587913e
sheets/sheets_wayback_20260814/participatingAgencies05192025am_1e13c0e46ff7.xlsx,excels/1e13c0e46ff71449582b5f10f1dbff7142e3ca06002e81b7ac8cbf8fb2a8745c.xlsx,https://raw.githubusercontent.com/appelson/Tracking_287g/refs/heads/main/sheets/sheets_20250519_151802/participatingAgencies05192025am.xlsx,20250519,1e13c0e46ff71449582b5f10f1dbff7142e3ca06002e81b7ac8cbf8fb2a8745c
sheets/sheets_wayback_20260814/pendingAgencies05192025am_d668056de7d8.xlsx,excels/d668056de7d86dda534026e0184e236cbe4138df7fddbad89f4224f8419ae996.xlsx,https://raw.githubusercontent.com/appelson/Tracking_287g/refs/heads/main/sheets/sheets_20250519_151802/pendingAgencies05192025am.xlsx,20250519,d668056de7d86dda534026e0184e236cbe4138df7fddbad89f4224f8419ae996
sheets/sheets_wayback_20260814/participatingAgencies05192025pm_28657a503eb5.xlsx,excels/28657a503eb5334a873e75a2839933331e49c462532d870b196d2eda07dbb293.xlsx,https://raw.githubusercontent.com/appelson/Tracking_287g/refs/heads/main/sheets/sheets_20250520_151813/participatingAgencies05192025pm.xlsx,20250519,28657a503eb5334a873e75a2839933331e49c462532d870b196d2eda07dbb293
sheets/sheets_wayback_20260814/pendingAgencies05192025pm_fdf0b93664a1.xlsx,excels/fdf0b93664a16b16aaff95213041aa59bf08667aca9e310dd7c3f89c32ef3283.xlsx,https://raw.githubusercontent.com/appelson/Tracking_287g/refs/heads/main/sheets/sheets_20250520_151813/pendingAgencies05192025pm.xlsx,20250519,fdf0b93664a16b16aaff95213041aa59bf08667aca9e310dd7c3f89c32ef3283
sheets/sheets_wayback_20260814/participatingAgencies05202025pm_9ef2eb89c64b.xlsx,excels/9ef2eb89c64b49c419b3c523cac3d6bdd942678a06cd5c073c467a04c8964461.xlsx,https://raw.githubusercontent.com/appelson/Tracking_287g/refs/heads/main/sheets/sheets_20250522_151740/participatingAgencies05202025pm.xlsx,20250520,9ef2eb89c64b49c419b3c523cac3d6bdd942678a06cd5c073c467a04c8964461
sheets/sheets_wayback_20260814/pendingAgencies05212025pm_7576c2463d74.xlsx,excels/7576c2463d74c5fb4a3462fd4bb484e3f32b44b1d4da1284f373998448a9272a.xlsx,https://raw.githubusercontent.com/appelson/Tracking_287g/refs/heads/main/sheets/sheets_20250522_151740/pendingAgencies05212025pm.xlsx,20250521,7576c2463d74c5fb4a3462fd4bb484e3f32b44b1d4da1284f373998448a9272a
sheets/sheets_wayback_20260814/participatingAgencies05232025am_d5253958e490.xlsx,excels/d5253958e4906e37c4b98a24b1a4f7308443c29ce6df92cfa3a9d03da8a1ebe0.xlsx,https://raw.githubusercontent.com/appelson/Tracking_287g/refs/heads/main/sheets/sheets_20250523_151708/participatingAgencies05232025am.xlsx,20250523,d5253958e4906e37c4b98a24b1a4f7308443c29ce6df92cfa3a9d03da8a1ebe0
sheets/sheets_wayback_20260814/pendingAgencies05232025am_9d3091289594.xlsx,excels/9d309128959476bf79f86fb75a5dabc9217b913384c371fe79d6ab99e36b0664.xlsx,https://raw.githubusercontent.com/appelson/Tracking_287g/refs/heads/main/sheets/sheets_20250523_151708/pendingAgencies05232025am.xlsx,20250523,9d309128959476bf79f86fb75a5dabc9217b913384c371fe79d6ab99e36b0664
sheets/sheets_wayback_20260814/participatingAgencies05282025am_e2456897b3f4.xlsx,excels/e2456897b3f4e668751b397885619d69ede52e1b0eba5061e1baba45f8884505.xlsx,https://raw.githubusercontent.com/appelson/Tracking_287g/refs/heads/main/sheets/sheets_20250528_151748/participatingAgencies05282025am.xlsx,20250528,e2456897b3f4e668751b397885619d69ede52e1b0eba5061e1baba45f8884505
sheets/sheets_wayback_20260814/pendingAgencies05282025am_f9c4647525cb.xlsx,excels/f9c4647525cbf4e0c9cf0c2374660c3daa1ebb5de79f9f413c0bb70a64f3321a.xlsx,https://raw.githubusercontent.com/appelson/Tracking_287g/refs/heads/main/sheets/sheets_20250528_151748/pendingAgencies05282025am.xlsx,20250528,f9c4647525cbf4e0c9cf0c2374660c3daa1ebb5de79f9f413c0bb70a64f3321a
sheets/sheets_wayback_20260814/participatingAgencies06042025am_934682d6a352.xlsx,excels/934682d6a3527039a7fdae80398e1798547c7d62a042ca981d090c96d6811738.xlsx,https://raw.githubusercontent.com/appelson/Tracking_287g/refs/heads/main/sheets/sheets_20250605_151847/participatingAgencies06042025am.xlsx,20250604,934682d6a3527039a7fdae80398e1798547c7d62a042ca981d090c96d6811738
sheets/sheets_wayback_20260814/participatingAgencies06062025am_707e31fbe5a1.xlsx,excels/707e31fbe5a11ab91ae7ee7ac9ce4cacb35121094553777350c567b60a2fb9aa.xlsx,https://raw.githubusercontent.com/appelson/Tracking_287g/refs/heads/main/sheets/sheets_20250608_151716/participatingAgencies06062025am.xlsx,20250606,707e31fbe5a11ab91ae7ee7ac9ce4cacb35121094553777350c567b60a2fb9aa
sheets/sheets_wayback_20260814/pendingAgencies06102025am_a9695b1c7cc2.xlsx,excels/a9695b1c7cc2c3b219afb516b1164e839a56203b0158c30e225c07c05a44b4c2.xlsx,https://raw.githubusercontent.com/appelson/Tracking_287g/refs/heads/main/sheets/sheets_20250610_151944/pendingAgencies06102025am.xlsx,20250610,a9695b1c7cc2c3b219afb516b1164e839a56203b0158c30e225c07c05a44b4c2
sheets/sheets_wayback_20260814/participatingAgencies06172025pm_2b254a15ef80.xlsx,excels/2b254a15ef80ce24e5f730ef4bc99aa00f75d62a8842861fee836b1f4c74b665.xlsx,https://raw.githubusercontent.com/appelson/Tracking_287g/refs/heads/main/sheets/sheets_20250618_023204/participatingAgencies06172025pm.xlsx,20250617,2b254a15ef80ce24e5f730ef4bc99aa00f75d62a8842861fee836b1f4c74b665
sheets/sheets_wayback_20260814/pendingAgencies06172025pm_d9dd304a1bdc.xlsx,excels/d9dd304a1bdcc568a0e5958b0dea5742303cf9793a48f6c31c9e3bb664edf574.xlsx,https://raw.githubusercontent.com/appelson/Tracking_287g/refs/heads/main/sheets/sheets_20250618_023204/pendingAgencies06172025pm.xlsx,20250617,d9dd304a1bdcc568a0e5958b0dea5742303cf9793a48f6c31c9e3bb664edf574
sheets/sheets_wayback_20260814/participatingAgencies06202025am_dd16b8bf652b.xlsx,excels/dd16b8bf652b37405ad447b3fb3dcbef631fcbf3db09d51d42578b36438ea905.xlsx,https://raw.githubusercontent.com/appelson/Tracking_287g/refs/heads/main/sheets/sheets_20250621_151520/participatingAgencies06202025am.xlsx,20250620,dd16b8bf652b37405ad447b3fb3dcbef631fcbf3db09d51d42578b36438ea905
sheets/sheets_wayback_20260814/pendingAgencies06202025am_e8504fba5be8.xlsx,excels/e8504fba5be84e6bf3c2da3c772ef861b97898c3ed300cfd3198eabb4d7053f6.xlsx,https://raw.githubusercontent.com/appelson/Tracking_287g/refs/heads/main/sheets/sheets_20250621_151520/pendingAgencies06202025am.xlsx,20250620,e8504fba5be84e6bf3c2da3c772ef861b97898c3ed300cfd3198eabb4d7053f6
sheets/sheets_wayback_20260814/pendingAgencies06232025am_08e62cb29a71.xlsx,excels/08e62cb29a7111006c72759effc0905a832c5e55f462603f86348880e9b68876.xlsx,https://raw.githubusercontent.com/appelson/Tracking_287g/refs/heads/main/sheets/sheets_20250623_151827/pendingAgencies06232025am.xlsx,20250623,08e62cb29a7111006c72759effc0905a832c5e55f462603f86348880e9b68876
sheets/sheets_wayback_20260814/pendingAgencies06242025am_82d797cf177a.xlsx,excels/82d797cf177a188c7ecfb8f1ecefea02a75d6ecf216bebf9c63dbcd54caf6df4.xlsx,https://raw.githubusercontent.com/appelson/Tracking_287g/refs/heads/main/sheets/sheets_20250624_151836/pendingAgencies06242025am.xlsx,20250624,82d797cf177a188c7ecfb8f1ecefea02a75d6ecf216bebf9c63dbcd54caf6df4
sheets/sheets_wayback_20260814/pendingAgencies06262025am_de1f50d759b8.xlsx,excels/de1f50d759b807318b85956c74a36a001eb3810ac429134f9b91630c0810ccd8.xlsx,https://raw.githubusercontent.com/appelson/Tracking_287g/refs/heads/main/sheets/sheets_20250626_151815/pendingAgencies06262025am.xlsx,20250626,de1f50d759b807318b85956c74a36a001eb3810ac429134f9b91630c0810ccd8
sheets/sheets_wayback_20260814/pendingAgencies06272025am_879850a7f395.xlsx,excels/879850a7f395200ca938cae65298c1a6fe8dfc25b1990d912501b1de674698d2.xlsx,https://raw.githubusercontent.com/appelson/Tracking_287g/refs/heads/main/sheets/sheets_20250627_151725/pendingAgencies06272025am.xlsx,20250627,879850a7f395200ca938cae65298c1a6fe8dfc25b1990d912501b1de674698d2
sheets/sheets_wayback_20260814/pendingAgencies07012025pm_61687421c550.xlsx,excels/61687421c550304274fc4155a5828e18324f1c27e490f42b2ec4f0e16f9456b9.xlsx,https://raw.githubusercontent.com/appelson/Tracking_287g/refs/heads/main/sheets/sheets_20250702_151826/pendingAgencies07012025pm.xlsx,20250701,61687421c550304274fc4155a5828e18324f1c27e490f42b2ec4f0e16f9456b9
sheets/sheets_wayback_20260814/participatingAgencies07032025pm_700ee9fe2206.xlsx,excels/700ee9fe220671e8e8baaf628cd30a1f3139d3de93dff97be11e2726fd5ef289.xlsx,https://raw.githubusercontent.com/appelson/Tracking_287g/refs/heads/main/sheets/sheets_20250703_151805/participatingAgencies07032025pm.xlsx,20250703,700ee9fe220671e8e8baaf628cd30a1f3139d3de93dff97be11e2726fd5ef289
sheets/sheets_wayback_20260814/participatingAgencies07032025pm_dfbd5b3a6dca.xlsx,excels/dfbd5b3a6dca9e9aedfb90651f6b5416c82b45830e00a520379afbf6c725cc8f.xlsx,https://raw.githubusercontent.com/appelson/Tracking_287g/refs/heads/main/sheets/sheets_20250704_151659/participatingAgencies07032025pm.xlsx,20250703,dfbd5b3a6dca9e9aedfb90651f6b5416c82b45830e00a520379afbf6c725cc8f
sheets/sheets_wayback_20260814/pendingAgencies07032025pm_d20a2266cb94.xlsx,excels/d20a2266cb94d3b1f4bf8df4ccd7cdcd4b8057dd5e20a0137dfe70816dfffd5b.xlsx,https://raw.githubusercontent.com/appelson/Tracking_287g/refs/heads/main/sheets/sheets_20250704_151659/pendingAgencies07032025pm.xlsx,20250703,d20a2266cb94d3b1f4bf8df4ccd7cdcd4b8057dd5e20a0137dfe70816dfffd5b
sheets/sheets_wayback_20260814/participatingAgencies07072025am_80430c3a3a23.xlsx,excels/80430c3a3a23dbd2210e6ede7776a3f64138ccb61dfcbab082b4364b0a7fb04d.xlsx,https://raw.githubusercontent.com/appelson/Tracking_287g/refs/heads/main/sheets/sheets_20250707_151710/participatingAgencies07072025am.xlsx,20250707,80430c3a3a23dbd2210e6ede7776a3f64138ccb61dfcbab082b4364b0a7fb04d
sheets/sheets_wayback_20260814/pendingAgencies07072025am_af10177d7a33.xlsx,excels/af10177d7a336b8cadfed0319fe30dc4695acd63dd371fdac7a4014383690f59.xlsx,https://raw.githubusercontent.com/appelson/Tracking_287g/refs/heads/main/sheets/sheets_20250707_151710/pendingAgencies07072025am.xlsx,20250707,af10177d7a336b8cadfed0319fe30dc4695acd63dd371fdac7a4014383690f59
sheets/sheets_wayback_20260814/participatingAgencies07072025pm_4b87a1f97165.xlsx,excels/4b87a1f971658e6d626303d7f5bcae031814cc28bb87a9085e1bf0b539bdeebe.xlsx,https://raw.githubusercontent.com/appelson/Tracking_287g/refs/heads/main/sheets/sheets_20250708_151823/participatingAgencies07072025pm.xlsx,20250707,4b87a1f971658e6d626303d7f5bcae031814cc28bb87a9085e1bf0b539bdeebe
sheets/sheets_wayback_20260814/participatingAgencies07092025am_b3d021e5c736.xlsx,excels/b3d021e5c7367234fbf133b26bf325f2bff4f98db7db1888c3d9f71b11e89c51.xlsx,https://raw.githubusercontent.com/appelson/Tracking_287g/refs/heads/main/sheets/sheets_20250709_151849/participatingAgencies07092025am.xlsx,20250709,b3d021e5c7367234fbf133b26bf325f2bff4f98db7db1888c3d9f71b11e89c51
sheets/sheets_wayback_20260814/pendingAgencies07092025am_12c5eedbb3ce.xlsx,excels/12c5eedbb3ce26fa5ab9b5cd2160188bac83f2b725a94fa84e9cb700318457bd.xlsx,https://raw.githubusercontent.com/appelson/Tracking_287g/refs/heads/main/sheets/sheets_20250709_151849/pendingAgencies07092025am.xlsx,20250709,12c5eedbb3ce26fa5ab9b5cd2160188bac83f2b725a94fa84e9cb700318457bd
sheets/sheets_wayback_20260814/participatingAgencies07092025pm_922c357167fb.xlsx,excels/922c357167fb2222b2ae1372c1e70316b30620fcbc8153091f8f465282a42f44.xlsx,https://raw.githubusercontent.com/appelson/Tracking_287g/refs/heads/main/sheets/sheets_20250710_151854/participatingAgencies07092025pm.xlsx,20250709,922c357167fb2222b2ae1372c1e70316b30620fcbc8153091f8f465282a42f44
sheets/sheets_wayback_20260814/pendingAgencies07102025am_32fbba1e7664.xlsx,excels/32fbba1e7664d7ac1a93c2a992237486904b49174ec4238ffd0da2e9dc3c784e.xlsx,https://raw.githubusercontent.com/appelson/Tracking_287g/refs/heads/main/sheets/sheets_20250710_151854/pendingAgencies07102025am.xlsx,20250710,32fbba1e7664d7ac1a93c2a992237486904b49174ec4238ffd0da2e9dc3c784e
sheets/sheets_wayback_20260814/participatingAgencies07112025am_cf1d289ab056.xlsx,excels/cf1d289ab056a1ca42c8a3a1b0816402eda58cf6cf0bc3ef4aa3e98a85fd0aed.xlsx,https://raw.githubusercontent.com/appelson/Tracking_287g/refs/heads/main/sheets/sheets_20250711_151820/participatingAgencies07112025am.xlsx,20250711,cf1d289ab056a1ca42c8a3a1b0816402eda58cf6cf0bc3ef4aa3e98a85fd0aed
sheets/sheets_wayback_20260814/pendingAgencies07112025am_b_c4afe5238211.xlsx,excels/c4afe5238211b239bf2afd9bfd765022025d20596e3ccd5e786dea7657767cae.xlsx,https://raw.githubusercontent.com/appelson/Tracking_287g/refs/heads/main/sheets/sheets_20250711_151820/pendingAgencies07112025am_b.xlsx,20250711,c4afe5238211b239bf2afd9bfd765022025d20596e3ccd5e786dea7657767cae
sheets/sheets_wayback_20260814/pendingAgencies07112025pm_61d1145c5450.xlsx,excels/61d1145c5450be9d539b75491046ef98c8560b4c2ae180837a7f0d902397bbc6.xlsx,https://raw.githubusercontent.com/appelson/Tracking_287g/refs/heads/main/sheets/sheets_20250712_151631/pendingAgencies07112025pm.xlsx,20250711,61d1145c5450be9d539b75491046ef98c8560b4c2ae180837a7f0d902397bbc6
sheets/sheets_wayback_20260814/pendingAgencies07142025am_3f65df3e549c.xlsx,excels/3f65df3e549c42cae04eb5758a7cd72a644888229a4e0d46e704da5b476f4c3e.xlsx,https://raw.githubusercontent.com/appelson/Tracking_287g/refs/heads/main/sheets/sheets_20250714_151904/pendingAgencies07142025am.xlsx,20250714,3f65df3e549c42cae04eb5758a7cd72a644888229a4e0d46e704da5b476f4c3e
sheets/sheets_wayback_20260814/participatingAgencies07162025am_510ccbdf1300.xlsx,excels/510ccbdf130079fc3ceacf029ecf5deed6d0a12b602a8b87c63aacc3488d59e6.xlsx,https://raw.githubusercontent.com/appelson/Tracking_287g/refs/heads/main/sheets/sheets_20250716_151931/participatingAgencies07162025am.xlsx,20250716,510ccbdf130079fc3ceacf029ecf5deed6d0a12b602a8b87c63aacc3488d59e6
sheets/sheets_wayback_20260814/pendingAgencies07162025am_4b5f5b43de6f.xlsx,excels/4b5f5b43de6f0b30e0de19480fef97c64a35d17fb05b5bc8b8c7ccf3adebf768.xlsx,https://raw.githubusercontent.com/appelson/Tracking_287g/refs/heads/main/sheets/sheets_20250716_151931/pendingAgencies07162025am.xlsx,20250716,4b5f5b43de6f0b30e0de19480fef97c64a35d17fb05b5bc8b8c7ccf3adebf768
sheets/sheets_wayback_20260814/pendingAgencies07172025am_b84a430c08a8.xlsx,excels/b84a430c08a8a679e38b3da73d5b4c40a65c5501991bd49d45da8b0eab2644cb.xlsx,https://raw.githubusercontent.com/appelson/Tracking_287g/refs/heads/main/sheets/sheets_20250717_151909/pendingAgencies07172025am.xlsx,20250717,b84a430c08a8a679e38b3da73d5b4c40a65c5501991bd49d45da8b0eab2644cb
sheets/sheets_wayback_20260814/participatingAgencies07182025am_f8205af8ddc7.xlsx,excels/f8205af8ddc77672616c1d9e5d18e6114fe4c04c00369e4a52ca431211e49da6.xlsx,https://raw.githubusercontent.com/appelson/Tracking_287g/refs/heads/main/sheets/sheets_20250718_151752/participatingAgencies07182025am.xlsx,20250718,f8205af8ddc77672616c1d9e5d18e6114fe4c04c00369e4a52ca431211e49da6
sheets/sheets_wayback_20260814/pendingAgencies07182025am_76a4bf3a44d2.xlsx,excels/76a4bf3a44d2d6f670a762fb4d83eaaa557284399dc856615efbf2379c72698c.xlsx,https://raw.githubusercontent.com/appelson/Tracking_287g/refs/heads/main/sheets/sheets_20250718_151752/pendingAgencies07182025am.xlsx,20250718,76a4bf3a44d2d6f670a762fb4d83eaaa557284399dc856615efbf2379c72698c
sheets/sheets_wayback_20260814/pendingAgencies07182025pm_5ff8d8cb630e.xlsx,excels/5ff8d8cb630eeed5fd2cda2b973484ac9618fd305921c6b129e58d7c0e7c5b2c.xlsx,https://raw.githubusercontent.com/appelson/Tracking_287g/refs/heads/main/sheets/sheets_20250719_151637/pendingAgencies07182025pm.xlsx,20250718,5ff8d8cb630eeed5fd2cda2b973484ac9618fd305921c6b129e58d7c0e7c5b2c
sheets/sheets_wayback_20260814/pendingAgencies07212025pm_4c0c19d9d11c.xlsx,excels/4c0c19d9d11c544b26f2ccd2feff06cd8918c133109c3fb9ac0b346f9c0ba40f.xlsx,https://raw.githubusercontent.com/appelson/Tracking_287g/refs/heads/main/sheets/sheets_20250722_151942/pendingAgencies07212025pm.xlsx,20250721,4c0c19d9d11c544b26f2ccd2feff06cd8918c133109c3fb9ac0b346f9c0ba40f
sheets/sheets_wayback_20260814/participatingAgencies07242025am_81e0fea6bd65.xlsx,excels/81e0fea6bd6527fa2fe54833a38004f4bb4c0a3e3fd27605765d09c087c74de7.xlsx,https://raw.githubusercontent.com/appelson/Tracking_287g/refs/heads/main/sheets/sheets_20250724_151751/participatingAgencies07242025am.xlsx,20250724,81e0fea6bd6527fa2fe54833a38004f4bb4c0a3e3fd27605765d09c087c74de7
sheets/sheets_wayback_20260814/pendingAgencies07242025am_2a8a9bb184d5.xlsx,excels/2a8a9bb184d55a312c537f81c5903f28f419a0570ce4bed2fcf89053065acf3f.xlsx,https://raw.githubusercontent.com/appelson/Tracking_287g/refs/heads/main/sheets/sheets_20250724_151751/pendingAgencies07242025am.xlsx,20250724,2a8a9bb184d55a312c537f81c5903f28f419a0570ce4bed2fcf89053065acf3f
sheets/sheets_wayback_20260814/pendingAgencies07252025am_abf2e273d753.xlsx,excels/abf2e273d75383510e9500a7d94a27970cb050d25c068121e1d1c9a12c824718.xlsx,https://raw.githubusercontent.com/appelson/Tracking_287g/refs/heads/main/sheets/sheets_20250725_151902/pendingAgencies07252025am.xlsx,20250725,abf2e273d75383510e9500a7d94a27970cb050d25c068121e1d1c9a12c824718
sheets/sheets_wayback_20260814/participatingAgencies07292025am_7c9645512ae4.xlsx,excels/7c9645512ae40d2cbb5a72b5ede837d701969680986965a0cf3e26a2d2ec2a70.xlsx,https://raw.githubusercontent.com/appelson/Tracking_287g/refs/heads/main/sheets/sheets_20250729_152045/participatingAgencies07292025am.xlsx,20250729,7c9645512ae40d2cbb5a72b5ede837d701969680986965a0cf3e26a2d2ec2a70
sheets/sheets_wayback_20260814/pendingAgencies07292025am_361ba0236520.xlsx,excels/361ba023652066eecbe458d1f72383f6423ce00b6552de8245131b3beff1c24c.xlsx,https://raw.githubusercontent.com/appelson/Tracking_287g/refs/heads/main/sheets/sheets_20250729_152045/pendingAgencies07292025am.xlsx,20250729,361ba023652066eecbe458d1f72383f6423ce00b6552de8245131b3beff1c24c
sheets/sheets_wayback_20260814/participatingAgencies07302025am_f702ca7d5b8d.xlsx,excels/f702ca7d5b8df8d554ad7340e1c9b00de3f976e276fdb4855470bbf0f46204d5.xlsx,https://raw.githubusercontent.com/appelson/Tracking_287g/refs/heads/main/sheets/sheets_20250730_151921/participatingAgencies07302025am.xlsx,20250730,f702ca7d5b8df8d554ad7340e1c9b00de3f976e276fdb4855470bbf0f46204d5
sheets/sheets_wayback_20260814/pendingAgencies07302025am_d0fd691d1b2c.xlsx,excels/d0fd691d1b2c532c2b0091b411707f00938afc77347776ed6a7997c0d149436a.xlsx,https://raw.githubusercontent.com/appelson/Tracking_287g/refs/heads/main/sheets/sheets_20250730_151921/pendingAgencies07302025am.xlsx,20250730,d0fd691d1b2c532c2b0091b411707f00938afc77347776ed6a7997c0d149436a
sheets/sheets_wayback_20260814/pendingAgencies07312025am_3bc3c5d9edeb.xlsx,excels/3bc3c5d9edeb4ced7aea4fdb169fc127106b605252641273c855a946fa7b2f39.xlsx,https://raw.githubusercontent.com/appelson/Tracking_287g/refs/heads/main/sheets/sheets_20250731_151933/pendingAgencies07312025am.xlsx,20250731,3bc3c5d9edeb4ced7aea4fdb169fc127106b605252641273c855a946fa7b2f39
sheets/sheets_wayback_20260814/participatingAgencies08012025am_ad4b05beec83.xlsx,excels/ad4b05beec83fca8057f124e0198496bc60873b72690165849f3223e2b680a22.xlsx,https://raw.githubusercontent.com/appelson/Tracking_287g/refs/heads/main/sheets/sheets_20250801_151953/participatingAgencies08012025am.xlsx,20250801,ad4b05beec83fca8057f124e0198496bc60873b72690165849f3223e2b680a22
sheets/sheets_wayback_20260814/pendingAgencies08012025am_5beadbe440ee.xlsx,excels/5beadbe440eeb5610e4edb87821bd60159da85615436316424d663eef365cb22.xlsx,https://raw.githubusercontent.com/appelson/Tracking_287g/refs/heads/main/sheets/sheets_20250801_151953/pendingAgencies08012025am.xlsx,20250801,5beadbe440eeb5610e4edb87821bd60159da85615436316424d663eef365cb22
sheets/sheets_wayback_20260814/participatingAgencies08042025pm_53e647e7643b.xlsx,excels/53e647e7643b0eeb526db0905fdf70002f8204fc937cba31637e67b8d5a50ace.xlsx,https://raw.githubusercontent.com/appelson/Tracking_287g/refs/heads/main/sheets/sheets_20250805_152115/participatingAgencies08042025pm.xlsx,20250804,53e647e7643b0eeb526db0905fdf70002f8204fc937cba31637e67b8d5a50ace
sheets/sheets_wayback_20260814/pendingAgencies08052025pm_512c58a12a3e.xlsx,excels/512c58a12a3e5e3dc18d9b8f5cc1481abc84e5064ec61776b98c3ad2b80218a3.xlsx,https://raw.githubusercontent.com/appelson/Tracking_287g/refs/heads/main/sheets/sheets_20250806_152018/pendingAgencies08052025pm.xlsx,20250805,512c58a12a3e5e3dc18d9b8f5cc1481abc84e5064ec61776b98c3ad2b80218a3
sheets/sheets_wayback_20260814/participatingAgencies08122025am_65755ee690c1.xlsx,excels/65755ee690c16feaa6e51edb0895ac032f26dde1cbdabd9dbbe4f639e6b93433.xlsx,https://raw.githubusercontent.com/appelson/Tracking_287g/refs/heads/main/sheets/sheets_20250812_151843/participatingAgencies08122025am.xlsx,20250812,65755ee690c16feaa6e51edb0895ac032f26dde1cbdabd9dbbe4f639e6b93433
sheets/sheets_wayback_20260814/pendingAgencies08122025am_c28dce4cd89d.xlsx,excels/c28dce4cd89df554f05dab261419c541181af9c1c54f4bc6f8cfc48e5d64f8d7.xlsx,https://raw.githubusercontent.com/appelson/Tracking_287g/refs/heads/main/sheets/sheets_20250812_151843/pendingAgencies08122025am.xlsx,20250812,c28dce4cd89df554f05dab261419c541181af9c1c54f4bc6f8cfc48e5d64f8d7
sheets/sheets_wayback_20260814/participatingAgencies08132025am_523b483c00b6.xlsx,excels/523b483c00b6698f152fe55094b316130d5c1d5b1b3021c9dd470050b0e0c2ca.xlsx,https://raw.githubusercontent.com/appelson/Tracking_287g/refs/heads/main/sheets/sheets_20250813_151532/participatingAgencies08132025am.xlsx,20250813,523b483c00b6698f152fe55094b316130d5c1d5b1b3021c9dd470050b0e0c2ca
sheets/sheets_wayback_20260814/participatingAgencies10102025pm_5bbf15f3bbad.xlsx,excels/5bbf15f3bbad4f3273886cbfde475fad1a9af2ccc74e713268011231d5475586.xlsx,https://raw.githubusercontent.com/appelson/Tracking_287g/refs/heads/main/sheets/sheets_20251013_060751/participatingAgencies10102025pm.xlsx,20251010,5bbf15f3bbad4f3273886cbfde475fad1a9af2ccc74e713268011231d5475586
sheets/sheets_wayback_20260814/participatingAgencies10142025am_6e07c4f5096d.xlsx,excels/6e07c4f5096d881e789244984d436df849d9825be3920819743f3f9064205e1d.xlsx,https://raw.githubusercontent.com/appelson/Tracking_287g/refs/heads/main/sheets/sheets_20251014_151840/participatingAgencies10142025am.xlsx,20251014,6e07c4f5096d881e789244984d436df849d9825be3920819743f3f9064205e1d
sheets/sheets_wayback_20260814/pendingAgencies10142025am_638077548984.xlsx,excels/63807754898494cee7f377a73a6192f551109649f9f2899b0022256450040cbb.xlsx,https://raw.githubusercontent.com/appelson/Tracking_287g/refs/heads/main/sheets/sheets_20251014_151840/pendingAgencies10142025am.xlsx,20251014,63807754898494cee7f377a73a6192f551109649f9f2899b0022256450040cbb
sheets/sheets_wayback_20260814/pendingAgencies10152025am_e9ff896b1235.xlsx,excels/e9ff896b123529e492ff07a9f37d55167a5bb33719177167dcfd4f82ece72032.xlsx,https://raw.githubusercontent.com/appelson/Tracking_287g/refs/heads/main/sheets/sheets_20251015_151632/pendingAgencies10152025am.xlsx,20251015,e9ff896b123529e492ff07a9f37d55167a5bb33719177167dcfd4f82ece72032
sheets/sheets_wayback_20260814/pendingAgencies10162025am_2d07d0235875.xlsx,excels/2d07d0235875ab3013378b17fb5c9d41ea2e45a64c83e43edc65715c5becdbe0.xlsx,https://raw.githubusercontent.com/appelson/Tracking_287g/refs/heads/main/sheets/sheets_20251016_151749/pendingAgencies10162025am.xlsx,20251016,2d07d0235875ab3013378b17fb5c9d41ea2e45a64c83e43edc65715c5becdbe0
sheets/sheets_wayback_20260814/participatingAgencies10172025am_4635e4bdcc8f.xlsx,excels/4635e4bdcc8f019c7402997176f382d2e2782d72de3c5188d718ef530def8dad.xlsx,https://raw.githubusercontent.com/appelson/Tracking_287g/refs/heads/main/sheets/sheets_20251017_151653/participatingAgencies10172025am.xlsx,20251017,4635e4bdcc8f019c7402997176f382d2e2782d72de3c5188d718ef530def8dad
sheets/sheets_wayback_20260814/pendingAgencies10172025am_e92bc6039750.xlsx,excels/e92bc60397502bd8d0bc5ee6cdba37a8d48fc920fb683437e6b258567897c1df.xlsx,https://raw.githubusercontent.com/appelson/Tracking_287g/refs/heads/main/sheets/sheets_20251017_151653/pendingAgencies10172025am.xlsx,20251017,e92bc60397502bd8d0bc5ee6cdba37a8d48fc920fb683437e6b258567897c1df
sheets/sheets_wayback_20260814/participatingAgencies10172025pm_804425e576ca.xlsx,excels/804425e576caf79a69d2c0ea63b7d20eaa5917219711ac8916c1257bb5713018.xlsx,https://raw.githubusercontent.com/appelson/Tracking_287g/refs/heads/main/sheets/sheets_20251018_151407/participatingAgencies10172025pm.xlsx,20251017,804425e576caf79a69d2c0ea63b7d20eaa5917219711ac8916c1257bb5713018
sheets/sheets_wayback_20260814/participatingAgencies10202025am_958b0dbac3e0.xlsx,excels/958b0dbac3e041c846a0dd518b1efa6c00d485e1f2242e8036e63551a5a577df.xlsx,https://raw.githubusercontent.com/appelson/Tracking_287g/refs/heads/main/sheets/sheets_20251020_151713/participatingAgencies10202025am.xlsx,20251020,958b0dbac3e041c846a0dd518b1efa6c00d485e1f2242e8036e63551a5a577df
sheets/sheets_wayback_20260814/pendingAgencies10202025am_f9c7ad9b782e.xlsx,excels/f9c7ad9b782ea978b79716755cb4a3565a6ee5401632095dfa7e16a88665ca96.xlsx,https://raw.githubusercontent.com/appelson/Tracking_287g/refs/heads/main/sheets/sheets_20251020_151713/pendingAgencies10202025am.xlsx,20251020,f9c7ad9b782ea978b79716755cb4a3565a6ee5401632095dfa7e16a88665ca96
sheets/sheets_wayback_20260814/participatingAgencies10242025am_3316d29ef137.xlsx,excels/3316d29ef137b32c1adb0c653c9150fc609312948a78082e3a281475c7a047c8.xlsx,https://raw.githubusercontent.com/appelson/Tracking_287g/refs/heads/main/sheets/sheets_20251024_151729/participatingAgencies10242025am.xlsx,20251024,3316d29ef137b32c1adb0c653c9150fc609312948a78082e3a281475c7a047c8
sheets/sheets_wayback_20260814/pendingAgencies10282025am_571df074d8ad.xlsx,excels/571df074d8ad252de14b59f176e104a0a468e858ef1a3959265a8bd9ebcb19dd.xlsx,https://raw.githubusercontent.com/appelson/Tracking_287g/refs/heads/main/sheets/sheets_20251028_151914/pendingAgencies10282025am.xlsx,20251028,571df074d8ad252de14b59f176e104a0a468e858ef1a3959265a8bd9ebcb19dd
sheets/sheets_wayback_20260814/pendingAgencies10292025am_4e64927697c4.xlsx,excels/4e64927697c47c1c7048dedb8f0a937884cb62d6bd539dfcfc7fec0579086306.xlsx,https://raw.githubusercontent.com/appelson/Tracking_287g/refs/heads/main/sheets/sheets_20251029_152400/pendingAgencies10292025am.xlsx,20251029,4e64927697c47c1c7048dedb8f0a937884cb62d6bd539dfcfc7fec0579086306
sheets/sheets_wayback_20260814/participatingAgencies10312025am_440cb4d735c0.xlsx,excels/440cb4d735c0c5531e2d4d862dc5b4ea1363598cd4cdb0c38fc2316dbf5f7d37.xlsx,https://raw.githubusercontent.com/appelson/Tracking_287g/refs/heads/main/sheets/sheets_20251031_151611/participatingAgencies10312025am.xlsx,20251031,440cb4d735c0c5531e2d4d862dc5b4ea1363598cd4cdb0c38fc2316dbf5f7d37
sheets/sheets_wayback_20260814/participatingAgencies11042025pm_6159bf0c067a.xlsx,excels/6159bf0c067a0cfb0687a158e7ed46acc59a21e7a849ce1a029a2139f1e38685.xlsx,https://raw.githubusercontent.com/appelson/Tracking_287g/refs/heads/main/sheets/sheets_20251105_151800/participatingAgencies11042025pm.xlsx,20251104,6159bf0c067a0cfb0687a158e7ed46acc59a21e7a849ce1a029a2139f1e38685
sheets/sheets_wayback_20260814/pendingAgencies11042025pm_96e6d2a820f5.xlsx,excels/96e6d2a820f5883123db18f4b349813cf43350e0668829c1d9213bedac2d4b44.xlsx,https://raw.githubusercontent.com/appelson/Tracking_287g/refs/heads/main/sheets/sheets_20251105_151800/pendingAgencies11042025pm.xlsx,20251104,96e6d2a820f5883123db18f4b349813cf43350e0668829c1d9213bedac2d4b44
sheets/sheets_wayback_20260814/participatingAgencies11062025pm_6ad6bb547caa.xlsx,excels/6ad6bb547caa7ba28a254cd0a714c0dbf8c829c1326c4bf839a204a601b14f84.xlsx,https://raw.githubusercontent.com/appelson/Tracking_287g/refs/heads/main/sheets/sheets_20251107_151741/participatingAgencies11062025pm.xlsx,20251106,6ad6bb547caa7ba28a254cd0a714c0dbf8c829c1326c4bf839a204a601b14f84
sheets/sheets_wayback_20260814/pendingAgencies11062025pm_08de38d6366e.xlsx,excels/08de38d6366ecb3bec734b7b711b42dc180ff96adccb59cdf19e250f1f75018b.xlsx,https://raw.githubusercontent.com/appelson/Tracking_287g/refs/heads/main/sheets/sheets_20251107_151741/pendingAgencies11062025pm.xlsx,20251106,08de38d6366ecb3bec734b7b711b42dc180ff96adccb59cdf19e250f1f75018b
sheets/sheets_wayback_20260814/pendingAgencies11122025_ee21a482885c.xlsx,excels/ee21a482885c455c82b8c426c40ed0091855a9ab0b1250ca35b0bf054a71430e.xlsx,https://raw.githubusercontent.com/appelson/Tracking_287g/refs/heads/main/sheets/sheets_20251113_151954/pendingAgencies11122025.xlsx,20251112,ee21a482885c455c82b8c426c40ed0091855a9ab0b1250ca35b0bf054a71430e
sheets/sheets_wayback_20260814/participatingAgencies11132025pm_64d8e9ee2925.xlsx,excels/64d8e9ee29251921ba698b76f2044c3ecc623b9e6d4a0cb9548679401bd08bdf.xlsx,https://raw.githubusercontent.com/appelson/Tracking_287g/refs/heads/main/sheets/sheets_20251114_151626/participatingAgencies11132025pm.xlsx,20251113,64d8e9ee29251921ba698b76f2044c3ecc623b9e6d4a0cb9548679401bd08bdf
sheets/sheets_wayback_20260814/participatingAgencies11142025pm_356e76913167.xlsx,excels/356e76913167c70edd0c4a33a829a791080f9115db7d0acd9c7d93bf81587054.xlsx,https://raw.githubusercontent.com/appelson/Tracking_287g/refs/heads/main/sheets/sheets_20251115_151515/participatingAgencies11142025pm.xlsx,20251114,356e76913167c70edd0c4a33a829a791080f9115db7d0acd9c7d93bf81587054
sheets/sheets_wayback_20260814/pendingAgencies11142025pm_ffe41331c383.xlsx,excels/ffe41331c3835dafaed16d6e1a6c3cb5ed05b29e5c1071f67ad59a4fb2c90a57.xlsx,https://raw.githubusercontent.com/appelson/Tracking_287g/refs/heads/main/sheets/sheets_20251115_151515/pendingAgencies11142025pm.xlsx,20251114,ffe41331c3835dafaed16d6e1a6c3cb5ed05b29e5c1071f67ad59a4fb2c90a57
sheets/sheets_wayback_20260814/participatingAgencies11182025pm_925b36ac3fb9.xlsx,excels/925b36ac3fb9d7574b34a069fb20271d9f143b14680c9d157ead0097e3b571b1.xlsx,https://raw.githubusercontent.com/appelson/Tracking_287g/refs/heads/main/sheets/sheets_20251119_151842/participatingAgencies11182025pm.xlsx,20251118,925b36ac3fb9d7574b34a069fb20271d9f143b14680c9d157ead0097e3b571b1
sheets/sheets_wayback_20260814/pendingAgencies11182025pm_9ac76dd91777.xlsx,excels/9ac76dd91777dfff25002acd039eadc186129778c5649c955a1d265d6c8235b4.xlsx,https://raw.githubusercontent.com/appelson/Tracking_287g/refs/heads/main/sheets/sheets_20251119_151842/pendingAgencies11182025pm.xlsx,20251118,9ac76dd91777dfff25002acd039eadc186129778c5649c955a1d265d6c8235b4
sheets/sheets_wayback_20260814/participatingAgencies11192025pm_ba3eac7d38fd.xlsx,excels/ba3eac7d38fd4d11332d69471fb47795283e1fa9a31da4a260b702e2e8a06226.xlsx,https://raw.githubusercontent.com/appelson/Tracking_287g/refs/heads/main/sheets/sheets_20251120_151836/participatingAgencies11192025pm.xlsx,20251119,ba3eac7d38fd4d11332d69471fb47795283e1fa9a31da4a260b702e2e8a06226
sheets/sheets_wayback_20260814/pendingAgencies11192025pm_0944ce71c4c4.xlsx,excels/0944ce71c4c4b0d2ea947e94c6608ddebadfe9962a7ccddfc1709bd46188b475.xlsx,https://raw.githubusercontent.com/appelson/Tracking_287g/refs/heads/main/sheets/sheets_20251120_151836/pendingAgencies11192025pm.xlsx,20251119,0944ce71c4c4b0d2ea947e94c6608ddebadfe9962a7ccddfc1709bd46188b475
sheets/sheets_wayback_20260814/pendingAgencies11202025mid_c05c72f86925.xlsx,excels/c05c72f86925738d4102667937d424ca14c346eda66cfa24dbdfdddaf6150681.xlsx,https://raw.githubusercontent.com/appelson/Tracking_287g/refs/heads/main/sheets/sheets_20251121_151613/pendingAgencies11202025mid.xlsx,20251120,c05c72f86925738d4102667937d424ca14c346eda66cfa24dbdfdddaf6150681
sheets/sheets_wayback_20260814/participatingAgencies11212025am_cf2106d48759.xlsx,excels/cf2106d487597c602899844a036b0f647a2604f6aba2db4dcb36398f133de870.xlsx,https://raw.githubusercontent.com/appelson/Tracking_287g/refs/heads/main/sheets/sheets_20251122_151518/participatingAgencies11212025am.xlsx,20251121,cf2106d487597c602899844a036b0f647a2604f6aba2db4dcb36398f133de870
sheets/sheets_wayback_20260814/participatingAgencies11252025am_19cf844a3f3a.xlsx,excels/19cf844a3f3a0db148f220d31df714d696f58b7064715b2cee75156148f6649d.xlsx,https://raw.githubusercontent.com/appelson/Tracking_287g/refs/heads/main/sheets/sheets_20251125_152207/participatingAgencies11252025am.xlsx,20251125,19cf844a3f3a0db148f220d31df714d696f58b7064715b2cee75156148f6649d
sheets/sheets_wayback_20260814/participatingAgencies11252025pm_8373bfe691d1.xlsx,excels/8373bfe691d12454370bb793893e507b1bc66b232fafca6a7e0d3f2d6d46cb56.xlsx,https://raw.githubusercontent.com/appelson/Tracking_287g/refs/heads/main/sheets/sheets_20251126_151702/participatingAgencies11252025pm.xlsx,20251125,8373bfe691d12454370bb793893e507b1bc66b232fafca6a7e0d3f2d6d46cb56
sheets/sheets_wayback_20260814/participatingAgencies11262025am_73f9fbd8dcda.xlsx,excels/73f9fbd8dcda8c955bf4adefbc966dfcbba146a9dec93cf93f26595f93053883.xlsx,https://raw.githubusercontent.com/appelson/Tracking_287g/refs/heads/main/sheets/sheets_20251128_151830/participatingAgencies11262025am.xlsx,20251126,73f9fbd8dcda8c955bf4adefbc966dfcbba146a9dec93cf93f26595f93053883
sheets/sheets_wayback_20260814/pendingAgencies12012025am_27cefe368b90.xlsx,excels/27cefe368b90c63c99e58fd9d4ad47309cfe56fcdd11ed9b843c1a4ed81fc6fe.xlsx,https://raw.githubusercontent.com/appelson/Tracking_287g/refs/heads/main/sheets/sheets_20251202_152027/pendingAgencies12012025am.xlsx,20251201,27cefe368b90c63c99e58fd9d4ad47309cfe56fcdd11ed9b843c1a4ed81fc6fe
sheets/sheets_wayback_20260814/participatingAgencies12022025pm_bbee0a113e28.xlsx,excels/bbee0a113e28482263f500c00e4738e454caa629ab8f11338e968a95f9e3f003.xlsx,https://raw.githubusercontent.com/appelson/Tracking_287g/refs/heads/main/sheets/sheets_20251203_152811/participatingAgencies12022025pm.xlsx,20251202,bbee0a113e28482263f500c00e4738e454caa629ab8f11338e968a95f9e3f003
sheets/sheets_wayback_20260814/pendingAgencies12022025pm_440502e4f54e.xlsx,excels/440502e4f54ef177a6173ed8a2108b84aad1c18e8402ee5f104b3bf163994240.xlsx,https://raw.githubusercontent.com/appelson/Tracking_287g/refs/heads/main/sheets/sheets_20251203_152811/pendingAgencies12022025pm.xlsx,20251202,440502e4f54ef177a6173ed8a2108b84aad1c18e8402ee5f104b3bf163994240
sheets/sheets_wayback_20260814/participatingAgencies12032025pm_301ef3b5ed7c.xlsx,excels/301ef3b5ed7c1a04e2f295c34e6c9278e3c770941190e39f3b0bf689eda5ca6d.xlsx,https://raw.githubusercontent.com/appelson/Tracking_287g/refs/heads/main/sheets/sheets_20251204_152113/participatingAgencies12032025pm.xlsx,20251203,301ef3b5ed7c1a04e2f295c34e6c9278e3c770941190e39f3b0bf689eda5ca6d
sheets/sheets_wayback_20260814/pendingAgencies12032025pm_116448590572.xlsx,excels/116448590572f0ba7ada00692256e422aa55921fb3cdc7e9e92f71161df9bf80.xlsx,https://raw.githubusercontent.com/appelson/Tracking_287g/refs/heads/main/sheets/sheets_20251204_152113/pendingAgencies12032025pm.xlsx,20251203,116448590572f0ba7ada00692256e422aa55921fb3cdc7e9e92f71161df9bf80
sheets/sheets_wayback_20260814/participatingAgencies12052025pm_4698b6639756.xlsx,excels/4698b663975604df97784f6629ff3fec6bb39b2ac885955f6e6755df78229e6a.xlsx,https://raw.githubusercontent.com/appelson/Tracking_287g/refs/heads/main/sheets/sheets_20251206_151548/participatingAgencies12052025pm.xlsx,20251205,4698b663975604df97784f6629ff3fec6bb39b2ac885955f6e6755df78229e6a
sheets/sheets_wayback_20260814/pendingAgencies12082025mid_f3bccb2cf7ed.xlsx,excels/f3bccb2cf7ed6bb560c1a331f8c4dfac5a3d67f3b83365d4f9f6665a8d480138.xlsx,https://raw.githubusercontent.com/appelson/Tracking_287g/refs/heads/main/sheets/sheets_20251209_152059/pendingAgencies12082025mid.xlsx,20251208,f3bccb2cf7ed6bb560c1a331f8c4dfac5a3d67f3b83365d4f9f6665a8d480138
sheets/sheets_wayback_20260814/participatingAgencies12092025pm_5836e0fcdeb8.xlsx,excels/5836e0fcdeb80fbf13e4bea5b067dae3d50705531b1d9e6e621039e2a1a842ad.xlsx,https://raw.githubusercontent.com/appelson/Tracking_287g/refs/heads/main/sheets/sheets_20251210_152208/participatingAgencies12092025pm.xlsx,20251209,5836e0fcdeb80fbf13e4bea5b067dae3d50705531b1d9e6e621039e2a1a842ad
sheets/sheets_wayback_20260814/pendingAgencies12092025pm_a3d26440e6d2.xlsx,excels/a3d26440e6d2f9bc6736747446cb737536408fad0ab3543620a5df3af2d1f226.xlsx,https://raw.githubusercontent.com/appelson/Tracking_287g/refs/heads/main/sheets/sheets_20251210_152208/pendingAgencies12092025pm.xlsx,20251209,a3d26440e6d2f9bc6736747446cb737536408fad0ab3543620a5df3af2d1f226
sheets/sheets_wayback_20260814/participatingAgencies12292025am_6526fdde58b3.xlsx,excels/6526fdde58b348843fa7f4fc88b8adea0ccc689684898e935f838d50595555d5.xlsx,https://raw.githubusercontent.com/appelson/Tracking_287g/refs/heads/main/sheets/sheets_20251230_151927/participatingAgencies12292025am.xlsx,20251229,6526fdde58b348843fa7f4fc88b8adea0ccc689684898e935f838d50595555d5
sheets/sheets_wayback_20260814/pendingAgencies12292025am_6449e8b05ad7.xlsx,excels/6449e8b05ad7ef89c3ec6ce83df67aabe9208063e1319c0c2856ad19bddffa77.xlsx,https://raw.githubusercontent.com/appelson/Tracking_287g/refs/heads/main/sheets/sheets_20251230_151927/pendingAgencies12292025am.xlsx,20251229,6449e8b05ad7ef89c3ec6ce83df67aabe9208063e1319c0c2856ad19bddffa77
sheets/sheets_wayback_20260814/pendingAgencies12302025am_1f99f73b3fc7.xlsx,excels/1f99f73b3fc7b561d0ceaf599d2839391a6858c1c2f13f306b3740913d32e13d.xlsx,https://raw.githubusercontent.com/appelson/Tracking_287g/refs/heads/main/sheets/sheets_20251231_151933/pendingAgencies12302025am.xlsx,20251230,1f99f73b3fc7b561d0ceaf599d2839391a6858c1c2f13f306b3740913d32e13d
sheets/sheets_wayback_20260814/pendingAgencies12312025am_79078543b815.xlsx,excels/79078543b815ea09d299165638c4e943a437fae149386464e8e84b34a17a7b98.xlsx,https://raw.githubusercontent.com/appelson/Tracking_287g/refs/heads/main/sheets/sheets_20260101_152014/pendingAgencies12312025am.xlsx,20251231,79078543b815ea09d299165638c4e943a437fae149386464e8e84b34a17a7b98
sheets/sheets_wayback_20260814/participatingAgencies01052025pm_c5588218390b.xlsx,excels/c5588218390bfcba74934e772605d4634a038345f610716bc3946e05c22ec931.xlsx,https://raw.githubusercontent.com/appelson/Tracking_287g/refs/heads/main/sheets/sheets_20260106_152044/participatingAgencies01052025pm.xlsx,20250105,c5588218390bfcba74934e772605d4634a038345f610716bc3946e05c22ec931
sheets/sheets_wayback_20260814/pendingAgencies01052025pm_a5805112fee2.xlsx,excels/a5805112fee243ff7b36a315f0ace2fb32b06047c578f646d12275eca435daf2.xlsx,https://raw.githubusercontent.com/appelson/Tracking_287g/refs/heads/main/sheets/sheets_20260106_152044/pendingAgencies01052025pm.xlsx,20250105,a5805112fee243ff7b36a315f0ace2fb32b06047c578f646d12275eca435daf2
sheets/sheets_wayback_20260814/participatingAgencies01062025pm_2cfb429e7ff5.xlsx,excels/2cfb429e7ff57d20d7e214256989240dab55836bca5086982bddcb9fd0e8cb82.xlsx,https://raw.githubusercontent.com/appelson/Tracking_287g/refs/heads/main/sheets/sheets_20260107_152245/participatingAgencies01062025pm.xlsx,20250106,2cfb429e7ff57d20d7e214256989240dab55836bca5086982bddcb9fd0e8cb82
sheets/sheets_wayback_20260814/pendingAgencies01062025pm_b831546815b9.xlsx,excels/b831546815b98a3f7c0c28eaaaa3ef06a506bd60c5813c9f31ff2cf176b8dfa3.xlsx,https://raw.githubusercontent.com/appelson/Tracking_287g/refs/heads/main/sheets/sheets_20260107_152245/pendingAgencies01062025pm.xlsx,20250106,b831546815b98a3f7c0c28eaaaa3ef06a506bd60c5813c9f31ff2cf176b8dfa3
sheets/sheets_wayback_20260814/participatingAgencies01082026am_608c7cdafa72.xlsx,excels/608c7cdafa72bfeb9f09329af5aeab6086497e7e363018c9e4e526a5533aac6c.xlsx,https://raw.githubusercontent.com/appelson/Tracking_287g/refs/heads/main/sheets/sheets_20260109_152130/participatingAgencies01082026am.xlsx,20260108,608c7cdafa72bfeb9f09329af5aeab6086497e7e363018c9e4e526a5533aac6c
sheets/sheets_wayback_20260814/pendingAgencies01082026am_52bbb3a2d532.xlsx,excels/52bbb3a2d532bb5bcaebdfa2a8f4df2b08f3af8b66e1de9803217f635600b543.xlsx,https://raw.githubusercontent.com/appelson/Tracking_287g/refs/heads/main/sheets/sheets_20260109_152130/pendingAgencies01082026am.xlsx,20260108,52bbb3a2d532bb5bcaebdfa2a8f4df2b08f3af8b66e1de9803217f635600b543
sheets/sheets_wayback_20260814/pendingAgencies01092025pm_e6a825510b65.xlsx,excels/e6a825510b6594349a4924d8d2af1f7701cecbedf2eeacdd24104be93184d93c.xlsx,https://raw.githubusercontent.com/appelson/Tracking_287g/refs/heads/main/sheets/sheets_20260110_151741/pendingAgencies01092025pm.xlsx,20250109,e6a825510b6594349a4924d8d2af1f7701cecbedf2eeacdd24104be93184d93c
sheets/sheets_wayback_20260814/participatingAgencies01132026am_0b7b4de42d89.xlsx,excels/0b7b4de42d8974aee3614c71dc2cc6fb73849b2f2985b8ea54ada23d78948aa1.xlsx,https://raw.githubusercontent.com/appelson/Tracking_287g/refs/heads/main/sheets/sheets_20260114_152334/participatingAgencies01132026am.xlsx,20260113,0b7b4de42d8974aee3614c71dc2cc6fb73849b2f2985b8ea54ada23d78948aa1
sheets/sheets_wayback_20260814/pendingAgencies01132026am_acbefbc3c373.xlsx,excels/acbefbc3c3738d76f95016bd3eab380a9b1cbb427d0ed3231d036377a5b8ef2f.xlsx,https://raw.githubusercontent.com/appelson/Tracking_287g/refs/heads/main/sheets/sheets_20260114_152334/pendingAgencies01132026am.xlsx,20260113,acbefbc3c3738d76f95016bd3eab380a9b1cbb427d0ed3231d036377a5b8ef2f
sheets/sheets_wayback_20260814/participatingAgencies01142026am_94e9e9a4043b.xlsx,excels/94e9e9a4043bd45cd4ef70bd229651512de2a651088bb2bc6e6ed58e99e8c5af.xlsx,https://raw.githubusercontent.com/appelson/Tracking_287g/refs/heads/main/sheets/sheets_20260115_152244/participatingAgencies01142026am.xlsx,20260114,94e9e9a4043bd45cd4ef70bd229651512de2a651088bb2bc6e6ed58e99e8c5af
sheets/sheets_wayback_20260814/pendingAgencies01142026am_f25f82b05fd5.xlsx,excels/f25f82b05fd59db9cbcba07aa80ffff355b2562b7ba53a7c7e7a25b664769586.xlsx,https://raw.githubusercontent.com/appelson/Tracking_287g/refs/heads/main/sheets/sheets_20260115_152244/pendingAgencies01142026am.xlsx,20260114,f25f82b05fd59db9cbcba07aa80ffff355b2562b7ba53a7c7e7a25b664769586
sheets/sheets_wayback_20260814/participatingAgencies01152026am_1e89b7c3a934.xlsx,excels/1e89b7c3a934b44aee881240814490885fd00dd9ba6afcc59183af8c6e6c9c03.xlsx,https://raw.githubusercontent.com/appelson/Tracking_287g/refs/heads/main/sheets/sheets_20260116_152157/participatingAgencies01152026am.xlsx,20260115,1e89b7c3a934b44aee881240814490885fd00dd9ba6afcc59183af8c6e6c9c03
sheets/sheets_wayback_20260814/participatingAgencies01202026am_8cb29cd37597.xlsx,excels/8cb29cd3759754fdb387dfcfe380efcf001783ac097a196776431c9e2ddec685.xlsx,https://raw.githubusercontent.com/appelson/Tracking_287g/refs/heads/main/sheets/sheets_20260121_152937/participatingAgencies01202026am.xlsx,20260120,8cb29cd3759754fdb387dfcfe380efcf001783ac097a196776431c9e2ddec685
sheets/sheets_wayback_20260814/pendingAgencies01202026am_28e03ec5ad50.xlsx,excels/28e03ec5ad50e7a59277e5fe91468068a1fb44095091f4955558ca9f3e6703e8.xlsx,https://raw.githubusercontent.com/appelson/Tracking_287g/refs/heads/main/sheets/sheets_20260121_152937/pendingAgencies01202026am.xlsx,20260120,28e03ec5ad50e7a59277e5fe91468068a1fb44095091f4955558ca9f3e6703e8
sheets/sheets_wayback_20260814/pendingAgencies01222026am_f57a68e86ab2.xlsx,excels/f57a68e86ab206482dea9cc1b3140cc8954fd949dad02fedb4c6c759050840cf.xlsx,https://raw.githubusercontent.com/appelson/Tracking_287g/refs/heads/main/sheets/sheets_20260123_152337/pendingAgencies01222026am.xlsx,20260122,f57a68e86ab206482dea9cc1b3140cc8954fd949dad02fedb4c6c759050840cf
sheets/sheets_wayback_20260814/pendingAgencies01232026am_75d139043add.xlsx,excels/75d139043add753f0be8844bde08f794fdf046d4424e5b04d04ab4529f00cf89.xlsx,https://raw.githubusercontent.com/appelson/Tracking_287g/refs/heads/main/sheets/sheets_20260124_151847/pendingAgencies01232026am.xlsx,20260123,75d139043add753f0be8844bde08f794fdf046d4424e5b04d04ab4529f00cf89
sheets/sheets_wayback_20260814/participatingAgencies01262026pm_59091249c91a.xlsx,excels/59091249c91a50deea68c1388bc5b8f5e35df1d1b2a70543455763ce3a7edd38.xlsx,https://raw.githubusercontent.com/appelson/Tracking_287g/refs/heads/main/sheets/sheets_20260127_152920/participatingAgencies01262026pm.xlsx,20260126,59091249c91a50deea68c1388bc5b8f5e35df1d1b2a70543455763ce3a7edd38
sheets/sheets_wayback_20260814/pendingAgencies01262026pm_a52cb17316f5.xlsx,excels/a52cb17316f58365e3440f047e7ddfac83e42ac3342755153e3fea8c56abed58.xlsx,https://raw.githubusercontent.com/appelson/Tracking_287g/refs/heads/main/sheets/sheets_20260127_152920/pendingAgencies01262026pm.xlsx,20260126,a52cb17316f58365e3440f047e7ddfac83e42ac3342755153e3fea8c56abed58
sheets/sheets_wayback_20260814/pendingAgencies01282026pm_56efe85adbeb.xlsx,excels/56efe85adbebc94e128f09e3b51be98f20c369815b1bd74a519c5e1a13a07553.xlsx,https://raw.githubusercontent.com/appelson/Tracking_287g/refs/heads/main/sheets/sheets_20260129_153344/pendingAgencies01282026pm.xlsx,20260128,56efe85adbebc94e128f09e3b51be98f20c369815b1bd74a519c5e1a13a07553
sheets/sheets_wayback_20260814/pendingAgencies01292026pm_d78060995eae.xlsx,excels/d78060995eaeec4e2b88fb2dd4e23c60bbb45cc67a57cad748596d17244e00a7.xlsx,https://raw.githubusercontent.com/appelson/Tracking_287g/refs/heads/main/sheets/sheets_20260130_153146/pendingAgencies01292026pm.xlsx,20260129,d78060995eaeec4e2b88fb2dd4e23c60bbb45cc67a57cad748596d17244e00a7
sheets/sheets_wayback_20260814/participatingAgencies01302026am_f9afe7334fa2.xlsx,excels/f9afe7334fa22ea91cc1873d2a4f9620aaf7e1b9cebe25efa85e5a0797924438.xlsx,https://raw.githubusercontent.com/appelson/Tracking_287g/refs/heads/main/sheets/sheets_20260131_152127/participatingAgencies01302026am.xlsx,20260130,f9afe7334fa22ea91cc1873d2a4f9620aaf7e1b9cebe25efa85e5a0797924438
sheets/sheets_wayback_20260814/pendingAgencies01302026am_4b01e44920b9.xlsx,excels/4b01e44920b9b8de414a0147a74ed0fbd8cf0ca91026c8f8f1f5d5ae0d68ffc4.xlsx,https://raw.githubusercontent.com/appelson/Tracking_287g/refs/heads/main/sheets/sheets_20260131_152127/pendingAgencies01302026am.xlsx,20260130,4b01e44920b9b8de414a0147a74ed0fbd8cf0ca91026c8f8f1f5d5ae0d68ffc4
sheets/sheets_wayback_20260814/participatingAgencies02032026am_1305a9457ebd.xlsx,excels/1305a9457ebd85edae51fc67115a0fdf941ddbbf98a0083f5c1244436f6fa7d0.xlsx,https://raw.githubusercontent.com/appelson/Tracking_287g/refs/heads/main/sheets/sheets_20260204_154038/participatingAgencies02032026am.xlsx,20260203,1305a9457ebd85edae51fc67115a0fdf941ddbbf98a0083f5c1244436f6fa7d0
sheets/sheets_wayback_20260814/pendingAgencies02042026am_06280b777ea7.xlsx,excels/06280b777ea7dafb05975468ae593575d7eabc0648422704b43436ab1390f1be.xlsx,https://raw.githubusercontent.com/appelson/Tracking_287g/refs/heads/main/sheets/sheets_20260205_153859/pendingAgencies02042026am.xlsx,20260204,06280b777ea7dafb05975468ae593575d7eabc0648422704b43436ab1390f1be
sheets/sheets_wayback_20260814/participatingAgencies02052026am_95ccf13cb909.xlsx,excels/95ccf13cb909dd8c8c669336164fb032c696c024131ca7604ad8069020b6f378.xlsx,https://raw.githubusercontent.com/appelson/Tracking_287g/refs/heads/main/sheets/sheets_20260206_153754/participatingAgencies02052026am.xlsx,20260205,95ccf13cb909dd8c8c669336164fb032c696c024131ca7604ad8069020b6f378
sheets/sheets_wayback_20260814/pendingAgencies02052026am_eae357c5622d.xlsx,excels/eae357c5622d73417a5e33cb657b441707f879932d4b7a422a71ceb43ebf8578.xlsx,https://raw.githubusercontent.com/appelson/Tracking_287g/refs/heads/main/sheets/sheets_20260206_153754/pendingAgencies02052026am.xlsx,20260205,eae357c5622d73417a5e33cb657b441707f879932d4b7a422a71ceb43ebf8578
sheets/sheets_wayback_20260814/pendingAgencies02092026am_588c17521c3c.xlsx,excels/588c17521c3cd9c08df742148047830574530dd3c9462d78cd7b382e83142f18.xlsx,https://raw.githubusercontent.com/appelson/Tracking_287g/refs/heads/main/sheets/sheets_20260210_160504/pendingAgencies02092026am.xlsx,20260209,588c17521c3cd9c08df742148047830574530dd3c9462d78cd7b382e83142f18
sheets/sheets_wayback_20260814/pendingAgencies02102026am_247ca9e706ee.xlsx,excels/247ca9e706ee3738b71c091749ed52ced30055e8299c32fa43dfcb6027bac57c.xlsx,https://raw.githubusercontent.com/appelson/Tracking_287g/refs/heads/main/sheets/sheets_20260211_155900/pendingAgencies02102026am.xlsx,20260210,247ca9e706ee3738b71c091749ed52ced30055e8299c32fa43dfcb6027bac57c
sheets/sheets_wayback_20260814/participatingAgencies02112026am_6bafa7d7ef12.xlsx,excels/6bafa7d7ef1290d133b5b9ac50ded629aac06f8ca495dd30bf48d9ba245180b8.xlsx,https://raw.githubusercontent.com/appelson/Tracking_287g/refs/heads/main/sheets/sheets_20260212_155117/participatingAgencies02112026am.xlsx,20260211,6bafa7d7ef1290d133b5b9ac50ded629aac06f8ca495dd30bf48d9ba245180b8
sheets/sheets_wayback_20260814/pendingAgencies02112026am_eb123b99258f.xlsx,excels/eb123b99258f5c6242a9cc6e8fa6299b53dbc900f2cc3062a9971f6fb4b3cc43.xlsx,https://raw.githubusercontent.com/appelson/Tracking_287g/refs/heads/main/sheets/sheets_20260212_155117/pendingAgencies02112026am.xlsx,20260211,eb123b99258f5c6242a9cc6e8fa6299b53dbc900f2cc3062a9971f6fb4b3cc43
sheets/sheets_wayback_20260814/pendingAgencies02122026pm_52be3f857af3.xlsx,excels/52be3f857af325f6f6ec02f899e31ec3412d2fd115dfd2c84bf772231dda4636.xlsx,https://raw.githubusercontent.com/appelson/Tracking_287g/refs/heads/main/sheets/sheets_20260213_153941/pendingAgencies02122026pm.xlsx,20260212,52be3f857af325f6f6ec02f899e31ec3412d2fd115dfd2c84bf772231dda4636
sheets/sheets_wayback_20260814/pendingAgencies02132026am_1781c0b793a5.xlsx,excels/1781c0b793a5cd35271a61891c940430d948ad0ebc14d9a796499ea2751eea24.xlsx,https://raw.githubusercontent.com/appelson/Tracking_287g/refs/heads/main/sheets/sheets_20260214_152246/pendingAgencies02132026am.xlsx,20260213,1781c0b793a5cd35271a61891c940430d948ad0ebc14d9a796499ea2751eea24
sheets/sheets_wayback_20260814/pendingAgencies02172026pm_fab3b5893e6a.xlsx,excels/fab3b5893e6a91fffec57fcb1249a1f4b7850d2bf2274b3d44427303da773ccf.xlsx,https://raw.githubusercontent.com/appelson/Tracking_287g/refs/heads/main/sheets/sheets_20260218_155001/pendingAgencies02172026pm.xlsx,20260217,fab3b5893e6a91fffec57fcb1249a1f4b7850d2bf2274b3d44427303da773ccf
sheets/sheets_wayback_20260814/participatingAgencies03052026pm_5159afa0069d.xlsx,excels/5159afa0069d989dcbfd77e9e22275d5d826d61d35fdd9cd22e7e7bc531c9571.xlsx,https://raw.githubusercontent.com/appelson/Tracking_287g/refs/heads/main/sheets/sheets_20260306_153520/participatingAgencies03052026pm.xlsx,20260305,5159afa0069d989dcbfd77e9e22275d5d826d61d35fdd9cd22e7e7bc531c9571
sheets/sheets_wayback_20260814/participatingAgencies03122026am_25ddfff4997b.xlsx,excels/25ddfff4997bf911d796516fe82e3c918a3b02743cde24a09c94664ef36c1973.xlsx,https://raw.githubusercontent.com/appelson/Tracking_287g/refs/heads/main/sheets/sheets_20260313_154016/participatingAgencies03122026am.xlsx,20260312,25ddfff4997bf911d796516fe82e3c918a3b02743cde24a09c94664ef36c1973
sheets/sheets_wayback_20260814/participatingAgencies03132026am_6e0080a9f07a.xlsx,excels/6e0080a9f07ac776d3fd38f9be173feffd4483873525abfb30afe63db0c4339c.xlsx,https://raw.githubusercontent.com/appelson/Tracking_287g/refs/heads/main/sheets/sheets_20260314_152533/participatingAgencies03132026am.xlsx,20260313,6e0080a9f07ac776d3fd38f9be173feffd4483873525abfb30afe63db0c4339c
sheets/sheets_wayback_20260814/participatingAgencies03162026am_b828d3a73a07.xlsx,excels/b828d3a73a076114beabdd4d19d6721f227a6c4396ed64b173af3f5afe2e4269.xlsx,https://raw.githubusercontent.com/appelson/Tracking_287g/refs/heads/main/sheets/sheets_20260317_160326/participatingAgencies03162026am.xlsx,20260316,b828d3a73a076114beabdd4d19d6721f227a6c4396ed64b173af3f5afe2e4269
sheets/sheets_wayback_20260814/participatingAgencies03182026am_ff2e1add6095.xlsx,excels/ff2e1add6095c968833720aa11ba48c04dac1069503936493d0a501a3bfef223.xlsx,https://raw.githubusercontent.com/appelson/Tracking_287g/refs/heads/main/sheets/sheets_20260318_160707/participatingAgencies03182026am.xlsx,20260318,ff2e1add6095c968833720aa11ba48c04dac1069503936493d0a501a3bfef223
sheets/sheets_wayback_20260814/participatingAgencies03192026pm_3394e6ba6da7.xlsx,excels/3394e6ba6da7ba2231f768632840fa717e017d148dc240f0ebe9fd53f960f181.xlsx,https://raw.githubusercontent.com/appelson/Tracking_287g/refs/heads/main/sheets/sheets_20260320_154034/participatingAgencies03192026pm.xlsx,20260319,3394e6ba6da7ba2231f768632840fa717e017d148dc240f0ebe9fd53f960f181
sheets/sheets_wayback_20260814/participatingAgencies03202026pm_523470265e03.xlsx,excels/523470265e038bc55dd7c87bfb57759000315969bb64744250aa136c3e581405.xlsx,https://raw.githubusercontent.com/appelson/Tracking_287g/refs/heads/main/sheets/sheets_20260323_155825/participatingAgencies03202026pm.xlsx,20260320,523470265e038bc55dd7c87bfb57759000315969bb64744250aa136c3e581405
sheets/sheets_wayback_20260814/participatingAgencies04082026pm_88b7ef2dda1c.xlsx,excels/88b7ef2dda1cb6a18a5609cd1239d955a44addc2f824af29b300dc05b02ed77f.xlsx,https://raw.githubusercontent.com/appelson/Tracking_287g/refs/heads/main/sheets/sheets_20260409_161726/participatingAgencies04082026pm.xlsx,20260408,88b7ef2dda1cb6a18a5609cd1239d955a44addc2f824af29b300dc05b02ed77f
sheets/sheets_wayback_20260814/participatingAgencies04092026pm_b53c3364ae2f.xlsx,excels/b53c3364ae2f814d95c82531b6465d9860cf13f245bf97921946d02d8d1cfc37.xlsx,https://raw.githubusercontent.com/appelson/Tracking_287g/refs/heads/main/sheets/sheets_20260410_155048/participatingAgencies04092026pm.xlsx,20260409,b53c3364ae2f814d95c82531b6465d9860cf13f245bf97921946d02d8d1cfc37
sheets/sheets_wayback_20260814/participatingAgencies04102026pm_c034f7428a80.xlsx,excels/c034f7428a80c49c6ad015ca1808d0234021e1429c280e81c78912b854a2af81.xlsx,https://raw.githubusercontent.com/appelson/Tracking_287g/refs/heads/main/sheets/sheets_20260411_153121/participatingAgencies04102026pm.xlsx,20260410,c034f7428a80c49c6ad015ca1808d0234021e1429c280e81c78912b854a2af81
sheets/sheets_wayback_20260814/participatingAgencies041720263pm_c7e397a9bc29.xlsx,excels/c7e397a9bc29494d2fff54cb1bcc75b583b047c048e466b2c5be9d80f7eefb14.xlsx,https://raw.githubusercontent.com/appelson/Tracking_287g/refs/heads/main/sheets/sheets_20260418_153602/participatingAgencies041720263pm.xlsx,20260417,c7e397a9bc29494d2fff54cb1bcc75b583b047c048e466b2c5be9d80f7eefb14
sheets/sheets_wayback_20260814/participatingAgencies04222026pm_153e1c089b6c.xlsx,excels/153e1c089b6c49e10e2bebd5a60023042dab03d5adde3dc092ab95a4c3264642.xlsx,https://raw.githubusercontent.com/appelson/Tracking_287g/refs/heads/main/sheets/sheets_20260423_163048/participatingAgencies04222026pm.xlsx,20260422,153e1c089b6c49e10e2bebd5a60023042dab03d5adde3dc092ab95a4c3264642
sheets/sheets_wayback_20260814/participatingAgencies04232026_af6b9a152016.xlsx,excels/af6b9a15201620265fb437673643a41d71293ffd8c7180d877b36eb976768643.xlsx,https://raw.githubusercontent.com/appelson/Tracking_287g/refs/heads/main/sheets/sheets_20260424_160342/participatingAgencies04232026.xlsx,20260423,af6b9a15201620265fb437673643a41d71293ffd8c7180d877b36eb976768643
sheets/sheets_wayback_20260814/participatingAgencies04272026pm_0f04c8f1a77e.xlsx,excels/0f04c8f1a77e7ce3b64e0c2e7d96b70c16f106db7b49193bd8556f09a4ceb36c.xlsx,https://raw.githubusercontent.com/appelson/Tracking_287g/refs/heads/main/sheets/sheets_20260428_164954/participatingAgencies04272026pm.xlsx,20260427,0f04c8f1a77e7ce3b64e0c2e7d96b70c16f106db7b49193bd8556f09a4ceb36c
sheets/sheets_wayback_20260814/participatingAgencies04302026am_2c0f15bf25e4.xlsx,excels/2c0f15bf25e4b7068ceaaa03abaafe0c2a1ac30d27f327da9308f99b729f818b.xlsx,https://raw.githubusercontent.com/appelson/Tracking_287g/refs/heads/main/sheets/sheets_20260430_162139/participatingAgencies04302026am.xlsx,20260430,2c0f15bf25e4b7068ceaaa03abaafe0c2a1ac30d27f327da9308f99b729f818b
sheets/sheets_wayback_20260814/participatingAgencies05012026am_f566e8b8a362.xlsx,excels/f566e8b8a36279407e49abefec6fab16e88a55654040c149c45490cafcb7f02c.xlsx,https://raw.githubusercontent.com/appelson/Tracking_287g/refs/heads/main/sheets/sheets_20260501_155602/participatingAgencies05012026am.xlsx,20260501,f566e8b8a36279407e49abefec6fab16e88a55654040c149c45490cafcb7f02c
sheets/sheets_wayback_20260814/participatingAgencies05012026pm_2f453949cc2d.xlsx,excels/2f453949cc2d5e11f1b63c05fad0eb5fb5d1f83e72bcbf394ab12725e0feae65.xlsx,https://raw.githubusercontent.com/appelson/Tracking_287g/refs/heads/main/sheets/sheets_20260502_154322/participatingAgencies05012026pm.xlsx,20260501,2f453949cc2d5e11f1b63c05fad0eb5fb5d1f83e72bcbf394ab12725e0feae65
sheets/sheets_wayback_20260814/participatingAgencies05052026pm_bc06ed952def.xlsx,excels/bc06ed952defec5feb66700560ddf6f85903bebc8bccf95478c6a3978bc9b327.xlsx,https://raw.githubusercontent.com/appelson/Tracking_287g/refs/heads/main/sheets/sheets_20260506_162549/participatingAgencies05052026pm.xlsx,20260505,bc06ed952defec5feb66700560ddf6f85903bebc8bccf95478c6a3978bc9b327
sheets/sheets_wayback_20260814/participatingAgencies05072026am_d93c1211aa73.xlsx,excels/d93c1211aa7356118e4f755126eaa2f643c97e45c0a3cbb9140b138c9680ca1a.xlsx,https://raw.githubusercontent.com/appelson/Tracking_287g/refs/heads/main/sheets/sheets_20260507_164811/participatingAgencies05072026am.xlsx,20260507,d93c1211aa7356118e4f755126eaa2f643c97e45c0a3cbb9140b138c9680ca1a
sheets/sheets_wayback_20260814/participatingAgencies05082026am_65621dd2dbbd.xlsx,excels/65621dd2dbbde24703970674dd789da39ce5650af64e821644f66baccd210745.xlsx,https://raw.githubusercontent.com/appelson/Tracking_287g/refs/heads/main/sheets/sheets_20260508_161233/participatingAgencies05082026am.xlsx,20260508,65621dd2dbbde24703970674dd789da39ce5650af64e821644f66baccd210745
sheets/sheets_wayback_20260814/participatingAgencies05112026am_1ce05b0cf376.xlsx,excels/1ce05b0cf3767c87be53480755ae24a1fd3f2eb52f4e34184554966bb3c8798a.xlsx,https://raw.githubusercontent.com/appelson/Tracking_287g/refs/heads/main/sheets/sheets_20260512_170900/participatingAgencies05112026am.xlsx,20260511,1ce05b0cf3767c87be53480755ae24a1fd3f2eb52f4e34184554966bb3c8798a
sheets/sheets_wayback_20260814/participatingAgencies05122026pm_70ba30aaab7e.xlsx,excels/70ba30aaab7e22c27d2ac096e2fecf8fbf1a277b5f455fe8f9dd3a63b3b9b4f6.xlsx,https://raw.githubusercontent.com/appelson/Tracking_287g/refs/heads/main/sheets/sheets_20260513_172056/participatingAgencies05122026pm.xlsx,20260512,70ba30aaab7e22c27d2ac096e2fecf8fbf1a277b5f455fe8f9dd3a63b3b9b4f6
sheets/sheets_wayback_20260814/participatingAgencies05132026pm_001cdbcef43f.xlsx,excels/001cdbcef43f9c2004dbd8f5f019c66c8a3c55893a4d1f2aed2221bd1ad26e6d.xlsx,https://raw.githubusercontent.com/appelson/Tracking_287g/refs/heads/main/sheets/sheets_20260514_165939/participatingAgencies05132026pm.xlsx,20260513,001cdbcef43f9c2004dbd8f5f019c66c8a3c55893a4d1f2aed2221bd1ad26e6d
sheets/sheets_wayback_20260814/participatingAgencies05142026am_3f83b4f1422b.xlsx,excels/3f83b4f1422b1e6faa89e9b62f8ef39c884907ca88336b83a419963af020ce8d.xlsx,https://raw.githubusercontent.com/appelson/Tracking_287g/refs/heads/main/sheets/sheets_20260515_165050/participatingAgencies05142026am.xlsx,20260514,3f83b4f1422b1e6faa89e9b62f8ef39c884907ca88336b83a419963af020ce8d
sheets/sheets_wayback_20260814/participatingAgencies05182026am_f2d0629e4a4c.xlsx,excels/f2d0629e4a4c7f4557d90c74998be7fec37738cd2ca35de36b0b749ca25d04e0.xlsx,https://raw.githubusercontent.com/appelson/Tracking_287g/refs/heads/main/sheets/sheets_20260518_173004/participatingAgencies05182026am.xlsx,20260518,f2d0629e4a4c7f4557d90c74998be7fec37738cd2ca35de36b0b749ca25d04e0
sheets/sheets_wayback_20260814/participatingAgencies05192026am_d1465e05d2bf.xlsx,excels/d1465e05d2bf9e8e7cff1149314eb50ab9f7249381229f9112e3652fbfb162c3.xlsx,https://raw.githubusercontent.com/appelson/Tracking_287g/refs/heads/main/sheets/sheets_20260520_175436/participatingAgencies05192026am.xlsx,20260519,d1465e05d2bf9e8e7cff1149314eb50ab9f7249381229f9112e3652fbfb162c3
sheets/sheets_wayback_20260814/participatingAgencies05212026pm_ebf8714c23ff.xlsx,excels/ebf8714c23ff23a6c9da4d5062919fcb5e1603cb0296371882b4a352267d79c0.xlsx,https://raw.githubusercontent.com/appelson/Tracking_287g/refs/heads/main/sheets/sheets_20260522_170833/participatingAgencies05212026pm.xlsx,20260521,ebf8714c23ff23a6c9da4d5062919fcb5e1603cb0296371882b4a352267d79c0
sheets/sheets_wayback_20260814/participatingAgencies05262026am_491771c3448c.xlsx,excels/491771c3448c90b2ef04d83be5ed64326695505aa6c99846f89fc05dec4fe074.xlsx,https://raw.githubusercontent.com/appelson/Tracking_287g/refs/heads/main/sheets/sheets_20260526_175751/participatingAgencies05262026am.xlsx,20260526,491771c3448c90b2ef04d83be5ed64326695505aa6c99846f89fc05dec4fe074
sheets/sheets_wayback_20260814/participatingAgencies05282026am_072f1c1376d8.xlsx,excels/072f1c1376d8e79279ddbeaab15eebdc15065c9252d8a4c7ee28a5d23d2a477f.xlsx,https://raw.githubusercontent.com/appelson/Tracking_287g/refs/heads/main/sheets/sheets_20260528_180933/participatingAgencies05282026am.xlsx,20260528,072f1c1376d8e79279ddbeaab15eebdc15065c9252d8a4c7ee28a5d23d2a477f
sheets/sheets_wayback_20260814/participatingAgencies05292026am_744f523f6ff4.xlsx,excels/744f523f6ff4122d8caaf17de1bc2647e26d8293f22e58e0836d75efd745ff19.xlsx,https://raw.githubusercontent.com/appelson/Tracking_287g/refs/heads/main/sheets/sheets_20260529_181204/participatingAgencies05292026am.xlsx,20260529,744f523f6ff4122d8caaf17de1bc2647e26d8293f22e58e0836d75efd745ff19
sheets/sheets_wayback_20260814/participatingAgencies06012026am_5e181cec01c7.xlsx,excels/5e181cec01c73164fcdc2d9dab6c734f2282ed69f17d6d41fb28b45593c36ad6.xlsx,https://raw.githubusercontent.com/appelson/Tracking_287g/refs/heads/main/sheets/sheets_20260601_195537/participatingAgencies06012026am.xlsx,20260601,5e181cec01c73164fcdc2d9dab6c734f2282ed69f17d6d41fb28b45593c36ad6
sheets/sheets_wayback_20260814/participatingAgencies06022026am_27c7f3c6c2aa.xlsx,excels/27c7f3c6c2aad69c3fbecf1e6816e9e076faf22185f58bca77f284988d8431ad.xlsx,https://raw.githubusercontent.com/appelson/Tracking_287g/refs/heads/main/sheets/sheets_20260602_183812/participatingAgencies06022026am.xlsx,20260602,27c7f3c6c2aad69c3fbecf1e6816e9e076faf22185f58bca77f284988d8431ad
sheets/sheets_wayback_20260814/participatingAgencies06032026_d00767d81396.xlsx,excels/d00767d8139621a5d6762ca78df6aa26cbd8971f8c76fee6b891d8fc06119e01.xlsx,https://raw.githubusercontent.com/appelson/Tracking_287g/refs/heads/main/sheets/sheets_20260604_174457/participatingAgencies06032026.xlsx,20260603,d00767d8139621a5d6762ca78df6aa26cbd8971f8c76fee6b891d8fc06119e01
sheets/sheets_wayback_20260814/participatingAgencies06052026am_01b293a41584.xlsx,excels/01b293a41584564a174fe6a5931abcc86cc4cc1df3e8fe71c7a3c316084bd0a2.xlsx,https://raw.githubusercontent.com/appelson/Tracking_287g/refs/heads/main/sheets/sheets_20260605_171450/participatingAgencies06052026am.xlsx,20260605,01b293a41584564a174fe6a5931abcc86cc4cc1df3e8fe71c7a3c316084bd0a2
sheets/sheets_wayback_20260814/participatingAgencies06082026pm_534776e25713.xlsx,excels/534776e25713c87c077820aaae54f0e718ed40f9dbdde6089874262858084676.xlsx,https://raw.githubusercontent.com/appelson/Tracking_287g/refs/heads/main/sheets/sheets_20260608_181341/participatingAgencies06082026pm.xlsx,20260608,534776e25713c87c077820aaae54f0e718ed40f9dbdde6089874262858084676
sheets/sheets_wayback_20260814/participatingAgencies060920263pm_ad3bc6255832.xlsx,excels/ad3bc6255832f314ca4adf135f4dfbcf9f1cd9394e38d114aec3f0617fb133e0.xlsx,https://raw.githubusercontent.com/appelson/Tracking_287g/refs/heads/main/sheets/sheets_20260610_180043/participatingAgencies060920263pm.xlsx,20260609,ad3bc6255832f314ca4adf135f4dfbcf9f1cd9394e38d114aec3f0617fb133e0
sheets/sheets_wayback_20260814/participatingAgencies06122026am_7b97510ca6c8.xlsx,excels/7b97510ca6c844849655d2866bcdd3571d048f45175bd8e3fd24eaf3d3a5155f.xlsx,https://raw.githubusercontent.com/appelson/Tracking_287g/refs/heads/main/sheets/sheets_20260612_173839/participatingAgencies06122026am.xlsx,20260612,7b97510ca6c844849655d2866bcdd3571d048f45175bd8e3fd24eaf3d3a5155f
sheets/sheets_wayback_20260814/participatingAgencies06152026am_cccdb38efb72.xlsx,excels/cccdb38efb724cae590687588576810d2d6d9f12e7a032773d99fa779783ebf8.xlsx,https://raw.githubusercontent.com/appelson/Tracking_287g/refs/heads/main/sheets/sheets_20260615_190513/participatingAgencies06152026am.xlsx,20260615,cccdb38efb724cae590687588576810d2d6d9f12e7a032773d99fa779783ebf8
sheets/sheets_wayback_20260814/participatingAgencies06162026_907ca983b0b1.xlsx,excels/907ca983b0b1d8f51629d513a99f5cc50c5198e818083e1ca7ba031ca9df6ec4.xlsx,https://raw.githubusercontent.com/appelson/Tracking_287g/refs/heads/main/sheets/sheets_20260616_185632/participatingAgencies06162026.xlsx,20260616,907ca983b0b1d8f51629d513a99f5cc50c5198e818083e1ca7ba031ca9df6ec4
sheets/sheets_wayback_20260814/participatingAgencies06172026_13748a683d07.xlsx,excels/13748a683d0782d1994958367d111a4e2df45a16aea7be1834f4efb42b97bda7.xlsx,https://raw.githubusercontent.com/appelson/Tracking_287g/refs/heads/main/sheets/sheets_20260617_174922/participatingAgencies06172026.xlsx,20260617,13748a683d0782d1994958367d111a4e2df45a16aea7be1834f4efb42b97bda7
sheets/sheets_wayback_20260814/participatingAgencies06182026_38919e633c86.xlsx,excels/38919e633c86f4fdc1257f74a159f9418e6ada1740d374c48637c22e2e7c227c.xlsx,https://raw.githubusercontent.com/appelson/Tracking_287g/refs/heads/main/sheets/sheets_20260619_171759/participatingAgencies06182026.xlsx,20260618,38919e633c86f4fdc1257f74a159f9418e6ada1740d374c48637c22e2e7c227c
sheets/sheets_wayback_20260814/participatingAgencies06222026_373192f9bb11.xlsx,excels/373192f9bb11a3d06c731b9026b2b3befc7fb0d00a507c83179bd1483a6b91d2.xlsx,https://raw.githubusercontent.com/appelson/Tracking_287g/refs/heads/main/sheets/sheets_20260622_175259/participatingAgencies06222026.xlsx,20260622,373192f9bb11a3d06c731b9026b2b3befc7fb0d00a507c83179bd1483a6b91d2
sheets/sheets_wayback_20260814/participatingAgencies06242026pm_83a6166bd248.xlsx,excels/83a6166bd248902273ac1da86371ff60eff0ae9567986f51de8c0bd34987d5c9.xlsx,https://raw.githubusercontent.com/appelson/Tracking_287g/refs/heads/main/sheets/sheets_20260624_170415/participatingAgencies06242026pm.xlsx,20260624,83a6166bd248902273ac1da86371ff60eff0ae9567986f51de8c0bd34987d5c9
sheets/sheets_wayback_20260814/participatingAgencies06262026pm_4aa9157ffb31.xlsx,excels/4aa9157ffb3174497245ad13d0210c145f2da74b85bd146b954f6c3e2e565066.xlsx,https://raw.githubusercontent.com/appelson/Tracking_287g/refs/heads/main/sheets/sheets_20260627_160348/participatingAgencies06262026pm.xlsx,20260626,4aa9157ffb3174497245ad13d0210c145f2da74b85bd146b954f6c3e2e565066
sheets/sheets_wayback_20260814/participatingAgencies06292026_3dc0b018755f.xlsx,excels/3dc0b018755f881b9ab7ad15f9c0475181064a4c23e996e7a8c937d6345f16bd.xlsx,https://raw.githubusercontent.com/appelson/Tracking_287g/refs/heads/main/sheets/sheets_20260630_170648/participatingAgencies06292026.xlsx,20260629,3dc0b018755f881b9ab7ad15f9c0475181064a4c23e996e7a8c937d6345f16bd
sheets/sheets_wayback_20260814/participatingAgencies07022026_bfa83fba498f.xlsx,excels/bfa83fba498f051adc7b726cb6b90acc175332ade0b4e18bd09d826609203099.xlsx,https://raw.githubusercontent.com/appelson/Tracking_287g/refs/heads/main/sheets/sheets_20260702_164901/participatingAgencies07022026.xlsx,20260702,bfa83fba498f051adc7b726cb6b90acc175332ade0b4e18bd09d826609203099
sheets/sheets_wayback_20260814/participatingAgencies07072026_ae026d126ab9.xlsx,excels/ae026d126ab9ca10df85976fb5d95b5e5b86c111077d5ff1a16d3563b148c070.xlsx,https://raw.githubusercontent.com/appelson/Tracking_287g/refs/heads/main/sheets/sheets_20260707_171224/participatingAgencies07072026.xlsx,20260707,ae026d126ab9ca10df85976fb5d95b5e5b86c111077d5ff1a16d3563b148c070
sheets/sheets_wayback_20260814/participatingAgencies07092026_8b602e09d456.xlsx,excels/8b602e09d4566c3907f493cb8dc479e2734a3a9fb555e6c951a3f93b2a41a8b9.xlsx,https://raw.githubusercontent.com/appelson/Tracking_287g/refs/heads/main/sheets/sheets_20260709_172239/participatingAgencies07092026.xlsx,20260709,8b602e09d4566c3907f493cb8dc479e2734a3a9fb555e6c951a3f93b2a41a8b9
sheets/sheets_wayback_20260814/participatingAgencies07102026pm_02eddea06a96.xlsx,excels/02eddea06a967f679a99455ba93a57dfec758ad6f7ce928999c9ee6227f2a9e3.xlsx,https://raw.githubusercontent.com/appelson/Tracking_287g/refs/heads/main/sheets/sheets_20260711_155359/participatingAgencies07102026pm.xlsx,20260710,02eddea06a967f679a99455ba93a57dfec758ad6f7ce928999c9ee6227f2a9e3
sheets/sheets_wayback_20260814/participatingAgencies07142026pm_bf245354511b.xlsx,excels/bf245354511bf1c7d268b552ca54cdf3755a655b1343c7469b3e9ec8c4972aaf.xlsx,https://raw.githubusercontent.com/appelson/Tracking_287g/refs/heads/main/sheets/sheets_20260715_161940/participatingAgencies07142026pm.xlsx,20260714,bf245354511bf1c7d268b552ca54cdf3755a655b1343c7469b3e9ec8c4972aaf
sheets/sheets_wayback_20260814/participatingAgencies07172026pm_d3b1350c0e16.xlsx,excels/d3b1350c0e16e7793644a04cc59282c1575107a3c2e2c4fe7966561a0407be51.xlsx,https://raw.githubusercontent.com/appelson/Tracking_287g/refs/heads/main/sheets/sheets_20260717_161340/participatingAgencies07172026pm.xlsx,20260717,d3b1350c0e16e7793644a04cc59282c1575107a3c2e2c4fe7966561a0407be51
sheets/sheets_wayback_20260814/participatingAgencies07202026_c0af1e048a0a.xlsx,excels/c0af1e048a0a8fee8577f63fec20be7aec9a7861c1c44181c681604cbdac3b7d.xlsx,https://raw.githubusercontent.com/appelson/Tracking_287g/refs/heads/main/sheets/sheets_20260721_163455/participatingAgencies07202026.xlsx,20260720,c0af1e048a0a8fee8577f63fec20be7aec9a7861c1c44181c681604cbdac3b7d
sheets/sheets_wayback_20260814/html_20210113_291a50a6403a.xlsx,,https://web.archive.org/web/20210113002027/https://www.ice.gov/identify-and-arrest/287g,20210113002027,8890dda6fdaae646cc3ace41ae447ea907ddf2a3c8d21993d4c04fcbf1f711e6
sheets/sheets_wayback_20260814/html_20210116_ea1efa810675.xlsx,,https://web.archive.org/web/20210116022328/https://www.ice.gov/identify-and-arrest/287g,20210116022328,a960a5a88ebec4fcaaebf4a05f9e31fc39ec11ce05554ab7c98083c3bd1d6ffe
sheets/sheets_wayback_20260814/html_20210116_02_c25304a0123a.xlsx,,https://web.archive.org/web/20210116033709/https://www.ice.gov/identify-and-arrest/287g,20210116033709,8f6279428abed20022a46c2d3c8016cc8fe7925c06c2de2bcbcc378ffe86baeb
sheets/sheets_wayback_20260814/html_20210118_5dd17e67c37a.xlsx,,https://web.archive.org/web/20210118001134/https://www.ice.gov/identify-and-arrest/287g,20210118001134,5353818e149c668b5b8f9d6fcb8ef10df82d883b69c452bfbdacb6aa11fd8d98
sheets/sheets_wayback_20260814/html_20210119_d534e4ff03a4.xlsx,,https://web.archive.org/web/20210119005617/https://www.ice.gov/identify-and-arrest/287g,20210119005617,035f6ba4e066642923fb3f36e13a8b5e3a7bce4b42134896540e35497c166256
sheets/sheets_wayback_20260814/html_20210119_02_9503f2dd49e9.xlsx,,https://web.archive.org/web/20210119065257/https://www.ice.gov/identify-and-arrest/287g,20210119065257,2a462070179cb3106761ef4d08831a2f4e40c469a24a8354b80477bd731c1f3e
sheets/sheets_wayback_20260814/html_20210121_f7bfb76a4b62.xlsx,,https://web.archive.org/web/20210121031730/https://www.ice.gov/identify-and-arrest/287g,20210121031730,dfc983bc2c98474bdf72a0061ca96ed7a563ec7be0d4366c06a16f8c0b2f4170
sheets/sheets_wayback_20260814/html_20210121_02_0e28df3c3911.xlsx,,https://web.archive.org/web/20210121113640/https://www.ice.gov/identify-and-arrest/287g,20210121113640,b141477ccd7ab9eb7e1620f2f4648fd846d1c785e15a5467d44bdf8bf27d2036
sheets/sheets_wayback_20260814/html_20210121_03_5bf5fde4543e.xlsx,,https://web.archive.org/web/20210121184934/https://www.ice.gov/identify-and-arrest/287g,20210121184934,60fab89de90ab1eda3cc6a7e1afa8336f9bf648e1fde5d1f9ee4f5e452589f33
sheets/sheets_wayback_20260814/html_20210121_04_9c1c71565a17.xlsx,,https://web.archive.org/web/20210121202138/https://www.ice.gov/identify-and-arrest/287g,20210121202138,399ff040311fc45e2a692c802c18f5ef6d39a3f88817afe26a96d320fcb6e0d9
sheets/sheets_wayback_20260814/html_20210122_a188fdd87d3f.xlsx,,https://web.archive.org/web/20210122130020/https://www.ice.gov/identify-and-arrest/287g,20210122130020,829515a082a29ad55b781986a634ac4ab05e8c70f065366a8566e7a1ef979754
sheets/sheets_wayback_20260814/html_20210123_dc66a23fa48d.xlsx,,https://web.archive.org/web/20210123215839/https://www.ice.gov/identify-and-arrest/287g,20210123215839,548989c67bab858bf07667c03e0a8e850f1df3ce06322d29a4bba639624e33db
sheets/sheets_wayback_20260814/html_20210124_61f09bf5a4e4.xlsx,,https://web.archive.org/web/20210124113149/https://www.ice.gov/identify-and-arrest/287g,20210124113149,e827e179ba18f6c42a9cb33bec57a327b0f52ef4439701ec6c9ef581b0de0073
sheets/sheets_wayback_20260814/html_20210124_02_f66c655d7cdd.xlsx,,https://web.archive.org/web/20210124152213/https://www.ice.gov/identify-and-arrest/287g,20210124152213,783e349147f79d54a523785164dfc5f683990afc99310db177f2e09623cb934f
sheets/sheets_wayback_20260814/html_20210125_0c16531fc10f.xlsx,,https://web.archive.org/web/20210125155313/https://www.ice.gov/identify-and-arrest/287g,20210125155313,7a2223603c501932013ef9e9848fb34922884379ef37354c6ea24b50ab8df15d
sheets/sheets_wayback_20260814/html_20210126_17a72c6c8590.xlsx,,https://web.archive.org/web/20210126034948/https://www.ice.gov/identify-and-arrest/287g,20210126034948,7dab16887e0bb060b16787478bbd0cfe6b2956c5005c3010fd4c914dfe28c874
sheets/sheets_wayback_20260814/html_20210126_02_127631848745.xlsx,,https://web.archive.org/web/20210126191856/https://www.ice.gov/identify-and-arrest/287g,20210126191856,c7915fb3c0cd3d5ec0278a27eeff5baaea09b477b3bf87f9e5aca23eacf5fea3
sheets/sheets_wayback_20260814/html_20210127_57bbd4b73c0b.xlsx,,https://web.archive.org/web/20210127034420/https://www.ice.gov/identify-and-arrest/287g,20210127034420,992c15cf89c77cc34adec34416cee5ec73ba4d38b86b50c81968df4f2eaf0b8e
sheets/sheets_wayback_20260814/html_20210128_925acb672d4b.xlsx,,https://web.archive.org/web/20210128020225/https://www.ice.gov/identify-and-arrest/287g,20210128020225,4207796af4376833637451481e1f1f723e4abbc6c3a4189bcdb49e4b19e42323
sheets/sheets_wayback_20260814/html_20210129_7a1d94511184.xlsx,,https://web.archive.org/web/20210129033442/https://www.ice.gov/identify-and-arrest/287g,20210129033442,eca8565742100bed669a173feeabc7aec93083afda2742db183a8045f1e9be61
sheets/sheets_wayback_20260814/html_20210129_02_592b14cd36f5.xlsx,,https://web.archive.org/web/20210129145246/https://www.ice.gov/identify-and-arrest/287g,20210129145246,93ae69846902bb02eec0c160e5064d7790c795fb5148fc312a2b1c4b6ebf13bf
sheets/sheets_wayback_20260814/html_20210130_23de744249bb.xlsx,,https://web.archive.org/web/20210130042915/https://www.ice.gov/identify-and-arrest/287g,20210130042915,5e87dbd42fcf208d91ac8b596690745710f76205557a10db6292dfa731441689
sheets/sheets_wayback_20260814/html_20210131_25f0c8d274bf.xlsx,,https://web.archive.org/web/20210131051047/https://www.ice.gov/identify-and-arrest/287g,20210131051047,956f555c40dcdf14dd0812250c912a74360b9a5f3eaea3595c12e023b758b405
sheets/sheets_wayback_20260814/html_20210201_c587392b24fa.xlsx,,https://web.archive.org/web/20210201054650/https://www.ice.gov/identify-and-arrest/287g,20210201054650,a0912680b436136ecdf0992729295398e784bdf7b2dd1383bfa1ddb7ea38e1e2
sheets/sheets_wayback_20260814/html_20210202_ede4a611095d.xlsx,,https://web.archive.org/web/20210202065020/https://www.ice.gov/identify-and-arrest/287g,20210202065020,fb71048317147e8c268deea019f8f9d83ee8820c765904e5eb5b838eb7c29c35
sheets/sheets_wayback_20260814/html_20210203_b4ec1b70422c.xlsx,,https://web.archive.org/web/20210203072420/https://www.ice.gov/identify-and-arrest/287g,20210203072420,0aef1949c40f7f937fcc5368a6cad6d9e62ae73139c664ca3f88f218ddd327f3
sheets/sheets_wayback_20260814/html_20210203_02_7ea732c9ef1d.xlsx,,https://web.archive.org/web/20210203233533/https://www.ice.gov/identify-and-arrest/287g,20210203233533,3fbf79c6c2dea0f9b4078502128e5ae5d8b766060857d3e6a44dcf7d6e7476a8
sheets/sheets_wayback_20260814/html_20210205_fbdab750153e.xlsx,,https://web.archive.org/web/20210205090222/https://www.ice.gov/identify-and-arrest/287g,20210205090222,87e3c73ca1b397e018a3d915e69d418177fd6e650c888b6b707428094b5018fd
sheets/sheets_wayback_20260814/html_20210206_6be2fd93238c.xlsx,,https://web.archive.org/web/20210206104215/https://www.ice.gov/identify-and-arrest/287g,20210206104215,4bc620c93919593015085ddb0eb00d0505bd4261f9bf8c082d06bf97ff92c3b6
sheets/sheets_wayback_20260814/html_20210207_f6b44018a84c.xlsx,,https://web.archive.org/web/20210207060400/https://www.ice.gov/identify-and-arrest/287g,20210207060400,67c8b2f4fe52acc87acbb954d06adaf1392d29488a99be00ab827fde70719d4c
sheets/sheets_wayback_20260814/html_20210207_02_9b2c1164d2c4.xlsx,,https://web.archive.org/web/20210207202303/https://www.ice.gov/identify-and-arrest/287g,20210207202303,45ac733b838f1039d052fc5e7d89035b37890db0395b47f55d90a5a9163c663f
sheets/sheets_wayback_20260814/html_20210208_464ad3942990.xlsx,,https://web.archive.org/web/20210208070018/https://www.ice.gov/identify-and-arrest/287g,20210208070018,3e342e4aa2c352a9e6562e98e606320ca661f7c0f850d635b3201eef387283bb
sheets/sheets_wayback_20260814/html_20210208_02_49cd6c14a662.xlsx,,https://web.archive.org/web/20210208194102/https://www.ice.gov/identify-and-arrest/287g,20210208194102,9bf458297cc46a08ad3b06f40822b0ffb42149bf52031a71b1809d8c990ecb5d
sheets/sheets_wayback_20260814/html_20210209_14856e2bc4b6.xlsx,,https://web.archive.org/web/20210209072930/https://www.ice.gov/identify-and-arrest/287g,20210209072930,de2890545fa087481c8458a368fbc5ed2317483dfd24babe13c443c081fd3353
sheets/sheets_wayback_20260814/html_20210210_251f09b9385f.xlsx,,https://web.archive.org/web/20210210074635/https://www.ice.gov/identify-and-arrest/287g,20210210074635,88467d4edb41d161ebf2ff85f39a2cc0b1350a3fc5cfd70d3ef5bc99eb1009e5
sheets/sheets_wayback_20260814/html_20210211_bef40408fd2b.xlsx,,https://web.archive.org/web/20210211030230/https://www.ice.gov/identify-and-arrest/287g,20210211030230,a0c1a1818953d01d3995089d4789453e77d59bdebeb006bbb7a764d11f389cfc
sheets/sheets_wayback_20260814/html_20210211_02_55331462263f.xlsx,,https://web.archive.org/web/20210211083233/https://www.ice.gov/identify-and-arrest/287g,20210211083233,220df3001df2a2d11fc3edd7ededc1f74518789ae1fd28a8071a52b461ee4359
sheets/sheets_wayback_20260814/html_20210213_2f42b62cfc8c.xlsx,,https://web.archive.org/web/20210213095713/https://www.ice.gov/identify-and-arrest/287g,20210213095713,32d9cf5c58b4532a3a945a99c0239dbab324658eb585813c2873fd726227c611
sheets/sheets_wayback_20260814/html_20210213_02_1c35aacd3104.xlsx,,https://web.archive.org/web/20210213221502/https://www.ice.gov/identify-and-arrest/287g,20210213221502,2a21aeeb97bda1b3cb7d8b9b2fe28d8c001bb208f955d6b0734f873cd5833584
sheets/sheets_wayback_20260814/html_20210214_fa2190a4108d.xlsx,,https://web.archive.org/web/20210214110932/https://www.ice.gov/identify-and-arrest/287g,20210214110932,f174bbf2018cfacb2be48c09f43fb95be9a273eb693281b28ab31c9f29e84d83
sheets/sheets_wayback_20260814/html_20210215_26ad9e9f3733.xlsx,,https://web.archive.org/web/20210215043201/https://www.ice.gov/identify-and-arrest/287g,20210215043201,dd9684798fd9a4f1e0026adb457fda3e4b224b578149075c4d30df09169bc940
sheets/sheets_wayback_20260814/html_20210215_02_85e277ad2e20.xlsx,,https://web.archive.org/web/20210215113601/https://www.ice.gov/identify-and-arrest/287g,20210215113601,fefea72d677480c976efc27b5d39bf8de554bf3214386d58188848259ae911f2
